Date,Open,High,Low,Close,Volume
2005-01-03,48.838812080164224,48.925091501823935,47.69464952470404,47.94974136352539,16062600
2005-01-04,48.04353043608687,48.08104049244057,46.839344862275645,46.921875,27450000
2005-01-05,46.869338508530355,46.996882954991605,45.9840202331543,45.9840202331543,29884200
2005-01-06,46.2691369615657,46.666781899778925,45.9352671311942,46.227874755859375,23061200
2005-01-07,46.33291283125058,46.47921521496272,45.68768033792925,45.71393966674805,20906200
2005-01-10,45.766459830121704,46.59175550190954,45.728946910868125,46.179107666015625,23449000
2005-01-11,45.950279177958166,45.98029066082062,45.485112641800235,45.61640930175781,23233800
2005-01-12,45.68392728439382,45.95402486807739,45.11372350043572,45.80397033691406,24791200
2005-01-13,45.87525870151269,46.092837684649375,45.447605037859404,45.665184020996094,18940600
2005-01-14,45.80022127025051,46.17910834298626,45.702688251171864,46.1003303527832,13541000
2005-01-18,45.991550702857914,46.820598714373574,45.92402628797165,46.64803695678711,16787600
2005-01-19,46.62552975010329,46.798091507606834,45.98029708862305,45.98029708862305,20194800
2005-01-20,45.81899307164567,46.130355838442696,45.62767340189587,45.706451416015625,29061600
2005-01-21,45.78520514326108,46.13408063438017,45.4475832386214,45.60138702392578,22309800
2005-01-24,45.73644973010575,45.95402867521566,45.07996360617409,45.252525329589844,18547200
2005-01-25,45.451338869577114,45.841476586986985,45.188742762720345,45.36880874633789,22059200
2005-01-26,45.548870316515846,46.104071123545815,45.43633158488318,45.972774505615234,18351600
2005-01-27,45.90901984334892,46.415454378288494,45.822740396899746,46.10409164428711,20795400
2005-01-28,46.25412625520769,46.25412625520769,45.530115909881765,46.066558837890625,20704200
2005-01-31,46.33664916010223,46.70428252279714,46.19409896667637,46.606746673583984,21879000
2005-02-01,46.61051405075044,47.030666193659414,46.539237499725544,46.86935806274414,20250400
2005-02-02,46.936885873812386,47.26325144789977,46.86185716674156,47.225738525390625,17766800
2005-02-03,47.101944872296805,47.15446353796736,46.61051898835689,46.966896057128906,14914600
2005-02-04,46.97063916807993,47.664638141203596,46.91436836224783,47.559600830078125,19564000
2005-02-07,47.6609005565361,47.84846804733388,47.334532092208974,47.54835891723633,12354400
2005-02-08,47.53335709609612,47.81470835550466,47.49209201575196,47.66465377807617,10688000
2005-02-09,47.82221134552864,47.82971278627026,46.64803695678711,46.64803695678711,27444000
2005-02-10,46.794313457410986,46.9781315673649,46.445437984097204,46.73054122924805,20379000
2005-02-11,46.76057624518787,47.54460698657385,46.42670633898344,47.492088317871094,18049200
2005-02-14,47.417048713836415,47.64212906614798,47.16195688466945,47.450809478759766,8975000
2005-02-15,47.51084621185898,47.7771917065809,47.20323564000594,47.492088317871094,14451600
2005-02-16,47.41705317599684,47.94224262218118,47.24824074933818,47.6346321105957,18858800
2005-02-17,47.79218947515126,47.89347464444903,47.17321628351378,47.214481353759766,17347600
2005-02-18,47.16196255706613,47.420806567485435,46.89186495698553,47.09819030761719,15579400
2005-02-22,46.85435166078915,47.154457876870055,46.141594746762046,46.179107666015625,27227400
2005-02-23,46.32165670172952,46.73055235120536,46.26163374654846,46.45295333862305,17492200
2005-02-24,46.396681528626,46.9518824038161,46.05530741804552,46.88810729980469,16971800
2005-02-25,46.816840954373696,47.67589743547811,46.816840954373696,47.66839599609375,23738200
2005-02-28,47.6046474887651,47.74344565199982,47.02318690564294,47.37206268310547,18075400
2005-03-01,47.51458032593709,47.85970369269998,47.372027254670726,47.73590850830078,19476800
2005-03-02,47.533344407951205,48.11480180495445,47.4545664197915,47.649635314941406,21102400
2005-03-03,47.86722424292033,47.99477162803117,47.372046169657644,47.69091033935547,17486400
2005-03-04,48.073546945651586,48.35865320306147,47.83721293097902,48.276123046875,16204600
2005-03-07,48.354884109816545,48.49743719701311,48.11479801375624,48.156063079833984,13329800
2005-03-08,48.15981573269188,48.26860232478325,47.660885676051016,47.69839859008789,15237000
2005-03-09,47.593368638190746,47.69465380794203,47.15821075439453,47.15821075439453,22694800
2005-03-10,47.22572498531659,47.525834003450676,46.68928204728681,46.95562744140625,22922000
2005-03-11,47.09818886476526,47.30451134702393,46.6705352984229,46.921875,15532600
2005-03-14,47.064408170503114,47.27448272705078,46.84308002871913,47.27448272705078,14980800
2005-03-15,47.46581105500317,47.57460050252549,46.85434229346573,46.95562744140625,18482400
2005-03-16,46.79431262974337,46.996885758605615,46.497955803929216,46.69302749633789,21527600
2005-03-17,46.711782518497486,46.98188002364715,46.45669074830628,46.69302749633789,19603400
2005-03-18,46.72680427218073,46.77932293151395,46.32166073761759,46.44170379638672,24139800
2005-03-21,46.546747588078105,46.61802128591214,46.197871952818254,46.49797821044922,16590200
2005-03-22,46.55424258265597,47.08318418890394,46.179107666015625,46.179107666015625,30865000
2005-03-23,46.14159313749056,46.15284672666892,45.770210384343905,45.84148406982422,21073800
2005-03-24,46.085677817608506,46.44366025580904,45.97639827201317,46.010311126708984,14170800
2005-03-28,46.164786124817645,46.353198439403535,45.94999620118749,46.02912902832031,12566800
2005-03-29,45.957562543807015,46.3833736280816,45.16246180794575,45.36971664428711,21808800
2005-03-30,45.42622406849952,46.06305593130823,45.42622406849952,46.036678314208984,19132800
2005-03-31,46.104492804177156,46.1120309067291,45.78419244436991,46.02912902832031,20469400
2005-04-01,46.24771568426832,46.51526098612321,45.52797883178696,45.83697509765625,23993200
2005-04-04,45.761585599452474,46.115798809170336,45.36968762545189,46.00651931762695,30577600
2005-04-05,46.02160319636173,46.21755366574521,45.878410834077286,46.08943176269531,17858000
2005-04-06,46.210012616655014,46.57930209314975,46.104502159069185,46.23262405395508,19717800
2005-04-07,46.040457410395064,46.541635119557554,45.931177865731755,46.41351318359375,14978600
2005-04-08,46.37204884983398,46.47002408144082,45.64854608168602,45.708839416503906,19497000
2005-04-11,45.72768662172361,45.776675683242324,45.36593517678009,45.482749938964844,19150600
2005-04-12,45.41491553686342,46.01406835704969,44.955191777752425,45.9085578918457,32519000
2005-04-13,45.82188514478055,45.89725181336526,45.011711425897715,45.08707809448242,25937800
2005-04-14,45.11722773833048,45.31317533968863,44.182701110839844,44.182701110839844,36952400
2005-04-15,44.20531600799739,44.44648364803765,43.334851647069115,43.576019287109375,51555800
2005-04-18,43.49310702444061,43.99805362716885,43.191648983582056,43.8548583984375,35293400
2005-04-19,44.129946767482345,44.59343960069587,44.07342247991017,44.578369140625,32092800
2005-04-20,44.616035315498245,44.69139908906893,43.7794842041227,43.8812255859375,31657400
2005-04-21,44.34473545303496,44.985336360115774,43.73051216271759,44.95519256591797,32386400
2005-04-22,44.81575847270124,44.88735608054986,43.74180872969246,44.22791290283203,30021000
2005-04-25,44.39750053586782,44.71026582897994,44.276916707492035,44.6348991394043,19041800
2005-04-26,44.45023023807335,44.89111433769513,43.730496734623735,44.005577087402344,30991400
2005-04-27,43.8058782218472,44.30705584116777,43.42151823274733,43.98675537109375,30928600
2005-04-28,43.81342411015546,43.82473127062657,42.863826751708984,42.863826751708984,30459400
2005-04-29,43.32730535772468,43.49687532308647,42.577422133263376,43.42527770996094,57488600
2005-05-02,43.545857013375986,43.89253788731482,43.36121373401153,43.86992645263672,25063400
2005-05-03,43.851087214272965,44.20153426702739,43.58354204764558,44.08848571777344,25104800
2005-05-04,44.00182485732243,44.67257532826373,43.87370582210721,44.578369140625,23520000
2005-05-05,44.61605512270935,44.90244276431781,44.26183890479742,44.57083511352539,38436800
2005-05-06,44.951431217728036,45.01172169140138,44.52562022415441,44.729103088378906,23372200
2005-05-09,44.71402193031854,45.218965666959605,44.49169385415156,45.15867233276367,19355600
2005-05-10,44.89866914871423,45.15867626900046,44.4766243973886,44.61981964111328,28207600
2005-05-11,44.74793599989696,44.78184884510247,44.092261784756616,44.642425537109375,32094000
2005-05-12,44.76677546352032,44.89866353339459,43.85109132847281,43.93775939941406,30449600
2005-05-13,44.088499071936496,44.167631930405555,43.29339855953248,43.779502868652344,37347200
2005-05-16,43.72297292883365,44.46531810636321,43.67398674895074,44.45401382446289,31343600
2005-05-17,44.280688627025604,44.729108240509895,44.02821379428589,44.717803955078125,22691400
2005-05-18,44.932584497694734,45.64101690096902,44.92128021465437,45.61463928222656,36759800
2005-05-19,45.56186787820412,45.87463013947569,45.47896599873076,45.72766876220703,26642600
2005-05-20,45.7088502469712,45.7616054899647,45.35840306140288,45.671165466308594,23165000
2005-05-23,45.72769662547336,46.16104579362713,45.68624566047935,45.972633361816406,27477400
2005-05-24,45.80683403794075,46.06684413957007,45.693788292627104,45.78422546386719,21963200
2005-05-25,45.79928470915651,45.82189327627179,45.33202278078942,45.44129943847656,22453600
2005-05-26,45.6297216952107,46.11959517153908,45.6297216952107,46.07437515258789,20049800
2005-05-27,46.19870124269978,46.379578338608944,45.89724324944303,46.330589294433594,15095200
2005-05-31,46.36451212593736,46.50393830200112,46.07812454467273,46.23262405395508,19278200
2005-06-01,46.22886863178033,46.914689683236254,46.21379529411759,46.75642395019531,26634800
2005-06-02,46.75642911538706,46.982523455414395,46.60946765062201,46.88454818725586,14395000
2005-06-03,46.8355296295196,47.039015257428936,46.39087648889034,46.54160690307617,21798200
2005-06-06,46.52278438829107,46.77149010913583,46.368287732115036,46.7149658203125,16974800
2005-06-07,46.87699451741428,47.38570730112536,46.703655495739476,46.809165954589844,25201400
2005-06-08,46.90714555658701,47.00511792039791,46.4436498549253,46.511478424072266,18085800
2005-06-09,46.477568182243374,47.0428053668009,46.243938652591055,46.96744155883789,21813800
2005-06-10,47.06540298461914,47.14076677044553,46.786553527128504,47.06540298461914,19949900
2005-06-13,46.92975017613535,47.344256786101155,46.82423971631981,47.27642822265625,21416100
2005-06-14,47.25381169990484,47.68339157104492,47.08047270584339,47.68339157104492,14950400
2005-06-15,47.803995835637444,47.84167774181319,47.20861194324706,47.81153106689453,20371900
2005-06-16,47.84166670516773,48.339075226797334,47.72862101271911,48.27878189086914,21612000
2005-06-17,48.47473530159342,48.72344101498453,48.143130558683275,48.24863815307617,20964800
2005-06-20,48.13232740218253,48.35138607678531,48.01146794059425,48.10211181640625,17148400
2005-06-21,48.23051610564283,48.33627063913391,47.988797220696014,48.23807144165039,13798200
2005-06-22,48.32115618830402,48.509999221234374,47.95857791085966,48.35137176513672,15672300
2005-06-23,48.27584289975758,48.42691793393923,47.49781036376953,47.49781036376953,19600900
2005-06-24,47.54312438384372,47.60355554189516,46.885951388373456,46.991703033447266,25158200
2005-06-27,47.04455761737239,47.278723926831304,46.908590454656235,47.11254119873047,19839000
2005-06-28,47.41472151062457,48.23807746577178,47.376953470419366,47.84528350830078,18261700
2005-06-29,48.23806158379804,48.389133694879646,48.06432635084155,48.22295379638672,17068800
2005-06-30,48.39670880982598,48.562891657756225,47.8906106915177,48.11722183227539,28369700
2005-07-01,48.11720917185727,48.38159116777555,47.92081078843041,48.328712463378906,14988200
2005-07-05,48.2003226035992,49.136985816963765,48.16255167155061,49.09165954589844,27172600
2005-07-06,49.10674688025552,49.20494318865353,48.63085872001876,48.64596939086914,21094100
2005-07-07,48.10966427289195,48.865039509727346,47.94348431415333,48.78194808959961,32447900
2005-07-08,48.82725894761862,49.86967051748061,48.7592782153164,49.831905364990234,24967200
2005-07-11,49.86211071570629,50.602372098619526,49.83945047625424,50.44374465942383,35662900
2005-07-12,50.36820567016382,50.71567610190896,50.103826620252406,50.28511428833008,24254400
2005-07-13,50.345548257284285,50.47396012258579,49.967862232493005,50.171810150146484,16978500
2005-07-14,50.5344143140408,50.66282623789984,49.688395158021116,49.80925750732422,26043100
2005-07-15,49.81678994013187,50.005632973662365,49.416443631132346,49.85456085205078,15694300
2005-07-18,49.786594072211486,49.91500598785465,49.37869231396233,49.567535400390625,14741300
2005-07-19,49.77147335244267,50.345557832964566,49.66572170642975,50.26246643066406,14000400
2005-07-20,50.04339012918315,51.025375938817035,49.9980696577642,50.874298095703125,23859900
2005-07-21,50.94984237390066,50.94984237390066,50.020737981401204,50.08116912841797,41935700
2005-07-22,50.19447066194534,50.92718247610175,50.0887190354724,50.851646423339844,27929800
2005-07-25,50.83654779097361,51.12358713210061,50.31533916544858,50.519287109375,22514700
2005-07-26,50.54195249960192,50.889422991378964,50.30022788302791,50.67036437988281,21896800
2005-07-27,50.79877982702697,50.85165564985723,50.19447976922482,50.81388473510742,24091600
2005-07-28,50.88942761641411,51.36531003172216,50.625042733765945,51.3350944519043,21416900
2005-07-29,51.36529123295017,51.561689548371746,50.94228479637798,51.28219985961914,24809900
2005-08-01,51.319990792454064,51.55415433795047,51.153807980927816,51.259559631347656,19025900
2005-08-02,51.38798012673146,51.75811096514612,51.365319878282314,51.64480972290039,16505300
2005-08-03,51.47862053104476,51.59947709553761,51.267117220907544,51.38797378540039,16877600
2005-08-04,51.032938142868154,51.214231599487476,50.443748816435054,50.52684020996094,19246400
2005-08-05,50.42865009945084,50.47397058765232,49.597741825239176,49.831905364990234,33135200
2005-08-08,49.98298676148412,50.134064688533904,49.491993583881204,49.65817642211914,20272000
2005-08-09,49.7714554410779,49.90742261745405,49.439089951484995,49.73368453979492,21193800
2005-08-10,49.884780521742286,50.30778710738563,49.00099643543779,49.66572189331055,27119700
2005-08-11,49.52975005003038,50.156710297468834,49.51464514325093,50.09627914428711,22973700
2005-08-12,49.884785947735004,49.90744619399745,49.197394408264145,49.49198913574219,25523100
2005-08-15,49.59017865008663,50.224688436731405,49.28802866276602,50.0207405090332,23665800
2005-08-16,49.90743194397119,49.914987278245775,49.14450454711914,49.14450454711914,18698200
2005-08-17,49.09918083225677,49.54484755355617,48.97831854395321,49.084075927734375,21158800
2005-08-18,48.925453186035156,49.21249830056502,48.69884499159995,48.925453186035156,23307000
2005-08-19,49.13696100899153,49.22005240711967,48.88013147940488,49.182281494140625,20511600
2005-08-22,49.280487047414155,49.50710104174946,49.00100298583832,49.4617805480957,22168900
2005-08-23,49.484416313127056,49.57505725559109,48.99342341033534,49.454200744628906,20650300
2005-08-24,49.28047274024813,49.87721737325242,49.03120433448712,49.2578125,28753000
2005-08-25,49.356024100569094,49.61285368343034,49.23516752742463,49.529762268066406,13910500
2005-08-26,49.52219685507115,49.52975219030334,48.67618372609709,48.72150421142578,19853300
2005-08-29,48.66862949378231,49.37868118286133,48.49489135769809,49.37868118286133,23967300
2005-08-30,49.18982631961205,49.30312750827725,48.87256570225664,49.159610748291016,21959000
2005-08-31,49.212497996149395,50.25490951538086,49.038759861428005,50.25490951538086,25306700
2005-09-01,50.17181811569223,50.51928862210272,50.013190651659116,50.25490951538086,21105000
2005-09-02,50.42863988486968,50.4588554585612,49.77901945808046,49.982967376708984,21928100
2005-09-06,50.13404834873891,50.75345324018116,50.05850652831794,50.73079299926758,26684300
2005-09-07,50.7081321334472,50.964961670232476,50.519289089323344,50.88187026977539,14230200
2005-09-08,50.75346850054032,50.83655991756158,50.41354749553513,50.59484100341797,13027800
2005-09-09,50.77609866166014,51.04803299932033,50.64768682527341,50.904510498046875,23016100
2005-09-12,50.9347508939371,51.425744007558365,50.821443904173286,51.13114929199219,17628700
2005-09-13,51.02540271497674,51.02540271497674,50.54196488938362,50.73835754394531,23028900
2005-09-14,50.76100197586571,50.83654379504266,50.04340079793813,50.156707763671875,21257200
2005-09-15,50.22468620320976,50.33799316379511,49.89987598981514,49.982967376708984,23098600
2005-09-16,50.28512357332555,50.62503873411437,50.11138544385723,50.564613342285156,24336600
2005-09-19,50.50417892519349,50.59482565163033,50.081172394551736,50.32289123535156,24514400
2005-09-20,50.428652298482014,50.54950885996698,49.52220215369708,49.59774398803711,29350200
2005-09-21,49.49954309107791,49.559974254780414,48.79704666137695,48.79704666137695,28527200
2005-09-22,48.849931063301284,49.189852096518194,48.41936903165371,49.046329498291016,34380600
2005-09-23,48.95387476741763,49.47667762745045,48.673530115681544,49.3857536315918,27178400
2005-09-26,49.71914291381836,49.89340670486457,49.393339108100996,49.71914291381836,22874700
2005-09-27,49.643370316093865,49.8934070063166,49.21906983377203,49.552452087402344,27076800
2005-09-28,49.68124055123579,49.734278094216734,49.05236269827693,49.4842414855957,21575500
2005-09-29,49.43880868440719,50.120724443083084,49.10542636224082,50.02980041503906,24484600
2005-09-30,50.03736728959483,50.34044153231634,49.847946610476434,50.302555084228516,29016300
2005-10-03,50.37831424656915,50.810193095552386,50.34043358512187,50.605621337890625,26406700
2005-10-04,50.67383555783439,50.8405267381314,49.794926308080676,49.84038543701172,17037600
2005-10-05,49.83278389296943,49.83278389296943,48.52957462874926,48.56745529174805,45606700
2005-10-06,48.55989013754731,48.89327243487642,47.62794348733917,48.135589599609375,59096500
2005-10-07,48.49168818509078,48.688687286927426,48.18861397780202,48.56745529174805,24054600
2005-10-10,48.681129307461525,48.703858870948174,47.96132993029666,48.02194595336914,16625700
2005-10-11,48.25680096082412,48.423492048083105,47.355159759521484,47.355159759521484,34321100
2005-10-12,47.309703625019495,47.582469841469624,46.40806231204707,46.68840408325195,63535700
2005-10-13,46.70356762181746,47.08240902418825,46.25653465140672,46.87783432006836,48558500
2005-10-14,47.35517126753762,47.749166639323164,46.461105402780085,47.66582107543945,52777600
2005-10-17,47.627962098777815,47.98407409541596,47.150620916737786,47.74919128417969,32203400
2005-10-18,47.65823240422813,47.756729052320516,47.05208406655155,47.10512161254883,32724600
2005-10-19,46.90813131635789,48.12042236328125,46.50656044900137,48.12042236328125,42623200
2005-10-20,48.03709215486683,48.2265128606978,46.88541391657485,47.22637176513672,47278000
2005-10-21,47.453695325408354,48.02953323348431,47.37792527807483,47.74919128417969,41173200
2005-10-24,47.84765838710958,48.794761657714844,47.67338884182799,48.794761657714844,30567800
2005-10-25,48.65079120941224,48.794752730015496,47.93857072074677,48.37802505493164,31535500
2005-10-26,48.25681830431994,48.938731115738705,47.96890091054186,48.128013610839844,34786100
2005-10-27,47.93857207667504,47.98403406715077,46.93085296526635,47.12027359008789,27349900
2005-10-28,47.30968810763597,47.938565888218875,46.991462886374016,47.77945327758789,38437300
2005-10-31,48.07497077462166,48.908423528775884,48.04466277112581,48.32500457763672,35208700
2005-11-01,48.52957462874926,48.772032838448325,48.18861397780202,48.56745529174805,30221400
2005-11-02,48.43108522557979,49.54487991333008,48.378047658575554,49.54487991333008,33256200
2005-11-03,49.83279069899611,50.12829228243973,49.45394933330897,49.71914291381836,43129900
2005-11-04,49.68884238474938,49.83279819451424,49.20392582618475,49.613075256347656,26502300
2005-11-07,49.80247743103426,50.044935620072835,49.44636570136467,49.794898986816406,20776800
2005-11-08,49.57518880181612,49.681263937710796,49.29484406800227,49.613075256347656,21210800
2005-11-09,49.56758160176235,50.08280586895018,49.33270190576693,49.77973175048828,29761700
2005-11-10,49.73431103583527,50.19649812251063,49.05239518822716,50.04496383666992,34586100
2005-11-11,50.04491136822635,50.3782876036877,49.969138524085835,50.332828521728516,19662800
2005-11-14,50.3934859504904,50.42379395695393,49.81764538900575,50.15102767944336,24330700
2005-11-15,50.075239092750536,50.188892636234804,49.363021396190526,49.42363739013672,35159500
2005-11-16,49.4994091820623,49.62821384590704,48.93114719146031,49.43879318237305,28408200
2005-11-17,49.57517527170368,50.31770680097524,49.567596826733414,50.29497146606445,22203100
2005-11-18,50.484401159213554,50.82536187596834,50.287407800015664,50.681400299072266,28896800
2005-11-21,50.77231290341559,51.287537305268515,50.40104426544808,51.19661331176758,30758600
2005-11-22,51.11328283014176,51.60577782396276,50.98447813687416,51.46939468383789,21208700
2005-11-23,51.37088991898001,51.787611940018834,51.34815458198344,51.53000259399414,21290900
2005-11-25,51.52241538820607,51.6209120424697,51.348145851491154,51.49210739135742,5901000
2005-11-28,51.61333182607465,51.636061375220244,50.620763861668465,50.810184478759766,24596300
2005-11-29,50.84050998941757,51.19662179716092,50.6510893070571,50.8859748840332,23177100
2005-11-30,50.863250780182796,51.35574581922582,50.81779165618741,51.105709075927734,38323000
2005-12-01,51.363311289266136,52.16645310712445,51.09054505288779,51.939151763916016,37384100
2005-12-02,51.97703521985003,52.14372634887695,51.61335073893729,52.14372634887695,23767700
2005-12-05,52.060385957951105,52.098272411280654,51.461815835443524,51.77246856689453,25918100
2005-12-06,51.9846362473629,52.34074821758175,51.78763702924252,51.93159866333008,26482100
2005-12-07,51.84065509782246,51.954308672440135,51.333009015945905,51.61335372924805,23412400
2005-12-08,51.71185414608983,52.136154689271756,51.29512626927804,51.74974060058594,33286000
2005-12-09,51.8254934488206,52.09825966018227,51.461803240118456,52.0073356628418,22101700
2005-12-12,52.18916860652923,52.25736303758618,51.7345602618982,52.166439056396484,24178300
2005-12-13,52.030057331058714,52.302823501078485,51.75729116103894,52.17401885986328,24765500
2005-12-14,52.09826746760415,52.40134172349788,51.84065232686327,52.11341857910156,26972600
2005-12-15,52.1437141833308,52.1437141833308,51.31784295758419,51.583030700683594,31912800
2005-12-16,51.85580595699888,51.939151516643264,51.37846215527917,51.40119171142578,21479900
2005-12-19,51.46180280730555,51.49968925104372,50.62077462612373,50.76473617553711,22938900
2005-12-20,50.70411931015831,51.166306168688266,50.41620199691818,50.74958419799805,28762600
2005-12-21,50.86323840267421,51.50727333274628,50.82535773545019,51.363311767578125,30167400
2005-12-22,51.53141413244009,51.72917468974506,51.25759360786507,51.69874954223633,20624100
2005-12-23,51.7976057256761,51.92690819742964,51.69112065446716,51.8204231262207,15255300
2005-12-27,51.987765166201456,52.04861544416177,51.01418393084406,51.04460906982422,26201500
2005-12-28,51.21957621574307,51.485794886219985,50.93054593148891,51.34888458251953,20488800
2005-12-29,51.34123630841841,51.50857163671856,51.075023651123054,51.07502365112305,20883600
2005-12-30,50.77839571965266,50.95333301283872,50.550210081668766,50.74797058105469,33860500
2006-01-03,51.12066624162365,51.83564246135316,50.23836047108656,51.75958251953125,40428100
2006-01-04,51.80523561061606,52.21596640503909,51.63029245997151,52.04102325439453,29795200
2006-01-05,52.048605447059,52.322425842285156,51.91169524944593,52.322425842285156,23712300
2006-01-06,52.57345004271335,52.97657306410879,52.238779246232696,52.94614791870117,26874100
2006-01-09,52.9461438815056,53.531811927685844,52.91571873841793,53.296024322509766,22285700
2006-01-10,53.03743460692409,53.77522277832031,52.99940171634503,53.77522277832031,27130700
2006-01-11,53.78279150414626,53.79800697054265,53.27318363686998,53.68391418457031,29588700
2006-01-12,53.58504784372127,53.80562575154818,53.280808056513635,53.493778228759766,24564000
2006-01-13,53.44813592105623,53.60026161283133,53.25798315858869,53.51659393310547,20630300
2006-01-17,53.22755597324587,53.28079850676451,52.892885303699586,53.26558303833008,26979900
2006-01-18,52.778810469791814,53.24278376397526,52.71035824753667,53.15150833129883,30545300
2006-01-19,53.28080923605422,54.132689943897844,53.19714155181928,54.003387451171875,26801500
2006-01-20,54.02620144514287,54.09465945656025,53.11347051492377,53.387290954589844,43301200
2006-01-23,53.43292971822928,53.66871730201807,53.23516920759879,53.554630279541016,30482700
2006-01-24,53.58504405416174,54.33044540731004,53.577442122120544,54.15550231933594,36770600
2006-01-25,54.30003098483496,54.45975863424164,53.8284499701562,54.292423248291016,32586600
2006-01-26,54.474960440870014,55.10626314357406,54.31523283153516,55.075843811035156,38990300
2006-01-27,55.17474450459329,55.70717009441694,54.96177426866383,55.34968185424805,29044200
2006-01-30,55.29643032163134,55.509406326002264,55.121493000365824,55.189945220947266,28170300
2006-01-31,55.12909556012395,55.49418564161359,54.862877030410075,55.03021240234375,38124600
2006-02-01,55.21274521346117,55.68432608418249,55.12147561480609,55.60065841674805,35011400
2006-02-02,55.52459171083238,55.593043901474125,54.50537596349831,54.763980865478516,46751000
2006-02-03,54.619516180104775,55.136732291144455,54.39133618591443,54.59669876098633,42793600
2006-02-06,54.68793891582222,55.106271536460056,54.398902985670205,55.08345413208008,24741300
2006-02-07,54.96934392559383,55.21273916702097,54.117463482099,54.19352340698242,41861300
2006-02-08,54.33807287779548,54.642312753986246,53.91212660572182,54.53582763671875,36002600
2006-02-09,54.59668258139583,55.02262308672944,54.18595174996521,54.25440979003906,33152400
2006-02-10,54.140323638916016,54.33047650280614,53.52423021687358,54.140323638916016,31342400
2006-02-13,54.03379793702457,54.11746559856857,53.50897456970322,53.78279495239258,29784500
2006-02-14,53.85127033875294,54.596665996659176,53.47856670679742,54.40651321411133,46124800
2006-02-15,54.39132830839368,54.88572692871094,54.14032512843192,54.88572692871094,40853100
2006-02-16,55.04539658954398,55.395276803370834,54.855243920964234,55.372459411621094,30261700
2006-02-17,55.395310199415036,55.448552746595624,54.99218722747598,55.258399963378906,17558400
2006-02-21,55.33448150022183,55.47139178966215,54.649930053020206,55.0150260925293,21177400
2006-02-22,55.12147881460358,55.5322094413971,54.748781058124756,55.387691497802734,28699200
2006-02-23,55.334472181540384,55.72998750498028,55.0530439109172,55.34968185424805,38795900
2006-02-24,55.28880944341814,55.790809631347656,55.10625864507943,55.790809631347656,22995700
2006-02-27,55.83646991535557,56.19395229803331,55.768011891096215,55.942955017089844,20584000
2006-02-28,55.813635953657034,55.882093964729044,55.09866552302643,55.20515060424805,36395700
2006-03-01,55.34969942591177,56.20919418334961,55.23561233687626,56.20919418334961,26244900
2006-03-02,56.026606492752116,56.20154376510082,55.59305267162438,55.973358154296875,36546000
2006-03-03,55.68433257250917,56.39170105951311,55.63869776786427,55.69194030761719,38377600
2006-03-06,55.82885831302906,55.8744931240403,55.09867232183715,55.258399963378906,29340300
2006-03-07,55.03022099224194,55.06825387470984,54.33806779475053,54.45976257324219,38899700
2006-03-08,54.3456567655889,54.76399516093563,53.91210870268489,54.64990234375,51662600
2006-03-09,54.665125181892996,55.06064042470744,54.17072677612305,54.17072677612305,31106800
2006-03-10,54.30763585101026,55.030214103421194,53.988180569081365,55.00739669799805,40266300
2006-03-13,55.220341087274214,55.58543681248085,54.91609561676864,55.121463775634766,35127000
2006-03-14,54.97698828967557,55.7299919128418,54.77162577535901,55.7299919128418,37978800
2006-03-15,55.75276498946105,56.2471572875035,55.555004588444696,56.23955535888672,31951400
2006-03-16,56.437342092974404,56.66552774738626,56.11027908325195,56.11027908325195,32559900
2006-03-17,56.38407854878968,56.51338679973396,56.05701566087197,56.338443756103516,31551600
2006-03-20,56.42975647602743,56.53624159807461,56.064660484005714,56.30805587768555,25640700
2006-03-21,56.28523128979827,56.741596869385184,55.524620056152344,55.524620056152344,44425900
2006-03-22,55.51704319036537,56.45259808130574,55.44098318530669,56.38414001464844,36219500
2006-03-23,56.30804333174497,56.627498626708984,56.09507313510229,56.627498626708984,25409600
2006-03-24,56.6267531430604,57.12990156877362,56.48953137388469,57.09940719604492,27560100
2006-03-27,57.03077488721978,57.12988302046242,56.733462119901844,57.10701370239258,23334000
2006-03-28,57.03076831097254,57.40431985038886,56.664847631639596,56.809688568115234,27179200
2006-03-29,56.91644172119108,57.907482573929556,56.91644172119108,57.86174392700195,33875700
2006-03-30,57.93796384856105,58.12092421112435,57.3814518998328,57.709259033203125,29733500
2006-03-31,57.88460954428545,57.937973234353066,57.4272056556765,57.915103912353516,24722400
2006-04-03,58.029465069091906,58.25054490869233,57.404344970162256,57.43483352661133,35542000
2006-04-04,57.3891080402056,57.93037019254312,57.22901690919379,57.69404602050781,30181200
2006-04-05,57.80835741731868,58.090420050321,57.38144222173548,57.99131774902344,27471100
2006-04-06,57.89222817105602,58.11330795288086,57.59491538561701,58.11330795288086,25663700
2006-04-07,58.22003556613596,58.46398466845091,57.06889801324104,57.183250427246094,51457700
2006-04-10,57.19847877127758,57.526285831485424,56.80206377149783,57.12224578857422,39109200
2006-04-11,57.175608970302264,57.22134759629332,55.99397739176787,56.10832977294922,49801100
2006-04-12,56.12358308036122,56.718208517189,56.07021940824088,56.69533920288086,40981200
2006-04-13,56.565751227694264,57.12226322206121,56.23032483818791,56.84019470214844,35415700
2006-04-17,56.893570694024625,57.122275577607134,56.33706439549093,56.878326416015625,38356100
2006-04-18,57.03080043582839,58.47162628173828,57.02318120386185,58.47162628173828,58648200
2006-04-19,58.464005819366726,58.95952343231308,58.14381778107491,58.89854049682617,44101500
2006-04-20,58.95188697522154,58.95188697522154,58.1133122411749,58.585960388183594,44622400
2006-04-21,58.90613481563972,58.96712354154033,58.13617396191329,58.456356048583984,40075800
2006-04-24,58.34961918508981,58.425852171949785,57.73212443045871,57.99131774902344,39232800
2006-04-25,58.014222254729106,58.09808033600439,57.54157395976765,58.02947235107422,42940300
2006-04-26,57.98371124267578,58.50972890772264,57.770256484745445,57.98371124267578,31348600
2006-04-27,57.57201063305797,58.448704264134975,57.091737722771676,57.50340270996094,91908800
2006-04-28,57.35860276290964,58.2048027347786,57.25187536251239,58.090450286865234,37918800
2006-05-01,58.159051384757454,58.425869827498516,57.37384033203125,57.37384033203125,44216700
2006-05-02,57.71689039832499,58.18191930859205,57.48819137412844,58.15904998779297,36131800
2006-05-03,58.120911791062376,58.32674724413982,57.70162747411127,58.05992889404297,35151900
2006-05-04,58.128530228100004,58.76889419555664,58.128530228100004,58.76889419555664,30351900
2006-05-05,59.096710205078125,59.47788095304128,58.94424423237447,59.096710205078125,37838800
2006-05-08,59.09671066456813,59.31779039805019,58.951869734234705,59.18056869506836,24715000
2006-05-09,59.13482960635606,59.30254566605249,58.96711354665962,59.096710205078125,21579600
2006-05-10,58.98998303850212,59.05097175424877,58.494465717621765,58.7384147644043,26824100
2006-05-11,58.7918188765178,58.82231325536665,57.35099291910606,57.4119758605957,46910800
2006-05-12,57.03075842355017,57.06125277757516,56.0320930480957,56.0320930480957,62645500
2006-05-15,55.60519372529146,56.192194151291254,55.15540919277878,55.7805290222168,61905600
2006-05-16,56.00161358364888,56.31417643335607,55.60519850833268,55.87201690673828,35594500
2006-05-17,55.23165763154798,55.757675301858,54.77425374337692,54.850486755371094,76491400
2006-05-18,55.208790310068686,55.544222554444694,54.22536871595319,54.332096099853516,54127300
2006-05-19,54.42355546012749,55.02580590146855,53.813679975776026,54.81235122680664,79031200
2006-05-22,54.30920001808174,54.637007054604744,53.43250623982687,54.20247268676758,89895900
2006-05-23,54.79711524740587,55.18591111417415,53.44014805240873,53.501136779785156,73644800
2006-05-24,53.73745110039538,54.40831534768389,52.68542191651675,53.91279220581055,124700200
2006-05-25,54.50744024459706,55.10206593485417,54.15676370460458,55.048702239990234,63332000
2006-05-26,55.38412040614123,55.44510913223597,54.90384145840142,55.376495361328125,37483000
2006-05-30,55.124923443325876,55.155417807598546,53.79082554147419,53.85181427001953,46837100
2006-05-31,53.98139622451308,54.78948211669922,53.874668886787234,54.78948211669922,58723800
2006-06-01,54.79710017514896,55.91011797070362,54.621764902425156,55.856754302978516,49499200
2006-06-02,56.2150528139963,56.29128579022206,55.406972796837366,55.81863784790039,49690000
2006-06-05,55.69668019126641,55.76529396555248,54.01953085452113,54.19486618041992,66165900
2006-06-06,54.15676052355181,54.24824363060497,53.21907757892705,53.9661750793457,94747900
2006-06-07,53.98904972269093,54.751391574644316,53.37155468379484,53.440162658691406,81935900
2006-06-08,53.19619590451357,53.684094063098925,51.839228787435246,53.48588943481445,140237700
2006-06-09,53.78321914533677,54.20250366766621,52.92176914365472,53.01325225830078,63028400
2006-06-12,53.135224076971014,53.173343495565206,51.709648554372585,51.79350662231445,108263800
2006-06-13,51.57240004056934,52.487207450271086,50.77193919492756,50.81005859375,139584200
2006-06-14,50.89394050243684,51.59529356676281,50.73384942141938,51.419952392578125,106669400
2006-06-15,51.86969939483365,53.34101824131179,51.770597126076844,53.18092727661133,96971100
2006-06-16,53.05899627556465,53.13522930404562,52.273785031416864,52.487239837646484,66852400
2006-06-19,52.67778716570724,52.6930372500831,51.4123035240539,51.45804214477539,71705700
2006-06-20,51.503803025021725,52.090809386927795,51.31321760137531,51.39707565307617,61105000
2006-06-21,51.358972711100286,52.647326487164435,51.26748959494031,52.29664993286133,81035400
2006-06-22,52.216448747253864,52.384421880280634,51.811789376845226,52.10192108154297,50947100
2006-06-23,52.09429754866803,52.720375608030295,51.704905760186655,52.41497039794922,42901800
2006-06-26,52.69748492034825,53.06397247314453,52.64403942568234,53.06397247314453,39933200
2006-06-27,53.094498021354,53.31591667008772,51.93395929868903,52.14774703979492,61567100
2006-06-28,52.18594198386239,52.376819610595696,51.53695921799371,52.3768196105957,46405900
2006-06-29,52.537141359773905,54.400108337402344,52.537141359773905,54.400108337402344,96533200
2006-06-30,54.56043149824157,54.89637780905843,53.865640330557405,54.76658248901367,61004300
2006-07-03,54.97273365848862,55.45374298095703,54.789492843994054,55.45374298095703,22967800
2006-07-05,54.85058494448397,54.9345715554194,54.201602262355536,54.644439697265625,38621400
2006-07-06,54.75131280169711,55.1254311485654,54.331385709328295,54.629154205322266,33830700
2006-07-07,54.55280866736307,54.697877488567855,53.71294850142648,53.81983947753906,45330300
2006-07-10,53.949610359481284,54.39244165821645,53.58312305781565,53.82744598388672,40166800
2006-07-11,53.529706708049225,54.30085372924805,53.140314830496386,54.30085372924805,63444700
2006-07-12,54.04126579390775,54.27032124655873,53.13268654354692,53.17850112915039,50664800
2006-07-13,52.81964972021475,53.209041655361055,51.93397485990111,51.97215270996094,80467000
2006-07-14,51.9797740820619,52.079028307711354,51.117003856732275,51.55984115600586,79083700
2006-07-17,51.61328561060207,52.07139054121968,51.17808505274731,51.491127014160156,67427500
2006-07-18,51.781237303076196,52.10954676846833,50.8650278218096,51.84231948852539,74235300
2006-07-19,51.79654242089286,53.44572767079305,51.750733661214085,53.06397247314453,97816700
2006-07-20,53.47625366143213,53.72821341865003,51.62856042540833,51.70491027832031,73657100
2006-07-21,51.651477821477364,51.651477821477364,50.658912008008244,50.964317321777344,103313800
2006-07-24,51.353678577334634,52.61347110366365,51.34604184714206,52.59056091308594,72230300
2006-07-25,52.453168431814134,53.27776116059778,52.21648204350731,52.720401763916016,87433100
2006-07-26,52.62877367387614,53.14032425909624,52.01033209547937,52.60586929321289,59831300
2006-07-27,52.995232213992686,53.36171375412468,51.89577594335861,52.10192108154297,59015800
2006-07-28,52.49132432855961,53.21665666196066,52.28517914515857,53.19375228881836,62209800
2006-07-31,53.01051937070808,53.315924650021266,52.72801846794718,53.20139694213867,37902900
2006-08-01,52.81201622933224,52.85783081724275,52.0561425177167,52.369178771972656,45003700
2006-08-02,52.689854010483145,53.2319456921294,52.60586740099071,53.06397247314453,50137500
2006-08-03,52.51422917699626,53.705303192138665,52.33098836507906,53.70530319213867,49316900
2006-08-04,54.30847864037996,54.4459107099198,52.65929963102237,53.155582427978516,76609200
2006-08-07,52.96470583945131,53.04869242931371,52.48369067476291,52.949432373046875,45882400
2006-08-08,53.01051247450734,53.41517194127817,52.05612474151183,52.216461181640625,76243800
2006-08-09,52.67458059930504,52.89599931320297,51.61330161466729,51.68965148925781,58126400
2006-08-10,51.39186777597696,52.38443332890461,51.1780858599914,52.14774703979492,54415200
2006-08-11,51.96451439791423,51.97215113271885,51.33080521205622,51.61330032348633,42757200
2006-08-14,51.987383745870936,52.54474850859397,51.67434773128137,51.918670654296875,45029900
2006-08-15,52.68221477306672,53.0257921045815,52.445528425806394,53.00288772583008,48780200
2006-08-16,53.346464601201184,53.84274161603924,53.05632697085406,53.76639175415039,46160700
2006-08-17,53.61370501124155,54.28559211370921,53.5449860413187,53.85039138793945,44642200
2006-08-18,54.05650400649219,54.163394927978516,53.45333047803743,54.163394927978516,36413600
2006-08-21,53.812212020697956,53.81984293010887,53.33119677221264,53.58315658569336,25383500
2006-08-22,53.52204362312818,53.919072039115115,53.42278943169061,53.75873565673828,22657900
2006-08-23,53.8274494001772,54.056504706395536,52.834884173388986,53.140289306640625,37109000
2006-08-24,53.23195457850882,53.346482321946695,52.61351291911651,53.04871368408203,32255600
2006-08-25,52.9723161920963,53.51440753668671,52.857794364105544,53.140289306640625,22449400
2006-08-28,53.094498544041194,53.80456324348079,53.079225078394536,53.70530319213867,26650300
2006-08-29,53.83511235201976,54.400108337402344,53.35409713969566,54.400108337402344,53031100
2006-08-30,54.44593257151833,54.97275668714278,54.239787296995615,54.8200569152832,43890900
2006-08-31,54.94219557809168,55.155977510963815,54.6444270537168,54.79712677001953,33830000
2006-09-01,55.03381472176474,55.12543221453745,54.56043631699783,54.83530044555664,24118200
2006-09-05,54.91928872486294,55.36975694521266,54.74367881643069,55.33158493041992,38075100
2006-09-06,54.911646552258496,54.91928328450875,54.0870542228294,54.1557731628418,39718500
2006-09-07,53.85037826949236,54.300852356670894,53.49152751151651,53.674774169921875,44611800
2006-09-08,53.85037167476767,53.96489936596526,53.57550754594161,53.88091278076172,27806500
2006-09-11,53.54497301433118,54.08706460576404,53.178491347645796,53.81220626831055,49544600
2006-09-12,53.93435142992777,55.19414422332509,53.88854268929792,55.07961654663086,43200800
2006-09-13,55.09491509839707,55.64463771163699,54.97275063426224,55.54538345336914,35612000
2006-09-14,55.33158752196614,55.42320502185618,54.98037351377248,55.34685516357422,33680200
2006-09-15,55.736240892712615,55.75150853264405,55.102526070835125,55.47665023803711,40826200
2006-09-18,55.23996134969325,55.789689621181736,55.0796249080292,55.46138000488281,37907200
2006-09-19,55.51483245070483,55.53773682737051,54.323758263119885,55.217063903808594,64200600
2006-09-20,55.575913170008725,56.11800476189138,55.53010441791531,55.95766830444336,54786800
2006-09-21,56.00347858340567,56.17145177915588,55.04145398736803,55.354496002197266,68561500
2006-09-22,55.09488403121277,55.1101516680593,54.25501837667924,54.62150573730469,59289900
2006-09-25,54.80474338788146,55.46899914274408,54.29319311839345,55.270484924316406,61688400
2006-09-26,55.25594869073571,55.7231813316018,55.11807666812329,55.44743728637695,42739700
2006-09-27,55.30955529821226,55.90699867396401,55.30189411951189,55.8533821105957,49884200
2006-09-28,55.89935243715267,56.12913524165872,55.340203176361925,55.631263732910156,35641100
2006-09-29,55.69256600137831,55.90703238416811,55.095122265386536,55.148738861083984,33558300
2006-10-02,55.125736341459096,55.309563751995064,54.489992818802506,54.627864837646484,42184900
2006-10-03,54.574266308178686,55.01852138729742,54.13767241146405,54.55128860473633,45911000
2006-10-04,54.528286534702275,55.87636184692383,54.45168643243079,55.87636184692383,51122100
2006-10-05,55.81508597340001,56.60401788299361,55.79976361652944,56.58869552612305,48038000
2006-10-06,56.38192011814384,56.57340877338987,55.91468733184191,56.297664642333984,34893700
2006-10-09,56.190427161441484,56.78787078507076,55.960638455228896,56.726593017578125,25997000
2006-10-10,56.75720977783203,56.95635952267138,56.40487151774227,56.75720977783203,32950800
2006-10-11,56.51212132984704,56.90275975595156,55.998933224118346,56.535099029541016,52430000
2006-10-12,56.74190340947075,57.74530180443689,56.74190340947075,57.676368713378906,40618400
2006-10-13,57.676376646250844,58.143609362468624,57.546159938950645,58.135948181152344,45517000
2006-10-16,58.120629392282844,58.626162202397445,57.97510200094003,58.480628967285156,46458400
2006-10-17,58.16656317229487,58.39634592348397,57.714647160552886,58.18954086303711,48733400
2006-10-18,58.610830096084705,58.82530224409302,57.906153426791505,58.19721984863281,44694800
2006-10-19,58.00574088431996,58.518929032452434,57.8908465325876,58.480628967285156,43889000
2006-10-20,58.49596209303184,58.52660098204876,57.8142628827745,57.90617370605469,39507600
2006-10-23,57.71465516756189,58.426992898230615,57.51550541388904,58.02103805541992,38995800
2006-10-24,57.837226391277916,58.17424240019549,57.70700968397771,58.135948181152344,30504800
2006-10-25,58.0057479466126,58.56489156600686,57.81425928500111,58.51893615722656,51574000
2006-10-26,58.70273045760135,59.09336874275746,58.112948284439035,59.00911331176758,49379500
2006-10-27,58.89424434969058,59.06275528417063,58.16658987127517,58.31977844238281,51799300
2006-10-30,58.04401091824472,58.75634858962433,57.85252235974232,58.5725212097168,51246800
2006-10-31,58.67213242641191,58.817665698286525,57.98277198565185,58.38873291015625,46092200
2006-11-01,58.55725577601115,58.65683366324292,57.12492370605469,57.12492370605469,47212200
2006-11-02,56.764901448780876,57.37000634346485,56.757240265772865,57.040645599365234,47585300
2006-11-03,57.30870692291277,57.63040636250675,56.841474279982755,57.316368103027344,49053800
2006-11-06,57.60742252204123,58.27380487050259,57.44657281939902,57.98273849487305,47702600
2006-11-07,58.082342250525095,58.84829689707686,58.03638099796826,58.36574172973633,49200600
2006-11-08,57.913819471239414,58.825307184579025,57.76063091070777,58.664451599121094,52411800
2006-11-09,58.779309870449076,58.82527108541886,57.69931774078838,58.12825012207031,49553600
2006-11-10,58.03636259688524,58.6491284573504,57.91381293105321,58.6108283996582,43722400
2006-11-13,58.54189888028237,58.97083150251841,58.36572678542474,58.69508743286133,39373200
2006-11-14,58.909561796510765,59.828704833984375,58.54190107525997,59.828704833984375,68600600
2006-11-15,59.85933392776573,60.518055139640175,59.729123090103286,60.28060531616211,65076400
2006-11-16,60.58699946922812,60.594660650444006,60.035511297065185,60.23466110229492,49327900
2006-11-17,60.012503673034146,60.21165337896148,59.62186543857528,60.19633102416992,35969400
2006-11-20,60.01252246104297,60.39549963800402,59.82869505235669,60.28060531616211,48400400
2006-11-21,60.272962453436556,60.41083449942544,59.98189599869937,60.38019561767578,40727000
2006-11-22,60.48740435674562,60.59463747768348,60.17336032845131,60.44910430908203,33281900
2006-11-24,60.02785062317239,60.533377506867964,59.92061747075913,60.173377990722656,17933400
2006-11-27,60.135075689062695,60.15805338380873,58.764016746127645,58.825294494628906,72824600
2006-11-28,58.66446024044368,59.101059974185276,58.434677365799004,59.02445983886719,59174400
2006-11-29,59.37680809151885,59.90531872516479,59.208302959705705,59.79042434692383,53282800
2006-11-30,59.6678505218774,60.20401627868562,59.36146758494335,59.79806137084961,58605000
2006-12-01,59.8593597743346,60.027870739961394,58.863616346778365,59.57595443725586,87109800
2006-12-04,59.71379862662629,60.76315815828409,59.69082093182108,60.755496978759766,54369200
2006-12-05,60.81677881149362,61.092522855209005,60.56401246412649,60.801456451416016,39558600
2006-12-06,60.66356808023237,60.88569549134729,60.34952990849512,60.594635009765625,37810400
2006-12-07,60.73252809593254,60.90103900731122,60.24997890370426,60.334228515625,39544100
2006-12-08,60.21932353117925,60.77080566677702,59.866985287422196,60.34187316894531,43109600
2006-12-11,60.35723366145546,60.64829434834649,60.15808380001913,60.4951057434082,35233200
2006-12-12,60.46445131621216,60.52572323618011,59.660196737527436,60.16572952270508,47917600
2006-12-13,60.44148229736243,60.51041540864114,59.85935514578318,60.242332458496094,47296600
2006-12-14,60.21934385618535,60.96231479961803,60.17338261321428,60.4874267578125,52286200
2006-12-15,60.74019032230401,60.89337887504822,60.36486843367389,60.433807373046875,38923800
2006-12-18,60.55636490888333,60.67125926024326,59.46104966762165,59.67552185058594,47013800
2006-12-19,59.32314775970791,59.82868031376892,59.05506497063003,59.63719177246094,54066400
2006-12-20,59.70567553880345,60.19796611534642,59.70567553880345,59.98258972167969,43288200
2006-12-21,59.9902828775741,60.26719708507048,59.467223359921746,59.70568084716797,49951400
2006-12-22,59.68261155771335,59.80568717137751,59.26724603301749,59.31339645385742,31230400
2006-12-26,59.48260962836058,60.16720144279756,59.45953442292942,60.159507751464844,21798200
2006-12-27,60.28256249277647,60.897922609561114,60.267175115431996,60.874847412109375,39294000
2006-12-28,60.79023203744651,60.98253316668988,60.497936433679875,60.597930908203125,28257400
2006-12-29,60.50562920556255,60.75946223220977,59.99025772688748,60.021026611328125,30795200
2007-01-03,60.52102419392968,60.859476129598825,59.39798607024182,60.12104034423828,54095400
2007-01-04,59.91336044905206,60.45180145305653,59.44414505903381,60.2825813293457,45577600
2007-01-05,60.013356686928006,60.282583065249725,58.99800657259085,59.021087646484375,57486800
2007-01-08,59.190316773983646,59.45954319323681,58.63649415624581,58.79033279418945,46117200
2007-01-09,59.32110584426494,59.46725083845334,58.60574478910761,59.344181060791016,62791800
2007-01-10,59.0441455377986,59.80565643310547,58.89799478883148,59.80565643310547,49239300
2007-01-11,59.58259012803537,60.41333253957457,59.53643972802728,60.17488098144531,49188300
2007-01-12,60.19798345591342,60.80565609512813,60.097983052500304,60.75181198120117,28392800
2007-01-16,60.92870581818981,61.0440877011363,60.22873256716284,60.34410858154297,33914700
2007-01-17,60.16722029475749,60.59797324728389,60.08260726928711,60.08260726928711,27481200
2007-01-18,60.09794617901095,60.09794617901095,59.2441287044857,59.58258056640625,55936200
2007-01-19,59.25954132952639,59.967208370905084,59.128777915730424,59.81336975097656,49715800
2007-01-22,59.85950910694115,59.86720279708667,59.159535886417,59.37491226196289,46305200
2007-01-23,59.25953382678687,60.21334606043112,59.228764932983324,59.936431884765625,47783000
2007-01-24,60.005645461649706,60.628699236739976,59.95180138069826,60.59023666381836,30401400
2007-01-25,60.54410361484513,60.728711106909884,59.63644179839105,59.82874298095703,57289400
2007-01-26,59.99026581169253,60.24410474111392,59.35183044634311,60.05180358886719,56630200
2007-01-29,60.09024771815166,60.7209950691296,60.02101627294388,60.57484436035156,59602200
2007-01-30,60.68257334066678,61.03640688606055,60.39027759496782,60.905643463134766,33830600
2007-01-31,60.813333545342765,61.359468284455595,60.48257522519643,61.03640365600586,54267500
2007-02-01,61.28252713423291,61.728667196570306,61.18253265208081,61.69020462036133,50571100
2007-02-02,61.84404625302446,61.88250295892488,61.551744771643676,61.72866439819336,26512600
2007-02-05,61.705653478992176,61.897954814507074,61.43643278298552,61.72103500366211,30893400
2007-02-06,61.73640170629075,61.890240375716076,61.37487437771525,61.87485885620117,31445600
2007-02-07,61.95947560390014,62.46714793833059,61.75178693228404,62.44407272338867,30708600
2007-02-08,62.20560568107594,62.41328843294172,61.98253554399464,62.34406280517578,25417000
2007-02-09,62.29019764615678,62.42096103346382,61.305610724934965,61.77482604980469,52164700
2007-02-12,61.75175303690722,61.76714041746868,61.22869360057517,61.6056022644043,39561300
2007-02-13,61.71330081631626,62.05944061279297,61.22100436812798,62.05944061279297,41995800
2007-02-14,62.09787406615515,62.52862665410141,61.93633597711144,62.15171813964844,64326000
2007-02-15,62.08251316662638,62.451734019864965,61.96713128320392,62.19789505004883,44086000
2007-02-16,62.09016644335317,62.51322524911617,61.79786507979641,62.43630599975586,42160800
2007-02-20,62.305566339426605,63.197846402680106,61.613281095275575,63.03630828857422,71903200
2007-02-21,62.805525185350426,63.45165390756816,62.713218567078286,63.15166473388672,39549600
2007-02-22,63.267060086552284,63.42089861471722,62.79015125953912,63.37474822998047,58815900
2007-02-23,63.274765681238044,63.31322238623463,62.81324414132562,63.03630828857422,57987800
2007-02-26,63.320946939362706,63.39017843180589,62.451747517708625,62.99018859863281,78736400
2007-02-27,61.813295300363016,62.25943547190896,59.590294002038036,60.036434173583984,136636000
2007-02-28,60.28256112120469,60.93638379790952,59.62104475600266,60.63639450073242,97620200
2007-03-01,59.59028002674311,60.84408138524937,59.036451787615235,60.321022033691406,97674800
2007-03-02,60.136397500866266,60.290236026467504,59.03643502398306,59.12104797363281,96274500
2007-03-05,58.528799780694875,59.45184920953868,57.80575114362024,57.82113265991211,122207900
2007-03-06,58.65956286607554,59.774907539015445,58.60571876190397,59.39799880981445,94041400
2007-03-07,59.45954659890608,59.70569195485511,59.0749441134502,59.20570755004883,55408800
2007-03-08,59.790289674650985,60.13642947557908,59.29030539775852,59.651832580566406,76876500
2007-03-09,60.13644027709961,60.21335959461445,59.55184290056486,60.13644027709961,69129900
2007-03-12,60.00567462730904,60.39027706920181,59.80567971432589,60.3056640625,35945400
2007-03-13,59.874908234074255,60.04413425566609,58.65956891899876,58.75956344604492,96417200
2007-03-14,58.77493612048527,59.44414047838516,58.09803220353561,59.38260269165039,129087500
2007-03-15,59.32108335278843,59.93644374492696,59.32108335278843,59.84414291381836,84037300
2007-03-16,59.8518068795815,60.04410802582724,58.874919638821886,59.43643569946289,77107100
2007-03-19,59.86719795473832,60.36718213956649,59.85181057569188,60.17488098144531,56720800
2007-03-20,60.14411477575935,60.69024938496604,59.967195120224225,60.65178680419922,46527300
2007-03-21,60.73643047453368,62.39791621123049,60.55951659817748,61.74408721923828,77517600
2007-03-22,61.967157389548625,61.9979262959951,61.46717879835766,61.74408721923828,40940200
2007-03-23,61.831946598082524,61.978372480902905,61.69322331761907,61.83964920043945,37200500
2007-03-26,61.901315795824765,62.024628012636924,61.253944297111296,61.70864486694336,46665700
2007-03-27,61.66236243766201,61.70860154658096,61.15370872016956,61.42344665527344,40734900
2007-03-28,61.05352797558024,61.269318344698064,60.583410722925024,60.99958038330078,67939400
2007-03-29,61.415728214831454,61.46967578793645,60.490905116088555,61.07662582397461,49841400
2007-03-30,61.16144193722906,61.700918025647425,60.67591345765252,61.23080062866211,54280000
2007-04-02,61.35414355817116,61.47744992024457,60.99962968241454,61.384971618652344,36558700
2007-04-03,61.70860309230261,62.24807897602354,61.65465550393051,62.03999710083008,44410200
2007-04-04,62.02458881355833,62.10935855923019,61.65465827676532,62.032291412353516,35754200
2007-04-05,62.00145793869566,62.27890434699046,61.92439079857952,61.99375534057617,24666800
2007-04-09,62.25579848997976,62.29433500843928,61.90128486357148,62.07854461669922,38545000
2007-04-10,62.0400023870184,62.47158313076847,61.94751827913768,62.271209716796875,48521000
2007-04-11,62.32518802931165,62.3483075977156,61.50055677042321,61.88589859008789,59019200
2007-04-12,61.72403135847576,62.36369999863244,61.4003457381005,62.30204391479492,45075400
2007-04-13,62.38682912658953,62.733640241470184,62.06314345657987,62.70281219482422,31467000
2007-04-16,63.049582525976774,63.635303328301234,63.04187992846591,63.56594467163086,43967100
2007-04-17,63.66613705899725,63.68154813524443,63.1497807469504,63.3732795715332,51536000
2007-04-18,63.12666525619549,63.36557517240439,62.93399445155055,63.003353118896484,48993700
2007-04-19,62.53326087819572,63.06503439310351,62.271231301478004,62.70281219482422,69360400
2007-04-20,63.16520235996869,63.48888793376798,63.01106805240148,63.434940338134766,68702200
2007-04-23,63.35787684737033,63.589084201935265,63.103549933318355,63.36558532714844,34858200
2007-04-24,63.40410598199222,63.46576205081342,62.71049578721593,63.334747314453125,56640600
2007-04-25,63.612191550789916,63.91275752612104,63.172902365317796,63.51200485229492,51964600
2007-04-26,63.542836100816,64.09772902080296,63.17291140738935,63.86652755737305,47381600
2007-04-27,63.59678268432617,63.68926679613377,63.21144103823154,63.59678268432617,56761000
2007-04-30,63.55829161617974,63.59682227686853,62.20959501521021,62.225006103515625,86447400
2007-05-01,62.417652992868675,62.548673652301225,61.75486473399168,62.47930908203125,88311800
2007-05-02,62.47929845582864,63.5351367537344,62.36369477827224,63.31163787841797,49850600
2007-05-03,63.35786628821277,63.635312715512846,63.17290396329482,63.42723083496094,57008800
2007-05-04,63.57363798570441,63.86650128402354,63.31160859230789,63.827964782714844,47940900
2007-05-07,63.73551413256019,63.966721501976274,63.55826024520916,63.643035888671875,40421400
2007-05-08,63.34248085806864,63.673875009309576,62.84153539039996,63.41954803466797,59329800
2007-05-09,63.19603664879549,64.14397978566033,63.157500128168195,63.67386245727539,66106100
2007-05-10,63.4426261764429,63.51969330272325,62.61799557756902,62.887733459472656,92481400
2007-05-11,63.00336467293672,63.542840672937274,62.92629751291484,63.458065032958984,57249600
2007-05-14,63.41954331068249,63.65074482325879,62.77987462084309,62.9031867980957,71975000
2007-05-15,62.90317079731281,63.41181869947365,62.255793791107415,62.402225494384766,115258700
2007-05-16,62.502413375940314,62.810687866592346,62.0091765428358,62.741329193115234,95727600
2007-05-17,62.65653008863137,62.741305688797986,62.201824062297284,62.25577163696289,71780400
2007-05-18,62.57179483726731,63.23458311331987,62.2558117820069,62.98796463012695,80552700
2007-05-21,62.987943122659495,64.1439679703689,62.92628705295184,63.78174591064453,148866800
2007-05-22,63.82028343875845,64.45995200142346,63.67385760719262,64.17479705810547,69634200
2007-05-23,64.3906060157021,64.81447839461626,63.9436081937069,64.00526428222656,59384400
2007-05-24,63.95130335981833,64.39829520889982,62.85692859591632,63.16520309448242,89560000
2007-05-25,63.380994788295034,63.743216890601296,63.22686047575273,63.573665618896484,44083500
2007-05-29,63.79714082501403,64.26725794769845,63.75090172437129,64.15936279296875,59397200
2007-05-30,63.68928979289856,64.6218162075802,63.527446948682645,64.59098815917969,64383000
2007-05-31,64.72966714719136,65.08418064145556,64.56782441371281,64.9454574584961,68767400
2007-06-01,65.15355684666785,65.63908513409746,64.88381890920698,65.27686309814453,71003000
2007-06-04,65.11502224015322,65.48495276509507,64.99941858361852,65.34622955322266,52419900
2007-06-05,65.19210846655737,65.29230107547582,64.60639329374038,65.08421325683594,84623400
2007-06-06,64.58325530605626,64.5909579046617,63.96670638653668,64.35975646972656,95052800
2007-06-07,64.16710330855416,64.31352916031545,63.0264892578125,63.0264892578125,113824100
2007-06-08,63.095838460013155,64.07460357968358,62.933995686517086,63.851104736328125,86239400
2007-06-11,63.76633496469113,64.1747961752796,63.45035786738283,63.86652755737305,68082100
2007-06-12,63.45036812011792,63.83570983461418,62.741340776608304,62.810699462890625,115376300
2007-06-13,63.111269311167014,63.943608875512666,62.995665613922064,63.6507453918457,118706700
2007-06-14,63.87423847559026,64.48307907098793,63.87423847559026,64.22875213623047,79451800
2007-06-15,64.96091694762428,65.26919154270446,64.7836571445023,64.99174499511719,83706500
2007-06-18,65.18438349364243,65.2152115258177,64.50617854547859,64.86840057373047,60117800
2007-06-19,64.59096613755291,65.13044798085753,64.34434771427986,65.0379638671875,65541300
2007-06-20,65.18439799855257,65.24605407662287,63.91276931762695,63.91276931762695,86929200
2007-06-21,63.82800571423664,64.42142940796623,63.44266397341661,64.41372680664062,97110200
2007-06-22,64.24419303807679,64.33667719786646,63.42727020607611,63.90509033203125,93984100
2007-06-25,63.720097331704665,64.3135209028244,63.19603243727484,63.573665618896484,108393200
2007-06-26,63.84343227633571,63.912796864022724,62.99568141695403,63.10357666015625,91436900
2007-06-27,62.9108860537954,64.46766986965727,62.81069932499159,64.42142486572266,127640800
2007-06-28,64.40519318393764,65.00747072689705,64.32025600315603,64.41291046142578,87866200
2007-06-29,64.69088220538804,65.0074672972447,63.82607588822095,64.01139068603516,110203200
2007-07-02,64.38205071784229,64.93027809337468,64.28167304887573,64.8376235961914,56318400
2007-07-03,64.9534311080462,65.25456992949898,64.88393436175961,65.14646911621094,34591600
2007-07-05,65.2082445033711,65.37811891318835,64.75267757800053,65.25457763671875,47326500
2007-07-06,65.29314158184442,65.57883981287277,64.90706575718157,65.47846221923828,40975100
2007-07-09,65.60204000839242,66.20431768821037,65.18507717827549,65.4167251586914,56954300
2007-07-10,65.06926389289406,65.5402772104561,64.25078443859785,64.34344482421875,101069100
2007-07-11,64.21988426809583,64.76039423506313,64.01140580768661,64.72950744628906,82880600
2007-07-12,64.98433249742465,65.71015156529056,64.88394894035049,65.49394989013672,71638400
2007-07-13,65.55570983886719,65.78735191787753,65.34722548760003,65.55570983886719,43138400
2007-07-16,65.54797877329564,65.75646309944969,65.03063837899792,65.23139953613281,77268800
2007-07-17,65.33952933476826,65.67927233870886,65.21598213984113,65.27775573730469,57654400
2007-07-18,64.91480873479524,65.11556987438495,64.15809729545028,65.0692367553711,97201600
2007-07-19,65.43989249694974,65.59432056530002,65.22369084483806,65.25457763671875,61461700
2007-07-20,65.15418400198946,65.45532281238198,63.77203120736758,64.28165435791016,154037700
2007-07-23,64.57505523030038,64.74492957496392,64.04227447509766,64.04227447509766,67737500
2007-07-24,63.39368140525695,63.47089543116759,62.15051614762216,62.544315338134766,158240800
2007-07-25,62.899493500122546,63.13885870563405,61.640888015235866,62.31265640258789,164307600
2007-07-26,61.16219239135644,62.436245060694496,59.880422439389655,60.64485168457031,244724700
2007-07-27,60.49809648351915,61.15442438013305,59.01556634012164,59.16999435424805,202037300
2007-07-30,59.695075675645015,60.55216495940458,59.108244333886645,60.19697570800781,149169600
2007-07-31,60.9459760990477,61.11585053319051,59.254960820512984,59.532936096191406,187777400
2007-08-01,59.355336963325975,60.196979965962214,58.76849968900556,59.85723114013672,185942500
2007-08-02,60.18153455272506,60.613937829172066,59.687357696484824,60.32823944091797,105762800
2007-08-03,60.23558316783035,60.39001122166012,57.88051705508416,58.18165588378906,158340000
2007-08-06,58.39013917292451,59.01558043790987,57.07747717507364,58.70671844482422,208307700
2007-08-07,58.590897434284955,59.97305035791615,58.297481766042836,59.610137939453125,179153900
2007-08-08,60.142914231947074,61.84936931516261,60.088863831702305,61.401519775390625,259607000
2007-08-09,59.957619522205015,61.31660904401726,59.919009555774494,59.98850631713867,204699000
2007-08-10,59.386226340335355,61.594576131151456,59.015590705935786,60.27419662475586,267042500
2007-08-13,61.30114464493046,61.74127103375295,59.864941504340855,59.94987869262695,116492000
2007-08-14,60.204699337526165,60.36685056933191,58.63723153901776,58.92292404174805,113169000
2007-08-15,58.66039059209713,59.76456822932967,57.71064100426044,58.06583023071289,145850300
2007-08-16,57.65657851936197,59.40164338901253,56.55240111344409,59.355316162109375,347851600
2007-08-17,61.162170850135546,61.818498996801814,59.13913010444152,60.54445266723633,215542300
2007-08-20,60.7452370151738,61.05409919976118,59.818656352467855,60.5908088684082,126893400
2007-08-21,60.590787642291836,61.069518264190364,60.2278751443661,60.76066207885742,92754900
2007-08-22,61.29341983668277,61.61000496474745,60.945953814659866,61.48645782470703,70351700
2007-08-23,61.73354086694766,61.86481116463417,60.467212246470375,60.69886016845703,105471500
2007-08-24,60.67570180963629,61.54050822571175,60.50582743760664,61.48645782470703,64735000
2007-08-27,61.2779994072689,61.362936621029995,60.60622486871853,60.63711166381836,60380700
2007-08-28,60.28961817009497,60.37455534531331,58.99240281982065,59.10822677612305,86275800
2007-08-29,59.44025234985641,60.660247802734375,59.27809527629082,60.660247802734375,70723200
2007-08-30,59.93442029999368,60.96137763905877,59.84175997022942,60.250999450683594,63330500
2007-08-31,61.10813272899481,61.25484355156028,60.46724490427197,60.79927062988281,47035900
2007-09-04,60.75294835805538,62.019277766292554,60.67573429971019,61.57915115356445,61375400
2007-09-05,61.21621084346984,61.617733190500786,60.58304642643091,61.00773239135742,67145300
2007-09-06,61.054091607190124,61.28573968958739,60.38231688108243,61.0232048034668,65069100
2007-09-07,60.05028245851445,60.173829655618796,59.44800460026731,60.01940155029297,107970400
2007-09-10,60.158364669326396,60.196968734388065,58.39013589646106,59.18545150756836,99748500
2007-09-11,59.59470103061939,60.27419277741708,59.48660020478915,60.22014236450195,84890600
2007-09-12,59.973065161228085,60.35142401359945,59.74914029688206,59.841800689697266,62793300
2007-09-13,60.24331206599728,60.63711133758425,59.586983874054845,59.98850631713867,72390100
2007-09-14,59.37851366994062,60.44408173431814,59.28585327219077,60.29737091064453,61830800
2007-09-17,60.135221789542136,60.32054259168811,59.602440683773196,59.63332748413086,53416800
2007-09-18,60.081148040999615,62.235452928544355,59.64102161608526,62.17367935180664,138693800
2007-09-19,62.75279491435893,63.39368253382656,59.65646941553599,63.007606506347656,114738300
2007-09-20,62.93041433211824,62.96130113196855,61.9652239282514,62.38218688964844,128460700
2007-09-21,62.76051231892341,62.97671393188187,62.43620989948573,62.513423919677734,57473900
2007-09-24,62.62152419460812,62.83000852751419,61.84164904786882,62.03468704223633,87072300
2007-09-25,61.64379727042688,61.976630668739574,61.36514577856579,61.78312301635742,54940900
2007-09-26,62.30946934204618,62.6345608082774,61.78312824679236,62.324947357177734,65425300
2007-09-27,62.64230551334517,62.75841130076815,62.332692048679114,62.69648742675781,63248800
2007-09-28,62.67326752814264,62.88999518206219,61.86827488116596,61.95341873168945,90453200
2007-10-01,62.023084234381194,63.65628965153037,62.023084234381194,63.493743896484375,98833600
2007-10-02,63.702744106587815,64.14394147419162,63.60985827458128,63.903987884521484,53654700
2007-10-03,63.718191116371635,64.05876642926192,63.439539661349414,63.72593307495117,56474400
2007-10-04,63.903978128405285,64.02782588550636,63.46278082815836,63.826576232910156,35783300
2007-10-05,64.60835203069256,65.34367893092616,64.22907859096895,65.11920928955078,92101800
2007-10-08,64.94893969079301,65.15792544841318,64.43807643045209,64.63158416748047,34535400
2007-10-09,64.96438268712164,65.27399608052262,64.47674557864953,65.15789031982422,57974000
2007-10-10,65.0495854449959,65.19665326879847,64.58516788688047,65.10376739501953,50123200
2007-10-11,65.47525112625962,65.70746268794387,63.981377611785724,64.36839294433594,93750000
2007-10-12,64.46130262940277,65.08052980975458,64.40712069402609,64.87928009033203,60997500
2007-10-15,64.86373496407104,64.91791684339435,63.493698164152676,64.12840270996094,80770400
2007-10-16,63.756899864200285,65.1578932993073,63.37762063488321,63.393104553222656,59345400
2007-10-17,64.08975503318501,64.18263495326084,62.74293713821981,63.64081573486328,90253500
2007-10-18,63.2228248405952,63.77238590311828,62.998355239499524,63.485992431640625,68562200
2007-10-19,63.40084666987147,63.563392380532,61.14841488203715,61.218074798583984,128571100
2007-10-22,60.792388795983946,62.650064173771476,60.64532103235382,62.510738372802734,138153000
2007-10-23,63.013883703246705,63.11450563470639,62.069564681246874,62.990657806396484,84843000
2007-10-24,62.59586146692734,62.82806712120201,61.233565854718584,62.58811950683594,126810300
2007-10-25,62.75842974128174,63.08352131728027,61.60511939415438,62.4333381652832,116690000
2007-10-26,62.9828884292645,63.478267669677734,62.28625952700014,63.478267669677734,79290000
2007-10-29,63.64078847683608,63.81107613122118,62.99834174634105,63.40857696533203,56217000
2007-10-30,63.091231942008044,63.43954332822655,62.66551277628813,62.905460357666016,59967000
2007-10-31,63.1840949673759,64.0897149595607,62.51842839791906,63.718177795410156,107684000
2007-11-01,62.982881249682535,63.00610122621338,61.14842633373174,61.25679016113281,171158000
2007-11-02,61.999855848115494,62.023075823489485,60.645302167702425,61.558658599853516,130182000
2007-11-05,60.71499447177149,61.32647967990577,60.413122849518714,60.74595642089844,98542900
2007-11-06,61.140699092456714,61.92247195438927,60.3976301376505,61.891510009765625,94974000
2007-11-07,61.07099203437029,61.24127964574259,59.731917012982976,59.97187042236328,112492300
2007-11-08,60.47504355715908,60.4982694490879,58.6870337288754,60.14995193481445,120883000
2007-11-09,59.39912051538829,60.180893258166506,58.92696126626953,59.4842643737793,104492000
2007-11-12,59.51521527323198,60.45953359629244,58.84954845223478,58.91147232055664,106800000
2007-11-13,59.739685724387805,60.947171647071244,59.700981829784794,60.76140594482422,105192100
2007-11-14,61.279980884077496,61.32642672035276,60.06475348086942,60.41307067871094,76347400
2007-11-15,60.08025413294311,60.28923978556453,59.012088181767226,59.55391311645508,114145000
2007-11-16,59.84805869843148,59.879020637773436,58.47028487733785,59.05080795288086,123470600
2007-11-19,58.7411895005167,58.85729528689019,57.52596153463003,57.773651123046875,116186400
2007-11-20,57.820082387441495,58.485749163549,56.7751422778631,58.106475830078125,129813600
2007-11-21,57.71173278754577,57.82009662379001,56.5042466663179,56.89126205444336,94961400
2007-11-23,57.55693563904164,58.82634578620781,57.363427922639644,58.0987548828125,50849400
2007-11-26,58.32322299642225,58.53221463161299,56.49650972957992,56.5816535949707,96764900
2007-11-27,56.92998201761806,57.58790718198092,56.628110402141125,57.23958969116211,80871400
2007-11-28,57.98263373894131,59.51521098446395,57.94392984768294,59.499732971191406,112697000
2007-11-29,59.27527748154616,59.569407046706885,58.75667828558406,58.98888397216797,57418400
2007-11-30,59.933187790219606,60.33568109173519,58.94242959690311,59.329444885253906,84981400
2007-12-03,59.25205084954991,59.406854623221726,58.59412004798113,58.6328239440918,61964100
2007-12-04,58.067792764057096,58.48577013886868,57.711739275599854,58.01361083984375,57670000
2007-12-05,58.973411996914535,59.30624549663036,58.45480684243637,59.16691970825195,70221700
2007-12-06,58.98888572247792,60.71497698035984,58.95792378227081,60.567909240722656,93204000
2007-12-07,60.92395744253431,60.9936232783407,60.281510525743826,60.75366973876953,59125400
2007-12-10,60.76141467740806,61.341937747574384,60.52920308718711,61.23357391357422,49937400
2007-12-11,61.36515054633776,61.597362109392,59.01983856210842,59.09724044799805,120369300
2007-12-12,60.923960131362776,61.001362025930355,58.89599742353048,59.53070831298828,112505300
2007-12-13,59.03534729002089,59.515248680819816,58.5477098403781,59.20563507080078,89826800
2007-12-14,58.640556747908704,59.499731140017204,58.01358798004998,58.05229187011719,75866900
2007-12-17,57.91298505656373,58.214856600494535,57.08477232481241,57.162174224853516,71635600
2007-12-18,57.79687591316416,58.36966293221153,56.77515553767205,58.18389129638672,114501900
2007-12-19,58.12197219098854,58.61735735515164,57.83558456333164,58.59413146972656,85850100
2007-12-20,58.98888328731776,59.6081102551246,57.91298100742756,59.47652053833008,121965700
2007-12-21,60.281522054340016,60.83882522583008,60.09575629897229,60.83882522583008,83426900
2007-12-24,60.92395301098483,61.40385414983387,60.83106720512799,61.280006408691406,29867000
2007-12-26,61.02459252790494,61.79862341784013,60.9239706381527,61.5664176940918,65572400
2007-12-27,61.24567806462021,61.41653938636408,59.73123621330534,60.10401916503906,71490100
2007-12-28,60.51561662667413,60.585517110594814,59.459388732910156,59.459388732910156,48207400
2007-12-31,59.3739589215188,59.64578689852299,58.69828781083473,58.94681167602539,73932400
2008-01-02,59.14095514557943,59.41277712383616,57.92939644563204,58.37208557128906,94259600
2008-01-03,58.45754043075007,58.72936847458935,57.49451095701316,57.72750473022461,78036800
2008-01-04,56.88095438273872,56.950854870269254,55.61503682238989,55.98781967163086,123498600
2008-01-07,56.1353816220047,56.57806494981002,55.19565055509433,56.112083435058594,139672900
2008-01-08,56.1664537472884,56.9042573960532,54.380184173583984,54.380184173583984,157222700
2008-01-09,54.31027468809752,55.14127679146492,53.29288119549807,54.93158721923828,140191600
2008-01-10,54.45006269349275,56.16643108109094,54.255903293195104,55.684913635253906,153878400
2008-01-11,55.358745245407285,55.529606521209104,54.294755178366735,54.5355110168457,120320000
2008-01-14,55.149070454877155,55.28886554308169,54.56659190823795,54.98597717285156,71078600
2008-01-15,54.27145388470326,54.488917472196086,53.642379086824775,53.97633361816406,95261600
2008-01-16,53.77438216779111,54.91604031146607,53.370533249926645,54.03067398071289,135714800
2008-01-17,54.34911423782366,54.44230697888057,52.56284498073676,52.718170166015625,123268100
2008-01-18,52.90455284099125,53.440428729427204,51.48330468088308,52.2055778503418,131880200
2008-01-22,50.06982567715982,52.912316135780756,49.85236810303603,51.83279037475586,150963700
2008-01-23,50.71444364736945,54.34910828219936,50.55134451784039,53.60353088378906,183099500
2008-01-24,53.96078795133874,54.54326620419083,53.02881919161028,53.564701080322266,113683300
2008-01-25,54.333591968224596,54.53551950061001,52.87351470971494,53.1764030456543,95436000
2008-01-28,53.059878927867096,54.34133211265924,52.586129532730155,54.30249786376953,81259000
2008-01-29,54.66752452204085,54.66752452204085,53.681197299001376,54.442298889160156,75340700
2008-01-30,54.147184226774705,55.4519358680925,53.665666694467,53.75886535644531,126086600
2008-01-31,52.89679099251538,55.57618852387066,52.811360376707526,55.09467697143555,117643600
2008-02-01,55.397582301948624,56.60136748032822,55.14129037532082,56.39167785644531,100612100
2008-02-04,56.33730005843768,56.38389642483704,55.66939115542794,55.75482177734375,54583900
2008-02-05,54.90052954809118,55.58396869853622,54.20932236034666,54.32581329345703,125988100
2008-02-06,54.69082483742244,55.04807746463655,53.46373586224655,53.60353088378906,97259100
2008-02-07,53.308414799218205,54.768491639220485,53.17638780350394,54.4500732421875,125972100
2008-02-08,54.32580263123358,54.861684519472135,53.5879992150495,54.10834503173828,86493200
2008-02-11,54.100577283929525,54.51995636767083,53.37830408928127,54.13163757324219,80655800
2008-02-12,54.44232574009313,55.18013543761219,54.14720541625234,54.55882263183594,76564500
2008-02-13,55.15682396496453,55.8790974871353,54.908300060845406,55.79366683959961,86241400
2008-02-14,55.99558736054707,56.05771981012589,54.38017922315681,54.50444412231445,78328200
2008-02-15,54.209322722881865,54.465608702714995,53.70450695001425,54.26368713378906,64549100
2008-02-19,55.048078134211174,55.149044827554924,54.069518896786306,54.93158721923828,50724600
2008-02-20,54.00741543500016,55.071411789725914,53.72005719824919,54.962677001953125,71204100
2008-02-21,55.34320876780042,55.72375961340004,53.77439716505959,53.91419219970703,85702100
2008-02-22,53.984092679668706,53.984092679668706,52.842434217593926,53.91419219970703,84228000
2008-02-25,53.88315049199046,55.14130637620992,53.611328335755005,54.962677001953125,76367400
2008-02-26,54.651993346317994,56.0732357369585,54.60539105831624,55.47522735595703,92917400
2008-02-27,55.017047721760775,56.10434239626119,54.91608688798432,55.451969146728516,85186500
2008-02-28,54.962655268562926,55.250013391686444,54.34911661221411,54.6131706237793,68720700
2008-02-29,54.05398886858986,54.13165146234735,52.889032186399234,53.479278564453125,98588500
2008-03-03,53.11426077681829,53.37055268306035,52.197827899421334,52.966697692871094,84853500
2008-03-04,52.47741851106612,53.14532752620628,51.86387390761055,52.65604782104492,90523200
2008-03-05,52.97448953838809,53.355040587449764,52.368712706128555,53.16088104248047,92841800
2008-03-06,52.74148331913168,52.95117294773722,51.203737650008655,51.39012908935547,104781300
2008-03-07,50.76103884434816,51.91045928366164,50.63677397238172,51.227020263671875,119085300
2008-03-10,51.273638247587634,51.304704478678346,49.782494706899925,50.0931510925293,82737100
2008-03-11,51.62309725661873,52.26770782470703,49.87566282462996,52.26770782470703,117570000
2008-03-12,52.19006700668843,52.842445955042585,51.646422820790995,51.66195297241211,92575100
2008-03-13,51.164888980202164,52.79583287248578,50.63677511299921,52.69486618041992,123504200
2008-03-14,53.08319003821108,53.08319003821108,50.7532767438468,51.3668212890625,176997100
2008-03-17,49.8834597121221,51.211509937560066,49.8834597121221,50.5280647277832,126969000
2008-03-18,51.73182547388178,52.951146138383805,50.72219433181874,52.85018539428711,161001200
2008-03-19,53.26957391476541,53.533633798620585,51.452244646113954,51.5299072265625,132792600
2008-03-20,51.607578399090336,52.889031928301776,51.56098202811845,52.40752029418945,103328000
2008-03-24,53.029836985924696,54.7256718681002,52.85869676025419,54.44562530517578,90751700
2008-03-25,54.40674477577255,54.78791703462566,53.89332399307322,54.62455749511719,50600
2008-03-26,54.39896380101334,54.66344897757096,53.939996200287844,54.173370361328125,63054100
2008-03-27,54.51564638023062,54.51564638023062,53.65217036460999,53.675506591796875,63938500
2008-03-28,53.76107062796571,53.99444474331395,52.87425848556287,53.0453987121582,228800
2008-03-31,53.06095413014764,53.8466406532556,52.749790621841996,53.12318801879883,64266300
2008-04-01,54.0333313414905,55.09128361002404,53.78440174506789,55.06794738769531,65928500
2008-04-02,55.15352286329794,55.635820664920026,54.74123373547894,55.2001953125,58947900
2008-04-03,54.7878858640067,55.59690831482993,54.725651998186116,55.371315002441406,57228200
2008-04-04,55.37135232343054,55.9236649012206,54.95128234843133,55.355796813964844,159400
2008-04-07,55.74473586024455,55.90031465570742,55.060174916326446,55.26243209838867,40283000
2008-04-08,54.82682404463453,55.44914535804732,54.74125389961049,55.2079963684082,49572900
2008-04-09,55.30132540525176,55.50358259307606,54.025560254269145,54.305606842041016,71772700
2008-04-10,54.21223403715473,55.14571822603352,54.009976953416825,54.88123321533203,56065900
2008-04-11,54.2356056257431,54.282278085143915,53.22432548241369,53.4732551574707,79545300
2008-04-14,53.39546469228017,53.88554331116468,53.076526334420834,53.30989456176758,57846400
2008-04-15,53.57437506551735,53.737734572795894,53.10762683334974,53.652164459228516,45940300
2008-04-16,54.204491143523725,55.44913957550294,54.204491143523725,55.386905670166016,72389400
2008-04-17,55.10686017906001,55.34023436145909,54.570109055465316,55.16909408569336,48815600
2008-04-18,56.01697047994761,56.219221614266765,55.59690084452372,55.752479553222656,70736400
2008-04-21,55.50360068176408,55.87699823213419,55.41025574538609,55.760311126708984,40019000
2008-04-22,55.425800387096615,55.43358110858651,54.07224566048238,54.74124526977539,68800
2008-04-23,54.86567178238034,55.24684380042861,54.414485185944905,54.88123321533203,48056900
2008-04-24,54.84236247623379,55.96254880046447,54.17336296981276,55.41023635864258,230600
2008-04-25,55.86143525481975,56.219271349349334,55.0835291532461,55.93144989013672,56252000
2008-04-28,55.95478851589443,56.55377362833616,55.69029734387594,56.30484390258789,35470700
2008-04-29,56.17260845679816,56.304851092217206,55.456936145756,55.80699157714844,40940300
2008-04-30,55.98590964946358,56.5226668217195,55.30912912509539,55.542503356933594,62315700
2008-05-01,55.589157208715406,56.6782267009012,55.41024216786313,56.499305725097656,55323500
2008-05-02,57.10607613102712,57.176084814676706,56.1959216989245,56.437076568603516,58836700
2008-05-05,56.25815502411327,56.553757132544355,55.91587452543964,56.21925735473633,39901300
2008-05-06,55.90032054182085,56.84158600386967,55.75251651610243,56.678226470947266,60503800
2008-05-07,56.70934732887916,56.95827700595853,55.495809960034585,55.66695022583008,57431100
2008-05-08,55.791418722198436,55.985895220290345,55.37912949583587,55.78363800048828,60442700
2008-05-09,55.37913604720228,56.102588943086914,55.26244894755268,55.62028503417969,51712800
2008-05-12,55.970334029382585,56.997169706542394,55.86142766475592,56.841590881347656,48246600
2008-05-13,57.02049493970632,57.284980050989624,56.569308171687744,57.16829299926758,52328700
2008-05-14,57.29277360392316,57.83730538733371,56.47596999385601,57.098297119140625,60659500
2008-05-15,57.15276623571395,57.79064904628942,56.8649388213867,57.21500015258789,46599700
2008-05-16,57.922887336160066,57.969559802848224,56.8571538454777,57.526153564453125,64245200
2008-05-19,57.588374726862895,58.14068722188586,57.15274930767885,57.54170227050781,102762700
2008-05-20,57.12940996787493,57.355003386222634,56.631550677366505,57.331661224365234,82109000
2008-05-21,57.269408502489256,57.74393136092005,56.20367576659661,56.51483917236328,100026600
2008-05-22,56.62376286714299,57.22274771090039,56.545973475544,56.91936492919922,60034900
2008-05-23,56.670439988221915,56.934931063408904,55.79918923454863,56.17258071899414,64498000
2008-05-27,56.304826888290066,57.11384973623809,56.281490660889325,57.03606033325195,62334000
2008-05-28,57.284994740001466,57.37834559230611,56.7249014960766,57.30055618286133,54387400
2008-05-29,57.18385200764633,58.35848538952604,57.15273506617969,57.883968353271484,69851700
2008-05-30,57.94621173995506,58.1951414030612,57.681726569445985,58.08623504638672,41633900
2008-06-02,58.00843393991886,58.055106387665745,56.958262320963094,57.557247161865234,69923200
2008-06-03,57.75951127443545,58.0706748117256,56.833801383108714,57.44056701660156,87672400
2008-06-04,57.23834555422213,58.30407336033478,57.05164377370059,57.798439025878906,85092200
2008-06-05,57.899548545684915,59.29978183401375,57.75952521685203,59.27643966674805,106082100
2008-06-06,58.92638868762645,58.98084187871856,57.48726355023271,57.5028190612793,123993000
2008-06-09,57.65839304675133,57.868425048779876,56.61599595329606,57.31611251831055,98998100
2008-06-10,56.794923846968764,57.285002534610896,56.203713571831365,56.89604949951172,98697900
2008-06-11,56.82602934331054,56.9582719241897,55.83030478887914,55.90810012817383,97453600
2008-06-12,56.22703746910399,56.86492006932812,55.72139744741328,56.0247802734375,98505200
2008-06-13,56.52264552558266,57.059396560652694,56.25037371270467,57.03606033325195,84102300
2008-06-16,56.826048895192386,57.63506610066166,56.748253529131006,57.393917083740234,67157700
2008-06-17,57.705053522073776,57.767287411584185,57.2149749958176,57.34721755981445,52324000
2008-06-18,57.01273151129846,57.168310337479035,56.390404336672596,56.88826370239258,88091900
2008-06-19,56.872710490337404,57.40946755175326,56.5693276125681,57.362789154052734,105967200
2008-06-20,57.13716095677649,57.13716095677649,55.89251324888245,56.452606201171875,121586400
2008-06-23,56.724910224696195,56.77936341318175,55.90033167478566,55.923667907714844,73028000
2008-06-24,55.58137714902581,55.92365766248768,54.92793900690917,54.997947692871094,112302100
2008-06-25,55.200215036412565,56.08702749782567,55.12242561496364,55.62028503417969,116515200
2008-06-26,55.0835331032618,55.19243949049554,54.150048088414636,54.18894577026367,114823500
2008-06-27,54.22783912654783,54.6479091761819,53.67552645062705,54.24340057373047,118012300
2008-06-30,54.34451466193365,54.61678058008925,53.61328110892841,53.714412689208984,115067900
2008-07-01,53.0843001243863,53.87776751334442,52.60200223595233,53.753299713134766,150735900
2008-07-02,53.81341371726039,54.01642594732522,52.197137557485746,52.228370666503906,148254900
2008-07-03,52.236163507279905,52.3064335119718,51.3772741374535,51.947261810302734,166200
2008-07-07,52.10345936795574,52.34550858698484,50.70580860699423,51.29141616821289,125544000
2008-07-08,51.36950346371038,53.20440623124609,50.94786524339472,53.149749755859375,131778100
2008-07-09,53.17316568099876,53.52453379406822,51.533465691332545,51.728668212890625,131076400
2008-07-10,51.58810575658364,52.665621188427934,51.502216197838116,52.23617935180664,131228600
2008-07-11,51.728676907317535,52.92331558690755,51.275805551479344,52.52510070800781,131381400
2008-07-14,52.92331791402201,53.01701728879769,51.42416366026787,51.658409118652344,113936200
2008-07-15,51.18209174438815,52.532889546401826,50.37785253687316,51.439754486083984,143442400
2008-07-16,51.77550670064298,53.47767265696496,51.36948814132081,53.329322814941406,112222900
2008-07-17,53.65727248317112,54.29753654428474,53.157554482160904,53.407413482666016,115518700
2008-07-18,54.469304999459226,54.539575037121004,53.50890611833048,53.782188415527344,99585800
2008-07-21,54.16477851915138,54.461484101598316,53.86026317063566,54.43806076049805,70224400
2008-07-22,54.024250755193584,55.898190161170724,53.89150851563193,55.80449676513672,136363600
2008-07-23,55.734210300508096,56.60090979380436,55.5780506983549,56.163658142089844,118339100
2008-07-24,56.11682309362907,56.163669792571426,54.547393150870015,54.74259567260742,112118900
2008-07-25,55.19545472562584,55.75763881682961,54.820663345787686,55.187644958496094,112551100
2008-07-28,55.15642323503498,55.31258286723025,54.047674357967466,54.25068664550781,82119100
2008-07-29,54.40682265764261,55.74981635706675,54.35216621439188,55.57803726196289,122965400
2008-07-30,55.89816831049151,56.2729596194453,55.15640141534238,55.913787841796875,153225200
2008-07-31,55.29696529090866,56.22613111951777,55.23449905970133,55.68737030029297,95287500
2008-08-01,55.781045102255774,56.0309039600342,54.90653612147875,55.75762176513672,107406700
2008-08-04,55.77325677713371,55.820103469380015,54.50834247251716,55.242305755615234,104200100
2008-08-05,55.42970510763525,56.19490159606964,55.2423123591422,56.18709182739258,93469200
2008-08-06,55.98408858882498,56.733671618149295,55.59368349139354,56.46819305419922,79587900
2008-08-07,55.99969606650133,56.48379447049288,55.414088546492636,55.62490463256836,89727900
2008-08-08,55.62489657840758,57.28802550696984,55.42189028998294,57.09282302856445,112771400
2008-08-11,57.20994307433842,59.02923170849939,57.10063015664788,58.45924377441406,174577700
2008-08-12,58.279656639066374,58.47485913476451,57.82678541934093,58.02198791503906,128837600
2008-08-13,57.97512705427427,58.52169152581561,57.41294305091405,58.23279571533203,151007500
2008-08-14,57.91266774223258,59.06045922634914,57.82677817831184,58.794986724853516,118194800
2008-08-15,59.13854618797224,59.55237452403046,58.154729902775955,58.63882827758789,98174800
2008-08-18,58.771565945086785,58.88868863624168,57.436381562979065,57.88144302368164,97838400
2008-08-19,57.491035144865144,57.6472007109519,56.56187534435467,56.92104721069336,105131600
2008-08-20,57.13187034347825,57.63939807108366,56.43694987050289,56.9991340637207,101308300
2008-08-21,56.639955918594495,56.96008490848533,56.25736070142004,56.3432502746582,83526000
2008-08-22,56.8039291433447,57.6315858610145,56.70242598496692,57.53008270263672,77915300
2008-08-25,57.17089807615852,57.53006989171534,55.19545011204282,56.26515579223633,88256100
2008-08-26,56.35886491309786,56.6711900982839,55.79668077118448,56.35105514526367,53866300
2008-08-27,56.37447122757953,57.397336226191186,56.30420119744865,57.022544860839844,62031400
2008-08-28,57.2880385928102,58.28747455740167,57.0225600638422,58.17816162109375,75512600
2008-08-29,57.91268719330445,58.18596955342719,57.41296917562039,57.67844772338867,83919800
2008-09-02,58.568573017087516,58.95116833564625,56.99914289406856,57.6628303527832,112584000
2008-09-03,57.50665540977689,58.32650230298397,57.30364314984153,57.89706039428711,96282200
2008-09-04,57.40513304707907,57.530065472688406,55.81228632030156,56.0777587890625,126675300
2008-09-05,55.85914172744941,56.30420313827305,54.766006661026154,55.93722152709961,122285000
2008-09-08,57.79554344844568,58.05321213298721,55.93721811873244,56.593101501464844,148091600
2008-09-09,57.18650285814543,57.66279726918878,55.093932547086204,55.28913497924805,132381100
2008-09-10,55.882576580867756,56.35887120106757,54.992453575896185,55.80449676513672,126869000
2008-09-11,55.06273305153277,56.21833477639784,54.57863453684139,56.15586853027344,144283600
2008-09-12,55.687367296419154,56.52283373315074,55.46874145609423,56.41352081298828,117705200
2008-09-15,54.77382039589265,55.820102892632136,53.71191836382755,53.883697509765625,168634300
2008-09-16,52.93891811908164,55.43750762939453,52.88426165970315,55.43750762939453,252238200
2008-09-17,54.61765575998245,54.71135510221286,52.66563080848762,52.93891906738281,266078500
2008-09-18,54.1882079225022,56.33543513446866,52.4391954251085,56.06215286254883,355117000
2008-09-19,61.62151073256663,67.18868866722565,57.74088490048268,58.56073760986328,138448700
2008-09-22,58.71691990124575,58.84185238253891,54.82848875617916,56.17928695678711,98340700
2008-09-23,56.21833030066952,56.70243473392883,55.28916432414758,55.429710388183594,92894300
2008-09-24,55.42190567838156,55.57839603154972,53.911750488384065,54.72551345825195,91760200
2008-09-25,54.70982796619882,55.758331805501776,54.686355024300816,55.00716781616211,115328200
2008-09-26,53.99779785822889,55.31233653483355,53.82565496478803,55.265384674072266,94646800
2008-09-29,54.16992314551301,55.030631363250706,50.899227142333984,50.899227142333984,150003200
2008-09-30,51.54084851093263,53.51265297142484,50.899228983261686,53.20749282836914,107271100
2008-10-01,52.57370473957297,52.698895748321455,51.869486659986116,52.44068145751953,69571300
2008-10-02,52.135533179267675,52.44851972712691,49.62382643046756,49.7490234375,116143300
2008-10-03,50.35934443483271,51.36089662239451,48.30146487614466,49.060455322265625,118870500
2008-10-06,47.385979479224574,47.51117349035769,44.11528258040368,46.72871017456055,172301800
2008-10-07,47.10429309538355,47.28425930322409,43.528435913611936,43.66145324707031,152283000
2008-10-08,42.10436133944109,44.5612962127601,41.869619905288,42.61296081542969,173741000
2008-10-09,43.54409178243265,43.76318059124432,38.69281784047162,39.11534881591797,154548100
2008-10-10,37.29220988343257,42.777277645205146,36.39237567431281,41.04021072387695,205089400
2008-10-13,42.67553476361085,44.897729908567655,41.04018689653144,44.58474349975586,128725200
2008-10-14,45.96971748303,46.04796261671649,42.14347253946698,43.33281707763672,131474600
2008-10-15,42.605130006472,42.918113555570216,39.162290072366076,39.44397735595703,109147700
2008-10-16,39.92127510488692,42.159120462424845,37.78515080492628,42.026100158691406,207587400
2008-10-17,40.33597930556607,43.38758712647237,39.6865363704169,40.844581604003906,131845100
2008-10-20,41.66616559092759,42.808561151795956,41.04801894372859,42.792911529541016,82673400
2008-10-21,42.21389773342426,42.71467379277572,41.329713324647656,41.61140060424805,83005200
2008-10-22,40.500294561794476,41.04801940746424,38.58326207924074,39.506568908691406,91861700
2008-10-23,39.65524000601368,39.858679149255096,36.5253868278586,38.33287811279297,133202600
2008-10-24,35.17172054351289,37.71472587891351,35.12477167815584,36.90878677368164,105748800
2008-10-27,36.08719767305488,37.300014892402594,34.97610149341732,35.101295471191406,99416400
2008-10-28,35.78204948215449,38.10596664167917,34.49098671508813,37.91035079956055,114981800
2008-10-29,37.957309917309495,39.69438015574793,37.417411079488154,38.105979919433594,94984800
2008-10-30,39.44397538257982,40.281210886443475,38.747583513465266,40.242088317871094,77436600
2008-10-31,40.14037510990003,42.323448891026445,39.49875530815023,42.057411193847656,113060500
2008-11-03,41.84613734374158,42.722495412732954,41.76789220690438,42.11217498779297,54872700
2008-11-04,42.9806982709473,43.199786983532995,41.77570438200632,42.5972900390625,79680500
2008-11-05,42.198239183320716,42.597294088445295,40.14818650462441,40.36727523803711,73881200
2008-11-06,39.94474068632172,40.453342895625916,38.76322271782316,38.802345275878906,85233800
2008-11-07,39.17794117885425,39.96040455847564,38.58327032368079,39.60829544067383,62313000
2008-11-10,40.48465568981475,40.56290083212181,38.285932566600415,38.692813873291016,50459600
2008-11-11,38.262445271531895,39.04490834060323,37.56605063277624,37.85556411743164,73187400
2008-11-12,37.25308590778747,37.85558313178181,35.46124386322963,35.6490364074707,75376800
2008-11-13,35.758563555450245,38.69280012206498,33.83370508411733,38.583255767822266,142362300
2008-11-14,37.73820015865643,38.58326185591739,35.60207595928271,35.71162033081055,98697500
2008-11-17,35.48471640380619,36.44714907778798,35.12478393175027,35.406471252441406,84029400
2008-11-18,35.469051452793046,35.9854769458681,33.724156226409185,35.234310150146484,98246400
2008-11-19,35.03869711709461,35.32821061694702,32.26877997567825,32.362674713134766,96005900
2008-11-20,32.080990936207726,32.808681945012964,30.077884086128986,30.148305892944336,140070900
2008-11-21,30.742982647147784,31.96362344012082,29.045035796221764,31.799306869506836,160636700
2008-11-24,32.237482847667955,34.459678345508394,31.86972420664314,34.037147521972656,97052300
2008-11-25,34.60052490234375,34.75701516007822,33.37988119193663,34.60052490234375,80072400
2008-11-26,33.85717952744515,36.79923954242721,33.802407347887545,36.67404556274414,88144900
2008-11-28,36.220219565080455,37.761669925351164,36.11849852084411,37.041805267333984,24156600
2008-12-01,36.087190037362966,36.24368322268314,32.47221208227726,32.879093170166016,89163400
2008-12-02,33.41899330922956,34.68658549161012,32.832146071599105,34.60833740234375,81228000
2008-12-03,33.763292948723425,35.907240742047236,33.66157188287852,35.65685272216797,102868600
2008-12-04,35.06999332228643,36.34540891718484,33.849349901568345,34.47532272338867,101436300
2008-12-05,33.93543169051702,36.204576401320956,33.129495465546356,36.071556091308594,113947900
2008-12-08,36.955751592035064,38.004252825409885,36.752312390721194,37.66779327392578,99336100
2008-12-09,37.31567456023947,38.661512422332144,36.212401401272544,36.501914978027344,81950900
2008-12-10,36.92444456964902,37.90252376132625,36.58798508892318,37.36262512207031,74636500
2008-12-11,36.971402836559285,37.48782866154851,35.0465432147687,35.46907424926758,73178000
2008-12-12,34.553576779664255,36.77577251484958,34.44403240294236,36.689701080322266,97291600
2008-12-15,36.9792271528088,37.135720464407235,34.913523797322114,35.50819778442383,78607200
2008-12-16,36.19675758170128,37.93382738136591,36.07156355014011,37.81645965576172,109318300
2008-12-17,37.51128260274655,38.73974951817875,37.22177207095209,38.160728454589844,79576900
2008-12-18,38.18420088831969,38.85711967076104,37.02615579162109,37.91816329956055,87888400
2008-12-19,38.340718414796704,39.13100537898694,37.722571421946384,38.105979919433594,88221200
2008-12-22,38.27808691505226,38.29373653257626,36.08719120430138,37.37042999267578,75338900
2008-12-23,37.63140847517245,37.844282927551134,36.53550159661039,36.82721710205078,64575300
2008-12-24,36.84300092858323,37.142602465980595,36.39360012628449,36.961265563964844,19412400
2008-12-26,37.33181679827433,37.584111842997736,36.842995525072006,37.489501953125,25104700
2008-12-29,37.33970086859992,37.51315483114033,36.19648731180856,36.9139518737793,41442100
2008-12-30,37.1189389283499,38.00197143335345,36.874526829892766,37.93889617919922,38835200
2008-12-31,38.01774599455019,39.67343256769364,37.95467073086002,38.821937561035156,75369500
2009-01-02,39.2161504738991,39.988804438833114,38.80617026662088,39.5945930480957,51588500
2009-01-05,39.80745411835599,40.05186317322409,38.94018754702414,39.73649597167969,59247000
2009-01-06,40.06763621464928,40.92701696730702,39.720731354047395,40.40665817260742,77980800
2009-01-07,39.63403459793334,40.485530089403916,38.65638850725664,39.21617126464844,77662100
2009-01-08,38.93232012542129,39.53940606446419,38.76674904561366,39.405372619628906,59214100
2009-01-09,39.507861540955815,39.570933792308914,37.78121392220564,37.94678497314453,82725900
2009-01-12,37.804868102054826,37.93101561053284,36.661654614701284,36.819339752197266,53721400
2009-01-13,36.76415961592219,37.53681367487616,36.59070562046093,37.308170318603516,62644600
2009-01-14,36.51974224541304,36.79568901021016,35.57363432560352,35.66824722290039,74519500
2009-01-15,35.72344213126545,36.677433103742516,34.54080779948887,36.24380111694336,100622800
2009-01-16,37.04011222682642,37.07953277535822,35.45538331812583,36.64590072631836,80512600
2009-01-20,36.17283463120428,36.4645501906028,34.146588515274516,34.162357330322266,85180200
2009-01-21,34.69059401685427,36.02302711340433,33.93370905103625,35.8653450012207,66088100
2009-01-22,35.1005843438458,35.73920791144449,34.193896896864324,34.82463455200195,69790800
2009-01-23,33.93371552374191,35.48690627968809,33.79179918963193,34.998085021972656,76444000
2009-01-26,34.97442521398218,36.164941955259636,34.8325089126917,35.39228820800781,62967900
2009-01-27,35.534217139969854,36.125534269666616,35.25827034914914,35.778629302978516,54932300
2009-01-28,36.464548968764205,37.442194415808586,35.86534905499716,37.25297164916992,71034500
2009-01-29,36.732617473075365,37.23720757150772,35.67613082663479,35.794395446777344,66434400
2009-01-30,36.07821839996459,36.275324058417965,34.77732285872852,35.06903839111328,58185500
2009-02-02,34.422539423363496,35.58940480969514,34.40677060640836,35.35287857055664,62907300
2009-02-03,35.69976961681035,35.93629877142223,35.0453805098054,35.605159759521484,57452200
2009-02-04,35.64458053199191,36.36204488726817,35.108452990951065,35.3449821472168,65080500
2009-02-05,35.03750970566764,36.27533331604547,34.84828990951512,35.754974365234375,71623700
2009-02-06,35.81015474124178,37.18989435646749,35.64458670923718,37.02432632446289,53776100
2009-02-09,36.89030228118925,37.16624904878159,36.44090154105648,36.8587646484375,55265000
2009-02-10,36.57492567971185,37.13470503062612,35.04538684539022,35.155765533447266,83914300
2009-02-11,35.38441927591024,35.62882844094439,34.76156448629144,35.2898063659668,58417600
2009-02-12,34.76945207156782,35.644602056973774,34.27274776168469,35.589412689208984,79209300
2009-02-13,35.5420977560872,36.030919001665275,35.14788639503527,35.218841552734375,58901500
2009-02-17,33.90217862777253,34.39099989609312,33.76814820242419,33.82333755493164,81542900
2009-02-18,34.099269127833395,34.17022726481931,33.216236873469825,33.342384338378906,78276200
2009-02-19,33.72872275057846,33.90217671013013,32.82203843381741,32.877227783203125,64544300
2009-02-20,32.246487341981485,32.82991841427714,31.686704978981656,32.435707092285156,83388200
2009-02-23,32.624931484741715,32.680120831978165,31.119044279588834,31.19000244140625,78804200
2009-02-24,31.568441194179044,32.61704167389262,31.22153333006254,32.341094970703125,81463900
2009-02-25,32.19918132688391,32.522434494893034,31.134811946452178,31.670936584472656,104493600
2009-02-26,32.002078417694555,32.12822593295577,30.914054218820283,31.079622268676758,68400200
2009-02-27,30.527741911464776,31.442312542733273,30.464666622883012,30.866764068603516,87450900
2009-03-02,30.165052090167396,30.291199605675487,29.029724450594586,29.12433433532715,83622800
2009-03-03,29.510661098457515,29.542198727421738,28.39898524201618,28.572439193725586,67796200
2009-03-04,29.006074077962985,29.684118133145994,28.556673345126644,29.163759231567383,80120300
2009-03-05,28.580326785677524,28.9272317384111,27.531723007550834,27.610567092895508,97980100
2009-03-06,27.910147430566816,28.28858973036804,27.05865000032002,27.75246238708496,76036000
2009-03-09,27.381915339823955,28.09937975414933,27.011355771596612,27.11385154724121,75737000
2009-03-10,27.79190426078657,29.02184493633833,27.673639635362502,28.879928588867188,76181500
2009-03-11,29.234710364982,29.802372570718223,28.667045151652353,28.919340133666992,82274800
2009-03-12,28.801078372700378,30.89828249634535,28.4384046763964,30.71694564819336,86839000
2009-03-13,31.008670375391453,31.26884833718551,30.559266609393866,31.040205001831055,72449700
2009-03-16,31.387114254816613,31.694598680336295,30.401585707589703,30.480426788330078,78042300
2009-03-17,30.535610829967407,31.891698837280273,30.299084621332213,31.891698837280273,64727100
2009-03-18,31.74188772028296,33.25566044577527,31.465941055330415,32.995479583740234,111491000
2009-03-19,33.46855057345448,33.507971114423135,32.443601470296905,32.648590087890625,64512500
2009-03-20,32.95606821646033,33.0506780982134,31.497487426357672,31.52113914489746,68436500
2009-03-23,32.593398977670944,34.312160938381545,32.270145746946156,34.2017822265625,94771600
2009-03-24,33.77543936019758,34.09974673107653,32.83415470961068,32.87370681762695,70562700
2009-03-25,33.182182146112396,34.234202065781346,32.28044992428154,33.799156188964844,95016000
2009-03-26,34.26583959238409,35.17548336187543,33.909891899217875,35.10429382324219,111103100
2009-03-27,34.50316078765042,34.80373938172909,33.87827776015925,33.92573547363281,78132900
2009-03-30,32.94488069924479,33.07143953938347,32.25671417717753,32.952789306640625,59094200
2009-03-31,33.3562137486571,34.25794939507485,32.91325906347205,33.261295318603516,66094400
2009-04-01,32.699669841736245,34.01271886803893,32.51774170755341,33.83869934082031,66464100
2009-04-02,34.898646286104736,36.045587921768195,34.66134874499552,35.53144073486328,92895500
2009-04-03,35.4839825049684,36.10095670608066,35.0884856032499,36.093048095703125,50763600
2009-04-06,35.58681206967458,35.68173047994858,34.82745573527697,35.476070404052734,63427300
2009-04-07,34.86700912862804,35.16758460851479,34.10765276614065,34.21839141845703,48410400
2009-04-08,34.41613964644156,34.98565616019108,34.16302186641998,34.85118865966797,60265100
2009-04-09,35.81621151110855,36.94733330377395,35.673832333192415,36.891963958740234,66699400
2009-04-13,36.59135441461187,37.17669087519669,36.1246681744187,36.907752990722656,58557300
2009-04-14,36.35407566658624,36.804941907847144,35.776650533346874,35.83993148803711,56579200
2009-04-15,35.60262654762988,36.50436193667575,35.50770814466776,36.385711669921875,48436100
2009-04-16,36.80492783185672,37.722480202134534,36.1958624542084,37.43772506713867,66307000
2009-04-17,37.516814167090175,38.18124869001233,37.113405875994516,37.76993179321289,51981400
2009-04-20,36.99478563715448,37.17671387487945,35.75292543634325,35.83202362060547,53370100
2009-04-21,35.642178701405655,37.224166167679115,35.55516890797636,37.073875427246094,60408100
2009-04-22,36.53600393910635,38.094262750528664,36.40944504694122,37.06597137451172,72784100
2009-04-23,37.25580473779825,37.34281453382931,36.33034349070802,36.97895812988281,70030200
2009-04-24,37.27160613523905,38.18915830862048,36.91565852112552,37.6671028137207,60773000
2009-04-27,37.05013000340318,37.8015743171431,36.86820188827041,37.26369857788086,49385100
2009-04-28,36.812844903577364,37.95978629047257,36.686286041275906,37.3190803527832,51197500
2009-04-29,37.81741734053594,39.20956519939893,37.67503820506787,38.73497009277344,79875900
2009-04-30,39.35194664345561,39.73953498327931,38.32365517384074,38.379024505615234,67809000
2009-05-01,38.481842646200036,38.99598671315914,38.29200284073425,38.616310119628906,64532300
2009-05-04,38.98017280671328,40.10338555183042,38.814064835837385,40.02428436279297,47528900
2009-05-05,39.85025850173138,40.032186668048915,39.25701330040855,39.8265266418457,58364200
2009-05-06,40.28531108934362,40.51469999623955,39.154189809024125,39.93727493286133,87550000
2009-05-07,40.53844104540039,40.65709134810404,38.67169478959852,38.996002197265625,67577300
2009-05-08,39.66834999489162,40.467252600949514,39.26494136831973,40.348602294921875,63463900
2009-05-11,39.589236428199335,40.0717430965845,39.383579381665534,39.75534439086914,40051600
2009-05-12,39.9768143348315,40.19829156101199,38.529294704692376,39.193729400634766,49453100
2009-05-13,38.521386702167895,38.60839647593471,37.3428049784736,37.39817428588867,68822200
2009-05-14,37.4851925449611,38.56094450522444,37.22416618197458,37.92023849487305,72813500
2009-05-15,37.87277250448209,38.29990673373416,37.398174557956175,37.77785110473633,53885500
2009-05-18,38.205006194347064,39.20956884697864,38.05471843399521,39.043460845947266,55512900
2009-05-19,39.05135351090853,39.51803985947394,38.600487396562414,39.05926513671875,55704100
2009-05-20,39.41521887050939,40.095470941211225,38.640042362622964,38.695411682128906,48021100
2009-05-21,38.18125465885587,38.521382087892626,37.53264026334405,38.19707489013672,49312200
2009-05-22,38.394842994948654,38.48976141403346,37.4535583629003,37.801597595214844,38440200
2009-05-26,37.4693694283733,39.67624249923225,37.42982034822128,39.60505294799805,73480700
2009-05-27,39.359843324813596,39.84234994180213,38.766598077841074,38.83778762817383,48207700
2009-05-28,39.201644932128005,39.3519326338118,38.04679195256409,38.88524627685547,58832400
2009-05-29,39.0671803585082,39.763255694984984,38.82197423010283,39.68415451049805,51665800
2009-06-01,40.62542787997885,41.42433001165205,40.419767873971324,41.234493255615234,70173300
2009-06-02,41.10001993503362,41.92265386716932,40.878542729228094,41.748634338378906,56794100
2009-06-03,41.37687193660781,41.535068225995694,40.926005873570595,41.4717903137207,44068400
2009-06-04,41.72491687718755,42.12832232881747,41.20286116586572,42.06504440307617,42972900
2009-06-05,42.46844916216048,42.54755033979899,41.66954688112071,42.08086395263672,50619300
2009-06-08,41.76446679381059,42.14414340806142,41.163312908930486,41.58253860473633,46325400
2009-06-09,41.79612112627079,42.13624877175832,41.57464378219612,41.77239227294922,35033700
2009-06-10,42.223247010195074,42.24697585700869,40.823187717559456,41.60626983642578,65032200
2009-06-11,41.64581743293735,42.286520366815516,41.5904481180936,41.62208557128906,62963200
2009-06-12,41.35313760378297,41.78027480132273,41.04465063358224,41.748634338378906,44094300
2009-06-15,41.155406908453685,41.20286762324886,40.182484885666895,40.62544250488281,45942200
2009-06-16,40.93394058529693,41.005130167880516,39.80281889391487,39.94519805908203,53065700
2009-06-17,39.94517238682157,40.63333589792033,39.549675630516404,40.15874099731445,71985300
2009-06-18,40.15873958519432,40.593785398352125,39.78697168177186,40.340667724609375,34317000
2009-06-19,40.91017597994842,41.06837223197722,40.42766956602032,40.58586883544922,38711500
2009-06-22,40.332780687162504,40.36441815024937,39.07510025303998,39.14628982543945,54877300
2009-06-23,39.344030723438706,39.502227060606124,38.774514253950514,38.82988357543945,40810600
2009-06-24,39.20954303508857,39.74741879449567,39.01970630670983,39.24909210205078,39962500
2009-06-25,38.87734732240705,40.4039656309978,38.82988660711026,40.38023376464844,42339200
2009-06-26,40.17456598085447,40.783631419682955,40.000546421931716,40.52260208129883,60379100
2009-06-29,40.60170325235514,40.79945165389422,39.8660789572377,40.52260208129883,49196600
2009-06-30,40.53051623111369,40.82318303874481,40.15874824750028,40.40395736694336,44575900
2009-07-01,40.61752205794974,41.329417538297186,40.58588460569084,41.028839111328125,46382900
2009-07-02,40.38668895303004,40.38668895303004,39.4421084214754,39.616737365722656,51688200
2009-07-06,39.26749038696289,39.48180694483825,38.61660440880878,39.26749038696289,47241700
2009-07-07,39.18810811852006,39.29129823444151,38.37846888245422,38.41815948486328,40473600
2009-07-08,38.59277732153031,38.71977934987888,37.52119789658726,38.15620803833008,65594900
2009-07-09,38.33084166945167,38.4340287484278,37.93395990363329,37.997459411621094,41678300
2009-07-10,37.775208914337206,38.31496839127495,37.56883171572819,38.18002700805664,39883000
2009-07-13,38.33083959152452,39.12460308013111,37.64026317630025,39.10078811645508,44825200
2009-07-14,39.09286513024054,39.46593506591558,38.85473660813734,39.33099365234375,32721400
2009-07-15,40.053305290442836,40.974070824890916,39.894551985613695,40.847068786621094,57645800
2009-07-16,40.70420504755272,41.5694076756525,40.59307860452552,41.3550910949707,38353400
2009-07-17,41.474131704367004,41.49000733344716,41.06137443218285,41.19631576538086,35682600
2009-07-20,41.474161089711025,41.863106707834675,41.29953207406749,41.70435333251953,42596800
2009-07-21,42.101220869797224,42.12503280816829,41.109016398099335,41.63290023803711,40423000
2009-07-22,41.45033152841254,42.236155708925935,41.3868289940851,41.95833969116211,47552200
2009-07-23,41.97421610169542,43.514116252029844,41.886901629362725,43.2839241027832,64531400
2009-07-24,42.99816861107883,43.55380368307722,42.831478997869574,43.50617980957031,31293500
2009-07-27,43.49824335263991,43.83162562905281,43.19661234597448,43.72843551635742,32672800
2009-07-28,43.46648011945542,43.910988689673,43.133100962767415,43.752235412597656,56192800
2009-07-29,43.514104076376974,43.76017179064729,43.29185132024036,43.52997970581055,47421300
2009-07-30,44.14117444663598,44.79999636406597,43.95860926402366,44.291988372802734,67822300
2009-07-31,44.1173868117145,44.67301896564087,44.08563553778496,44.10944747924805,40477300
2009-08-03,44.6412546742137,44.91113434967535,44.14911918909906,44.8793830871582,32392400
2009-08-04,44.617444541633844,45.498522490045005,44.57775697317613,45.33183288574219,41223700
2009-08-05,45.37945184595155,45.37945184595155,44.45075012707786,44.8793830871582,54105900
2009-08-06,45.069883194261315,45.21276084314499,44.14118150448439,44.2523078918457,52403600
2009-08-07,44.942897669929536,45.91129030598755,44.68095723615677,45.31596755981445,49363300
2009-08-10,45.18894756919774,45.681079996313706,45.01431866397693,45.39532470703125,44780600
2009-08-11,45.2207123235482,45.27627553215898,44.43488504353214,44.665077209472656,36077000
2009-08-12,44.68888166871948,45.911278109506966,44.65713040397941,45.33976745605469,53618600
2009-08-13,45.71284103393555,45.86365501199427,45.03020392530686,45.71284103393555,43539700
2009-08-14,45.641401685188676,45.6810892549736,44.3078787502362,44.77619934082031,60224900
2009-08-17,43.86336922621974,43.95068369479583,43.402987975501404,43.51411437988281,48853300
2009-08-18,43.81574326741714,44.363438960621714,43.5934874412742,44.09355926513672,39358200
2009-08-19,43.60142421589011,44.66506730305093,43.51410975659102,44.63331604003906,37740100
2009-08-20,44.53808742521059,45.220724779566744,44.33964647466374,45.11753463745117,40013900
2009-08-21,45.59378178406018,46.347857837606796,45.538218572237916,46.15735626220703,38321700
2009-08-24,46.35578836538937,46.64948000466561,45.91127972726712,46.14147186279297,33986500
2009-08-25,46.35578423136716,46.88760426122242,46.197030944197785,46.339908599853516,30197300
2009-08-26,46.27642177418163,46.649491671407496,46.062105217986016,46.443111419677734,34163900
2009-08-27,46.38754158922567,46.51454363834459,45.427088403515846,46.371665954589844,45253800
2009-08-28,46.84792012841015,46.974922161856156,45.76840133013542,46.07796859741211,39328800
2009-08-31,45.60965172169317,45.736653765415134,45.18895801960807,45.40327453613281,35360500
2009-09-01,45.133396303260874,46.141476383287035,44.21263069891719,44.38725662231445,77077500
2009-09-02,44.17293643085284,44.498379318540316,44.0300587701152,44.16499710083008,43436100
2009-09-03,44.38725149593141,44.69682179068019,43.82368016266426,44.65713119506836,43089000
2009-09-04,44.60158433491238,45.331848564572226,44.34758017537029,45.28422164916992,37229900
2009-09-08,45.76839942291653,45.81602631896187,45.24451567828664,45.78427505493164,41062500
2009-09-09,45.78428602971659,46.85586570987992,45.65728397111969,46.57011032104492,37219700
2009-09-10,46.57010139312325,47.27655342585099,46.197034620747196,47.14955139160156,39171200
2009-09-11,47.3003618869371,47.617868463224255,46.911416482383686,47.16542053222656,31718400
2009-09-14,46.816166389927425,47.71311990698865,46.72885192880193,47.66549301147461,37896000
2009-09-15,47.63374664235726,48.197321032631216,47.44324509666062,48.054443359375,48814300
2009-09-16,48.26876202591438,49.05458623596684,48.11794501520125,49.04664993286133,39404000
2009-09-17,49.0069649118455,49.48322185011942,48.697394571202906,48.94346237182617,50596200
2009-09-18,49.28478060965998,49.28478060965998,48.625955387424234,49.141902923583984,36822800
2009-09-21,48.673575775612974,49.181583912329074,48.49101054072859,49.0069580078125,37511600
2009-09-22,49.35304012668909,49.52012511320231,49.002963223464896,49.34508514404297,36266400
2009-09-23,49.432614363927215,49.81451733927428,48.78019640165575,48.87567138671875,54838900
2009-09-24,48.95524577282704,49.13824080518849,47.54697648716288,47.897056579589844,60639600
2009-09-25,47.666321570100344,48.008443634429405,47.34806749883283,47.6026725769043,51804400
2009-09-28,47.91296621470462,48.9950263604183,47.769752193354535,48.740421295166016,47925100
2009-09-29,48.772244428261075,49.15414745094905,48.46990339713898,48.52560043334961,37453200
2009-09-30,48.62903671360502,48.72451475796451,47.387852487889745,47.92888259887695,79344900
2009-10-01,47.841362538816064,47.88114353972056,46.41718024672617,46.496742248535156,62840600
2009-10-02,45.97161222478086,46.56038119201649,45.77270424106673,46.14665222167969,66448000
2009-10-05,46.39330247529401,47.17302146205166,46.21030748162493,46.97411346435547,48919600
2009-10-06,47.356024574282436,48.09596269537245,47.22872355533661,47.84931564331055,52211000
2009-10-07,47.72202033216983,48.064142430586784,47.618587293437805,47.865234375,35534000
2009-10-08,48.31873893456031,48.780207027225245,48.032310881884925,48.302825927734375,48971800
2009-10-09,48.41420772939628,48.93932474690236,48.27099372143141,48.86771774291992,34597000
2009-10-12,49.16209937700282,49.35304934712883,48.64493739064603,48.87567138671875,26895500
2009-10-13,48.78817311769559,48.923432188954294,48.215316881957854,48.668827056884766,35459500
2009-10-14,49.38489130970618,49.695187387736375,48.971162193967224,49.59971237182617,38634600
2009-10-15,49.32123471709284,49.6872247509793,49.19393370378035,49.56787872314453,28632600
2009-10-16,49.241678445641035,49.34511148582282,48.64495427051674,49.0745964050293,49031800
2009-10-19,49.23370652927243,49.74291049800185,48.83589054931569,49.480350494384766,38229600
2009-10-20,49.52015254498681,49.58380154669766,48.525612233098464,48.79612731933594,43952800
2009-10-21,48.72451900133684,49.647452264851964,48.06414279493663,48.13574981689453,64591600
2009-10-22,48.11983300055857,49.018898197313156,47.554934891531396,48.8040771484375,58421000
2009-10-23,48.90750861539218,49.0745906363636,47.714060405432164,47.785667419433594,68826500
2009-10-26,47.928870229642996,48.66880515434771,47.11732527260149,47.356014251708984,69899500
2009-10-27,47.395818854894074,47.65042096413041,46.695661536945885,46.77522659301758,71958600
2009-10-28,46.6160896554268,46.78317168519025,45.02482529174621,45.21577835083008,84951000
2009-10-29,45.61358913516946,46.33761421500887,45.4465040897484,46.07505416870117,73615700
2009-10-30,45.88410686565426,45.93980391115173,44.539489559380776,44.817962646484375,116215600
2009-11-02,45.05663574883683,45.46240668601553,44.02231487662724,44.73042678833008,97996600
2009-11-03,44.459936870929994,45.42265129257007,44.308764780937594,45.40673828125,83105700
2009-11-04,45.71702482767507,45.89206488039448,44.754310607910156,44.754310607910156,92803000
2009-11-05,45.34308404457141,46.281927323466824,45.16804397532328,46.178497314453125,67422600
2009-11-06,45.6931573762782,46.60813561806326,45.56585634599555,46.21031951904297,56216700
2009-11-09,46.61609094958864,47.15712109106786,46.58426493300845,47.117340087890625,49200200
2009-11-10,47.02184882149016,47.34805781200796,46.44103784008507,46.822940826416016,55864400
2009-11-11,47.18099212580846,47.610634272034694,46.78317599821295,47.149166107177734,50320800
2009-11-12,47.16506579679418,47.523100817538136,46.14665776898502,46.28191375732422,68550500
2009-11-13,46.425133156124545,46.91046923669785,45.852280091514594,46.727474212646484,69258000
2009-11-16,47.037775376533766,48.27896271600735,47.037775376533766,47.96070861816406,66099700
2009-11-17,47.80158460433844,48.1198356670857,47.53106953170045,47.96070861816406,43026500
2009-11-18,48.016403404611374,48.04027443514711,47.41967923785102,47.865234375,54309000
2009-11-19,47.38784587516441,47.46740786593238,46.29782778405176,46.671775817871094,72350600
2009-11-20,46.32169444288946,46.78315940901586,46.218261436564795,46.6160774230957,39780100
2009-11-23,47.268504346418716,47.99252945756359,47.17302934140392,47.42763137817383,57935400
2009-11-24,47.435590373283745,47.44354839484675,46.639958182356025,47.21281433105469,45238000
2009-11-25,47.49128573465616,47.59471877224561,47.149163640018436,47.20486068725586,47641700
2009-11-27,45.47038929620392,46.67974777816049,45.38286925347495,45.8125114440918,51862100
2009-11-30,45.8682074559183,46.34558566503885,45.23965715366884,46.218284606933594,77936900
2009-12-01,46.65587215174106,47.12529527546482,46.51265811161543,46.93434524536133,63141300
2009-12-02,46.997988543170834,47.90500866388726,46.99003355750474,47.49127960205078,71220600
2009-12-03,47.722021942968645,48.03231803454233,46.886608688325005,46.91047668457031,53866100
2009-12-04,47.89705315034011,48.43012520186674,47.16507003820576,48.07209014892578,100434300
2009-12-07,48.06415287929281,48.40627505208399,47.82546376771906,48.143714904785156,55543100
2009-12-08,47.84932214132083,48.111882235793985,47.24464297798574,47.76976013183594,59576600
2009-12-09,47.690194515613015,47.81749555032061,47.18099037678263,47.618587493896484,55537000
2009-12-10,47.83340242580847,48.08800446257839,47.228723347253855,47.42763137817383,54319700
2009-12-11,47.76178477312439,47.95273777571004,47.324187809605405,47.873172760009766,50543400
2009-12-14,48.255084098139044,48.83589511901241,47.714054071964746,48.597206115722656,48248700
2009-12-15,48.50172939054417,48.94728443440263,48.358515377700215,48.46194839477539,55378800
2009-12-16,48.77225112915039,49.02685317925584,48.45400008406649,48.77225112915039,56550000
2009-12-17,48.47786730532522,48.668817322313686,47.8811431908186,48.23122024536133,60917400
2009-12-18,48.56539647863341,48.684739502964376,47.9925402495364,48.67678451538086,63876100
2009-12-21,49.034811405098196,49.416714481849375,49.02685338375779,49.32123947143555,47658100
2009-12-22,49.36894783634446,49.84632869150278,49.2655148624627,49.782676696777344,38750700
2009-12-23,50.08868116599199,50.456157197865,49.75315731923325,50.42420196533203,49503600
2009-12-24,50.55999708706806,50.63988210029506,50.432179237454115,50.61591720581055,16521900
2009-12-28,50.79965584817295,50.815633460513915,50.30436205527461,50.53602981567383,35784500
2009-12-29,50.66384481030796,50.75172014951949,50.472119567862606,50.512062072753906,24085300
2009-12-30,50.360290257189824,50.71977897401194,50.04873438508347,50.48011779785156,45268900
2009-12-31,50.512068201600776,50.78368153420253,49.73717071353321,49.88096618652344,34407900
2010-01-04,50.56000729709576,51.159154159543014,50.54402968174028,51.11122131347656,42863900
2010-01-05,51.031328629413196,51.270986728959656,50.719772795261,50.935462951660156,55523100
2010-01-06,50.93546488849584,51.207078224288146,50.75971723410189,50.887535095214844,59708600
2010-01-07,50.91946971341381,51.30292314155534,50.440150642674176,51.262977600097656,56123500
2010-01-08,51.07924500117184,51.54258346557617,50.967404787261046,51.54258346557617,48811500
2010-01-11,51.750290289359974,51.83017528722622,51.13516910147174,51.33488464355469,51638900
2010-01-12,51.01534624853461,51.25500737310029,50.53602704682104,50.77568817138672,45854900
2010-01-13,50.951435647699206,51.534607798456285,50.512061999694836,51.43075180053711,39501900
2010-01-14,51.239025726855814,51.782252316546035,51.14316005990973,51.62248229980469,41859800
2010-01-15,51.646448919935125,51.7662794839161,50.54401809253074,50.871551513671875,68725100
2010-01-19,51.06327503579791,51.822197852174,51.06327503579791,51.806217193603516,46839000
2010-01-20,51.43873607942323,51.446726407900734,50.48010083909005,51.05528259277344,62485000
2010-01-21,51.09522748898039,51.51063926160319,50.040729589389244,50.21648025512695,98323100
2010-01-22,50.13658974601855,50.37625084115555,48.87438906940611,49.31376266479492,83757000
2010-01-25,49.59337345951203,49.64929357718401,48.9942267295255,49.36968994140625,62298700
2010-01-26,49.18594611815798,49.55342200406701,48.8424351234203,48.88237762451172,58213200
2010-01-27,48.66669450420245,49.48153449376495,48.498934136550254,49.401649475097656,72565800
2010-01-28,49.497520993189084,49.521488941026696,48.1075019153544,48.55486297607422,93814200
2010-01-29,48.754567054630016,49.281816070856685,47.907774934658114,48.019615173339844,79325600
2010-02-01,48.24328105024433,48.682654589557195,48.059543135528656,48.5867919921875,60731800
2010-02-02,48.67467962963276,49.177963726190214,48.42703122237673,49.12204360961914,71047700
2010-02-03,48.89036868653889,49.23387968642925,48.40306224262849,48.79450607299805,50241000
2010-02-04,48.45899311980892,48.474970733518134,47.124894372981,47.16483688354492,99167300
2010-02-05,47.26867609749388,47.39649697822242,46.33400876279785,47.34856414794922,106752200
2010-02-08,47.19678920164242,47.612194942802475,46.82931020381924,46.87724304199219,61579200
2010-02-09,47.43644335609536,47.87581700354259,46.9331592630613,47.52431869506836,91986700
2010-02-10,47.38052230702349,47.75598550149127,46.88522550573098,47.63615798950195,55715500
2010-02-11,47.50035257833861,48.42703274300889,47.132876644356124,48.39508056640625,51969700
2010-02-12,47.93173454883516,48.81048179659676,47.77995181983419,48.74657440185547,65909800
2010-02-16,49.25784500508108,49.61733361824834,48.79450649610138,49.569400787353516,50057600
2010-02-17,49.81705477194308,50.01677035197979,49.52147656676577,49.904930114746094,50459400
2010-02-18,49.90491762755069,50.328313576112755,49.72916698592093,50.31233596801758,43072800
2010-02-19,50.12063074291181,50.63190221607257,50.01677777260779,50.37626647949219,56840800
2010-02-22,50.66383932160651,50.68780725987894,50.34429626967624,50.52803421020508,45344900
2010-02-23,50.45614759763618,50.52804533344611,49.7930934095385,49.936885833740234,58965400
2010-02-24,50.12060582151091,50.60790910696598,49.9688200832884,50.36026382446289,50476000
2010-02-25,49.67326668018696,50.42419627546453,49.51349358296963,50.37626647949219,51949700
2010-02-26,50.456131807830516,50.49607430468791,49.896927709575564,50.168540954589844,60093900
2010-03-01,50.53601942780557,51.38281442330751,50.53601942780557,51.33488464355469,70967800
2010-03-02,51.52661804434875,52.045879755235674,51.446733033789755,51.72633361816406,55605300
2010-03-03,51.98196607088466,52.317486751234156,51.75029528830946,52.02191162109375,56207500
2010-03-04,52.03786906858217,52.22161000634071,51.822179014966984,52.15769958496094,47174200
2010-03-05,52.49322832726695,53.30008076200852,52.32546801615251,53.22019577026367,52293900
2010-03-08,53.23618935105151,53.46786017626748,53.14032366980602,53.31607437133789,46046400
2010-03-09,53.164297593770584,53.91522413968712,53.14831693193,53.507808685302734,70685800
2010-03-10,53.55572476484158,54.24274677195071,53.531759873055115,53.9631462097168,73655200
2010-03-11,53.63561827826874,54.210800151735874,53.44389301872506,54.1229248046875,59964100
2010-03-12,54.40252254797084,54.42648744229796,53.731481127468115,54.09895706176758,61862000
2010-03-15,54.06700032484656,54.170850228970174,53.523773720900714,53.91521453857422,49862700
2010-03-16,54.186837659199874,54.40252782389732,53.79539069777519,54.378562927246094,52874400
2010-03-17,54.49839687689542,55.025642920349824,54.482416214915034,54.69811248779297,53589100
2010-03-18,54.67412990979712,54.945740127266085,54.43446881628408,54.53033447265625,71527500
2010-03-19,53.851314544677734,54.73006192059364,53.651598954931565,53.851314544677734,80546500
2010-03-22,53.46785984876136,54.73006388399853,53.34802927164759,54.610233306884766,56679400
2010-03-23,54.65817309310479,55.32123045883814,54.41052765800527,55.30525588989258,61187700
2010-03-24,55.002527586790876,55.23477545058836,54.6581609073694,54.67417526245117,59664500
2010-03-25,55.15466689815639,55.54708257812176,54.2897454684244,54.32978439331055,66977000
2010-03-26,54.55402381438598,54.914404660554354,54.10554267624884,54.305755615234375,58114700
2010-03-29,54.54602572253676,54.77827351663691,54.30576769829099,54.60208511352539,38646400
2010-03-30,54.69019112725984,55.05057213144948,54.35383470868062,54.7702751159668,35773100
2010-03-31,54.562051820105744,55.106631496965,54.28976503668445,54.29777526855469,59821600
2010-04-01,54.72220409868389,55.01051123094501,53.9694014633338,54.80228805541992,58838700
2010-04-05,54.94646410295863,55.86744525727915,54.810320709802724,55.82740020751953,52020600
2010-04-06,55.6351687432157,56.291866894781805,55.52304999368101,56.155723571777344,50203600
2010-04-07,56.09169111993601,56.30791853438973,55.619185125362854,55.97957229614258,71418200
2010-04-08,55.81938538423063,56.21981140882344,55.38693065448469,55.923500061035156,54603600
2010-04-09,56.011594994504044,56.267867409133636,55.65921813313223,56.259857177734375,53070100
2010-04-12,56.283872734396446,56.60421472880702,56.155739602641425,56.492095947265625,49301000
2010-04-13,56.37196947382874,56.65226644030297,56.01158853264983,56.62023162841797,42151000
2010-04-14,56.94861526924537,57.829551696777344,56.85251078059827,57.829551696777344,62041600
2010-04-15,57.805516609467716,58.12585873679169,57.73343672856132,58.00572967529297,55141800
2010-04-16,57.853556972596195,58.03775565348956,56.81245285499035,57.2288932800293,93241600
2010-04-19,56.908529030694204,57.4771330962539,55.88343966686745,56.94857406616211,85284600
2010-04-20,57.25292354748628,57.76546847993689,57.00466131427296,57.72542953491211,50736600
2010-04-21,57.821485001972526,58.237931269451124,57.59724752410544,58.12581253051758,60382500
2010-04-22,57.53318950653063,58.854596178490425,57.228868026751734,58.74247741699219,79289500
2010-04-23,58.85458949700052,59.431203696396395,58.17386677660789,59.36713409423828,66271100
2010-04-26,59.39920917896196,59.79163117580487,59.12692235014953,59.14293670654297,62710000
2010-04-27,58.90266588601339,59.455249600339116,57.67735721768893,57.78948211669922,101050200
2010-04-28,58.11784510498293,58.28602333723998,57.59728994227253,57.885597229003906,79762700
2010-04-29,58.3180438314017,59.13491020310614,57.96566698752103,59.11088562011719,68869600
2010-04-30,59.102863578699456,59.20697211009043,57.31696142782212,57.38103103637695,88759100
2010-05-03,57.74143031001477,58.71046053594934,57.70939549551907,58.6704216003418,53775400
2010-05-04,57.813507521727935,57.821511642473105,56.4840902761287,56.82845687866211,105727600
2010-05-05,56.36397000787945,56.82045547189405,55.571128119857626,55.99557876586914,110340400
2010-05-06,55.595156836156555,56.21181643599974,50.74199458344623,53.89735412597656,195388200
2010-05-07,53.42484576608954,54.15362414957007,51.76708207324642,52.34369659423828,189573100
2010-05-10,54.898416053794655,55.306846241613755,54.21768685406242,55.28282165527344,107703400
2010-05-11,54.62612107328585,56.47608747129834,54.44192851167435,55.65121078491211,100027800
2010-05-12,55.939495015870655,57.421069571105704,55.89144586478638,57.35700607299805,84618400
2010-05-13,57.228886335732696,57.74143115513345,56.53214285778971,56.80443572998047,78553600
2010-05-14,56.43605766797662,56.460082257291795,54.95448226337036,55.707279205322266,86134200
2010-05-17,56.059625319998844,56.51611059606112,54.257708791856025,55.811363220214844,78565900
2010-05-18,56.540140734968574,56.700314774793284,54.56203564074127,54.738224029541016,87146900
2010-05-19,54.48997989978162,55.09862923208254,53.32073651800413,54.08955383300781,107292800
2010-05-20,52.67203260717913,52.95233569123031,51.318596901118035,51.35063171386719,166841100
2010-05-21,50.509719981233474,52.56790874872255,50.26145483719524,52.11142349243164,139644500
2010-05-24,51.89521567608677,52.38373591907895,51.366650386285535,51.41469955444336,75991800
2010-05-25,50.29351310835832,51.446739074731695,49.42058416523278,51.406700134277344,110830700
2010-05-26,51.6069195078286,52.81620197243437,51.23852516128252,51.53483963012695,104172900
2010-05-27,52.82420469907236,53.76921043786484,51.534832306905926,53.74518585205078,86856200
2010-05-28,53.585007486260444,53.793224596298955,52.640001930649625,53.05644226074219,92369800
2010-06-01,52.535902479452524,53.23264608485551,51.406704067956454,51.44674301147461,88420300
2010-06-02,51.75904869539665,52.93630179764155,51.2705286174581,52.91227722167969,61553800
2010-06-03,53.01639935239008,53.729157135473905,52.752122839010994,53.593013763427734,74864100
2010-06-04,52.143484697929594,52.61598454016955,50.75000059341431,50.902164459228516,105547200
2010-06-07,51.126386191753475,51.34261657462599,49.54069977236261,49.588748931884766,88434200
2010-06-08,49.740916193667815,50.13333194696559,48.61171504161499,49.564727783203125,129072000
2010-06-09,49.94914506757761,50.790039169084025,49.32448140160285,49.596771240234375,108638000
2010-06-10,50.477702000076185,51.31859906769934,50.29350640150396,51.31058883666992,75497300
2010-06-11,50.6859248004045,52.079405596740685,50.59783058988743,52.00733184814453,65295200
2010-06-14,52.69607285625675,53.256666905997335,52.183527979346245,52.33568572998047,70543000
2010-06-15,52.792163146301604,53.79322816095394,52.34368797494246,53.64907455444336,72336400
2010-06-16,53.17656886634513,53.96140032864403,53.05643985598889,53.40080642700195,62369400
2010-06-17,53.72113129787198,53.81722958751974,52.832185458550185,53.46485900878906,67327600
2010-06-18,53.63308404891384,54.081559419673724,53.21663739604936,53.49694061279297,52760900
2010-06-21,54.35384134355844,54.457949930584164,52.632007881102666,52.944339752197266,58648400
2010-06-22,53.144543516936864,53.73717233417358,51.7911015720157,51.85517120361328,70827400
2010-06-23,51.719027840099635,52.26360748886872,51.10237138325793,51.71101760864258,70315300
2010-06-24,51.27855085731248,51.67897684384157,50.7660060833565,50.88613510131836,72504900
2010-06-25,51.078336962918925,51.991307707297274,50.61384441534388,51.75905990600586,87177700
2010-06-28,51.72701832003064,52.24757324716356,51.18244186988608,51.46274185180664,64643900
2010-06-29,50.629873286738906,50.629873286738906,49.156305226404896,49.51668930053711,110269700
2010-06-30,49.35652596571635,50.14936799755633,48.803935947455024,48.948089599609375,93806400
2010-07-01,49.01215040915843,49.17232144433709,47.34637653131378,48.595706939697266,114225800
2010-07-02,48.81184520580808,48.92433291834187,47.7432058066166,48.06460189819336,72084200
2010-07-06,48.90023175125885,49.41446307167638,47.132559288528256,47.43788528442383,89452600
2010-07-07,47.58249863612249,49.13322871035014,47.39769700357975,49.09305191040039,79640200
2010-07-08,49.63141639415202,49.904602229057474,49.044870967897,49.800148010253906,58770100
2010-07-09,49.80012911734866,50.571475982666016,49.63139756525924,50.571475982666016,38202700
2010-07-12,50.42684276511438,50.764308898903515,49.510868075637624,50.00099563598633,43038300
2010-07-13,50.683968295482515,51.77671125388491,50.491130040739705,51.58386993408203,83581200
2010-07-14,51.43924523433073,51.73653769007581,50.997330974846484,51.39907455444336,52526100
2010-07-15,51.50351927965876,51.50351927965876,50.30632527762947,50.925010681152344,71044000
2010-07-16,50.5473864980605,50.65184070647124,48.92434176570481,49.0689697265625,98127500
2010-07-19,49.22963316728596,49.39836464789336,48.32972887232112,49.2778434753418,63879600
2010-07-20,48.5707896332171,50.19383373668703,48.377951405106174,50.10544967651367,71430700
2010-07-21,50.499158883431235,50.595579534397345,49.0930565733032,49.20554733276367,68456600
2010-07-22,49.960830975858315,51.14999158394956,49.95279438796582,50.9571533203125,81000700
2010-07-23,50.7080748063208,52.31504911517554,50.57148039623682,52.21059799194336,73916800
2010-07-26,52.4355564897124,53.447945563834786,52.162367757721704,53.39973831176758,66248300
2010-07-27,53.88183144220558,54.05056296150942,53.01407021865996,53.206905364990234,84127100
2010-07-28,53.13461260242548,53.37566124293291,52.04990598038517,52.347198486328125,59705100
2010-07-29,52.79714018180786,53.02211560422824,51.3830041386422,52.21059799194336,63214400
2010-07-30,51.50352627787418,52.71679361881476,51.278550851500164,52.242733001708984,67453000
2010-08-02,53.16673614150092,53.46402855412774,52.70071218553013,53.15066909790039,49896600
2010-08-03,52.973894359165485,53.45598529859562,52.29896213986819,52.724815368652344,51145700
2010-08-04,53.01407453207189,53.41581802884984,52.79712961094499,53.27922058105469,40817400
2010-08-05,52.756968848738616,53.19888310012805,52.5962677417712,52.65251159667969,37991000
2010-08-06,51.784741411583255,52.5560944260903,51.31068696258176,52.339149475097656,62483200
2010-08-09,52.72480557211662,53.118512384317974,52.1061173085396,52.917640686035156,35100700
2010-08-10,52.395383861651815,52.55608493152591,51.52761647468874,51.921329498291016,59841700
2010-08-11,50.88484061673178,50.88484061673178,49.74388731617994,49.8804817199707,87392600
2010-08-12,48.89218754065914,49.936723195610774,48.81987358093264,49.63139724731445,63300200
2010-08-13,49.41446951471579,49.55909747557348,48.9886222216686,49.0689697265625,68238000
2010-08-16,48.723433307150806,49.751895308866324,48.51452811244929,49.462642669677734,51371000
2010-08-17,49.992968569842176,50.74021182144028,49.70371272211903,50.314361572265625,54593200
2010-08-18,50.25811739480627,50.965186899655855,49.7679897743444,50.46702575683594,61766600
2010-08-19,50.290256406065694,50.49916169801609,48.964501499458315,49.085025787353516,89236900
2010-08-20,48.90825746583921,49.16537308499613,48.32171226807123,49.133235931396484,64085700
2010-08-23,49.49479377383901,49.75190934681536,48.4341912690467,48.466331481933594,55423700
2010-08-24,47.6949920264902,48.466338862887916,47.245038172728265,47.91193389892578,78875300
2010-08-25,47.518228003974144,48.75559891005444,47.31735622305436,48.635074615478516,64025300
2010-08-26,48.81183719002094,49.23768433612709,48.09673422200879,48.273502349853516,74569900
2010-08-27,48.827903749602704,49.655494351525945,47.855685247238185,49.53497314453125,72003600
2010-08-30,49.293936331113315,49.54301845560613,48.426171787019506,48.45027542114258,42401800
2010-08-31,48.329732436294265,48.940381058072425,47.95209265798867,48.35383605957031,60625100
2010-09-01,49.197527521560495,50.25813052335817,49.02879592242469,50.225990295410156,62585200
2010-09-02,50.20990897259454,50.92501198331043,50.03314083419377,50.7803840637207,45824200
2010-09-03,51.551736450430205,51.84902276091183,51.109816083335595,51.68832778930664,51986300
2010-09-07,51.52761132256047,51.535647907780366,50.54735941481769,50.70805740356445,48881600
2010-09-08,50.82858010618817,51.41512824229609,50.80447647993088,51.005348205566406,58863300
2010-09-09,51.78472700922814,51.80883676494869,50.65181369509921,51.0374870300293,52494300
2010-09-10,51.23033738115841,51.51155971196713,50.900907784827126,51.19820022583008,46973500
2010-09-13,51.784729231589445,52.612325903529104,51.680278139458196,52.44358825683594,60551500
2010-09-14,52.331119462692044,52.724832606888405,52.03383312007461,52.218631744384766,55811200
2010-09-15,52.074002145580984,52.68465411847963,51.688331732260245,52.51592254638672,63008500
2010-09-16,52.38735375959953,52.5560914363817,51.73653120388457,52.17845153808594,52659700
2010-09-17,52.54806553476607,52.64448007811016,51.64815763945475,52.39540100097656,61775400
2010-09-20,52.56410049537305,53.99430589640311,52.20253391830087,53.84967803955078,70669500
2010-09-21,53.84969058458641,54.17912316365266,53.45598371092563,53.53633117675781,64974200
2010-09-22,53.39170451788681,53.75327731765067,52.49180307161694,52.90157699584961,65225800
2010-09-23,52.47869756096214,53.29226003834919,52.08400148888201,52.261207580566406,62724700
2010-09-24,52.99420747515519,54.01719675405529,52.91365815442215,53.960811614990234,71675000
2010-09-27,53.97693108467763,54.097758151784745,53.574178291333865,53.823883056640625,48357100
2010-09-28,53.94472771066348,54.4763583755277,52.962009591238356,54.35553741455078,66176700
2010-09-29,54.27495143399502,54.73408926443486,54.06552445556174,54.508548736572266,53580600
2010-09-30,54.91133434559063,55.21743051301843,53.928616189048626,54.371646881103516,81818000
2010-10-01,54.887154061272035,54.98381695088786,54.17025453013566,54.66161346435547,61763500
2010-10-04,54.516616058976986,54.85492691622611,53.550011853831016,53.9205436706543,56292700
2010-10-05,54.516624453567346,55.58794847867407,54.1702567667103,55.45100784301758,77655500
2010-10-06,55.402677741481405,55.628218340677556,54.95159654308911,55.265743255615234,43163400
2010-10-07,55.59599757076749,55.644332088992435,54.709942579902346,55.104644775390625,39955400
2010-10-08,55.185202253900584,56.11153512237323,54.88716290536829,55.80543899536133,59953200
2010-10-11,55.853763580322266,56.27262999550434,55.69266489480357,55.853763580322266,37345900
2010-10-12,55.70877240593159,56.24040292687491,55.104643182506756,55.998748779296875,51099800
2010-10-13,56.37733713775512,57.303669838316175,56.20012491645402,56.85258865356445,58582200
2010-10-14,56.892877696959296,57.150639330948565,56.29680507064451,56.81232833862305,70382100
2010-10-15,57.303693577782084,57.392299725139914,56.296811126463844,56.619014739990234,74953500
2010-10-18,56.83647671897313,57.215065357899874,56.5948287111938,57.09423828125,39841500
2010-10-19,56.417632296765994,56.997597510813364,55.53962769618814,55.98265838623047,64627600
2010-10-20,56.25651846129989,56.89286873935247,55.92626430046213,56.55455780029297,54118800
2010-10-21,56.836514849711165,57.263432147501895,55.54770617368503,56.28071975708008,62505300
2010-10-22,56.417594559648876,56.69952019858876,56.19205404849698,56.64313507080078,26267800
2010-10-25,57.06199843647066,57.64196329606854,56.675359293750994,56.981449127197266,36095900
2010-10-26,56.67537810186798,57.32783571267898,56.37733879857978,56.94119644165039,37884100
2010-10-27,56.55459124954142,56.8848517512331,56.0149035543877,56.79624557495117,53515400
2010-10-28,57.239228816733224,57.28756333409118,56.1840183948094,56.44983673095703,48482400
2010-10-29,56.288750415303376,56.92510081756108,56.24847880737659,56.62706756591797,40455100
2010-11-01,56.91704558146929,57.32784913492913,55.829607781487056,56.24041748046875,47357500
2010-11-02,56.925133232547466,57.440656813535696,56.602929458048365,57.4084358215332,55102800
2010-11-03,57.48087456110604,57.69030771764269,56.78813932030894,57.6339225769043,58044500
2010-11-04,58.689139436060394,59.107999650657646,58.49581980974782,59.09189224243164,60908000
2010-11-05,59.16439189173712,59.60742249007439,59.043570951755,59.42215347290039,45659100
2010-11-08,59.22884521594583,59.53494137749973,58.89859100726962,59.373836517333984,31656700
2010-11-09,59.534904381390795,59.64767464066824,58.26220443181027,58.584407806396484,48438600
2010-11-10,58.664976808036535,59.24494184788768,58.08501176818539,59.23688507080078,53667600
2010-11-11,58.58443940213584,59.236897132055496,58.366949395148275,59.003299713134766,42989400
2010-11-12,58.42330629310258,58.88244413011018,57.915840098152664,58.02055358886719,48799200
2010-11-15,58.30252894300188,58.68111779093108,57.972274639728276,58.02865982055664,38922600
2010-11-16,57.59367941270943,57.738670739569336,56.50624753402163,56.900943756103516,69965600
2010-11-17,57.029790896815435,57.20699694159197,56.7075874731432,57.053955078125,39512500
2010-11-18,57.73061818120957,58.46363164992628,57.722567545339665,58.165592193603516,52638700
2010-11-19,57.996411604430676,58.48777058327655,57.61782293428507,58.35888671875,32830300
2010-11-22,58.133369697093954,58.79388440708646,57.7870018524928,58.64084243774414,42163100
2010-11-23,57.93197390871883,58.18973551110106,57.5936629578774,58.08502197265625,52202300
2010-11-24,58.608585543553154,59.40603431737307,58.60052876730699,59.38992691040039,42138400
2010-11-26,59.02745435006144,59.3899355878651,58.90662727079355,58.9791259765625,19004000
2010-11-29,58.76161869445219,59.21270591446714,58.02055517334588,59.06771469116211,47897000
2010-11-30,58.383056324357774,59.00329301447393,58.14140215414477,58.60054016113281,68631800
2010-12-01,59.70408992273325,60.066565061255105,58.64887318440811,59.913516998291016,59974000
2010-12-02,59.98600861024092,60.64652301802699,59.89740249433493,60.51763916015625,42529200
2010-12-03,60.27597314191146,61.13786371105364,60.21958800731407,60.95259475708008,36549400
2010-12-06,60.9284430316998,61.50035126966802,60.81567273945367,61.33119583129883,36177500
2010-12-07,62.07227778772228,62.217269084098206,61.54870391046873,61.685638427734375,66769100
2010-12-08,61.822586604545535,62.032019889033805,61.516496531465116,61.6453742980957,40388800
2010-12-09,62.08835651528747,62.08835651528747,61.60505451366699,61.854759216308594,49384000
2010-12-10,62.06423439700351,62.78113418343474,61.83868757424722,62.62808609008789,43303000
2010-12-13,62.877766866029624,62.98248652998803,62.281694426691736,62.30585861206055,43025600
2010-12-14,62.595866173859065,62.6039229540458,62.16894900680167,62.27366256713867,60000700
2010-12-15,62.22531353327092,62.87777116491726,61.959495184999966,62.080322265625,52002400
2010-12-16,62.16890443011897,62.805254407093926,61.911142958668705,62.65220642089844,57936100
2010-12-17,62.71666901692614,62.96637379635038,62.2575310523769,62.84554672241211,40362300
2010-12-20,63.07918138872953,63.48193444297099,62.77309127989463,63.09529495239258,42692700
2010-12-21,63.35299246965276,63.860458591424646,63.304657973161866,63.796016693115234,30166800
2010-12-22,63.94735668151443,64.06873085874221,63.69652124236488,63.777435302734375,29812300
2010-12-23,63.890709087509926,64.0201765083217,63.607506821167185,63.69651412963867,25239600
2010-12-27,63.49422196045419,64.00398600812497,63.364754547705154,63.89070510864258,15770300
2010-12-28,64.01208486359823,64.05254497695766,63.53468145401242,63.71269607543945,25827900
2010-12-29,63.80169687839243,63.93925137242948,63.720782833273326,63.850250244140625,18138800
2010-12-30,63.793647559578815,64.10112978549324,63.728919982910156,63.728919982910156,37997400
2010-12-31,63.656056719055144,63.825978086072766,63.25148027186652,63.30812072753906,33323500
2011-01-03,63.874569464992,64.74845041916265,63.704647996865745,64.40860748291016,48878000
2011-01-04,64.6027808688582,64.65133425298157,62.76600603880393,63.45378494262695,77509000
2011-01-05,63.43758924580708,64.21437529697859,63.20293416159692,64.19818878173828,47145300
2011-01-06,64.2467320241883,64.35191966327798,63.639867438644984,63.89879608154297,39392300
2011-01-07,64.11731665188077,64.27915104337339,62.66084416855211,63.534725189208984,59486800
2011-01-10,63.30811183534199,64.15772472444095,62.80644106223416,63.89879608154297,55020300
2011-01-11,64.21437819113389,64.4733068865277,63.8178949767318,64.1577377319336,42124300
2011-01-12,64.68367318243945,64.83740800794853,64.33573725100479,64.70794677734375,38442600
2011-01-13,64.72414687820589,64.97498850661214,64.3843040990913,64.6836929321289,29687600
2011-01-14,64.61898780969189,65.28249331781643,64.48143322012527,65.1692123413086,38036700
2011-01-18,64.96687701767203,65.241985997848,64.62703433392085,65.21771240234375,37824100
2011-01-19,65.19348202815479,65.29866973619146,63.40525395143231,63.542808532714844,70707400
2011-01-20,63.22720846230128,63.55087086388218,62.57988365913946,62.8792724609375,79653000
2011-01-21,63.28386388049401,63.3081374860154,62.40188995535939,62.45853042602539,56676500
2011-01-24,62.4666316167257,63.17059720253673,62.37762426081799,62.919761657714844,48142600
2011-01-25,62.55561728980866,63.03302077632392,62.264321712051306,63.0168342590332,47013400
2011-01-26,63.113933798419104,64.2305627124476,62.91164554906519,64.02018737792969,65896200
2011-01-27,64.02016663850375,64.46519693890566,63.704597565608516,64.20626831054688,48174800
2011-01-28,64.17393310509591,64.28721405002868,62.57181335627618,62.63654708862305,91023700
2011-01-31,63.00877019944277,63.51853456013088,62.50709292700778,63.0734977722168,53265200
2011-02-01,63.58324545615157,64.7403345155518,63.41332406365403,64.52995300292969,57786700
2011-02-02,64.40050477805927,64.83744827775409,64.2629502059376,64.28722381591797,39937400
2011-02-03,64.23867102219597,64.61088074741488,63.51852517963238,64.51378631591797,41156200
2011-02-04,64.40856233293376,64.70795109453447,64.11726682795631,64.62703704833984,39532700
2011-02-07,64.71609469010627,65.74371684013308,64.65945419637804,65.26631927490234,40835200
2011-02-08,65.26629152825454,65.75986923613695,65.00735661174835,65.72750854492188,37563900
2011-02-09,65.54949156763146,65.78414669743874,65.07208804882411,65.43621063232422,43298900
2011-02-10,64.99925736992829,65.77604345413339,64.92643039494344,65.69512939453125,48001000
2011-02-11,65.452387600521,66.43146201850543,65.37147353281152,66.40718841552734,38579100
2011-02-14,66.43955623446247,66.84413275218623,66.3910090278069,66.74703216552734,36730500
2011-02-15,66.56901799666889,66.74703265350442,66.21299485634563,66.36672973632812,42908600
2011-02-16,66.5204616006898,67.01404538160669,66.49618800053766,66.90076446533203,38284700
2011-02-17,66.83604267787368,67.57237493842231,66.7146684821038,67.37008666992188,34891200
2011-02-18,67.52383859265726,67.78276739473273,67.19208895875568,67.44292449951172,39514200
2011-02-22,66.94124284472831,67.17589182578301,65.61422599867359,65.7113265991211,68370300
2011-02-23,65.84079727302097,65.89743774937008,64.15775715672042,64.5785140991211,91258600
2011-02-24,64.6998544127871,65.31481224333399,64.21436398797458,64.99114990234375,85126500
2011-02-25,65.29864379125046,66.52046653408128,65.25009658734571,66.4961929321289,58566800
2011-02-28,66.87650526270636,67.03024015454916,66.01879877481478,66.56902313232422,49869300
2011-03-01,66.81987200902276,66.86841922502174,65.01545767642392,65.23393249511719,70865100
2011-03-02,65.16111230641822,65.84080426816921,64.92645711565595,65.50904846191406,61072300
2011-03-03,66.16445368570045,67.17589517405153,65.56568205313432,66.99788665771484,78937600
2011-03-04,66.98979877933314,67.03025273810796,66.06736456171511,66.70659637451172,60907100
2011-03-07,66.96550998792897,67.01405719679259,65.06400150281159,65.61421966552734,90777900
2011-03-08,65.67084806419271,67.00594532384768,65.17726433336588,66.68228912353516,67755300
2011-03-09,66.55282244834031,66.81984437259332,66.14824602008292,66.41526794433594,51216900
2011-03-10,65.54137312690115,65.56564672180544,64.48947207651388,64.70794677734375,107642100
2011-03-11,64.19816957320081,65.29861769310209,64.14962238869911,64.87786102294922,83202700
2011-03-14,64.19819730328145,64.99926323364532,63.85026743293953,64.52995300292969,60138300
2011-03-15,63.08161418308093,64.46526610415451,62.76604477160899,63.955501556396484,84941700
2011-03-16,63.66417069336028,64.44095698393325,62.91975126989645,63.31623458862305,126014500
2011-03-17,64.19011723057335,64.2791245658932,63.45378494262695,63.45378494262695,63992800
2011-03-18,64.19010804924858,64.40048338141548,63.97972654373428,64.29529571533203,70017700
2011-03-21,65.1206287732909,65.80031425302549,65.02352820189448,65.78413391113281,50638200
2011-03-22,65.88124111436039,66.02688891309084,65.27437631520819,65.43621063232422,52372800
2011-03-23,65.2905603470621,65.83269139872132,64.61086858775612,65.63849639892578,58044700
2011-03-24,66.07555367250394,66.31880889729212,65.46742179677088,66.0917739868164,52850900
2011-03-25,66.47284954575112,67.34855446326218,66.12418713516146,66.66744995117188,78164900
2011-03-28,66.8863685043999,67.10529935339093,66.46473330025515,66.52149200439453,42798300
2011-03-29,66.56205879599695,67.2107352796564,66.14853356924553,67.14586639404297,40967200
2011-03-30,67.43776089058086,68.10265141080878,67.33235360567717,68.01345825195312,42147100
2011-03-31,67.94857330223374,68.34588421573953,67.86748413984785,68.24858093261719,41625800
2011-04-01,68.73512773266829,68.93783839226074,68.31349228266085,68.54863739013672,49160200
2011-04-04,68.72702204265126,68.89729825010453,68.54863567687023,68.70269775390625,42236600
2011-04-05,68.66212179760907,69.52972275538723,68.53238406855588,69.07565307617188,45454400
2011-04-06,69.43242401521368,69.63513459048595,68.84862275486762,69.2297134399414,59035700
2011-04-07,69.29459432757241,69.55406366147531,68.6134896459161,68.81620025634766,69434400
2011-04-08,69.1243260118827,69.21351918550673,67.78643459376003,68.09455871582031,63650400
2011-04-11,68.12694896060744,68.33776963392728,67.218809788585,67.48638916015625,41784100
2011-04-12,67.12964125147995,67.34046200201453,66.52961962359767,66.60259246826172,58103300
2011-04-13,67.01611825203067,67.14584980496859,66.22149006518079,66.69178009033203,80424900
2011-04-14,66.1565939022699,67.06473914311782,66.04307652044308,66.99987030029297,58532300
2011-04-15,67.02419503973677,67.71340942382812,66.69985703950765,67.71340942382812,53690700
2011-04-18,66.69176281286394,66.69987296602022,66.02687253743734,66.5944595336914,58593400
2011-04-19,66.82152326483632,67.05666211030247,66.22149545170439,66.61070251464844,31991000
2011-04-20,67.70534378871919,68.02968200219996,67.50263317857333,67.9729232788086,47061100
2011-04-21,68.38646142179448,68.49998507631545,67.89185313069781,68.47565460205078,30293300
2011-04-25,68.41077455989588,68.54050612524156,67.92426417769927,68.38644409179688,23441400
2011-04-26,68.54050947294307,69.46486934628646,68.3945575884027,69.06755828857422,53200000
2011-04-27,69.108107560453,69.54595705746294,68.83241789934011,69.48109436035156,44680600
2011-04-28,69.40809524481152,70.13785450581857,69.34322638022525,69.79730224609375,43464600
2011-04-29,69.8865095290667,70.28382057913693,69.67568876962187,70.04867553710938,41030900
2011-05-02,70.36489389871329,70.38921817794824,69.14863044707965,69.2297134399414,48962400
2011-05-03,69.15673599874748,69.31890197367622,67.88371391822706,68.35400390625,56070000
2011-05-04,68.45130272735094,68.48373716039433,67.08098350212236,67.47018432617188,64754600
2011-05-05,67.0079939829782,68.175608644666,66.82150375499087,67.16205596923828,91858900
2011-05-06,67.91616183857481,68.38644573376047,67.17018212153933,67.51884460449219,76446200
2011-05-09,67.43776533875699,68.37834555373456,67.33235804690067,68.30536651611328,45806800
2011-05-10,68.65399371341482,69.35942851188165,68.56480059454313,69.351318359375,44373700
2011-05-11,69.11620844618429,69.21351176686402,67.74588891747369,68.07022094726562,81313700
2011-05-12,67.68098355020373,68.87292229444938,67.28367269753305,68.67021179199219,80109400
2011-05-13,68.72696180814862,68.9134519825732,67.51880291195097,67.71340942382812,74669000
2011-05-16,67.26749856948545,68.02158240372385,66.66747680246671,66.72423553466797,68771600
2011-05-17,66.18907422278126,66.74855755421339,66.00258390312896,66.51341247558594,76475100
2011-05-18,66.59444692179174,67.55935081892092,66.48903969565963,67.53502655029297,54512200
2011-05-19,67.99722005547049,68.08641318275254,67.08097069530469,67.68099212646484,52914400
2011-05-20,67.50264473705292,67.66481077844254,66.72423660315437,67.18641662597656,56016800
2011-05-23,66.01880990686877,66.448555539983,65.86475400341044,65.978271484375,50696600
2011-05-24,66.15662597646038,66.45663988030367,65.54039022955962,65.66201782226562,60223400
2011-05-25,65.49175089438837,66.7242350507309,65.483646922874,66.48908996582031,60009900
2011-05-26,66.24579532525073,67.39719577802045,66.2052569330746,67.36476135253906,51821300
2011-05-27,67.67291091455445,68.05400786024435,67.51074489718034,67.82697296142578,46619400
2011-05-31,68.60535699285188,68.80806753681226,67.92424634830286,68.7918472290039,77456200
2011-06-01,68.68645109025807,68.77564423893557,66.51339345983868,66.57826232910156,80933800
2011-06-02,66.74856320117057,67.0242529045612,66.16475553397929,66.55396270751953,64666600
2011-06-03,65.5241586497279,66.27013820312882,65.4268615412843,65.58091735839844,76493800
2011-06-06,65.47552614048175,65.73499547030724,64.45386294781522,64.50251770019531,63782200
2011-06-07,64.8998256260202,65.21605366316317,64.48629427504999,64.65657043457031,58242200
2011-06-08,64.43761501634998,64.64032551725143,63.82137336146418,63.93489074707031,67740400
2011-06-09,64.12140347623124,64.63223184168365,63.83760993986879,64.27545928955078,58469700
2011-06-10,63.87813373768063,63.98354716011687,62.96188447650377,63.24567794799805,71823100
2011-06-13,63.432193063961805,63.76463517551288,62.71864791212149,63.06731033325195,60285400
2011-06-14,63.602448383216114,64.60789072986331,63.5619038087714,64.42139434814453,66662700
2011-06-15,63.73217630912127,64.22679039566476,63.018637617071015,63.269996643066406,89262000
2011-06-16,63.31867417200981,63.95924035092758,62.621355464043475,63.415977478027344,81849500
2011-06-17,64.04842557790606,64.16194299443157,63.10785181437542,63.43218994140625,77862900
2011-06-20,63.2132666737868,64.24303988690517,63.18894239392724,64.01599884033203,53343900
2011-06-21,64.52683848315347,65.49173671466501,64.39710073215964,65.40254974365234,75970200
2011-06-22,65.04576263527613,65.76741170238775,64.87548651467806,64.89981079101562,55839700
2011-06-23,64.1619403602175,65.28090654322213,63.48894604308519,65.15116882324219,92521100
2011-06-24,65.37821017647589,65.48362363104629,64.43763635762345,64.81873321533203,73865400
2011-06-27,64.7944370408546,65.45121758657287,64.42955414838134,65.32147979736328,51195400
2011-06-28,65.54040733660422,66.36746404765402,65.41066955419126,66.33502960205078,54021800
2011-06-29,66.57015449150943,66.81340966659614,66.03500176704914,66.65123748779297,68230200
2011-06-30,66.82150551132625,67.34044399988623,66.71609207112094,67.13773345947266,59915500
2011-07-01,67.20258248745562,68.29722413244356,66.99176802231389,68.18370056152344,63908100
2011-07-05,68.25853834491708,68.42932626947032,67.93322535322218,68.3479995727539,48268900
2011-07-06,68.2422832098404,68.73024965018668,67.99829688725228,68.62451934814453,57094100
2011-07-07,69.29956460352142,69.91765893170356,69.07998180795812,69.65740966796875,68556600
2011-07-08,68.81971373274152,69.29954566088027,68.57572740006847,69.23448181152344,61977400
2011-07-11,68.36429168973882,68.74653415321599,67.57540936381051,67.76246643066406,59769800
2011-07-12,67.40460063854184,68.12841887473662,67.3232739320268,67.38020324707031,65322100
2011-07-13,67.81125242978432,68.6977304414157,67.68113091719641,67.98204040527344,79327200
2011-07-14,68.11216788692766,68.45374383672355,66.72959502070752,66.90038299560547,91726600
2011-07-15,67.18503331724858,67.42901969757429,66.83532281469179,67.34768676757812,75496200
2011-07-18,67.0467462089804,67.20126505377333,65.8756220535936,66.26599884033203,56859700
2011-07-19,66.8759945088399,67.83566483241785,66.83532804066202,67.76246643066406,56060800
2011-07-20,67.78684611583581,67.84377543350915,67.21755293910252,67.64859008789062,40277400
2011-07-21,67.86006089021454,68.55948193619379,67.69740122554974,68.2667007446289,63405500
2011-07-22,68.19350335782008,68.52695102171484,67.82752996534073,68.35616302490234,34540200
2011-07-25,67.51845532198192,68.1202865656404,67.29887260674356,67.55098724365234,49764900
2011-07-26,67.4046009077058,67.57538885351838,66.85970514656617,67.03862762451172,52205500
2011-07-27,66.59948248597105,66.6157515567164,64.94039094539642,65.0379867553711,97533300
2011-07-28,65.02985441923228,65.85126878434244,64.81027159540382,64.93225860595703,67439400
2011-07-29,64.02137906583137,65.20876668490331,63.54967535001559,64.85092163085938,93519600
2011-08-01,65.6235543161426,65.86753455283112,63.818072022416004,64.42803192138672,93483200
2011-08-02,64.18401197992804,64.80210609229945,62.305338457191866,62.41919708251953,95669600
2011-08-03,62.37039252639973,62.90715364670015,60.89835274995167,62.833961486816406,114910400
2011-08-04,61.86616712275629,61.98002574865113,59.035951924497844,59.04408645629883,130904800
2011-08-05,59.792300559745115,60.06068425899205,56.65304768958526,58.01122283935547,188585600
2011-08-08,56.12443487816667,58.07630743543433,52.92824534953001,52.960777282714844,170159700
2011-08-09,54.42468224738951,56.62054141094471,51.854718226126096,56.490413665771484,207867000
2011-08-10,54.774385598108196,56.5798674933719,53.570735137820115,53.72525405883789,182376400
2011-08-11,54.09120167907538,57.287389203933266,53.73335684321684,56.4090461730957,121880100
2011-08-12,56.92143486373526,57.41753589343595,55.95363640327593,56.75878143310547,86475800
2011-08-15,57.40128772147331,58.41788743513712,57.23862804438775,58.360958099365234,57616800
2011-08-16,57.409412990141526,58.07630832337936,56.65306880014935,57.28742599487305,79484300
2011-08-17,57.71845091493596,58.16575094654218,56.73438339960556,57.30367660522461,66789100
2011-08-18,55.35180771840143,57.254885213312534,53.530063147543075,54.04242706298828,110692200
2011-08-19,52.87131002368408,54.82318235966946,52.78184876877588,53.09089279174805,99196100
2011-08-22,54.587327592156406,54.644256914509796,52.51346218316861,52.903839111328125,72211900
2011-08-23,53.2372825387786,55.54699985824425,52.74931601362786,55.45753860473633,93274300
2011-08-24,55.40061617952355,56.62866407637429,54.91264338877218,56.278953552246094,67698000
2011-08-25,56.913298049858874,57.16541269119415,54.69304244429977,54.8963623046875,80732900
2011-08-26,54.70117989094402,56.376533644268434,53.725240786179945,56.205745697021484,84468500
2011-08-29,56.986514281018344,58.92211793538379,56.962116880243975,58.86518859863281,53069800
2011-08-30,58.47478865020173,59.588977429467796,57.84043172671288,59.20674133300781,67801600
2011-08-31,59.532051087443314,60.093215873027965,58.4747915638904,59.08475112915039,70313900
2011-09-01,59.12542060659796,59.881770833777885,57.490733184007915,57.8160400390625,86788800
2011-09-02,56.40904989454338,56.96208003879688,55.38431629096195,55.67709732055664,78920100
2011-09-06,53.61951583637574,55.55511874596889,53.61951583637574,55.522586822509766,71493900
2011-09-07,56.44160058823018,57.702180136056135,56.173216854336054,57.620853424072266,68952400
2011-09-08,57.20609563031161,57.986849664125,56.262694330438045,56.5636100769043,71124100
2011-09-09,55.87229515261672,56.222005560676806,54.286402723524304,54.8963623046875,99453600
2011-09-12,53.98549357043035,55.50632854225001,53.97736524251748,55.368072509765625,100109900
2011-09-13,55.74217407432061,56.49038967683584,55.164746411194955,56.262672424316406,84144100
2011-09-14,56.79946015150895,58.06818090118653,55.66087335733156,57.27116394042969,77019200
2011-09-15,57.79978327295645,58.10069897092566,56.921439780098616,58.07630157470703,74213100
2011-09-16,58.27146361845885,58.58050752154463,57.64523507703225,58.165733337402344,75773300
2011-09-19,57.010889600577755,57.7509768965253,56.48225670416236,57.12474822998047,69216200
2011-09-20,57.32806507451744,57.97869109807924,56.20574169894442,56.23827362060547,63453200
2011-09-21,56.1488309391563,56.62866298132957,54.115631699781424,54.15629196166992,81413800
2011-09-22,52.29388992638751,53.61139913818796,51.63513221807127,52.64360046386719,159808200
2011-09-23,52.45582064890847,53.500853900233274,52.333354452199266,53.18244552612305,84086000
2011-09-26,53.75392712065283,54.27644979033505,52.480294074826155,54.186641693115234,75555800
2011-09-27,55.39495149924047,56.65225846965936,54.92141908916975,55.35413360595703,93999600
2011-09-28,55.34598290158645,55.6154072333814,53.14977657149928,53.23141860961914,85412600
2011-09-29,54.48055072974986,54.71731070489833,52.55376927453599,54.15397644042969,73927200
2011-09-30,53.19057893211293,54.03150341541333,52.44762236289913,52.496612548828125,72124900
2011-10-03,52.09657934660324,53.03547522059806,49.6799358332977,49.79423904418945,119485000
2011-10-04,49.2472128598846,52.970143422629434,49.059433740662215,52.89666748046875,165100000
2011-10-05,52.8885230373063,53.99070622261535,52.1863902347473,53.623313903808594,100371000
2011-10-06,53.48451671049731,54.95409207466852,53.19060039188543,54.81529998779297,85789700
2011-10-07,55.01124031224309,55.19902259862861,53.231416543213406,53.476348876953125,93662300
2011-10-10,54.67650427574394,55.827671256575385,53.50900515113458,55.81951141357422,76366700
2011-10-11,55.28883480082643,56.43184206145772,55.14187663547543,56.2032356262207,63173300
2011-10-12,56.6359380113548,57.582996693797945,56.18689753979527,57.00333023071289,88580000
2011-10-13,56.676781924651486,57.24828880796227,55.99098113934651,56.95437240600586,54163300
2011-10-14,57.62384654036354,58.24433117761619,56.995189599578495,58.08104705810547,69768200
2011-10-17,57.56668824389918,57.656496365454935,56.03179033286557,56.31754684448242,57529900
2011-10-18,56.505293692654,58.20347482109981,55.39494497243064,57.81158447265625,98948000
2011-10-19,57.64832759505672,58.08920210873555,56.391020180984945,56.6849365234375,71071600
2011-10-20,56.79106335489547,56.92986166431296,55.313321985860526,56.84005355834961,90998600
2011-10-21,57.61566792891001,58.097366565764816,57.16662735462913,58.07286834716797,60408600
2011-10-24,58.33413099645777,60.0731371429113,58.09737092558445,59.9425048828125,81399100
2011-10-25,59.50978025121715,59.55060437862715,58.09735513880845,58.26063919067383,66767900
2011-10-26,59.27302431852848,59.632256769738255,57.591174622207056,59.26485824584961,76643400
2011-10-27,61.46921421247951,62.84082129682188,59.31383254121103,62.391780853271484,130508100
2011-10-28,62.293808357327734,62.7999925705362,61.85293401657806,62.073368072509766,82397500
2011-10-31,61.10999876813892,61.591697398052176,60.358882026428155,60.424198150634766,66969200
2011-11-01,58.11367562530846,59.57509079990768,57.93405944769819,58.285125732421875,110064900
2011-11-02,59.28933761732987,59.84451203413822,58.64435511626676,59.7220458984375,63821300
2011-11-03,60.63644405736647,61.395726594420275,59.01991106163009,61.207950592041016,74622200
2011-11-04,60.56298351838386,61.085499996243044,60.0486331123659,60.9058837890625,65262500
2011-11-07,60.8242370605156,61.12631940643704,59.51794596673835,60.78341293334961,67136100
2011-11-08,61.34676544946141,61.75498188510003,59.97515797656009,61.67333984375,72278500
2011-11-09,59.86084386261504,60.3507022249536,58.63619484232514,58.734169006347656,78806400
2011-11-10,59.69756408713168,59.78737218668612,58.48107482185334,59.1668815612793,72175100
2011-11-11,59.87718167933762,60.84873875516099,59.21587307015406,60.72627258300781,62452000
2011-11-14,60.49765122972254,60.63644326948401,59.411794433947584,59.85266876220703,61114200
2011-11-15,59.53425921887412,60.93852418186652,59.13420901905427,60.6119499206543,65795300
2011-11-16,59.98331425126379,61.134481172702976,59.52611391127518,59.63224792480469,56938700
2011-11-17,59.55877369104322,59.958830270832145,58.18716625906705,58.783164978027344,78923500
2011-11-18,58.987283684999504,59.16689993990139,58.334134799699804,58.766849517822266,53462900
2011-11-21,57.59116041974343,57.84425255037837,56.83187779895176,57.3625602722168,58233500
2011-11-22,57.25642147416608,57.66463781322616,56.578787085280496,56.880863189697266,55404700
2011-11-23,56.25221316520205,56.407331139496314,55.003072155485526,55.09288024902344,69700300
2011-11-25,54.741840245078485,55.5501072463433,54.39077377319336,54.39077377319336,28167900
2011-11-28,56.407348342708325,57.08498917193082,56.260396394523596,56.97885513305664,59167100
2011-11-29,57.01965163055071,57.29724196251192,56.431825371883335,56.87269973754883,58157100
2011-11-30,59.24035989645743,60.24457494593777,56.86454377082867,60.19559097290039,93802900
2011-12-01,59.98333024826409,60.530338833616526,59.648589746580605,59.76288986206055,57394700
2011-12-02,60.489520257053776,60.93039484111573,59.852703489705306,60.00782775878906,47671500
2011-12-05,61.18348389838457,61.550876214105735,60.522169009642234,61.03652572631836,58429900
2011-12-06,61.07733774665289,61.469228244015866,60.489505115052495,61.09366989135742,43597000
2011-12-07,60.64461709589258,61.28143357520177,59.705718289447574,60.97119140625,55904400
2011-12-08,60.33438707214248,60.56298726674341,58.962779675648754,59.07707977294922,71486700
2011-12-09,59.19138308823025,61.20797327420315,59.0934089014085,60.85690689086914,72184900
2011-12-12,59.99963279680848,60.90587352291089,59.19136622962328,59.983306884765625,47638600
2011-12-13,60.60380059145669,60.79974269061471,58.41576075938325,58.734169006347656,79040300
2011-12-14,58.17081301539894,58.69332929364748,57.623804759870836,57.99936294555664,77704900
2011-12-15,58.832116539674224,58.872940651081706,57.99935823537141,58.53820037841797,50096100
2011-12-16,59.011752090585155,59.828184756429195,58.562717861703085,58.995426177978516,66225600
2011-12-19,59.542464563928874,59.762898754041174,57.827956347743026,57.97491455078125,52897500
2011-12-20,59.23221730497652,60.39155068302797,59.19955923714401,60.30174255371094,74174400
2011-12-21,60.03230470999189,60.734437438789655,59.3791621864069,60.546661376953125,59194600
2011-12-22,60.8420034200765,61.26041072855653,60.694328411415256,60.93224334716797,41502800
2011-12-23,61.1619987487793,61.26865054657164,60.77640233166565,61.1619987487793,24333600
2011-12-27,60.92403431481653,61.66240924437073,60.77635932890569,61.34244155883789,26922400
2011-12-28,61.43270914666631,61.44912096152822,60.11183971758566,60.22670364379883,37827500
2011-12-29,60.489228314475156,61.0717224792431,60.38257030985834,60.83380126953125,27090500
2011-12-30,60.80919408579988,61.13735525124959,60.45641519959574,60.505638122558594,31979800
2012-01-03,62.08901712194666,62.24489799919446,61.34243635120267,61.50652313232422,60504700
2012-01-04,61.186585459130924,61.416300782505544,60.76817182911394,61.17017364501953,34648500
2012-01-05,60.73535302357122,61.810095229341165,60.19388209689193,61.51475143432617,57274600
2012-01-06,61.54757115867469,61.84292125430586,60.93225950265541,61.35887908935547,45499800
2012-01-09,61.6459932530403,61.77726268017601,61.04709370472835,61.67060470581055,52042400
2012-01-10,62.482822985642215,62.70433232971055,62.318736194414676,62.573062896728516,42977600
2012-01-11,62.310538874422726,62.90123888567918,62.244910408161296,62.81919860839844,33445800
2012-01-12,62.99971340309232,63.10636517560018,62.30236140902734,63.00791931152344,36131400
2012-01-13,62.49921476130152,62.745341764264836,62.023372560516286,62.67150115966797,42600400
2012-01-17,63.2540171789882,63.393486275118896,62.458213351591375,62.64691162109375,34518400
2012-01-18,62.61412731483126,63.770916481061846,62.474658145069824,63.76271057128906,49330800
2012-01-19,64.09905005679778,64.28774834436457,63.71346009398301,64.15647888183594,35830500
2012-01-20,64.07443857996148,64.41081188314523,63.9103580111178,64.19750213623047,42221200
2012-01-23,64.20569416919268,64.68153021973193,63.62320013860596,64.11544799804688,37481400
2012-01-24,63.72988406711447,64.60772850886393,63.393510666616656,64.48466491699219,49856900
2012-01-25,64.48464027678877,65.28044410629751,64.14827326409433,65.03431701660156,68272900
2012-01-26,65.51837774645335,65.55940102229238,64.60771610443001,64.96049499511719,52755700
2012-01-27,64.64871536400388,65.45271869387683,64.6240976520818,65.40349578857422,52203500
2012-01-30,64.87846138689741,65.16560556953476,64.41902443540391,64.89486694335938,46332400
2012-01-31,65.35430295050877,65.48556617812896,64.46825269179625,64.82923126220703,52024000
2012-02-01,65.43631726926434,66.37159008458335,65.19839611318898,66.22391510009766,67292200
2012-02-02,66.48645309488646,66.88845481771548,66.24032601438692,66.60131072998047,46400100
2012-02-03,67.65967842662435,68.27499015293519,67.47098007647489,68.05347442626953,72738000
2012-02-06,67.74169351027375,68.03704352965222,67.57761294807335,67.83193969726562,34516000
2012-02-07,67.77451851790433,68.08627412495248,67.33969934569114,67.79092407226562,41623400
2012-02-08,67.93044475616688,68.26681204872814,67.2166806095948,67.93864440917969,46697400
2012-02-09,68.11087976963492,68.11908567575128,67.14278940389444,67.60222625732422,48712500
2012-02-10,66.86386158342002,67.00333071271811,66.51928858423415,66.67516326904297,42503000
2012-02-13,67.36432693558389,67.62685968313217,66.95411912633507,67.53661346435547,38574100
2012-02-14,67.20022112228494,67.37250758646647,66.74899019756758,67.2330322265625,49375200
2012-02-15,67.61864232238149,67.62684822977354,66.45365384364443,66.67516326904297,59836600
2012-02-16,66.71617200513421,68.01242968251564,66.68335464199231,67.93038940429688,61456800
2012-02-17,68.33241083249276,68.3488163891534,67.79093357358448,67.92220306396484,33292000
2012-02-21,68.02885098696746,68.1273030991904,67.13460110655112,67.4627685546875,39889400
2012-02-22,67.24946596939607,67.5694275442609,66.86386964602715,66.92950439453125,42626900
2012-02-23,67.03613347167783,67.97140641377025,66.66694909005736,67.93038940429688,53177500
2012-02-24,67.95503718238606,68.11911782652129,67.65968701552237,67.79915618896484,37607700
2012-02-27,67.14280314789238,68.05346487577384,66.65876099557588,67.68428039550781,51807700
2012-02-28,67.72528455393518,68.14369184429896,67.14278419107376,67.50376892089844,47680600
2012-02-29,67.72529785681043,68.06166493626787,66.42903994443466,66.49467468261719,64213200
2012-03-01,66.76539276892946,67.57760839715891,66.74898721752312,66.8392333984375,69526300
2012-03-02,66.79820212474633,66.97869446494173,65.5019446444985,65.83831787109375,70789500
2012-03-05,65.62503386739004,65.96140722568799,65.15739728436441,65.91217803955078,44334800
2012-03-06,65.15736985832164,65.32145664425573,64.32875506162029,64.5994873046875,80769300
2012-03-07,64.73899030604073,65.27225537524124,64.6323322847818,65.20662689208984,57456300
2012-03-08,65.63324494127374,66.19933368185991,65.0999735742711,66.0516586303711,43803100
2012-03-09,66.0598422401817,67.39712328710772,66.0106193213946,66.94589233398438,61462900
2012-03-12,67.0607494523309,67.21663037295083,66.49466711294983,66.81462860107422,34084200
2012-03-13,67.32328426375479,68.16831110597971,66.78181336629729,68.1436996459961,60998100
2012-03-14,68.06164247679013,68.28315808024054,67.28225056069977,67.58580017089844,46707700
2012-03-15,67.47916092456838,68.19292451534558,67.29866855039904,68.15190124511719,58740500
2012-03-16,68.27497482254923,68.31599183952862,67.80733826592655,68.094482421875,42045800
2012-03-19,68.00423533287574,69.2348584930932,67.88937767199728,68.66876983642578,66822800
2012-03-20,68.19294984128199,68.34062490596757,67.74992464722524,68.05347442626953,43829100
2012-03-21,68.25855774040211,68.44725603361846,67.7991271263417,68.03704833984375,40504700
2012-03-22,67.34788179809817,67.65143768009882,66.96229190596287,67.38069915771484,60102900
2012-03-23,67.48029354529048,68.13040932188602,66.8630957384738,68.03988647460938,46464800
2012-03-26,68.91218522510916,69.50469607714089,68.81343760207737,69.455322265625,56454000
2012-03-27,69.47178327632747,69.66929109399946,68.92042141186315,68.96979522705078,41730700
2012-03-28,68.96157585516627,69.142615284548,67.9822865873582,68.56656646728516,48836000
2012-03-29,68.08100953585907,68.48424352452356,67.49672364324566,68.36903381347656,45615600
2012-03-30,68.7887582668975,68.79698932996071,67.91645393604357,68.1468734741211,45904700
2012-04-02,67.92466342824822,69.01093110454842,67.79299157489812,68.98624420166016,52756800
2012-04-03,68.8463391587314,69.12613239524241,68.24559738848899,68.525390625,52012300
2012-04-04,67.78478380854563,67.83415762671619,67.02768301865082,67.43092346191406,65172400
2012-04-05,67.15111465779559,67.48028805031846,67.00298694508331,67.13465881347656,31978700
2012-04-09,65.90848059374241,66.3034898755748,65.71097909205598,66.03192138671875,50062200
2012-04-10,65.7685856607323,65.96609344599075,64.30377078492722,64.4765853881836,101228600
2012-04-11,65.01974419052871,65.48058328713202,64.88807228952102,65.39006042480469,54346800
2012-04-12,65.45588185904894,66.58329871716644,65.37359007840003,66.32818603515625,60728700
2012-04-13,66.1471299651024,66.17182314603446,65.36534875399201,65.45587158203125,53965200
2012-04-16,65.74389661015967,65.99900297637939,64.91273530677155,65.56285095214844,44725900
2012-04-17,66.1060201976205,67.10999658873946,66.05664008958243,66.5092544555664,46737700
2012-04-18,66.17184542352678,66.38580283596028,65.69454422016918,66.00725555419922,49008100
2012-04-19,66.09775497148114,66.64911671165234,65.21721988785603,65.6286849975586,74260400
2012-04-20,66.06486043884848,66.63268450072084,65.88381472181894,66.00725555419922,46632000
2012-04-23,64.99503290731187,65.1431606011707,64.44366487666763,65.09378051757812,62477000
2012-04-24,65.11846967248412,65.77681639650775,64.89628126324047,65.58753967285156,44810200
2012-04-25,66.45165050455427,66.96186977177076,66.27060475559155,66.6080093383789,50263300
2012-04-26,66.6162111564702,67.37331187095904,66.50923246826852,67.26632690429688,43147600
2012-04-27,67.46382456142014,67.91643243119967,66.68203705795806,67.7929916381836,46796400
2012-04-30,67.76828935353242,67.77652041212112,67.011195203283,67.04411315917969,38093600
2012-05-01,67.11821013613952,68.27854516457298,66.89602166179137,67.1099853515625,60493600
2012-05-02,66.58329371245156,67.33215702206718,66.3034941451238,67.29100799560547,52095800
2012-05-03,67.20046771588196,67.28275946129526,65.9742974789301,66.34461975097656,61487800
2012-05-04,65.89200733504038,66.28701651246587,64.96209866019863,65.08553314208984,75093300
2012-05-07,64.81399394770118,65.50525240482976,64.69878420484642,65.25837707519531,47361400
2012-05-08,64.7563851774209,65.2583731461187,64.16387437643594,65.21722412109375,62939600
2012-05-09,64.39429440399424,65.22545574468546,64.1638749301693,64.84690856933594,64431000
2012-05-10,65.27482617434553,65.46410289145496,64.70700230147673,65.09378051757812,45697800
2012-05-11,64.55890717563476,65.47236070216405,64.53422026061439,64.92922973632812,44862900
2012-05-14,64.26260307290175,64.56708944445441,63.86760017416856,64.06510162353516,51220200
2012-05-15,64.04868220375548,64.59181306795425,63.752426722024715,63.949928283691406,54317800
2012-05-16,64.17211222727333,64.50951041003161,63.44792949234952,63.489078521728516,52659400
2012-05-17,63.54668710121693,63.65366579399575,62.01603604027919,62.048954010009766,71665100
2012-05-18,62.04073239455984,62.46865978775473,61.300093659000765,61.464683532714844,77636200
2012-05-21,61.66218096770079,62.91303253173828,61.234259881663604,62.91303253173828,61384400
2012-05-22,62.888337545118546,63.39032557450464,62.106556202808,62.53447723388672,59678300
2012-05-23,61.925502813788015,63.06937538674267,61.46466387172274,62.93770980834961,66981800
2012-05-24,62.896544267787604,63.151650575378156,62.172368080634214,63.069358825683594,54576500
2012-05-25,63.11874395482884,63.275102702248425,62.76488371698289,63.028221130371094,33847700
2012-05-29,63.63720451618977,64.11450561884885,63.1681344748759,63.94168472290039,51160000
2012-05-30,63.28333133377671,63.39854105530925,62.6332157460094,62.71550750732422,47891500
2012-05-31,62.76488242265949,63.02821983061721,61.77736871243281,62.633216857910156,59563900
2012-06-01,61.22601552747599,61.72800351235746,60.65819161181597,60.748714447021484,76127100
2012-06-04,60.970910793035785,61.18487445665659,60.02454584849838,60.60882568359375,50123200
2012-06-05,60.28786348510998,61.44819171137439,60.246714466951225,61.390586853027344,48270600
2012-06-06,61.876137437443376,62.962405290646004,61.744465562650056,62.90480041503906,48638400
2012-06-07,63.90876919472793,63.95814300291236,62.49332809448242,62.49332809448242,57907100
2012-06-08,62.460418550955346,63.4150145491664,62.00780432004018,63.3409538269043,50420100
2012-06-11,64.01572354710125,64.07332839424753,61.79380884619269,61.94193649291992,52803000
2012-06-12,62.081866412086626,62.75666903489365,61.53872937793307,62.723751068115234,56599400
2012-06-13,62.616782106263834,62.987104618300386,61.719790826579214,61.99958419799805,62715800
2012-06-14,62.03248046097746,62.92947770516266,61.85144107849364,62.70728302001953,53619000
2012-06-15,62.83074389714257,63.628987505471805,62.625011267303556,63.546695709228516,57935000
2012-06-18,63.03646678749591,63.85939717970463,62.83073418944373,63.62074661254883,45656600
2012-06-19,63.90055731874247,65.07734823530478,63.810034457586774,64.7234878540039,66897000
2012-06-20,64.7399427421426,65.07734727025796,64.17212495058648,64.6247329711914,54642300
2012-06-21,64.49304150392955,64.62470707004812,62.94592872243734,63.052913665771484,62486400
2012-06-22,63.423226889795934,63.97458858764242,63.077597731007884,63.768856048583984,41001200
2012-06-25,62.87186713277414,63.859380839355175,62.54269380442745,62.77311325073242,48620100
2012-06-26,62.92776535335671,63.33300851513525,62.37366508273317,63.01873779296875,42495600
2012-06-27,63.20896840340839,64.0607956968294,63.151077411903415,64.04425811767578,38510400
2012-06-28,63.498418684341615,63.9863624136426,62.95259027744365,63.936737060546875,58183700
2012-06-29,65.28479172358465,65.93813658850185,64.97052089940051,65.79753875732422,71660200
2012-07-02,66.09525355042096,66.58319727798501,65.56596272334278,66.55838775634766,53370400
2012-07-03,66.62451941115702,67.48461826026356,66.51700942113445,67.42672729492188,32322500
2012-07-05,67.50121182088137,67.68315048182781,67.01326791705023,67.35234832763672,42819900
2012-07-06,66.79823687428714,66.84786224171957,66.28548978477309,66.5997543334961,38530600
2012-07-09,66.50876191701454,66.59973436878242,66.04563402411931,66.3433609008789,34636100
2012-07-10,66.83128217157434,66.95533605853197,65.31784494154823,65.6072998046875,49990800
2012-07-11,65.65691997968067,65.87194630017785,64.96222829604146,65.38400268554688,40171300
2012-07-12,64.87126591218039,65.41709427534511,64.16829586817347,65.16072082519531,55502600
2012-07-13,65.39225892074938,66.23581380678867,65.35090553109471,65.9711685180664,42114800
2012-07-16,65.84716368718844,66.0621837858926,65.42538281571484,65.7065658569336,31922600
2012-07-17,66.14488769372672,66.2854792081187,65.04495248423493,65.9381332397461,43662500
2012-07-18,65.83060765542754,66.74859780716223,65.7892605562158,66.3433609008789,46045000
2012-07-19,66.61628714504025,66.77341623844211,66.00428942245979,66.12007141113281,49405400
2012-07-20,65.6073051762981,65.71481518865428,65.17725250758672,65.27649688720703,42314300
2012-07-23,64.1021546086134,64.53220110959552,63.829237206828104,64.2344741821289,47367200
2012-07-24,64.4660614148454,64.49087725912085,63.035323567696985,63.39094161987305,55609200
2012-07-25,63.680380508356826,63.99464504978263,63.24206201569982,63.531517028808594,37217500
2012-07-26,64.49084037600132,64.65624138535671,63.68036028701411,64.07733154296875,44745100
2012-07-27,64.36680514522199,65.92986848295854,64.00291524745614,65.59906005859375,67297100
2012-07-30,65.7644713746342,66.08701421319698,65.11939831680237,65.37577819824219,34785200
2012-07-31,65.111092290806,65.72308349045649,64.79682159423828,64.79682159423828,48933500
2012-08-01,65.25996041351864,65.33438896725755,63.713435263961294,63.72997283935547,63601100
2012-08-02,63.07667400779909,63.936773674821886,63.060136420392965,63.49845504760742,43374800
2012-08-03,64.4577557840432,65.35093002471797,64.21791991536635,65.01185607910156,52414100
2012-08-06,65.0862591152556,65.85538545816698,64.99528670730383,65.51631164550781,34662800
2012-08-07,66.03736626872798,66.6328200600128,65.86369329787735,66.11180114746094,50064000
2012-08-08,65.83058263144667,66.31852616996161,65.78096360739637,66.01252746582031,28011700
2012-08-09,65.9629368576739,66.48395576357537,65.90504586812929,66.32682037353516,24045900
2012-08-10,65.9712143040919,66.20278461337692,65.74792225005284,66.09526824951172,26068400
2012-08-13,65.99601913660372,66.16969210737463,65.24342995361839,65.98774719238281,31544800
2012-08-14,66.40952839819276,66.50876649084104,65.55769480854491,65.83061218261719,26052900
2012-08-15,65.64863931440914,66.40950012207031,65.59074834846513,66.40950012207031,27061400
2012-08-16,66.31028127249432,67.23654339358622,66.02082633141701,67.10421752929688,46037700
2012-08-17,67.17037044273899,67.69966120166173,66.98015361860571,67.57560729980469,33453500
2012-08-20,67.47634631960275,67.53424359458644,66.97187151284916,67.42672729492188,32657000
2012-08-21,67.75756961521809,68.40264249927927,67.14557820080687,67.38541412353516,43743800
2012-08-22,67.2117296580837,67.40194651652124,66.81476467212363,67.0628662109375,37611400
2012-08-23,67.03805916900143,67.03805916900143,66.32682337405274,66.59146881103516,32208500
2012-08-24,66.44259105062437,67.04631667573305,66.25238053575208,66.77339935302734,25676100
2012-08-27,67.17866303276237,67.32752649881523,66.64110016592454,66.97190856933594,23628400
2012-08-28,66.96362859116947,67.41021893575525,66.78168367563697,67.27789306640625,28505600
2012-08-29,67.41850196524675,67.78239189020032,67.10423740892544,67.48466491699219,30858800
2012-08-30,67.1373100196822,67.19520101740369,66.69071961883985,66.81477355957031,24562900
2012-08-31,67.38539621061892,67.42674330445628,66.44259035033222,67.0876693725586,34088500
2012-09-04,67.13730628727308,68.14626902830882,66.6162873367451,67.90643310546875,69560700
2012-09-05,67.98085699393054,68.23723678875314,67.6914020413677,67.92296600341797,35103700
2012-09-06,68.29510874270048,69.41985308170061,68.24548340063316,69.17174530029297,46332500
2012-09-07,69.35370854706409,69.80029888617754,69.22138267933656,69.68451690673828,32012900
2012-09-10,69.61832411037088,69.8416160293251,69.29578783319148,69.3702163696289,30671300
2012-09-11,69.37849728500943,69.93259749341722,69.32887825429911,69.51908874511719,33164100
2012-09-12,69.87472534179688,70.00705120552338,69.38678791600542,69.87472534179688,29751700
2012-09-13,69.99881088545098,71.24760997255909,69.6266552674668,70.7927474975586,69437600
2012-09-14,71.00771738465637,71.91743530008493,70.98290787118032,71.45430755615234,46040200
2012-09-17,71.10697469261926,71.30545714620209,70.76789445434034,71.1235122680664,30183000
2012-09-18,70.90849772224048,71.04082358639853,70.59423325933184,70.89196014404297,32991100
2012-09-19,71.07389735506246,71.14832591335731,70.63557901938708,70.76789855957031,29342000
2012-09-20,70.41227513783866,70.62730147192283,69.97395683694485,70.45362854003906,34939800
2012-09-21,71.15658930953175,71.18967076801499,70.68518956802099,70.70999908447266,38826000
2012-09-24,70.47921752929688,70.9275488081885,70.23844667576758,70.47921752929688,54635300
2012-09-25,70.92755106721737,70.99397192566677,69.39160513746477,69.46632385253906,74752200
2012-09-26,69.61573093204223,69.68215175549034,68.77718545516534,69.02626037597656,42167400
2012-09-27,69.31687074208192,70.03087903853823,68.9681707836007,69.77350616455078,33252800
2012-09-28,69.55766218826268,69.7403164113904,69.1259392070685,69.27538299560547,43944300
2012-10-01,69.70708396918248,70.1886256173539,69.16742566238628,69.50782775878906,43705600
2012-10-02,69.86480131039735,69.93951998123967,69.21721415947889,69.64063262939453,25792500
2012-10-03,69.69046594778308,69.92293252898946,69.05117651522623,69.44139099121094,38568500
2012-10-04,69.70705151306782,69.95612641076904,69.07606641733244,69.91461181640625,43327200
2012-10-05,70.22184148779546,70.77810188266716,69.60745809555031,69.83162689208984,40981400
2012-10-08,69.42477382478415,69.65724035534399,69.23381555511693,69.39156341552734,21062200
2012-10-09,69.42481488401309,69.49122940756772,68.44512940136396,68.57796478271484,45221200
2012-10-10,68.63607753906952,68.76891924709317,68.22926089316935,68.47003173828125,32465600
2012-10-11,68.99305924687212,69.27534461738728,68.57793854582687,68.71907806396484,38978500
2012-10-12,68.69417290758375,68.92663949031923,68.00507734711479,68.1628189086914,31847100
2012-10-15,68.36208528291658,68.61116027832031,67.88055000430445,68.61116027832031,34413700
2012-10-16,68.97648280496952,69.20894947035137,68.81043066238136,69.11762237548828,29234800
2012-10-17,69.25876890839399,69.86484820484544,69.11762932368687,69.74031066894531,35466500
2012-10-18,69.69049641336153,69.86484642548437,69.28367338416618,69.3583984375,31431700
2012-10-19,68.78551040081273,68.81041663356277,67.639779354629,67.95526885986328,53565500
2012-10-22,67.78089654146943,68.05487767983834,67.54012581389416,67.93864440917969,30682000
2012-10-23,67.3740889582222,67.68957840091183,66.77631415376689,67.59825134277344,40737600
2012-10-24,67.83074739447235,67.95528492189874,67.17486199622746,67.4156265258789,24472200
2012-10-25,67.9801507342818,68.19601523116837,67.14161163903731,67.68956756591797,27794000
2012-10-26,67.61488160682704,67.99679200348065,66.80124200752778,67.36580657958984,41402800
2012-10-31,67.38238257230924,67.78919900930192,67.14990970264682,67.77259063720703,24879800
2012-11-01,67.93036533697803,68.66927983116044,67.68129033106105,68.48662567138672,77113300
2012-11-02,68.81872631377198,68.8685387832467,67.3907097359156,67.40731811523438,39322100
2012-11-05,67.39902399896069,67.94698024780207,67.18315937523931,67.85565948486328,26861600
2012-11-06,68.10472579321655,68.55305707235046,68.05491331805995,68.36209869384766,27342500
2012-11-07,67.55678409634753,67.55678409634753,66.34463171093142,66.70162963867188,65095500
2012-11-08,66.56045880553378,66.83444001774959,65.71361527187754,65.763427734375,42653100
2012-11-09,65.48116048646749,66.3944250244469,65.3400145935164,65.90457916259766,33030000
2012-11-12,66.05401113570048,66.13704035236672,65.6139841580249,65.71361541748047,20155100
2012-11-13,65.41475191096498,66.05403530724857,65.24040189379673,65.34002685546875,34408200
2012-11-14,65.4894723572197,65.67212657075248,63.978432501051664,64.12787628173828,54653100
2012-11-15,64.00332533422119,64.3354232588702,63.339135819164255,63.7957649230957,55966400
2012-11-16,63.74594503583355,64.49316369580978,63.206286762837365,64.32711791992188,62748300
2012-11-19,65.02451730653179,65.73852553928627,64.94149441919203,65.68871307373047,45621100
2012-11-20,65.57246507445686,65.87965032221953,65.2901797196535,65.804931640625,36928500
2012-11-21,65.92953156147539,66.19520879364559,65.6970584408622,66.15369415283203,19254500
2012-11-23,66.33628720521116,66.88424321953353,66.30307679006451,66.80952453613281,20093300
2012-11-26,66.7099024343769,67.07521071682262,66.47743583072594,67.02539825439453,31180700
2012-11-27,66.9838897950997,67.44052519007441,66.89256271610476,66.94237518310547,39942000
2012-11-28,66.685012871704,67.50695037841797,66.11214407362745,67.50695037841797,51316900
2012-11-29,68.03830476949142,68.42022152555762,67.76432982256252,68.2790756225586,53043500
2012-11-30,68.41191732492018,68.42022151550513,67.85565690631644,68.146240234375,35722500
2012-12-03,68.66928530943889,68.7107999251505,67.87225409485592,68.0715103149414,24959800
2012-12-04,68.13793134044803,68.34549175105427,67.63148343182951,68.15453338623047,37225000
2012-12-05,68.47833327934393,68.50323951507448,67.58167078759772,68.0715103149414,40376100
2012-12-06,68.06320242421418,68.33717731109752,67.75601078226607,68.17943572998047,31829500
2012-12-07,68.49494039686407,68.53645501564966,67.9386799768893,68.22926330566406,24123400
2012-12-10,68.38699766599404,68.62776847177294,68.2541559796718,68.52813720703125,29173000
2012-12-11,69.00139794357028,69.3750042276639,68.84364997132337,69.25047302246094,40262100
2012-12-12,69.46630991415994,69.57424537104345,68.71909124213748,68.86023712158203,40570000
2012-12-13,68.89346460454537,69.08441666375718,68.17115198701403,68.42022705078125,33439300
2012-12-14,68.26246693641201,68.75230645124921,68.17944404134954,68.37870025634766,28508000
2012-12-17,68.64437409992836,69.35007817620524,68.51153240666935,69.3417739868164,35849400
2012-12-18,69.49953558612309,70.37958980724845,69.31688138908007,70.28826904296875,53500700
2012-12-19,70.41134140358194,70.77980743890164,70.14336320102929,70.44483947753906,49010900
2012-12-20,70.46157264582114,70.85516695763987,70.21871644514354,70.79654693603516,50304600
2012-12-21,69.73302077602838,70.50346374511719,69.5739129015542,70.50346374511719,54923200
2012-12-24,70.25225913926339,70.31925531768465,69.93403687542317,70.16014099121094,10103000
2012-12-26,70.31923412502373,70.35273220413879,69.5739194347533,69.65766143798828,24671600
2012-12-27,69.72468489142979,69.86704699157048,68.71139156066896,69.6074447631836,35567700
2012-12-28,69.24733462769603,69.81678930527704,69.10496616647087,69.11334228515625,34262200
2012-12-31,69.22220004467258,70.70445332650863,68.96259152559325,70.61233520507812,67461100
2013-01-02,72.30397647625556,72.78131951435712,72.05275035995308,72.68920135498047,116410600
2013-01-03,72.7310639037268,73.091160394502,72.32909959115906,72.5217056274414,45872900
2013-01-04,72.86503409800197,73.22513047921719,72.5719338782002,73.0576400756836,29852500
2013-01-07,72.68919288651159,72.91529700375295,72.53845467864826,72.78131103515625,23693400
2013-01-08,72.75617054958984,72.86504091935511,72.34583020345282,72.73104858398438,23760000
2013-01-09,72.87343588476462,73.14979038033945,72.82319193615407,73.08279418945312,27425500
2013-01-10,73.36749949846966,73.43449566624605,72.81479069797369,73.25025939941406,39753000
2013-01-11,73.19163825908963,73.30887835639795,72.85666381430609,73.14138793945312,27322400
2013-01-14,72.99064446497071,73.29211438900587,72.89852634767203,73.1832504272461,24351900
2013-01-15,72.71430509793929,73.6019819867251,72.66405477599032,73.5014877319336,34704100
2013-01-16,73.33401927310459,73.48475749275661,73.10791513818046,73.28377532958984,20881400
2013-01-17,73.61873770335004,74.12119622284354,73.55174153032245,73.96208190917969,34219400
2013-01-18,73.97881250525698,74.21329906250814,73.7862065338967,74.17142486572266,23256900
2013-01-22,74.23003816265859,74.7492487657344,74.01230385954877,74.7073745727539,31589000
2013-01-23,74.73248380606829,74.77435799191767,74.45613590241514,74.53150177001953,32818900
2013-01-24,74.65717392113217,75.24337462797129,74.47293758780887,74.7744140625,39814600
2013-01-25,75.14283497742447,75.31869506835938,74.774362564549,75.31869506835938,34620300
2013-01-28,75.37734126733655,75.56157753773539,74.84975442226602,75.36896514892578,42633600
2013-01-29,75.33548584801984,75.5029763124644,75.0758836145157,75.41085815429688,37055100
2013-01-30,75.34381075954883,75.38567855537272,74.2718980720829,74.50637817382812,39299300
2013-01-31,74.42268096358049,75.1009997215578,74.33056281260734,75.01725769042969,36924200
2013-02-01,75.33547476863323,75.95517342317083,75.24335662401327,75.67882537841797,33925100
2013-02-04,75.21820564033081,75.51968192659302,74.65712725888346,74.7659912109375,27006300
2013-02-05,75.12609878419958,75.68717724968951,75.02560454402456,75.43595123291016,26551000
2013-02-06,75.07585472884018,75.80441720425648,75.00885856883936,75.7541732788086,24297800
2013-02-07,75.69555856285804,75.82955089228888,74.99211800066385,75.5029525756836,30206500
2013-02-08,75.60344122600118,76.08915384161955,75.56994314329239,76.03890991210938,25189600
2013-02-11,75.96354579658869,75.9970438828993,75.58670350653104,75.95516967773438,15722100
2013-02-12,75.98866188028326,76.40737834308486,75.93841794926105,76.2901382446289,19792700
2013-02-13,76.36551160139783,76.66698796997207,76.18965145124722,76.60836791992188,22591300
2013-02-14,76.35714873210206,76.94334933431803,76.34040288165619,76.80098724365234,22359300
2013-02-15,76.76748315480837,77.0689595521347,76.59999910700792,76.82610321044922,29339100
2013-02-19,76.94335524342603,77.51281003892922,76.93498551211401,77.50444030761719,21162300
2013-02-20,77.5713855861275,77.61325977508788,75.98863835780936,76.06401062011719,41753800
2013-02-21,76.01378213027644,76.05565633125403,74.84138117217627,75.32708740234375,45067400
2013-02-22,75.71230968093546,76.23151397705078,75.67881159907225,76.23151397705078,24762300
2013-02-25,76.62509966336216,76.65022162460154,74.50639574410744,74.54826354980469,53492800
2013-02-26,74.87487533950986,75.18472140975872,74.3556646644279,74.84137725830078,47522800
2013-02-27,74.83299668114017,76.08076978356621,74.79112248484785,75.62855529785156,41192300
2013-02-28,75.62020448837205,76.24827925525518,75.51971022559225,75.77094268798828,31208800
2013-03-01,75.268464083327,76.25663512585628,74.70738559360511,76.11427307128906,49278200
2013-03-04,75.93002068085401,76.34873702702275,75.53642629319869,76.31523895263672,27577000
2013-03-05,76.71722169272374,77.33692019494747,76.70884557551513,77.20293426513672,35612300
2013-03-06,77.43744401537693,77.54630802425349,77.14434369216474,77.40394592285156,28483000
2013-03-07,77.44577877285508,77.83099704749428,77.31178647431739,77.77237701416016,27907700
2013-03-08,78.38369863082663,78.50931481234727,77.81424414515689,78.49256896972656,38066100
2013-03-11,78.23296522802063,78.50931956627909,78.15759934800731,78.46744537353516,26716100
2013-03-12,78.28323527243181,78.5093393585777,78.0320028308418,78.30835723876953,21489000
2013-03-13,78.33346980180431,78.73543399316807,78.09061350784862,78.60144805908203,28662200
2013-03-14,78.74382958233372,79.39702634665086,78.60984361511576,79.38865661621094,24747300
2013-03-15,79.26300635984312,79.5226084524182,79.04527206881964,79.34674835205078,35361700
2013-03-18,78.50096913992458,79.2295381640069,78.4423490843621,78.91131591796875,36700800
2013-03-19,79.06202168759866,79.3132476559182,77.88961466812798,78.57630920410156,51516400
2013-03-20,79.02019217892722,79.33841447437365,78.93645014213689,79.30491638183594,27958600
2013-03-21,78.75219483078504,79.11229125231654,78.3334783587301,78.60983276367188,37122600
2013-03-22,78.92803464098255,79.02852886845459,78.66843253972729,78.85266876220703,33429900
2013-03-25,79.04080188660778,79.54467310570413,78.33537705421675,78.89803314208984,36680500
2013-03-26,79.22554880707952,79.35151821211417,78.73007726289865,79.14997100830078,26348000
2013-03-27,78.6461066982763,79.25914803241294,78.3017907214311,79.20036315917969,28461800
2013-03-28,79.16676312959991,79.49428614216944,79.05759306345676,79.30113220214844,24160700
2013-04-01,79.16675435993982,79.33471568201965,77.8566880830638,78.2345962524414,59660300
2013-04-02,78.7552627823174,78.87283250789476,77.68033591585615,77.74752044677734,47917200
2013-04-03,78.04985063193423,78.08344290006461,76.35347633023522,76.52983093261719,65441400
2013-04-04,76.63900473317648,77.21006045733846,76.38706593451951,77.18486785888672,37706300
2013-04-05,76.01755066961366,77.05049196410117,75.93357321319198,77.03369903564453,46418300
2013-04-08,77.25204991680222,77.69713626428448,76.69779350145058,77.67194366455078,28886500
2013-04-09,77.79789957893426,77.95746122567071,77.29402845042902,77.4451904296875,36828400
2013-04-10,77.68876671777969,79.02402616782926,77.63837509585957,78.84767150878906,50119600
2013-04-11,78.79726235937503,79.4187033130032,78.7300778219368,78.95681762695312,32619000
2013-04-12,78.68808814288435,78.88964176098428,78.0330549017354,78.63770294189453,41931800
2013-04-15,78.15062660642384,78.22621081687872,75.40452416325928,75.67325592041016,100204000
2013-04-16,76.26111190544565,77.09250626433742,75.99238012268184,76.98332977294922,58061700
2013-04-17,76.3534590210957,76.43743646884916,74.93422285497714,75.64804077148438,77710600
2013-04-18,75.70684328447497,75.89159755686823,74.85025645920989,75.22816467285156,58516600
2013-04-19,75.54725381278809,76.16030127223351,74.9174134288816,76.0931167602539,44931600
2013-04-22,76.16868609903017,76.47940962723787,74.90900547066428,76.31145477294922,49190300
2013-04-23,76.92451139936605,77.54595217507881,76.30307062365328,77.52075958251953,55313200
2013-04-24,77.50397261153984,77.98265112815051,77.20164866346269,77.92386627197266,41020800
2013-04-25,78.12541833302774,78.85603565453125,78.00784861330109,78.43614196777344,36543300
2013-04-26,78.17579821427852,78.40254437768242,77.68032677295751,78.01624298095703,32405600
2013-04-29,78.36056429835935,78.75526542191353,78.1590171059101,78.57891082763672,20791400
2013-04-30,78.58733815818354,79.05761724178963,78.24302210977767,79.0240249633789,30488500
2013-05-01,78.78046647449656,78.85605068419501,77.05890587490813,77.10929107666016,120177800
2013-05-02,77.5459706653556,78.49493459181754,77.40320833543348,78.33537292480469,38830300
2013-05-03,79.3851083921871,80.17451066303849,79.2339463915362,79.57826232910156,51981000
2013-05-06,79.63705199561653,80.19970809586974,79.56146778720041,80.09053802490234,26893800
2013-05-07,80.20808869099625,80.76234499027045,79.88896540901618,80.74555206298828,29920800
2013-05-08,80.56080394016554,81.01428989601789,80.35085709433034,80.98069763183594,37669300
2013-05-09,80.87151353784246,81.0478680888775,80.4096279943687,80.70355224609375,32331100
2013-05-10,80.79594935037126,81.40059733617011,80.67837962058479,81.31661987304688,39288900
2013-05-13,81.24102842342131,81.56015172471685,80.98069638884373,81.25782775878906,22522300
2013-05-14,81.40900633331123,82.32437167826527,81.40060666391545,82.29917907714844,33539600
2013-05-15,82.13123028161604,82.86184139699395,82.03885313255684,82.4671401977539,34000200
2013-05-16,82.32435615921955,82.76944244723451,82.04722478503578,82.25717163085938,42053300
2013-05-17,82.6350832467582,83.197739279354,82.26557473242327,83.18094635009766,35675100
2013-05-20,82.93740584805563,83.6428241923203,82.92900618003264,83.3153076171875,25027400
2013-05-21,83.3069314209601,83.60086222095505,83.03819963213395,83.3321304321289,23596700
2013-05-22,83.48327571038269,84.29786417670807,81.55176196094898,82.11441802978516,68650700
2013-05-23,81.16548295921714,82.24041019634731,81.04791319309801,82.21521759033203,44524500
2013-05-24,81.71131533083184,82.25717200681261,81.21583744074756,82.1983871459961,33332500
2013-05-28,83.30689335553515,84.06270316846621,82.70225191225862,83.26490783691406,46121100
2013-05-29,82.76107952215891,83.29014346101525,81.77012979036098,82.49234771728516,40491500
2013-05-30,82.71907607098137,83.24813993626046,82.55951438159705,83.04659271240234,30620300
2013-05-31,82.61827447539855,83.15573784919658,82.10600369614282,82.1312026977539,38953700
2013-06-03,82.41673826873586,83.00458690976892,81.48457370433368,82.91221618652344,87088500
2013-06-04,82.87024417899134,83.30693093061176,81.39221614561166,82.03045654296875,68206900
2013-06-05,81.9296550684661,82.05562445738107,80.7455581896316,80.98069763183594,58967500
2013-06-06,80.92194525116444,81.83731079101562,80.39288129385272,81.83731079101562,46335300
2013-06-07,82.21520776065051,82.67708709887556,81.68613746929856,82.4671401977539,44757500
2013-06-10,82.83663160715352,82.97100067138672,82.1396065023505,82.97100067138672,32136500
2013-06-11,82.03044153473289,82.69387441465803,81.34181605546769,82.07243347167969,43461300
2013-06-12,82.5762936741139,82.70226306109534,81.14865130010621,81.25782775878906,58446900
2013-06-13,81.2326047145649,82.88697983230882,80.9302808619565,82.69383239746094,47768600
2013-06-14,82.53434284576136,82.83666696224984,81.81212483493582,82.0556640625,37838400
2013-06-17,82.79464106473884,83.02138726267695,82.09762235528731,82.59309387207031,33308600
2013-06-18,82.73584379563829,83.81077694520577,82.57628856193753,83.5672378540039,40520200
2013-06-19,83.56724334212936,83.72679858630863,82.43353166916674,82.5427017211914,43193500
2013-06-20,81.21584862217139,82.47552987629743,80.02335190596224,80.35926818847656,76262300
2013-06-21,80.31725951328715,80.77074543911952,79.46907251828203,80.59439086914062,66115300
2013-06-24,79.70423147905531,80.216495938847,78.7972594780148,79.53627014160156,58774600
2013-06-25,80.27529232347165,80.48523922011059,79.67065064309098,80.30049133300781,32418400
2013-06-26,81.05627701123053,81.14865413777596,80.32566607391412,80.67837524414062,33752300
2013-06-27,81.1654764520981,82.08084190165007,81.13188417774694,81.92967987060547,40852300
2013-06-28,81.79530501940837,82.26558397626373,81.33341932458954,81.45938873291016,46135800
2013-07-01,82.00522956422415,83.22291856319988,81.99682989740495,82.7862319946289,37805800
2013-07-02,82.79468223969535,83.37666980159679,82.19581530744628,82.72720336914062,36848900
2013-07-03,82.4319789665468,83.19953008955684,82.31388774325308,82.89588165283203,19153600
2013-07-05,83.82372272936536,84.13580774139758,82.92121357039709,84.06832885742188,29427500
2013-07-08,84.45629898534851,84.71777797827691,84.25386882561261,84.40569305419922,30905300
2013-07-09,84.93707435713311,85.3588076090258,84.59969290372995,85.19011688232422,36010700
2013-07-10,85.22387746890591,85.5106530625096,84.97083488090475,85.42630767822266,36061100
2013-07-11,86.38785491514021,86.53124270480276,85.98299451666479,86.4300308227539,34434200
2013-07-12,86.43844124865711,86.96982277473607,86.43000478264817,86.60713195800781,28584000
2013-07-15,86.83489906214614,87.4506326191488,86.7421172051301,87.36628723144531,30786600
2013-07-16,87.40001905305209,87.44218852565675,86.72524313997734,86.92767333984375,38630800
2013-07-17,87.41686939663673,87.67834195793021,87.07948150246328,87.26504516601562,28476600
2013-07-18,87.49278387941534,88.21815915740291,87.43374148114407,87.84703826904297,32034100
2013-07-19,87.77112037824156,87.98198699951172,87.50121136042132,87.98198699951172,22806600
2013-07-22,88.1253872966036,88.36155689916207,87.8301688582665,88.16755676269531,25854900
2013-07-23,88.48806135316354,88.52179434557134,87.93137045136787,88.1084976196289,26309700
2013-07-24,88.48809227567493,88.54713468572788,87.24819522942296,87.37471008300781,31809700
2013-07-25,87.27349346339261,88.26878434679462,87.15540864969574,88.1760025024414,46093900
2013-07-26,87.68678146038063,87.86390866304703,87.18070281917106,87.82173919677734,23036800
2013-07-29,87.58553564645378,87.94822640517077,86.87702705833894,87.20597839355469,30360800
2013-07-30,87.45904858992344,87.61087282626161,86.9698364467072,87.28192138671875,26311000
2013-07-31,87.62775533485718,88.29409480301432,87.39158568743748,87.43376159667969,38330400
2013-08-01,88.29409537323525,88.85921652394492,87.5096710763023,88.623046875,34487100
2013-08-02,88.32783954880612,88.80017887201664,88.19288177923703,88.69896697998047,22983000
2013-08-05,88.6061473061034,89.09535292415241,88.47962605991535,89.00257110595703,14985000
2013-08-06,88.74953387271968,88.83387922401477,87.84702510007278,88.1084976196289,24689300
2013-08-07,87.821762997288,88.00732028241265,87.27350830608759,87.484375,23362200
2013-08-08,87.97355953252105,88.22659562433846,87.36626261593725,87.84703826904297,27640300
2013-08-09,87.66148299179405,88.20130109480266,87.31565860088634,87.75426483154297,27686900
2013-08-12,87.1554068645121,88.25190960282933,87.1554068645121,88.21817016601562,18960800
2013-08-13,88.29411312862192,88.29411312862192,87.53499165068708,88.10011291503906,22812900
2013-08-14,88.12539219053866,88.26034349872111,87.72896186345497,87.75426483154297,23629000
2013-08-15,86.74211566070389,86.84333398523027,85.94082483907656,86.12638854980469,50044500
2013-08-16,85.87332783981081,86.35410351838857,85.65403116897824,85.76367950439453,36059500
2013-08-19,85.72995053805661,85.93238073398099,84.84430797378508,84.8949203491211,25184600
2013-08-20,84.99612310242037,86.31193532248349,84.94551716765844,86.11793518066406,32450400
2013-08-21,85.77208257957622,86.4552881633797,85.1985252885015,85.59495544433594,41452900
2013-08-22,85.88175045986577,86.86860462491218,85.85644749693711,86.80113220214844,24006100
2013-08-23,87.03731971286669,87.0879256491567,86.41314980130602,87.02044677734375,20801100
2013-08-26,87.18070149186607,87.56869532539093,86.68305289040357,87.02887725830078,23376100
2013-08-27,85.9830000386972,86.3625574910365,84.81901183926125,84.98770904541016,47269300
2013-08-28,84.8695889623072,85.49375227791832,84.76837068066578,85.15636444091797,28927500
2013-08-29,85.09733255131512,86.33722930506461,85.02985368856201,86.0082778930664,27628600
2013-08-30,86.02516479038043,86.07577716701627,84.5490981021131,84.66718292236328,43334600
2013-09-03,85.91550612188026,86.345675878359,84.4563061109547,85.24073028564453,37995800
2013-09-04,85.3250688423505,86.04201403506248,84.97924451031558,85.99140167236328,22580800
2013-09-05,86.0589096667871,86.48064303293631,85.90708539756777,86.12638854980469,22770200
2013-09-06,86.62403673248912,86.78429748178526,84.9708425968109,86.36256408691406,36792000
2013-09-09,86.65775053630547,87.74582314535499,86.64932050420376,87.66991424560547,27358500
2013-09-10,88.20975077242632,88.54713874611721,87.88922930160682,88.53026580810547,25126300
2013-09-11,88.38686978166912,88.74956069346983,88.16756665391667,88.57243347167969,26412500
2013-09-12,88.48807054138128,88.5808459328428,87.89764015073227,87.92294311523438,32707600
2013-09-13,88.21817623153505,88.42061286633597,87.80487936364487,88.40373992919922,29478700
2013-09-16,89.44962020731172,89.47492317136236,88.43745659931774,88.59771728515625,28755900
2013-09-17,88.61459791322397,89.47493743896484,88.59773141288015,89.47493743896484,28901400
2013-09-18,89.44965113673211,90.76545720344446,88.7833116340625,90.32685089111328,46237100
2013-09-19,90.55456953854319,90.6136119397783,89.93040609189516,90.23405456542969,34775900
2013-09-20,90.45333716317477,90.48707659222275,89.87134970872684,89.90508270263672,49522500
2013-09-23,90.0147772918991,90.14129859803656,89.23878938579605,89.91355895996094,47759700
2013-09-24,90.03447557975397,90.8463581165832,89.46785023409224,90.21207427978516,45267000
2013-09-25,90.29663260450155,90.89709357110738,89.92452385544047,90.04292297363281,37106600
2013-09-26,90.27971683443829,90.88863024263996,89.949889813707,90.54188537597656,29490600
2013-09-27,89.97529898372008,90.53347199969267,89.82307056593397,90.135986328125,30296400
2013-09-30,89.16337595277638,90.35582597642211,89.00268868097506,90.16131591796875,45771700
2013-10-01,90.1190378327283,91.27766519927154,90.0260090283644,91.21000671386719,39344400
2013-10-02,90.56723388520943,91.12540652574957,90.36426494877036,90.8378677368164,30622900
2013-10-03,90.66874984649975,90.7956078909233,89.30715350437443,89.90760803222656,57799200
2013-10-04,89.93299521156898,90.76179566522319,89.77231434729116,90.5080795288086,25902800
2013-10-07,89.63697005866452,90.20360173047672,89.40863076723825,89.45091247558594,32924200
2013-10-08,89.51011107255844,89.67079833845777,87.8863463776623,88.00474548339844,61365000
2013-10-09,88.20773183339296,88.2584724700588,87.10830405566661,87.6495590209961,52604900
2013-10-10,88.80821046374855,89.90763208761798,88.73209303582142,89.76386260986328,53157800
2013-10-11,89.51014797810025,91.10854946910275,89.50169550439648,91.0662612915039,43197100
2013-10-14,90.54189760655163,91.6328665349052,90.43195740221284,91.5229263305664,38774800
2013-10-15,91.32840061984841,91.531376064466,90.42348939913241,90.62646484375,42263500
2013-10-16,91.26072821096098,91.84426474018903,91.0323824998255,91.75123596191406,34333600
2013-10-17,91.33686815592296,92.57160652524007,91.3114978360204,92.55469512939453,38967200
2013-10-18,93.21436891818901,93.67950660314357,92.88454178534617,93.61185455322266,39496400
2013-10-21,93.7471647144506,93.94168129437067,93.2566502540173,93.42579650878906,29198900
2013-10-22,93.83170896998621,94.28839405464578,93.34120109588646,93.67102813720703,38112600
2013-10-23,93.23126572061842,93.49344076249226,92.83378014781809,93.35812377929688,32275300
2013-10-24,93.42580938483832,94.09392266565969,93.30741021631512,93.85712432861328,24711800
2013-10-25,94.07696853804345,94.25456722235074,93.5103432425485,93.94165802001953,21321900
2013-10-28,93.98393816501944,94.11925513305259,93.41731287898403,93.89936828613281,22512200
2013-10-29,94.15310202969326,94.39835924104035,93.47652996719997,94.17001342773438,30026900
2013-10-30,94.21230412829965,94.27996262681766,92.62236167447415,92.88453674316406,46076600
2013-10-31,92.83379260617113,93.18053758294103,92.08956845552783,92.3432846069336,47370000
2013-11-01,92.52935942517871,92.7154106581564,91.26924381227508,91.94581604003906,117030400
2013-11-04,92.38554206366649,93.1551427891145,92.03880363024442,93.00291442871094,31960000
2013-11-05,92.64772627971938,92.96909442705827,92.06418309813188,92.68154907226562,26643500
2013-11-06,93.32430248011836,93.3412203305928,92.10648178900618,92.2840805053711,31773400
2013-11-07,92.70692759855739,92.86760844913162,90.60955954624185,90.72795867919922,60459700
2013-11-08,90.86330328121795,92.57163875622953,90.82101509847769,92.37712860107422,48147500
2013-11-11,92.21639790735512,92.6899943605543,91.87811196124096,92.50393676757812,19897700
2013-11-12,92.24176928680515,92.61388447704432,91.90348333679388,92.5800552368164,28075100
2013-11-13,91.89506787825864,93.49346302226853,91.86123862440543,93.46808624267578,36465900
2013-11-14,93.42577878764469,93.5357189931903,92.80840636630417,93.37503814697266,33226800
2013-11-15,93.53574615683438,93.86557332152474,93.16363726339455,93.73026275634766,27518500
2013-11-18,94.14463059915923,94.22920048267,92.81686342600777,93.0705795288086,35509600
2013-11-19,93.1213081986962,93.61182249318414,92.17410884922997,92.4954833984375,36081300
2013-11-20,92.96908035396163,93.19741965656199,92.05571023902476,92.46165466308594,43376700
2013-11-21,92.8676235505435,94.17847960293555,92.7576833241394,94.12773895263672,45585000
2013-11-22,94.11926843969731,94.69435273060763,93.95858113050691,94.59286499023438,28786400
2013-11-25,94.82961886980188,94.95647687281098,94.40676316128221,94.71121978759766,22968600
2013-11-26,94.7112807898038,95.58236307804358,94.63516981033595,95.41322326660156,30760700
2013-11-27,95.43011444199168,96.0474868822265,95.26097466639605,95.94599914550781,29099600
2013-11-29,96.36039855798717,96.54645617476753,95.94599515615141,95.99674224853516,15675500
2013-12-02,96.15744579439487,96.2081928987593,94.77047871747625,95.03265380859375,43155200
2013-12-03,94.82966793698084,95.22715354102061,94.10235522581645,94.57595825195312,36930700
2013-12-04,94.1361698665172,95.07491039566858,93.34120523406719,94.32222747802734,40609500
2013-12-05,94.2884048413898,94.73663105383308,94.00086593237671,94.389892578125,37926700
2013-12-06,95.24403997355152,95.64997791659826,94.8803837379274,95.12564086914062,36471900
2013-12-09,95.25250148848859,95.47238832567442,94.62667666970971,95.10027313232422,31236500
2013-12-10,94.91425063773389,95.21024851621476,94.07699119996963,94.23767852783203,34938800
2013-12-11,94.32220301412623,94.33912085747656,92.45318136445185,92.68997955322266,47181600
2013-12-12,92.77456810588001,93.23971210773283,92.48702923365684,92.8929672241211,37706200
2013-12-13,93.0705742503476,93.47651224908408,92.53777175513726,93.19742584228516,32980300
2013-12-16,93.55263021643252,94.35605374743028,93.15514468660079,94.30531311035156,33991200
2013-12-17,94.2545833224787,94.33070074433715,93.55264738905842,94.17001342773438,32399800
2013-12-18,94.32221879166767,95.48084606883647,93.3327377149621,95.46392822265625,52979000
2013-12-19,95.32860122846343,95.43854140055066,94.62665913553721,94.7535171508789,32871100
2013-12-20,94.80427484018915,96.59718586413815,94.79581591703938,96.3519287109375,48770500
2013-12-23,96.93517003737605,97.47850905903988,96.73990454031936,97.44454956054688,37049100
2013-12-24,97.55492956104241,98.00488162730272,97.52097005906448,97.81810760498047,17371200
2013-12-26,98.16616587496532,98.45481835826091,97.71621387878945,97.82658386230469,19670000
2013-12-27,98.03035181688685,98.25957036394989,97.44456172967381,97.76717376708984,20069700
2013-12-30,97.72473140451,97.94546495322858,97.50399785579141,97.70774841308594,28917400
2013-12-31,97.93696594238281,98.23410349836864,97.77565992179925,97.93696594238281,38357200
2014-01-02,97.70772507313113,97.73319955418197,96.47672405059409,96.87574005126953,44247700
2014-01-03,97.23232604269678,97.54644660565675,96.87576095638327,97.3681640625,26468000
2014-01-06,97.81812138990053,97.86056591551984,96.5361775373061,96.57862854003906,36198000
2014-01-07,96.94367886023487,97.76717903383485,96.87575985110817,97.38513946533203,28545300
2014-01-08,97.44452456291786,97.69921749772243,96.84175819279812,97.51244354248047,30763600
2014-01-09,97.84358530877034,97.96244033891561,96.91821307733738,97.53795623779297,29872800
2014-01-10,97.56341248869113,98.08128354781341,97.12195192666049,98.07279205322266,29174600
2014-01-13,97.88602721971397,98.0473267587247,96.15413147070943,96.73143005371094,45370800
2014-01-14,97.15593189970735,98.06432769894963,96.93519833362481,97.91999816894531,39125300
2014-01-15,98.17467300348474,98.72650357760908,98.10675399929131,98.65009307861328,31644100
2014-01-16,98.5227791836213,98.80293381530656,98.33600511108814,98.76897430419922,23091900
2014-01-17,98.74347345248576,98.84535195192755,98.21711739815059,98.42086791992188,28722300
2014-01-21,99.1000856519529,99.21894071154676,98.29356177372023,99.00669860839844,29828700
2014-01-22,99.06610012129958,99.6433987493366,98.90479409259251,99.50756072998047,24011500
2014-01-23,99.09156896540901,99.14250498454001,98.19166474949022,98.83687591552734,36057500
2014-01-24,98.21713070137976,98.25957522406193,96.12017826290753,96.31543731689453,53591900
2014-01-27,96.59560339781484,96.64653941852971,94.36281930259538,94.90615844726562,60368200
2014-01-28,95.02503109137406,95.92493550205505,94.90617603626958,95.907958984375,43722200
2014-01-29,94.9825677889142,95.57684946463972,94.25245455798337,94.52412414550781,61904600
2014-01-30,95.36458831274082,96.4852259466579,95.11838678626727,95.93339538574219,40851600
2014-01-31,94.44769657730244,95.93339068076563,94.37977757806576,95.22026062011719,49293400
2014-02-03,94.97404176221183,95.25419624795681,91.81588012266246,92.24036407470703,91686000
2014-02-04,92.69882105537866,93.34403209317546,92.02813553596627,92.93653106689453,53138100
2014-02-05,92.37619557126352,92.6648480267516,91.06878422171292,92.24036407470703,60644600
2014-02-06,92.43565826155672,93.36103699746177,92.41019025107454,92.97051239013672,57611700
2014-02-07,93.36103732304744,94.09963553806065,92.96202121846562,94.02323150634766,44068600
2014-02-10,94.0571900125518,94.31187659266685,93.3525448343845,94.2694320678711,38211600
2014-02-11,94.3373362073622,95.37307183325649,94.12509418550384,95.10989379882812,44394100
2014-02-12,95.25420397519659,95.94187243772957,95.05894496859844,95.48342895507812,42307500
2014-02-13,94.55805337567988,96.84177936515412,94.54107686563287,96.69745635986328,42082400
2014-02-14,96.47674028950065,96.96065187712831,96.05225621343735,96.83330535888672,32428200
2014-02-18,97.12198321948408,98.01339612535045,96.90124962879183,97.8436050415039,33630400
2014-02-19,97.5464266261092,98.17466114624028,96.76537760355573,96.84178161621094,44024300
2014-02-20,96.95215438384405,98.08977500541091,96.70595933481817,97.88602447509766,35919600
2014-02-21,98.1576985172218,98.57369109154644,97.97092449039073,98.19165802001953,34814100
2014-02-24,98.34447069949277,99.59245495836633,98.27655816781115,98.91328430175781,43102800
2014-02-25,99.04061119983537,99.53300772325018,98.63310370492418,99.01513671875,28474200
2014-02-26,99.08307233835261,100.27162904772301,98.84536229190113,99.62641143798828,40794800
2014-02-27,99.29531783678175,100.2291815420041,99.12552679114613,100.16975402832031,29906200
2014-02-28,100.1442847625829,100.78101089139672,99.1594850514497,99.77073669433594,47362700
2014-03-03,98.92178028624254,99.55002147156996,98.12375451433256,99.23590087890625,50892800
2014-03-04,100.3480199870182,102.36856807260105,100.33104347610526,101.73184204101562,112793900
2014-03-05,101.7573274691258,101.84222299245083,101.42623039417894,101.67243194580078,34691300
2014-03-06,101.9780609700368,102.08842450260317,101.38377935277657,101.65544891357422,35087600
2014-03-07,102.22424824828639,102.27518425972602,101.05266816827627,101.62147521972656,36931800
2014-03-10,101.3328268794211,101.51960088659918,100.59422234479301,101.28189086914062,32089000
2014-03-11,101.37530701883719,101.71488915448896,99.76226596603507,100.22919464111328,50359500
2014-03-12,99.66034646337533,100.55176539573638,99.26133049321584,100.53478240966797,37159100
2014-03-13,100.8998580643028,100.9932450740963,98.8029058069423,99.37171936035156,53542800
2014-03-14,99.01516315125915,100.06788842867914,99.00667813241081,99.78772735595703,46888100
2014-03-17,100.36503267706523,101.1121224434588,100.07638008922437,100.22919464111328,41561600
2014-03-18,100.36500400325397,101.77428759950244,100.26312550539622,101.68939208984375,41606600
2014-03-19,101.60450500238808,101.65544101698303,100.26313381641026,101.02720642089844,47423000
2014-03-20,100.79799882906754,101.48566100925994,100.31408720650373,101.16305541992188,33212900
2014-03-21,101.63844565617067,102.09688913384763,100.65363970921021,100.69609069824219,47110800
2014-03-24,101.08663326836268,101.22247127587674,98.64160742712377,99.55000305175781,66747000
2014-03-25,100.15604094868326,100.70078307559933,98.85376659859209,99.52618408203125,47699700
2014-03-26,100.12199015615546,100.16455077141322,97.58553593644423,97.61958312988281,69052500
2014-03-27,97.63661461996507,98.20689056399348,96.76843381665607,97.37275695800781,65234900
2014-03-28,97.44083630838841,98.7345971377321,97.01525614831199,97.27911376953125,50558000
2014-03-31,97.9174898597959,99.31339234873874,97.56851099064104,99.02399444580078,44599200
2014-04-01,99.27082756581946,100.48798710502209,99.23678037314774,100.3262710571289,47906600
2014-04-02,100.6837308765448,100.8454533765733,100.19005645086351,100.77735900878906,33856500
2014-04-03,100.7773776696988,100.81142485989542,99.31338096043139,99.7559814453125,38473500
2014-04-04,100.40289167892706,100.53908047580468,97.04931723496716,97.4493637084961,86345900
2014-04-07,96.98971716185959,97.2365544372169,95.39805149825754,96.02790832519531,68537700
2014-04-08,96.01937900354513,97.20249114872558,95.50017076788039,96.70030975341797,60087900
2014-04-09,97.03229421752135,98.09624481201172,96.60671397972521,98.09624481201172,42744900
2014-04-10,97.96854887980022,97.97706230104426,94.81925837863244,95.29590606689453,74860200
2014-04-11,94.51283690725134,95.53422663098426,93.5084675315844,93.97660827636719,70998200
2014-04-14,94.94691244471784,95.30439813080329,93.32970694416082,94.24044799804688,62657700
2014-04-15,94.5043266273804,95.09162930965786,92.4870808818842,94.6064682006836,76968000
2014-04-16,95.27036102432255,95.70445454267669,94.67455148449292,95.63636016845703,49353800
2014-04-17,95.32144249261714,96.5300950832734,95.09163206332718,96.11302185058594,50275100
2014-04-21,96.29176926416518,96.63223470719852,95.5682842563682,96.56414031982422,31970700
2014-04-22,96.71732904491567,97.90044117719037,96.58114679272876,97.55998229980469,40541900
2014-04-23,97.44081800617084,97.68764873807585,96.8364885777956,96.9471435546875,33859500
2014-04-24,97.53444310348344,97.6025374772381,95.90873051657148,96.70030975341797,44318900
2014-04-25,96.32580134552973,96.3598485338753,94.65752807961974,94.99799346923828,58386300
2014-04-28,95.33848425770643,95.78959825925018,93.04886055873278,94.44476318359375,66050100
2014-04-29,94.83626878953218,95.31292292168412,94.39366833878792,94.68305969238281,34487600
2014-04-30,94.37663067111565,95.38099986079783,93.58505150896073,95.31291198730469,43929700
2014-05-01,95.11716997110182,95.98535067864992,94.08726671756568,95.27889251708984,78690900
2014-05-02,95.40654391348046,96.2832443762564,95.05757160749833,95.35547637939453,43450300
2014-05-05,94.58093753286273,95.4831653982002,94.07874956494842,95.236328125,28108400
2014-05-06,94.82774504776255,95.08308916850811,93.61909283175771,93.68718719482422,45354700
2014-05-07,93.82341109431962,94.01066092219658,92.2913198201386,93.7468032836914,64243800
2014-05-08,93.6531622116973,94.68306534530932,92.51261058225238,92.802001953125,58520300
2014-05-09,92.51262356450587,93.67870912633023,92.16364469247722,93.6531753540039,48409900
2014-05-12,94.2064216485813,96.21516046297117,94.06172595704723,95.78106689453125,76291700
2014-05-13,95.65337185454415,96.05341814956788,94.76816455134698,94.84477233886719,58122800
2014-05-14,94.56391289093844,94.5809397343626,93.13396325369881,93.30419921875,65720700
2014-05-15,92.8360236301742,92.95518551412007,91.44863512775532,92.67430114746094,75870500
2014-05-16,92.7168775785738,93.30418017390612,91.9508321268005,93.2616195678711,44666200
2014-05-19,93.00627879763778,94.51283609511123,92.73390777406028,94.26599884033203,35336900
2014-05-20,94.03616687654193,94.0617006394885,92.28277272612392,92.8275146484375,89567900
2014-05-21,93.32973299004816,93.73828631849487,92.39345791069988,93.30419921875,55278500
2014-05-22,93.59357485737485,94.52134285261253,93.30418350627858,94.27450561523438,41295000
2014-05-23,94.21492123451941,95.34695932457284,94.06171214426482,95.30440521240234,42643800
2014-05-27,95.93428519325343,96.89609408028701,95.88321764872512,96.67479705810547,46373900
2014-05-28,96.46198236450601,96.57263084737936,95.78105163986655,96.1725845336914,37055400
2014-05-29,96.4620007815167,96.68329778951451,95.9257656229855,96.49604797363281,25556800
2014-05-30,96.46198173588562,96.54709645245171,95.61932850852239,96.06193542480469,38856000
2014-06-02,96.24068334147299,96.26621710840261,94.78520018195128,95.54273223876953,40369700
2014-06-03,95.02351417307273,95.63635049136508,94.57240035372871,95.31291198730469,31143700
2014-06-04,94.88733757081665,95.81509902892527,94.61496657914988,95.68742370605469,28835500
2014-06-05,95.94277156080912,97.78127407761846,95.40653651911919,97.69615936279297,67182000
2014-06-06,98.11323802307317,98.93886449501808,97.97705576144695,98.6324462890625,45854000
2014-06-09,98.63244615940083,99.99430773689636,98.44519636164061,99.5006332397461,44025700
2014-06-10,99.27083104099967,99.44106701031775,98.70055515492011,99.30487823486328,39799900
2014-06-11,98.75161539514104,99.01547950460916,98.22390016388032,98.81970977783203,30144700
2014-06-12,98.54734508610109,98.66650701656394,97.80683973163022,98.21539306640625,39481200
2014-06-13,98.45372213726081,98.65800530929717,97.59405480683562,98.38562774658203,33779400
2014-06-16,98.30049005991835,98.86225891113281,97.96853810014142,98.86225891113281,30051100
2014-06-17,98.76863192357439,99.96876444744683,98.54732844985773,99.56021118164062,62573000
2014-06-18,99.50062957058454,100.27518198273157,99.16016418876556,100.23262786865234,37448900
2014-06-19,100.58160662669425,100.63268065823624,99.67086540588431,100.3177490234375,30915900
2014-06-20,100.32626540807959,100.69226459139489,100.06240130319057,100.64970397949219,30104400
2014-06-23,100.86248584841657,100.90504645685792,100.17304814975905,100.45392608642578,21388700
2014-06-24,100.21558772396678,101.2114499700044,99.28782633785677,99.38145446777344,41788300
2014-06-25,98.78565064955686,100.25816065158682,98.77714372312674,100.22411346435547,34620800
2014-06-26,100.25817069297923,100.28370446250084,99.23677445525156,100.05389404296875,28018300
2014-06-27,99.63682654232403,100.87101292196452,99.61129277133801,100.72631072998047,38525100
2014-06-30,100.57310141801352,101.18593136245114,100.29221696816448,101.12635040283203,34195600
2014-07-01,101.50938804993156,102.96487151061841,101.45831401166721,102.15626525878906,65733200
2014-07-02,102.15541863987545,102.49719117389313,101.58295339368793,101.76238250732422,30796700
2014-07-03,102.17247212380886,102.4544348464042,101.8905094012135,102.37753295898438,15933900
2014-07-07,102.05286845226874,102.07850024576116,100.566159242034,100.62596893310547,32279000
2014-07-08,100.40383764610957,100.56617453583843,98.85731850961335,99.4041519165039,52537600
2014-07-09,99.68612306059968,100.0449812916085,99.13074350188474,99.5323257446289,27891700
2014-07-10,97.51586241813764,99.15636908403373,97.3791573319277,98.47282409667969,50834300
2014-07-11,98.41299843055768,98.5838813902844,97.84053334482934,98.34464263916016,33923700
2014-07-14,99.47251424032437,99.50669214534071,98.60100047809885,98.84878540039062,28823400
2014-07-15,98.73767749381906,99.11362782329216,97.29369890053438,97.87471008300781,49534700
2014-07-16,98.30192373369734,98.33609511013371,97.25097464218724,97.60983276367188,63433000
2014-07-17,96.99464782208118,97.63546871723405,95.86680330736282,96.10604858398438,62221500
2014-07-18,96.28549086248752,97.78927940924962,96.08896955942086,97.60131072998047,46164100
2014-07-21,96.98612063337957,97.39624240818793,96.55890664867283,97.20826721191406,32720500
2014-07-22,97.80637320316819,98.47282599335239,97.56713440861677,98.02852630615234,31326500
2014-07-23,98.26777462126725,98.63517895385772,97.84056058424433,98.14815521240234,26417600
2014-07-24,98.4471764606462,98.81458069145057,97.6952757917812,97.95160675048828,31905100
2014-07-25,97.20824707084516,97.41331443452847,96.72976959311757,97.06299591064453,46514500
2014-07-28,97.28515783701286,97.30224352616179,95.89244275513495,96.57598114013672,37373400
2014-07-29,96.88359009624122,97.49877929732489,96.57599549569939,96.84086608886719,30574500
2014-07-30,97.55858343412423,97.66965672068831,96.81522877206882,97.22535705566406,30219000
2014-07-31,96.2342015654991,96.54179609755192,94.88421058456379,95.00382995605469,61507700
2014-08-01,94.97820533401914,95.43959064815796,93.86744649345613,94.56807708740234,67805300
2014-08-04,94.9781968688871,95.52503013646026,93.89306991818299,95.40541076660156,34646200
2014-08-05,94.93548318072563,95.89244476227924,94.4655452347021,95.16617584228516,44375000
2014-08-06,94.55952727857367,96.09749999466946,94.52534938279743,95.46522521972656,33658300
2014-08-07,95.77280976741989,96.14021398521814,94.64496532281518,95.00382995605469,40852200
2014-08-08,95.12348536143566,96.03772320059251,94.832976407219,95.92664337158203,32667200
2014-08-11,96.45637609757404,97.59276689853313,96.22568340655181,96.84086608886719,31000700
2014-08-12,96.49907944166912,96.95192514028588,95.73009310497704,96.17439270019531,31188400
2014-08-13,96.48199390413058,97.10572911999805,96.29401872897141,96.92630004882812,23122900
2014-08-14,96.99464656573285,97.17408215056663,96.74686822599833,97.07154846191406,20882100
2014-08-15,97.78925149217446,97.78925149217446,95.91805918855894,96.88356018066406,53713800
2014-08-18,97.83198132204329,98.37881458260402,97.48166280140177,98.29337310791016,33287300
2014-08-19,98.37027004456475,98.88293193841767,98.31046035945081,98.63514709472656,22692600
2014-08-20,98.13105782946475,98.4471985469597,97.75511392945751,98.21649932861328,26266900
2014-08-21,98.15667518959026,98.60098134983983,97.26806938785869,98.43009185791016,33018200
2014-08-22,98.29337798432836,98.79748727316812,97.9259737580275,98.43862915039062,30100100
2014-08-25,99.07945348171931,99.46394992849868,98.53262017492696,98.9000244140625,27808600
2014-08-26,99.01110156258979,99.89970735058678,98.94275228564192,99.79718017578125,34831700
2014-08-27,99.87408825175072,99.91681225919527,99.36143275625764,99.54940795898438,19070100
2014-08-28,99.13927797956578,99.310167487694,98.69497829596878,99.03675079345703,22817800
2014-08-29,99.25034374980119,99.80571664604354,98.81458371417614,99.59210968017578,26231100
2014-09-02,99.95098548742912,100.39528515774164,99.54085719895235,100.13895416259766,38816400
2014-09-03,100.61743463420665,100.65161253358139,99.34433232787678,99.50667572021484,33266600
2014-09-04,99.78004530288865,100.38668806324335,98.87435421260766,99.12213897705078,26523500
2014-09-05,98.92565332050562,99.47248661134357,98.40445182161835,99.43830871582031,26935300
2014-09-08,99.33578523239484,99.79717706092126,98.96838099035162,99.59210968017578,20347300
2014-09-09,99.42124257341513,99.44687437040496,98.25921997224194,98.41301727294922,36390100
2014-09-10,98.39589128969655,99.05379771185066,98.01139493598917,98.99398803710938,23060600
2014-09-11,98.40444853745022,99.73736034330402,98.37881674635497,99.63482666015625,27075600
2014-09-12,99.5835730701583,99.5921126555357,98.23357544103816,98.57534790039062,32892900
2014-09-15,98.5667834416599,98.60096133310746,97.15697638358746,97.49874877929688,41644400
2014-09-16,97.21679924641154,98.0541414035039,96.89211901178278,97.77217864990234,51365900
2014-09-17,97.82345889473548,98.66080119443373,97.56713440861677,98.02852630615234,45543000
2014-09-18,98.46428165377783,98.71206655794013,98.18232536586824,98.62662506103516,24714600
2014-09-19,99.01965817873946,99.03675038886655,97.07156342541353,97.37915802001953,52459600
2014-09-22,96.92631503674153,97.00321042823313,95.73866063051449,96.01207733154297,45800600
2014-09-23,95.61046835058752,96.22565738531242,95.00382541878005,95.11489868164062,51616800
2014-09-24,95.2305543601316,96.05305767767105,94.75932543705808,95.97594451904297,34323100
2014-09-25,95.72752008903778,95.81319632328723,94.03110188951698,94.35667419433594,49733600
2014-09-26,94.71651807006478,95.2905559888707,94.4166414665992,95.20487976074219,26473300
2014-09-29,94.09106449775244,95.40192967917977,94.00538827389202,95.12776184082031,30619000
2014-09-30,95.03352207356464,95.1277678868041,93.65411321070789,93.68838500976562,55596900
2014-10-01,93.63697547618573,93.72265170082196,92.04337285857942,92.36038208007812,88621100
2014-10-02,92.35180422027156,93.62839750197405,91.62354657111281,93.24285125732422,71825900
2014-10-03,94.03111081269228,94.51947258460314,93.45707279840164,93.9454345703125,44034600
2014-10-06,94.20244474296267,94.30526013557444,92.96869271500633,93.14004516601562,35571200
2014-10-07,92.54885862294856,92.96011361461623,91.54643316014625,91.60640716552734,40271900
2014-10-08,91.40078447947968,93.42277460453707,90.61255281355602,93.36280059814453,51589200
2014-10-09,93.294257464293,93.30282704715559,90.8267470706583,90.84387969970703,60783400
2014-10-10,90.62111731261444,91.58070796695634,89.61012223387662,89.73863983154297,66579500
2014-10-13,89.82433505520078,90.91244353741978,88.98469877460201,89.37881469726562,72054300
2014-10-14,90.15848920977058,91.66640939120016,89.84147991991861,90.42408752441406,70034800
2014-10-15,89.26744218792757,91.67497927145007,88.71053680090552,91.33226776123047,117497300
2014-10-16,90.08992617549478,93.02009620012174,89.91856718954537,92.36038208007812,100532300
2014-10-17,93.5256026729134,93.57700710345695,91.70923653247198,92.08621978759766,72675000
2014-10-20,91.68354593527853,93.16576385498047,91.67497635020956,93.16576385498047,34914400
2014-10-21,93.67123606255643,94.75076812979023,93.39706825452744,94.6993637084961,44748100
2014-10-22,94.93071224852017,95.15346913511618,93.26856596283339,93.34567260742188,48798300
2014-10-23,94.27956413366428,95.59899901073975,94.04823111921452,94.99925231933594,60795100
2014-10-24,95.03350785858645,95.37621926122424,94.62225940476216,95.16202545166016,41927400
2014-10-27,94.60514817000335,95.17918618030761,93.8254858720799,95.11064910888672,31133700
2014-10-28,95.539005033185,97.85229547427525,95.3590830243603,97.81802368164062,84912900
2014-10-29,97.98081626260925,98.43490609066573,96.79846879314087,97.58670043945312,67133500
2014-10-30,97.23545410524537,98.85475935126098,96.93558397388666,98.41780853271484,59046200
2014-10-31,100.16561453252771,100.20844938025644,99.2831303851728,99.86573791503906,53133300
2014-11-03,100.02851592737728,100.55971896473487,99.30025823224351,99.69437408447266,39729600
2014-11-04,99.3002712016142,99.814335139633,98.76906809487744,99.23172760009766,37347600
2014-11-05,99.95997968943803,100.01995370317516,99.00039546964389,99.4116439819336,31073500
2014-11-06,99.36878916535647,99.84001159667969,99.00893861857716,99.84001159667969,31720900
2014-11-07,99.72009481083232,99.9942626953125,99.12891765439652,99.9942626953125,28657700
2014-11-10,99.96855452926737,100.50832068128038,99.78006289427557,100.4911880493164,29371800
2014-11-11,100.34553668089579,100.61970454600709,100.13134283200642,100.55973052978516,23536800
2014-11-12,99.9771194263227,101.16803666065199,99.95141721124293,101.0138168334961,34594700
2014-11-13,101.04807524411935,101.31367348032285,99.91713217371303,100.15702819824219,25135200
2014-11-14,100.19129034985706,100.42261676933876,99.70292876501719,99.97709655761719,23321400
2014-11-17,99.89142453425906,100.18273152204713,99.11176244588427,99.14603424072266,29847300
2014-11-18,99.5230380831036,100.34554171973944,99.17175701568029,99.7200927734375,33717200
2014-11-19,99.60012821556779,99.60012821556779,97.98939301139279,98.65767669677734,38258700
2014-11-20,98.20360833364292,99.78007208666735,98.20360833364292,99.762939453125,26555000
2014-11-21,101.16802112643879,101.20229292017518,99.52301424714945,99.88285827636719,43240400
2014-11-24,100.01993227250958,101.14231219864361,99.88285164334353,101.07376861572266,24573200
2014-11-25,101.2879889962586,101.76778112929101,100.69681187757398,101.1509017944336,26745900
2014-11-26,101.15944365903577,101.52785724214095,100.96238249458035,101.48501586914062,14640700
2014-11-28,101.51072489445573,101.54499014893942,99.87428118413877,99.97709655761719,21110700
2014-12-01,99.66013044977745,99.78864808798221,98.36639755542578,98.41780853271484,36244100
2014-12-02,98.52056683034395,99.93424705141074,98.51200378575783,99.60010528564453,31812100
2014-12-03,99.6258419495552,100.85103102666949,99.40307851644054,100.55973052978516,29148000
2014-12-04,100.40548904188566,100.49973483800446,99.57441604157047,100.07991027832031,28631900
2014-12-05,100.45690957731767,101.08235845764702,100.20844394193627,100.83389282226562,30261400
2014-12-08,100.47403487157469,101.41649291512668,99.2574155347597,99.57442474365234,32295000
2014-12-09,98.49488460423309,101.33080866625771,98.30639299829612,101.24513244628906,52645900
2014-12-10,100.87674597781286,101.23659665725113,99.00897511823446,99.09465789794922,45413600
2014-12-11,99.56586091502072,100.8253217035803,99.27456043866991,99.48875427246094,36021800
2014-12-12,98.34068233132953,99.37737981218704,98.18646249321235,98.28070831298828,44816000
2014-12-15,98.7519273913005,99.1631758934309,96.95270048695654,97.2868423461914,66361200
2014-12-16,97.0897528728826,98.82043567739665,96.84128731254651,97.14972686767578,62849700
2014-12-17,97.36394818904989,100.2341442434282,97.23543058193626,100.14846801757812,70379400
2014-12-18,101.49360147646698,101.73349751512548,100.64539575787391,101.63925170898438,54315600
2014-12-19,101.65640398626039,102.36752914733869,101.21944669567668,101.87059783935547,49041800
2014-12-22,102.12761794152229,102.5645751953125,101.78491303476935,102.5645751953125,27043400
2014-12-23,103.19003894274354,103.19003894274354,102.34182652724786,102.69310760498047,34533000
2014-12-24,102.8779765645645,103.25636461016023,102.55979258170956,102.98977661132812,19175400
2014-12-26,103.31655683080223,103.9099368608764,103.25635933217407,103.6605453491211,18261900
2014-12-29,103.73794478072604,104.38292082612953,103.72074830637095,104.09913635253906,27692500
2014-12-30,103.87555313990916,104.26253618118439,103.42836602982071,103.48856353759766,23996000
2014-12-31,103.8841242551499,104.4087051955521,102.80056287124962,102.8693618774414,35688700
2015-01-02,103.25639484384045,103.67777747915837,101.38166366333704,102.27603149414062,46133100
2015-01-05,101.67402321378951,102.0868041945782,100.43566714935262,100.90864562988281,51141900
2015-01-06,101.14946439933327,101.27845438350504,98.34596616501635,99.16293334960938,67446000
2015-01-07,99.80789536736974,100.4098769726698,99.30911885685195,100.38407897949219,32252100
2015-01-08,101.18382204208362,102.20717933888756,101.00322301690764,102.08678436279297,28361700
2015-01-09,102.17279616797258,102.1985941582543,100.8828441656053,101.10643768310547,26975200
2015-01-12,101.21824529470696,101.48483987392541,99.95409766714032,100.77106475830078,27316800
2015-01-13,101.55364628941443,102.67160762557727,99.60152127191067,100.84847259521484,49991400
2015-01-14,99.7391013354367,100.70226139109366,99.36931479662961,100.44427490234375,34224200
2015-01-15,100.81405426803306,100.94304422271223,98.44914220373008,98.75012969970703,46199400
2015-01-16,98.38898507685077,100.56470401901466,98.20838594412335,100.35830688476562,41895700
2015-01-20,100.48726869397791,100.6850642389545,99.0339271023333,99.9368896484375,36444400
2015-01-21,99.58430517101458,100.4614697159165,99.14571961804577,99.61869812011719,27333500
2015-01-22,100.23789932894638,101.68264628321907,98.98234644360804,101.64824676513672,37877000
2015-01-23,101.68262923176466,102.13841128810928,101.08925568720096,101.57943725585938,28173400
2015-01-26,101.37302391478504,102.56837889146902,100.6764519450579,102.55978393554688,23006800
2015-01-27,101.35585068715139,102.55120593798162,101.14946016008972,102.06962585449219,26919100
2015-01-28,102.49096556749421,102.72315399321161,100.03145706499403,100.34964752197266,38086100
2015-01-29,100.63346534938943,101.75142651684877,99.83369474461584,101.7342300415039,39299900
2015-01-30,101.02904725274209,101.4418282337855,99.4123031540551,99.49829864501953,49739800
2015-02-02,99.85946457069227,100.47863588331543,98.36311585567692,100.40984344482422,44819100
2015-02-03,100.90008070466303,102.33622616953612,100.84847814592929,102.20722961425781,43920000
2015-02-04,101.83742949147678,102.54260313103012,101.56223993850564,101.8288345336914,28597100
2015-02-05,102.13842446304047,103.41118033868048,101.99223143762633,103.14459228515625,32337100
2015-02-06,103.28216741503073,103.90134549630031,102.63719134054756,103.03277587890625,31694900
2015-02-09,102.68018859760234,103.38536215068875,102.09541004911343,102.21580505371094,32367900
2015-02-10,102.79196135521707,103.05854930291727,101.56220700393503,102.8693618774414,28960800
2015-02-11,102.65441309230667,103.0413961831356,102.0094369002337,102.72320556640625,23794200
2015-02-12,103.33378712192312,103.98735826198444,103.05859098585057,103.89276123046875,27854600
2015-02-13,103.97877147886676,104.6495457106909,103.75517788124621,104.51194763183594,20446900
2015-02-17,104.62370734633355,104.96768928868438,104.27971884294774,104.83869934082031,16868500
2015-02-18,104.53773573999547,104.95912489583878,104.1679491393589,104.95052337646484,20450200
2015-02-19,104.70973774940282,105.24291387446546,104.52054368139846,104.9591293334961,16620500
2015-02-20,104.78712257244256,105.38050272269572,103.9701554168784,105.24290466308594,30331600
2015-02-23,105.00213408992693,105.37192074240052,104.28835878568103,105.34612274169922,25778200
2015-02-24,105.32028470139056,105.8190677287862,105.07949470500243,105.48368072509766,20023600
2015-02-25,105.40628465989967,105.81047069712967,105.11389866932896,105.60408020019531,17059600
2015-02-26,105.50947076373528,106.03405174248688,105.19988177427417,105.99105072021484,24379000
2015-02-27,105.80187713498358,106.0856681902546,105.38909611007675,105.4148941040039,23821700
2015-03-02,105.38911336463975,106.44687065504871,105.37191032518106,106.18028259277344,29683500
2015-03-03,105.93946452867863,105.93946452867863,105.13969399219624,105.55247497558594,23068400
2015-03-04,105.09671908744772,105.4407076997935,104.5807394494476,105.22571563720703,22822500
2015-03-05,105.37190514685413,105.70729222840784,104.83872904850563,105.5353012084961,19725600
2015-03-06,104.8989024746529,105.50947898448669,103.95293239924177,104.20232391357422,37319900
2015-03-09,104.37431948663497,104.84729795438531,104.15932748464795,104.6581039428711,17556300
2015-03-10,103.720750602794,103.79814458065886,103.04997655048882,103.45416259765625,32440300
2015-03-11,103.60034888434824,104.17652588568689,103.09296433853163,104.09053039550781,20914500
2015-03-12,104.76129023674608,105.90504912845164,104.69249122949286,105.81905364990234,41063300
2015-03-13,105.72448778400985,105.93947982420116,104.23673997902998,105.4406967163086,26371000
2015-03-16,105.87065859463921,106.27484459520316,105.67286307228673,106.05985260009766,19906300
2015-03-17,105.75028594526792,106.44685805705087,105.57828837622273,106.34366607666016,23142600
2015-03-18,106.12005492913067,107.5992009725844,105.64706989394419,107.19501495361328,40292600
2015-03-19,106.94563852834565,107.4616181006839,106.9026374968857,107.40142059326172,34008200
2015-03-20,107.80561162946412,108.49358879826023,107.76261059602567,108.3473892211914,34165600
2015-03-23,108.31295933413199,108.63114983365638,108.17536787557732,108.25276184082031,17132400
2015-03-24,108.15819071983866,108.62257430550613,108.06360026003324,108.22698974609375,30115600
2015-03-25,108.28132543440348,108.34170669632715,105.56415548571059,105.64179229736328,42514000
2015-03-26,105.31399843857187,106.02133116568073,104.8395761370781,105.51239776611328,26899200
2015-03-27,105.56414308562864,106.29735249851474,105.11559756132176,106.18521118164062,23066800
2015-03-30,106.72004392482445,107.81553451806045,106.70278837346127,107.62576293945312,20487000
2015-03-31,107.20309438193796,107.57400976456428,106.8753112967821,107.28073120117188,24507800
2015-04-01,107.15997952919129,107.32386779785156,106.01272874324295,107.32386779785156,31955200
2015-04-02,107.27208687666297,108.04842204391429,107.21170561815806,107.5222396850586,23586400
2015-04-06,106.88392651847195,108.23819757856496,106.85804319439102,107.99666595458984,22045600
2015-04-07,107.79827270688125,108.2554460475781,107.28071810573508,107.30659484863281,20214700
2015-04-08,107.28933092012663,108.39345565235483,107.28933092012663,108.22956085205078,19314400
2015-04-09,108.13466995955486,108.45383177106551,106.76314352847915,107.84138488769531,22325300
2015-04-10,108.20373406166742,108.50564047970562,108.0139624328816,108.35900115966797,14966300
2015-04-13,108.41937257830192,109.02318535943799,108.32448677254258,108.42799377441406,22819200
2015-04-14,108.4624579768559,108.75574306227148,107.63436936443007,108.4020767211914,22600800
2015-04-15,108.82475253556686,109.66146234431068,108.61772544581892,109.16116333007812,37282300
2015-04-16,109.09216415636753,109.33368920183132,108.82476236761316,109.10079193115234,24439900
2015-04-17,107.92767284948432,108.2985882206755,106.80629896046975,107.33248138427734,48283500
2015-04-20,107.86732525598862,108.64365418034942,107.67755362343236,108.38488006591797,24602300
2015-04-21,108.72987738076405,108.90239339133464,108.18643944344518,108.27269744873047,13844600
2015-04-22,108.27268966764781,108.58322372920932,107.36697080564632,108.43658447265625,21991300
2015-04-23,108.23822056323928,109.15256744301426,108.04844896606367,108.92829132080078,18025800
2015-04-24,108.97140651250817,109.08354126547576,108.41934736071299,108.56598663330078,14992500
2015-04-27,108.8679151075838,109.47173445221487,106.99608895946513,107.36700439453125,32924600
2015-04-28,107.42740124003049,108.14335546420904,106.314654773565,107.96221160888672,35654900
2015-04-29,107.36699848202477,107.73791389666525,106.642416624582,106.7890625,26437900
2015-04-30,106.15070246971335,106.47849205245946,104.08048433962166,104.5290298461914,72393800
2015-05-01,104.82233930403406,105.37440509370106,104.29616342360866,105.21051025390625,47996200
2015-05-04,105.34850286599887,106.40086760018515,105.06385211777014,105.59003448486328,37675100
2015-05-05,105.53828226317715,105.77118612484148,103.7527145083622,104.24439239501953,56891600
2015-05-06,104.46867032417941,104.79645339404443,103.71821181822808,104.60668182373047,34348300
2015-05-07,104.49454556529135,105.43477562802619,104.0028676770372,105.00347900390625,29826100
2015-05-08,106.03856678249299,106.31459630275458,105.58139350653437,105.78841400146484,26357100
2015-05-11,105.7539148897692,106.66826806944636,105.61590341312144,105.84880065917969,28406700
2015-05-12,105.53827221262803,106.02995005246223,104.26163801635069,105.6590347290039,34961600
2015-05-13,105.89193856848848,106.2801028595447,105.23636592168836,105.6590347290039,27214700
2015-05-14,106.16798556851268,106.84080729350353,105.62454757443187,106.78042602539062,23293200
2015-05-15,106.58201589819636,106.72003397197162,106.04721231497724,106.65965270996094,22055600
2015-05-18,106.44400652799517,107.96217246447543,106.24560718825313,107.8672866821289,30846000
2015-05-19,107.65163963183753,107.86728794313443,107.22896420332938,107.72064208984375,23256800
2015-05-20,107.97079798486837,108.22095082279978,107.25484399158861,107.9190444946289,20838500
2015-05-21,107.8068989537308,108.22956777088615,107.37560236204388,107.79827117919922,16229300
2015-05-22,107.61713874425149,108.031179830519,106.96156601308616,107.33248138427734,22601400
2015-05-26,106.90981903327942,106.99607704974949,105.68493150757124,106.30599975585938,44037800
2015-05-27,106.40950118796434,107.71201880562039,105.91782331099093,107.60850524902344,32086300
2015-05-28,107.34973126917828,107.57400736510589,106.76316757441228,107.51362609863281,18631900
2015-05-29,107.48775219212443,107.5912657578399,106.3750060396756,106.86668395996094,33468900
2015-06-01,107.55675324046612,107.73789703120399,106.12484530263711,107.20308685302734,35649400
2015-06-02,106.78904126558015,108.09155226498527,106.51301170359969,107.41010284423828,29477600
2015-06-03,107.61714301955767,108.62637561112592,107.32385787249115,108.479736328125,30774800
2015-06-04,107.89315075084781,108.3589518328088,107.03055761708228,107.3928451538086,25820600
2015-06-05,107.15994942237393,108.27268878936903,106.37498650060988,108.16918182373047,36626500
2015-06-08,108.06568402197924,108.35896915650088,107.45324358882051,107.66889190673828,18798700
2015-06-09,107.57397693641377,107.70336720827477,106.53024015057693,107.34107971191406,23928300
2015-06-10,107.76377672034401,109.10079891179086,107.69476767977781,108.6781234741211,42563500
2015-06-11,108.8334076775593,109.15256960468129,108.6091381319696,108.95417022705078,17489400
2015-06-12,108.61774551541612,108.81614486781753,108.19507664594387,108.62637329101562,23578600
2015-06-15,107.91902351179125,108.51421485807882,106.90979116196169,108.28131103515625,30618300
2015-06-16,108.15194393996283,109.2474410996979,108.10019044869061,109.04904174804688,32800900
2015-06-17,109.32507256701507,109.51484414523503,108.66087862430982,108.8851547241211,32467000
2015-06-18,109.39404451949093,110.61893158695135,109.32503549970622,110.3428955078125,39642100
2015-06-19,110.2566484407927,110.54993351338649,110.0668769081255,110.29115295410156,23310900
2015-06-22,110.77425672834045,111.1365444222787,110.54135279576144,111.05029296875,25230000
2015-06-23,110.99850758889487,111.35217402649553,110.7569825003213,111.28316497802734,23378500
2015-06-24,111.06747047236493,111.36076209698113,110.17900731215175,110.3428955078125,26436800
2015-06-25,110.71384254898948,110.77421722871806,109.76498476358871,110.28253936767578,24100900
2015-06-26,110.49819779845649,110.70521174946471,109.39407293825484,109.98063659667969,38219900
2015-06-29,109.23017965154813,109.60972278322602,107.05644758162967,107.20308685302734,49224900
2015-06-30,107.97943689912324,108.10019944284912,107.21172933640942,107.70340728759766,39631300
2015-07-01,108.4883393782254,108.82475676688053,107.01330585700163,108.02254486083984,28627700
2015-07-02,108.11695506091132,108.24689423685678,106.86955615518562,107.22471618652344,31486400
2015-07-06,106.49708072507644,107.85709683795824,106.39312804949334,107.19007873535156,27852200
2015-07-07,107.3113784790039,107.40666680151016,105.27568602442942,107.3113784790039,39347100
2015-07-08,106.37580227126017,106.8522371478518,105.05909486148408,105.67413330078125,40724500
2015-07-09,106.85225628228191,107.00818201375704,105.91670189343124,106.05530548095703,29770400
2015-07-10,107.27669433543437,107.70982053661228,106.86089688333313,107.52790832519531,28735800
2015-07-13,108.08230036999569,108.83594227677396,108.06497823133701,108.74065399169922,21349900
2015-07-14,108.68004299963347,109.58094643534184,108.62806996204839,109.34706115722656,21009500
2015-07-15,109.41634430254295,109.56361224113944,108.5154409659285,108.76665496826172,22238300
2015-07-16,109.24311869633023,109.78885546899228,109.1218438579609,109.41636657714844,33568400
2015-07-17,109.41636110035472,109.47699851650421,108.59342379418555,108.93992614746094,24739900
2015-07-20,108.9572423535487,109.02654414222376,108.07366767937971,108.35086822509766,23271100
2015-07-21,108.34218780668476,108.97455496898901,107.51058629266888,107.83975982666016,28118700
2015-07-22,107.48458495770177,108.35949500585465,107.3113305355573,108.23822021484375,20654200
2015-07-23,108.27290078558063,108.61940311589326,106.80893851870766,107.0428237915039,39712100
2015-07-24,106.96484288080758,107.16407721989616,105.2409959491474,105.31896209716797,39533000
2015-07-27,104.92915288853236,105.09374296263101,104.18417528121829,104.44405364990234,35627200
2015-07-28,104.74723656734278,105.51820065950267,103.37855621603242,105.33628845214844,53474800
2015-07-29,105.12843120846934,105.96869740894694,104.7905931745224,105.630859375,32411300
2015-07-30,105.36227598667011,106.06394491781084,104.82520373375051,105.93400573730469,29383900
2015-07-31,106.07259848544135,107.12942741856162,105.87336414433369,106.51438903808594,31812700
2015-08-03,106.5750290545084,106.6876460934456,105.21501308481291,105.98597717285156,34033200
2015-08-04,106.02062132257797,106.51438488251189,105.34494556782425,105.73475646972656,21728900
2015-08-05,106.19388855987931,107.00816800755605,105.60484321694273,105.97732543945312,25673500
2015-08-06,106.08994010509346,106.25453018778877,103.75971886685686,104.54801177978516,42225300
2015-08-07,104.07158677932378,104.3314652027772,103.14469676218147,103.84635925292969,42261400
2015-08-10,104.2361483443455,105.26698416140141,104.21881959606966,105.04176330566406,28798900
2015-08-11,104.36609662499136,104.89450453184145,103.64710551538671,104.140869140625,33383800
2015-08-12,103.57782587509513,104.24483748689988,102.19182299999345,103.941650390625,46500100
2015-08-13,104.0369215357657,104.46138340048978,103.42188306798701,103.59513092041016,35698300
2015-08-14,103.50850398112905,104.3747564359926,103.10136426990611,104.26214599609375,21091500
2015-08-17,103.97630180550829,105.4056199624616,103.60381291138084,105.3623046875,22328200
2015-08-18,105.21502407169108,105.21502407169108,104.40074463611144,104.52202606201172,26360400
2015-08-19,103.8636555160654,104.38340559140488,102.85879964262575,103.43919372558594,45178900
2015-08-20,102.51234074629545,102.74623267495869,100.82315063476562,100.82315063476562,51879800
2015-08-21,99.73163581952656,101.0570075349213,99.07328875804123,99.64501190185547,79168300
2015-08-24,94.86330004588754,99.54972198805915,93.78048457018473,95.75553894042969,83809200
2015-08-25,98.7960711302218,98.83937977705934,94.90659379389581,95.01921081542969,59240200
2015-08-26,96.8730079188648,97.61798551497247,94.78533645305622,97.43607330322266,51605300
2015-08-27,98.14642522116378,99.72300473695609,97.33214563741969,99.17726135253906,49533700
2015-08-28,99.06464780384302,100.22542311481794,98.9347085921263,100.1561279296875,41601400
2015-08-31,99.70565055633952,100.46795690296648,99.41112791076554,99.79227447509766,29250900
2015-09-01,97.98184263884418,98.8567597093333,96.67379922183343,96.93367767333984,45129200
2015-09-02,98.24169372043542,98.72679297851735,97.0895763735091,98.67481994628906,26865800
2015-09-03,98.82208505815598,99.73164620186216,98.36297229862113,98.5188980102539,33334500
2015-09-04,97.47939648335225,98.4929103608304,97.26283335009714,97.77392578125,31154600
2015-09-08,99.23788588891522,100.11280277856979,98.84807490120829,100.00885009765625,29916300
2015-09-09,100.63254884509699,100.84911196473041,98.76144692813494,98.85673522949219,40963000
2015-09-10,98.53622571507938,99.86159103429338,98.51890357235644,99.30718994140625,29877900
2015-09-11,98.89139629723229,99.79229315170178,98.45827001339855,99.77497100830078,27949400
2015-09-14,100.06948474078035,100.08681349161095,99.1252726989546,99.31584930419922,22365800
2015-09-15,99.4977496691778,100.64986692969173,99.3851392381354,100.43330383300781,26745300
2015-09-16,100.44193562968847,101.36882517949411,100.30333872031449,101.29953002929688,27127800
2015-09-17,101.28222509178474,102.98874331100363,101.07432637436662,101.64604949951172,50405400
2015-09-18,100.27738770826008,101.21293535238588,99.96553629055752,100.24273681640625,42736100
2015-09-21,100.95306818940814,101.61142194674666,99.6883403193777,100.06082916259766,33021700
2015-09-22,99.14259344361975,99.3851496889559,97.92984526184856,98.54488372802734,35786900
2015-09-23,98.77010876830427,99.11661109580587,97.9471715233474,98.25035858154297,25506800
2015-09-24,97.70461645332767,98.25035312778654,96.90766577059928,98.08576965332031,39810300
2015-09-25,98.87981158834016,98.95800149653925,96.36915796063812,96.79483795166016,43750300
2015-09-28,96.47340412751988,96.56027664387203,93.71949830072505,94.0843734741211,56765300
2015-09-29,94.0409438383468,94.78805948822223,92.9463314583981,93.41545104980469,49980700
2015-09-30,94.24074772408188,95.06604658071413,93.74556708451289,94.8662338256836,50834500
2015-10-01,95.01392587403491,95.28323267035643,93.32857117407829,94.70117950439453,44985900
2015-10-02,93.8063692010341,96.1085205078125,93.05925369575779,96.1085205078125,58019200
2015-10-05,97.00333011212768,98.55836597043435,96.8990791210899,98.40199279785156,45220500
2015-10-06,98.34990391283505,98.74952290518324,97.10760735116452,97.72441101074219,34140000
2015-10-07,98.25427744306874,99.4705121044326,97.84596947701593,99.45314025878906,36371000
2015-10-08,99.3662829192076,100.55645675891623,98.99272519053608,100.34796142578125,43072200
2015-10-09,100.53038816161327,100.89525662433228,100.25239219554928,100.54776000976562,26497200
2015-10-12,100.59120893642003,100.76495394590451,99.96571629756029,100.40008544921875,22984000
2015-10-13,100.00046269726629,101.03426335855131,98.97535127449837,99.02747344970703,37445300
2015-10-14,99.07094213634954,99.68774569343435,97.91551830797498,98.05451965332031,39987400
2015-10-15,98.3324906733855,100.40008544921875,97.87206043309908,100.40008544921875,42503400
2015-10-16,100.59989253988424,100.59989253988424,99.40971874495008,100.26976776123047,33685600
2015-10-19,99.81801968733316,100.9560645990612,99.60083513911353,100.46088409423828,24949500
2015-10-20,100.40877191640672,101.03426453800044,99.93096321159288,100.3218994140625,20531400
2015-10-21,100.7041446296026,100.7562734358927,98.73211155625052,98.79292297363281,34060300
2015-10-22,99.39237531390832,100.26979642985282,98.80163286672503,99.66168212890625,36882600
2015-10-23,100.46956557289589,100.8170621488,99.67032808787854,100.643310546875,40172500
2015-10-26,100.42616607921724,100.66072917840562,99.84411289344375,99.95704650878906,19783300
2015-10-27,99.54871653850483,99.79196882490506,98.25429835433805,98.86241912841797,38189200
2015-10-28,99.15779230135152,101.76400728728775,98.96666880857794,101.74663543701172,65529900
2015-10-29,101.41652667822123,101.73796229674454,100.39141502308979,100.66072845458984,27252000
2015-10-30,100.39140273546352,100.79971082503268,99.97441203441886,100.20027923583984,28018700
2015-11-02,100.29583625726941,102.57193303865428,100.26977516817621,102.28524780273438,33836900
2015-11-03,102.15495010522294,103.4059355813221,101.98120506818618,102.81519317626953,28626300
2015-11-04,103.07580786364973,103.37986496442615,102.24181983239968,102.7630615234375,25696000
2015-11-05,102.71963995575791,103.03238635077875,101.72058933988295,102.84126281738281,27141300
2015-11-06,102.51979620774372,103.69259144494649,101.89430364711653,103.57096862792969,35141300
2015-11-09,103.44067451863228,103.63179801508629,101.87694284577901,102.35475158691406,32983100
2015-11-10,101.92037959958157,102.65880584716797,101.60763327364775,102.65880584716797,21892200
2015-11-11,102.780452941766,102.80651403708725,101.71190826590045,101.76403045654297,22037600
2015-11-12,101.06034278532732,101.1993374870891,99.67036262796852,99.81804656982422,39916100
2015-11-13,99.41840513556708,100.20026424000072,98.74079037681969,99.09696960449219,43883000
2015-11-16,99.00143587298085,99.98310796423789,98.4801941132687,99.9483642578125,28979100
2015-11-17,100.03522823567086,100.9039666369742,99.4271073779897,99.56610870361328,34441000
2015-11-18,99.84409870309187,101.33832972365498,99.48791279863195,101.25145721435547,35554300
2015-11-19,101.15590763004224,101.33834190989377,100.54778673592203,100.8257827758789,25512500
2015-11-20,101.19063160297733,101.95511885671975,101.10375247791508,101.47731018066406,31697700
2015-11-23,101.39044361899234,102.41555505203867,101.36438253112671,101.98118591308594,22716400
2015-11-24,101.53816587276644,102.87602412122268,101.26016978399304,102.72834014892578,24994500
2015-11-25,102.77174403153786,103.65785418546902,102.60668163280718,103.52754211425781,20772600
2015-11-27,103.61440859889714,104.1617179405951,103.27560121020169,103.91847229003906,14129300
2015-11-30,104.26599659365313,104.3094361718074,103.42332577782213,103.46675872802734,30165400
2015-12-01,103.90979996414991,104.17042413384907,103.29299649900639,104.15304565429688,27899900
2015-12-02,104.01405014160656,104.28335692102108,102.90205943716884,103.0323715209961,22238300
2015-12-03,103.31906110692282,103.77080217143566,100.89528010683823,101.2948989868164,39485400
2015-12-04,101.29486553894856,102.45028885289604,101.06899176730224,102.31997680664062,32669900
2015-12-07,102.19836669913137,102.22442778603221,100.34795662175672,100.7823257446289,29621400
2015-12-08,99.87015535891311,100.78233323592693,99.43578620375364,100.2263412475586,30946000
2015-12-09,99.93098123609637,100.92134252293509,98.68868500745509,99.10568237304688,41980400
2015-12-10,98.94058764569579,99.97438816798508,98.7320923449466,99.4357681274414,31278800
2015-12-11,98.40199045401779,98.46280187368775,96.8903875736875,97.22051239013672,52609300
2015-12-14,97.18574797517765,97.62879969943978,95.80445074580193,96.52550506591797,53400400
2015-12-15,97.06414453359204,98.132689055981,96.95120429948972,97.9155044555664,48273900
2015-12-16,98.59311283931659,99.6008525001249,98.01974897860822,99.40972900390625,44560600
2015-12-17,99.8267357046529,99.852796796959,98.14138103741168,98.3498764038086,41318000
2015-12-18,97.87206586563534,98.0718719748383,96.81220401628791,96.84695434570312,49876600
2015-12-21,97.44636335803929,97.84598213901113,96.86431034844638,97.57667541503906,26479300
2015-12-22,97.85468553010298,98.61917287888828,97.11625927089767,98.47148895263672,28108700
2015-12-23,98.96669049575289,99.87017935088484,98.80163468414484,99.71380615234375,29609700
2015-12-24,99.84991905303859,100.47812651608986,99.59689067726993,99.90226745605469,13370500
2015-12-28,99.44857680722555,99.527099420469,98.55861391684141,99.43984985351562,22125500
2015-12-29,99.88482255536047,100.59155263954956,99.5270907084356,100.51302337646484,22841500
2015-12-30,100.3821128933857,100.64386146840853,99.46597623902564,99.5008773803711,21273200
2015-12-31,99.08209371908039,99.43982550974309,98.16596350527404,98.2619400024414,39517700
2016-01-04,96.50817637284358,96.70012932911064,95.17323928552926,95.98467254638672,66665900
2016-01-05,96.33368111422493,96.48200598383816,95.58332315925931,96.19407653808594,28253300
2016-01-06,94.84172577570108,95.62698520818996,94.23097213749607,94.72830200195312,35569200
2016-01-07,93.11414260258319,93.79469841906119,92.04095382195045,92.19800567626953,52482000
2016-01-08,92.37249472900358,92.91344584082603,90.44425137880545,90.61002349853516,60299300
2016-01-11,90.92414488204581,91.42147465164794,89.26637676446732,90.21741485595703,47144800
2016-01-12,90.93285052809219,91.60467924456682,88.94353191579448,90.48786926269531,53702900
2016-01-13,90.66239742743689,91.10737214628034,86.94550787777852,87.58243560791016,70591600
2016-01-14,88.00123229783749,89.6153721400602,86.54414429552752,88.79521179199219,69373400
2016-01-15,86.44817324282863,87.50390808886263,85.0783346971978,87.35558319091797,85759200
2016-01-19,88.18447705375837,88.29790081793867,85.27902072699187,86.17770385742188,51391100
2016-01-20,85.0085103904473,87.53878657922705,82.94066267950457,86.535400390625,94385800
2016-01-21,86.66628195886263,88.0448471623407,85.83739478409231,86.33472442626953,65798200
2016-01-22,87.81799026454358,88.65559770593556,87.36428207334446,88.44619750976562,46056700
2016-01-25,87.8965302993052,88.19318673811888,86.24748928143113,86.48307037353516,35019600
2016-01-26,86.83205189643496,88.4723723049596,86.53540217123249,88.21061706542969,33349600
2016-01-27,87.76563843717005,88.63814705266256,86.43070132054049,86.99783325195312,47973900
2016-01-28,87.73074275832445,88.07974087440911,86.57030471787708,86.98038482666016,41951100
2016-01-29,87.2857648419934,89.85094236485408,87.2159625534242,89.83348846435547,42245300
2016-02-01,89.11801660944522,89.94689701201305,88.34148458611408,89.42339324951172,33615700
2016-02-02,88.41132280136372,88.53347350704355,87.05020447752328,87.49518585205078,39692700
2016-02-03,88.175706741711,88.18443369057657,85.62798352331319,87.60858154296875,55262500
2016-02-04,87.25088097554521,88.96972439583769,87.22470677632678,87.94889068603516,51188400
2016-02-05,87.55625705999894,87.63478631376938,85.47096155312093,85.54076385498047,53366600
2016-02-08,84.64207350518379,84.64207350518379,82.83598070581476,84.13601684570312,61107700
2016-02-09,83.00176894780593,84.74678674123014,82.90579243663042,83.56890106201172,55857200
2016-02-10,84.1534618172015,85.43605067683687,83.48163304424224,83.61251068115234,42756100
2016-02-11,82.08562063093412,83.23733185620456,81.70171467027292,82.7051010131836,57923200
2016-02-12,83.46419273532938,84.45012525612258,83.05411254539789,84.27561950683594,40097300
2016-02-16,85.32264254540627,86.46562702624088,84.82531275956765,86.27367401123047,38882100
2016-02-17,86.87570237300967,88.20191284178277,86.84080122163222,87.62606048583984,40940400
2016-02-18,87.69586196039727,87.80928570876732,86.84952735345037,87.2072525024414,35043600
2016-02-19,86.86694634132256,87.739454863535,86.47432016901166,87.64347839355469,32424800
2016-02-22,88.42006278998805,89.00464890504314,88.33281321745788,88.62074279785156,28867400
2016-02-23,88.33279199100055,88.55091919826764,87.73076542550896,87.80928802490234,29857100
2016-02-24,86.91931120976747,88.83882751304685,86.35217927484459,88.65560150146484,36909600
2016-02-25,88.81266707797583,89.5193970402347,88.46366224420983,89.46704864501953,22612600
2016-02-26,89.92073405058568,90.27846577126947,89.60663042252119,90.03416442871094,27474700
2016-02-29,89.9818259370874,90.76708515168575,89.62410080731755,89.63282775878906,32014400
2016-03-01,90.40933938212652,91.56105041503906,89.92945701144961,91.56105041503906,36422700
2016-03-02,91.43017510550526,92.56443226806454,91.25566939508,92.50335693359375,24937100
2016-03-03,92.52955837382476,93.4893166962515,92.41612797262798,93.47186279296875,28216300
2016-03-04,93.41952409424907,94.51016017765849,93.07051921621517,93.98665618896484,38180900
2016-03-07,93.54166184728898,95.09472634988622,93.54166184728898,95.00747680664062,38739900
2016-03-08,94.48396777729901,94.48396777729901,92.60807274382545,92.71277618408203,46193900
2016-03-09,93.02686999856498,93.36714782247928,92.54698760242306,93.18392181396484,25627200
2016-03-10,93.44569179875226,93.78596970058244,91.44764583404633,92.42485809326172,47051200
2016-03-11,93.17522250464532,94.51888695573115,93.06179874859728,94.40545654296875,33625000
2016-03-14,94.11751899946982,94.527592510486,93.70743883174032,94.16114044189453,24422700
2016-03-15,93.54165461251714,93.60272995373666,92.51209410573597,92.69532012939453,34258400
2016-03-16,92.25033725460486,93.6463496839835,92.25033725460486,93.34969329833984,37952200
2016-03-17,93.34968801032026,95.19068158552066,92.77383582813377,94.78060150146484,41724500
2016-03-18,94.90277793835378,95.93233857442488,94.84170258946455,95.63568878173828,36512600
2016-03-21,95.48735034723148,95.92360467936363,95.17324669555931,95.40882110595703,29903700
2016-03-22,94.91148896502165,95.70547502407335,94.64101341628268,95.29539489746094,23602100
2016-03-23,94.98648477451435,95.03023721034491,93.4637624675258,93.53376770019531,39243300
2016-03-24,92.97368934130373,93.83131857222496,92.53612490601202,93.81381225585938,30924300
2016-03-28,94.01511624694245,94.32141008606816,93.24500506904,93.92760467529297,21096400
2016-03-29,93.67377821404617,96.56169896010236,93.43748972265021,96.53544616699219,46761100
2016-03-30,97.04303550776817,97.2443180765901,96.30793049475538,96.5442123413086,35683500
2016-03-31,96.68424199027845,97.2880763797566,96.56171780401684,96.81550598144531,28555900
2016-04-01,95.92286972400949,97.33182764703083,95.80910538193619,97.24431610107422,29981400
2016-04-04,97.06054428182578,97.41934363963598,96.3516853708049,96.43045043945312,21529400
2016-04-05,95.71286121835838,96.14167255926083,95.24903723951601,95.33655548095703,32515800
2016-04-06,95.32778310625555,96.50045252610082,95.0302358340824,96.4129409790039,28157800
2016-04-07,95.71284218667941,96.1591530811023,94.6276776342671,95.10900115966797,33298400
2016-04-08,95.92285486605334,96.32541325646193,95.06522582443368,95.48529052734375,26151700
2016-04-11,96.03663542831033,96.74549431703055,95.17025976065571,95.18775939941406,25842100
2016-04-12,95.20526283835395,96.42169133475029,94.89021593659778,96.21166229248047,25058700
2016-04-13,96.77175913751462,98.39074633029777,96.7105003791943,98.28572845458984,40534700
2016-04-14,98.24194253935322,98.62699459900678,97.90938938460951,98.16317749023438,25538600
2016-04-15,97.9269092030546,98.56574945644641,97.89190325158481,98.4082260131836,21176100
2016-04-18,97.99694489603826,99.23087327056383,97.90068017530243,99.15211486816406,19428300
2016-04-19,99.33585280029757,99.87842827857062,98.79327064532292,99.2308349609375,23228100
2016-04-20,99.23086835690604,99.9484738089547,98.86331581049905,99.379638671875,21422500
2016-04-21,99.30084776565052,99.69465298263903,98.59199570439056,98.88078308105469,20535700
2016-04-22,98.87206863491961,99.93097383029487,98.87206863491961,99.8609619140625,29094500
2016-04-25,99.58967935270724,99.68594407344307,98.72329686608475,99.15211486816406,16369600
2016-04-26,99.47588167952865,100.22849292557183,99.03831731214089,100.12348175048828,30564100
2016-04-27,100.1847233833302,100.68354640988532,99.67714720144568,100.4735107421875,24360300
2016-04-28,100.00097183335525,100.63981883851442,99.05583773942722,99.3271255493164,26126500
2016-04-29,98.89831123151288,99.29211653546145,97.76939423636968,98.43449401855469,33284500
2016-05-02,98.74078105112777,99.33586888378241,98.17194601338834,99.30961608886719,21881000
2016-05-03,98.49573947831182,98.50448595823039,97.07802855734352,97.68186950683594,37929600
2016-05-04,97.13053526265661,98.00566398715551,96.58795972655676,96.87674713134766,30767200
2016-05-05,97.27055559222903,97.42807902408559,96.35166779361538,96.49169158935547,26249200
2016-05-06,96.08913818209595,97.07803125323626,95.86160284055218,97.06053161621094,25497400
2016-05-09,97.06928171260742,97.91815768906201,96.81549356771978,97.340576171875,23427000
2016-05-10,97.71685979372405,98.36445306911422,97.20053046309455,98.32069396972656,18635300
2016-05-11,98.10193244390719,98.25070273036987,97.0255278104389,97.10428619384766,23604600
2016-05-12,97.30557994548006,97.56811459709526,95.82661003757876,96.58797454833984,34803000
2016-05-13,96.3166873728424,97.08680510012384,95.704099795872,95.94913482666016,24510300
2016-05-16,96.19417182967933,97.59437680339367,96.15041938854374,97.16556549072266,27337000
2016-05-17,97.03427832781182,97.50684867803284,95.18775603733265,95.62532043457031,46676300
2016-05-18,95.22276389970106,96.84175754330639,95.2052642612099,96.1241455078125,35734400
2016-05-19,95.42404633110102,96.06288662403314,94.5051584090773,95.35403442382812,36995600
2016-05-20,95.6428500071422,96.9555435180664,95.59034440325067,96.9555435180664,37404500
2016-05-23,96.93803202991663,97.48061438911331,96.70175014829954,96.8417739868164,23721700
2016-05-24,97.41057209866497,99.08207109711459,97.37556614995009,98.8370361328125,41124300
2016-05-25,99.15207723135748,99.67715307815666,98.9595478629674,99.41461181640625,26202900
2016-05-26,99.56339980512128,99.78218200329054,99.10833577067844,99.30086517333984,15157200
2016-05-27,99.37961448304628,100.28974914550781,99.33586205343023,100.28974914550781,21265100
2016-05-31,100.48230044385875,101.11239432272066,100.20225946177607,100.63982391357422,32764400
2016-06-01,100.29851905040945,101.47118851649148,100.13224243067712,101.32241821289062,26806100
2016-06-02,101.06863546583901,102.10128784179688,100.96362427022872,102.10128784179688,23303300
2016-06-03,101.92624999757834,101.92624999757834,100.63980962368146,101.48868560791016,28733200
2016-06-06,101.58497222383822,102.89766567604484,101.52371346313674,102.5826187133789,26946000
2016-06-07,102.64387559138963,103.24771670487438,102.35508143479224,102.88015747070312,21038500
2016-06-08,102.96764857319225,103.82527098128136,102.9588954165009,103.64149475097656,27999900
2016-06-09,103.21267549925261,103.21267549925261,102.64384053930856,102.97638702392578,23440700
2016-06-10,102.02254295130209,102.28507765178705,101.24367865613227,101.57622528076172,32686800
2016-06-13,101.20862222572737,101.6724393076662,100.28098138514846,100.4735107421875,36169500
2016-06-14,100.10597310300095,100.73606684562193,99.47587936037998,100.18473815917969,34267600
2016-06-15,100.5435319162315,101.12986652012252,100.16722632273242,100.2547378540039,24197700
2016-06-16,99.51965129767382,100.2810091042495,98.7932927686875,100.24600982666016,36306600
2016-06-17,100.12348485627686,100.56979571763105,99.4846379223249,99.81718444824219,30096400
2016-06-20,101.33993875845799,101.9087672552384,100.90237426757812,100.90237426757812,28219800
2016-06-21,100.9373369952366,100.9986024114076,100.05346185099623,100.70980834960938,34706800
2016-06-22,100.90235087764022,101.40992049510709,100.19349202657484,100.31600952148438,27226100
2016-06-23,101.35740760009031,102.31130137222762,101.2786492204829,102.23253631591797,30240300
2016-06-24,97.96191748257878,99.79968657985098,97.57685868396267,98.34696960449219,74945400
2016-06-27,97.20059521246121,97.20059521246121,94.68022564361601,95.11779022216797,58358800
2016-06-28,95.95788070173802,97.0342854590967,95.88786879062597,96.58797454833984,42040600
2016-06-29,97.7518859999042,98.93331524194065,97.60311570370953,98.78453826904297,34031600
2016-06-30,98.99455930520541,100.65729846625742,98.51323585751015,100.62229919433594,42973800
2016-07-01,100.68356903808296,101.47117960050748,100.46478684258665,100.98110961914062,24401900
2016-07-05,100.65731686386083,100.86735259399087,98.95081828594935,99.49340057373047,29347200
2016-07-06,99.02788650737287,100.321392041985,98.8254985018509,100.2157974243164,24678300
2016-07-07,100.50619197666293,101.18373907526505,99.79344666713219,100.42699432373047,20780600
2016-07-08,101.41253053407264,103.03160805944283,101.32453835784561,102.76763153076172,37964800
2016-07-11,103.44517949317844,104.2107255305104,103.3659885479576,103.9555435180664,26987300
2016-07-12,104.71227088556292,105.9617770445848,104.56268353836415,105.3458251953125,44153000
2016-07-13,105.88259780491883,105.93539176543733,104.66828300601429,104.93226623535156,28050200
2016-07-14,105.85620466968186,105.90899863211799,104.97626949109222,105.0378646850586,19345400
2016-07-15,105.49543691661678,105.6274285472058,104.95867587536185,105.3282470703125,23857300
2016-07-18,105.17864065376115,105.90018716190893,105.00265632040686,105.50421905517578,17422400
2016-07-19,105.3810419714762,105.56582755881787,104.65069414052608,104.97627258300781,19734100
2016-07-20,105.19625596205584,105.97939775385485,104.65949495239053,105.6626205444336,22390500
2016-07-21,105.60100879126936,106.12016725602531,104.9322562636396,105.16104125976562,19018700
2016-07-22,105.22265201847908,106.16418240670767,105.02026397015058,105.94419860839844,17796100
2016-07-25,105.72421718155638,105.99699494929914,105.38104298556618,105.78581237792969,13694600
2016-07-26,105.76822179669486,106.44577574629372,105.52184098352207,106.29618835449219,19551100
2016-07-27,106.47214653778276,106.88571710673845,105.90018738312853,106.5953369140625,21064700
2016-07-28,106.36656353233286,106.68334073834455,106.0585875579806,106.32257080078125,16540100
2016-07-29,106.21696763143821,107.14090219367297,105.63621394263491,106.53374481201172,30267900
2016-08-01,106.64813159804154,107.08809914871559,105.97938575464485,106.62173461914062,34771700
2016-08-02,106.61295019218987,106.65694292339776,104.80027914675864,105.13465881347656,28691000
2016-08-03,105.03787992743642,106.03220440671812,104.80029363525165,105.98820495605469,17830300
2016-08-04,105.9881827957662,106.63933961989669,105.82099968762219,106.08497619628906,17526700
2016-08-05,106.77134507933243,107.8624696747396,106.44577331794152,107.6160888671875,28643400
2016-08-08,107.66008688093889,108.10005454838317,107.37850784230952,107.56329345703125,14625700
2016-08-09,107.58968207189714,107.90645930487999,107.47529290407628,107.67768096923828,12487700
2016-08-10,107.6864543796429,107.88004117444935,106.6041379735842,106.90331268310547,19138100
2016-08-11,107.37848281947541,107.70406123432792,106.97371346535655,107.41368103027344,21144600
2016-08-12,107.20248707109076,107.75684372708112,107.02649603582843,107.5192642211914,12251200
2016-08-15,107.7568508672823,108.83917398740516,107.73045388858671,108.58399200439453,22048000
2016-08-16,108.30243492802714,108.33763314452463,107.58088827326185,107.7040786743164,20244300
2016-08-17,107.73926637182677,107.79206033473187,106.76253777784633,107.38729095458984,20632600
2016-08-18,107.4225001205796,108.2056419792612,107.3873019039298,108.17924499511719,16244600
2016-08-19,108.02965089601213,108.29363416419905,107.5984844904553,108.17924499511719,17379500
2016-08-22,107.95044760292777,108.53120132782581,107.64247163416573,108.42561340332031,16929700
2016-08-23,108.76879478346855,109.51673838949905,108.76879478346855,109.18236541748047,21539400
2016-08-24,109.05916323599884,109.33194098070979,108.0296340215829,108.29361724853516,21533400
2016-08-25,107.89767097378422,108.83920149432086,107.88886974087069,108.50482177734375,17023200
2016-08-26,108.62799473804083,109.47273841435027,107.61607465684018,108.28482055664062,26734400
2016-08-29,108.46961189983813,109.26155494258857,108.44321491730861,108.84798431396484,14013900
2016-08-30,108.96234659269204,109.26152125361169,108.56637183672258,109.05033874511719,14031300
2016-08-31,108.91837805691921,109.01517146605573,107.83606151966212,108.43441772460938,29236300
2016-09-01,108.53119895969199,108.78638096063327,107.36968482186735,108.51360321044922,22964700
2016-09-02,109.12074719761762,109.57831046875864,108.7863675827726,109.56071472167969,23083300
2016-09-06,109.92151810691593,109.96551755808277,109.08558224173531,109.66633605957031,13711000
2016-09-07,109.59594673848574,110.37908863583809,109.5343515346504,110.35269165039062,17830500
2016-09-08,110.26469061315888,110.35268951411187,109.7895247441818,110.13270568847656,16265500
2016-09-09,109.27034897182098,109.2967459526105,106.65694045969812,106.692138671875,54239000
2016-09-12,106.19939062383538,108.2056419792612,106.10259720639174,108.17924499511719,33408100
2016-09-13,107.40488513624479,107.4928840242987,105.48662618935283,106.10258483886719,47536200
2016-09-14,106.26978850806375,106.88574727669722,105.84742330256402,106.12020111083984,30545500
2016-09-15,106.19057856400791,107.51928257522528,106.04099119352834,107.38729095458984,29499800
2016-09-16,107.38730861104015,107.38730861104015,106.56016725154201,107.22891998291016,31940500
2016-09-19,107.63366680276894,108.71598998635933,107.34328659334562,107.94164276123047,22807000
2016-09-20,108.40802839685966,108.43443209561035,107.48410034179688,107.48410034179688,16877900
2016-09-21,107.86243993914043,109.08554912042462,107.44006816165266,109.04154968261719,30784700
2016-09-22,109.75433277923374,110.69586328046648,109.6927375768493,110.60786437988281,36287700
2016-09-23,110.48466608766715,110.76624509466188,109.82471466064453,109.82471466064453,26118000
2016-09-26,109.23706464725436,109.56353621057477,108.61940355342783,108.73411560058594,20028000
2016-09-27,108.68117796528351,109.30765793607088,108.36352520095073,109.17530822753906,16939500
2016-09-28,109.36939599125063,110.08411789799703,108.59291539060591,110.0135269165039,19426400
2016-09-29,109.9605912840809,109.97823566417091,108.26644132258843,108.40762329101562,26657700
2016-09-30,108.90177542948447,110.10179554980347,108.40765187356321,109.59884643554688,31764500
2016-10-03,109.26354052344915,109.5017767240036,108.64587939606291,109.25471496582031,18674300
2016-10-04,109.43118413422494,109.68707144631301,108.22234530185979,108.71646881103516,26057300
2016-10-05,109.14001226416524,110.01355399640417,109.10471676473068,109.36942291259766,24317300
2016-10-06,109.19294952627449,109.43118572682894,108.37234769692112,109.25471496582031,18937100
2016-10-07,109.44881264347354,109.69587434703267,107.85173039409028,108.38114929199219,28732700
2016-10-10,108.3811571454389,110.06647487793849,108.3811571454389,109.67823791503906,21481700
2016-10-11,109.45764011190333,109.51057998304069,107.06641937599129,107.67525482177734,31931300
2016-10-12,107.72820374896084,108.18703844381139,107.23408029166997,107.58702850341797,20210400
2016-10-13,106.75759672839338,107.12819603771182,105.98111608072637,106.69583129882812,26302500
2016-10-14,107.08407520918611,107.50760766081248,106.23700357400641,106.26347351074219,24554600
2016-10-17,106.3958485624874,106.63408476676548,106.02525591942013,106.13996124267578,17119500
2016-10-18,107.22525162720811,107.27819823318835,106.46642208204607,106.748779296875,19158900
2016-10-19,106.91641143533133,107.60465664178982,106.32522714075043,107.19876861572266,18477400
2016-10-20,106.88999011003617,107.64882663965695,106.24586565494155,106.88116455078125,20485600
2016-10-21,106.11347082828757,107.09289886166225,105.97228885897056,106.82818603515625,21093700
2016-10-24,107.68409161115446,108.18704063520656,107.16349147359746,107.50761413574219,15421600
2016-10-25,107.48115453782445,107.63998091501199,106.41349095359136,106.70467376708984,16459800
2016-10-26,105.98111770732946,106.7664239232521,105.40757772003401,105.64582061767578,24975300
2016-10-27,105.98994934131775,106.00759372307886,104.19873828986884,104.43698120117188,29525700
2016-10-28,104.39285946409142,105.02816491416219,103.89873599489297,104.14579772949219,35473700
2016-10-31,104.27815911417261,104.68404723059794,103.9428619915415,104.56051635742188,20311800
2016-11-01,104.70170160033622,104.73699036640282,102.60166322719441,103.28108978271484,34147200
2016-11-02,103.12225229673332,103.23695760391055,101.81634593935385,101.96634674072266,29859900
2016-11-03,102.27517101564241,102.56634703447293,101.3663272724983,101.47221374511719,22717500
2016-11-04,101.73694609517398,103.14873234153642,101.5163542838071,102.12518310546875,35237200
2016-11-07,104.11935765349499,104.84289868316583,103.86347028871845,104.62230682373047,32370900
2016-11-08,104.38404511549152,105.40758759299865,103.86344495360929,104.89581298828125,26196800
2016-11-09,104.18992520902653,108.38116959476906,104.16345526896185,108.12528228759766,77416800
2016-11-10,109.6429472025872,110.64884524492885,108.19586557213331,109.8547134399414,83440700
2016-11-11,110.32237105655216,112.69594100281526,109.8988385661408,112.37828826904297,95612800
2016-11-14,113.78127000194611,114.93716910581405,113.28714642751625,113.9577407836914,83119400
2016-11-15,113.69302221060929,114.61067819957518,113.20771754458414,114.31067657470703,38704500
2016-11-16,114.0459535583406,114.70772891747991,113.85183170921808,114.30183410644531,42325500
2016-11-17,114.66359352033307,115.44008081966645,114.4871228060807,114.97242736816406,42576900
2016-11-18,115.31653265880449,115.66947403431593,114.97241010533318,115.58124542236328,41380600
2016-11-21,115.86364330713994,116.47247887365097,115.2459889149751,116.11953735351562,32293100
2016-11-22,116.57832814265609,117.26657335158974,116.18126567040242,117.1783447265625,39681500
2016-11-23,116.8959905737613,117.928358473362,116.56070022849796,117.91072082519531,37939200
2016-11-25,117.99894279272264,118.32542775931553,117.8312908976336,118.29895782470703,13373400
2016-11-28,118.2107460520456,118.23721599344309,116.60483113336424,116.76366424560547,32505700
2016-11-29,116.92248085323239,117.43425548003484,116.56072050892271,116.70188903808594,27993700
2016-11-30,117.28423278697647,117.43423357763703,116.03127312629411,116.12833404541016,32491200
2016-12-01,116.69305804910726,116.95777089246215,114.96361247452924,115.56362915039062,39815900
2016-12-02,115.53716380017045,116.00481734099664,115.16657119029999,115.50186157226562,24054100
2016-12-05,116.44596557816112,117.6459851492334,116.375374607645,117.48715209960938,27547100
2016-12-06,117.81366377742972,119.04015355800749,117.12541848840645,118.7577896118164,27820000
2016-12-07,118.75778986319128,120.16075038118113,118.39601610531344,119.91368865966797,31825800
2016-12-08,120.222524893084,121.95197044132995,119.8254623660245,121.80195617675781,49048900
2016-12-09,122.11960909255714,122.49021514653508,121.546075826287,122.04019927978516,34313500
2016-12-12,121.72254893790686,122.26962574110631,120.45193805336628,120.751953125,34592900
2016-12-13,121.35196476632765,121.8107994984597,120.21371695714383,120.76078033447266,32624600
2016-12-14,120.37253272988039,121.19314123336736,118.95192098845034,119.25192260742188,45923700
2016-12-15,119.4460194368244,121.00781283534383,119.08425919040143,120.14309692382812,41352500
2016-12-16,120.31074423941716,121.35193082295515,119.6754389307374,119.92250061035156,39348200
2016-12-19,120.03720949196605,121.05193969412717,119.92251092903783,120.70781707763672,33393900
2016-12-20,121.13138276647142,121.95199136277103,120.87550217166799,121.73139953613281,31753600
2016-12-21,121.63434888910186,121.89904833238684,120.89315005633065,120.93727111816406,23215900
2016-12-22,120.99306401439324,121.16140743828716,119.44255240183747,119.89442443847656,34737900
2016-12-23,120.01847663060184,120.6032307929701,119.85013319015124,120.5323486328125,17081400
2016-12-27,120.70069373499797,121.64872743084446,120.682983334257,121.07281494140625,13571700
2016-12-28,121.28543235868554,121.36516970108039,119.46026108491918,119.83238220214844,22712400
2016-12-29,119.86783854595052,120.7272661125312,119.3362426462255,119.938720703125,21312900
2016-12-30,120.14252479948672,120.16910392134074,119.07930584776426,119.47801971435547,28399300
2017-01-03,120.93103691820428,121.23227589567334,119.16787904527632,120.07160949707031,29792400
2017-01-04,120.54123234987392,122.23350864578732,120.50578450568995,122.07402038574219,34499400
2017-01-05,121.8170486763637,122.05626071728682,120.06274592660303,120.66523742675781,30286900
2017-01-06,120.86020081048987,121.12600557631204,120.21340605913112,120.22227478027344,23436000
2017-01-09,120.08932149545393,120.24880970407965,119.16788063461618,119.43368530273438,24077900
2017-01-10,119.61090086843579,120.8335944035176,119.39825439991189,120.57664489746094,21684900
2017-01-11,120.7006548115671,121.19681626010983,119.98299175068313,120.78926086425781,27428800
2017-01-12,120.63869916410103,120.69185741341875,118.36165500945077,119.8590087890625,41844200
2017-01-13,120.18683017391304,121.35636576729658,120.18683017391304,120.727294921875,27784500
2017-01-17,120.1424846447446,120.22222198365633,118.84005403164228,119.088134765625,28197800
2017-01-18,119.3982688294029,119.55775707991748,118.68060550056363,119.47801971435547,21289700
2017-01-19,119.73495155061968,120.00075627926772,117.98951717307878,118.50340270996094,34105900
2017-01-20,118.50336134012662,119.50455294344653,118.50336134012662,119.11470794677734,29286100
2017-01-23,118.75144108937315,119.32733986285533,117.94517199098986,118.61854553222656,20537000
2017-01-24,119.02609802171604,120.74495262234,118.91978157858794,120.43484497070312,34313800
2017-01-25,121.43611397428062,121.8702622595267,121.3386526661394,121.56902313232422,29127300
2017-01-26,121.68413536959544,121.82589966112671,120.86901097237107,121.08165740966797,22255600
2017-01-27,121.1791228617939,121.418334902717,120.18678630613674,120.66523742675781,19467800
2017-01-30,119.81469055984205,119.82355927986592,118.05154575704893,118.98184204101562,40464400
2017-01-31,118.60968969856349,120.10704289551803,118.26414769306527,119.81465911865234,32945000
2017-02-01,120.69180786903091,121.2677066927538,119.34507418845537,119.7437744140625,30010500
2017-02-02,119.87670642846668,120.20452457364502,119.15904318124433,119.44255828857422,19935700
2017-02-03,120.48804644252701,121.36518435354077,120.06275352630212,121.2677230834961,24534100
2017-02-06,120.85130224938457,121.18798910425254,119.99187471308697,120.35514068603516,23691500
2017-02-07,120.33743285611853,120.91333178600415,119.40712314528189,119.82354736328125,30342200
2017-02-08,119.8235702763234,119.8235702763234,118.6274556308959,119.61092376708984,32956900
2017-02-09,119.61089668183183,121.60441162652903,119.61089668183183,121.29430389404297,28267600
2017-02-10,122.08283492621851,122.59672034060063,121.56009431343539,122.21574401855469,27287600
2017-02-13,122.95113792275917,123.34098298432934,122.34864641322683,122.53471374511719,23245100
2017-02-14,122.21579551074997,123.11065762420306,121.92341160768686,122.94231414794922,27145000
2017-02-15,122.43725424849181,123.83714629917725,122.33093778266866,123.67765808105469,20253500
2017-02-16,123.56245496559234,123.89912819480078,122.45494699720477,123.33208465576172,24613600
2017-02-17,122.66763554194581,123.29670630199467,122.490436890467,123.25240325927734,26703200
2017-02-21,123.49159082781271,124.32443910449979,123.49159082781271,124.21810913085938,21353500
2017-02-22,124.04095975792332,124.05868368046127,123.37645461636302,123.66883850097656,14890800
2017-02-23,124.00548453453828,124.04977404718866,121.99424585063716,122.93341064453125,24596200
2017-02-24,121.79048154514257,122.84481811523438,121.64871723475774,122.84481811523438,24512300
2017-02-27,122.57017248755021,124.04094696044922,122.45500080141521,124.04094696044922,28269000
2017-02-28,123.4915861359641,123.58017867134777,122.05624646113577,122.12712860107422,40184100
2017-03-01,123.73080794788189,124.80288181019888,123.61563629082343,124.35987854003906,35719800
2017-03-02,124.33330263671978,124.35988175206491,122.83594938180335,122.93341064453125,25937000
2017-03-03,122.97772722599095,123.52704702949627,122.16260272036122,122.84481811523438,30989800
2017-03-06,122.07401021482866,122.24235366219813,121.37407082351322,122.00312805175781,23892100
2017-03-07,121.73732256418026,122.03857513520833,121.03738317721098,121.20572662353516,29711300
2017-03-08,121.63098814387955,121.9322271510959,120.30197820916112,120.40829467773438,34115100
2017-03-09,120.34629484696679,120.93106252899248,119.51344636397073,119.92987060546875,35223800
2017-03-10,120.7538418586354,120.77156577728122,119.46913490428149,120.46147155761719,39516600
2017-03-13,120.1867761790476,121.19682304711074,120.1867761790476,120.74496459960938,21295000
2017-03-14,120.27539911019089,120.34628126237982,119.22104906538618,120.16908264160156,30037800
2017-03-15,120.7538418488932,122.28664310599892,120.47032674752641,122.02969360351562,31230400
2017-03-16,122.46388424023469,122.72082031250912,121.87911639650103,122.18922424316406,25306600
2017-03-17,122.39293170991789,122.91567227609427,121.65754472659498,122.67646026611328,33324600
2017-03-20,122.5170033877267,122.7296498592239,121.71073405927925,122.14488220214844,19091200
2017-03-21,122.72077505622622,122.80052592870231,118.65400781609483,118.69831085205078,61869000
2017-03-22,118.46798613294524,118.99958215047494,117.64399270265564,118.72492218017578,46332600
2017-03-23,118.72490852990997,120.23111735215757,118.40594554830771,119.4159927368164,37764600
2017-03-24,119.91089582323616,120.37294976582807,118.94237088602819,119.50216674804688,33514400
2017-03-27,117.96497974866818,120.01756054481831,117.64509825976496,119.72433471679688,35596700
2017-03-28,119.31558495725547,120.75504479336121,119.19118736102808,120.65730285644531,26891900
2017-03-29,120.57735165078897,121.27932026000349,120.22193377459725,121.04828643798828,22119500
2017-03-30,121.12825245309257,122.07012191449624,121.07492757557054,121.96348571777344,25792900
2017-03-31,122.1056166164676,122.77203499576173,121.67911265004801,122.15892791748047,29434300
2017-04-03,122.59436461042749,122.70988150441633,120.48848620968265,120.87055969238281,38834900
2017-04-04,120.78168197697201,121.33259715455347,120.26633027023436,120.7283706665039,25642600
2017-04-05,121.58138012050027,122.11450673005473,119.13784587466873,119.3599853515625,44968800
2017-04-06,119.54658758119318,120.5151261073536,118.91571899265472,120.47069549560547,41012100
2017-04-07,120.14193809400156,120.87054863368526,119.73319543150609,120.41738891601562,24300200
2017-04-10,120.37294400295643,121.59915828645649,120.09749321366422,120.68394470214844,22779900
2017-04-11,120.19525241819004,121.66136779197943,120.02642421767563,121.64359283447266,32589200
2017-04-12,121.41253497384531,121.46584627151545,119.88421450182769,119.99083709716797,25700800
2017-04-13,119.84872383962774,120.2841086421027,118.76468184607137,118.8179931640625,30207000
2017-04-17,119.12899946846915,120.23969717265794,118.7824487687735,120.21302795410156,18278800
2017-04-18,119.70655238653396,120.36409028388482,119.20896200294781,120.23969268798828,24553300
2017-04-19,120.56845517818067,121.69692780287846,120.43516332330202,120.65730285644531,34627600
2017-04-20,121.14598313314931,122.32776678959519,120.97715495961165,122.19448852539062,31934400
2017-04-21,121.9457306731968,122.22118154230584,121.47479591794806,121.91907501220703,29386000
2017-04-24,123.58064909745198,123.81166929800955,123.05640312792566,123.4384765625,33836900
2017-04-25,124.61135246797421,125.18002892546805,124.47806066115014,124.63800811767578,32751700
2017-04-26,124.54916225113458,126.01529095685314,124.51362589992831,125.27778625488281,41669200
2017-04-27,125.58879326650123,125.99753594080383,124.82463279062075,125.24225616455078,23004300
2017-04-28,125.31332645502428,125.43772402554383,123.54509125562947,123.5628662109375,31113900
2017-05-01,124.07822832968317,124.65578555865339,123.31406797046465,124.27371215820312,20925200
2017-05-02,124.38037297460504,124.7002544687706,123.2341388628664,123.64286804199219,17993900
2017-05-03,123.05642273251085,123.29632367035275,122.34557350282209,122.87870025634766,27050300
2017-05-04,123.09193517658,123.26964405989386,121.83018447923716,122.7098617553711,25799100
2017-05-05,123.23410890938128,123.50067901611328,122.20337839445419,123.50067901611328,23806500
2017-05-08,123.20743762444788,123.49176909279126,122.40772740570306,122.98529815673828,16680000
2017-05-09,123.14525972490688,123.3585185428019,122.42552985720144,122.93201446533203,23988400
2017-05-10,122.6565270548032,123.93605260539645,122.49659314013786,123.69615173339844,19791500
2017-05-11,123.21631714723911,123.35848965921369,121.71465219051053,122.83424377441406,28617300
2017-05-12,122.3633074385526,122.52324134349439,121.87459790959136,122.18558502197266,24111200
2017-05-15,122.6032503699701,123.73172302259233,122.6032503699701,123.13639068603516,31132200
2017-05-16,123.48295374995132,123.54514578350101,122.28339456611117,123.18084716796875,18520900
2017-05-17,121.13708458519623,121.76795302056198,119.73316165640158,119.85755920410156,50791200
2017-05-18,119.57323146105901,120.75500142160057,119.27111150017299,120.29296112060547,44805100
2017-05-19,120.52402256873721,121.5192033221152,120.32853869813496,120.87055969238281,44450500
2017-05-22,121.07490400135886,121.91015066173205,120.98605633943065,121.6880111694336,20062700
2017-05-23,121.99011818802667,122.34554951233592,121.15488508211695,122.08786010742188,16681400
2017-05-24,122.18562333905105,122.64767736208753,121.58141031981344,122.16786193847656,21256000
2017-05-25,122.74538534986448,123.16300863931727,121.9101387709589,122.24779510498047,22804200
2017-05-26,122.07007555263357,122.43437394825312,121.5369354464684,122.21223449707031,20047300
2017-05-30,121.83905479143537,122.12339982715265,121.03935810553627,121.25261688232422,25544100
2017-05-31,121.59025229264962,121.66133854726917,119.6354277447206,121.12821197509766,34345400
2017-06-01,121.48367560760482,123.50958717589623,121.0838271377645,123.46515655517578,44618600
2017-06-02,123.90938502195114,125.30442730435512,123.5539673180389,124.26481628417969,46680200
2017-06-05,124.36254898379637,124.49582722332192,123.46509697660662,123.49175262451172,20808900
2017-06-06,122.71876671406604,124.09603455907465,122.45219655723834,123.37630462646484,25460900
2017-06-07,123.38513003289128,123.98046209996427,123.05636800318472,123.49175262451172,20542200
2017-06-08,123.49180797793527,125.69544195348385,123.27856269911025,125.1800765991211,33956400
2017-06-09,125.6954341723638,126.97494644107037,125.02012134236585,125.8287124633789,56979400
2017-06-12,125.87313904620619,126.16636483536351,125.18894553817248,125.62434387207031,34665500
2017-06-13,125.9975137788488,126.45067342990144,125.7042880428791,126.26408386230469,22046800
2017-06-14,126.20188599154152,126.21076669014809,124.79796278754966,125.51769256591797,33021900
2017-06-15,124.122655973513,125.26888970580869,124.122655973513,124.87792205810547,27376800
2017-06-16,124.4247906446768,124.59361885434645,123.75837206439395,124.56696319580078,35608400
2017-06-19,124.89573363482445,125.80206676041063,124.85130301486326,125.4910659790039,25163300
2017-06-20,125.18003442619859,125.26000137881725,124.13152911137006,124.22039031982422,20111900
2017-06-21,124.44252579817334,125.10894416529139,123.7050211782314,123.90938568115234,23351400
2017-06-22,123.83830448101267,124.74463729360077,123.51842310941198,124.38032531738281,17917200
2017-06-23,124.52247942177661,125.35772585517338,123.99823361641138,125.20667266845703,20772500
2017-06-26,125.366661156695,125.75762889651826,124.57584497689646,125.35778045654297,22988300
2017-06-27,125.3755273199737,125.8375676741171,124.17596871053408,124.25593566894531,24610100
2017-06-28,124.9934618033318,126.40626587750889,124.753547328633,126.157470703125,25085400
2017-06-29,126.38846021562902,126.48620211121538,124.08708532106253,125.41104125976562,38794900
2017-06-30,125.50883249147594,125.88202526905388,125.08232839686126,125.21560668945312,22798500
2017-07-03,125.58877117644076,126.61950160136742,125.55323482586155,126.26408386230469,12968200
2017-07-05,125.90868554110469,126.04197739690133,125.02012740241189,125.81094360351562,21865500
2017-07-06,124.87300924995269,125.35491088330248,123.8913814780806,124.16802215576172,30563400
2017-07-07,124.42681304482211,125.5423084509482,124.2037139635969,125.37276458740234,20511000
2017-07-10,124.86407425586613,125.72969965634614,124.37325362411686,124.82838439941406,17206000
2017-07-11,124.73916527866216,125.27460855501256,124.02524544915768,125.19428253173828,16192900
2017-07-12,125.87245276398153,126.91655440218194,125.83674930016107,126.15801239013672,19358600
2017-07-13,126.00638750495804,126.32765080092403,125.2746294300241,126.26519012451172,16559300
2017-07-14,125.91710873787467,126.9879814499997,125.91710873787467,126.47930908203125,15465300
2017-07-17,126.36333949759353,127.13080096941401,126.0599143636077,126.77383422851562,15374600
2017-07-18,126.30973593268843,126.60422827488854,125.86353789000043,126.443603515625,16653300
2017-07-19,126.61322520720114,127.73763994334116,126.61322520720114,127.70195007324219,16985500
2017-07-20,127.71978248838927,128.07674925786867,127.43422268969569,127.79117584228516,17047800
2017-07-21,127.62159239766629,127.9071657552246,126.94337609879604,127.21109771728516,21662700
2017-07-24,126.99686235072329,127.4519929888637,126.69345100321716,127.38951873779297,16694000
2017-07-25,128.16597557514316,128.72818970387144,127.80010337438752,128.54971313476562,21066400
2017-07-26,128.6389285518721,128.6389285518721,127.65730073588963,127.83577728271484,13574900
2017-07-27,128.04105129493442,128.2195278789269,126.31873251491564,127.02371978759766,24355800
2017-07-28,126.73814243617672,127.0415539486612,126.2473216854585,126.68460083007812,19933300
2017-07-31,126.91660450390815,127.0593911817932,125.80110911459444,126.28299713134766,16417700
2017-08-01,126.87195208668408,126.89872288037213,125.80107948851023,126.52391815185547,19835900
2017-08-02,126.35439134820479,126.55965230542337,124.69453365269774,125.14073181152344,19934300
2017-08-03,125.32815148977649,125.41738295885675,124.18588519719808,124.51606750488281,19624900
2017-08-04,124.85514982794702,125.22103552105516,124.48034507533066,125.12287139892578,16473500
2017-08-07,125.32814025878906,125.69402601482855,124.67669476363889,125.32814025878906,9176200
2017-08-08,125.30140986083174,126.53290790921558,124.65888321954823,124.9355239868164,27248700
2017-08-09,124.15019009514197,124.39114095000859,123.40058034321163,123.85569763183594,26534300
2017-08-10,123.40053813588081,123.40053813588081,121.59789410594914,121.60682678222656,40983500
2017-08-11,121.55329834600177,122.02626726581263,121.16064182007136,121.78531646728516,32779600
2017-08-14,122.49035518068693,123.67724431952293,122.46358437143357,123.63262176513672,21710900
2017-08-15,123.864604952049,123.8824566901704,122.56170040691681,122.61524200439453,16646000
2017-08-16,122.85621018791541,123.49873668230606,122.44571547126428,122.65096282958984,21858600
2017-08-17,122.2404566265995,122.87406407015432,120.4021221977311,120.41104125976562,32722900
2017-08-18,120.00054683478739,120.88402418639494,119.68820264324944,120.4021224975586,42401900
2017-08-21,120.19682718156736,120.49131951461291,119.70600662649143,120.32176208496094,21504100
2017-08-22,120.70551251241089,121.76746623423882,120.59842931924713,121.62467956542969,25170600
2017-08-23,120.94645080279727,121.87455043716469,120.66089111160447,121.42835235595703,18381900
2017-08-24,121.93703087921688,122.19581981689176,121.38374952612004,121.80317687988281,15726600
2017-08-25,122.15118408203125,122.53490787381696,121.74067587937105,122.15118408203125,17163000
2017-08-28,122.58848196324652,122.80266198883889,122.05305232459705,122.66880798339844,16333300
2017-08-29,121.80319074932885,122.98114692826084,121.57115896821287,122.69558715820312,20277600
2017-08-30,122.57955016281423,123.60580040957211,122.48138603006369,123.48086547851562,15915500
2017-08-31,123.96277639825607,124.88194352087045,123.74859637882551,124.69453430175781,29260600
2017-09-01,124.91762688897082,125.49769263844338,124.69452781999364,125.39952850341797,17412500
2017-09-05,125.4976751860561,125.72969328344752,123.66826035147432,124.19477081298828,21908400
2017-09-06,124.70345261578258,124.93547073077517,124.11446784285636,124.45358276367188,18399700
2017-09-07,124.56956640141104,124.6588114567822,123.67717031523392,124.14122009277344,18159800
2017-09-08,123.98060785538094,124.73023107464475,123.70396718904311,124.23941040039062,21870500
2017-09-11,125.28353128434878,125.75650029165261,125.14074459089026,125.54232025146484,22617700
2017-09-12,125.86356291595592,126.44362865691728,125.66724826567211,126.30976104736328,22679600
2017-09-13,126.1937800793599,126.91661899546826,126.113467670212,126.68460083007812,25052500
2017-09-14,126.52396571162114,126.86308071498676,126.20270244971925,126.56858825683594,18353800
2017-09-15,126.39899462107118,127.13968508584838,126.31868223277712,127.08614349365234,23184000
2017-09-18,127.27356752087626,128.33552139313574,127.25572939741289,127.95179748535156,24427400
2017-09-19,128.12135497647037,128.22843818480305,127.6929949093634,127.95179748535156,16346300
2017-09-20,128.08566396112568,128.52294313252057,127.84471310203958,128.3623046875,20244700
2017-09-21,128.52291647965745,128.7370828727521,128.04101486142116,128.22842407226562,17395900
2017-09-22,128.21055218598465,129.10294832867282,128.11238806561357,128.77276611328125,25203000
2017-09-25,128.745985625518,129.34388936207884,128.22839426770034,128.95123291015625,30012800
2017-09-26,129.07562789856235,129.8449474906296,128.97722607923316,129.3618927001953,28238100
2017-09-27,130.27434757562,132.2692059754075,129.85390467007923,131.89349365234375,66351700
2017-09-28,131.72351067852014,132.44809962289364,131.30306782069871,132.2423553466797,29291400
2017-09-29,132.3228705321182,132.77908969068707,132.16185682316097,132.55545043945312,21738700
2017-10-02,132.67169922186682,134.18350219726562,132.46595500712283,134.18350219726562,29772400
2017-10-03,134.2819408908593,134.47874450683594,133.5841875796168,134.47874450683594,28372800
2017-10-04,134.2640165446772,134.72918986698056,133.6378295626452,134.04933166503906,22024700
2017-10-05,134.4429275293728,134.74708719730575,134.067215333535,134.4160919189453,22538500
2017-10-06,133.92412540095017,134.48768699085954,133.79888797543077,134.228271484375,19350800
2017-10-09,134.35350173426983,134.79182587524957,133.4499905378407,133.6736297607422,13981300
2017-10-10,134.12088518917233,134.44292616087705,133.6557255132619,134.0582733154297,21951900
2017-10-11,134.12986790255732,134.3535071344477,133.7004843992873,133.95989990234375,15137100
2017-10-12,133.70052800050806,134.19252355122774,133.30692064004438,133.86154174804688,17185600
2017-10-13,134.11194301235986,134.17456853524368,133.49469668611601,133.61993408203125,15464400
2017-10-16,133.83464375832287,134.4966207060722,133.31579917492803,133.503662109375,20653100
2017-10-17,133.5305360667012,133.97781459636133,132.84172330906446,133.11903381347656,18046800
2017-10-18,133.73628594431054,134.10305762988963,133.36057360171415,133.75418090820312,20541700
2017-10-19,133.08324109343167,133.5841908007771,132.54650146421542,133.54840087890625,17164900
2017-10-20,134.46085484967082,134.55031600586338,134.05830694651618,134.1656494140625,25224500
2017-10-23,134.31774525453721,134.31774525453721,133.02064016875133,133.1637725830078,14676400
2017-10-24,133.63787419527273,133.98675089105564,133.32477377476064,133.44107055664062,17527700
2017-10-25,133.23530433935656,133.28897556836034,131.69666540859248,132.79696655273438,27235300
2017-10-26,133.23532240264262,133.5931397444152,132.85065579287328,133.0742950439453,15205900
2017-10-27,133.1817059629115,134.10309896443948,132.66286104896702,133.99574279785156,32744100
2017-10-30,133.1816115082545,133.69150175094086,131.84871705481908,132.58226013183594,30524800
2017-10-31,133.101163457713,134.03151061532637,132.96698533395147,133.5216064453125,22449400
2017-11-01,134.6308603468367,134.65769597119612,131.89351746329717,132.63600158691406,31585500
2017-11-02,132.60911345943342,133.49471601238272,132.14394007161036,133.02955627441406,28176600
2017-11-03,132.82382772659497,133.25322494096395,132.4481154014152,132.94012451171875,22312700
2017-11-06,133.0653122175129,133.62888731956335,132.74327125203442,133.09214782714844,15576800
2017-11-07,133.11006780092123,133.1547983753381,131.08836049606018,131.49986267089844,29549300
2017-11-08,131.1957324589911,131.90242648070043,130.46218916950318,131.6787872314453,30682500
2017-11-09,130.84684980992157,131.8487492329468,129.96123350930438,131.21360778808594,40144400
2017-11-10,131.24045654360143,131.58933320917893,130.9184154946179,131.11521911621094,17823700
2017-11-13,130.54264956080286,131.33881810864273,130.15799674092,131.1509552001953,14680000
2017-11-14,130.65897539266967,131.04364194806337,130.23853256809863,130.7931671142578,19682200
2017-11-15,130.02386290536796,130.79318245654326,129.2634840100721,130.2743377685547,23925200
2017-11-16,130.79313817252887,132.7522058356107,130.77524321697263,132.1886444091797,25889000
2017-11-17,131.72350102309437,133.31581118286223,131.65193483447106,132.79696655273438,25816700
2017-11-20,133.07427940669473,133.80782261594516,132.6896264919817,133.76309204101562,22793000
2017-11-21,134.36242958307352,135.33749322602486,134.23719217617932,135.15858459472656,29392300
2017-11-22,135.328582496172,135.766920342155,134.95287019241084,134.97970581054688,14136600
2017-11-24,135.26596451820316,135.4090832585376,134.87235727010744,135.0333709716797,6816300
2017-11-27,135.3464455077901,135.6326965836198,134.57712611983345,134.62185668945312,18416900
2017-11-28,135.09596223931305,136.8403451464359,134.77392126800942,136.741943359375,35898300
2017-11-29,137.17134553855124,137.9496192880969,136.8224689093944,137.19818115234375,38234200
2017-11-30,137.85126158654867,138.25380957206667,137.11771817527955,137.44869995117188,32230700
2017-12-01,136.88511657714844,137.50236309389953,133.06535434802186,136.88511657714844,62734800
2017-12-04,138.566813554403,139.0230461618201,136.2409745562095,136.37515258789062,36366800
2017-12-05,135.43585404070663,136.83137370222755,135.00647072554221,135.01541137695312,29667200
2017-12-06,134.51450337916822,135.24804651653815,134.13879115631542,134.3803253173828,21273800
2017-12-07,135.35535633602532,135.87420079960782,134.2013843332965,135.319580078125,29675200
2017-12-08,136.10680273020193,136.22309947452493,135.32854273321607,135.44483947753906,20832400
2017-12-11,135.46277264760238,136.08897352614727,135.09601461713714,135.39122009277344,26654100
2017-12-12,135.7043091419484,135.91005345268783,134.91710817700096,134.9707794189453,25854800
2017-12-13,134.90812708324134,136.60779342319577,134.90812708324134,135.77584838867188,30082600
2017-12-14,135.8384695566532,136.15155627904744,133.8614928187201,134.2729949951172,32882600
2017-12-15,135.1228527958368,137.0908756874799,134.70240986650316,136.1873779296875,42851600
2017-12-18,137.46651528884047,138.40580247754147,137.2786660410108,138.03009033203125,22714300
2017-12-19,138.43272108124089,138.45061604647526,136.70623230724888,136.93881225585938,24313600
2017-12-20,137.53810444221955,137.70807241379944,136.72405449931222,137.20712280273438,19042800
2017-12-21,137.60133745326567,138.30173468242106,137.45766271354734,137.807861328125,16772600
2017-12-22,137.72705430750872,137.73602884096778,137.20624363375006,137.5564422607422,13599400
2017-12-26,137.38579839563707,137.77190876862062,137.29599827553295,137.63722229003906,11949600
2017-12-27,137.57440084678433,138.23887254357592,137.21521399567516,137.5025634765625,15949900
2017-12-28,137.60135096564534,138.05929882919335,137.3948133689268,138.0413360595703,10167300
2017-12-29,138.41845813372427,138.41845813372427,136.83807710481778,136.90093994140625,21006500
2018-01-02,137.56539468720564,138.256817296618,136.9009230769949,138.19395446777344,20489600
2018-01-03,138.1670344436963,138.69683333358734,137.85276136490998,138.337646484375,21836600
2018-01-04,139.1547685327029,139.3163923240085,138.3017221082459,138.70579528808594,14207100
2018-01-05,139.07397441126966,139.16376085072247,138.22990241126178,138.99314880371094,19883900
2018-01-08,138.93927721307307,139.4241760626306,137.83480670264683,139.2086639404297,18457300
2018-01-09,139.39718584333121,139.63064694424088,138.93922447019875,139.02005004882812,16571300
2018-01-10,138.70581954530743,139.3343794573801,138.21194614954376,139.03805541992188,18516800
2018-01-11,139.2445562506538,141.5702341620914,139.16373066062937,141.4265594482422,26522400
2018-01-12,141.58823230085252,142.6478165557829,141.39967116244654,142.01925659179688,24089800
2018-01-16,142.64781470355604,143.14168813369642,139.90009996696696,140.2053985595703,27704700
2018-01-17,140.7980080422653,141.82166646132106,140.331072045384,141.53431701660156,18571600
2018-01-18,141.17514012179177,141.42656402838287,140.42984293383412,140.5645294189453,17903600
2018-01-19,140.73515260943466,142.4951337968976,140.5735288144676,142.41432189941406,31040900
2018-01-22,142.2347351223423,143.17758178710938,142.15392321719654,143.17758178710938,12702400
2018-01-23,142.98899079643843,143.94081179569426,142.4771547676453,143.63551330566406,16904600
2018-01-24,143.99472734403997,144.23717677935278,142.23474585687617,142.74658203125,20340900
2018-01-25,143.3481935263109,143.5996174761683,142.06413647536613,142.80044555664062,20290900
2018-01-26,143.2493930324528,143.39306774978198,142.56695867750202,143.312255859375,16120300
2018-01-29,142.82735060393804,143.545710456267,142.4322520000784,142.50408935546875,18293300
2018-01-30,141.57026067245624,142.07310856351657,140.73516323070595,141.1392364501953,24533800
2018-01-31,141.642048031326,142.25264491157102,140.00777926083626,140.4028778076172,27468900
2018-02-01,139.8372619919843,141.16623322247398,139.6576753586046,140.8429718017578,21413000
2018-02-02,140.19642954378153,140.21437861352635,137.8437997571158,138.1311492919922,33314100
2018-02-05,137.08947954253463,138.0951751575664,132.77035941535166,132.82423400878906,52622200
2018-02-06,130.67817392867474,135.02423239471108,129.5198287872875,134.41363525390625,69232400
2018-02-07,134.34180068908273,135.4013711737941,133.4438540268207,134.54832458496094,37101000
2018-02-08,134.68302643608786,134.6920009702508,130.5973663330078,130.5973663330078,44704500
2018-02-09,131.78259196833082,132.84217571036774,127.95734572347939,131.7915802001953,53315300
2018-02-12,131.9263208785695,133.72221418816326,130.6332755034094,133.03977966308594,36213900
2018-02-13,132.3393848024263,133.6054791957759,131.9083605350599,133.32711791992188,25021200
2018-02-14,132.56389223830743,136.05690478887786,132.159805211648,135.7246551513672,36286900
2018-02-15,136.68542714138067,137.26908692766224,135.19483255596415,137.20623779296875,23773600
2018-02-16,137.03561920868486,138.5441627882078,136.97275637541645,137.6911163330078,27973900
2018-02-20,136.98174359976596,138.0772394441617,136.1915462820834,136.55970764160156,24046200
2018-02-21,136.86503875140835,139.0111308850502,136.49687730424301,136.7034149169922,26735500
2018-02-22,137.2152344223761,138.310730503581,136.40708786483523,136.48789978027344,16340000
2018-02-23,137.36787670105025,138.3017489036702,136.62257932639852,138.2658233642578,18065200
2018-02-26,138.75968329731012,139.4151804613681,137.80786211897401,139.17274475097656,15267700
2018-02-27,139.3433477459021,139.9719213313805,137.1613440700234,137.17031860351562,18125500
2018-02-28,137.51153624687888,137.92459769496475,134.97034582686564,135.0062713623047,29951800
2018-03-01,134.736925408324,136.10180843473927,133.23735583721503,134.64712524414062,38943200
2018-03-02,133.53361493998557,137.16131236097075,133.25524004714794,136.80213928222656,31842300
2018-03-05,136.3262278143963,138.51720550162116,136.0119410965568,138.02334594726562,19603700
2018-03-06,138.66987461151376,139.53190930005812,137.20623109988102,139.51394653320312,17304000
2018-03-07,138.69685375612937,140.91476950679942,138.4813416148687,140.74417114257812,22684600
2018-03-08,140.8878435012519,141.39967973970377,139.6307234970234,140.4568328857422,23391300
2018-03-09,141.25599591086433,142.77352805540406,140.86089716298656,142.70169067382812,24927200
2018-03-12,142.9980556065939,143.35722891555324,142.31562083893783,142.95315551757812,15310100
2018-03-13,143.6714516889291,143.9408384011613,142.0012705149822,142.2886199951172,17757200
2018-03-14,142.97103704991838,143.123686304562,141.34575614283392,141.61514282226562,18097500
2018-03-15,141.9654071970424,142.00131904354336,140.41194922963015,140.90582275390625,14172100
2018-03-16,140.95964587862616,142.11800460344227,140.75312200813394,141.6959686279297,36000300
2018-03-19,141.13024173779445,141.16616726863484,138.68782630051555,140.33106994628906,25663000
2018-03-20,140.68126113287343,140.9955478541491,139.8731148518428,140.29515075683594,11418500
2018-03-21,140.36705141284068,142.10905670866882,140.2592884789519,141.11233520507812,22213500
2018-03-22,140.09706385132068,140.9610750360483,137.9820121528132,138.0180206298828,29774800
2018-03-23,138.20705380015247,138.54906575716066,135.00298514990882,135.04798889160156,35744100
2018-03-26,136.88398594336408,138.0450189881516,135.3899500210718,138.00001525878906,28442400
2018-03-27,138.29706433508517,138.3330590893053,134.741988394337,135.32699584960938,32820600
2018-03-28,135.6689827989669,136.21799539878998,134.45395063655488,135.28196716308594,26510900
2018-03-29,135.97499429898375,137.7930381572235,135.67798611423078,136.65000915527344,22617700
2018-04-02,136.3709818498988,136.8659954063516,132.46488611342497,133.31991577148438,35040700
2018-04-03,134.12091560288334,135.54294812308,133.47290043587705,135.22793579101562,29857800
2018-04-04,133.65294559002356,137.32502816735115,133.44594487312983,136.947021484375,29619700
2018-04-05,137.73905794374826,138.25207594755943,137.09105616331593,138.08106994628906,17301600
2018-04-06,137.13603094657782,138.06305036640492,134.2379657027564,135.32699584960938,25762700
2018-04-09,136.2629700882939,137.34300465939228,135.38095467289293,135.48895263671875,18997000
2018-04-10,136.92899929269166,138.55803278430952,136.50598892674316,138.04502868652344,23420000
2018-04-11,137.50497001229064,138.88199866752694,137.3699725885251,138.3419952392578,14884600
2018-04-12,138.99004018123776,139.87206940372027,138.540030316661,139.28704833984375,14413200
2018-04-13,139.76408305226275,139.80009153855946,138.16204874240105,138.5580596923828,19813600
2018-04-16,139.35905021713558,140.24107943107987,138.70203966651263,139.8360595703125,18846900
2018-04-17,140.59209288364153,141.74411707886154,140.36708794343122,141.3571014404297,18624200
2018-04-18,141.77108537740568,142.54510275074122,141.44707778546967,141.73507690429688,16974200
2018-04-19,141.42908884176893,141.78909121253247,140.29506901397465,140.7540740966797,16174500
2018-04-20,140.44805666004777,141.0510681240267,139.63803080703653,139.998046875,21480600
2018-04-23,140.20506275797737,140.66406784462177,139.1160466504847,139.7910614013672,13268200
2018-04-24,140.3130660715563,140.97009034203597,137.87402036933383,138.9900360107422,24859700
2018-04-25,138.92704172658657,139.32305259271342,137.6670196372837,138.7830352783203,21981400
2018-04-26,138.9810739198085,139.87209858149717,138.54906820499613,139.42208862304688,14862900
2018-04-27,139.39506601176544,139.8360669086695,138.40503877404083,139.22406005859375,17734300
2018-04-30,139.52108944061357,140.088092641862,137.96404511791766,137.99105834960938,15624600
2018-05-01,137.7120288484114,138.86405312884222,136.54201405934546,138.6660614013672,24977500
2018-05-02,138.4050365258776,140.20507603198416,138.31502905728763,139.18804931640625,16786800
2018-05-03,138.70206131722628,139.0530685136604,136.94702533505574,138.4320526123047,20985900
2018-05-04,137.93710502975122,140.85317572025102,137.5231033859689,140.16015625,17927900
2018-05-07,140.57411160239246,142.07714320049476,140.49311310665846,141.34812927246094,16303500
2018-05-08,141.23110381709338,142.0501251220703,141.07810210075905,142.0501251220703,17281200
2018-05-09,142.2121281334994,143.19316018364165,141.64512498022404,142.8151397705078,15758500
2018-05-10,143.0131527613915,144.1561818488778,142.8871505281168,143.58016967773438,15828700
2018-05-11,143.5981312156442,144.12014423631513,143.13911242626995,143.859130859375,14413600
2018-05-14,144.02117348522444,144.62418510844722,143.14815317302708,143.31015014648438,15028500
2018-05-15,142.84214305976028,143.63415111500836,142.35612469567383,143.33714294433594,17544900
2018-05-16,143.54417022835264,145.19120819504437,143.52616598612727,144.83119201660156,21004400
2018-05-17,144.9031912634326,145.80321108494462,144.67818630805462,145.49720764160156,18639700
2018-05-18,145.75817570342628,146.09119230367307,145.3981733462623,145.68617248535156,17579800
2018-05-21,146.13621307017675,146.91923964836454,146.1272178159769,146.64923095703125,15667300
2018-05-22,146.93726453639735,147.00027253017618,145.47024123224867,145.5872344970703,13212000
2018-05-23,145.20018725277774,146.05520326473308,145.0201860502416,145.7761993408203,14235700
2018-05-24,145.7312127210984,146.1182283985519,144.56118416739176,145.83021545410156,12785000
2018-05-25,145.578193861899,145.94720525359386,145.32618943176868,145.56919860839844,11150200
2018-05-29,144.79520364264744,146.01022224872142,144.10218448518344,145.3712158203125,20986900
2018-05-30,146.12719697284984,147.95423583933064,146.12719697284984,147.67523193359375,25169000
2018-05-31,147.6752548551013,147.94526354983094,146.10921541223942,146.49623107910156,28573700
2018-06-01,147.4502637780434,147.9452774761086,146.9552500799782,147.45925903320312,21108200
2018-06-04,147.8912109615987,148.24221801757812,146.99119146080963,148.24221801757812,14836000
2018-06-05,148.09821609274695,149.1962410156652,147.90920594923787,149.1602325439453,13283600
2018-06-06,149.1422990594575,150.2403106689453,149.02529208144747,150.2403106689453,16661300
2018-06-07,150.4022827611855,150.51028072348146,148.71024144142945,149.4212646484375,17571900
2018-06-08,149.45726177139176,149.95227532848054,149.18725312814243,149.87127685546875,17569800
2018-06-11,149.9793065020215,150.40231692805574,149.66429406281713,150.0963134765625,15923000
2018-06-12,150.23130657481957,151.14933063571496,150.06030061185535,150.7803192138672,16166700
2018-06-13,150.99630524712876,151.0862989750167,149.96127437733958,150.186279296875,19853700
2018-06-14,150.74435495144778,151.05935371195213,149.95233295572868,150.9873504638672,19248100
2018-06-15,150.51934439232406,151.08634763357813,149.8803241724293,151.0323486328125,24922600
2018-06-18,150.27628024398362,151.75231190282636,150.0602705866372,151.74331665039062,18616500
2018-06-19,150.798300669045,151.89632578122217,149.88927199974475,151.7523193359375,24605900
2018-06-20,152.50833478958367,153.18334956180067,152.05832494143903,152.97634887695312,19216900
2018-06-21,152.98535726003217,153.07536473067032,150.99632125112038,151.5453338623047,26946200
2018-06-22,152.11236349968283,152.2833694837807,150.58233236457792,151.04135131835938,33638200
2018-06-25,150.5193176884005,150.63631092489845,147.72925078930487,148.5752716064453,37005100
2018-06-26,148.7103017881467,149.99733753836279,148.36830352435643,149.43931579589844,20464000
2018-06-27,149.5922845202681,149.86227945117284,146.98221907809605,147.04522705078125,27511800
2018-06-28,146.91023338566046,147.80125796362213,146.03721304964492,147.49525451660156,26759100
2018-06-29,147.8822601722322,148.54827980886412,147.25224902039827,147.39625549316406,24146500
2018-07-02,146.48718191449782,148.46723597730357,146.23517753072417,148.41322326660156,24283600
2018-07-03,148.81518819249493,149.67330032988465,148.77002149411837,149.0048828125,13561300
2018-07-05,149.81786957961532,150.73017649354543,148.8874932247618,150.7030792236328,18640500
2018-07-06,150.8204583221601,152.14827922543438,150.41398562957295,151.97665405273438,19597500
2018-07-09,152.66324803969715,152.95230406655685,152.10321921634394,152.93423461914062,16565200
2018-07-10,153.1780807593796,153.4400256498342,151.36249461968396,152.23866271972656,18790700
2018-07-11,151.407612490948,152.3018636091878,150.89275065895023,150.9469451904297,23912600
2018-07-12,151.8140736974181,151.976657264713,150.52237785338832,151.67857360839844,19617600
2018-07-13,151.61540693772687,152.4102831968615,151.22698974609375,151.22698974609375,15409100
2018-07-16,151.5341149138253,151.77800415911648,149.90822336640937,150.63987731933594,15946900
2018-07-17,150.62180136792574,151.7509003287048,150.47727339303893,151.30828857421875,15134700
2018-07-18,151.17275956990449,151.80505205299698,150.45917529247345,151.7327880859375,13780000
2018-07-19,151.54315390218184,152.88000324712664,151.0824726931726,152.8077392578125,18398300
2018-07-20,152.4735194375126,152.93418683055307,152.06704658683626,152.18446350097656,17570700
2018-07-23,152.02186722880253,152.78964615333993,151.57925553140248,152.3741455078125,12335000
2018-07-24,153.06062198792097,153.34063626934693,150.14303471156083,150.74822998046875,25831300
2018-07-25,150.79343646767535,151.2992706298828,150.07081032897304,151.2992706298828,18401200
2018-07-26,151.44376495836397,152.98836437591837,151.30826483456212,152.1121826171875,20944200
2018-07-27,152.20255442995642,152.4012769686432,148.85138233023608,149.2759246826172,28777100
2018-07-30,149.26686618943145,149.96239493195924,148.20100350355943,148.31842041015625,20093700
2018-07-31,148.61645303323544,150.50430233059313,148.48999455836318,149.82684326171875,23567300
2018-08-01,149.67332926835735,150.16110765242735,148.58939721245406,149.72752380371094,17942600
2018-08-02,149.0049248539622,151.037302807868,148.98685541292508,150.8205108642578,18292200
2018-08-03,150.9831027853415,151.4618396270565,149.59205897379985,150.29661560058594,21734900
2018-08-06,150.18822711594566,151.30828443329978,149.8540044602984,151.1366729736328,16288800
2018-08-07,151.6514958244015,152.1934686842068,151.38955100469246,151.49794006347656,15045700
2018-08-08,151.49794360203532,151.7418327729385,150.38691437472065,151.36245727539062,14789500
2018-08-09,151.43473181948397,152.39221921924312,151.344412181507,151.75088500976562,10437800
2018-08-10,150.89273920224227,152.35604657285597,150.81144741119527,151.32630920410156,20521900
2018-08-13,151.51606662404205,151.79608098676422,149.83596666476151,150.441162109375,20517200
2018-08-14,150.76632504247394,152.2928689991767,150.7482556003919,151.93154907226562,17683100
2018-08-15,151.4799301944028,151.58833307875793,149.17656530886256,150.02565002441406,27479900
2018-08-16,150.7211430243284,151.90443637604903,150.56758723958814,151.4166717529297,15484700
2018-08-17,151.27212671577408,152.17540566491803,150.7843483647883,152.0670166015625,15106700
2018-08-20,152.48253553677526,152.81674437760765,151.59732591938578,152.4915771484375,12547300
2018-08-21,152.78063445237757,154.78591526240476,152.76256501020322,154.2439422607422,20661200
2018-08-22,154.09032930661178,154.9032885075743,153.9367735624495,154.62326049804688,14329200
2018-08-23,154.5420442103533,154.9304614565839,153.72005678156438,154.1536407470703,12945800
2018-08-24,154.59619212793953,155.1652622966696,154.47877523277842,154.99363708496094,11894300
2018-08-27,155.46331051518987,156.21303355238607,155.0206989535853,155.21942138671875,15880400
2018-08-28,155.5084805517284,155.79752259880715,154.5510072349354,155.36395263671875,13170300
2018-08-29,155.38207320577695,156.05953252451846,154.8762391197212,155.81564331054688,13157900
2018-08-30,155.51759896698576,156.47507284150834,155.20145947455867,155.68922424316406,14199600
2018-08-31,155.32788096818047,156.61956347258226,155.31883935604498,156.2853546142578,12240500
2018-09-04,156.07760845836256,156.37569225128573,154.56913383328862,155.58984375,17923500
2018-09-05,155.52659471728498,155.57176143058604,153.88263386010362,155.17431640625,15166100
2018-09-06,155.51755430984264,155.7975686135381,153.9368159527732,154.1265106201172,16647700
2018-09-07,153.7471113591802,154.86716840123904,153.25030519555287,154.04518127441406,17248000
2018-09-10,154.68656391908974,155.07496736158302,153.90974325115627,154.23492431640625,11067100
2018-09-11,154.09943530927669,155.00271449917176,153.557462282161,154.4878387451172,14078400
2018-09-12,154.27100266383331,154.54198909990248,152.9522231421421,154.11744689941406,21572300
2018-09-13,154.71366947383098,154.94851711793598,153.79232077581537,154.1536407470703,14570500
2018-09-14,154.25296955677678,155.3007627955595,153.91874693082812,154.80397033691406,15734900
2018-09-17,154.84007250541862,154.94846156646213,152.97029228770515,153.15997314453125,20023200
2018-09-18,153.37681873570554,154.1988061575175,153.2232629178309,153.80136108398438,13018000
2018-09-19,153.81034213513487,154.5239402409324,152.71738229827596,153.24127197265625,17593500
2018-09-20,153.89164638598584,154.73170306442037,153.38581232638603,154.65943908691406,16918700
2018-09-21,155.13817919747004,155.20141534774535,153.7561633325823,153.9187469482422,32539000
2018-09-24,153.79228357512,154.00907550543332,152.4373650222863,153.3496856689453,15786700
2018-09-25,153.60263365255486,154.0271759873053,153.4219805656912,153.58456420898438,13758500
2018-09-26,153.9015038332908,153.9920769539107,151.95430611562443,152.18072509765625,17787200
2018-09-27,152.48864826766993,152.78752297576958,151.936185410792,152.1897735595703,14471900
2018-09-28,151.65542336730874,153.05922374544556,151.65542336730874,152.65167236328125,22740300
2018-10-01,153.3218758428248,153.3490588353433,150.13390644164392,150.64108276367188,27893100
2018-10-02,150.5052240606413,150.82221617373511,148.69387214471868,149.0108642578125,28440300
2018-10-03,149.5995412460579,151.00334168046098,148.99274004037767,150.31503295898438,26027200
2018-10-04,149.8350228478798,150.02520704762094,147.74291373362234,148.20480346679688,29463000
2018-10-05,148.30443179549158,148.6757622391142,145.50589652134795,146.86441040039062,31240100
2018-10-08,146.51120147596072,147.08176792397543,145.4062757176211,146.55648803710938,21330700
2018-10-09,146.37536548245015,147.38973210217958,145.79573333668498,145.98593139648438,20620400
2018-10-10,145.6508060064092,145.80476925226694,141.6114853803435,141.79261779785156,46921800
2018-10-11,141.11337643158103,142.4809560465661,139.0303188516948,139.0846710205078,68877400
2018-10-12,140.88691788388735,141.06805027053073,137.56308952970227,139.11180114746094,53492600
2018-10-15,138.89447166901212,140.64241971257522,138.1518107169464,139.62806701660156,32747600
2018-10-16,140.63336552253176,143.875687199734,139.510322328682,143.6764373779297,35569100
2018-10-17,143.25984394526313,143.2960787294797,141.18585168329918,143.06060791015625,24140100
2018-10-18,142.56241192736573,142.76166168227792,139.80915012467773,140.37973022460938,31042700
2018-10-19,140.80546257299028,141.6115137389077,138.33297072105586,138.8944854736328,34214200
2018-10-22,139.40164739568857,139.8816545671452,138.1337065313727,138.59559631347656,28218300
2018-10-23,136.69367443923323,138.46880551089242,134.87327062239686,137.35482788085938,37228100
2018-10-24,137.1465271321511,137.64465175811057,132.0656974059268,132.1834259033203,40412400
2018-10-25,132.8898358155227,135.68838516267405,132.60002668122556,135.04534912109375,32311300
2018-10-26,133.62341488042432,135.32608997778647,131.0512986666132,133.56907653808594,36986100
2018-10-29,135.0634484829748,136.42196230374256,131.3864066192195,132.83547973632812,33031300
2018-10-30,132.99853490375477,135.75178404484035,132.73588110749282,135.60687255859375,29017200
2018-10-31,136.99253279462138,137.53594386693317,135.87855529785156,135.87855529785156,36785400
2018-11-01,136.65747402576332,139.26582576583246,136.58501827525905,139.01223754882812,28496400
2018-11-02,139.52842891981896,140.2801415858119,138.06123836327635,139.47409057617188,26671600
2018-11-05,139.51033040207616,140.07185894125584,137.9797495107602,139.3654327392578,16940900
2018-11-06,139.15713236678852,140.4794256021198,139.0394038667228,140.0537567138672,15572900
2018-11-07,140.70583082728,142.56246948242188,140.19865445347963,142.56246948242188,22127800
2018-11-08,141.83790659872696,143.006222456708,141.59337023049176,142.18206787109375,14987700
2018-11-09,141.2854816604866,141.3126508398596,138.52316659488687,139.5465850830078,20654400
2018-11-12,139.49221684954927,139.6280627173204,136.61216007713372,136.78424072265625,21886800
2018-11-13,137.30044960872888,138.649897635483,136.11400276454444,136.3494873046875,18468500
2018-11-14,137.49971743821447,138.0793494431673,134.47474952470972,135.35325622558594,24549100
2018-11-15,134.4838284874734,137.4816137086772,134.15778458857858,137.28236389160156,24482000
2018-11-16,136.4038629575514,137.92539200468167,135.9057383934841,137.60841369628906,29323500
2018-11-19,137.37295406679138,137.68994625233375,134.3751681719184,134.81895446777344,21540900
2018-11-20,133.36079710577397,134.42948820133364,131.85737156025675,132.2196502685547,25907000
2018-11-21,132.93510485453012,135.2808020722283,132.7086858840299,134.06719970703125,17902300
2018-11-23,132.97136350589653,135.21743622711256,132.9622979009576,133.9404296875,11134800
2018-11-26,135.235488051683,136.2136055444881,134.7101945421318,135.67926025390625,15346400
2018-11-27,135.10872344352433,135.60684794990195,134.30267244939236,134.5562744140625,14461800
2018-11-28,135.1268490655824,137.99784017064147,133.76833513968273,137.88011169433594,26125900
2018-11-29,137.30952399978963,138.33294219088376,136.24988485321782,137.50877380371094,15134500
2018-11-30,137.17371511420868,138.44165619043468,136.82955375658108,138.2242889404297,20304700
2018-12-03,139.82734248287636,139.90885002099532,137.68089439528126,139.5465850830078,23379800
2018-12-04,139.24772100806888,139.5918823993117,133.26120054723378,133.60536193847656,41077900
2018-12-06,131.73055788568968,133.31549072265625,129.90108868441192,133.31549072265625,37581200
2018-12-07,133.261159888582,134.27551253915334,129.75619835386124,130.43545532226562,28525100
2018-12-10,130.66187018398946,131.06942158825345,128.10785743010405,130.05506896972656,30776600
2018-12-11,131.9388580935546,132.40076164569768,128.95919047183875,129.91920471191406,29229300
2018-12-12,131.21432674534074,132.91698801322232,131.10563624178258,131.1599884033203,27894800
2018-12-13,131.54038070011833,131.9479321160294,129.09504456561527,129.30335998535156,23205400
2018-12-14,128.36139814205737,129.7199115338395,126.8851563202562,127.3470458984375,24037200
2018-12-17,126.91908445917417,128.01862585193422,123.72952839771072,124.51101684570312,36468500
2018-12-18,125.63782609838618,126.47383488294511,123.84767218102819,124.35655975341797,42277200
2018-12-19,124.31114464983041,126.01950471473288,121.08523139668934,121.76676177978516,47676600
2018-12-20,121.43053069914987,122.13932110739516,118.34091832901723,119.75849914550781,57908100
2018-12-21,120.2946192028275,120.81257490558032,116.29630761101261,116.65069580078125,59404800
2018-12-24,116.06914444840218,116.74158566568892,114.35168189507576,114.38803100585938,28575700
2018-12-26,114.7515225028282,120.04020406671498,114.32442908997402,119.88571166992188,40182700
2018-12-27,118.37726336557199,120.385498046875,116.19636520491383,120.385498046875,39527900
2018-12-28,120.38546854685143,122.68449555689912,119.53128196779531,120.73078155517578,35994400
2018-12-31,121.51231218345075,121.81218718457376,119.76759624891025,121.67587280273438,29173400
2019-01-02,120.10379272919998,122.82991350682936,119.53130292885227,122.3664779663086,27295100
2019-01-03,121.68495533153738,122.34830754622288,119.63126867738092,120.17649841308594,29294600
2019-01-04,121.69402150001494,125.038069968003,121.50320082350285,124.66549682617188,35355300
2019-01-07,124.72913859113746,127.55521838620653,124.2566208558339,126.84642791748047,30477900
2019-01-08,127.94590976677728,128.8455205512371,126.66462995560599,128.79100036621094,27320900
2019-01-09,129.23631864542295,130.2995042373126,128.6910888653809,129.85423278808594,25764600
2019-01-10,129.09089855462543,130.5993553195728,128.44572442765602,130.5266571044922,22896800
2019-01-11,129.95420194312828,130.84474491575725,129.6543269257047,130.5630340576172,22428400
2019-01-14,129.7815040463945,130.34489779155342,129.1181381388366,129.26353454589844,29185000
2019-01-15,129.62702042895063,130.53572723564713,129.11814683572305,130.35398864746094,25678900
2019-01-16,130.56301530253745,131.98969195027104,130.5539332242003,131.3263397216797,20827300
2019-01-17,130.84470633093989,132.9710770647844,130.82652831124642,132.5167236328125,19273400
2019-01-18,133.21645427836148,134.4159403309606,132.67122452169087,133.8798065185547,28306700
2019-01-22,133.0892613247069,133.3618623894511,130.89927366611965,131.76254272460938,27741100
2019-01-23,132.05325671207444,132.83473111803931,130.3630617925588,131.39898681640625,20621300
2019-01-24,131.24452753756654,132.45310934738993,131.15366516936248,132.18959045410156,16976300
2019-01-25,133.23466090416684,134.1615462396459,133.06200429732755,133.88893127441406,22266900
2019-01-28,132.63488667787993,133.4981555993554,132.09873898217825,133.1710205078125,22784700
2019-01-29,133.31638514846915,133.41634345441344,132.5621568155741,132.85293579101562,12084800
2019-01-30,133.5617991365317,134.79764165677543,132.3804768374236,134.30694580078125,25516900
2019-01-31,134.13422107883855,135.66993790128984,134.0615228656482,135.45184326171875,27252900
2019-02-01,135.71540548861935,136.01526661771626,135.01569716726465,135.5609130859375,17057900
2019-02-04,135.76990723158187,137.18748783944233,135.28829366264895,137.17840576171875,21301700
2019-02-05,137.22378744052298,137.7599349067528,136.52409329717366,137.32374572753906,18295900
2019-02-06,137.25111189834715,137.55098690002927,136.39693888643504,137.15115356445312,13720600
2019-02-07,136.23333647266216,136.94212674378042,134.84301602810194,136.0243377685547,22850800
2019-02-08,135.45185253125243,136.2151630233382,134.94297886986192,136.16973876953125,13463000
2019-02-11,136.5695692260756,137.35105780240593,135.96983314275528,137.30563354492188,16374800
2019-02-12,138.05076341888517,139.20482517159468,138.01442124044382,139.02308654785156,20779900
2019-02-13,139.413818359375,139.72277539404618,138.75954824726682,139.413818359375,15534500
2019-02-14,138.65044849921347,140.27702713962861,138.48687410832295,139.7318115234375,18251000
2019-02-15,140.64963566475222,141.9763536773704,140.18620019412802,141.9581756591797,27240200
2019-02-19,141.34936866402626,142.75786720786994,141.34936866402626,142.34893798828125,15856900
2019-02-20,142.35804060095666,143.1940493691551,142.23990425502842,143.02139282226562,18317400
2019-02-21,142.78509081674264,143.00317155463813,141.81276797441154,142.4761199951172,17497000
2019-02-22,142.91235288890053,143.82105988328271,142.75787436374776,143.71200561523438,20411800
2019-02-25,144.55706997781436,144.93872514502553,143.65744531282522,143.74832153320312,17957100
2019-02-26,143.58478635726055,143.74836082549947,142.56703896650558,142.75787353515625,21497300
2019-02-27,142.20355052517317,143.06681932372925,141.86731953694357,142.95777893066406,18194900
2019-02-28,142.74875317433097,143.10314828483388,142.09448314482322,142.46705627441406,18155300
2019-03-01,143.53024471351966,143.8846398316956,142.4397992626526,143.7937774658203,19247100
2019-03-04,144.0664290329072,144.2845237459934,141.38574564708043,142.49436950683594,23301800
2019-03-05,142.6124515601353,142.62153363672402,141.72192275263777,141.83096313476562,16798200
2019-03-06,141.7764284277441,141.8309486132259,138.9230898394934,139.05030822753906,29604600
2019-03-07,139.05035004608905,139.1593904498459,137.55097516558973,137.83267211914062,26822500
2019-03-08,137.0693725058313,137.90538135484616,136.86037376002,137.7963409423828,20466800
2019-03-11,138.2233868656696,140.22253897966596,138.03255234368697,140.20436096191406,20854500
2019-03-12,140.30432918747093,140.83138081344566,139.75911340822404,140.27706909179688,18966800
2019-03-13,140.77688543868933,141.5129358831737,140.62240691404912,140.83140563964844,24109100
2019-03-14,140.75867350625919,140.8677277476734,140.12258153869692,140.25889587402344,14217500
2019-03-15,140.42251673793174,141.64018100812277,140.24077807855218,140.6315155029297,22025900
2019-03-18,140.9041330161808,142.16723544088853,140.3770811882477,141.53114318847656,24510200
2019-03-19,142.19445697651824,142.2398950963163,140.45883727267784,140.813232421875,18633100
2019-03-20,140.80592340901444,141.6077216846196,138.8652273504418,139.63967895507812,29463200
2019-03-21,139.15680782624383,142.19087079899333,139.15680782624383,141.47108459472656,31845000
2019-03-22,140.49613989290972,140.8059205284268,136.27762054924295,136.3231658935547,40663000
2019-03-25,136.19562370261522,137.8721124248026,135.22072243907982,136.92453002929688,26454700
2019-03-26,138.00876533016734,139.23879552778322,137.38919013568363,138.36410522460938,21308600
2019-03-27,138.22740661052075,138.68297117611735,136.1955786379963,137.82650756835938,23477100
2019-03-28,138.30034043788237,139.33902750989608,137.516768513189,139.05657958984375,19473300
2019-03-29,140.02238059514238,140.28661594644515,138.58280816085858,139.4848175048828,28298900
2019-04-01,140.5781158271102,141.15213166249504,140.0587794211133,141.00634765625,20075200
2019-04-02,141.10660825318797,141.11572844509914,139.8674716909135,140.64193725585938,18253500
2019-04-03,141.8992450984223,142.27279744771135,140.97899584820308,141.37078857421875,19554700
2019-04-04,141.48014080861395,142.14526123065045,141.07924173690046,142.06326293945312,15909500
2019-04-05,142.40951807695322,143.47553773234148,142.30929329382798,143.39353942871094,21379000
2019-04-08,142.91063656817204,143.50286505333196,142.1999568248882,143.15663146972656,14202400
2019-04-09,142.55531960027935,142.773981770126,141.14306617484755,141.40728759765625,18534200
2019-04-10,141.66237420860824,143.37530167542977,141.52571037997004,143.32974243164062,18938800
2019-04-11,143.52113421055446,143.66690437613516,142.87422609661695,143.14756774902344,12218700
2019-04-12,144.07690475172757,144.10423752308003,143.14754881754786,143.66688537597656,14120300
2019-04-15,143.91285863999832,144.04953636570062,142.59172404124814,143.20217895507812,10964000
2019-04-16,143.69422613434358,143.86732904487195,143.02909165153105,143.53932189941406,16782900
2019-04-17,144.04044885622093,144.05867533766227,141.40728534858542,142.22731018066406,17108500
2019-04-18,142.2364137004718,142.3913040328777,140.91527882770103,141.8081817626953,23276300
2019-04-22,141.50750811085427,141.96307282122478,140.78772198567077,141.4346160888672,15596800
2019-04-23,141.5621548096096,144.00398856160575,141.55304852159762,143.566650390625,23396100
2019-04-24,143.61219293263105,144.5871079373599,143.38441061220612,144.01309204101562,18053100
2019-04-25,143.3480216557356,143.47557924364352,141.6533200433968,142.81956481933594,19365100
2019-04-26,143.01089037012667,144.40491737275883,142.50064617920614,144.2044677734375,16999100
2019-04-29,144.5233452194777,145.42536835692655,144.40490784786002,144.89691162109375,13698900
2019-04-30,145.0062433755203,145.04269633828835,143.01088160002186,144.22267150878906,24127500
2019-05-01,144.56890000829003,144.62356554776932,142.78309417255423,142.85597229003906,17734300
2019-05-02,142.7192894336237,144.09508963730104,141.8445992102548,143.52108764648438,22715700
2019-05-03,144.24090233004478,146.3638356363737,144.13157124391475,146.26361083984375,20178800
2019-05-06,144.1224120900914,146.79202791084137,143.96752179236887,146.42758178710938,21262100
2019-05-07,145.15200618111905,145.6622363633555,142.3639527548057,143.5301971435547,25434500
2019-05-08,143.2841932043189,144.0404322153511,142.72840375778827,142.82862854003906,16113700
2019-05-09,141.69885585037215,142.7284226742413,140.07704654280843,142.30931091308594,25259900
2019-05-10,141.76260300625478,142.89240833172852,140.01323643640256,142.70106506347656,26544700
2019-05-13,140.0314496940719,140.3321239999488,137.72629391841085,138.15452575683594,26936500
2019-05-14,138.45523364996578,140.46882189528233,138.21833110152969,139.89480590820312,15519200
2019-05-15,138.85609040167876,140.68746906901293,138.55542998734185,140.350341796875,18410600
2019-05-16,140.77862390618802,142.3002086094971,140.71485206613977,141.22508239746094,13772100
2019-05-17,140.14993589624913,141.47107079203394,139.09302241852856,139.25701904296875,21534000
2019-05-20,138.4278931068646,139.2388116782909,137.95411579447492,138.29122924804688,18689800
2019-05-21,139.06567149560465,140.35035326089258,139.02011224940748,140.14991760253906,11659100
2019-05-22,139.6032297691708,139.94034315480377,138.49165093236374,138.97454833984375,13922600
2019-05-23,137.6351704744347,137.6351704744347,135.37557402102345,136.11358642578125,26379400
2019-05-24,137.01566863528404,137.66256284185542,136.47809162506493,137.38922119140625,16093100
2019-05-28,137.5896394230954,138.1727616564304,136.28673111374172,136.29583740234375,14042200
2019-05-29,135.61250136164023,135.69449967388843,134.2640336946532,135.1569366455078,22622300
2019-05-30,135.53050378349496,136.28674288469878,133.972466328681,134.7833709716797,17739100
2019-05-31,133.19801324662635,133.79024181347964,132.40533509348052,132.8973388671875,25411300
2019-06-03,133.14335259759545,134.12737408389785,132.414446248179,133.3620147705078,26554500
2019-06-04,134.77425081259733,136.93362290766484,133.40755679744464,136.815185546875,21217600
2019-06-05,137.3618505181928,137.48030177801104,135.40292805212357,136.84251403808594,18184100
2019-06-06,136.778767369385,137.14322754107673,135.12962506284023,136.48721313476562,20772500
2019-06-07,136.98828624775928,138.04518559586253,136.68761193143317,137.4529571533203,17107500
2019-06-10,137.99054389938257,139.53035479921792,137.99054389938257,138.26388549804688,18912300
2019-06-11,139.28431693893646,139.61232400842044,137.19783717939143,137.85385131835938,15373000
2019-06-12,137.7445232578714,138.29120640831854,137.23429306557674,138.00875854492188,11957600
2019-06-13,138.77411601357815,139.5667941388429,138.37321685509397,139.46658325195312,14839400
2019-06-14,139.29348907951356,139.34815462769419,138.23657547224306,138.2456817626953,16154800
2019-06-17,138.86099456914027,139.80276489571332,138.67812911818484,139.19931030273438,12509300
2019-06-18,140.14111477728332,141.86006717720642,139.21762100456172,140.81771850585938,22100800
2019-06-19,140.9822853463984,141.4485943803785,140.25994791632675,141.32058715820312,15625000
2019-06-20,142.68296067563654,142.83839702027095,141.21087064499199,141.98805236816406,17595700
2019-06-21,141.84174719571814,141.87831470298704,140.45194473994124,140.7628173828125,19854400
2019-06-24,141.13769033047697,141.18341017503948,138.97984481346163,139.05299377441406,24002600
2019-06-25,139.26333713188546,139.4370642310751,138.06555212388423,138.20269775390625,17462200
2019-06-26,138.7055614362515,139.18102278108958,137.8460784500311,137.88265991210938,15726900
2019-06-27,138.28497041498267,140.59825257339162,138.28497041498267,140.47024536132812,22278400
2019-06-28,140.7628371960789,142.65553034157895,140.75369880591006,142.18006896972656,35089900
2019-07-01,144.04533863263,144.49337094317144,141.9240738304736,142.72869873046875,22850500
2019-07-02,142.6555021121159,142.74692785093447,141.04625284944441,141.86001586914062,19024600
2019-07-03,142.27146923218967,142.94807266234614,141.87829533609025,142.8749237060547,9115100
2019-07-05,142.17094814789388,143.31387488856262,141.59490860603924,143.25900268554688,14156700
2019-07-08,142.8292229732427,143.0760850139358,141.62228607846043,141.89659118652344,9735700
2019-07-09,141.3023193714746,142.11608269139188,141.24746111759706,142.08865356445312,12381600
2019-07-10,142.82009472200969,143.14925811685552,141.58574245514262,142.3354949951172,17325400
2019-07-11,142.53662957031077,142.5823494143912,141.009681649841,141.6405792236328,14260800
2019-07-12,141.85094162108,143.24988301837413,141.6132178505754,142.73785400390625,16678000
2019-07-15,143.14926970953977,143.17669883201992,141.58575392120838,141.98805236816406,12194300
2019-07-16,141.84178943909382,142.8201275069668,141.42118624567414,141.94236755371094,15152700
2019-07-17,141.94234860148146,142.0337743605443,140.5616843077442,140.92742919921875,14155100
2019-07-18,140.88170893054146,141.73203964121092,140.56168389540767,141.45774841308594,15705500
2019-07-19,141.66802432944803,142.11604257748493,140.6439666748047,140.6439666748047,17182600
2019-07-22,141.02800352772596,141.44859270199407,140.25994625204643,140.51596069335938,14474600
2019-07-23,141.0645714764908,141.46688387172472,140.38795390707554,141.44859313964844,15493200
2019-07-24,141.07371188567194,143.96303371848424,140.91827554015077,143.789306640625,23823100
2019-07-25,143.71611056405285,143.77098274308418,141.80514123735026,142.05201721191406,17902500
2019-07-26,142.253253037818,143.9356380587852,142.18010404320063,143.73448181152344,14260300
2019-07-29,143.72530627746522,143.88074261895508,142.27150700846553,142.77438354492188,13192200
2019-07-30,141.77775818461973,144.3196258544922,141.45774710418797,144.3196258544922,1200
2019-07-31,144.26472814171237,145.59051985905847,142.22575152947007,143.14923095703125,40445900
2019-08-01,143.4418387868742,144.62133268811314,140.43364870133308,141.0736846923828,38070200
2019-08-02,140.21425489238626,140.57998586026898,138.3215615566508,139.5102081298828,30148300
2019-08-05,136.95005157410884,137.07805880998117,133.6858600834935,135.32252502441406,39221500
2019-08-06,136.1453911963451,136.87686690423232,134.75560269827187,136.5659942626953,24283300
2019-08-07,135.24936327325187,136.88604201142934,134.1247273819745,136.52944946289062,23952100
2019-08-08,137.2883724161555,139.55594941067676,137.14208837759307,139.47364807128906,19415600
2019-08-09,139.0621922214064,139.11705047787873,137.1786510065565,137.71810913085938,19313200
2019-08-12,136.97745277882322,137.26089631821196,135.62423171089983,135.9351043701172,15963000
2019-08-13,135.6333853221829,138.78786002215134,135.02077832435933,137.3980712890625,21912600
2019-08-14,135.27678284409876,135.30421196499256,133.23780579779913,133.55783081054688,28235800
2019-08-15,134.06073846193075,134.10645832461827,132.38749194011908,133.0275421142578,24202400
2019-08-16,133.62184458190916,136.15457403265404,133.59441545749698,135.8985595703125,22783400
2019-08-19,137.44377711066093,137.9649443444197,137.10546137645088,137.27005004882812,17023400
2019-08-20,137.07800891926894,137.1602962655786,136.2276784372612,136.37396240234375,13324100
2019-08-21,137.718059656043,137.74548877442535,136.95915482674144,137.49862670898438,13446100
2019-08-22,137.76379723848416,138.1386805069537,136.36485621394232,137.17861938476562,12979100
2019-08-23,136.4380021338815,137.2517652864793,132.51547036724048,132.97264099121094,36974600
2019-08-26,134.22531330561867,134.45389864368966,133.22868458004731,134.43560791015625,19167100
2019-08-27,135.2859233252067,135.34078156218496,132.28687150358695,132.44232177734375,24546200
2019-08-28,132.17720237701258,134.76479044472137,131.89375874993297,133.9875946044922,20115500
2019-08-29,135.45964390718663,136.50199232256412,135.28593079774,136.33741760253906,18786300
2019-08-30,137.0505913720361,137.1237403366204,135.35905470140347,136.0905303955078,18727100
2019-09-03,134.8195981412437,135.61508441927356,133.49380628017866,134.09727478027344,20688000
2019-09-04,135.33161428337627,135.6516392327429,134.57270953488916,135.17617797851562,13107500
2019-09-05,137.01405490917412,138.89759583082716,136.57516102222735,137.69065856933594,25666700
2019-09-06,137.79125991877757,138.2758597929223,136.99578728607656,137.05978393554688,14645900
2019-09-09,137.67238420214116,139.19933258726573,137.20606118305025,138.89759826660156,25780100
2019-09-10,138.68728430040957,140.7628429970062,137.96496079856507,140.67141723632812,29576200
2019-09-11,141.28405739116826,143.69791847689575,140.40628338192892,143.55162048339844,42970500
2019-09-12,143.71615724692802,144.37448409178282,142.2440811638881,143.58815002441406,38648300
2019-09-13,144.32877406807108,145.30711196540864,143.67044724201162,143.83502197265625,31042800
2019-09-16,143.52416568436007,145.15169220363788,143.27728960845508,144.37449645996094,23242600
2019-09-17,143.88074969492448,144.072767509585,143.04869575096427,143.99961853027344,22986700
2019-09-18,143.99047658644943,144.0087673205335,141.78692446442443,143.1127166748047,19735700
2019-09-19,143.36867761991792,144.30130938562726,142.20746059459512,142.41775512695312,21531600
2019-09-20,142.3081067158463,143.23158658364937,141.22003812751512,142.1160888671875,22707200
2019-09-23,141.59491206868495,142.59154086250206,141.32060685386793,142.00636291503906,14944600
2019-09-24,142.35869705519488,142.48715423523302,139.32159129796443,139.86294555664062,27576700
2019-09-25,139.72529138823884,141.63380770201556,139.28486885453034,141.39524841308594,21917500
2019-09-26,141.23010660343158,141.23010660343158,139.42252158706867,139.81707763671875,20641600
2019-09-27,140.22080751000493,140.58782402928253,138.0920724960031,138.69766235351562,20181900
2019-09-30,138.8903032413596,139.7069266746708,138.35811963302055,138.86277770996094,16905400
2019-10-01,139.56934203378543,140.7071156851216,135.84406962803973,136.13768005371094,34093500
2019-10-02,135.45869135808562,135.45869135808562,133.83461458157868,135.11001586914062,24894600
2019-10-03,134.59616513714226,135.7431090571182,132.98125913731675,135.55960083007812,25362800
2019-10-04,135.78900954394692,136.94512414468574,134.9907269379484,136.8441925048828,18640400
2019-10-07,136.51384496992432,137.69749887472491,135.90825525122537,136.60560607910156,15762800
2019-10-08,135.26596157025142,135.7339095977887,134.06396671460917,134.38511657714844,18110600
2019-10-09,135.37606485664992,135.51370651353955,134.55027091842754,134.9998779296875,10929500
2019-10-10,135.1925842977949,136.2569517253319,134.9723800029815,135.541259765625,16349000
2019-10-11,137.44060323944333,139.43171057580446,135.51374549571415,137.8351593017578,29236300
2019-10-14,137.55069312535971,137.77089739642358,136.8074757089587,137.33047485351562,10692600
2019-10-15,137.78919718056264,139.58761067770098,137.44052189011933,138.9086151123047,16801200
2019-10-16,138.74353080160125,139.71613709344984,138.6792952159071,139.0554962158203,13119100
2019-10-17,139.73444045628443,140.85385864163186,139.51423622361133,140.6978759765625,13175800
2019-10-18,140.3216865062776,140.84469960302752,138.96370895801047,140.028076171875,14490200
2019-10-21,141.4594508132537,142.20266811337447,141.22089155666495,141.3401641845703,17450300
2019-10-22,141.48703130636707,142.2669589494207,141.06496368838168,141.4962158203125,12471800
2019-10-23,141.61542013744048,141.9916210072422,140.89055792559662,141.67047119140625,8728000
2019-10-24,142.17519522861122,142.2761268746907,140.81721726381872,141.4686737060547,9091400
2019-10-25,141.22092228285788,142.70735720651103,141.21173777048205,142.22105407714844,10531500
2019-10-28,142.82666115826473,144.03782687216233,142.2302418136299,143.45059204101562,15392400
2019-10-29,143.14779152256565,144.36814170229792,143.01016383344563,143.91854858398438,11978300
2019-10-30,143.86347380201536,143.8818288262538,142.47797048881003,143.44140625,14451500
2019-10-31,143.23037620582792,143.23037620582792,141.52372292749905,142.6339569091797,17344200
2019-11-01,143.50562050126902,145.14805206754903,143.1844845978016,145.0654754638672,18421600
2019-11-04,146.2582643899266,146.5335336957101,145.40494494285412,145.84536743164062,16182000
2019-11-05,146.25825837416107,147.23087841469493,145.86371645269617,146.02886962890625,13760200
2019-11-06,145.88207365690494,145.88207365690494,144.79935148268552,145.18472290039062,16025500
2019-11-07,146.5703059476538,146.96484805280733,145.1297372363885,145.57015991210938,13448900
2019-11-08,145.23062897833026,146.13901362309326,144.9278340967426,145.9646759033203,11967400
2019-11-11,145.00124097785866,145.79950948770687,144.86361330401607,145.6894073486328,10508700
2019-11-12,145.8270529130235,146.69874162357027,145.42334035329625,145.7353057861328,14316900
2019-11-13,144.73520206536378,145.4325391687293,144.23054376651402,145.11138916015625,14514400
2019-11-14,144.90947876698291,145.80869289856506,144.78102160543983,145.0654754638672,13054000
2019-11-15,146.1023262549391,146.15737733272198,145.29488711281897,145.81788635253906,13119200
2019-11-18,145.63435967676128,145.6527147006287,144.9186677545214,145.4508514404297,10759500
2019-11-19,145.99220275878906,146.53355694556458,145.2581558271578,145.99220275878906,15203700
2019-11-20,145.47839095946665,146.44182679379074,144.29473681990834,145.44168090820312,21314300
2019-11-21,145.72611314416721,145.79033472315996,144.26718984009463,144.72596740722656,15388300
2019-11-22,145.25814422496106,145.46917797568568,144.37729917798382,145.17556762695312,13482400
2019-11-25,145.91882182557487,148.4879795288805,145.79036464044876,148.2585906982422,24753000
2019-11-26,148.41456340461338,149.13942590015571,147.99248182438592,148.35951232910156,15496700
2019-11-27,148.99263574748906,149.49727996746245,148.7173663542781,149.40553283691406,13202500
2019-11-29,149.0201571856049,149.368818673346,148.34116123447527,148.43292236328125,9988200
2019-12-02,148.78155445962972,148.83661952650488,146.72623998791002,146.983154296875,17190900
2019-12-03,145.72612895237842,146.58861911149307,145.06548806398038,146.5152130126953,14884400
2019-12-04,147.2676217756341,147.92826269431637,147.08411352061847,147.5245361328125,10833200
2019-12-05,148.15761347609742,148.32276666297625,147.221703414781,147.6713104248047,11470700
2019-12-06,149.18532974004293,149.93773189151722,149.10275311389117,149.39637756347656,16486200
2019-12-09,149.33211099170865,149.70831198941755,149.00179055482937,149.1118927001953,13476700
2019-12-10,149.02018128868457,149.5248395771777,148.58892911495272,149.2036895751953,13704400
2019-12-11,149.45144613922434,149.63495444130064,148.5981122334298,149.15782165527344,19612200
2019-12-12,149.3321043754734,151.48836463189858,148.87332678906643,150.44235229492188,24857000
2019-12-13,150.23130479956308,151.22226606810952,149.14859641403584,149.86428833007812,23279600
2019-12-16,151.08633708186446,151.81387273401506,150.79164959082166,150.9205780029297,20115300
2019-12-17,151.16000658647644,151.67572021484375,150.75479900643288,151.67572021484375,12980000
2019-12-18,152.0072743963064,152.20987821563017,151.3258015968942,151.97044372558594,15379300
2019-12-19,152.2098558457385,152.624267578125,151.84149298409326,152.624267578125,11919800
2019-12-20,153.0110807576596,153.2505293084108,152.61509131164038,152.84532165527344,25449500
2019-12-23,153.09399317490147,153.20449925673915,152.28357776903385,153.1492462158203,13372100
2019-12-24,153.28735279498844,153.51758312782925,152.90977167661484,153.49916076660156,4334500
2019-12-26,153.63730739759265,153.77543997643943,153.20447324768037,153.49916076660156,9371200
2019-12-27,153.9043436693941,153.9043436693941,152.34798462114307,152.74398803710938,12261800
2019-12-30,152.85451483433712,153.06633685281378,151.55602646911655,152.3572235107422,14912700
2019-12-31,152.0257057692707,153.19527987703245,151.68496934936698,152.5690460205078,17362400
2020-01-02,153.554455198392,153.56365935457293,151.24293325161483,152.6703643798828,18297500
2020-01-03,150.79168184375422,152.3296189643302,150.75483711690373,152.07176208496094,19295600
2020-01-06,150.89297098253135,152.44931628255165,150.60747355613515,152.27435302734375,17150900
2020-01-07,151.813916928038,152.26515947570428,151.2245277222343,151.7678680419922,11817900
2020-01-08,151.78624537916437,152.90055220931697,151.69414763439374,152.23748779296875,13832400
2020-01-09,152.98340855093986,153.28731420002916,152.19141584329105,152.42164611816406,11895400
2020-01-10,152.45853473983155,152.58746316880655,151.21528527660155,151.85072326660156,15353000
2020-01-13,151.89677684976073,152.9097819510403,151.09557973432624,152.83612060546875,17271100
2020-01-14,152.08097836929875,154.33723326979273,151.9336275544374,153.3979034423828,18323000
2020-01-15,153.0110877844127,154.66874914512462,153.0018836290169,154.13461303710938,15437200
2020-01-16,155.25809589431162,156.43687386179187,155.11074513534115,156.12376403808594,19976200
2020-01-17,156.81448702276333,157.0723438776917,155.33180308085275,155.70018005371094,18306400
2020-01-21,155.0463266830089,155.62651165876517,154.04252573459362,154.410888671875,17935100
2020-01-22,154.88978585875003,155.2857753498364,153.95964617124153,154.30960083007812,14916300
2020-01-23,153.88596841857188,154.68716552352524,152.36643970831278,154.20828247070312,15954300
2020-01-24,154.7239662821247,154.7239662821247,151.24288525839665,152.3111572265625,20491400
2020-01-27,149.9720214197839,151.482331609373,149.57601800095037,150.57981872558594,18539000
2020-01-28,151.4915390396227,152.32036250773626,150.561413676327,151.832275390625,16690400
2020-01-29,152.04413473332235,152.46775072476106,150.9390177681958,150.96664428710938,14944400
2020-01-30,149.96284329419385,151.1600439716503,149.12480141475973,150.96664428710938,21889700
2020-01-31,150.40490433634127,150.957448798482,147.37506476817134,147.8355255126953,30439000
2020-02-03,148.8208681221776,150.0456809241562,148.71956623041896,149.4839324951172,17373200
2020-02-04,151.31652823538732,152.2374492413135,151.17839570535415,151.7401580810547,15994200
2020-02-05,153.3149641287385,154.28193424134457,152.58744253194786,154.07933044433594,17807000
2020-02-06,154.6134913506551,154.85292585288892,153.57284568498062,153.72940063476562,14768900
2020-02-07,153.14002607725155,153.2044973256087,151.3994850495138,151.84153747558594,18029600
2020-02-10,151.54677040499175,152.77159712545458,151.45468672844098,152.6979217529297,11428800
2020-02-11,153.60045006360525,154.6779402987188,153.1215811281583,153.75701904296875,15005600
2020-02-12,154.7332215186147,154.98186018542688,154.051734606419,154.81610107421875,12123000
2020-02-13,153.99644084453223,155.58963055134032,153.89513895264605,155.2212677001953,12649300
2020-02-14,155.3594511775494,155.43312658235493,154.1069974001485,154.62271118164062,16006200
2020-02-18,154.2543222839623,154.77003597877754,153.26892971896984,154.29115295410156,13412100
2020-02-19,154.87133717195394,155.7646319792584,154.28194808743652,155.08314514160156,11084600
2020-02-20,154.62266693696836,155.736987794092,153.41626238929717,155.46070861816406,20383800
2020-02-21,154.85289658519306,155.29494888566109,153.1768272820484,153.8859405517578,18729900
2020-02-24,149.06032348689243,153.8491114784468,148.36042835152827,149.25372314453125,28239500
2020-02-25,149.66816257134326,149.889174732737,143.6269199227077,143.94923400878906,45047000
2020-02-26,144.6306698654287,145.95679857387452,142.02446131660787,142.28231811523438,39465000
2020-02-27,139.3814240525652,142.7519848394723,137.0514946274652,137.2725067138672,50530300
2020-02-28,133.3954480835025,137.33698989160663,132.52977986405233,134.75840759277344,72036400
2020-03-02,136.2687591165221,139.2709582278853,133.89277989684368,139.08677673339844,33569300
2020-03-03,139.14196636547538,142.0060315637722,134.73996460826743,136.25027465820312,42941300
2020-03-04,138.39607406988748,140.39447192562562,136.77525738031338,140.12741088867188,36195800
2020-03-05,137.06997203444396,140.42212620550322,133.98489300528374,135.67018127441406,32729400
2020-03-06,131.42467301403238,134.43607527500322,129.8406873971872,132.98101806640625,39688300
2020-03-09,123.52318510030271,125.4018584702658,119.95920992241841,120.05130767822266,56320000
2020-03-10,124.05734758426553,124.1402271508498,117.8963801961785,123.79947662353516,54432700
2020-03-11,120.56702756818014,121.81027707456754,114.35080814053384,115.92558288574219,51354800
2020-03-12,107.53596469418231,110.41845252707658,102.77480380912972,103.11554718017578,70114300
2020-03-13,108.95421159961748,110.47373335686599,100.88694497122796,110.0224838256836,57915100
2020-03-16,100.03048754961311,102.49855724562755,93.4090602663275,95.4258804321289,59095700
2020-03-17,96.65989469112367,101.76179931912039,92.65388861182963,99.80023956298828,59344800
2020-03-18,94.90093805040082,98.33597039377354,88.63867071176442,92.06449890136719,62296700
2020-03-19,91.77901228429613,98.3543892420792,88.12295391168226,95.65608978271484,62654700
2020-03-20,97.72816575268,100.1593972949054,92.5065369161065,93.38141632080078,76203700
2020-03-23,93.84188850652039,94.09974536457025,88.32557149701182,92.00004577636719,63534700
2020-03-24,97.03747973758446,100.68432723596163,92.02766562616277,100.4172592163086,73386700
2020-03-25,101.21231179967228,105.39096813456483,98.01359726172002,101.6653060913086,56043700
2020-03-26,103.11674388450892,108.71910367526692,102.80241627354886,107.98876190185547,51657600
2020-03-27,103.77312043463148,107.25841500638282,102.49733761789737,104.05970764160156,39931500
2020-03-30,104.68834646346484,106.55580417383564,102.43261503404324,106.3524169921875,41552100
2020-03-31,105.9456500777274,107.39708673134608,103.50501783283022,105.81622314453125,52948000
2020-04-01,100.49121555706087,102.0443459852405,97.56060858139872,98.60527801513672,54224200
2020-04-02,97.73626391131509,102.0535942956815,96.67310792064238,99.53900146484375,43774200
2020-04-03,98.5405616074845,99.84408499154036,94.85187933131535,96.7193374633789,42189200
2020-04-06,100.85174517715173,104.78079395698032,100.78703171467232,104.1244125366211,48708100
2020-04-07,108.05348115513091,109.68057186465442,103.90255789229509,104.39253234863281,57546100
2020-04-08,106.20452467777939,110.23526809254247,104.73460119812802,109.15362548828125,52822300
2020-04-09,112.71285206334905,115.19971108386943,112.16741102865979,114.37692260742188,69528600
2020-04-13,113.57265770044405,114.1828194499664,110.12434241147683,111.27994537353516,40198200
2020-04-14,114.54333368870883,115.44932219759168,112.13968163750863,113.53564453125,35089700
2020-04-15,108.95949653330959,110.11509953654489,107.85012047150009,108.9040298461914,34809900
2020-04-16,109.1721125174149,109.47719337225523,105.90869109417211,108.08123016357422,49501300
2020-04-17,112.69439454311774,113.45246975211712,110.99334343192383,112.8423080444336,46250200
2020-04-20,110.5588398851663,113.61888123313913,110.05037882905226,111.51106262207031,36700500
2020-04-21,108.5527148220754,110.23527240110259,107.68370621746169,108.84854888916016,31608900
2020-04-22,111.2337034781498,111.85310488975546,109.80075317656438,110.17054748535156,24333800
2020-04-23,111.03957789997368,113.61888455575931,110.6420501991915,111.25220489501953,38571200
2020-04-24,112.35232938250206,114.00715349569516,111.02107265384616,113.16587829589844,27147500
2020-04-27,114.58957883177892,118.74050945769001,114.50637880992177,117.64962005615234,39021300
2020-04-28,121.21811338267403,121.53244808228187,117.66810477369367,119.35990905761719,47292700
2020-04-29,123.40913843919616,126.51539930829092,121.92072147886994,125.2303695678711,50390500
2020-04-30,121.93919205726706,122.90066140957009,120.31210852337978,120.46926879882812,43727500
2020-05-01,117.54793164320625,117.83451891327972,113.9794292252492,115.6897201538086,43352000
2020-05-04,114.26600947289451,116.39232155820469,113.0179597937951,116.18893432617188,28498200
2020-05-05,118.39844053805656,120.108724121244,116.57720244671131,117.0856704711914,31209400
2020-05-06,117.86224454252788,118.51862611850457,115.56028562773069,116.22591400146484,29836800
2020-05-07,117.76978259187716,118.79595836065243,116.99322095779813,117.81600952148438,27493000
2020-05-08,120.33058329216394,122.72498834205926,119.43383460287902,122.36444091796875,32122900
2020-05-11,120.56172714678048,122.90990572908332,119.56328467751254,121.75430297851562,33983200
2020-05-12,122.27201258013744,122.29974591804701,117.2613206716076,117.38150787353516,44275300
2020-05-13,116.16118666741502,116.55871428468514,111.3169020466558,113.45245361328125,58719300
2020-05-14,110.91010773926558,113.96089413677572,108.33080208797593,113.82222747802734,55904300
2020-05-15,112.79607902849696,116.05025337961322,112.28761097992894,115.63423919677734,40236600
2020-05-18,121.52314661053708,123.31664380783744,120.94997232926677,122.6602554321289,46981100
2020-05-19,122.23504422527125,123.37215344297326,120.2381591796875,120.2381591796875,30270000
2020-05-20,122.70653400061576,124.78661921412038,122.38297365351455,123.88063049316406,35901300
2020-05-21,123.92684703297611,124.86056901658903,122.56785701231922,124.10250091552734,32716500
2020-05-22,124.4999819839724,124.85128963754961,122.974592415553,124.703369140625,24035200
2020-05-26,129.51070624929628,129.77881398327446,124.79585555737123,128.2996368408203,36971000
2020-05-27,130.87894644040048,132.66319024188206,126.9591369953395,132.28414916992188,42682000
2020-05-28,133.80954416568147,133.80954416568147,127.19024894742398,129.150146484375,42105000
2020-05-29,127.85591778292968,128.76190657832373,126.10864662428594,128.4105987548828,41536400
2020-06-01,128.74337269079894,130.9713779464067,128.14246496594816,129.64012145996094,25567500
2020-06-02,130.41675837250818,131.13785362344,129.02078071234516,130.71258544921875,24666200
2020-06-03,132.82035138800683,135.0391170551644,132.3026436309469,133.86502075195312,36111700
2020-06-04,132.9775063217539,134.60460390026722,132.3673447298114,133.67086791992188,28904700
2020-06-05,139.46736976113345,140.817119830024,138.25630047072246,138.83871459960938,53513400
2020-06-08,140.84486864140763,141.80632392138838,140.17924032969833,141.5289764404297,33834300
2020-06-09,139.46735352780618,140.3086355239717,137.803283125082,138.91265869140625,39646000
2020-06-10,138.75556841092288,138.91272873563713,134.88198466393132,135.14083862304688,51774500
2020-06-11,129.56617676214745,130.379725625248,124.5924720389093,124.83283233642578,72041500
2020-06-12,129.73258655937423,130.37048152330135,124.0192793275073,127.82815551757812,63864900
2020-06-15,123.63162716405482,131.77602651523114,123.63162716405482,130.7834930419922,57354800
2020-06-16,136.0709046553468,136.0709046553468,130.8206367036271,133.92813110351562,48957000
2020-06-17,134.12286681805074,134.49391859215388,131.0895981820084,131.50701904296875,34811400
2020-06-18,130.20838584715972,132.93555679250758,129.68892741074694,131.46066284179688,26974100
2020-06-19,133.96518256443758,134.04866391043197,129.71673505563106,130.7834930419922,50293800
2020-06-22,130.0878523567363,132.23989723305462,128.77992066082746,132.0914764404297,28983200
2020-06-23,133.87249101876847,134.1878745718501,132.32337207295706,132.64804077148438,20344200
2020-06-24,130.88557033556953,131.3493746044352,126.44231751349378,128.3439178466797,42998700
2020-06-25,127.74095489757609,130.4031863909102,126.42373855611538,130.2825927734375,37191200
2020-06-26,129.38280702355982,129.70747560353806,126.60926715156161,126.77622985839844,39100100
2020-06-29,128.66857150813763,131.71112602513898,127.1751213701927,130.9226531982422,33935200
2020-06-30,130.48666480369096,133.22310660341915,130.41245443724185,132.81495666503906,32865900
2020-07-01,133.25094727558493,134.04869110333271,131.01542168345009,131.55343627929688,26457500
2020-07-02,134.0951146783089,134.7629940909353,131.61840108739676,132.0914764404297,24022400
2020-07-06,134.8000995020882,135.15258117389158,132.58310117988174,133.04690551757812,19858200
2020-07-07,131.88737415814109,133.05616996600725,130.31044248610345,130.69076538085938,22661000
2020-07-08,130.57014865340122,132.1841923076096,129.03032952124056,131.66473388671875,27358900
2020-07-09,131.73895987671673,132.04507237265184,127.30499248865453,129.0025177001953,34647800
2020-07-10,129.067429044285,131.2565853807603,128.4366621417622,131.08033752441406,24008200
2020-07-13,132.46249176980047,134.16928795016162,129.29934350387617,129.41993713378906,34235500
2020-07-14,129.33644475812753,131.7018492346496,128.60364028004943,131.56271362304688,28114000
2020-07-15,134.8928259980841,137.08198261819132,134.30842811536345,136.3862762451172,40770100
2020-07-16,135.53287089715644,136.05232936334326,134.39191646934026,135.57925415039062,30530800
2020-07-17,136.06160025974012,136.90572734381018,134.97630007487072,135.97811889648438,20644100
2020-07-20,135.54212911469116,136.2192934089048,134.64234787262015,135.3937225341797,19663300
2020-07-21,136.79438443831384,138.36204458449794,136.54392625738706,137.3138427734375,24503800
2020-07-22,136.44192743167392,137.90755052326375,136.38627318774476,137.38809204101562,24424800
2020-07-23,137.26752290978402,139.32681522780578,136.08018498010105,137.52725219726562,21704900
2020-07-24,136.6274336267006,136.97992934447433,135.02267507409718,135.50503540039062,20015500
2020-07-27,135.60709238787052,136.99850517386685,134.86500273783594,136.91502380371094,13370700
2020-07-28,136.42339165024742,137.32315889161106,135.48649798760772,135.5514373779297,13268000
2020-07-29,136.35844452104772,138.6310824322288,136.3398883885542,138.538330078125,19864400
2020-07-30,136.48833685864005,138.32499803140087,135.73697611315538,137.99105834960938,23618900
2020-07-31,137.41588559763392,137.67561477531626,134.19708383759348,136.69235229492188,29881500
2020-08-03,137.55503943696178,139.1134288641453,136.56250583779018,138.9186248779297,20777100
2020-08-04,138.57542307092146,140.00393382816176,138.25075445809435,139.8740692138672,20285000
2020-08-05,141.26549336680313,142.74967264034447,140.7924181235258,142.6569061279297,18190200
2020-08-06,142.66621198196165,143.25988094672223,141.84064085668237,142.6012725830078,18237700
2020-08-07,142.3414826826943,144.93878860533766,142.06319737773634,144.8645782470703,20475200
2020-08-10,145.30985180755783,147.33204550212665,145.30985180755783,146.36732482910156,24000500
2020-08-11,147.74019210204972,148.25037954691476,144.8553294456463,145.52320861816406,30359400
2020-08-12,147.18362634585762,147.38770133065168,145.1614467836744,146.11688232421875,23378300
2020-08-13,145.62527213547372,147.05378308224007,145.30987446961498,145.810791015625,15799900
2020-08-14,144.9666417688656,146.3394982580482,144.5863189222237,145.71800231933594,13360900
2020-08-17,146.09833787424864,146.58996924396706,145.39336051398013,146.46937561035156,9744200
2020-08-18,146.423009727854,146.423009727854,144.43792807228152,145.06869506835938,14670400
2020-08-19,145.56958850367084,146.5992344581031,144.88316730350388,145.0779571533203,14337300
2020-08-20,143.59377211923032,145.1614324594636,143.35258489508377,144.48426818847656,15413000
2020-08-21,143.9184285216867,144.44717207034677,142.48064691570937,143.4175262451172,20685100
2020-08-24,144.57706220950854,144.95738509370452,143.15782232866266,144.92027282714844,13707100
2020-08-25,145.45828001806146,145.46756516131677,143.5845069699399,145.0779571533203,16269700
2020-08-26,145.1707029675704,145.421161178672,143.9462531836779,144.16888427734375,13772700
2020-08-27,144.81820486257436,145.63450470490747,143.436077539018,144.52137756347656,17508400
2020-08-28,145.2635033584817,145.82005999124698,144.45647430198827,145.745849609375,12371400
2020-08-31,145.8107614049225,145.9777241168975,144.05758215828305,144.17816162109375,17051500
2020-09-01,143.9833996016028,145.9220980651888,143.2691370582142,145.829345703125,15638800
2020-09-02,146.52504158564795,147.47119204331347,144.87388547101173,146.9888458251953,16763400
2020-09-03,146.67347750888896,146.83116928335983,141.88702755700515,142.6476593017578,32117600
2020-09-04,144.43796174787343,144.60492452546268,138.4827012385092,141.73861694335938,30618800
2020-09-08,140.23583406902182,141.44172784523403,138.21365450847526,139.0113983154297,26447800
2020-09-09,140.4676978721571,141.71997455871954,139.66996843690313,141.11703491210938,20160800
2020-09-10,141.76643997179465,142.74043194211328,139.1969598978001,139.2804412841797,23005500
2020-09-11,139.99468486662215,140.11527851107797,136.98922797896788,138.35281372070312,20851000
2020-09-14,139.6885260676207,142.3229301590269,139.48445111576174,141.99827575683594,21991300
2020-09-15,143.20419706010244,143.50102440396896,141.79422825273699,142.26730346679688,16175500
2020-09-16,142.95374222074742,145.49539453014918,142.70328397007572,143.6123504638672,22178400
2020-09-17,141.571600092797,143.22274203625463,140.7645852536301,142.56414794921875,20002900
2020-09-18,142.83315210182707,144.04831696564955,140.1987473729405,142.19309997558594,38352800
2020-09-21,138.974271374933,139.38240710533788,135.73691356692424,137.21180725097656,40652500
2020-09-22,137.88894910307178,138.49190290736487,135.95025142063736,138.26927185058594,19385800
2020-09-23,138.19111042990528,139.14086725860622,134.06613434618149,134.1499481201172,33403400
2020-09-24,134.1220007233836,136.44055483419893,132.3062724236523,134.1499481201172,31723700
2020-09-25,133.56332746986462,136.73853262912138,133.4795279010959,136.32882690429688,20689300
2020-09-28,138.15382005829207,140.081294809259,136.31946538338175,139.69021606445312,17600900
2020-09-29,139.53194518328644,139.9323303152355,137.80932296299656,139.0570526123047,18683800
2020-09-30,139.57850064228415,141.50597582839072,138.26559820551444,139.47607421875,29073700
2020-10-01,140.42582952927378,141.72011916853148,139.19672679231493,141.7014923095703,25872000
2020-10-02,139.1222703378235,143.00514028192862,138.7311914450504,142.32540893554688,29452000
2020-10-05,143.85245310273334,146.4782720031039,143.8431325687898,146.2548065185547,18553600
2020-10-06,147.58632493096425,149.92349127078018,145.5750504683261,145.8357696533203,36348000
2020-10-07,147.67018345968918,149.50453902053573,147.54914435211208,149.0203399658203,27049700
2020-10-08,150.58459098528508,151.10602929023855,149.52308751930744,150.71495056152344,37278600
2020-10-09,152.10239881381517,152.43761126782763,150.6684289018217,151.4971466064453,25038100
2020-10-12,152.14898499983815,152.93115707203467,151.4040808672862,152.5121307373047,20336200
2020-10-13,151.329547483505,151.98134553071483,150.36114963496595,151.4971466064453,20106500
2020-10-14,151.78579608281515,152.62383430573695,149.85833516554496,149.9980010986328,19024900
2020-10-15,148.3219512921419,151.94410161116087,147.87500606066965,151.54371643066406,22865100
2020-10-16,151.97201853943676,152.42827000637732,151.1339804142949,151.17123413085938,17637900
2020-10-19,151.66474935736758,152.7355593453602,149.01098309755162,149.3648223876953,18360600
2020-10-20,150.435653056877,151.26437081761742,149.29965600847336,149.69073486328125,18927700
2020-10-21,149.79312662996242,150.25869861720852,148.32191744528916,148.40573120117188,17504100
2020-10-22,149.11340316832275,151.02225125573455,148.21949865530433,150.9663848876953,20673900
2020-10-23,151.8416748046875,152.08376715511892,150.14698572727352,151.8416748046875,20889800
2020-10-26,149.83970398354472,150.25871597885507,146.54346018455465,148.5640411376953,26509900
2020-10-27,148.47090214891867,149.03890053501888,147.06487987886106,147.28834533691406,20523000
2020-10-28,144.01075817609643,144.73704947910443,142.5022949860449,142.7537078857422,32338700
2020-10-29,142.25091057696113,145.0629559727384,141.22664622211934,144.4577178955078,27203200
2020-10-30,143.69417621010822,144.5880666634464,140.96591638335352,142.54885864257812,31764500
2020-11-02,144.11316203922928,145.15603878117372,143.0888979475839,145.0908660888672,25252100
2020-11-03,147.521145044371,150.12835122639962,147.17662629241963,149.20652770996094,30257400
2020-11-04,146.88796227820325,151.17123025292722,146.85072277072396,149.37411499023438,45226300
2020-11-05,150.85466598419904,154.17885758173313,150.7615600895373,153.55499267578125,31911000
2020-11-06,154.21607844882843,154.29989221446124,152.05583156493128,152.35379028320312,24930400
2020-11-09,164.76593315659704,165.83675731525855,157.6706201993476,157.87547302246094,55052700
2020-11-10,159.41186238235596,161.39520380353196,158.06170631875568,160.80857849121094,35492200
2020-11-11,161.4045431910937,161.53490281963084,159.09530939637827,160.74343872070312,23972600
2020-11-12,159.59813266902836,160.75275675453355,156.74883328913285,158.27590942382812,33986800
2020-11-13,159.55154323271375,162.14012262940147,159.51428951309074,161.55349731445312,25440400
2020-11-16,164.33762048401402,165.5387900714422,163.32266265907782,165.3991241455078,31812300
2020-11-17,163.91861564537308,166.4885826824293,162.27980699900434,166.1719970703125,26154500
2020-11-18,166.61892155113603,167.34521278643544,163.7509961210249,163.8441162109375,24377800
2020-11-19,163.55546308368966,165.3618849949519,163.01541198374412,165.10116577148438,20187600
2020-11-20,164.5052400587166,165.68779714187792,163.7230823599261,165.27809143066406,24898800
2020-11-23,166.9075733193139,169.45891316726707,166.42337442820022,168.36947631835938,24816000
2020-11-24,170.76250336316113,172.67135146930298,169.80342614739632,171.5353546142578,34945400
2020-11-25,170.86496141792793,171.6191859497957,169.36581868130364,170.94876098632812,21082700
2020-11-27,171.06981079117648,171.78679579184632,170.6042386987137,171.675048828125,10384400
2020-11-30,171.16293166889423,171.6285037634677,167.90392700687994,168.55572509765625,25481600
2020-12-01,170.95801785470374,171.53532249953153,168.55566499829953,170.11997985839844,30265000
2020-12-02,169.42165834817897,170.84630761889537,168.31359464692602,170.29693603515625,20142800
2020-12-03,170.7159467089406,172.42924835090787,170.34349477221056,171.25601196289062,19603600
2020-12-04,172.2803013154887,175.47411905437127,171.25603702737703,175.2413330078125,24415700
2020-12-07,175.2692554026624,175.93968031211367,174.53365779241742,175.408935546875,14671500
2020-12-08,174.23570482273348,177.82992214055452,174.19846530488738,177.66232299804688,20165600
2020-12-09,178.79831366925555,179.5339113373514,174.96198989499297,176.36802673339844,29507600
2020-12-10,174.83159948425256,178.45374922425077,174.4125875087204,178.07199096679688,21245300
2020-12-11,176.9080639251697,178.51893916022917,175.33442820069078,177.19671630859375,30865000
2020-12-14,179.3002175819849,180.38370458882758,177.3573921608807,177.40408325195312,32237700
2020-12-15,179.11338139554047,182.04629714632716,178.15131125850485,181.84080505371094,26807000
2020-12-16,182.2611930999758,182.3359188152084,180.2343061763873,181.18702697753906,25494600
2020-12-17,181.8875195541674,183.42871032641116,181.2617078778512,183.34463500976562,23834200
2020-12-18,183.6435532840058,184.78309531383758,181.95292522814063,182.45730590820312,37033400
2020-12-21,179.24416937524524,182.8682875331998,178.8518701291476,182.36390686035156,30873000
2020-12-22,183.06443035807263,184.68033256485575,182.50399476200707,184.43748474121094,21919700
2020-12-23,185.47426714046512,186.48302833613477,184.84844126092835,186.0066680908203,18392000
2020-12-24,186.74457805050454,186.75392767050405,184.99790940693595,185.88525390625,8904900
2020-12-28,187.89343371897303,187.91210445046582,185.0632643789353,185.19403076171875,27168400
2020-12-29,185.53964023188752,185.87589870919885,180.68258442264326,181.60728454589844,33901300
2020-12-30,182.18646322557746,184.45619798250112,182.16777823407764,183.45677185058594,20595700
2020-12-31,183.65287214047223,183.8583642422926,181.78477248935573,183.1298065185547,24747700
2021-01-04,184.51220261487504,184.83912576605067,178.34748210567375,180.7386474609375,33664200
2021-01-05,180.35570051635148,184.58694562833855,180.33702977922476,183.53147888183594,27442900
2021-01-06,186.32430405943975,193.14287242410103,186.02541544818692,191.041259765625,52952200
2021-01-07,192.14342246088478,194.76810055331194,192.13407283975576,194.44117736816406,24031400
2021-01-08,195.5153290247998,195.93564862310484,191.16265313442076,194.02084350585938,29017000
2021-01-11,191.56428754086457,194.39445755290848,191.3214397015945,193.8527069091797,20945100
2021-01-12,194.76805958567087,197.44877783112307,194.74003923312014,197.3273468017578,24892200
2021-01-13,197.48612785984065,197.76634562974164,195.39386558317813,195.91693115234375,22782200
2021-01-14,197.30865049506613,200.82067200008672,197.2059044648744,199.83058166503906,33913700
2021-01-15,196.9070538962757,199.84931958430974,194.52522384000153,196.85101318359375,41043500
2021-01-19,199.2701940086247,199.5223914618919,197.75703779396116,199.37294006347656,19744300
2021-01-20,200.2229256897211,201.73608188044133,199.018007658679,200.25094604492188,25474200
2021-01-21,200.79269472392446,200.97016647345902,197.97186022375328,198.51361083984375,21180500
2021-01-22,196.6081497146575,201.12894737623242,195.73014061251916,200.82070922851562,24800200
2021-01-25,200.75532390172714,203.53880266773382,197.64495049789966,200.6245574951172,33985000
2021-01-26,202.03498338427107,202.39926225202794,198.73778858695485,199.2328338623047,23969800
2021-01-27,195.68348032582497,198.94332004543637,193.6192234985554,195.5807342529297,45830300
2021-01-28,196.93506082028338,198.36415590607967,193.9367688765418,194.9548797607422,32202500
2021-01-29,195.89828228604787,197.0751942861332,191.330778827666,192.0032958984375,40591900
2021-02-01,194.44117646078897,197.61695484357153,192.1901126597745,196.7202606201172,26375100
2021-02-02,199.09274590277005,199.9333994293568,196.98179809617685,199.5224151611328,22773100
2021-02-03,199.60644796015552,200.57786777515133,197.63560222763059,200.12017822265625,23923200
2021-02-04,200.90474061115674,204.39809151673794,200.89540524532103,204.20193481445312,25400800
2021-02-05,206.36895241509765,207.20959148246945,204.34206618390607,207.03211975097656,23338800
2021-02-08,209.03100354848243,212.3375479021842,208.66672468773248,212.31886291503906,20831500
2021-02-09,212.1507209120805,214.47649563109766,211.3847932880488,213.3182830810547,19510900
2021-02-10,214.75671069866092,215.13033913950997,210.11448243306114,211.91720581054688,27955400
2021-02-11,213.09413723760196,213.89742069765703,208.6854207013653,211.67437744140625,25847600
2021-02-12,211.02989813682774,212.72054051659705,209.8249799737025,212.27218627929688,17440200
2021-02-16,214.33641851804126,214.48586991344746,209.9650578434621,210.9364776611328,22999500
2021-02-17,208.86288355099853,209.91836442218815,206.38765719662476,209.283203125,25042300
2021-02-18,207.67665584183592,208.1997215167656,204.9212114276716,206.0420684814453,24501500
2021-02-19,207.78873202974356,211.37547996630835,207.51784959690872,210.33868408203125,31238200
2021-02-22,208.7694834722144,211.45955168642945,208.2744381761915,208.9749755859375,23272100
2021-02-23,206.38764402043392,208.2744142992689,201.34376669701913,207.13487243652344,38646800
2021-02-24,207.9381842680013,212.4496469972676,207.08820969050768,212.02932739257812,27584900
2021-02-25,211.8331632909062,212.58040603579408,203.63220659013066,204.19264221191406,49961400
2021-02-26,205.04262110754277,207.57388814614302,200.64324017072943,203.91241455078125,47734200
2021-03-01,208.7414748921491,211.7584664354369,208.23709419976427,211.16067504882812,26161000
2021-03-02,210.8991252022504,211.05792623085213,206.93876266234554,207.09754943847656,26895400
2021-03-03,207.75136568225972,209.4700139836448,204.75307364867055,204.85581970214844,33407600
2021-03-04,204.0992500313607,206.1354863395095,195.6180747506407,199.13011169433594,59126500
2021-03-05,202.58607726451152,203.76297497871246,193.54448129579797,203.3520050048828,53204300
2021-03-08,204.89313210198716,207.61122000816357,203.31458591072047,204.31402587890625,40619700
2021-03-09,207.7419973577957,210.15184729595018,206.3502581728342,208.61065673828125,32247300
2021-03-10,210.72167639131408,213.86942019145587,210.3480478563378,212.23483276367188,36812000
2021-03-11,214.41111822972593,216.96107000024298,213.70123131381754,216.905029296875,25256700
2021-03-12,216.69019092505266,218.70772740692135,216.11107043035602,218.18466186523438,23732200
2021-03-15,217.95121578087657,219.06273752150062,216.61553116985533,218.95999145507812,21497400
2021-03-16,218.58630544955008,218.65168151447506,214.0094535635328,215.29844665527344,24675000
2021-03-17,213.86938233524228,217.46547974082392,212.3655615977678,216.98910522460938,29422600
2021-03-18,215.57870606888298,217.5682225377547,209.79693527496173,210.38539123535156,35637200
2021-03-19,209.75958820749742,213.52380808037475,208.2464177115544,211.97328186035156,40855600
2021-03-22,212.6644413882422,213.05675482753455,209.3205558073408,210.3760223388672,26128400
2021-03-23,208.44259893881423,209.09643108053513,201.78281795731652,202.74488830566406,43660700
2021-03-24,205.3602159346291,206.7332704569147,198.05593872070312,198.05593872070312,47270200
2021-03-25,195.90172091329904,203.55662518147457,194.67581673535824,202.7518310546875,59244600
2021-03-26,204.90416740119443,206.51374120764893,202.09674831389563,206.4482421875,34452600
2021-03-29,204.95095467504123,206.74770125085738,200.3374359736799,200.6368865966797,38078800
2021-03-30,200.62752230948925,204.64212525818783,199.45776437488024,204.01513671875,36205400
2021-03-31,205.1006532479352,208.12330342469727,205.05386007977535,206.7570343017578,34800100
2021-04-01,208.1233583008322,209.5270680401254,207.7677615434508,209.37734985351562,29799200
2021-04-05,211.86654702556098,211.99755934035838,209.2182276821039,210.52835083007812,27826600
2021-04-06,210.55642949365932,212.13794451542853,209.47089069680013,209.9107208251953,24907800
2021-04-07,209.83586544440053,209.966877769461,205.82126226419012,206.5231170654297,26233700
2021-04-08,207.5992591160207,208.51635953995597,205.3065366147234,208.27304077148438,23989400
2021-04-09,208.20759063849857,208.769065963688,207.03783252859498,208.30116271972656,23267400
2021-04-12,208.4227752716609,208.61928659354865,206.25169785376394,207.48696899414062,20533900
2021-04-13,207.26238459639387,208.2824243612649,204.78250350218022,206.9442138671875,24608400
2021-04-14,207.62733764032893,211.49222219944656,207.5618386250455,208.98426818847656,27362000
2021-04-15,210.64063090770742,210.66870395360178,207.99229743726534,209.89198303222656,20587300
2021-04-16,210.930736568458,211.192761192924,208.69416005866347,210.2288818359375,23943000
2021-04-19,209.3492447438373,210.23825792006872,205.82125080778502,207.496337890625,25285900
2021-04-20,206.59800700920636,207.39343397436534,201.42299815630037,203.24781799316406,35570800
2021-04-21,203.08873376195643,208.32924167525567,201.66630386181092,208.21694946289062,31147800
2021-04-22,208.92812010052774,210.86524609481376,206.60732435583282,207.35597229003906,31943700
2021-04-23,208.51638045026183,212.1005062512268,207.76773250475227,211.26763916015625,27999500
2021-04-26,212.42805120761565,214.00956629644404,212.19409960936937,213.466796875,19069200
2021-04-27,214.0282919517276,214.66463346134603,212.90531282771644,213.78497314453125,19648100
2021-04-28,213.43874034693502,214.7582308902055,212.52165400901814,214.1499481201172,16222700
2021-04-29,216.03085253532737,216.1244245815084,211.295661485392,213.3544464111328,25500300
2021-04-30,211.23022751644197,213.17670659508906,209.75165165056754,210.45350646972656,27006000
2021-05-03,212.62459519663682,212.81175363554354,210.48159037522487,211.48291015625,18693400
2021-05-04,210.18211032034964,211.6232458054902,206.77577580347307,208.95619201660156,26892700
2021-05-05,209.88265738612085,210.12596190858173,207.15010442287632,208.1233367919922,25139500
2021-05-06,208.35730882431812,208.50704128941152,204.60472994828598,208.30116271972656,27647300
2021-05-07,208.3666394533518,211.4267158506475,207.89873629152137,210.92138671875,26172700
2021-05-10,210.77162183804754,211.18337884176424,205.49367555615075,205.55918884277344,28109100
2021-05-11,201.12346403571297,206.2423250219418,200.6555609421218,204.9041290283203,39519500
2021-05-12,203.16356314359942,204.72635802571676,197.96046787254275,198.25057983398438,42113400
2021-05-13,199.6168378821357,203.4817224378554,198.20377552160951,201.90020751953125,37739900
2021-05-14,203.94963915354026,207.19688834550544,201.83470765395649,206.83192443847656,25070400
2021-05-17,205.67152110451968,207.17816991855818,203.91220057453708,207.1126708984375,20048500
2021-05-18,207.17817324480535,208.90942075406403,205.3814267143744,205.54051208496094,24564500
2021-05-19,202.16225308035925,204.1555252583657,200.30936042827105,203.95899963378906,31202800
2021-05-20,204.25845126892435,205.75573282658792,202.44298470740392,205.31590270996094,24932800
2021-05-21,207.12204734365287,208.09527978781065,205.2691545346038,205.84934997558594,24213700
2021-05-24,206.98163672433577,208.17011475881236,205.8773921116056,207.18751525878906,18324200
2021-05-25,207.96423668913013,209.34924033841526,205.11939172920043,205.1848907470703,20514900
2021-05-26,205.9990318709499,209.33049979565948,205.98966466983114,209.0123291015625,20388200
2021-05-27,210.59386090770022,211.82913218003898,209.78906685188704,211.16470336914062,21225700
2021-05-28,212.5029135560111,212.59648562603923,210.6032277552479,211.0243377685547,20668400
2021-06-01,212.85853813391324,213.88791664555518,211.45482848045089,213.42001342773438,23081500
2021-06-02,214.21543786077837,214.22479078386522,212.26895891332137,213.67266845703125,18927500
2021-06-03,212.25961555324545,213.008249253535,209.65806061143084,211.88528442382812,24811500
2021-06-04,212.95211588356904,213.4200191138561,211.68878572935796,212.80238342285156,19395800
2021-06-07,213.26089337471498,215.96537296284737,212.66197792444842,215.65655517578125,24049900
2021-06-08,216.3677935841784,218.49206372857716,215.21674148665622,217.93994140625,27770300
2021-06-09,218.54821206383906,218.64179841198984,216.15255005560658,216.48944091796875,18700600
2021-06-10,217.13332156551604,217.6019276783222,214.3498144121132,214.88401794433594,29069000
2021-06-11,215.8399322008202,217.2457502382106,215.62437743928876,217.1520233154297,16707200
2021-06-14,217.72373728817743,218.69844586547367,215.68998877878704,216.51473999023438,19182800
2021-06-15,216.60848586281497,216.93651586336435,214.134246149455,215.89620971679688,17039900
2021-06-16,215.277611087904,216.19607491856962,213.3469564986447,215.4369354248047,24527000
2021-06-17,214.84652661888563,215.74624230883967,210.4228839578964,213.01895141601562,48292500
2021-06-18,209.6543686148711,211.56628953257007,207.2457406704212,208.18295288085938,54023700
2021-06-21,209.9824074651407,213.21578686738036,209.26075002846378,212.6347198486328,26736400
2021-06-22,212.0629788822006,214.0686121380717,210.61029731493258,213.60000610351562,21188500
2021-06-23,213.6750175315957,215.5213267347578,213.6750175315957,214.30294799804688,22387500
2021-06-24,215.67126954154182,217.34888740858946,214.35917816568622,217.33013916015625,21732500
2021-06-25,217.70498464818718,218.75467188722135,217.1988964245638,217.69561767578125,27619000
2021-06-28,217.65814554659877,217.98616120462333,214.40601838126028,215.97116088867188,25006000
2021-06-29,216.71156171697476,217.18016779257303,214.40602783343587,214.9402313232422,18844300
2021-06-30,214.2935745683375,215.8587316055528,213.45945624048946,214.96836853027344,26039000
2021-07-01,216.3179264863971,217.29263509670557,215.28700173789326,216.86151123046875,18089100
2021-07-02,217.43320047221752,217.50817915398414,214.20918865985888,214.7996368408203,21029700
2021-07-06,214.95898405266365,215.05271099002667,209.81368408704782,211.67874145507812,27771300
2021-07-07,211.37882303884507,212.4378773496875,207.87365873339073,209.71058654785156,28521500
2021-07-08,205.5399861084597,210.01049188937816,204.171664432586,207.77992248535156,42297900
2021-07-09,210.08546468463678,212.23167406981813,209.3169439095703,212.16607666015625,23976400
2021-07-12,211.39753818939587,212.64403187584537,210.4509592097855,212.34413146972656,16831000
2021-07-13,211.0883256327236,211.56631306567795,208.2673217137771,208.34230041503906,25357500
2021-07-14,209.66374231491284,210.27292450940033,204.82772405158923,205.12762451171875,30594100
2021-07-15,204.15292418884763,205.30569112823204,201.44438164952234,203.96548461914062,45477000
2021-07-16,206.0273349148747,206.07419837939486,201.00387755375652,201.4537353515625,36620200
2021-07-19,197.40497318123363,200.98511567635543,195.92417646730306,198.43589782714844,58571000
2021-07-20,198.87641449645872,205.502511232206,197.9954327912121,204.59341430664062,40794600
2021-07-21,205.67120057979653,208.2672822031769,205.58685491965002,208.11732482910156,28278700
2021-07-22,207.5643812991273,207.99549089071948,203.91862651465996,204.80897521972656,32879000
2021-07-23,206.06482353669222,206.13980222211998,203.2906836794748,205.76492309570312,23660300
2021-07-26,206.55218566405705,208.10796126897833,205.39003744699733,206.36474609375,22194200
2021-07-27,205.25882476090243,205.32443647477032,201.85675443165056,203.9561004638672,35063600
2021-07-28,205.24945203245514,208.61404007423857,203.74990693658683,206.95518493652344,33043700
2021-07-29,208.80148363322675,210.34789222432994,208.19230147052443,208.54844665527344,22634800
2021-07-30,207.73306455166266,209.98238226204273,206.44908849954922,207.17074584960938,28473000
2021-08-02,208.50156411651562,210.45096687985665,205.84925232171264,206.13978576660156,24192600
2021-08-03,206.76773971725046,207.23634579170763,203.4687632495922,206.99267578125,27798600
2021-08-04,205.3432047504878,207.31134184765935,204.20917166297752,204.4153594970703,25588500
2021-08-05,205.333842169607,208.47350913763066,204.94958168920292,208.08924865722656,23915200
2021-08-06,209.70121224347915,211.06954823356438,208.192300155419,209.3638153076172,24429200
2021-08-09,208.92332036180656,209.17637163391208,207.32069567348907,208.21104431152344,17225600
2021-08-10,208.66091053805553,209.20449529602078,207.3019557935035,208.62342834472656,22681600
2021-08-11,209.01704337350088,209.6824559459963,206.6271496946331,209.6449737548828,25691300
2021-08-12,209.71052717123177,209.78550583845117,207.789254239019,209.14820861816406,23269500
2021-08-13,208.97956143808105,209.2794761907655,206.84271887773306,207.2457275390625,20813700
2021-08-16,205.9711090923781,206.4303338730881,203.98420969783703,205.3150634765625,24074400
2021-08-17,203.05635211525606,203.78737631954522,200.32906180655888,202.8126678466797,35161500
2021-08-18,202.53154471549067,204.34972421445607,200.91015745246597,201.04136657714844,29102300
2021-08-19,199.09193039779845,200.62897174551637,197.45180946286106,198.63270568847656,38119900
2021-08-20,198.78271208652185,202.45658217126314,198.14540035816543,201.98797607421875,31759500
2021-08-23,203.82490238094988,206.13045065279476,203.78742018579607,205.83053588867188,25778800
2021-08-24,206.48658247915307,207.986113300425,205.89613426350058,207.8549041748047,18677900
2021-08-25,207.845530976114,209.9073947315543,206.98329756204703,208.58592224121094,21548000
2021-08-26,208.19230887067397,209.14826927908788,205.9430054045829,206.37411499023438,22380300
2021-08-27,206.795847667963,212.77526554406734,206.72088328332092,212.19419860839844,33998500
2021-08-30,212.98145552595486,213.07518245879638,210.8539799968069,211.3225860595703,20733300
2021-08-31,211.0976878993111,212.38166407858003,210.24482133757135,211.7349853515625,20839800
2021-09-01,212.58784588214945,213.90931852154495,210.75090367057234,213.1595458984375,20451500
2021-09-02,213.99362597224388,215.40881099884882,213.3094651899218,214.6403045654297,22810100
2021-09-03,213.91869688231677,214.59349084896076,212.92525418162535,213.64691162109375,18213100
2021-09-07,213.42192401030246,214.62155426124215,212.04422118605257,212.17543029785156,19153400
2021-09-08,211.4444408013169,211.78183775862368,208.6515525051635,209.8605499267578,25241500
2021-09-09,209.50441024801563,212.0817438146521,208.9608397531434,209.75746154785156,27180500
2021-09-10,211.0226796346308,211.1445074830052,207.61122816643518,207.70494079589844,24366100
2021-09-13,209.19511544386637,209.35443978196986,206.42096138447494,208.88583374023438,34693100
2021-09-14,209.7011838876225,209.71993213172473,205.3150386152349,206.22412109375,30312600
2021-09-15,206.20545705684737,208.75467569160256,205.68062044981983,208.08924865722656,27572000
2021-09-16,208.30477893634003,209.31696983091763,206.4303545317274,208.2391815185547,22369000
2021-09-17,207.70492238726695,209.0263947618572,206.78645861588782,208.51092529296875,39957600
2021-09-20,203.79678586348464,205.24010063038293,200.7695945235743,203.55311584472656,44958500
2021-09-21,205.0339114585823,205.52125149289458,202.26913840342579,203.86239624023438,26711200
2021-09-22,205.1370083025811,208.5765753167379,205.12762702823755,207.03016662597656,32100300
2021-09-23,208.2297537367153,211.48188049642545,207.648686877296,210.6946258544922,31057800
2021-09-24,209.65029691598562,210.90996252769412,208.54102864808777,209.67849731445312,28866000
2021-09-27,210.2142826282371,214.0308888928286,210.12968144756482,212.865234375,29743200
2021-09-28,211.8969931459049,212.0756052100115,207.6103609835316,208.0239715576172,39938200
2021-09-29,208.9452249571233,209.31184442280406,206.971111314814,207.5821533203125,23628900
2021-09-30,208.80419889204842,209.26482921215467,205.49522850547518,205.63623046875,33153600
2021-10-01,206.7642989166504,210.10148419663656,204.68679339193542,208.95462036132812,32647000
2021-10-04,208.8230417847235,208.99225851536923,205.80547012729616,207.0557403564453,32580200
2021-10-05,207.71375607345766,209.6878553349719,206.69849887723083,207.77015686035156,20407600
2021-10-06,205.6456141540893,206.99929030092756,203.76551158215707,206.68907165527344,32893300
2021-10-07,208.24959999089154,211.46457428140286,208.09918831385022,209.87588500976562,24289300
2021-10-08,209.9980757741719,210.67491391068572,208.22137925183455,208.2965850830078,17989600
2021-10-11,208.5316196800169,210.14850935879892,207.04633663350563,207.1027374267578,15929800
2021-10-12,207.61034067395528,209.13321922896785,207.14971036127048,208.24017333984375,18800600
2021-10-13,208.5880219401669,209.34946134252021,206.65151818997268,209.22726440429688,19676200
2021-10-14,211.2765537523908,212.45161801130288,210.87233853246718,212.32940673828125,18160000
2021-10-15,214.3128940272273,214.71712355016567,211.56794591832056,211.66195678710938,27555300
2021-10-18,210.45869585616498,212.15077677095462,210.31767955056924,211.5397491455078,19082600
2021-10-19,212.43281296682736,213.27886783967173,211.1449471291545,212.32940673828125,15498400
2021-10-20,212.4234507741241,214.3129492335329,211.62440121572052,213.73951721191406,18130500
2021-10-21,213.57029505294298,215.28118126373954,213.03445883168527,214.28472900390625,17851600
2021-10-22,214.14370380916276,214.69833067192462,212.16019485531248,213.77708435058594,16887000
2021-10-25,214.1343426992599,216.19305795068553,213.65492155820755,215.80764770507812,16387100
2021-10-26,216.24001976767954,216.88865752084752,214.14370918747755,214.18130493164062,25290200
2021-10-27,213.56087301450526,213.8241006065375,210.10149070151954,210.24249267578125,27088500
2021-10-28,211.3235518740981,214.5761215974748,211.2953514803844,214.43511962890625,22890600
2021-10-29,214.14374078029257,215.11199270585402,213.35410093995958,214.37875366210938,20777700
2021-11-01,215.50678455530928,220.14123109593675,215.16836547581175,219.93443298339844,35500800
2021-11-02,220.32923865484523,220.7710639341652,218.70293950158435,220.39503479003906,24949700
2021-11-03,220.1130264153691,225.43372070562705,219.89681861280297,224.3338623046875,47648500
2021-11-04,225.12346255278405,226.49594364782314,223.3185659284341,224.2492218017578,26514000
2021-11-05,226.71221040876082,228.80852116229954,225.8003593389161,227.3138427734375,42041700
2021-11-08,229.12812794779032,229.80496608720875,227.42662290527872,228.01885986328125,31324500
2021-11-09,227.49240869688356,227.99063472543173,225.17987624751103,226.693359375,29895900
2021-11-10,225.687552244366,227.0788243642132,222.1435542865467,223.1212158203125,32471600
2021-11-11,224.0236866681205,225.96960029722655,223.41265888710427,224.91673278808594,17987500
2021-11-12,225.53713860707592,225.80976155594416,224.42788479870597,225.14231872558594,20526700
2021-11-15,226.14812928589356,226.32672696901733,223.30917058007284,224.2492218017578,27390000
2021-11-16,223.50665957292782,225.02014319777587,222.74522008450998,224.66293334960938,21925200
2021-11-17,223.78863019566694,223.85444067769353,221.034286525496,221.72052001953125,26527800
2021-11-18,222.71695999303168,222.85797629934532,219.07896592605024,220.78045654296875,30637300
2021-11-19,219.28578416716078,220.36683749060256,218.45853438251604,218.7687530517578,33994000
2021-11-22,220.17885279209568,221.60773501908437,217.7347132730924,217.83811950683594,31042100
2021-11-23,217.5184826954936,219.03196595244611,214.91453642298802,217.4620819091797,33843800
2021-11-24,215.6383980994259,218.08253756802796,214.8393486420627,217.69711303710938,24099300
2021-11-26,211.47395691001603,212.61141100494828,206.4728768688255,209.49044799804688,62595400
2021-11-29,212.658431492226,213.1566575928797,207.97697947851464,209.35885620117188,45982400
2021-11-30,207.43173646740397,208.55979523019917,202.93829211570392,205.09100341796875,64908400
2021-12-01,209.79126990269657,210.76893139455913,200.3719508275641,200.47535705566406,69120100
2021-12-02,201.51881999731887,206.75491333556513,201.00180318724057,206.0686798095703,64315700
2021-12-03,207.08394537729438,207.1685609165301,199.95836739766816,201.83847045898438,64425200
2021-12-06,203.55870755289004,207.45992915708516,200.89837492656906,205.89004516601562,43878300
2021-12-07,208.8230202633022,212.48921503556284,208.6726085946848,210.66552734375,44679200
2021-12-08,211.1355385420865,212.95922610858568,209.68785143320173,212.10379028320312,36546400
2021-12-09,210.52452531929796,212.27302163956523,207.26254554791737,207.30015563964844,34830300
2021-12-10,208.87941115095856,209.49045314673262,205.2320215961935,206.72669982910156,32924600
2021-12-13,205.92146470619343,206.54378679599998,202.48928370916568,203.70562744140625,33478400
2021-12-14,202.32899946099238,205.1011485303681,201.13150346152585,201.9518280029297,36543500
2021-12-15,201.98012273299332,205.70460265174242,199.0288191030476,205.15771484375,51261000
2021-12-16,206.92091074733455,207.3452159633686,200.1319841279385,201.00888061523438,52743800
2021-12-17,200.08486102640416,204.9408406726665,198.29334349484728,202.8570098876953,62620900
2021-12-20,199.98114387241034,200.78262058425287,196.84126180927615,200.00942993164062,49993000
2021-12-21,201.97069872187228,205.9214817881375,199.95287809559042,205.7234649658203,38545300
2021-12-22,205.4311580210718,207.76957790561045,204.73341599977982,207.7035675048828,32442000
2021-12-23,208.4295988886327,210.07968616761684,207.76012857632097,209.36306762695312,22125400
2021-12-27,209.6459370090979,211.43746892528011,208.005288052183,211.32431030273438,24196700
2021-12-28,211.01317933606302,212.84242146199423,209.65540516061662,210.03256225585938,23120300
2021-12-29,210.0042154424569,210.73025774776949,208.62756510658267,210.25880432128906,19444400
2021-12-30,210.21166300835978,212.5594919413038,209.98536017667115,210.2022247314453,23607700
2021-12-31,209.78741916767953,211.32434805460196,209.69312269664903,209.74969482421875,23997400
2022-01-03,210.937744862556,213.74760387467938,210.01368558405895,212.45582580566406,30618800
2022-01-04,213.09694662116294,214.16243595830608,210.62653529534433,212.1351776123047,22013100
2022-01-05,212.03148240131597,213.0121136917418,204.91254640000216,204.95025634765625,40582100
2022-01-06,205.38402521241588,207.83557496565103,203.49821106948724,206.11949157714844,39105900
2022-01-07,206.1194707349025,207.7978440013868,203.6018964475574,203.73391723632812,31583900
2022-01-10,202.50814691307093,203.09274466778118,199.05710372936568,203.02674865722656,45778100
2022-01-11,203.17762311863353,205.39346061581966,200.80150752444948,205.18601989746094,35209900
2022-01-12,206.04404665875893,206.85494727390306,202.38556280611522,203.6584930419922,35284500
2022-01-13,204.43167706533248,205.73289341018975,201.1975127605141,201.79153442382812,34489600
2022-01-14,199.88686504303908,202.1592600345346,198.55736268719647,202.07440185546875,42020900
2022-01-18,200.0849010239695,200.31120392705884,195.68152621316094,195.9644012451172,49434400
2022-01-19,196.8884190689433,197.50131728482597,192.711347737975,192.77734375,46209100
2022-01-20,193.65423809368613,197.0581328307335,188.89255501788253,189.28857421875,50466000
2022-01-21,188.3550976532595,191.4289836897044,185.74325561523438,185.74325561523438,85821000
2022-01-24,182.98995494682447,190.83493312867935,180.31208832904946,190.02403259277344,85782000
2022-01-25,187.14822371879595,190.1843861623612,183.4520290891562,187.4876708984375,61088500
2022-01-26,190.2597817517031,191.92873124429548,182.65995329648234,184.781494140625,71471700
2022-01-27,186.34674997419722,188.21370215591924,179.7181136716209,180.58558654785156,59829000
2022-01-28,180.75529219971304,184.1591874816802,177.3513969177459,184.1026153564453,65870000
2022-01-31,183.29170636916237,189.75062561035156,182.78254287745014,189.75062561035156,53393800
2022-02-01,190.14663369248794,191.9475895592693,186.6673044759414,191.74957275390625,43429400
2022-02-02,191.99473667786046,192.25874951152292,187.9119472598097,189.84490966796875,42777800
2022-02-03,187.48761670578412,189.7506020451604,185.799819575844,186.25241088867188,39629400
2022-02-04,185.7904180480652,188.675726005564,183.79145949902508,187.05392456054688,34291100
2022-02-07,187.10102481953405,189.6751712296746,186.68615783463403,187.97793579101562,33242600
2022-02-08,188.0816798707102,191.5232850211962,187.97795951449066,191.183837890625,28341900
2022-02-09,192.8904565060047,194.85169004506795,192.63586763418138,194.81398010253906,27329300
2022-02-10,191.3158191255989,197.11470564390675,190.58035283744175,191.8249969482422,44788100
2022-02-11,192.02304893503202,194.29545878041637,188.28914441379106,189.88265991210938,41516600
2022-02-14,190.1183684949966,191.9098862800604,187.86482103846558,189.22259521484375,32262700
2022-02-15,191.20269142622556,194.53115217874512,191.06126112304986,194.29542541503906,25847500
2022-02-16,193.57882026635053,195.43634830608875,192.42847251419937,194.7008819580078,30104800
2022-02-17,192.8716349150053,193.32422625864487,189.31687140086294,189.712890625,27140200
2022-02-18,189.5525669367562,191.146081849173,187.41216431319168,188.08163452148438,36255400
2022-02-22,187.14821248705252,189.0057407769967,184.19692280623693,185.43212890625,31847100
2022-02-23,186.921873071066,187.54418070391193,181.5567303922172,181.96217346191406,31491500
2022-02-24,177.5682635446596,187.1481882910806,177.1910920900006,186.73330688476562,52221100
2022-02-25,187.34620141904387,191.05181916712058,185.75268622504342,190.9386749267578,33656200
2022-02-28,189.0245623940469,192.91877280410944,189.01513850384137,191.71185302734375,34975900
2022-03-01,191.08953840226323,192.15501354166963,186.50700975090098,188.10052490234375,40638900
2022-03-02,189.37342301390245,193.5787942221804,189.23199273046103,192.57931518554688,29978600
2022-03-03,193.38082720133409,193.3996893731861,188.85486992749136,190.2975311279297,30142700
2022-03-04,188.29850318827906,189.39227863447863,185.73379529466084,187.31788635253906,31610400
2022-03-07,187.84591536214688,188.1947863140681,182.62220303477832,182.65992736816406,39279800
2022-03-08,183.24456369798293,188.17597822605092,182.4148152275108,183.6688690185547,45715800
2022-03-09,186.90305728960962,189.5243380277398,186.33730724194095,188.84544372558594,29048000
2022-03-10,186.13928985734233,188.61912569071688,185.33781308540725,188.5059814453125,25661000
2022-03-11,189.31688450471228,190.24092942499124,185.22467118442793,185.49810791015625,24990000
2022-03-14,185.97897856736358,186.16755708650157,180.92499656132387,181.70761108398438,34969500
2022-03-15,182.4147736725965,184.61173407004262,181.86788594867528,184.60231018066406,25464300
2022-03-16,186.26181518831538,190.41061401367188,184.9511752256444,190.41061401367188,31869700
2022-03-17,189.3074302797653,193.49393939333706,188.86426286717256,193.39964294433594,25783100
2022-03-18,192.55106221193736,195.60607196010974,192.3530453934794,195.4363555908203,37092200
2022-03-21,195.37029578296534,196.29434046431336,192.29642464188382,193.71078491210938,26747500
2022-03-22,194.53115180586744,196.86955726881544,194.05027438837203,195.65321350097656,24699900
2022-03-23,194.38026873852758,195.3703239479371,192.117297734979,192.25872802734375,19775000
2022-03-24,193.0901251237204,194.52615047759426,191.53126189524698,194.46946716308594,19781200
2022-03-25,194.70571290007513,195.2064348758763,193.14686364196245,194.7340545654297,19430400
2022-03-28,194.24275044498785,194.8190548847268,191.81470921687293,194.80015563964844,18999100
2022-03-29,196.5101458943725,200.52537724077195,196.396779269444,200.0152130126953,29550600
2022-03-30,199.69398668176842,200.04355780727946,195.19693269297315,195.99998474121094,26251500
2022-03-31,195.68823953688533,197.36991200966628,193.81760343856894,193.9309844970703,26771600
2022-04-01,194.7906816305359,196.24562063935574,193.68531375328644,196.10391235351562,25948500
2022-04-04,196.38735714739326,196.9164207117582,194.50729301087512,196.42515563964844,20333900
2022-04-05,196.47237678931026,197.87061812822168,191.32342113785433,191.77691650390625,26509800
2022-04-06,190.15190990655208,190.6526317130415,187.70496976974925,189.0559844970703,34903900
2022-04-07,189.05599826433203,190.11412526590732,185.8154626981589,188.44190979003906,29291200
2022-04-08,188.21516003531093,189.24494536769183,186.59017106315983,186.93972778320312,25249600
2022-04-11,186.23119037435177,188.2435349089259,185.05969654764513,185.6832275390625,33702300
2022-04-12,187.72387599132284,190.53925775782048,185.5698235772376,186.26895141601562,33699800
2022-04-13,186.76024192978772,190.32199292173522,186.69411619346067,189.81182861328125,22303600
2022-04-14,190.00075721268664,191.19115008055047,187.88448880947405,187.9695281982422,27107000
2022-04-18,187.49714664263055,188.17736083649717,185.67375165881748,186.7035369873047,22246400
2022-04-19,186.93029273445407,191.06834788656573,186.76968519686568,190.4259033203125,22786700
2022-04-20,191.83359470390184,192.60829070575295,190.70932756472237,191.1533660888672,20516200
2022-04-21,192.94842970441724,193.4869501001908,186.13671468437917,186.87362670898438,31547700
2022-04-22,185.99495542960048,186.46733557904602,181.66795153077152,182.03640747070312,35686900
2022-04-25,180.43976971083967,183.3874171491995,178.75809757834998,183.14178466796875,35556500
2022-04-26,181.69634374889782,182.06479976212978,177.12369203650252,177.3693389892578,40513600
2022-04-27,177.30317228500212,179.29661719036113,175.97105673821977,176.6324005126953,37808000
2022-04-28,178.72031907482037,180.82713068246932,174.50669585952244,179.9296112060547,37405200
2022-04-29,179.11713217213412,181.13891898013006,174.3177473048754,174.7334442138672,41193400
2022-05-02,174.68617545652052,177.44488824619302,172.30538985607728,176.56625366210938,38002100
2022-05-03,176.59466073951873,179.04158738774711,175.42315233204204,178.07794189453125,30246300
2022-05-04,178.6069374002518,183.21735785633194,175.4325422191337,182.83001708984375,38834700
2022-05-05,180.94994667904234,180.97828833595668,173.25015567814154,175.4136505126953,41468700
2022-05-06,174.74288859600804,175.1774703037941,170.57649180392687,172.49435424804688,45457900
2022-05-09,169.92457291961298,172.56044757760196,164.48275926859557,165.23855590820312,53682200
2022-05-10,167.76114064026666,169.02711633901097,161.7430060314587,165.28585815429688,53650800
2022-05-11,165.45586439126043,168.34682840071764,160.89267073119476,161.1761016845703,64377800
2022-05-12,160.44863807248748,164.70950169219162,159.57000352682664,163.0656280517578,52967400
2022-05-13,165.37085273870397,169.4994654562039,165.34251108020462,168.23348999023438,36517000
2022-05-16,167.6949974987709,169.52783527093558,166.410122575102,167.4304656982422,28225500
2022-05-17,170.4442440447365,172.74000512367036,169.10268587424784,172.55105590820312,31833700
2022-05-18,170.5009100814901,171.38898716163922,165.4275513602591,166.50457763671875,36093800
2022-05-19,165.22914274344075,168.93260171348538,165.22914274344075,166.77854919433594,33627700
2022-05-20,168.63972719455364,169.08376572475242,162.30037872564503,166.35340881347656,42243700
2022-05-23,168.05398051942564,169.0743234567703,165.80544620846806,168.36575317382812,24644100
2022-05-24,166.81635772958117,167.15645764855208,162.81056827619855,165.87159729003906,26861800
2022-05-25,165.21972112385325,169.8490418150794,165.15358096911228,168.85704040527344,27950100
2022-05-26,169.91517477882633,173.64697571882797,169.7734520600512,172.6266326904297,25702700
2022-05-27,173.60919622116836,177.28431424209634,173.26908184115874,177.27487182617188,24952100
2022-05-31,176.58518515971005,177.3126403514396,173.9209536806977,175.0735626220703,29794500
2022-06-01,175.98052056461265,176.61350829126707,171.72909884143274,174.08154296875,28352100
2022-06-02,174.39335779299492,178.3330078125,173.9965600661278,178.3330078125,24876000
2022-06-03,176.94417379604118,177.57717596728688,175.52703315741363,176.7268829345703,18972100
2022-06-06,178.83374595958736,178.85264520997708,176.50964271829665,177.4921875,24678700
2022-06-07,176.11280158770896,180.39256533717472,175.63096452480048,180.35476684570312,21661600
2022-06-08,179.46669618104826,180.16580966744417,176.7268823065643,177.56771850585938,21521700
2022-06-09,176.70953568524544,177.20210985859146,173.84883590489773,173.88673400878906,21697200
2022-06-10,170.98812165396552,171.97326991728525,168.27898561067187,169.16940307617188,37153600
2022-06-13,164.47104507385677,165.73088948410918,160.35996851528424,161.2219696044922,39712700
2022-06-14,161.66718254878268,162.20712207610018,158.89174652684503,160.4452362060547,30282400
2022-06-15,162.17869629154757,164.87835040938813,159.76320564114008,162.79440307617188,32150500
2022-06-16,158.98643985150605,159.535846597447,154.19335706402438,155.2542724609375,43810600
2022-06-17,155.80370936479363,158.6833580765074,155.06485536265848,156.46678161621094,40327300
2022-06-21,159.1190663991666,161.10829737382352,158.01078552604835,159.2706298828125,34665400
2022-06-22,157.20568868450488,160.33160355951773,156.64679994242505,158.9675750732422,29303500
2022-06-23,159.31803107440214,161.2504153364507,157.76454115271056,160.87152099609375,27089800
2022-06-24,162.18819568831563,165.86353143600118,161.88506865787494,165.8540496826172,37138500
2022-06-27,166.40344262752183,167.65381984237382,164.99203461146453,166.46975708007812,24745400
2022-06-28,167.59697042826224,168.7526168249888,163.25857724514358,163.3438262939453,25909200
2022-06-29,163.44799710068014,163.59007882495774,160.0568402269991,161.6861114501953,21292500
2022-06-30,159.32745600099415,162.2734042435576,157.9634136122474,160.42626953125,31466300
2022-07-01,160.13260781375533,162.77542882899382,158.81593095421226,162.3681182861328,24598600
2022-07-05,159.7821746531086,163.779572100112,157.93503944747732,163.71327209472656,25151100
2022-07-06,163.3532822761939,164.5468266922989,160.79570981208164,162.50076293945312,25697600
2022-07-07,163.74166541882462,166.69708133218248,163.73219812049894,166.3466033935547,24822500
2022-07-08,165.83509230157821,167.65381087269384,164.48998435615098,166.32765197753906,20547000
2022-07-11,165.06780361104683,165.74035756778733,162.54812923248647,162.98385620117188,22031500
2022-07-12,162.4913030538578,164.2153054629437,161.56300184721488,162.4250030517578,23864200
2022-07-13,160.2273524636585,163.1922499727786,159.88634184135108,162.28289794921875,25535600
2022-07-14,159.78212277372145,161.0324997093307,158.20969876151457,160.61570739746094,25102200
2022-07-15,162.49127786810072,164.20581271224978,160.3789141652305,163.9595184326172,34935900
2022-07-18,165.89191823557132,166.99071739044254,162.9838534276437,163.49537658691406,23031500
2022-07-19,165.5319767009933,169.4535920515479,165.44672764973788,169.26414489746094,24234600
2022-07-20,169.2262563558388,172.21957070276997,168.98944378637702,171.9164581298828,26049300
2022-07-21,170.93130959679485,172.87317555545647,169.4157178259042,172.79739379882812,21709900
2022-07-22,173.23312130037095,173.58359924932637,168.65790109728604,170.04087829589844,25116100
2022-07-25,170.55240222200962,171.37650527473266,169.01784706197466,170.9218292236328,19267200
2022-07-26,170.29660568316262,170.70393070358412,169.12201046707548,169.87034606933594,19391200
2022-07-27,170.95970274722734,174.53083985401614,170.50502672305512,173.7351531982422,21670700
2022-07-28,174.59716395280756,176.32115180227464,172.17219129744274,176.12222290039062,22838500
2022-07-29,176.2264252398424,177.8272804303582,175.279175016237,177.3726043701172,21760600
2022-08-01,175.98959729652847,178.38615345029064,174.5024220915206,177.3062744140625,23905600
2022-08-02,176.6337160814957,179.0492065738137,175.69593333867428,177.13575744628906,17492600
2022-08-03,178.36718249400252,180.11958636689505,177.7419940089348,179.74069213867188,19157700
2022-08-04,179.82599031215258,180.0154374780335,178.4998456970938,179.36184692382812,14838900
2022-08-05,177.5809914860938,180.94373249854863,177.29681354277963,180.73533630371094,18540300
2022-08-08,182.01411810584673,184.3633089822852,181.7678382600113,182.64878845214844,22188700
2022-08-09,181.90993607103283,182.0330832317709,179.1818651133821,180.15753173828125,18247300
2022-08-10,183.41606770780467,185.61368073793372,182.92349353830153,185.30108642578125,20796400
2022-08-11,187.00610375174978,189.00480194198067,185.6988940532049,185.9925537109375,23727600
2022-08-12,186.93984334125324,189.85736140309962,186.21045659884575,189.7910614013672,21726600
2022-08-15,188.31333066506664,190.54884157293714,187.7639238495682,190.46359252929688,17414800
2022-08-16,189.92364437327709,191.33505222064827,188.53118557492743,190.38780212402344,18833100
2022-08-17,188.23754439939185,188.81536754889547,186.0209825946297,187.18609619140625,22428000
2022-08-18,187.44186813671027,188.7395962434782,186.51355256394368,188.427001953125,18368100
2022-08-19,186.4472609023224,186.7124898052856,183.83285552144602,184.3822479248047,27416400
2022-08-22,181.86254888852736,182.20355949703162,179.9869833148093,180.58375549316406,22937000
2022-08-23,180.86795884868644,182.75297753108998,180.34696833826413,180.87742614746094,20069800
2022-08-24,180.72583627817102,183.1034432278114,180.12907855682943,182.26039123535156,16038300
2022-08-25,183.17923180113326,185.14003202248827,182.80032308292937,185.09266662597656,14795000
2022-08-26,185.03586485331687,185.13059566217086,178.70823996773552,179.0113525390625,24177200
2022-08-29,177.08841801610927,179.02081647482427,176.68110737713826,177.36312866210938,19753300
2022-08-30,177.9125291656803,178.0924945519564,173.85828524764005,174.88131713867188,22548900
2022-08-31,175.1844312148143,175.94223416572922,173.52674358326445,173.8203887939453,22412500
2022-09-01,172.191132207691,172.29533030301045,169.46304713306594,171.9259033203125,30706600
2022-09-02,173.9151437308748,174.2466726308836,169.6904014493002,170.5902862548828,27468200
2022-09-06,171.1775993398307,171.52807730770493,168.1369196722428,168.90419006347656,23837100
2022-09-07,168.5821166120515,172.84474244534266,168.5442185104656,172.5795135498047,24781200
2022-09-08,171.15861835354514,174.09508491352594,170.1450538354925,174.01931762695312,25273200
2022-09-09,175.56334588585716,177.73255690451248,175.33601509186065,177.51467895507812,23208800
2022-09-12,178.65138211758503,179.84491209013052,178.05460990436725,179.66493225097656,23134600
2022-09-13,175.10866071330702,176.10327624685203,171.96378332402415,172.63633728027344,34144700
2022-09-14,172.9394262557288,173.64986370157638,171.04492640013518,173.30885314941406,25278300
2022-09-15,172.3237226365148,174.94760925015814,171.31963992366835,172.0490264892578,25378700
2022-09-16,169.6430562033381,170.20193042275403,167.57805744526854,169.54833984375,41155900
2022-09-19,167.67276199213046,171.2154831398922,167.62541104261874,170.99761962890625,25412200
2022-09-20,169.33989704103712,169.5009278165496,167.3885642327356,168.66734313964844,22247500
2022-09-21,169.90825246751635,171.5470056115111,166.08136827331842,166.09083557128906,29357100
2022-09-22,165.7687864771107,166.31819333247321,161.7335057925544,162.34921264648438,33468600
2022-09-23,160.0853066733012,160.26528654963965,156.2963053319213,158.4844512939453,40336900
2022-09-26,157.55226632616163,160.88479142481117,155.75270335403712,156.31446838378906,30597800
2022-09-27,158.3520703105133,159.60891533296265,155.46705686103056,156.84767150878906,42406600
2022-09-28,157.8283854047344,162.80814057471392,157.1714140811866,161.80838012695312,35186500
2022-09-29,159.75172096187643,159.89453764605508,155.9621681455622,158.18067932128906,31464000
2022-09-30,157.8474139727204,161.40845993536183,156.98095405097254,157.028564453125,40643800
2022-10-03,159.33276369178986,162.15113383991877,157.34277385128914,161.189453125,33611600
2022-10-04,164.35062671081687,167.65458866721153,164.27445296059756,167.5784149169922,37537300
2022-10-05,165.1123395481307,166.94046585519425,163.21755576547085,166.34060668945312,25281400
2022-10-06,165.53128537141347,167.74026584400195,164.6362620356904,165.40750122070312,22635900
2022-10-07,163.70313780012592,164.2173069213292,159.88502164067134,160.54200744628906,26536100
2022-10-10,161.1895124763881,161.45612791779422,158.61870965853163,159.64703369140625,23386400
2022-10-11,158.97096658456428,161.97023320125643,156.91431914695247,159.69459533691406,28009100
2022-10-12,159.86598248709123,160.39919870216426,157.5617811829868,159.25660705566406,26796700
2022-10-13,156.15264131072468,163.96027047052894,154.7244159328827,163.19854736328125,45376500
2022-10-14,164.47439735220357,165.59792738611233,158.73293397533325,158.82814025878906,29608600
2022-10-17,162.0749902959572,164.3601447119692,161.97025320438496,163.8936004638672,28199200
2022-10-18,167.4451038835085,168.80667144473796,164.42679004939416,165.83596801757812,34523100
2022-10-19,164.23637485875926,165.10282040206792,161.22757707640997,163.0176239013672,27146900
2022-10-20,163.21757860781193,165.2456630968389,160.40873854285064,160.9419403076172,26710700
2022-10-21,161.2942267284219,164.91240013977077,160.14213320347122,164.4363250732422,45402700
2022-10-24,165.02664630645037,165.6741013379241,162.86526172097214,165.14089965820312,27284500
2022-10-25,165.2646954009611,170.33964251271237,165.25516460187575,169.6445770263672,33105700
2022-10-26,170.57767393821993,173.64359823081654,169.79691845993833,170.4824676513672,37084700
2022-10-27,171.9487633159815,173.29129828960805,170.31106416985315,170.52053833007812,28651800
2022-10-28,171.225121500271,174.63381995020714,170.1872815765106,174.39578247070312,33221600
2022-10-31,173.54838627850478,175.4241229592844,172.86283710945557,174.5576629638672,25699400
2022-11-01,176.37627257214425,176.7190471558982,174.1291979739028,174.7957000732422,27446700
2022-11-02,174.09109437475166,176.14774176548542,168.9399596286783,168.99710083007812,38139600
2022-11-03,166.90236341240356,169.42556957373688,165.77883341103185,167.86404418945312,29093200
2022-11-04,170.35867870430272,171.32987578628072,167.07376406283572,170.13015747070312,25842400
2022-11-07,171.13949630988995,171.94881532952274,169.17805453185338,170.90145874023438,20689900
2022-11-08,171.60601747035668,173.2437168906864,168.87335118896553,170.96807861328125,20265200
2022-11-09,169.48271264790444,170.12065145207285,165.94071322128488,166.2739715576172,27277000
2022-11-10,173.14846403836714,176.576194939634,172.48194748963206,176.50955200195312,38572800
2022-11-11,176.87138244433726,179.80400624870376,176.80473949785383,177.9568328857422,28765400
2022-11-14,176.89993026207335,178.80423013456038,175.7954473778087,175.96682739257812,26499600
2022-11-15,178.8519075977061,180.48960726439356,177.20469165840387,178.57579040527344,26128800
2022-11-16,177.67119786367476,177.70927747150597,174.91948491303702,175.4336395263672,24802000
2022-11-17,172.92947420389817,174.19583541696895,171.87258714809658,173.80545043945312,20835700
2022-11-18,175.75736671333559,176.44291588225983,173.83403415536227,174.9290008544922,27269100
2022-11-21,174.03400068402422,174.4243857266358,172.74859218904788,174.01495361328125,19038900
2022-11-22,174.94804117202844,176.0906182332618,173.60550622396784,175.8716278076172,16869700
2022-11-23,175.47174571827597,176.89045467991437,174.76716390173286,176.3286895751953,19758800
2022-11-25,176.23348387816532,177.45223501922365,175.82406625001494,176.70004272460938,13393400
2022-11-28,175.31937809394216,176.0715701753541,172.61526114555912,173.13894653320312,17465600
2022-11-29,173.25322998403456,174.82427175954618,173.25322998403456,173.6436004638672,14020600
2022-11-30,173.92925538797058,178.46148459103384,172.14873936688454,178.40435791015625,28030100
2022-12-01,179.14703874499918,180.18489341455768,177.22370596883206,178.0139923095703,21996400
2022-12-02,175.54785424699702,179.82301208589152,175.50977464754573,179.05177307128906,22574800
2022-12-05,177.91875860563243,178.10918570956017,173.46268882470824,174.1196746826172,25449300
2022-12-06,174.12918276084557,174.22438903605843,170.51101014369524,171.45364379882812,18502100
2022-12-07,171.14899357344382,172.81525637596692,170.53961804395317,170.94903564453125,17177800
2022-12-08,172.12017040519729,173.89117009785068,170.92045203131977,172.1868133544922,20971400
2022-12-09,171.1680251400518,172.15825483752943,170.01591714263003,170.0730438232422,22046500
2022-12-12,170.29205472604752,172.42486169591265,169.48272131280973,172.07257080078125,22765400
2022-12-13,177.65878796531032,178.52924589549576,172.31171427250177,173.49783325195312,38445300
2022-12-14,173.43083598520832,174.96131086166668,171.058613062819,172.35951232910156,32406900
2022-12-15,170.2933995213179,170.8386361986129,167.43332985042187,168.04551696777344,33546700
2022-12-16,166.24718223516027,167.50025127444155,165.16628393607564,166.7924041748047,38502400
2022-12-19,167.02199103929993,167.4428723380167,164.01844629336298,164.53497314453125,25614000
2022-12-20,164.20979263253764,166.45767530894875,163.74108114375386,165.4054718017578,18050800
2022-12-21,166.86896614186577,169.11684860549843,166.62983033065768,168.25595092773438,22997200
2022-12-22,166.75418066429427,166.90723108188212,163.2532289893506,166.055908203125,21297600
2022-12-23,165.94109621373653,166.86894420691345,164.85063764179628,166.81155395507812,11647700
2022-12-27,166.7828566288432,166.98373710330637,165.0802110669725,165.69239807128906,13553800
2022-12-28,165.6541110865216,166.53414349791177,162.9375324473077,163.11927795410156,19648000
2022-12-29,164.25758699604987,167.63418306793716,163.95148618936705,167.25157165527344,22311300
2022-12-30,165.80718931304662,167.1272235561038,165.10891688688454,166.78286743164062,21275600
2023-01-03,168.2846312762774,169.61424028167318,164.42976350584757,165.8645782470703,22503800
2023-01-04,167.03158731408135,168.99250400924004,166.70636609321983,167.9307403564453,22973500
2023-01-05,167.00285824667156,167.16546882405896,164.89846632160763,166.1324005126953,17032600
2023-01-06,167.68204326101167,170.30296255945325,166.31417875345994,169.8629608154297,21986900
2023-01-09,171.23078619184582,172.29254968559684,169.92988690757153,170.14990234375,18366500
2023-01-10,169.93946434047217,172.77082397100017,169.59510821290087,172.6656036376953,18751100
2023-01-11,173.38301055563107,174.8465204449626,172.82821376293757,174.8178253173828,18222700
2023-01-12,175.59262759269197,177.86919029384998,174.01432268684346,177.75440979003906,29650800
2023-01-13,176.4821989362654,179.19877779090973,176.31958836352499,178.92138671875,22120000
2023-01-17,178.87360206726282,179.67709495860936,178.14663439352444,178.70143127441406,22422600
2023-01-18,179.30401405663804,180.74840358264078,175.7169771739538,175.81263732910156,23507800
2023-01-19,174.78915234119756,175.14308328568697,172.92389583367057,174.12913513183594,24624500
2023-01-20,174.7700159489521,177.1039691160004,173.39259139417538,176.99874877929688,36070300
2023-01-23,177.37178355955479,179.9448868851103,176.5587306657759,179.18922424316406,20329900
2023-01-24,178.48140415935765,179.66752306138315,177.80226661538123,178.80662536621094,19263500
2023-01-25,177.35268954155234,179.36142163242496,175.87960474588724,179.3040313720703,18174600
2023-01-26,180.76753008444615,181.59973259459895,178.19442653778714,180.36578369140625,18369100
2023-01-27,179.8109710969494,182.03015813493855,179.62922556935845,181.34144592285156,20019900
2023-01-30,179.67707569026257,181.3701612835085,178.7109722884872,178.81619262695312,18395100
2023-01-31,179.27535654358692,183.25458046330445,179.2371012309156,183.15892028808594,21567900
2023-02-01,182.88150556488753,187.66422179558938,181.86757205928942,186.03810119628906,27007300
2023-02-02,187.4920179561139,190.60078319989904,185.90416741662816,189.70164489746094,31020400
2023-02-03,187.5876655127889,190.47642972443762,187.19547934386625,188.42942810058594,24981500
2023-02-06,187.14766779765017,187.84595482969706,184.9667505094408,185.7032928466797,18160100
2023-02-07,185.00502202174292,187.5781255401128,183.32149666481888,187.08071899414062,27074100
2023-02-08,185.91373143848924,186.87983478747353,183.84759468461763,184.34500122070312,17933500
2023-02-09,185.78937760323748,186.64070044887043,181.1979674240873,181.67623901367188,20516600
2023-02-10,181.05446520688355,182.345804147471,180.3370579278213,182.03970336914062,15248700
2023-02-13,182.2310231522506,184.4789053054482,181.08317433610932,184.23020935058594,15754400
2023-02-14,182.96757525766955,185.52154375428174,181.819726379911,184.1441192626953,21889600
2023-02-15,182.68060354192627,186.0954695343195,182.25016205100601,186.00938415527344,18721200
2023-02-16,183.4649719412619,186.40155170759257,182.93887031012102,184.23020935058594,21366300
2023-02-17,183.54153400371305,184.9667741866845,182.67107609334062,184.73721313476562,23892200
2023-02-21,182.46059643281524,183.02495335918326,179.1031354042795,179.2848663330078,26004000
2023-02-22,179.66751525738658,180.93014472149386,178.6344468254672,179.77273559570312,24651700
2023-02-23,181.12143889880278,182.03015190999238,178.58659096731802,181.05447387695312,21311700
2023-02-24,178.5387767095291,179.61967516144668,177.70658882286855,179.3614044189453,24280700
2023-02-27,180.91102473410044,181.934518394634,179.44751476815915,179.99273681640625,17562900
2023-02-28,179.9448985628023,181.76233936435608,179.8970830802985,180.00228881835938,19542600
2023-03-01,180.0118412234869,181.2553501235728,179.0552981612191,180.23184204101562,22532800
2023-03-02,178.73966118058712,181.07362890097787,178.0318139650895,180.6623077392578,18104400
2023-03-03,181.4275484702516,183.58933086541066,180.23186946051274,183.1780242919922,22774300
2023-03-06,183.2354243880127,183.40760976441996,179.73447255654716,180.4997100830078,23266700
2023-03-07,180.45187868481435,180.8536396949372,178.12748558795755,178.40487670898438,25865700
2023-03-08,178.67271301865512,179.45708551493172,177.07528749102224,178.49098205566406,22505900
2023-03-09,178.61532243076218,179.1318639750962,173.40216447847834,173.52651977539062,33546900
2023-03-10,172.55081084548917,172.55081084548917,166.68719691680704,168.5237579345703,69274200
2023-03-13,165.02285588416325,168.73423400090653,163.63587100417016,165.7785186767578,74171500
2023-03-14,170.83861050451594,171.46991788368246,167.02199812454515,168.8489990234375,48946200
2023-03-15,164.4584752020352,166.35244136016132,162.97584482995052,166.0654754638672,54405800
2023-03-16,164.0184393007555,169.671612275737,163.09059136696573,168.3324432373047,52392300
2023-03-17,166.47674779999585,167.16545997109793,163.4349478740357,163.7888641357422,70239900
2023-03-20,165.52980311037228,167.74897573698786,165.03239656128792,165.91241455078125,46103200
2023-03-21,168.8777278374978,170.43688354038994,168.31337077574116,168.97337341308594,34465900
2023-03-22,168.84899589457294,169.6429284369035,164.07584046382266,164.18106079101562,56098200
2023-03-23,165.4013237300932,167.4270777148639,161.97387180583095,163.45237731933594,47720900
2023-03-24,162.01226321185663,165.23810797201236,160.7737759122153,164.93087768554688,47519700
2023-03-27,166.89905804835996,167.75352228515862,165.47815435504788,166.7646484375,33880600
2023-03-28,166.18858053230426,167.54227182665744,165.7949472323825,166.52459716796875,28555100
2023-03-29,168.33914701438684,168.5407687311546,166.6398288496244,168.41595458984375,25564800
2023-03-30,169.817636141831,170.2304603036567,167.4846522439166,168.1855010986328,26728600
2023-03-31,169.356816897537,171.50738500003862,169.32801588875967,171.27696228027344,39602900
2023-04-03,171.80501037493764,172.60187249076552,169.4432396866476,171.35377502441406,27609000
2023-04-04,171.77620682599527,171.94902753086626,167.35988116744414,168.3487548828125,33487200
2023-04-05,167.2926585655561,167.84950245818183,165.64133244247188,166.69741821289062,28247300
2023-04-06,166.78382614648342,167.49428519928136,165.7853423614946,166.94703674316406,26366300
2023-04-10,166.1597850869435,168.8575869628982,166.1213739761529,168.73277282714844,22237800
2023-04-11,169.52005739422881,170.86415342322098,169.08801292461533,170.06729125976562,21876200
2023-04-12,171.68024163393508,171.83384216304623,168.56960018902586,168.8192138671875,27018100
2023-04-13,169.49127450201877,171.55544016292757,168.9056294084001,171.0561981201172,23259900
2023-04-14,171.2097876836381,172.06425190713222,168.33916467908887,169.4624481201172,29600400
2023-04-17,169.90408574959378,171.7186227680178,169.69286856018584,171.64181518554688,22177300
2023-04-18,172.4194463585766,172.4578574689152,169.87525965663033,170.91213989257812,22873100
2023-04-19,170.00965142813294,171.65136730918584,169.52961514602828,171.1329345703125,19306800
2023-04-20,170.0768741192614,171.30576601178097,169.4720382757779,170.24969482421875,20336300
2023-04-21,170.71055349416602,170.85457321340303,168.83841434047943,170.4705352783203,25972800
2023-04-24,170.29766837843778,171.32493835763577,169.45279987252238,170.3552703857422,17781000
2023-04-25,168.61758632669836,168.91520654331296,166.10218569203545,166.1501922607422,28857900
2023-04-26,165.35331729466355,166.4766005975897,164.17243197356888,164.54685974121094,30309800
2023-04-27,165.1613233547659,166.9182583446126,164.1148475139515,166.7454376220703,33424100
2023-04-28,166.3709999680291,168.80959295041922,166.2653913798225,168.20474243164062,31911900
2023-05-01,168.01275645188682,170.2593235079801,167.7823336834863,168.30078125,27420100
2023-05-02,167.43666032666013,167.48466688793008,163.13553905860505,164.84446716308594,40851100
2023-05-03,165.3437017324206,168.6847502257773,165.31490072683914,165.44931030273438,43261400
2023-05-04,164.47968492804767,164.71009303246194,162.04109172630527,163.59640502929688,42382100
2023-05-05,166.37099232396224,168.1087362227103,166.18859081593826,167.48468017578125,35456800
2023-05-08,168.2622959408797,168.5407251611267,166.2173515399802,167.10061645507812,22109900
2023-05-09,166.0733670116115,167.3118689645562,165.2861150368617,166.60140991210938,21465500
2023-05-10,168.93440473019538,168.99200675031113,165.82376379801875,167.4462890625,27281900
2023-05-11,166.3037798129396,166.8414181342874,165.2380986225733,166.15977478027344,25884600
2023-05-12,166.7166215820777,167.25427460965213,164.7964761465246,165.82376098632812,20406400
2023-05-15,166.39018803876775,168.69437118034156,165.9197618176419,167.84950256347656,24310000
2023-05-16,166.67820446671666,167.8302886553888,165.3532995924938,165.40130615234375,24212900
2023-05-17,166.50541458281384,169.4528450382076,165.28613270443444,169.0880126953125,38231600
2023-05-18,168.55037211686073,170.48012774835956,168.03193927006194,170.11529541015625,30446600
2023-05-19,171.3825682221727,171.74740052712735,168.25273657036385,169.07839965820312,34316300
2023-05-22,169.56802902631486,171.87221220690438,169.01118512391105,171.14254760742188,28207200
2023-05-23,170.80654626746343,173.32193218164923,170.2977088825258,170.3361053466797,32708900
2023-05-24,169.50084126801391,169.68325742833474,167.69589987058288,168.53115844726562,28744200
2023-05-25,168.25273104467556,168.52155021332536,165.80454286989377,167.21585083007812,36202600
2023-05-26,167.3406802642444,169.33763330650115,167.07186107101248,169.11680603027344,29841300
2023-05-30,169.65446180527888,170.46091939799456,167.78230822637434,168.49276733398438,25572600
2023-05-31,167.715113328631,168.98240175814882,165.47814203267876,166.83184814453125,34598800
2023-06-01,166.91822572944398,169.2032032450993,166.0253505781279,168.63674926757812,27800900
2023-06-02,170.90254040549556,174.81963887919696,170.36490202373116,174.75244140625,50212400
2023-06-05,174.02276612090483,174.02276612090483,171.31536882123996,172.40985107421875,34465800
2023-06-06,171.78579319572128,177.57504478525723,171.78579319572128,176.95098876953125,58584500
2023-06-07,178.06682937670627,180.77210261228277,178.06682937670627,180.26185607910156,60685600
2023-06-08,179.79010121402018,180.39662673823003,178.01867884281387,179.58792114257812,34185000
2023-06-09,179.37611749576155,179.65530313187966,177.5757998286644,178.13418579101562,30242200
2023-06-12,178.32673957089781,179.72269721346086,177.3543861101036,178.87550354003906,26580500
2023-06-13,179.49165646395056,181.93698791838762,179.3279938779161,180.92611694335938,35758200
2023-06-14,181.30157029778928,182.1872813545742,177.67206908685426,178.98138427734375,37114100
2023-06-15,178.18232952589688,180.57953600371638,178.0186669504801,180.45437622070312,36488400
2023-06-16,180.94540015693204,181.52304498938784,178.1919872104469,179.01031494140625,50684500
2023-06-20,178.25936477804706,178.65408821139536,176.9115318888346,178.23048400878906,33269300
2023-06-21,177.56619291146538,178.9814093335015,176.74786529405642,177.81649780273438,30730200
2023-06-22,177.3351455860988,177.3832851008118,175.68888288978363,176.49757385253906,27063700
2023-06-23,174.03298221010692,175.6118613264292,173.33981433561254,173.84043884277344,50610100
2023-06-26,173.71525800583643,175.9295431873059,173.64785975586742,174.01370239257812,31507900
2023-06-27,174.44692489504502,177.13295369907166,173.6767368451762,176.52642822265625,28818800
2023-06-28,176.17024014759633,177.5469391231647,175.33265376437487,177.3928985595703,23187600
2023-06-29,177.8357611346022,180.10780802744813,177.55656077740807,179.43389892578125,32084100
2023-06-30,181.24378977853854,181.40745233720256,179.9441113338136,180.2906951904297,30287300
2023-07-03,179.94414328687037,181.80220797997913,179.78048069914448,180.65655517578125,14011900
2023-07-05,180.15594027701044,180.2329605555412,178.52892178207344,178.8562469482422,24092100
2023-07-06,176.786406339751,176.8634266296638,173.9848538909116,175.96807861328125,39080800
2023-07-07,176.1606052899513,179.53980224767142,176.1124657770555,177.82614135742188,31706700
2023-07-10,177.70098225151114,181.04166173583187,177.29663678382752,180.8683624267578,29725100
2023-07-11,181.45561265416669,182.9959887913963,180.69506130135827,182.72642517089844,26738800
2023-07-12,185.57609915621074,185.85529948834534,184.2379030993971,184.71926879882812,40127300
2023-07-13,185.33542817926906,186.47145894156154,184.6518970687539,186.21151733398438,23523000
2023-07-14,186.13449407995398,186.27891261079634,183.19816023421885,184.39195251464844,32198600
2023-07-17,184.20904616743437,187.11649948142528,184.01650280077186,186.36557006835938,23283700
2023-07-18,186.48108408231212,189.07083410482528,186.27891869868822,188.66648864746094,28489800
2023-07-19,189.3692666366265,190.29349525986893,188.6279593328884,189.46554565429688,23679000
2023-07-20,189.60032762981552,189.60032762981552,187.0298365090304,187.8096466064453,27278100
2023-07-21,189.0708332448473,189.292257370229,186.85654792068095,187.2127685546875,28982400
2023-07-24,187.309007852478,188.94564819850592,186.76025862550875,187.6748504638672,16929800
2023-07-25,187.32828396931373,188.89754090571765,187.17424341442782,187.65560913085938,18961100
2023-07-26,187.51124110499174,189.8121690813871,187.4534795584065,189.1382598876953,20377900
2023-07-27,190.264611046973,190.52453794776773,185.98044457019162,186.69287109375,31159300
2023-07-28,188.7146204987318,189.60995368438319,188.21399603798145,189.1093292236328,21612200
2023-07-31,189.59070674382986,191.3428851204658,189.5810847172973,191.30438232421875,24203900
2023-08-01,190.07203260524213,190.5630349675836,188.4835318438302,190.42825317382812,27444300
2023-08-02,188.30062317491488,188.7819888549101,186.8565261349291,187.83851623535156,28079700
2023-08-03,187.05870087924706,188.34875733942116,185.8649087382731,187.3090057373047,24279300
2023-08-04,187.55936279668117,188.9938233675997,186.49073021607052,186.93357849121094,24950400
2023-08-07,187.40531500242827,187.79040172162826,185.49909607907313,187.05873107910156,20185000
2023-08-08,184.97921589871547,186.08635116433285,183.41959568694796,185.88418579101562,25578200
2023-08-09,185.6820201579967,185.69165687469507,183.64103407384565,184.43048095703125,22293200
2023-08-10,185.07547732602234,186.8854022484729,182.8130528103162,183.61212158203125,29378800
2023-08-11,182.84197103820944,184.54600996535243,182.66868641347492,183.87210083007812,21789000
2023-08-14,182.86118410063153,183.59285459470172,181.60963048199764,183.55435180664062,20354900
2023-08-15,182.45690075257698,182.57242384614972,181.0320473779592,181.12832641601562,25491300
2023-08-16,180.983882807591,182.01399777602649,178.88512069779236,178.91400146484375,27018400
2023-08-17,179.3953526576429,179.78045400403576,176.78635897760984,176.80560302734375,26715100
2023-08-18,175.41930392551075,178.34600106914823,175.1593623208414,177.7683563232422,33375200
2023-08-21,177.81650455051806,178.374890581569,176.24726219975244,177.50843811035156,22678100
2023-08-22,178.14383982191674,178.63484231484605,176.3916760370872,176.97894287109375,21299200
2023-08-23,177.14257724644182,179.17394108399202,176.5938132982817,178.86585998535156,21231100
2023-08-24,178.34599089519506,179.39536458994937,176.372388597738,176.3916473388672,26582300
2023-08-25,177.20035492251728,178.10532486957052,174.84166572037603,177.14259338378906,29340400
2023-08-28,177.95126277221652,179.79008321317022,177.93201872171363,178.72145080566406,23002000
2023-08-29,178.6252004127989,181.34973238721346,177.69136434987905,181.21495056152344,22986000
2023-08-30,180.73357175333,182.54351158775873,180.34848504776127,181.8984832763672,19869900
2023-08-31,182.14877275470425,183.16926565922398,181.50374449788737,181.5807647705078,17953400
2023-09-01,182.98637532525615,184.70965817191416,182.77457322922672,183.7373046875,25094600
2023-09-05,182.58202163420293,182.82270450727208,179.80936492572584,179.86712646484375,27160100
2023-09-06,180.08852463582292,181.08013675472168,178.19194269421317,179.1931915283203,26406200
2023-09-07,178.24012211017697,178.47118297519643,176.74788524009352,177.46031188964844,23894800
2023-09-08,177.68168393494855,177.94162549560696,176.61305161903474,177.06553649902344,19399100
2023-09-11,178.35558800043992,178.7984508438419,177.3350952149074,177.4891357421875,17424700
2023-09-12,177.18110562358305,178.43265955983196,176.8922979145481,177.31588745117188,16826300
2023-09-13,177.62396375418413,177.98980642914944,175.59259967865898,176.15098571777344,24415700
2023-09-14,177.65285162538072,179.13546643783752,177.37366593972249,178.6348419189453,27952500
2023-09-15,177.9031671234597,178.17274548822203,175.97770391022183,176.76715087890625,39695500
2023-09-18,176.85376619371158,176.91152773087,175.57333158960634,175.59259033203125,19287800
2023-09-19,175.68886717069515,176.46867729287575,174.32179027784136,174.90904235839844,24085900
2023-09-20,175.6021915049501,176.6708238858272,173.11835756140127,173.1568603515625,27642900
2023-09-21,171.8475545609188,172.0978594359834,170.47085571289062,170.47085571289062,31625600
2023-09-22,170.9426000871701,171.72241023942348,169.97986860238981,170.0857696533203,23164700
2023-09-25,169.14227485745383,171.23140014421753,168.99785633949713,170.8463134765625,22416200
2023-09-26,169.7523683459065,171.22259242081327,168.58198939779595,168.6497039794922,30476000
2023-09-27,169.70399513864967,171.13552088456123,168.7464271657574,170.226318359375,37293000
2023-09-28,170.32302880743717,172.72181915016964,170.20696354406888,171.7642364501953,31372400
2023-09-29,173.1086839390793,173.29246374772157,170.38103263850144,170.95172119140625,36689000
2023-10-02,170.55519663599298,170.94209073773214,167.47933391863018,168.3692169189453,42139300
2023-10-03,167.28589172242036,167.81788219704808,164.79038484431024,165.53517150878906,42733600
2023-10-04,165.40940459081617,165.9897604502476,163.5522865033233,165.61253356933594,42491900
2023-10-05,165.2062604175761,166.2702262882077,164.37442504137906,165.73825073242188,33365100
2023-10-06,164.7903566193374,168.19508031473597,163.95852113577587,167.334228515625,42160900
2023-10-09,166.212219821241,168.83347355286142,166.1445200027304,168.30148315429688,26658400
2023-10-10,168.60133179969813,171.24191995825083,168.57231548271886,170.20697021484375,31585000
2023-10-11,170.35206863880785,171.42571675035765,168.6690630513964,169.91680908203125,27427200
2023-10-12,170.11990956208655,170.11990956208655,165.1965965733584,166.07679748535156,38693800
2023-10-13,166.70554635751787,167.04407500807812,164.132657769753,164.69366455078125,33955600
2023-10-16,166.11548286122678,167.71143909778047,165.41906183751524,167.3535614013672,31140300
2023-10-17,166.3089505393918,170.64222596854552,166.2702522782304,169.22036743164062,39823200
2023-10-18,167.953246168158,167.97259529571417,165.39970741595823,165.73825073242188,38501400
2023-10-19,165.26431657272735,166.51206243515614,162.84619185099078,163.09767150878906,51397300
2023-10-20,163.13635518996608,163.49423289389983,160.97937750442082,160.9890594482422,54421900
2023-10-23,160.234616278858,161.97566898876542,159.25768446879408,159.625244140625,45590900
2023-10-24,160.99874779270309,162.13042843898464,159.99281436014036,161.01809692382812,32666300
2023-10-25,159.60591554887174,160.23463689785805,158.0486424744898,158.35816955566406,36832900
2023-10-26,158.7740714829963,160.34102641934984,157.85518699333892,158.764404296875,50525600
2023-10-27,159.1319584436555,159.43180355264346,156.375290311811,156.89761352539062,46017100
2023-10-30,158.42588091577528,159.4124801100263,156.63647715928377,157.76815795898438,35156300
2023-10-31,158.0486280814222,159.58656664247243,157.49730331200067,159.1319580078125,31533200
2023-11-01,159.07396385330188,160.176628417929,157.75850307803918,160.0412139892578,44367100
2023-11-02,162.2561370210014,164.43244884393582,161.84989391847404,164.30670166015625,50458100
2023-11-03,167.14079685830126,169.89745040236272,167.12144772646883,168.77545166015625,57060700
2023-11-06,168.7754367524076,169.0559327234175,165.77695622295127,166.6668243408203,35294400
2023-11-07,165.94138309574197,166.86026750802577,164.98381518316748,166.07679748535156,31168900
2023-11-08,166.07677038056335,166.49269542587936,163.75537700639026,164.30670166015625,44938600
2023-11-09,165.4287646456833,165.4287646456833,161.51139923350132,161.7628936767578,38577400
2023-11-10,162.7107881475122,164.1519958896211,161.32761304108797,163.57164001464844,36121300
2023-11-13,162.73010348742932,164.2099944263341,162.0336824857024,163.629638671875,27610300
2023-11-14,168.52393992313176,172.62508466586095,168.51427273773956,172.61541748046875,77611000
2023-11-15,172.50900953638882,175.80732017197093,172.276864268701,172.91525268554688,59641400
2023-11-16,172.30591376053337,172.77987157201085,169.4235129039297,170.11993408203125,46616700
2023-11-17,171.63847197200306,172.78950158146256,171.30961058617478,172.45095825195312,43418700
2023-11-20,172.67346957937485,173.76645201439106,171.91901577999386,173.45693969726562,26665100
2023-11-21,172.4026260046177,172.66377284884408,171.11618187760845,171.2225799560547,30457000
2023-11-22,172.34456955686338,173.51494835826907,171.6094649910856,172.2962188720703,28940900
2023-11-24,172.21886091063718,173.84383378343827,171.97704841701344,173.45693969726562,13846900
2023-11-27,172.6541235484706,173.24414663387276,171.42571192626022,172.8765869140625,30665800
2023-11-28,172.70247438036307,173.3505300489683,171.39668109825288,172.20916748046875,28350200
2023-11-29,173.66971719606877,175.7976639593072,172.84754890253808,173.11837768554688,31590200
2023-11-30,174.1533499228758,174.72402382981457,172.90558926906067,173.776123046875,32216800
2023-12-01,173.33118345099015,179.11533386470686,172.37361547190864,178.85418701171875,64221300
2023-12-04,178.19642957272296,180.8660485122337,177.993315376319,180.76931762695312,44862600
2023-12-05,179.95684995172965,179.95684995172965,177.95463553983424,178.35121154785156,36873500
2023-12-06,179.61830217356896,181.7655981166975,177.77085133581258,178.03201293945312,43637900
2023-12-07,178.29319878082924,179.48291217838394,177.38398139638133,179.3184814453125,32662300
2023-12-08,179.08629520423077,181.60115059681223,178.8057992552184,180.68226623535156,36087100
2023-12-11,180.5661871704099,181.47540435186968,179.80206631566483,181.0594940185547,29302100
2023-12-12,180.84671610542,181.51412090200952,179.27009403574118,180.875732421875,32024000
2023-12-13,180.97245072340655,187.29825817448307,179.58927577936126,186.9984130859375,69484800
2023-12-14,190.42248890301767,193.48866940852972,190.04526202086475,192.20223999023438,83649300
2023-12-15,192.4343803228998,193.0147362137824,189.53263038661362,190.58692932128906,74160700
2023-12-18,191.47680090504863,192.26027097981282,190.23870742750847,190.65463256835938,44451100
2023-12-19,191.97975848859951,194.70741032603092,191.53483179395195,194.34951782226562,52156200
2023-12-20,194.02333434721064,196.2658712594669,190.43139127315825,190.54788208007812,62360300
2023-12-21,192.70302682342611,193.9844847922223,191.75165078830872,193.79031372070312,38613400
2023-12-22,195.0135394863376,196.88716898523361,194.34368775852954,195.59600830078125,39173800
2023-12-26,196.3047068758587,198.58606906674063,195.7998887022256,198.13951110839844,26879000
2023-12-27,198.46956318936506,199.48890208851032,197.4599269187775,198.83847045898438,35806400
2023-12-28,197.83855399817818,199.17825751415364,197.3434532616186,198.0812530517578,28930100
2023-12-29,197.53760553582987,198.0715464055118,194.8485107421875,194.8485107421875,41496800
2024-01-02,193.57679270100985,195.7319618547217,192.64483646940198,193.69329833984375,44341500
2024-01-03,191.63515496106345,191.89727407045072,188.1208776222085,188.5286102294922,57532500
2024-01-04,188.3927106144582,189.78095690108685,188.0335207560742,188.15972900390625,43114200
2024-01-05,187.06272550690124,189.75183517687424,186.67439813202398,187.6063690185547,40964900
2024-01-08,187.6451997566345,191.21773764257787,186.64528080892083,190.9847412109375,31545400
2024-01-09,188.67424939549898,190.0527782365325,187.67433048395228,189.27613830566406,28998700
2024-01-10,189.05288263207242,189.67419169072934,187.4413571691516,189.38294982910156,35075200
2024-01-11,188.8198363150975,189.05283270550348,185.71329184221366,187.8975830078125,48939200
2024-01-12,190.16926601349832,191.34393592704413,187.01417838028792,187.58694458007812,42992100
2024-01-16,186.12104426770676,187.6160638627168,184.55806182997287,185.26673889160156,42213000
2024-01-17,182.63590609795688,184.38332752463938,182.05342241361242,183.94647216796875,37787700
2024-01-18,185.1405406106214,185.58709854503124,182.71355023134365,185.03375244140625,41760000
2024-01-19,185.70361084460092,187.21806545968636,183.70377291063383,186.81031799316406,63338300
2024-01-22,188.4800603224419,191.07209899224182,188.42181492548877,190.80026245117188,42379500
2024-01-23,192.4312244389594,192.79041429365802,189.28583941020884,190.24693298339844,42471200
2024-01-24,192.58653388936196,192.66419935447135,188.45093304803123,188.68392944335938,41120100
2024-01-25,191.3439374324071,191.88758093568325,188.73249327765078,190.24693298339844,37659500
2024-01-26,191.1400656817567,192.11086189423213,189.6741687336617,190.2566375732422,33478600
2024-01-29,190.43138394411744,193.5864715576172,189.39262491181083,193.5864715576172,29234400
2024-01-30,192.59629164919974,193.12051517228358,191.34397084711344,191.9361572265625,33121200
2024-01-31,191.45069527473925,193.13016829123902,187.08211305575315,187.2471466064453,68126700
2024-02-01,188.63538702881286,190.0236331488335,185.936575067199,189.73239135742188,59479000
2024-02-02,187.59663802628052,189.79063181322067,186.77145544095407,188.7324676513672,52839300
2024-02-05,186.84913074484328,187.4704396702582,184.50950853618198,186.33460998535156,39751900
2024-02-06,186.10164451702525,188.1403226369084,185.44151015480827,188.0141143798828,34689100
2024-02-07,188.40242267248783,188.48007333166947,186.4316927894534,187.57723999023438,31713900
2024-02-08,187.71317668448148,190.6352682695948,187.08216500290584,190.42169189453125,35370800
2024-02-09,191.16916883595363,193.72236735391428,190.71289347769053,193.51849365234375,46107100
2024-02-12,194.0330498593469,197.6055879115574,194.00392715568339,197.03282165527344,43291000
2024-02-13,190.489633491441,191.8584597025605,187.42191391299815,188.92665100097656,86247400
2024-02-14,191.90700030045247,193.95538103076146,190.49934866603363,193.31466674804688,43808000
2024-02-15,195.12033010670453,198.78993849250276,194.85821098966917,198.46957397460938,44931900
2024-02-16,196.21734046661277,197.75120037513977,195.21742147769575,195.77078247070312,48346200
2024-02-20,193.33404948834735,193.88741041029903,192.22734245761785,193.0719451904297,30547500
2024-02-21,191.88757157217285,192.55742328929946,190.65465630750757,192.15939331054688,28669100
2024-02-22,192.84866327636738,194.24661220399034,192.03319800631223,193.6156005859375,38184700
2024-02-23,193.7709353251452,195.2659550161448,192.7710163835365,194.05245971679688,37667700
2024-02-26,193.85831101350877,195.7513607918954,193.33407272830902,195.27566528320312,29118200
2024-02-27,197.14931911132618,198.2560263273498,196.62508080137079,198.04244995117188,32268600
2024-02-28,196.52798983002648,197.90651868963718,195.97462887237916,196.4114990234375,30143900
2024-02-29,199.18795547017857,200.0228407874313,196.60564885869042,197.78030395507812,40404100
2024-03-01,198.55694436688194,200.3043804786562,197.2075382497957,199.87722778320312,35156900
2024-03-04,200.98392493406925,201.70231941489732,199.45006524571116,199.69276428222656,24785400
2024-03-05,198.3336648945805,199.89664735548942,197.08132951211425,197.78030395507812,34163500
2024-03-06,200.01312494569487,200.06166771470015,198.12007545987564,199.2559051513672,34255200
2024-03-07,200.66361433756896,202.02273819509472,200.37237245287218,200.91603088378906,28020200
2024-03-08,202.6440039587657,204.2652318338889,199.78986076293916,200.78977966308594,41447800
2024-03-11,199.9451948451171,200.79948544087088,198.77052490784044,199.1976776123047,24435800
2024-03-12,199.15886971027624,199.9063870641046,197.45027342898848,198.92588806152344,34958900
2024-03-13,198.88701929680803,200.54708737121803,198.78994856151925,199.70249938964844,25140700
2024-03-14,199.06176783800956,199.28504682088067,194.3242775450415,196.1299591064453,47509100
2024-03-15,195.37274365400685,197.1493025540069,195.2562528452118,196.49887084960938,53217000
2024-03-18,196.98426699957676,197.2463713167432,195.04267453548516,195.37274169921875,32405100
2024-03-19,193.94566741489592,196.82893336990608,193.82917660885096,196.1979217529297,29864100
2024-03-20,195.63483722127938,200.94509315480752,195.236807259011,200.08108520507812,49609600
2024-03-21,201.4650607196184,203.36291701710962,201.3093353693661,202.3799285888672,43067300
2024-03-22,202.29238111097004,202.67195245014295,199.5867156982422,199.5867156982422,28437300
2024-03-25,200.21930790866384,201.4748084016822,200.01491650939707,200.0441131591797,20107800
2024-03-26,201.5137570093639,202.08797761751518,199.50884108884313,199.68402099609375,23434800
2024-03-27,201.27044157009038,204.10263554204477,200.64755492667535,204.0345001220703,35028400
2024-03-28,204.4627306963966,206.21460396380175,204.22914264381308,204.67684936523438,37675100
2024-04-01,205.1342888563632,205.16348550737086,202.3994269728615,202.7498016357422,25684200
2024-04-02,200.24850538639194,200.37503410316538,197.96133547204005,199.02220153808594,36632100
2024-04-03,197.94188308300028,200.88112144421785,197.84455101507606,200.3263702392578,27362800
2024-04-04,202.48701403575615,202.97364467998975,197.77643296376425,198.3214569091797,32265200
2024-04-05,197.70829123731053,200.19983768016755,197.45524865666633,198.98326110839844,27569400
2024-04-08,200.47232901052766,200.9005662958401,199.10976933070327,200.07330322265625,21331000
2024-04-09,200.70595369935307,201.4358997006307,199.00274636303868,200.86167907714844,23289100
2024-04-10,195.80070363368134,197.50391092980226,194.2045556759196,195.55738830566406,57130500
2024-04-11,196.56956085027716,197.4844287315894,194.74956720391364,196.88099670410156,37184000
2024-04-12,195.84935051611888,196.51117586601217,192.39427022600952,193.3772735595703,35388700
2024-04-15,194.0390941070562,194.87609939095583,189.76647773769122,190.5450897216797,41119300
2024-04-16,189.21173119378417,190.9928011388445,188.18980386782644,189.84434509277344,43267500
2024-04-17,191.21663414413794,191.36261738763417,187.82968923793575,187.83941650390625,38589500
2024-04-18,188.52070585140706,190.42830448327732,187.01214790616714,187.68370056152344,40238200
2024-04-19,186.8077517947964,189.19223869686857,186.22378915107845,187.9756622314453,42666500
2024-04-22,189.01707542883312,191.05118789363047,187.7420907063373,190.0779266357422,31553000
2024-04-23,190.03897575516487,193.99042868497258,189.91246189823988,193.26048278808594,31838300
2024-04-24,192.87120579039603,193.59142455749918,191.20693714791958,192.39430236816406,28791700
2024-04-25,190.21417898123647,191.56701150980575,188.58883449373147,191.2263641357422,31915600
2024-04-26,191.73244033468103,193.57190325452038,191.1679471038856,193.0560760498047,24613600
2024-04-29,193.92230500117554,195.05129162082952,193.56220308918466,194.6133270263672,20494600
2024-04-30,192.81280990620834,193.3383645097568,190.51591248729798,190.66189575195312,30606800
2024-05-01,190.6424026526001,194.96368462172964,189.81512471812928,191.06089782714844,38782100
2024-05-02,193.46485419804463,194.76902060174683,191.28474383080913,194.57437133789062,27201000
2024-05-03,197.97106827249073,198.70101418729936,195.7422917628339,196.50143432617188,30880600
2024-05-06,198.0294713101655,199.30444119461808,197.94188136026912,199.04165649414062,23129800
2024-05-07,199.2947153392795,200.63780579956472,199.03193063694147,199.48936462402344,20116900
2024-05-08,197.29955256558492,198.50640205012976,197.14382717710356,198.33120727539062,18349400
2024-05-09,198.51609714543272,200.48208901671845,197.9710732248675,200.35556030273438,22914300
2024-05-10,200.83246135367142,201.09523119399296,198.23384079307763,198.8470001220703,21520200
2024-05-13,200.56968472885185,201.02711871478456,199.1292622044193,199.26551818847656,18585300
2024-05-14,201.59162688412073,202.18531689784254,200.40424685667708,201.32884216308594,33169000
2024-05-15,203.61599781503898,204.16102175274673,202.16583316944713,203.83984375,33412300
2024-05-16,203.31427336018587,203.7522528123112,202.37020874023438,202.37020874023438,26731100
2024-05-17,202.4480846710374,202.94445745571585,201.80574347741316,202.51622009277344,35219800
2024-05-20,202.45781253975517,203.878765670468,202.22422448982954,202.96389770507812,15695900
2024-05-21,202.27289867284352,203.1099039886479,202.03931061350661,202.76925659179688,13466800
2024-05-22,201.9809154509231,202.6524681208907,200.29717756806343,201.0563201904297,20853100
2024-05-23,201.9614233499121,202.06848267439796,196.93940691701553,197.75694274902344,34039800
2024-05-24,199.31414867213613,200.18035052028333,198.5063549689092,199.94677734375,19946100
2024-05-28,201.4358710193491,201.55265761067236,198.51608742996967,199.6742706298828,18475900
2024-05-29,197.11459456991372,197.58175579935832,196.38464865168686,196.7252960205078,25654800
2024-05-30,198.0781515610376,199.4601808781567,197.6499141964225,198.59397888183594,20428200
2024-05-31,199.46989348705517,200.7643327528682,197.649899671974,200.26797485351562,25784900
2024-06-03,201.98094443550707,202.0101410904964,197.71805459757365,199.13902282714844,23902900
2024-06-04,197.71802124944588,199.03192990551895,196.25812934304844,196.569580078125,27098900
2024-06-05,197.86401561502535,199.5769500732422,196.39438161915965,199.5769500732422,20707600
2024-06-06,198.72049137287357,199.33365076346385,197.56232286400987,198.14627075195312,17335500
2024-06-07,196.14133790569076,197.73748575662404,195.31405990548524,195.82015991210938,26036000
2024-06-10,194.18509005192402,196.72530252537902,193.6887173066127,196.49171447753906,25075300
2024-06-11,194.84425815181953,196.1911126321819,193.65356373427315,195.8202362060547,23768400
2024-06-12,200.92461042493133,202.29098872573485,198.2211617599787,198.82626342773438,43668700
2024-06-13,198.38707243466055,198.65057579908265,195.69336334928323,197.08901977539062,28021100
2024-06-14,194.7661946221631,195.23465995805904,193.18511480586147,193.9561309814453,33453700
2024-06-17,193.3607999056811,196.12282005141952,192.66786371012495,195.58602905273438,25538100
2024-06-18,195.64456995891737,196.84501881208524,195.2248916459359,195.92759704589844,25446900
2024-06-20,195.5079463811976,197.01094615058835,194.4343644800296,195.0980224609375,27999700
2024-06-21,195.1272770569619,195.5957572257754,193.69260307822876,195.53720092773438,37511300
2024-06-24,195.86903958138421,197.82099570474486,195.71287951737693,196.3863067626953,22289600
2024-06-25,196.2984869260642,196.32776507871495,195.01995795283307,195.74217224121094,15925400
2024-06-26,194.5417175964503,195.76169022857655,194.03420481165745,195.2248992919922,19313500
2024-06-27,195.81050460829383,197.29398070121422,195.15660102281345,197.20614624023438,17432600
2024-06-28,198.9824285567449,199.72416658420337,196.4839268934694,198.01620483398438,35026000
2024-07-01,198.6310712126343,198.9238676271722,195.66408938727523,196.35704040527344,21886200
2024-07-02,196.67910384385183,197.4110873926585,196.07398731677947,197.03045654296875,17219100
2024-07-03,197.39156794470395,198.39682418216523,196.786466296745,196.98165893554688,15167200
2024-07-05,196.3765673952538,196.78647642550922,195.07851468665595,196.0447235107422,17282500
2024-07-08,197.64533873474613,198.8067551685359,196.9914351317396,197.42086791992188,20823800
2024-07-09,197.06952457373947,197.65511747505394,195.7129154148655,196.56201171875,17864200
2024-07-10,197.43059158565617,198.69936601884658,196.64982106576338,198.48464965820312,19286100
2024-07-11,202.90584633355752,206.15585527852593,201.96891567273894,205.6190643310547,65443600
2024-07-12,207.80527262235768,209.77675271885852,207.5515236563705,208.01998901367188,50810700
2024-07-15,209.63033038288523,212.99746675511602,209.15211064301315,211.97268676757812,48925300
2024-07-16,213.87581967154156,219.45841505808644,213.75870707632143,219.2046661376953,67945700
2024-07-17,217.0185215319156,221.19570719791605,216.33533974397088,216.91116333007812,66092100
2024-07-18,216.09130716481616,219.38034848168198,211.76771658851723,212.71441650390625,53180000
2024-07-19,212.40213461215788,213.39762162646693,210.66489465513413,211.631103515625,37933500
2024-07-22,212.45092629634425,215.34958272628748,210.20618836209465,214.99822998046875,36185900
2024-07-23,213.94416956659404,218.37510366490568,213.77824018153964,217.28201293945312,44884600
2024-07-24,215.7594872434903,218.48245960918965,212.4899546284348,212.61683654785156,42443000
2024-07-25,213.2024007944022,218.63860564931556,212.95840628333232,215.271484375,45053100
2024-07-26,218.52148114281806,219.97569380987014,216.3743323945165,218.83380126953125,40822600
2024-07-29,219.31205102322218,220.0049871523213,215.46669482793004,216.40362548828125,33869700
2024-07-30,217.3698404630053,219.0680476935226,215.79851514916126,217.22344970703125,26876800
2024-07-31,218.3360616382742,223.13787197860913,216.64760884666998,218.48245239257812,52387700
2024-08-01,218.3946193806948,219.48771006602442,209.89384374160514,211.37733459472656,71508100
2024-08-02,203.83304120264125,206.11682648402106,202.01772126025728,203.90135192871094,66850200
2024-08-05,193.14606453131336,199.8217662088903,191.97489376248654,197.3427734375,65683100
2024-08-06,198.1333050025711,202.27145743014214,196.36678705747212,199.4899139404297,37072500
2024-08-07,202.8570533108937,202.96441149719658,196.7181427443589,197.1280517578125,30594500
2024-08-08,199.50943792426682,202.02746316528012,198.28946532061175,201.92010498046875,26550300
2024-08-09,202.0762813047832,202.14459203211672,200.01696678845315,201.50045776367188,20954500
2024-08-12,201.64684560249358,202.00795275146402,198.92387312420672,199.6851348876953,20357900
2024-08-13,201.13932327459466,203.3743214656929,199.93887438011154,202.9741668701172,25458300
2024-08-14,203.6183489624095,203.73546158798314,200.79777238928847,201.71517944335938,25345600
2024-08-15,206.18513412495423,207.98094520001604,204.8675725864472,206.94639587402344,42561600
2024-08-16,206.29248665159275,208.83979009347004,206.20465219655244,207.49295043945312,30427400
2024-08-19,207.84430561719955,210.04025637271877,207.70766927699034,210.03048706054688,17246200
2024-08-20,209.72795965813881,209.78651596873527,206.95618508010287,207.580810546875,21703900
2024-08-21,209.13259403564928,210.47944863042505,207.70767429507725,210.2842559814453,19623100
2024-08-22,210.39161142533962,211.17238201106474,208.01022241904278,208.4298858642578,18084300
2024-08-23,210.0109764086777,215.7692565726986,209.63034551637043,215.08607482910156,40003100
2024-08-26,216.59881661398717,217.10632940525645,214.7932660307459,215.1543731689453,24865500
2024-08-27,213.65135759596345,214.10029915740836,212.48018691936574,213.48544311523438,19577900
2024-08-28,212.63634761334933,213.85632025976042,211.07479156128966,212.04100036621094,19685000
2024-08-29,213.5244938201728,215.6716427250104,211.93364470476507,213.55377197265625,24599500
2024-08-30,214.43215154117263,215.2031676754953,212.17762965603984,214.7932586669922,23010500
2024-09-03,212.89011945210416,214.10032283176923,207.79551229793185,208.22494506835938,31338500
2024-09-04,207.64908000483408,210.19638325518335,206.61454567727142,207.87356567382812,23706300
2024-09-05,208.41034502236664,208.88857962526998,205.85328731187815,206.83901977539062,23910500
2024-09-06,206.83902850576726,208.06877042449776,202.16410002894446,202.9058380126953,34561300
2024-09-09,203.1498492463543,205.20916377180083,202.53499312865114,203.471923828125,23584100
2024-09-10,203.70615435912208,203.84279070020636,200.84653072409773,203.30599975585938,23025700
2024-09-11,202.4861865992531,204.22342650309702,199.3045032130294,203.90135192871094,27175600
2024-09-12,204.8675735501548,207.66862602741284,203.4036063500975,206.5267333984375,27611700
2024-09-13,208.8886112334814,212.03126220296716,208.80077677034404,211.62135314941406,37388100
2024-09-16,212.40210734895192,213.0462415425186,210.94789469624357,212.38258361816406,23289000
2024-09-17,214.30528828106972,216.4719610090951,213.22195191705703,214.13937377929688,35563500
2024-09-18,213.9636741301152,219.53651561903732,213.00721976446047,214.1783905029297,54085200
2024-09-19,219.26325580068743,219.28276464136445,216.1791612578142,218.58982849121094,35369500
2024-09-20,218.08231106500818,218.0920803773847,215.9741947214183,216.2474822998047,34587500
2024-09-23,217.34058534648258,217.75049439889744,214.7347253682588,215.45693969726562,20157700
2024-09-24,216.3060279834698,216.59880949549884,214.227189894601,215.8180389404297,20939800
2024-09-25,215.76125507229938,216.04524796127237,213.03876370503397,213.1856689453125,23242300
2024-09-26,215.92772049634925,216.55447729204502,213.86137911720115,214.3216552734375,24974700
2024-09-27,216.29008947100917,217.99409174736732,214.9876072911647,215.77105712890625,23959600
2024-09-30,214.87987329047817,217.00497098200452,214.05725772144774,216.3194580078125,21938200
2024-10-01,215.61435297028282,215.78083362390552,211.8244338163105,213.38153076171875,30016000
2024-10-02,212.50016188886025,214.22373951067806,211.73630243599285,213.08773803710938,14455400
2024-10-03,211.7558961381326,212.73520474619897,210.6296972160817,211.65797424316406,21353000
2024-10-04,214.75255058789702,215.42827583182333,212.793933622574,214.61544799804688,27901500
2024-10-07,214.11601542305917,214.1356057776271,211.40332662329754,212.93104553222656,14891800
2024-10-08,213.1269255696744,213.85160433668932,212.2161608432889,213.0779571533203,18118600
2024-10-09,213.02895663120984,215.06591991143375,212.43157790507175,213.54798889160156,18230700
2024-10-10,211.43269734674956,212.3924304274654,210.15960826219398,212.36305236816406,24571400
2024-10-11,212.2847225629819,217.02457244785592,212.22596643976607,216.6818084716797,19950900
2024-10-14,216.8678543471521,218.493509968607,215.86895553910549,218.27806091308594,19263300
2024-10-15,217.96470669690925,220.83407351716752,217.38690330747625,218.45436096191406,25998800
2024-10-16,220.23670455778165,222.46952691053596,219.74705027089584,222.04843139648438,27656700
2024-10-17,222.21490050448054,222.2638689192351,220.25628345879596,221.4412384033203,18003600
2024-10-18,221.97008350682302,222.33242289503576,220.72635744197913,220.98097229003906,20047400
2024-10-21,220.96138287779902,221.02013899723914,216.94621202802327,217.50442504882812,24243800
2024-10-22,216.887469845998,217.2400215283559,215.74168061410052,216.6818084716797,15813900
2024-10-23,215.47726046584623,216.23133223831988,212.87229611952827,214.70361328125,23263500
2024-10-24,215.8689609305447,216.4663397006709,214.00828079700347,215.1736602783203,18381900
2024-10-25,216.73074922489744,217.37709638389674,213.99848524267085,214.36082458496094,23807800
2024-10-28,216.2215058518158,218.3564060407516,215.9179226235548,217.85696411132812,19877700
2024-10-29,216.1725774240172,217.30856399957017,215.4185056469802,217.15188598632812,20282200
2024-10-30,216.4957234041232,219.83515381855204,216.32922781989052,216.85806274414062,19754800
2024-10-31,216.64260987525475,217.18123249488528,213.12689623366904,213.2541961669922,24078400
2024-11-01,214.9582192216568,216.3978039353516,213.8222177569751,214.448974609375,21222200
2024-11-04,213.9788986175505,217.15186340904734,213.33255144729094,215.53599548339844,20463700
2024-11-05,214.80151425456737,219.6490881480216,214.52730908092568,219.59033203125,26404600
2024-11-06,231.6946000620864,232.6641208801616,227.93405891698748,232.3115692138672,75554600
2024-11-07,231.9883946021949,233.55529421072487,230.52921952853964,231.48895263671875,34970300
2024-11-08,231.0482290331597,233.53568079534315,230.77402387020322,233.1929168701172,26597800
2024-11-11,235.54329090958626,237.3745930718307,234.88715599018886,236.69886779785156,29207700
2024-11-12,234.99487156396955,236.7869929487057,231.66521373597772,232.54660034179688,35314300
2024-11-13,234.00576508480373,234.91652976797386,229.97101881212666,230.24522399902344,25947700
2024-11-14,231.06782967653777,231.53789355638938,226.42591710899802,227.14080810546875,29272100
2024-11-15,227.41503020537675,227.48357403273943,223.0962759604689,223.75241088867188,37930000
2024-11-18,224.47709254609143,225.82854303969336,223.40964988178402,224.19308471679688,29368500
2024-11-19,221.90151068453284,226.04399642198203,221.71543967758984,225.85792541503906,26009400
2024-11-20,225.46617471254743,226.1516876220703,223.32148686892106,226.1516876220703,24222700
2024-11-21,227.35627379785183,230.69571949919919,226.3279968442062,229.58909606933594,28679400
2024-11-22,230.764242798779,234.28975919964716,230.46065956985504,233.82948303222656,22693100
2024-11-25,236.49322474046386,239.9110019820294,236.39528790922384,237.38438415527344,33534000
2024-11-26,236.18961519924457,236.61072562168047,234.47582533627562,235.64120483398438,22581400
2024-11-27,237.00245063139351,238.6476967229226,235.46494401834258,235.96438598632812,19472800
2024-11-29,237.35499543460776,238.44202846307738,236.5421675896204,236.86534118652344,16782700
2024-12-02,237.22769980330014,237.6390075859996,235.0438310581451,236.74783325195312,25274800
2024-12-03,236.5421659669117,237.12975703780666,234.41706833797167,235.06341552734375,21376700
2024-12-04,235.3082456058564,236.66948382557112,234.26039327937247,235.90562438964844,19903000
2024-12-05,235.54329329523108,235.876254611182,232.82081676022096,233.15377807617188,20227000
2024-12-06,234.82838145492732,234.92631828332603,233.44756781010258,233.98617553710938,20760900
2024-12-09,235.57266177087584,236.38548961596294,232.73265816580135,232.81100463867188,16684300
2024-12-10,232.66411866221344,233.87846659966516,231.03846294184953,231.8023223876953,19946500
2024-12-11,233.7707262825418,234.33871203269587,231.9296216178488,232.8501739501953,23156900
2024-12-12,232.2528077809805,232.73265938311235,229.50095328290533,229.82411193847656,21454500
2024-12-13,229.52054094757918,230.000407518392,227.08207221244018,228.24745178222656,23972900
2024-12-16,228.0907552014469,230.7544756205968,227.5423448109859,229.58909606933594,32293500
2024-12-17,228.53221484513776,229.28852542755305,226.44992153957827,226.96067810058594,33064300
2024-12-18,228.10987007148742,228.93492798986745,215.0267445624836,216.91259765625,52267500
2024-12-19,219.27973937008392,220.43874714792904,215.4294541435776,215.9500274658203,51871700
2024-12-20,214.7124541402194,220.66468154900204,214.19188078515614,217.97340393066406,53882200
2024-12-23,217.79662154179692,218.4448728313206,215.4785907533157,217.4724884033203,29606800
2024-12-24,218.07163550577496,219.65300411900046,216.55901423011798,219.41726684570312,13399600
2024-12-26,218.4645151575071,222.11836044910243,217.53141280876417,221.66653442382812,20024800
2024-12-27,220.30124797659846,221.43080551226635,216.28398762424936,218.43504333496094,26956000
2024-12-30,216.74563062191436,217.86535640551986,213.9757889413865,216.7554473876953,25706100
2024-12-31,218.16983106500757,219.30920531568532,216.2348641868933,217.0304718017578,26208300
2025-01-02,218.96543567696628,220.37982930867912,215.69466913791638,217.207275390625,29363000
2025-01-03,218.1207356221858,220.82182988605578,217.44300411798991,220.43875122070312,24525300
2025-01-06,221.74511434680338,223.13004272601802,220.15392896745075,220.5271759033203,23541900
2025-01-07,221.56829371710174,222.4915791827534,217.44298939098508,218.7591552734375,28835200
2025-01-08,216.97152799883068,218.35645628088025,215.11514019068503,217.7671356201172,26795900
2025-01-10,214.42759838809627,214.82049382787343,211.4809500331961,212.9739227294922,37379400
2025-01-13,210.68536492842662,213.65166190851446,210.16479156605934,213.38645935058594,28603800
2025-01-14,215.2821254113828,216.3134553512703,213.35699017852633,215.81253051757812,25447500
2025-01-15,221.43080615084443,221.5683158091782,219.03419640208858,220.05569458007812,30124700
2025-01-16,220.1637310610742,221.22452623909058,218.74935247781386,220.49769592285156,21029800
2025-01-17,222.89429863097828,222.93359566904036,220.6744955781894,221.45045471191406,26754900
2025-01-21,223.473810428114,225.80165778038318,222.95323709606586,225.70343017578125,26086300
2025-01-22,225.27127950401126,225.7623875779355,223.77830676280152,224.23011779785156,21307300
2025-01-23,222.89432002438485,225.27129647013567,222.52108805154452,225.25164794921875,20850700
2025-01-24,224.75067871945964,226.13559192848595,223.98453642919162,224.62298583984375,19074500
2025-01-27,222.67821105537016,225.53644841875692,221.20488695545683,222.47193908691406,27461700
2025-01-28,222.70768201385462,223.5130914155365,221.17541232145706,222.71749877929688,16847400
2025-01-29,222.6487355750053,224.16135674308512,220.58609078320754,222.2067413330078,20280500
2025-01-30,224.45603406425948,225.95882354309512,222.88448226240698,224.46585083007812,25575100
2025-01-31,224.68195120960334,226.224037806407,221.52903067684878,222.4523162841797,35330700
2025-02-03,217.57067777738055,221.53883912062838,216.7456198698479,219.84942626953125,34023300
2025-02-04,219.62352076263926,223.09074231467304,219.24045709219277,222.894287109375,17985500
2025-02-05,224.0042075219806,225.41860114282613,222.85501645190075,225.32037353515625,15197300
2025-02-06,226.4106169155523,226.59724036355632,223.2577117793009,224.5836944580078,18809400
2025-02-07,224.7801567950179,225.17303723360587,221.56830600419173,221.9808349609375,28914400
2025-02-10,223.32646316543963,223.47380456847915,221.84332229438007,222.98269653320312,14574700
2025-02-11,221.0477532252353,222.39338458927574,220.81201594771377,221.68618774414062,18215700
2025-02-12,218.30732830678537,220.48784908113728,217.8456855760713,219.6431427001953,25572800
2025-02-13,221.03790346828265,222.31478738952217,219.7708512999491,222.11834716796875,21419400
2025-02-14,223.22825414904304,223.92561917741617,221.59777184866232,221.9513702392578,13574500
2025-02-18,222.1281803138903,223.62115308516366,221.49956256610614,223.16934204101562,15166500
2025-02-19,221.4013485484619,223.11039507742274,221.07721541669332,222.4031982421875,16194800
2025-02-20,221.9906678222338,222.16747452361776,219.04401935688657,220.27178955078125,18507700
2025-02-21,221.9808509906408,222.33444940587526,213.5927316228969,213.9266815185547,45036900
2025-02-24,214.89906877003466,214.89906877003466,211.3238025185478,212.3845977783203,30246200
2025-02-25,212.52208161122692,213.4060850473054,209.69330958308737,211.57916259765625,33665100
2025-02-26,212.2176072639495,214.52582108408765,211.0193024280601,211.8443603515625,25464200
2025-02-27,211.8051024557019,212.6399922273244,208.44592482343492,208.61289978027344,29378500
2025-02-28,207.87620716230398,210.84250387173327,207.2083074328237,210.83267211914062,32015400
2025-03-03,211.56932772698235,212.119381295457,203.731247972203,205.0670623779297,36330000
2025-03-04,202.2677626506838,206.03948402123686,199.57650001724937,202.74905395507812,56427100
2025-03-05,202.7785078121956,205.12600365655967,201.1775057846117,204.76258850097656,35778500
2025-03-06,202.12044157943137,204.41882381246833,200.27387039010458,201.62933349609375,39206300
2025-03-07,201.32484691333423,203.42678888996375,198.14246116895765,202.28741455078125,43514000
2025-03-10,199.82203902561753,201.09892290992929,195.21544327438696,197.19952392578125,39442800
2025-03-11,197.5433010322646,199.60596087687458,194.9993648813599,197.1798858642578,51509700
2025-03-12,199.43896939855867,200.12651762727734,196.00121326753796,197.52365112304688,36881700
2025-03-13,197.6906497811136,198.43712866369506,193.49658260134538,194.5770263671875,31336900
2025-03-14,196.6789781463263,199.4586518030126,195.7949745699902,199.28184509277344,34089400
2025-03-17,199.10504769367813,202.35618083926585,198.99700331478715,201.7963104248047,26947600
2025-03-18,200.67408050369102,200.74298211248234,199.1974500806206,200.04405212402344,22888000
2025-03-19,200.18186210111543,204.4443885279291,199.73886097562792,203.15480041503906,31595600
2025-03-20,201.13674252272432,204.07031051353653,201.01860188437485,201.86520385742188,25665900
2025-03-21,199.5616684088247,201.23517978036307,198.61661838736956,200.614990234375,39470200
2025-03-24,203.73561044300249,205.9702334735223,203.46981278409487,205.6060028076172,25774700
2025-03-25,205.43864692404998,206.00961242307432,203.86356864942704,204.4640655517578,17836900
2025-03-26,204.72004918157876,205.5666512279501,201.49113682576643,202.386962890625,19344600
2025-03-27,202.13100972679132,203.1351225777122,200.58546273953755,201.42222595214844,23960000
2025-03-28,201.35330138587474,201.3926866057246,196.27370456263668,197.3270263671875,26656200
2025-03-31,194.4033094409549,197.51408107884353,192.44432272995948,196.3820037841797,32250800
2025-04-01,195.8897846648823,198.0948763405958,193.59608375350783,196.40167236328125,26054100
2025-04-02,193.71419862444966,200.16215370133756,193.47793237756403,199.50259399414062,36603000
2025-04-03,190.10136689289294,192.02098309156813,186.2522806810245,186.6952667236328,60551500
2025-04-04,179.76497080919194,181.18253828073975,173.91751249958722,178.36709594726562,92612800
2025-04-07,171.60412662587404,187.28593230179786,169.0544670381914,176.7526397705078,96706200
2025-04-08,182.79698660098356,183.02339903769249,169.65497111957694,172.09634399414062,61090600
2025-04-09,170.02907811570256,189.1169874347466,169.06435041229156,186.72483825683594,123015100
2025-04-10,181.64523160433626,182.5902666474656,174.2226943903296,178.87901306152344,67503000
2025-04-11,178.3178972816405,181.97010330099954,175.79778365001454,181.48773193359375,44954400
2025-04-14,184.88395803977573,185.04146887911438,180.1981232274045,183.6239013671875,35214600
2025-04-15,183.43685659752077,186.10464195074442,182.94464649715965,183.85031127929688,30715500
2025-04-16,182.80684894024586,183.82080065995453,179.7157697613059,182.08822631835938,35063300
2025-04-17,182.10790001457994,184.50987270874975,181.58615850508195,183.57467651367188,42359200
2025-04-21,182.11774392372644,182.40321918331313,177.95365052531338,179.89295959472656,26019000
2025-04-22,182.26539330595193,185.16944490139798,181.67475020090708,184.54925537109375,34477100
2025-04-23,189.91433445899656,192.46397905484082,186.8823185797252,187.2859344482422,44866100
2025-04-24,187.7880007594662,191.3417584491273,186.93155995200286,191.03659057617188,29820100
2025-04-25,189.71745983505315,191.2334603153228,188.56569001760815,191.09564208984375,25029000
2025-04-28,191.4697457369477,193.09403320135578,189.53043657072914,191.90289306640625,22482300
2025-04-29,191.4402019315295,193.79296566320278,190.00294179696039,193.0349578857422,20118200
2025-04-30,190.13093831897527,192.43447824230591,187.74864296821514,191.8241424560547,29046100
2025-05-01,192.6608821782705,194.59033734072065,190.72157320043252,193.01527404785156,33169700
2025-05-02,195.24006985514487,198.07520497999832,195.09239780510654,197.3565673828125,30201800
2025-05-05,195.47633023853146,197.37625405246862,194.99395892329028,195.84056091308594,20834200
2025-05-06,193.52717276527991,195.49601325940813,192.59197653478117,193.70437622070312,24642100
2025-05-07,195.01365184266731,195.46647673265917,192.98573356915347,194.34423828125,23623300
2025-05-08,196.65764834298156,199.58137784765063,195.17116407040908,198.04566955566406,32646300
2025-05-09,198.40004957493107,199.1285259638383,196.84467880631055,197.68142700195312,17203000
2025-05-12,205.58632808419242,206.46246153431449,202.61338964776917,204.63143920898438,38207200
2025-05-13,205.67490694119434,206.34432049389122,204.72003315837406,205.3795928955078,28295800
2025-05-14,204.79877470656083,205.29098481354947,203.31230559103693,203.55841064453125,26316100
2025-05-15,203.3615357547068,204.9464529479735,202.1900732612843,204.88739013671875,21563700
2025-05-16,205.1728529906666,206.85621811493326,204.54282467361415,206.58058166503906,28906400
2025-05-19,203.57811946052817,205.83243532072413,203.046524090869,205.7143096923828,25859600
2025-05-20,205.40913136033774,206.49198461421523,204.7200401949501,205.8225860595703,22053100
2025-05-21,203.41076768609656,204.37549535660534,199.6798064053443,200.04405212402344,36704400
2025-05-22,199.13836889962533,201.1859648544019,198.390214905424,200.03419494628906,31831300
2025-05-23,196.66747250598098,200.09325070324084,196.53949306923857,199.40415954589844,29114600
2025-05-27,202.43616241239604,204.51328956428847,200.9792247720586,204.4640655517578,31655900
2025-05-28,204.47391813249226,204.78892477287937,202.00301391633107,202.3081817626953,26046700
2025-05-29,203.7257773134891,203.83406414692374,201.28441918458134,202.90870666503906,32749500
2025-05-30,201.94397790336618,203.03668502726447,200.3688994292755,201.8750762939453,37768900
2025-06-02,202.12115790865207,202.63304558541984,199.5124354275224,202.5050811767578,30334300
2025-06-03,203.24340900462582,206.3443267467846,202.34758298273613,205.7733612060547,37702200
2025-06-04,205.92102731293699,206.73809794926362,204.89723682925072,205.19256591796875,27225300
2025-06-05,205.44847754878958,206.56087709929895,203.77496633670958,205.2811279296875,35728700
2025-06-06,208.20487074386705,208.82506027197098,207.31889857891292,208.5986328125,32144500
2025-06-09,210.53795284768944,210.94156875291853,209.23852593612813,210.03590393066406,33984400
2025-06-10,211.11879026800082,212.07366416730767,210.47890804181242,211.16799926757812,30182200
2025-06-11,212.22129780745726,212.56583584743188,209.97682106642355,210.3016815185547,31113400
2025-06-12,208.86443836169224,209.94730662293563,208.3328580468477,209.46493530273438,25367000
2025-06-13,206.57074004926065,208.14581844544188,204.97598406339628,205.6355438232422,60580000
2025-06-16,207.77367212833957,209.22477227019817,206.9444763508757,208.05995178222656,28974000
2025-06-17,206.37193683315343,207.74406382821977,205.69080633513596,205.86849975585938,32843200
2025-06-18,205.7599424782356,208.67200923735928,205.10842494820088,206.95437622070312,42850500
2025-06-20,208.39559902220066,208.53379833338525,205.7796781095655,206.52003479003906,36978100
2025-06-23,205.79941269311942,209.0569851406209,204.15088693807917,209.047119140625,35516400
2025-06-24,210.54755146606246,212.16646405814592,209.62951645771383,211.71238708496094,31772500
2025-06-25,211.8999368800463,211.96902899778428,209.16554891545903,209.24452209472656,27725600
2025-06-26,210.09347588612943,212.7785038706974,209.96514258031135,212.6403045654297,26261200
2025-06-27,213.27207464456143,214.61458863479757,211.37676343409765,212.7093963623047,47717300
2025-06-30,213.89396734344697,213.92359546740488,212.6205605170483,213.01541137695312,25558000
2025-07-01,211.8604519819736,217.69446593946128,211.39649394770063,215.2068634033203,43864800
2025-07-02,215.56223225321494,218.25714124001453,214.56522407752576,218.1880340576172,35735200
2025-07-03,219.1554206043172,220.45845545634063,218.91851613129012,220.211669921875,23515700
2025-07-07,218.72110776146081,219.95503552995055,215.60173474769604,216.90475463867188,41551200
2025-07-08,217.74382893387966,219.43183366586848,217.49704338314254,218.40521240234375,36339300
2025-07-09,219.70823749223973,220.81383188995537,218.27686931204738,220.7743377685547,32425200
2025-07-10,220.51768709298673,223.14348886043334,219.9945029518346,221.90956115722656,33865900
2025-07-11,220.3005265320247,220.66576433190576,218.72110802401878,218.84942626953125,31579600
2025-07-14,218.52366071653304,220.46833202637427,218.21764904913778,220.3202667236328,24632200
2025-07-15,221.18895080265176,221.34688210052425,215.97682634541624,216.00645446777344,44215400
2025-07-16,217.3884600942669,218.5236676180558,214.1210217680935,218.1781768798828,48199800
2025-07-17,218.2373980796703,221.31727690523954,217.87216028788265,221.04087829589844,43548000
2025-07-18,222.39326123362468,222.46236841817446,219.12582293779198,219.47132873535156,49009900
2025-07-21,220.66575634501376,221.52458028439332,218.40520737978818,218.5828857421875,28191400
2025-07-22,218.77045252606123,220.93229638354478,217.8228044361967,220.3992462158203,30873300
2025-07-23,221.92931087511076,223.79500898219322,221.1889542443226,223.765380859375,37478100
2025-07-24,222.62029988514277,222.9460585992269,220.6065214821853,220.67562866210938,29446700
2025-07-25,221.53444365881,221.71213708169822,219.67861156190312,221.49496459960938,24555500
2025-07-28,222.4228944936542,222.5413467412238,220.5571812188629,221.23831176757812,24934900
2025-07-29,222.7091594409529,222.78813262698068,219.20480150677042,219.8267059326172,28685900
2025-07-30,220.7842320998958,222.0378918717272,217.28974021301198,218.7112274169922,48924400
2025-07-31,217.62537167732643,219.1653110684438,216.06568522507837,216.56912231445312,42913900
2025-08-01,213.43987348045064,213.77549819108563,209.6097571793888,212.15658569335938,63854100
2025-08-04,213.76564962567952,216.9146357008805,213.3016915797198,216.90475463867188,34989600
2025-08-05,217.72408104495324,218.41507757187247,215.43391897536458,218.01036071777344,31337100
2025-08-06,218.1090754482084,218.14856957295817,216.55926996017251,217.72409057617188,23142100
2025-08-07,219.89577411738998,219.97474729482036,215.70042009043416,217.01332092285156,37088000
2025-08-08,218.22753928721454,218.7211104005659,216.91463831818854,217.4871826171875,28318100
2025-08-11,217.9313762498228,218.82966415700707,216.98371316012177,217.43780517578125,25212800
2025-08-12,218.99749067609892,224.06151963236294,218.3064791252092,223.89370727539062,43815500
2025-08-13,225.3250618838907,228.48392881603255,224.90059798915803,228.24700927734375,41705800
2025-08-14,225.5027690575816,225.85814085599296,223.2619520214157,225.3053436279297,55945500
2025-08-15,225.7002046269618,225.83840394018634,223.13362873839753,224.20962524414062,33571400
2025-08-18,224.28857405313343,225.52250173801522,224.0220414556727,225.0289306640625,20144100
2025-08-19,225.0881776802936,226.03582579521068,222.78813445462478,223.30145263671875,25000700
2025-08-20,223.02503712408065,223.46926317831446,220.81384816566745,222.51173400878906,29229700
2025-08-21,221.524574807061,223.4100199397378,220.9026704288518,223.06451416015625,24539400
2025-08-22,224.44652036652317,232.39301820136592,224.2589609358569,231.81060791015625,58205500
2025-08-25,231.12947212543162,231.2874184911012,229.3723602294922,229.3723602294922,28453700
2025-08-26,229.83631652335905,231.85007995131008,229.59939697664947,231.26766967773438,25121500
2025-08-27,230.73461652972154,233.0840046547245,230.5569231063482,232.9063262939453,25395400
2025-08-28,233.91321462546713,233.9230806246077,232.32391513337583,233.18272399902344,25011200
2025-08-29,233.69604543031744,233.97244403608195,231.35650821800402,232.14622497558594,29254800
2025-09-02,229.00713264391456,231.3861339839776,228.49381446391058,230.89256286621094,33108600
2025-09-03,230.27067646948353,232.23507990346286,229.47109365840697,230.66552734375,33252400
2025-09-04,231.2183022903322,233.62693155377835,230.57666591589012,233.54795837402344,30323800
2025-09-05,234.66343895101676,236.5982291781808,231.92905090984723,234.71279907226562,47542500
2025-09-08,235.4432817996887,235.49264192243828,233.35054514593966,235.18663024902344,31487700
2025-09-09,234.84112900850943,234.90037019451506,232.39302051110036,233.8046417236328,35395800
2025-09-10,234.2587198885343,235.2063830556514,232.43251580295149,233.39002990722656,33910200
2025-09-11,233.8046185199197,237.83214513808684,233.20246122068016,237.70382690429688,43629800
2025-09-12,237.11155200241402,237.23001930826635,235.1372676142797,235.2754669189453,46097600
2025-09-15,236.15400889744566,236.95359161731878,235.48275947523888,236.27247619628906,33014000
2025-09-16,236.05172648020516,236.52689453069294,234.37872166093356,235.88343811035156,37059300
2025-09-17,236.41800133009954,241.82307723455074,234.63610236504786,236.48728942871094,79955600
2025-09-18,238.378081617664,242.68432106732647,237.7148221651041,242.37744140625,49167700
2025-09-19,243.10010981250122,243.10010981250122,240.07087403554704,240.53614807128906,56092000
2025-09-22,239.8036066070458,242.32794716059283,238.68496707502325,241.93197631835938,53572900
2025-09-23,242.54574281534022,244.69391566377513,240.99154135310883,241.38751220703125,41854500
2025-09-24,241.44691434779455,242.1497800079807,239.13045305420133,239.17005920410156,36002200
2025-09-25,236.57639058832484,237.57624191095582,235.16078044583506,236.88327026367188,37209500
2025-09-26,237.2099416650652,239.24922015042375,236.92286507759937,238.9126434326172,28942800
2025-09-29,240.3975653127237,240.48665648733345,238.38798381259986,239.18983459472656,26391500
2025-09-30,238.68497128641422,239.69471658884075,236.99216342956151,239.52642822265625,33447700
2025-10-01,238.1504143768591,240.59555783791447,238.13061130236585,240.0511016845703,28520000
2025-10-02,240.55595905351987,241.63499244621988,239.04134866790474,241.56570434570312,28687400
2025-10-03,242.882330132027,245.5947621520336,242.56554137053507,243.3574981689453,34579600
2025-10-06,245.238381747831,245.9808384122761,243.59508914390196,244.32763671875,31507400
2025-10-07,244.87211206036596,245.14929467797418,240.74405474957226,241.7042999267578,31766600
2025-10-08,242.8130366351275,244.47614748882245,241.3479263179421,244.23855590820312,25825000
2025-10-09,243.83267539631095,244.76322353661786,241.55580517955747,242.66455078125,26243100
2025-10-10,243.27830816992383,244.40684173178923,235.17067871782675,235.3983612060547,70569400
2025-10-13,239.3977294798735,242.1695707239381,238.97204646943223,241.9517822265625,36298600
2025-10-14,238.80374941609338,247.08957578858303,237.94250454755422,245.4066619873047,45320800
2025-10-15,247.84193765910257,250.22770206206854,244.57512527439772,247.81224060058594,45369000
2025-10-16,248.44580768394042,248.73288429009156,241.54590899320883,242.59524536132812,52740400
2025-10-17,240.8727465946329,242.6942366418579,239.0413474578703,240.9618377685547,55379500
2025-10-20,244.13954303736594,245.83235086308986,243.66437500597584,245.6640625,32545000
2025-10-21,244.94139073595883,245.87193881868438,243.04070352893865,244.50582885742188,26337900
2025-10-22,243.5554792948248,244.37713313696236,238.34838873856384,240.8925323486328,46578400
2025-10-23,241.83297708597712,244.63451536741263,241.2291117305395,243.94155883789062,28591000
2025-10-24,247.28758408051578,248.58440604792347,246.46593017708733,246.92129516601562,26627000
2025-10-27,249.24764194147863,249.67332493547104,246.99057496981922,247.78253173828125,31798100
2025-10-28,247.04008646020955,248.3764994072075,245.61456723248935,246.45602416992188,28075900
2025-10-29,246.33723011521715,248.61410035056804,242.22897574895813,244.3573455810547,56235300
2025-10-30,242.8031488255977,245.64427835398925,242.16958636648639,242.3873748779297,44538700
2025-10-31,242.525945084176,244.30782896042214,241.23901720274992,243.7534637451172,37214700
2025-11-03,243.69407387739537,243.78316505169664,240.05109376742826,242.97142028808594,28887900
2025-11-04,239.3581254013996,241.6052984953929,238.5760776852037,238.77406311035156,34468700
2025-11-05,239.52644132303155,243.2585128522724,239.20965254207377,242.2190704345703,38229200
2025-11-06,241.8032797643676,242.32794792938515,237.58613137045697,237.9326171875,40601200
2025-11-07,236.01213473011074,239.22944703282755,233.8936589257654,239.17994689941406,54978900
2025-11-10,242.54573116023116,242.77342874034878,239.81349614669145,241.57559204101562,31238000
2025-11-11,240.9222330397184,242.2784641515649,240.0807912166365,241.7834930419922,27357900
2025-11-12,242.3774570990297,243.90197662448261,240.88264973799986,241.1895294189453,34543200
2025-11-13,239.40761250510502,240.23916030866377,233.467959441996,234.4084014892578,65710000
2025-11-14,230.99311621436848,236.32890422734818,230.9238281130673,235.0914764404297,58344400
2025-11-17,234.08174360476613,235.44785359451498,229.42900309411877,230.4189453125,55765900
2025-11-18,228.9835320962983,232.71561848874902,228.63706138308774,231.12181091308594,63092500
2025-11-19,231.44850326305536,233.99264701488394,230.09227209609327,231.08221435546875,57280500
2025-11-20,234.85389919569107,236.6951923407463,226.5977695486449,226.8056640625,95483000
2025-11-21,227.64711895426345,234.72519976637832,227.2709360779581,233.2303924560547,99504100
2025-11-24,233.5867771117866,237.97221397532837,233.11159396174287,237.4871368408203,36135300
2025-11-25,238.3187048684729,243.0803247173897,237.62573320292003,242.66455078125,46160800
2025-11-26,242.58534363172274,246.32732400872175,242.30816101900572,244.81271362304688,34636600
2025-11-28,245.51556050029663,246.3075172843159,244.58502751729222,246.2481231689453,18911800
2025-12-01,243.10012739814434,245.19880015011154,242.87242980311385,243.1496124267578,36920000
2025-12-02,244.88200194135698,244.88200194135698,242.65463194805187,242.70413208007812,31918500
2025-12-03,243.49610088646475,247.32717263020672,243.01102373719345,247.11929321289062,32846300
2025-12-04,246.465920538624,250.11880981866526,246.04023752093855,249.28726196289062,40245800
2025-12-05,248.96057760933317,250.11880820927803,247.76274086109015,248.24781799316406,36956600
2025-12-08,250.15839784661966,250.22770105309212,247.66373920404524,248.3468017578125,29100000
2025-12-09,247.73305393686653,250.40589505418222,247.58456863797355,248.86158752441406,30170100
2025-12-10,248.37649938075754,253.98948511563796,248.02011957386546,252.24717712402344,51105200
2025-12-11,252.07890142109855,255.4150171742798,251.76212774645853,255.2071075439453,41345200
2025-12-12,255.35561372173402,255.60309928253793,250.89096453742667,251.29684448242188,57657700
2025-12-15,252.97973449047447,253.1183257954995,249.20805709163997,249.39613342285156,43120100
2025-12-16,248.65317840450373,250.46092232280134,246.79578351638534,248.2161407470703,43115300
2025-12-17,248.68298091005394,250.46092822597447,245.03771149923423,245.57408142089844,38132400
2025-12-18,248.49424542272237,249.66630230128294,246.53753349758617,247.03416442871094,39068000
2025-12-19,247.600323430604,249.70603379347858,247.38180460170489,249.1001434326172,43610400
2025-12-22,250.58010965473676,253.40096979906494,250.50064688442097,251.87135314941406,40497300
2025-12-23,250.71915986675953,251.51377239541233,249.76563695715487,250.38145446777344,24973500
2025-12-24,250.27221337092664,251.1562158953025,249.42793465570244,251.00723266601562,12103000
2025-12-26,250.8780938194687,251.04694652462595,248.71277498515283,249.7259063720703,17429900
2025-12-29,248.57373356140485,249.80538385245455,247.6698766930442,248.19630432128906,25218800
2025-12-30,248.2856799126897,248.46445978094354,246.27928661843322,246.35874938964844,22123600
2025-12-31,246.50773619970047,246.6070684541582,244.35235965053997,244.50135803222656,35352000
2026-01-02,245.9614535872374,247.4116075000716,244.20337574882626,247.10369873046875,40007700
2026-01-05,248.10689183950208,251.84156641138046,247.88838815750591,251.02708435058594,37428100
2026-01-06,250.5404003422873,254.5233753154633,249.82525052404492,254.35450744628906,40677800
2026-01-07,254.67234404738983,255.0696427433619,252.25872491521056,253.758544921875,33052000
2026-01-08,252.98381733444174,257.1853111675126,252.64611190660548,256.5297546386719,37957000
2026-01-09,257.83094843842946,259.7976182008588,256.35099769043154,258.4765930175781,36301500
2026-01-12,257.53293353522173,259.8969016090591,256.4999327147326,259.73797607421875,28423400
2026-01-13,260.64187502992877,261.1186516838883,258.70500207966455,259.5890197753906,33882400
2026-01-14,259.3705086989603,261.6847958019743,258.4368400019631,261.4166259765625,37164300
2026-01-15,262.2807358978843,265.2505792904843,261.95297280688055,263.7209777832031,33465200
2026-01-16,264.0785435785984,265.41945324191516,262.9263561062939,263.96929931640625,33844900
2026-01-20,259.38046054711407,263.293885050521,259.3009826101795,260.81072998046875,47911500
2026-01-21,262.8568571389125,266.78022365635024,261.148445371517,265.9856262207031,59952800
2026-01-22,268.01184610271224,269.7699390716756,267.60463539676306,267.9721374511719,35110800
2026-01-23,267.22720478149006,267.2371167889116,262.67804805424424,263.02569580078125,42636700
2026-01-26,263.28394580642396,264.89302527545107,261.7145749898049,262.2012939453125,32119300
2026-01-27,262.27078691283333,263.07532660952296,260.8901686638271,262.94622802734375,26975500
2026-01-28,264.18781334058724,264.88307848938285,260.79084427619006,261.5258483886719,37139100
2026-01-29,262.29069344704556,263.2740130891025,257.66208906904154,261.59539794921875,43922900
2026-01-30,259.31089692487745,261.20803083094233,256.2019822630205,257.90045166015625,59164200
2026-02-02,256.73837044984293,261.9927045597542,256.6092415410486,260.4134216308594,42896200
2026-02-03,261.28745047446404,263.2739741032895,256.80782999164006,261.00933837890625,54588000
2026-02-04,262.38007538162503,262.8667640280865,255.40738753694507,258.76458740234375,48826500
2026-02-05,256.75820870418386,259.8571810734483,253.33145807955887,254.106201171875,48279600
2026-02-06,257.9898314077088,263.92954837153445,257.83090586923095,263.2342529296875,43354900
2026-02-09,263.05549370714346,265.86644202711966,261.5656007679467,265.0817565917969,29064800
2026-02-10,265.4294052411186,266.71069134857413,264.0884955288994,264.3666076660156,24661700
2026-02-11,266.66103553775446,267.14772419089155,260.3339617991759,263.1647644042969,41829400
2026-02-12,265.2207782482093,265.65781590359956,256.64895362240435,257.79119873046875,47628200
2026-02-13,258.84405733368646,263.3832714938564,256.7681435990672,261.1881408691406,45360300
2026-02-17,260.61205217628793,262.57869126321214,257.3144155198994,261.2676086425781,33734800
2026-02-18,261.25765876811965,265.11151953075847,260.0856170798375,262.211181640625,36034700
2026-02-19,260.8007876840591,262.856847118149,259.3208068220594,262.8171081542969,31006000
2026-02-20,261.07890597174,265.52870004591404,260.37369848443996,262.8270263671875,47126600
2026-02-23,261.6251673731528,262.5886325880318,256.3608916497598,258.7347717285156,44001100
2026-02-24,258.64541373367194,262.36023415392884,258.1090437767027,261.5556640625,34884200
2026-02-25,263.4627094796313,263.4925061230795,260.661703747714,262.7972106933594,26012100
2026-02-26,263.22434612518543,264.4460388639609,260.35380468110964,264.1977233886719,41206500
2026-02-27,260.3339432058222,260.98949968001534,258.0196260649962,259.6485900878906,40631500
2026-03-02,256.07283848963,262.49924395608315,256.05298416466957,262.03240966796875,53495700
2026-03-03,255.0696634499497,259.360562463458,251.60318885165918,257.49322509765625,59537000
2026-03-04,259.4400220952222,261.1881424384881,257.07605390790764,259.9962463378906,37979700
2026-03-05,257.24487701276524,259.0029698881484,252.44743561114439,255.02992248535156,60414600
2026-03-06,249.79545664867373,251.59325837759454,248.25589757410364,249.19949340820312,64192000
2026-03-09,245.9217187821931,252.93414561642604,242.7432836222542,251.9110870361328,65369500
2026-03-10,251.2555333392583,255.9139188533593,250.69929395210687,251.65283203125,55879100
2026-03-11,250.63971272470678,252.6659755568997,248.89157717745988,251.1462860107422,50418100
2026-03-12,247.26264005841722,248.1267731322664,244.91854117622833,245.74295043945312,61802900
2026-03-13,247.580459027608,248.92136867281502,243.8855234980331,244.92845153808594,53933300
2026-03-16,248.0771037499341,249.77558838437983,246.63687692707387,247.24276733398438,48755700
2026-03-17,248.62783272790088,250.45869719508957,247.72236809050435,248.80694580078125,40642800
2026-03-18,247.17509996027923,247.9910156551033,244.65767839128839,244.79698181152344,43192600
2026-03-19,241.82183328391972,248.84673375371543,241.3143740927612,246.3989715576172,59219500
2026-03-20,245.7422713415646,246.2696354067908,239.13528051817053,241.01588439941406,76749900
2026-03-23,245.94125705313508,250.1104299913118,244.88652899566424,246.21986389160156,78746600
2026-03-24,244.28951030525963,248.9164032418936,243.38404565451444,247.5432586669922,45210800
2026-03-25,250.48855688437484,251.81194701722964,248.27959172221838,250.5681610107422,45671700
2026-03-26,247.65271915340625,250.60795592466985,245.93132356861184,246.20993041992188,46830200
2026-03-27,244.78703231053564,245.51341427422608,241.20493770095575,241.89151000976562,48114400
2026-03-30,244.13030897042023,244.1501986136333,237.50341387636058,238.41883850097656,51290500
2026-03-31,241.8317862272238,247.6825602690139,241.03577535544173,246.7671356201172,58660800
2026-04-01,248.67759268459025,251.18506947965187,247.8716217961969,248.3193817138672,51295900
2026-04-02,243.72234794123676,251.11540437170197,243.6526886399319,250.040771484375,30369200
2026-04-06,249.74228415159075,251.79204105174713,249.0059573732221,251.10546875,22151400
2026-04-07,249.96117937853506,252.2198837130325,248.27957835900375,251.65272521972656,34881900
2026-04-08,260.2199084246476,260.9661799890299,257.1253835799586,259.1751403808594,46680200
2026-04-09,257.4935308037183,261.593044269299,257.4935308037183,260.65771484375,26758400
2026-04-10,261.0955448070944,261.4438109519453,259.0457879573496,260.0010070800781,22365900
2026-04-13,258.94625279326465,264.04079475325125,258.72734527002154,263.75225830078125,23820000
2026-04-14,265.76225338037955,268.0806876186589,264.95628243666755,267.3841552734375,24270400
2026-04-15,267.4438588832516,268.24982983994545,266.25977209682554,268.05084228515625,21670600
2026-04-16,268.11051783485993,269.00603766675084,266.71745324539785,268.6080322265625,30847900
2026-04-17,272.37915994983507,276.2498363578629,271.7622469841849,274.4090270996094,46462700
2026-04-20,273.2846624504783,276.28966895523934,273.16526384925845,275.97125244140625,22993900
2026-04-21,276.7971247025181,278.3991369788753,272.3991140871701,273.1453857421875,32235200
2026-04-22,276.2100276419104,276.6279530787596,273.53339786958526,275.1055603027344,20274300
2026-04-23,275.3543363256244,276.48865339031755,270.5980997800492,274.15032958984375,32886600
2026-04-24,275.2946087292148,276.7473421548367,272.86673622838555,275.2746887207031,21568600
2026-04-27,275.44388207743185,276.85680598072094,274.87670836873565,275.7622985839844,23399400
2026-04-28,274.67768566668383,275.5931255155777,271.5632710575319,272.54833984375,24139400
2026-04-29,272.5582966686131,273.01600140478524,269.01596627664327,270.7274169921875,29428900
2026-04-30,271.77222938653887,276.83692249087716,271.08565706408905,276.5881652832031,29220700
2026-05-01,277.2747191047488,278.4189961105243,275.1951126312584,277.8916320800781,28936700
2026-05-04,277.31455766858477,279.39416435888,274.7274765385113,276.4986267089844,28632300
2026-05-05,278.737421783569,281.54341027913324,278.60806318141005,281.15533447265625,24863200
2026-05-06,283.9413932126654,285.6229942512781,281.95133568681536,285.3742370605469,23330300
2026-05-07,286.1006329457199,286.15037223994534,279.752344270038,280.8568420410156,28350400
2026-05-08,282.6279961304588,283.5533656504731,281.20508183176656,282.7573547363281,22474300
2026-05-11,283.5035944903296,285.62298014334675,283.1752180098979,283.9115295410156,20150400
2026-05-12,282.6279766908089,282.64786633424006,276.89660133239556,281.165283203125,27404600
2026-05-13,281.51355822253254,282.150360856964,278.5384014959246,281.2648010253906,20742300
2026-05-14,282.42896635864275,284.2399260330234,280.5583073865018,283.03594970703125,17428700
2026-05-15,278.9065299493867,278.936379595483,275.8617445841039,276.219970703125,35408000
2026-05-18,277.3543021832518,277.692608312061,272.5781763618812,274.59808349609375,27243300
2026-05-19,272.4488236534003,273.71249925295035,269.28463946922847,271.6428527832031,30276900
2026-05-20,273.5433645030678,278.6976062758627,272.0508213388004,278.47869873046875,31562000
2026-05-21,277.27471607710874,282.2697494876582,275.7722129423388,281.0856628417969,31680500
2026-05-22,282.68768775830245,285.1851893940228,282.25983266270873,283.7026062011719,23849300
2026-05-26,286.95637021847483,289.1056057045913,286.3095772057551,289.0658264160156,24506500
2026-05-27,289.7125949423009,290.2698086523605,287.87178555169993,288.926513671875,24519900
2026-05-28,288.2001743960594,291.2847395780324,286.54842283991235,290.5782775878906,23710600
2026-05-29,289.93149555762835,289.961345206886,286.89663950904446,288.9862060546875,26952800
2026-06-01,286.93644317028514,289.1652979106216,284.8468766682856,287.5434265136719,23826100
2026-06-02,287.0259789257717,290.4190305386496,286.9662796312468,290.2100830078125,18378800
2026-06-03,288.54837278346275,288.56829279229277,285.3543390505639,286.23992919921875,29167300
2026-06-04,286.1304596077468,291.4240197472621,285.23493982254865,290.558349609375,24307800
2026-06-05,287.66282390592824,287.96132039102275,278.75730425490036,280.2498474121094,35812800
2026-06-08,284.0906658498747,285.41404071577347,282.17023729972595,282.6976013183594,27277400
2026-06-09,285.75235416059354,289.4240127419091,276.2398815726378,283.60308837890625,41761300
2026-06-10,283.1752392913924,287.56331989283086,280.35932118075976,280.6478576660156,39285000
2026-06-11,283.02598562521365,289.61307122074993,282.65782983903836,288.96630859375,41468800
2026-06-12,290.1802376307182,294.24990155201044,288.86679240010824,291.4936828613281,34415200
2026-06-15,295.78747904456293,297.1339684744961,293.15437189183484,293.87249755859375,23889000
2026-06-16,294.73022665530027,296.02682799834867,290.82042480742217,291.3191223144531,23807700
2026-06-17,291.7081274205715,295.049406879064,288.1773404701768,289.1248779296875,39920100
2026-06-18,293.7827079208904,295.19902232378575,290.6608868961079,294.82000732421875,32463200
2026-06-22,296.35600661284366,298.70984440424985,295.3885321624241,297.40325927734375,22796200
2026-06-23,292.4960887998497,296.9743829366937,291.63831320940875,294.55072021484375,26821700
2026-06-24,295.1092572064071,298.909329975502,293.9223546419831,295.9171447753906,28664900
2026-06-25,298.73974400526436,300.7145970931372,295.9570338281785,298.13134765625,27599900
2026-06-26,295.8273836022785,299.2484413843785,294.9596547621971,299.0489501953125,39832500
2026-06-29,297.33341707539256,298.3807001172486,293.91235943577374,298.1911926269531,24834100
2026-06-30,297.7822671219514,300.19597656350135,296.66518952318114,299.6673583984375,23230300
2026-07-01,299.1486795520131,301.9314201666019,298.1413312847301,298.540283203125,20607900
2026-07-02,299.7571208733605,301.44272096553317,294.2116067559685,296.8048095703125,21178900
2026-07-06,296.9743702112084,299.62744464383456,296.84470398720293,298.1213684082031,18581300
2026-07-07,298.39067456160745,299.1885783837519,294.4110478267987,295.4184265136719,18057100
2026-07-08,293.2640702481783,294.33129027470113,289.9227906870725,292.71551513671875,24078400
2026-07-09,294.50082875415796,297.10404569161597,294.1317974516179,296.4656982421875,16466800
2026-07-10,296.9145167622966,297.4331511989585,292.8551118512188,295.21893310546875,15888500
2026-07-13,294.2913859493697,295.0095116149265,291.837802607918,292.71551513671875,19375500
2026-07-14,294.7202560459324,295.2987622250899,292.9847983846232,293.7428283691406,18326900
2026-07-15,294.48087727025893,296.36596845307184,293.3837366695276,294.99951171875,18832700
2026-07-16,293.8824535162631,297.0342256139314,293.58324716822716,294.82000732421875,24081300
2026-07-17,291.2692740688956,295.3585998451545,290.88030582875376,293.2740478515625,28738500
2026-07-20,294.24153235864907,295.21896005690115,291.4188872362739,291.5485534667969,20539900
2026-07-21,292.6656330591981,295.9769920530187,291.9175867439841,295.7675476074219,18190200
2026-07-22,294.9297168437389,295.66777941148257,292.6456737465385,293.0246887207031,19116000
2026-07-23,290.11227844637574,292.24671835420014,289.4141202100263,291.3291015625,27795100
2026-07-24,292.64568470851964,293.20422350039564,289.72332452279676,290.4115295410156,19771000
2026-07-27,293.21419260975875,294.75015899199474,290.3516433961449,292.14697265625,19445500
2026-07-28,292.3963294929708,293.00472584859,289.623572538041,292.60577392578125,20531100
2026-07-29,291.7280699102995,292.90501920819605,287.50910830782595,287.81829833984375,33297400
2026-07-30,290.3915684886405,292.07716859167215,288.20727085070195,291.82781982421875,22198800
2026-07-31,292.7952743621004,293.18427302317207,287.0801900427359,290.4414367675781,28350700
2026-08-03,292.1370053717744,295.8872205168335,291.6383078445307,295.4483642578125,23175700
2026-08-04,296.81477915231056,301.60229349185295,296.44574786649156,300.9240417480469,20751800
2026-08-05,301.64217972831494,302.2705434842033,298.96916828118236,298.9891052246094,17791000
2026-08-06,298.81957294572106,300.5949349758861,297.1738771464354,297.47308349609375,16314100
2026-08-07,299.67730395301163,301.2432214644574,299.0190195767717,300.7744445800781,18416800
2026-08-10,299.72719603952544,300.6049085531026,298.3008979859219,299.1985778808594,16226900
2026-08-11,300.1460913479866,301.20332768797846,299.8169643673817,300.2059326171875,14942800
2026-08-12,302.2306377850674,302.61963646573685,300.2159107371652,301.92144775390625,15480600
2026-08-13,303.24798292369326,304.2553311711518,301.9314142246278,302.7093811035156,14719300
2026-08-14,302.489974930772,304.38501947188735,301.95137307152214,304.2952575683594,13163400
2026-08-17,303.16819874073343,303.53723004871455,302.44011981571623,303.2679443359375,14546800
2026-08-18,301.6621553156088,302.3603136115237,299.32822403365566,299.44793701171875,18263700
2026-08-19,302.0910028501188,302.6196209832606,300.4453071856645,300.93402099609375,14995700
2026-08-20,298.49039998437024,299.2584136386498,296.2662285455024,296.89459228515625,21638700
2026-08-21,299.06892053635124,299.5476506939155,297.3933041087117,299.1786193847656,22949600
2026-08-24,298.76965731377567,298.9591647970708,296.6252641712084,297.19378662109375,12868900
2026-08-25,298.81956230332247,298.9990861067238,297.1938035058877,298.4505310058594,14618000
2026-08-26,297.86208349243554,299.1686686217997,297.35340225770756,298.15130615234375,10555700
2026-08-27,297.9916923793861,299.53767288801663,297.36335909908723,299.02899169921875,13658700
2026-08-28,298.91930633228486,299.6075113464717,294.8998055296115,294.9795837402344,19052800
2026-08-31,294.3212884994923,294.5806209410895,291.9474835164783,293.164306640625,20883400
2026-09-01,291.2194104723601,292.17690117407614,289.21463673113163,289.8130798339844,22801600
2026-09-02,290.7805432699978,293.58322075070913,290.4314489366469,293.2441101074219,22395200
2026-09-03,295.01949415069186,295.40846239738454,292.6656259746621,294.4210510253906,16651200
2026-09-04,292.9349419603715,295.4084622343987,292.7952920413761,295.2389221191406,13951100
2026-09-08,294.57064240516155,295.328672362737,293.4934691732053,293.90240478515625,17332400
2026-09-09,292.6955348842431,293.39372357547353,289.55374664986726,289.8829040527344,19141700
2026-09-10,287.728528427192,289.07498736355427,286.43189662888074,286.9505615234375,27044700
2026-09-11,289.9527176173436,290.6808269895633,288.0177687108594,288.1374816894531,26353300
2026-09-14,286.7410843612438,289.0849687442384,286.3122118080798,287.1600036621094,26060900
2026-09-15,286.6199951171875,286.92999267578125,284.0799865722656,285.1400146484375,25300500
2026-09-16,285.6300048828125,287.0400085449219,281.0299987792969,283.9200134277344,27599400
2026-09-17,287.95001220703125,288.2900085449219,285.2099914550781,285.42999267578125,22159600
2026-09-18,284.9200134277344,285.2699890136719,282.5400085449219,284.1000061035156,31106300
2026-09-21,286.2699890136719,286.45001220703125,284.8999938964844,285.5799865722656,18968200
2026-09-22,287.67999267578125,288.94000244140625,286.04998779296875,287.2099914550781,25684300
2026-09-23,285.989990234375,286.17999267578125,281.8399963378906,281.9200134277344,24351400
2026-09-24,281.3299865722656,282.239990234375,279.04998779296875,281.6600036621094,27282800
