Date,Open,High,Low,Close,Volume
2005-01-03,9.287496335928553,9.321790143236365,9.119142647770586,9.175260543823242,1816600
2005-01-04,9.165911693056666,9.165911693056666,8.928969683702244,9.010028839111328,3376400
2005-01-05,8.925854724780756,9.059914115913049,8.869737379450893,8.88532543182373,3485000
2005-01-06,8.894677575653006,8.966383559582319,8.879088930464452,8.944560050964355,666000
2005-01-07,8.99444132417709,9.016264829878363,8.916499892589153,8.9601469039917,2391400
2005-01-10,8.994441651295812,9.041206393020174,8.953911772394333,9.000677108764648,1584800
2005-01-11,8.98820657411836,8.98820657411836,8.885323900113413,8.907147407531738,3205000
2005-01-12,8.922735965930384,8.969500709182983,8.829205884779215,8.96638298034668,2010200
2005-01-13,8.978850720719192,8.991321632480535,8.900909306148208,8.932085990905762,1132200
2005-01-14,8.916499034108154,9.028734280429534,8.916499034108154,9.016263961791992,1064800
2005-01-18,8.988206609280041,9.056794860669664,8.922736086768946,9.050559997558594,715600
2005-01-19,9.04743772468117,9.066143493911529,8.978848913093717,8.988202095031738,963200
2005-01-20,8.994443823438006,8.994443823438006,8.922737829167385,8.938325881958008,1329800
2005-01-21,8.928969337696964,8.963263754522687,8.888440058885916,8.900910377502441,1963600
2005-01-24,8.885323185831929,8.947676568854034,8.776205062866211,8.776205062866211,1786800
2005-01-25,8.822964668273926,8.919612415178499,8.804258902111512,8.822964668273926,3764200
2005-01-26,8.85414720037139,8.88220616550423,8.801146998970019,8.8385591506958,1216400
2005-01-27,8.910266672407918,8.910266672407918,8.826089762444003,8.88532543182373,1072400
2005-01-28,8.872854064882517,8.91650167967907,8.835442503223819,8.875971794128418,370800
2005-01-31,8.907148805781713,9.0069137665815,8.907148805781713,8.985090255737305,1038000
2005-02-01,8.963267350949332,9.07238550719446,8.963267350949332,9.059914588928223,2168600
2005-02-02,9.06926832440177,9.159680108698346,9.06926832440177,9.15344524383545,1169200
2005-02-03,9.10356156937463,9.134737673560226,9.059913953151868,9.100443840026855,2366000
2005-02-04,9.084855833969137,9.209562638090363,9.075503239912322,9.203327178955078,1573600
2005-02-07,9.222031218468182,9.265678234872318,9.193972252309521,9.200207710266113,1911800
2005-02-08,9.169031015129157,9.200207710266113,9.15967782819427,9.200207710266113,650200
2005-02-09,9.190854609673421,9.200207796696176,9.059912964584896,9.072383880615234,1646000
2005-02-10,9.075500913934397,9.209560277754099,9.075500913934397,9.193971633911133,5013600
2005-02-11,9.222029441867702,9.315558914614353,9.172146977116704,9.284382820129395,2366600
2005-02-14,9.253206224124517,9.318676736776904,9.250088495715467,9.29373550415039,1323400
2005-02-15,9.30620304020833,9.390379892764008,9.28749727118896,9.34361457824707,5070400
2005-02-16,9.334266584200414,9.480796270472513,9.30932534835312,9.462090492248535,2274000
2005-02-17,9.493266521327088,9.499501383868084,9.42779541015625,9.42779541015625,1437600
2005-02-18,9.462088439899144,9.552500177242823,9.449617527357484,9.533794403076172,1855800
2005-02-22,9.540029185097753,9.56808814168756,9.390381813049316,9.390381813049316,4259400
2005-02-23,9.440264937597078,9.533794403076172,9.415323707159597,9.533794403076172,1295200
2005-02-24,9.477677163604385,9.642913198721072,9.477677163604385,9.636677742004395,2358800
2005-02-25,9.649149910649955,9.78944413715014,9.621090946420725,9.78632640838623,1968200
2005-02-28,9.783211348409477,9.783211348409477,9.630446165180448,9.69279956817627,4330600
2005-03-01,9.758267150614877,9.78320838532993,9.67409085510529,9.705266952514648,3418000
2005-03-02,9.680325080596344,9.714619499064353,9.599266519092524,9.677207946777344,1624400
2005-03-03,9.670972991382934,9.733325779976857,9.62420825127601,9.667855262756348,939400
2005-03-04,9.742680333314844,9.973386932250218,9.723974553575765,9.970269203186035,2560400
2005-03-07,9.976505299420277,9.976505299420277,9.861151695251465,9.861151695251465,2352000
2005-03-08,9.86114862152004,9.886089853208539,9.820619343018434,9.836207389831543,1746200
2005-03-09,9.882975372294215,9.951563629186182,9.845563217396577,9.858034133911133,3956000
2005-03-10,9.89232655324449,9.898562010611872,9.664737711148598,9.733325958251953,7340800
2005-03-11,9.711503315695014,9.870503924826478,9.711503315695014,9.792562484741211,6189600
2005-03-14,9.75826347471812,9.817499107844785,9.708381024078525,9.789440155029297,2514800
2005-03-15,9.85179965506203,9.85179965506203,9.739563773857313,9.742681503295898,2360600
2005-03-16,9.664736011534407,9.705265288003124,9.518206357044937,9.533794403076172,9828600
2005-03-17,9.555617147532065,9.674088428698644,9.530675919072648,9.646029472351074,5151600
2005-03-18,9.679192475143896,9.685448771696896,9.585340866566725,9.644780158996582,4801400
2005-03-21,9.69795985880517,9.69795985880517,9.5540549344083,9.58846664428711,2558800
2005-03-22,9.622879436387642,9.726115764612986,9.547798524650124,9.557183265686035,2772400
2005-03-23,9.550928795667934,9.57595577102957,9.453948744037707,9.463334083557129,4239000
2005-03-24,9.54154345614851,9.554057242174409,9.460205637050654,9.463334083557129,3351200
2005-03-28,9.510260344717093,9.510260344717093,9.410152435302734,9.410152435302734,2327000
2005-03-29,9.388251710294812,9.491488042334185,9.197420679647154,9.200549125671387,4515600
2005-03-30,9.23183118560536,9.356966018676758,9.23183118560536,9.356966018676758,4168000
2005-03-31,9.400767391682272,9.47272047594829,9.385125754101528,9.435179710388184,3047200
2005-04-01,9.388254298914132,9.547801510001424,9.372612064479947,9.407024383544922,3916800
2005-04-04,9.356968715138914,9.356968715138914,9.28188779365949,9.350711822509766,1676400
2005-04-05,9.322558791374407,9.39451188166813,9.313174046715863,9.369484901428223,912400
2005-04-06,9.403894752846313,9.460205596340208,9.403894752846313,9.41640853881836,2042200
2005-04-07,9.457076054337277,9.522772229699946,9.438305974243695,9.519643783569336,2741000
2005-04-08,9.522768422558915,9.535281605388585,9.375734496653815,9.381991386413574,1884000
2005-04-11,9.413279555421013,9.413279555421013,9.306914767485964,9.350711822509766,553400
2005-04-12,9.328812928794942,9.372609982099489,9.191164279807671,9.341326713562012,2970000
2005-04-13,9.33820225998371,9.33820225998371,9.053520098406123,9.08167552947998,5702000
2005-04-14,9.07228429065858,9.08166962714696,8.778216977612319,8.82827091217041,15733800
2005-04-15,8.750065703075995,8.834531981348826,8.593646934433083,8.609289169311523,6334800
2005-04-18,8.649957333688379,8.77509222271238,8.60928871851441,8.746936798095703,8700600
2005-04-19,8.903354041686418,9.044131140785652,8.775090727702722,8.853300094604492,3448400
2005-04-20,8.978434269805614,8.978434269805614,8.68436692540621,8.706265449523926,4579800
2005-04-21,8.800120475314243,8.875202016295273,8.703140996858343,8.868945121765137,4358600
2005-04-22,8.900223509864475,8.900223509864475,8.69375089120303,8.784473419189453,2984200
2005-04-25,8.790735338328037,8.893971706711909,8.790735338328037,8.87207317352295,1912400
2005-04-26,8.81888944466118,8.878328141072684,8.700010858457794,8.703139305114746,3966200
2005-04-27,8.568618421639181,8.656213131209313,8.506051283394925,8.618672370910645,11978600
2005-04-28,8.665599656659086,8.696882931718397,8.521694085287312,8.549849510192871,11640200
2005-04-29,8.612420847894416,8.809508307793184,8.590521710847467,8.762582778930664,7592200
2005-05-02,8.765706795955326,8.850173063223865,8.762578349387214,8.8345308303833,5726800
2005-05-03,8.818887112708069,8.934636624957001,8.800116437729839,8.890839576721191,3460600
2005-05-04,8.931510959363536,9.028491020202637,8.890842344297942,9.028491020202637,2537400
2005-05-05,8.994078501987426,9.069159433531626,8.912740676975323,8.975308418273926,6206800
2005-05-06,8.981564454710902,9.059773830722067,8.97217971147128,8.997206687927246,2130800
2005-05-09,8.965925346108698,9.012850865607911,8.915871379084155,8.984695434570312,1848800
2005-05-10,8.915868583885716,8.93776711300729,8.828273870709257,8.850172996520996,2295800
2005-05-11,8.853298353118792,8.887710658727345,8.759447369973644,8.8595552444458,5504000
2005-05-12,8.85330048187943,8.875199606789568,8.590516949859179,8.618672370910645,6321200
2005-05-13,8.634312621849297,9.012845600946742,8.352759072627146,8.449738502502441,9231600
2005-05-16,8.365274415418458,8.496666185155508,8.365274415418458,8.48728084564209,3946800
2005-05-17,8.465382104485363,8.631186184923012,8.449740469045459,8.606159210205078,4717200
2005-05-18,8.634316182364802,8.859558995287445,8.634316182364802,8.825146675109863,9300400
2005-05-19,8.828274691278212,8.847045372290111,8.72816677930897,8.781349182128906,4472200
2005-05-20,8.762576421286223,8.762576421286223,8.678110172603478,8.725035667419434,7671400
2005-05-23,8.706268571932993,8.82827501959658,8.696883231078008,8.793863296508789,3874800
2005-05-24,8.771962000574414,8.796988971611698,8.73129279970754,8.765705108642578,3825000
2005-05-25,8.712525699683104,8.759451211837035,8.618674078684979,8.6749849319458,5706000
2005-05-26,8.681239502841466,8.756320421533498,8.681239502841466,8.740678787231445,2449000
2005-05-27,8.768834114074707,8.778218855881166,8.721908018282035,8.768834114074707,2545600
2005-05-31,8.71565078701296,8.750062497759359,8.634312985511421,8.706265449523926,3868600
2005-06-01,8.706268994592554,8.868944663834844,8.696883653281942,8.837660789489746,8905600
2005-06-02,8.837657063319774,8.837657063319774,8.76257615456163,8.809501647949219,3669800
2005-06-03,8.81888971516264,8.875200563334602,8.76257886699068,8.79073429107666,4567600
2005-06-06,8.778218295816192,8.790732079679863,8.740678137605293,8.765705108642578,5537600
2005-06-07,8.796992038887439,8.912741596534886,8.796992038887439,8.818890571594238,7826600
2005-06-08,8.86894320262432,8.86894320262432,8.753193065625055,8.75944995880127,4980600
2005-06-09,8.728167370779206,8.73755271192116,8.637444793168035,8.72191047668457,4845400
2005-06-10,8.743810093776608,8.853302763089316,8.743810093776608,8.80012035369873,4234200
2005-06-13,8.812634889621867,8.915871269932417,8.75319558074902,8.85643196105957,5921000
2005-06-14,8.840789298957171,8.890843259586305,8.840789298957171,8.87207317352295,4047400
2005-06-15,8.893967264489937,8.956534385681152,8.82201480660955,8.956534385681152,6493800
2005-06-16,8.962794571956302,9.103571690600356,8.962794571956302,9.050389289855957,7237800
2005-06-17,9.135582546337183,9.135582546337183,9.050703190176192,9.05384635925293,4630600
2005-06-20,9.053851078514224,9.053851078514224,8.934390804115537,8.959540367126465,3899800
2005-06-21,8.953248011565782,8.953248011565782,8.880943131745312,8.91238021850586,2968600
2005-06-22,8.78663006253427,8.962676860678794,8.78663006253427,8.902946472167969,2679600
2005-06-23,8.890375992518791,8.918669315590323,8.692322731018066,8.692322731018066,5384400
2005-06-24,8.689174520560195,8.71118029400972,8.550852344702513,8.594863891601562,4358200
2005-06-27,8.585439012587797,8.616876112299737,8.547714972623712,8.572864532470703,6363200
2005-06-28,8.604300153286001,8.70804214477539,8.601156383893873,8.70804214477539,3934000
2005-06-29,8.66088824678852,8.708044199182789,8.65145753599994,8.670319557189941,2199600
2005-06-30,8.660885401038152,8.673460477441527,8.48798229778028,8.531993865966797,4073000
2005-07-01,8.550855842516201,8.57600539383367,8.487981664416225,8.52570629119873,3680600
2005-07-05,8.49426755754721,8.563428660376607,8.47854871625929,8.547710418701172,1854200
2005-07-06,8.538283597290881,8.576008236578215,8.506846497820236,8.519421577453613,3707800
2005-07-07,8.41253367422582,8.541425209849171,8.393671659152625,8.538281440734863,4857400
2005-07-08,8.550853976378084,8.717469492639433,8.550853976378084,8.70489501953125,7898600
2005-07-11,8.69232080062769,8.824356079101562,8.69232080062769,8.824356079101562,5734600
2005-07-12,8.830643360218865,8.836930897014618,8.726901401538985,8.802350044250488,8456800
2005-07-13,8.796066037332201,8.824359364654743,8.73004867332144,8.774060249328613,6172400
2005-07-14,8.840073486907364,8.88094127140649,8.774055558578091,8.786630630493164,4254000
2005-07-15,8.780345384154462,8.79920739733322,8.752052064580031,8.770914077758789,1744200
2005-07-18,8.75833984490027,8.80235141007461,8.745764769357542,8.752052307128906,3778400
2005-07-19,8.792914933152797,8.928093917688388,8.792914933152797,8.893513679504395,7513200
2005-07-20,8.89351716456342,9.056988917267605,8.89351716456342,9.031839370727539,6060800
2005-07-21,9.031841730087338,9.085284605397254,8.98783016204834,8.98783016204834,6510800
2005-07-22,9.00669369911442,9.069567892321034,8.943820105520553,9.044418334960938,4117600
2005-07-25,9.078995383765472,9.107288700719362,8.968966484069824,8.968966484069824,3749000
2005-07-26,8.915523323784592,8.915523323784592,8.805493828115685,8.843217849731445,7182000
2005-07-27,8.896661172164556,8.950104038553357,8.865224685734416,8.937529563903809,4803200
2005-07-28,8.990974466580994,9.053848053293514,8.96582491197345,9.038129806518555,3089000
2005-07-29,9.069568496707566,9.104148765624126,8.997263589430561,9.00355052947998,3982600
2005-08-01,8.990977470793345,9.034989056159247,8.931247033787562,8.959540367126465,5312800
2005-08-02,8.968968304329357,9.135583871747553,8.968968304329357,9.09471607208252,8055600
2005-08-03,9.088429945046341,9.135585290324494,9.0601366179569,9.132441520690918,4320400
2005-08-04,9.289621902043837,9.289621902043837,9.028695145054808,9.034982681274414,5017400
2005-08-05,9.044416806448563,9.116721696687671,8.972111916209453,8.98783016204834,7296400
2005-08-08,9.016123484248451,9.113577927597365,8.98783016204834,8.98783016204834,2567400
2005-08-09,9.000406159871211,9.060136583456218,9.000406159871211,9.044418334960938,2881200
2005-08-10,9.11671968822583,9.173306320159716,9.034983508722718,9.072708129882812,8674400
2005-08-11,9.113576265676302,9.189024911247156,9.085282948635665,9.148157119750977,3992400
2005-08-12,9.116719868644482,9.151300722091209,9.022409213296617,9.082139015197754,5921000
2005-08-15,9.053847916841603,9.10100385568115,9.000405039154431,9.075854301452637,2365600
2005-08-16,9.0727068004854,9.0727068004854,8.899803161621094,8.899803161621094,8151200
2005-08-17,8.84950484285959,8.931241017488873,8.84950484285959,8.890373229980469,4208200
2005-08-18,8.865224289360972,8.87465499502334,8.811781425361659,8.814925193786621,5142600
2005-08-19,8.880940372752933,8.906089914425792,8.818066218764601,8.833785057067871,6201200
2005-08-22,8.890374094182121,8.940673191210696,8.808637911607555,8.836931228637695,3066400
2005-08-23,8.827501808001461,8.833789346375726,8.692322731018066,8.692322731018066,7106800
2005-08-24,8.692322362948243,8.71432814671369,8.604299227886449,8.610586166381836,4648800
2005-08-25,8.613725205450619,8.645162279115318,8.588575666441322,8.61686897277832,1965800
2005-08-26,8.623163652164685,8.62630742209716,8.535139892893815,8.572864532470703,2116600
2005-08-29,8.500559687299623,8.642025737656512,8.494272147387013,8.626307487487793,5942400
2005-08-30,8.613731098869009,8.613731098869009,8.503701565567741,8.544569969177246,7972600
2005-08-31,8.528852417680755,8.642025737656512,8.519421707424646,8.626307487487793,2681600
2005-09-01,8.645164528223008,8.720613164879458,8.645164528223008,8.65145206451416,3514200
2005-09-02,8.651452980377176,8.692320771371106,8.623159663684254,8.64516544342041,2758000
2005-09-06,8.632589550612442,8.70489501953125,8.632589550612442,8.70489501953125,3666600
2005-09-07,8.720614305155465,8.777200939949982,8.698608524871494,8.758338928222656,6108600
2005-09-08,8.783489030103992,8.78663279885858,8.708040378831624,8.711183547973633,3751800
2005-09-09,8.723757633141108,8.805493812648365,8.723757633141108,8.802350044250488,3328400
2005-09-12,8.78977522533548,8.83693115305742,8.78348828797008,8.824356079101562,3377000
2005-09-13,8.82121316887783,8.82121316887783,8.726902503482991,8.730046272277832,3817800
2005-09-14,8.726903285887195,8.796064406736493,8.720615747733811,8.761484146118164,4094800
2005-09-15,8.604302312208086,8.786636785412446,8.51313477579948,8.736337661743164,3681200
2005-09-16,8.74012593028447,8.834955869436024,8.74012593028447,8.79702377319336,5758400
2005-09-19,8.841279248400376,8.841279248400376,8.714839905765453,8.733805656433105,4599000
2005-09-20,8.784379543078888,8.80334528844975,8.601041793823242,8.601041793823242,6464800
2005-09-21,8.556789500712956,8.588399483124261,8.477764846139825,8.503052711486816,8034400
2005-09-22,8.534665075282826,8.559952947685765,8.461962517488182,8.553630828857422,7041400
2005-09-23,8.499890026406097,8.588397839638745,8.45563642124485,8.559948921203613,4488600
2005-09-26,8.613687456767352,8.638975322432275,8.515697052679553,8.550467491149902,3816200
2005-09-27,8.540984918344478,8.60104322247975,8.506213876963853,8.550467491149902,4579200
2005-09-28,8.566275404640304,8.61052903236461,8.537826471700264,8.57575798034668,12234000
2005-09-29,8.559949361604128,8.632651888940977,8.512534696076191,8.626330375671387,4953200
2005-09-30,8.626330464623276,8.717998738534517,8.613686232133345,8.692710876464844,3216800
2005-10-03,8.70219220495758,8.705353262409552,8.620006519936503,8.657938003540039,2239600
2005-10-04,8.815988967639615,8.815988967639615,8.5631103515625,8.5631103515625,2406800
2005-10-05,8.537819931732853,8.559946728645887,8.36712646484375,8.36712646484375,9584200
2005-10-06,8.386091132091726,8.427183660590337,8.256490830713958,8.322871208190918,9655000
2005-10-07,8.354486942574677,8.449316291037224,8.354486942574677,8.405062675476074,3643400
2005-10-10,8.405064860586513,8.439835912087203,8.354489114536664,8.360811233520508,4445200
2005-10-11,8.420865524392473,8.452475501270767,8.363967686593579,8.37028980255127,4036800
2005-10-12,8.382938755373312,8.411387690293962,8.25965983641366,8.303914070129395,3333000
2005-10-13,8.294425591736074,8.32603556622086,8.212239899239673,8.291264533996582,3084000
2005-10-14,8.303908906472612,8.338679336379343,8.237527898632258,8.319713592529297,3295800
2005-10-17,8.31339344191597,8.386096582527333,8.31339344191597,8.382935523986816,3554000
2005-10-18,8.376610697420142,8.392415382100303,8.284941838127011,8.294425010681152,2134800
2005-10-19,8.243851643840566,8.373452024436824,8.196436973387586,8.363968849182129,4786400
2005-10-20,8.373454027067597,8.474605509001835,8.275463604307602,8.307073593139648,11547400
2005-10-21,8.297588752123652,8.427189137733523,8.281784062331333,8.382935523986816,4301600
2005-10-24,8.430352859017988,8.57575798034668,8.395581807000058,8.57575798034668,5646800
2005-10-25,8.575757589182311,8.654782265320007,8.52202078529226,8.569436073303223,4373200
2005-10-26,8.550462594465357,8.749604950078151,8.550462594465357,8.638970375061035,11956400
2005-10-27,8.635814263860375,8.692712112334023,8.43983345568478,8.550467491149902,5591400
2005-10-28,8.582077402729869,8.708516730005082,8.563111654366155,8.686389923095703,3665600
2005-10-31,8.75593080827434,8.75593080827434,8.705355084278358,8.711676597595215,5209200
2005-11-01,8.75593190234476,8.778058708994013,8.692711937995234,8.740126609802246,4325200
2005-11-02,8.74328898434875,8.869728329169162,8.721162174368972,8.844440460205078,3250800
2005-11-03,8.876050315663836,8.910821361065794,8.787542474145368,8.815991401672363,10451600
2005-11-04,8.822311426451737,8.844438230854177,8.730643150654453,8.803345680236816,3728400
2005-11-07,8.812829313664094,8.866566103505777,8.566272774434246,8.850761413574219,4549000
2005-11-08,8.83495698933057,8.850761679737413,8.781220197872896,8.80650806427002,3314200
2005-11-09,8.787540598405139,8.879209479293952,8.787540598405139,8.79702377319336,4118200
2005-11-10,8.803346245159762,8.939268741394464,8.765414147385565,8.920302391052246,5356800
2005-11-11,8.939269439201482,9.046743021222575,8.91398157301477,9.04358196258545,2449400
2005-11-14,9.138412686769165,9.242725225867922,9.100481183229823,9.13209056854248,12318400
2005-11-15,9.135249956926742,9.185825687669748,9.094157401789401,9.10680103302002,3006400
2005-11-16,9.10680193689531,9.154216613809133,9.078353010164953,9.122607231140137,4010400
2005-11-17,9.14473327065743,9.249045792254233,9.141572212074461,9.236401557922363,3912800
2005-11-18,9.25220375540712,9.31226203965948,9.214271668012405,9.261686325073242,4365200
2005-11-21,9.290135897914698,9.340711616083228,9.268009096579732,9.321745872497559,4951000
2005-11-22,9.26800545586628,9.369156852468443,9.26800545586628,9.350191116333008,4125600
2005-11-23,9.3249103245819,9.378647120060311,9.315427147882062,9.334393501281738,1970400
2005-11-25,9.318590938645931,9.391293505927369,9.318590938645931,9.38813304901123,388000
2005-11-28,9.413414461799094,9.413414461799094,9.353355572148041,9.362838745117188,3934800
2005-11-29,9.381803617473372,9.492438213538962,9.365998330658263,9.4481840133667,4608800
2005-11-30,9.38813098165192,9.479799284796481,9.362843111517861,9.378647804260254,3130000
2005-12-01,9.407097674121593,9.561985969543457,9.407097674121593,9.561985969543457,5664200
2005-12-02,9.54934046868543,9.555662586742464,9.50508684810693,9.520892143249512,1763600
2005-12-05,9.54301680575763,9.546177864074707,9.48928002018775,9.546177864074707,8654800
2005-12-06,9.587273724490142,9.675781579177524,9.555663733322474,9.61572265625,4052800
2005-12-07,9.6378458810227,9.663133743960072,9.552499117517742,9.590431213378906,4845800
2005-12-08,9.561986498818312,9.647333299869915,9.536698624756038,9.574630737304688,3228000
2005-12-09,9.609398202769421,9.609398202769421,9.527212486865206,9.549339294433594,2323800
2005-12-12,9.555661411713215,9.609398202769421,9.50824673793663,9.549339294433594,4109800
2005-12-13,9.533531226340422,9.666292627622632,9.51772654165138,9.634682655334473,2833800
2005-12-14,9.612555941197549,9.6410048562192,9.5714633988941,9.58094596862793,2747200
2005-12-15,9.609396307633999,9.62836205282221,9.524049549921797,9.53037166595459,2532800
2005-12-16,9.52591511781135,9.58963385746237,9.484498362405041,9.49405574798584,4028000
2005-12-19,9.494054192380576,9.551400927136816,9.443079452078768,9.449451446533203,2132600
2005-12-20,9.439895104707995,9.516357836191306,9.408036342201383,9.414407730102539,2597400
2005-12-21,9.462196578386497,9.599190829703446,9.462196578386497,9.5960054397583,2985600
2005-12-22,9.621488997920912,9.697951087291143,9.615117005223391,9.694765090942383,3076600
2005-12-23,9.691583660480557,9.73300041719331,9.678839669081583,9.723443031311035,3335800
2005-12-27,9.768044033590675,9.799903398705924,9.650165172631159,9.662908554077148,5606400
2005-12-28,9.67883712227131,9.752113838200058,9.67883712227131,9.745741844177246,1633200
2005-12-29,9.723441580995567,9.787159705485589,9.701140207040716,9.729813575744629,1846000
2005-12-30,9.691580163088327,9.691580163088327,9.637419434521536,9.646977424621582,1436400
2006-01-03,9.592819926258736,9.879553041478081,9.592819926258736,9.850879669189453,11209200
2006-01-04,9.815831297119994,9.911409378051758,9.815831297119994,9.911409378051758,6215000
2006-01-05,9.914596138203025,9.914596138203025,9.838133424503827,9.895480155944824,3371000
2006-01-06,9.965571319906047,10.038847432162669,9.940083950092141,10.000616073608398,1670600
2006-01-09,10.006990702812121,10.032478079336835,9.975131330239483,9.997432708740234,1767600
2006-01-10,9.930524101677243,9.956011466725391,9.771227918209638,9.933710098266602,5776800
2006-01-11,9.876361767684324,9.92733648948485,9.850874406784062,9.857246398925781,5579800
2006-01-12,9.854064706832574,9.854064706832574,9.720255851745605,9.720255851745605,4073600
2006-01-13,9.624675220165214,9.78397140539933,9.624675220165214,9.742554664611816,2547800
2006-01-17,9.685208623781461,9.783972095445543,9.669279247201267,9.752113342285156,2466600
2006-01-18,9.71706979203355,9.736185169018695,9.624677689216082,9.656537055969238,3615200
2006-01-19,9.701138719445694,9.806274186016037,9.688394731901763,9.758484840393066,5776000
2006-01-20,9.748934293111958,9.796723064576451,9.586451983998918,9.59282398223877,6695800
2006-01-23,9.589634159956592,9.75211640429177,9.589634159956592,9.723443031311035,3458000
2006-01-24,9.720257673450785,9.844508559436775,9.720257673450785,9.831765174865723,7155000
2006-01-25,9.924158467707645,9.959203844980268,9.847696323567734,9.879555702209473,3743200
2006-01-26,10.067523449933436,10.067523449933436,9.895483202641381,9.997432708740234,4689200
2006-01-27,10.032475732875916,10.086636471281837,9.981500991748796,10.067521095275879,4160200
2006-01-30,10.057963858398823,10.11531059838804,10.045220475993938,10.096195220947266,9871800
2006-01-31,10.108933678716753,10.17265238270086,10.051586966664372,10.112119674682617,4498600
2006-02-01,10.147170564137143,10.159913947293328,10.067522444493472,10.140798568725586,3212000
2006-02-02,10.1312395420354,10.194958274316626,9.981501311141447,9.991059303283691,7185000
2006-02-03,9.978313756255188,9.997429129889108,9.885922277302262,9.901851654052734,5592200
2006-02-06,9.975127672248917,10.08982112838425,9.962384292493194,10.080263137817383,5807400
2006-02-07,10.02291611252757,10.057961469233403,9.717067715458743,9.815831184387207,12205800
2006-02-08,9.81264918650865,9.8508805555558,9.739373054140861,9.831765174865723,4834800
2006-02-09,9.869990843539217,9.997427661830015,9.841317483465453,9.863618850708008,4237800
2006-02-10,9.850876349782816,9.895479088239119,9.70432353995009,9.844504356384277,5821600
2006-02-13,9.796716581026152,9.87317868629951,9.726626469775605,9.745741844177246,8823800
2006-02-14,9.75848248262872,10.019728695158195,9.75848248262872,10.00698471069336,6714800
2006-02-15,10.019727114955124,10.175837254029588,9.87636035066912,9.962380409240723,5347600
2006-02-16,9.940083824431643,10.093008041381836,9.940083824431643,10.093008041381836,5289400
2006-02-17,10.112124641165998,10.12486863128856,10.054777900948258,10.083451271057129,3603000
2006-02-21,10.14716543907916,10.163094811895629,10.045215994653867,10.08663272857666,4361800
2006-02-22,10.121684529929087,10.188588667605508,10.09301115444862,10.128056526184082,3905800
2006-02-23,10.131239559507286,10.175842915247811,10.057963442624315,10.077078819274902,4972800
2006-02-24,10.118497890322669,10.137613270208792,10.045221761036714,10.105753898620605,3897000
2006-02-27,10.067520143844368,10.128052871087242,10.022916793823242,10.022916793823242,3942600
2006-02-28,10.013359615869856,10.019731609955922,9.895480155944824,9.895480155944824,11057400
2006-03-01,9.885917803703473,10.06432929477401,9.885917803703473,10.048399925231934,2129400
2006-03-02,10.019730830218709,10.121680296994846,9.962384103240442,10.108936309814453,5779000
2006-03-03,10.061144954561968,10.1599083988374,10.051586966664372,10.112119674682617,3101000
2006-03-06,10.124868931218108,10.124868931218108,9.940085322635369,9.975130081176758,5202000
2006-03-07,9.965575842242037,9.971947231836701,9.841324326305966,9.879555702209473,12488000
2006-03-08,9.895475666926933,9.895475666926933,9.717064167119883,9.819013595581055,12771600
2006-03-09,9.860435645924985,9.959199126016921,9.79353092171206,9.79990291595459,5736800
2006-03-10,9.825391838802318,10.003803452135019,9.806276460719115,9.975130081176758,8427800
2006-03-13,9.991061320359297,10.03885007538476,9.965573943834585,9.997432708740234,2971200
2006-03-14,10.000615258508523,10.182212829589844,9.987871878473634,10.182212829589844,10421600
2006-03-15,10.242745852615053,10.309649963017781,10.121680403790934,10.303277969360352,20683600
2006-03-16,10.325580139292592,10.386112260726582,10.29053477912895,10.319208145141602,5993000
2006-03-17,10.372994634929016,10.372994634929016,10.305761337280273,10.305761337280273,3686400
2006-03-20,10.32817424572432,10.360190399401484,10.238531458011032,10.283352851867676,5121200
2006-03-21,10.276948265876364,10.331375109304398,10.132879257202148,10.132879257202148,10443200
2006-03-22,10.136081866942302,10.254538578323864,10.136081866942302,10.238531112670898,7977000
2006-03-23,10.235325131799003,10.292953571248514,10.177697913640316,10.267340660095215,6414600
2006-03-24,10.264139915355088,10.305759065091166,10.212914702403763,10.260937690734863,3093200
2006-03-27,10.257739810169465,10.340979356273094,10.257739810169465,10.331375122070312,5005200
2006-03-28,10.308964204667404,10.411413438247678,10.24173151347685,10.244933128356934,6136200
2006-03-29,10.267344263180181,10.433824580226538,10.267344263180181,10.417817115783691,5956400
2006-03-30,10.469040436754433,10.571489662035818,10.40821036960598,10.456233978271484,5902000
2006-03-31,10.39860355390209,10.411410009204562,10.328169271029289,10.356983184814453,5491400
2006-04-03,10.472244692630648,10.600306874644525,10.427423295313234,10.485051155090332,4854800
2006-04-04,10.501057624816895,10.526670547302786,10.443429770515001,10.501057624816895,7378200
2006-04-05,10.565087798842809,10.645126342773436,10.465839564703979,10.645126342773438,7297000
2006-04-06,10.667537689208984,10.696351615636331,10.581095909926944,10.667537689208984,5206600
2006-04-07,10.661131070382238,10.70275144450296,10.504256248474121,10.504256248474121,6347000
2006-04-10,10.565088709740259,10.590701632226152,10.48184915424384,10.501057624816895,5306400
2006-04-11,10.648326050145174,10.689946429881092,10.424219131469727,10.424219131469727,4495600
2006-04-12,10.485052325534035,10.517067263965583,10.437028696595094,10.494656562805176,2658800
2006-04-13,10.65473205998786,10.65473205998786,10.424221851866967,10.549081802368164,8089800
2006-04-17,10.597105098603024,10.667539423832215,10.587500861995965,10.641927719116211,4429800
2006-04-18,10.661132041617758,10.942868011554355,10.661132041617758,10.933263778686523,8221200
2006-04-19,10.933265474267973,11.016505021710817,10.840420471176582,11.006900787353516,3251400
2006-04-20,11.013305762284935,11.016506767147447,10.830817952835691,10.90445327758789,9063000
2006-04-21,10.904454124584722,11.048522559125596,10.904454124584722,11.013306617736816,4655800
2006-04-24,10.965276940855274,10.987687628140616,10.888439426383492,10.974881172180176,3379400
2006-04-25,11.045319994706043,11.051723225315909,10.853227961575525,10.898049354553223,6797200
2006-04-26,10.869236166982361,10.984491883219055,10.85963070976834,10.894847869873047,4427200
2006-04-27,10.6931460548542,10.866028318464274,10.645122457507016,10.67713737487793,16766000
2006-04-28,10.757181254137349,10.769987715988545,10.686748156538615,10.725166320800781,13160400
2006-05-01,10.773187337913747,10.894845032217747,10.750776645737162,10.795598030090332,4238200
2006-05-02,10.805199146807368,10.907648344718279,10.805199146807368,10.9012451171875,6704400
2006-05-03,10.91405751346687,10.92366174934585,10.827615726681739,10.90445327758789,5778600
2006-05-04,10.987693691681484,11.064531248555946,10.904454124584722,11.013306617736816,4051400
2006-05-05,11.074133830639513,11.09974553157677,11.016505976916493,11.090141296386719,5568600
2006-05-08,11.109349903113287,11.166977751208341,11.106147677501765,11.131760597229004,4338200
2006-05-09,11.176581775042308,11.221403162429905,11.112550698220938,11.205395698547363,5280600
2006-05-10,11.208597183227539,11.21500041331325,11.11255117452439,11.208597183227539,9409400
2006-05-11,11.31424446976002,11.317445472975228,11.02930755326478,11.054919242858887,9712400
2006-05-12,11.003697184502604,11.029310101304729,10.798798735249969,10.818008422851562,19667000
2006-05-15,10.64192145428625,10.760378114107606,10.545874259591882,10.67713737487793,15744400
2006-05-16,10.785990982812516,10.785990982812516,10.523464723542466,10.680340766906738,10700400
2006-05-17,10.609911169876607,10.673942261239812,10.340981563184334,10.392206192016602,12605400
2006-05-18,10.459437422572229,10.481849340791937,10.270547611688196,10.283352851867676,6915800
2006-05-19,10.212916182584893,10.366590622420397,10.158489958416082,10.324970245361328,16975000
2006-05-22,10.084856945221793,10.216120113752392,9.937586311512595,10.10086441040039,18024400
2006-05-23,10.24493504549135,10.340981067284545,10.123276710510254,10.123276710510254,12590600
2006-05-24,10.05283885244439,10.203311673768642,9.908769870469968,10.078451156616211,9240000
2006-05-25,10.17449728143139,10.289752339514548,10.142481750046164,10.251334190368652,8627600
2006-05-26,10.379396526443527,10.440226594047815,10.28335052968389,10.424219131469727,8946000
2006-05-30,10.417817591555547,10.417817591555547,10.177701950073242,10.177701950073242,5977600
2006-05-31,10.241729228876217,10.37299296709652,10.222520154526244,10.292954444885254,7760800
2006-06-01,10.228926616786339,10.42422086813167,10.184104614938406,10.405011177062988,8201600
2006-06-02,10.517061484034313,10.523464712459882,10.424217725090935,10.504256248474121,7415800
2006-06-05,10.430625119157666,10.49145398155715,10.187307226976861,10.190508842468262,7279600
2006-06-06,10.164892482888709,10.164892482888709,10.01442027856493,10.104063034057617,10697600
2006-06-07,10.132877946651963,10.132877946651963,9.873553276062012,9.873553276062012,11128400
2006-06-08,9.899164355045409,9.908769197449526,9.502173362023761,9.841536521911621,27221600
2006-06-09,9.860745491635656,9.985605998984907,9.767901125294369,9.790311813354492,8174600
2006-06-12,9.857550021521917,9.892766575107892,9.630240177933084,9.636643409729004,8845400
2006-06-13,9.572604772698613,9.678255571526751,9.409326154392343,9.473357200622559,18360600
2006-06-14,9.51818512857339,9.627037615822076,9.418937488074551,9.598223686218262,10272400
2006-06-15,9.707077067171266,9.950394378090737,9.70387545129322,9.918378829956055,14281800
2006-06-16,9.936745937024718,9.936745937024718,9.801376684284147,9.859392166137695,9627200
2006-06-19,9.814267649694301,9.885175107491078,9.614436647171717,9.662782669067383,24094800
2006-06-20,9.73369677996201,9.7981579775607,9.649896669805647,9.704689025878906,7023400
2006-06-21,9.724025687953489,10.004433725336758,9.714356233301205,9.939971923828125,26130200
2006-06-22,9.93996830065384,9.959306588156196,9.833606797261268,9.888399124145508,6109800
2006-06-23,9.859389747253859,10.039881835041994,9.852943447573184,9.972197532653809,5155200
2006-06-26,9.975423713554433,10.00765399224513,9.927077066012068,10.001208305358887,6167400
2006-06-27,9.994762434871326,10.030216480664293,9.859393168370124,9.875508308410645,8590800
2006-06-28,9.901288986206055,9.920627884311605,9.820712088358421,9.901288986206055,3688400
2006-06-29,9.97220239143696,10.297733306884766,9.97220239143696,10.297733306884766,12453000
2006-06-30,10.346076011657715,10.381530053094618,10.291284296350664,10.346076011657715,4199400
2006-07-03,10.391202279864705,10.481448055370738,10.378309674933421,10.468555450439453,4472400
2006-07-05,10.4105436236519,10.4105436236519,10.281620602707195,10.342859268188477,11432000
2006-07-06,10.342854033379124,10.420208421548171,10.3041768392946,10.333185195922852,7682000
2006-07-07,10.281618912065216,10.358972711912488,10.204265112217945,10.25261116027832,5138000
2006-07-10,10.281614988681607,10.33640731950927,10.213930670175557,10.27839183807373,3573400
2006-07-11,10.204260487333862,10.281614252122033,10.146245010054464,10.265499114990234,4272400
2006-07-12,10.304176252286068,10.326738306156058,10.159138165926212,10.19136905670166,5551000
2006-07-13,10.146246036365396,10.146246036365396,9.888400127656583,9.904515266418457,12430800
2006-07-14,9.885174513523873,9.946413132113705,9.772366726043545,9.920628547668457,6587200
2006-07-17,9.852944780961247,9.904513955879512,9.765921567754274,9.788483619689941,6985800
2006-07-18,9.833606451043677,9.885175625736382,9.711129200083708,9.83038330078125,7360200
2006-07-19,9.891624327313075,10.15269341440986,9.878731723133875,10.094677925109863,11064800
2006-07-20,10.197820706691884,10.210713316442845,9.814274787902832,9.814274787902832,9373800
2006-07-21,9.856171854882696,9.856171854882696,9.65956391301846,9.685348510742188,9195000
2006-07-24,9.749806388479765,9.85939103839003,9.643444888831926,9.83038330078125,13622800
2006-07-25,9.910963168585912,10.017324699951338,9.794932183549724,9.981870651245117,8225000
2006-07-26,9.988314455924055,9.991537606341632,9.888399251991503,9.959306716918945,10437200
2006-07-27,9.981867841157785,10.004429893371244,9.727245113707957,9.740137100219727,6234800
2006-07-28,9.794929778418394,9.927075872370992,9.740137450578068,9.917407035827637,10654800
2006-07-31,9.872283499903618,10.010875894094012,9.872283499903618,9.959306716918945,6326400
2006-08-01,9.95930769804386,9.95930769804386,9.833607893140664,9.878730773925781,5716000
2006-08-02,9.920632684410034,10.107571153276607,9.920632684410034,10.036663055419922,7524200
2006-08-03,9.991536985121646,10.139798206593602,9.959306097702903,10.097898483276367,8609000
2006-08-04,10.201040200221984,10.252609391222059,10.001209738785002,10.049555778503418,4422200
2006-08-07,10.068890746074803,10.130129370695112,10.026991022757569,10.097898483276367,4216600
2006-08-08,10.072114006165535,10.146244617710181,9.96252935659821,9.991537094116211,13830400
2006-08-09,10.06244632667374,10.107569823396403,9.96897741191503,10.001208305358887,7627200
2006-08-10,10.052779301654049,10.091455888958192,9.939971461635967,10.026994705200195,7596000
2006-08-11,9.981871770359476,10.062448715723301,9.90129482499565,9.91418743133545,10213800
2006-08-14,9.920630013151484,10.007652614288624,9.881952823393696,9.888399124145508,6692000
2006-08-15,9.946414111587233,10.097898483276367,9.939967811152876,10.097898483276367,6551800
2006-08-16,10.143021379771712,10.275167465209961,10.143021379771712,10.275167465209961,11645200
2006-08-17,10.249386157400343,10.281617055204142,10.175255522778876,10.210709571838379,8059000
2006-08-18,10.201040118071267,10.246163620897882,10.133355785961209,10.210709571838379,2420000
2006-08-21,10.217155874349787,10.246163620897882,10.168809220267468,10.210709571838379,1990800
2006-08-22,10.204262483516935,10.275169961422252,10.204262483516935,10.239716529846191,3841400
2006-08-23,10.265502649496147,10.30095608634366,10.184925706587627,10.223602294921875,5244000
2006-08-24,10.226822608371412,10.259053499541109,10.130130549615437,10.143022537231445,3803000
2006-08-25,10.139801725511761,10.20748667405582,10.136579188929277,10.17525577545166,3248600
2006-08-28,10.136576823709094,10.19459168995576,10.114014769623424,10.165584564208984,4115400
2006-08-29,10.191370059377954,10.230046640311194,10.088231075798584,10.20748519897461,7511400
2006-08-30,10.249386157400343,10.255832459911751,10.197816966815562,10.210709571838379,3486600
2006-08-31,10.249388542639835,10.30095774522581,10.226827093352645,10.259057998657227,1948600
2006-09-01,10.268722082880881,10.423429609707904,10.252606331282403,10.375082969665527,5894800
2006-09-05,10.378306735963987,10.471776250987018,10.378306735963987,10.436322212219238,7003400
2006-09-06,10.365417150237874,10.391202360300039,10.297732818084425,10.307401657104492,7681800
2006-09-07,10.23327158570867,10.265502485307227,10.159140946959283,10.194594383239746,5998200
2006-09-08,10.152693710927888,10.268724692916667,10.152693710927888,10.233270645141602,5621400
2006-09-11,10.168806576036783,10.168806576036783,9.914183840579035,9.959306716918945,15488200
2006-09-12,9.959309285055566,10.08178657349351,9.956086133806858,10.075340270996094,10491200
2006-09-13,10.07211628180192,10.188147258089298,10.049554839691194,10.146246910095215,3942400
2006-09-14,10.12690818259032,10.143023322045517,10.0753389986299,10.114015579223633,5343800
2006-09-15,10.137684629007445,10.17334603432625,10.105264663696289,10.105264663696289,8517600
2006-09-18,10.147410703654835,10.30302642141885,10.121474853754073,10.228460311889648,6680400
2006-09-19,10.21549033138658,10.225216504732693,10.069600822991369,10.09877872467041,10681200
2006-09-20,10.082567409461928,10.231698332953805,10.082567409461928,10.186310768127441,15562000
2006-09-21,10.114992399896414,10.225219927950683,10.082572429581717,10.095540046691895,5910600
2006-09-22,10.050149595968266,10.144167421259155,10.043665480080758,10.085811614990234,4985800
2006-09-25,10.08257149725983,10.15389493066938,9.943166070648916,10.1409273147583,6461400
2006-09-26,10.131198718704159,10.35489575955375,10.131198718704159,10.341927528381348,6697600
2006-09-27,10.39055635150433,10.397040466586898,10.251151587384612,10.319232940673828,9570800
2006-09-28,10.338685386758154,10.371105346066992,10.296539872508168,10.348411560058594,3706200
2006-09-29,10.309506800683387,10.338684700288052,10.257635116577148,10.257635116577148,5528600
2006-10-02,10.212247298875505,10.328958894451896,10.196037629871778,10.277087211608887,3764400
2006-10-03,10.205766631032589,10.205766631032589,10.124717021920144,10.1409273147583,9365000
2006-10-04,10.098775410859137,10.179824973736594,10.040419626649914,10.15713119506836,10924400
2006-10-05,10.163617888847691,10.335442610021,10.163617888847691,10.319232940673828,3994400
2006-10-06,10.027455616202932,10.374347770853351,10.027455616202932,10.367863655090332,4680200
2006-10-09,10.390554740496992,10.516991873207331,10.380829187740291,10.452153205871582,5063800
2006-10-10,10.429462732105588,10.504029458121561,10.374349593515085,10.500786781311035,3724800
2006-10-11,10.419736077592269,10.45863953818894,10.319234749631619,10.406767845153809,9303800
2006-10-12,10.44567157837667,10.529962608009528,10.422977792063262,10.513752937316895,5047200
2006-10-13,10.52995994578363,10.66288119060732,10.520234393170623,10.617493629455566,5525200
2006-10-16,10.649913210655482,10.714753115261505,10.646671771948423,10.69530200958252,3205600
2006-10-17,10.708265968353343,10.708265968353343,10.536441321021814,10.620732307434082,5711200
2006-10-18,10.71475414645369,10.717996822191141,10.56238177819122,10.581832885742188,4159600
2006-10-19,10.588316373510835,10.675850062462185,10.565622591566228,10.653156280517578,5616800
2006-10-20,10.636949948397625,10.659643737458374,10.591561133557379,10.594803810119629,5116600
2006-10-23,10.56238022536787,10.666123572782704,10.56238022536787,10.662880897521973,6448000
2006-10-24,10.666124475671875,10.79904572809383,10.646672132615604,10.786077499389648,8030000
2006-10-25,10.782834806334137,10.841190598689773,10.711512022013748,10.776351928710938,5584200
2006-10-26,10.824986518825122,10.837954754202162,10.721243109246798,10.799051284790039,5656400
2006-10-27,10.779596021952733,10.92224286243805,10.750418118589979,10.824983596801758,6704400
2006-10-30,10.84443856563653,10.886584711062175,10.776357186908228,10.854164123535156,7657000
2006-10-31,10.863887518537188,10.883339867180622,10.805532946044313,10.873614311218262,1699200
2006-11-01,10.873618016907336,10.96763587898014,10.76663191798605,10.789325714111328,5713400
2006-11-02,10.76338635046646,10.857404176492961,10.737449886713495,10.824983596801758,4536000
2006-11-03,10.863891220911407,10.915762931586206,10.779600154834533,10.789325714111328,8653600
2006-11-06,10.854161754417822,10.948179582646645,10.831467966461718,10.922243118286133,5431200
2006-11-07,10.983841642842009,11.000051314767102,10.886582374572754,10.886582374572754,4378400
2006-11-08,10.909276107926129,10.935211335532532,10.815258279825702,10.912517547607422,3360800
2006-11-09,10.919000818607113,11.090825552946976,10.919000818607113,11.032469749450684,3042000
2006-11-10,11.00653520564751,11.00653520564751,10.863887127500913,10.925485610961914,4717000
2006-11-13,10.886581477428548,11.032469749450684,10.860645015110821,11.032469749450684,2541000
2006-11-14,11.05516152398045,11.058404199539412,10.931967060543958,11.029226303100586,4047400
2006-11-15,11.000049059895902,11.100550983979767,10.964387046939743,11.074614524841309,9802600
2006-11-16,11.19780876611401,11.19780876611401,11.009773172136168,11.016257286071777,3134600
2006-11-17,10.957902642399283,11.029226666425606,10.92224063038612,10.967629432678223,13519400
2006-11-20,11.19132535301194,11.249681145368559,11.132969560655322,11.178357124328613,9326000
2006-11-21,11.132971226379551,11.217262251996159,11.123245671771087,11.207536697387695,5814400
2006-11-22,11.262651801803683,11.363152503967285,11.243199454585588,11.363152503967285,4522800
2006-11-24,11.330730044945051,11.372876167297363,11.308036264459563,11.372876167297363,1311600
2006-11-27,11.327495687009778,11.346948043159818,11.165396429250352,11.18484878540039,6874000
2006-11-28,11.155666756101061,11.239957794898848,11.145941199971745,11.230232238769531,7285400
2006-11-29,11.220503997282814,11.327488799257258,11.217261321536608,11.324247360229492,2838600
2006-11-30,11.324247211211643,11.372877453017281,11.269132854717359,11.346940994262695,3316000
2006-12-01,11.317768490321871,11.346946401967118,11.168637491565724,11.256171226501465,8487400
2006-12-04,11.295071618626027,11.437718460733056,11.291830178979385,11.4215087890625,7015200
2006-12-05,11.41827065809408,11.505804394542183,11.405302422312355,11.470142364501953,6581600
2006-12-06,11.453926316633849,11.502555318685813,11.411780192147472,11.424748420715332,1758200
2006-12-07,11.492833236751881,11.547946369733367,11.453929776016789,11.496074676513672,3971600
2006-12-08,11.486345080475077,11.531732641488531,11.466892738590047,11.525248527526855,1174000
2006-12-11,11.551189216346748,11.554430656156281,11.48310661315918,11.48310661315918,14063800
2006-12-12,11.411780820992664,11.427990489236551,11.291827791925805,11.353425025939941,6589400
2006-12-13,11.385846769356075,11.421508789062502,11.353427426014965,11.4215087890625,5515000
2006-12-14,11.398815140442222,11.515526756643947,11.372879912796668,11.5058012008667,5522600
2006-12-15,11.520218463623733,11.631651631915181,11.520218463623733,11.592321395874023,11078600
2006-12-18,11.589048934787852,11.592325830588587,11.47106068201909,11.474337577819824,6902600
2006-12-19,11.405509007702848,11.56938126715331,11.405509007702848,11.559549331665039,7093400
2006-12-20,11.520221044222138,11.582492056534175,11.503832817077637,11.503832817077637,1906200
2006-12-21,11.520217849567945,11.582488844611708,11.307183458227636,11.366177558898926,12633400
2006-12-22,11.392400185091834,11.395678330780717,11.271135049774593,11.303910255432129,4232800
2006-12-26,11.353067143236267,11.408784347877855,11.336680171369615,11.402229309082031,759200
2006-12-27,11.480887144647394,11.533326204176705,11.431726229601926,11.513662338256836,2260000
2006-12-28,11.552992264472904,11.552992264472904,11.471056149122031,11.497276306152344,2766600
2006-12-29,11.487445205199963,11.487445205199963,11.398954034545113,11.418619155883789,1049400
2007-01-03,11.421899701592068,11.490727023152601,11.28752445511145,11.343241691589355,7635600
2007-01-04,11.333402450174104,11.333402450174104,11.218691154985615,11.29079532623291,8948800
2007-01-05,11.264581663299603,11.294078727601086,11.136761468075322,11.215420722961426,13999200
2007-01-08,11.221975765055804,11.23836274516853,11.156426594358457,11.215420722961426,6679000
2007-01-09,11.241638614350002,11.277690717453085,11.133483555287079,11.218696594238281,7707800
2007-01-10,11.176088318157706,11.303909739013193,11.149869405075746,11.297354698181152,8673800
2007-01-11,11.310462863890264,11.454671253214963,11.290798992797715,11.418619155883789,7327200
2007-01-12,11.402232975372478,11.589047265261623,11.402232975372478,11.546440124511719,6262800
2007-01-16,11.579214462773482,11.608710269263472,11.536607325211072,11.575936317443848,4129800
2007-01-17,11.579214046969554,11.628374972933647,11.543161951114907,11.615264892578125,6434000
2007-01-18,11.631654406011528,11.664428360283013,11.530053147375975,11.546440124511719,3644600
2007-01-19,11.589045899728106,11.736531177064082,11.552993804129748,11.723421096801758,21810800
2007-01-22,11.749640674567473,11.749640674567473,11.572659581956223,11.602156639099121,6688800
2007-01-23,11.634931327997792,11.75619645937559,11.589047291814097,11.749641418457031,4842600
2007-01-24,11.743090441607237,11.890574521752473,11.736535399117988,11.87091064453125,8075800
2007-01-25,11.956121539029702,11.956121539029702,11.779139174494386,11.831578254699707,7942000
2007-01-26,11.8512444758787,11.8512444758787,11.716869242270903,11.82502555847168,6730400
2007-01-29,11.834856746347812,11.854520620595547,11.752920602992035,11.779139518737793,5660000
2007-01-30,11.78897432804207,11.818471393718227,11.743090281489494,11.81191635131836,6068600
2007-01-31,11.795528078016199,12.011839452524798,11.775862952971286,11.880741119384766,7902600
2007-02-01,12.005284245589312,12.054445182155346,11.992174162406497,12.024948120117188,3460600
2007-02-02,12.002003303209186,12.02494531831046,11.920067177777195,12.005281448364258,13602000
2007-02-05,12.02823044538633,12.04789432674665,11.94629427239357,11.95612621307373,6067200
2007-02-06,11.998725479154619,12.054441440015788,11.975783465829906,12.038054466247559,8626600
2007-02-07,12.038054466247559,12.09704857200995,12.015112452922846,12.038054466247559,24493600
2007-02-08,12.011836590277577,12.07410759604531,11.985616429798911,12.051165580749512,25792200
2007-02-09,12.077388077644647,12.116718330042684,11.988898135365156,11.995451927185059,8003200
2007-02-12,12.018391767342111,12.087219071419785,11.995449749398288,12.044611930847168,5516200
2007-02-13,12.142934362898417,12.300251584372656,12.123270491617975,12.287142753601074,30785800
2007-02-14,12.313364702795232,12.372358831681243,12.280590742412537,12.362526893615723,10457600
2007-02-15,12.37236089515743,12.428076887149677,12.346140722281085,12.421523094177246,7286400
2007-02-16,12.401853394066011,12.454292470246674,12.359246253967285,12.359246253967285,4864600
2007-02-20,12.385465810761445,12.47395698190476,12.342858672748857,12.460846900939941,6671800
2007-02-21,12.42151991522346,12.631276243566104,12.39202285340988,12.539506912231445,7654000
2007-02-22,12.634552249310481,12.683714432285866,12.500177032790175,12.536229133605957,5853400
2007-02-23,12.546063651069849,12.62144476362554,12.46740564242326,12.585393905639648,9463800
2007-02-26,12.765650056656392,12.834476109855007,12.64766182246094,12.700100898742676,8082800
2007-02-27,12.447733592003809,12.467398708351437,11.936451819177773,12.185538291931152,18486200
2007-02-28,12.208482294762735,12.270753297989737,12.034778114540137,12.198650360107422,16951000
2007-03-01,11.96267707178661,12.257647691463447,11.30063287559242,12.146214485168457,15466200
2007-03-02,12.142935291824562,12.142935291824562,11.903681921056057,11.9462890625,11889200
2007-03-05,11.831573006792977,11.946284303406124,11.743083114021395,11.78896713256836,12049800
2007-03-06,11.864352674019052,12.070832085610117,11.864352674019052,12.02822494506836,12724600
2007-03-07,11.975784738434205,12.083939776994356,11.96595155293158,11.969229698181152,21999000
2007-03-08,12.047894695907818,12.21176704691457,11.916797565250508,12.087224960327148,20080600
2007-03-09,12.159319264562116,12.260920499746195,12.149487330599309,12.22814655303955,4042400
2007-03-12,12.159321693021214,12.319917064548093,12.159321693021214,12.267477989196777,4761800
2007-03-13,12.208483041310183,12.280587233847678,11.94300953716894,11.969229698181152,14996800
2007-03-14,11.979062772330732,12.103606048487341,11.775861506151363,12.044611930847168,14061200
2007-03-15,12.14949121240216,12.346137455963007,12.126549192328271,12.27403450012207,12262800
2007-03-16,12.273375383086098,12.279937583533759,12.092883574512356,12.174924850463867,13679800
2007-03-19,12.30619103304024,12.355416297912598,12.191333750805393,12.355416297912598,9540000
2007-03-20,12.322598171539862,12.447301249097276,12.309471268249524,12.40792179107666,5469200
2007-03-21,12.404644442617032,12.568727044376121,12.358701514420632,12.54903793334961,10007200
2007-03-22,12.539194244949776,12.55560225752825,12.463716385607905,12.489970207214355,2523800
2007-03-23,12.470277051612394,12.542473793029785,12.437461033795852,12.542473793029785,7180400
2007-03-26,12.56872463484455,12.663892826064487,12.41120551757569,12.63107681274414,7396800
2007-03-27,12.601541169501663,12.637638281321221,12.470274620128494,12.493246078491211,6172200
2007-03-28,12.519507297258055,12.519507297258055,12.339015372105047,12.368550300598145,14652200
2007-03-29,12.782026453513796,12.782026453513796,12.33900297135769,12.463706016540527,9755800
2007-03-30,12.503093762686696,12.58185396240457,12.358701523696647,12.486685752868652,11558800
2007-04-02,12.476841658680131,12.509657679529594,12.394800354705525,12.483405113220215,4248200
2007-04-03,12.512933907223692,12.663889532194888,12.512933907223692,12.61794662475586,6530000
2007-04-04,12.617948986225349,12.670455354818083,12.614666634022354,12.637638092041016,4702400
2007-04-05,12.624514385485012,12.637640040769247,12.581852563221643,12.621232032775879,3154800
2007-04-09,12.699992542825472,12.814849853515627,12.699992542825472,12.814849853515625,8681200
2007-04-10,12.76234322548979,12.775470132697446,12.673738479614258,12.673738479614258,3693800
2007-04-11,12.765621149988698,12.765621149988698,12.572003717316829,12.61794662475586,9888200
2007-04-12,12.627794872202907,12.732807620474185,12.594978857812148,12.72952651977539,8429800
2007-04-13,12.729523092916223,12.765621450138601,12.640918375693213,12.759057998657227,3594200
2007-04-16,12.788594524709632,12.929705619812012,12.778748720314924,12.929705619812012,4031800
2007-04-17,12.864074441005322,12.883763549296317,12.788596604904805,12.8082857131958,5727000
2007-04-18,12.772184446323823,12.808282805797525,12.706552431117583,12.739368438720703,5452200
2007-04-19,12.617952101652213,12.726245965928326,12.558882265919467,12.693429946899414,7356000
2007-04-20,12.798438917211701,12.844381830977406,12.765622907907774,12.824692726135254,6309000
2007-04-23,12.864070078369881,12.903449533447713,12.795155719021098,12.82140827178955,5022800
2007-04-24,12.831253691039608,12.847662945962094,12.680298059815705,12.768902778625488,11312200
2007-04-25,12.827977908230986,12.995341611897528,12.827977908230986,12.972370147705078,4172600
2007-04-26,12.92642906347111,12.969090896708117,12.83126084003897,12.919865608215332,4570000
2007-04-27,12.860791740452603,12.919861567428967,12.788596258920922,12.910017013549805,5872400
2007-04-30,12.896890894741349,12.936270364513549,12.673738479614258,12.673738479614258,6300000
2007-05-01,12.663893855039246,12.696709871025982,12.512938178539041,12.621232032775879,8152200
2007-05-02,12.624519570574229,12.808291338539133,12.617956114311015,12.77219295501709,4752200
2007-05-03,12.847667122177668,12.873919685256505,12.75906237456635,12.814849853515625,3271200
2007-05-04,12.906734162641905,12.975648534152223,12.857508896219949,12.929705619812012,3975400
2007-05-07,12.887043812979494,13.129885289443592,12.887043812979494,13.100350379943848,6196000
2007-05-08,13.110198974609375,13.110198974609375,12.978932404039378,13.110198974609375,10947000
2007-05-09,13.044568135277613,13.169271275516794,13.044568135277613,13.16598892211914,11946600
2007-05-10,13.097069613522985,13.120041071291547,12.893607593922622,12.913296699523926,14010400
2007-05-11,12.965803270120928,13.090506365563296,12.939550711625502,13.064253807067871,7986800
2007-05-14,13.077377886590734,13.123322049167085,12.94611260620959,13.047842979431152,5142200
2007-05-15,13.041285035998497,13.192240721039568,13.018312321287098,13.129888534545898,7168600
2007-05-16,13.129891421761116,13.175835609436035,13.031442094731371,13.175835609436035,5715800
2007-05-17,13.077381509336078,13.225056086043358,13.07410040845404,13.169268608093262,6542800
2007-05-18,13.175831937615968,13.264435430955077,13.175831937615968,13.21849250793457,6388400
2007-05-21,13.215207751691908,13.297249020635725,13.211925399897922,13.238179206848145,8148800
2007-05-22,13.238177310120506,13.26442986145892,13.159417152404785,13.159417152404785,4164800
2007-05-23,13.208647953530395,13.32678761378356,13.185676492020143,13.21849250793457,14445400
2007-05-24,13.20864673561457,13.316941831478106,13.024873808626744,13.077380180358887,11932600
2007-05-25,13.077379916021107,13.231617927551268,13.077379916021107,13.23161792755127,5872000
2007-05-29,13.234901387908165,13.257872848759149,13.129887385924158,13.188957214355469,6117800
2007-05-30,13.12003828824151,13.362880971233304,13.070814282829188,13.356317520141602,10885600
2007-05-31,13.398986504463368,13.484308910664115,13.379296140639672,13.421957969665527,7053400
2007-06-01,13.454766057970886,13.609004020690918,13.454766057970886,13.609004020690918,4435000
2007-06-04,13.540088884029522,13.540088884029522,13.464611075695712,13.526963233947754,3991400
2007-06-05,13.50727825826567,13.523686266287571,13.408828958283493,13.481025695800781,8460400
2007-06-06,13.43507876286458,13.438361114905636,13.261151660203902,13.30709457397461,10731200
2007-06-07,13.241461741839885,13.316940819076635,12.949394993043128,13.008464813232422,16667000
2007-06-08,13.057696335746467,13.257877349853516,12.896894803346182,13.257877349853516,12843800
2007-06-11,13.185670990159293,13.211923541566529,13.018306124018485,13.143009185791016,7229200
2007-06-12,13.03472609387938,13.1725549187506,12.97893734201393,12.982219696044922,10473400
2007-06-13,13.067540318541534,13.32350881615556,13.047849952628495,13.2874116897583,8952800
2007-06-14,13.287405930893202,13.451488486833917,13.287405930893202,13.38913631439209,5466400
2007-06-15,13.505504229717387,13.597804073150117,13.459354308001021,13.548357009887695,7031400
2007-06-18,13.818664772075879,13.818664772075879,13.505504229717387,13.548357009887695,3887000
2007-06-19,13.465944599352516,13.620877540258887,13.452759807087377,13.61428451538086,4720000
2007-06-20,13.62746527041832,13.640651315051164,13.400011659208683,13.442864418029785,6450000
2007-06-21,13.40331056801901,13.564836507516993,13.268156723741399,13.518685340881348,13295200
2007-06-22,13.482429793957186,13.548357537553352,13.409907767012077,13.479132652282715,8828800
2007-06-25,13.436277611964412,13.495613582773382,13.268159866333008,13.268159866333008,7822800
2007-06-26,13.301125912328175,13.396722909552192,13.086858211557452,13.103340148925781,19087000
2007-06-27,13.090147233765045,13.235191224548615,12.938511477482725,13.218708038330078,17329600
2007-06-28,13.26486398239518,13.330791721079803,13.222009946257367,13.268159866333008,10014800
2007-06-29,13.320898887349571,13.456052723821442,13.24837688717274,13.350566864013672,15360800
2007-07-02,13.459355367508183,13.5879162331214,13.380240311558659,13.564841270446777,9339400
2007-07-03,13.58462101512159,13.601102954010267,13.538471083236757,13.56813907623291,4017400
2007-07-05,13.568133228287016,13.60109709185675,13.52198331629307,13.597801208496094,4547400
2007-07-06,13.624176881817393,13.713179588317871,13.551654853937322,13.713179588317871,6073000
2007-07-09,13.660438113068482,13.762628139978347,13.640660290595852,13.746146202087402,5009800
2007-07-10,13.663733071669661,13.663733071669661,13.442871115252844,13.548357009887695,9444800
2007-07-11,13.561542106188265,13.683509927492183,13.51539218772143,13.647250175476074,5680800
2007-07-12,13.861515901475423,14.056005714682412,13.762623053190177,13.99337387084961,14037800
2007-07-13,14.029638981244535,14.18786783630666,14.009859902802583,14.141717910766602,7418600
2007-07-16,14.141714232795959,14.18456700537165,14.003263234692898,14.065895080566406,11683000
2007-07-17,14.11534230636753,14.21753230007684,14.112046422856645,14.191160202026367,8271800
2007-07-18,14.052711547614948,14.214236259460451,14.026339447522899,14.21423625946045,13055800
2007-07-19,14.217536789648785,14.26038957627646,14.158200807789129,14.247204780578613,10068600
2007-07-20,14.204352120392402,14.204352120392402,13.980194224303116,14.108755111694336,22897600
2007-07-23,14.042819032108557,14.154897923768178,14.029634241759164,14.092266082763672,10238200
2007-07-24,13.967002522763925,14.003263529160355,13.713176735479767,13.812070846557617,13567800
2007-07-25,13.86151837945512,14.00985830714664,13.393424893729673,13.581321716308594,29214800
2007-07-26,13.396722756592833,13.429687888444326,12.889071043500683,13.129712104797363,38783600
2007-07-27,13.0538955753141,13.198939669867638,12.80336680993569,12.829737663269043,29602000
2007-07-30,12.9022562982709,13.18904601144008,12.859402258259971,13.152786254882812,14804200
2007-07-31,13.307716297460152,13.39342436675009,12.987962752007293,12.99455451965332,22728000
2007-08-01,12.981370530209693,13.070374488830566,12.737433615009037,13.070374488830566,31120400
2007-08-02,13.07696804314348,13.113229059848537,12.902257243554994,13.103340148925781,15091000
2007-08-03,13.014334070213732,13.03081600491248,12.664911270141602,12.664911270141602,18735000
2007-08-06,12.747321548774957,12.813250541687012,12.470422042028039,12.813250541687012,22623200
2007-08-07,12.67480012240259,12.991257762765201,12.67480012240259,12.905550956726074,17104200
2007-08-08,12.968184256768991,13.28464193255657,12.945109296502668,13.238492012023926,18183600
2007-08-09,13.014332720448461,13.103336667579986,12.786879027217376,12.905550956726074,16458200
2007-08-10,12.773694849369756,12.948405628138188,12.579204993621644,12.750619888305664,24855000
2007-08-13,12.951699901200556,12.95829292540024,12.744024040128236,12.806655883789062,11671800
2007-08-14,12.809954430372668,12.879179305829776,12.430863670980255,12.47701358795166,14007200
2007-08-15,12.463829377125847,12.513275180120395,12.045181706152215,12.163853645324707,31921800
2007-08-16,11.9396979477444,12.048479739734244,11.415564294542982,11.99903392791748,33698400
2007-08-17,12.424271225741027,12.641836028393602,11.982548595205074,12.163853645324707,27779000
2007-08-20,12.299007042461922,12.460531753141963,12.170444941677216,12.39130687713623,22433600
2007-08-21,12.345159952106037,12.546242861378621,12.318787845812015,12.467127799987793,15559600
2007-08-22,12.58579699280186,12.938515663146973,12.58579699280186,12.938515663146973,33409200
2007-08-23,12.974773126637318,12.984662032872514,12.63524059932898,12.691279411315918,13163800
2007-08-24,12.734135044211666,12.987960815429688,12.730837903389308,12.987960815429688,11067400
2007-08-27,12.987963262172364,13.024223015613652,12.84951224383912,12.872587203979492,10226800
2007-08-28,12.757215361118558,12.793476380458205,12.473721490817274,12.575911521911621,19082400
2007-08-29,12.598979521784463,12.849508118952604,12.569311545771995,12.823137283325195,15977800
2007-08-30,12.681393669721748,12.88247652995508,12.625353586259392,12.790175437927246,11619200
2007-08-31,12.948403731000196,13.070372801601295,12.879178857950416,12.905550956726074,12699800
2007-09-04,12.945108045333074,13.142893759211185,12.852808213188743,13.086854934692383,10019000
2007-09-05,12.93851459681605,13.040704591551307,12.856103675817224,12.971478462219238,14231800
2007-09-06,12.997850983790926,13.103336865505154,12.915440060108503,13.037407875061035,11044000
2007-09-07,12.892366666294729,12.925330536770812,12.714358747745356,12.730840682983398,22327000
2007-09-10,12.842920400507953,12.842920400507953,12.51657378706226,12.651727676391602,20307800
2007-09-11,12.724241568776836,12.833024552778603,12.674795786722767,12.816542625427246,14569800
2007-09-12,12.734136914362406,12.889068603515625,12.691282879813617,12.889068603515625,7878200
2007-09-13,12.94840580189735,13.034113879135038,12.865994866279385,12.931923866271973,9552000
2007-09-14,12.90555262586096,13.100042478267627,12.902255484342126,13.020927429199219,8962600
2007-09-17,13.080263954688757,13.218713724548614,13.007741928100586,13.007741928100586,18160000
2007-09-18,13.165968883602275,13.630766448830471,13.067076025413686,13.61428451538086,27159600
2007-09-19,13.713173609118607,13.99996445387576,13.709877726329816,13.769213676452637,28976400
2007-09-20,13.828550297322131,13.831846180270789,13.690099321156536,13.726360321044922,28232800
2007-09-21,13.94823475093725,13.94823475093725,13.759476684627037,13.76609992980957,10791600
2007-09-24,13.77603533122256,13.92836745679636,13.729673874278127,13.782658576965332,21746000
2007-09-25,13.683316702837553,13.785975149119848,13.633642975836848,13.73630142211914,11859600
2007-09-26,13.832332378707134,13.968105759182869,13.78597092146005,13.90849781036377,14055200
2007-09-27,13.95486152386218,14.074077440775458,13.941615030148444,14.07076644897461,10488800
2007-09-28,13.981355397644998,14.23634473315132,13.901877693579225,13.944928169250488,10771400
2007-10-01,13.958174967763268,14.206541061401367,13.958174967763268,14.206541061401367,11827800
2007-10-02,14.176736456399485,14.176736456399485,13.984666079400585,14.107192993164062,12957000
2007-10-03,13.978044994194994,14.060833701239392,13.888633038996394,13.925060272216797,11385600
2007-10-04,13.94161444585438,13.997911410150762,13.819087542275366,13.984664916992188,8576200
2007-10-05,14.100568052118406,14.289326134338445,14.074075069155263,14.223094940185547,9513400
2007-10-08,14.213161567671879,14.213161567671879,14.057519690856017,14.140308380126953,3879600
2007-10-09,14.209851065562518,14.504578607401662,14.183359340975668,14.405232429504395,9626800
2007-10-10,14.319132804870605,14.382051756373418,14.180047144633868,14.319132804870605,11118200
2007-10-11,14.388667688629644,14.527752014905229,14.100563539019825,14.23964786529541,18650400
2007-10-12,14.259530158461128,14.382057115254998,14.163494936234951,14.35556411743164,11133000
2007-10-15,14.418483650743825,14.507895619142992,14.160181987616584,14.272774696350098,10986800
2007-10-16,14.166800052675116,14.166800052675116,13.981354197860759,14.021092414855957,13680600
2007-10-17,14.120434723848685,14.180042664652843,13.885315214707175,14.01446533203125,16984200
2007-10-18,13.954861055600476,14.219784604709703,13.954861055600476,14.123750686645508,11466400
2007-10-19,14.276081733683327,14.276081733683327,13.805841323257395,13.815776824951172,27088600
2007-10-22,13.653507746748883,13.766100392123498,13.507800137604336,13.713115692138672,26743000
2007-10-23,13.799217325154,13.968106948945294,13.70980665756458,13.931679725646973,16396400
2007-10-24,13.832330807999044,14.044269596065043,13.732984658999959,13.958169937133789,25052800
2007-10-25,14.011160533811951,14.120440964749072,13.89525559179672,14.067456245422363,15249600
2007-10-26,14.140304568635528,14.378735070453851,14.1204348337945,14.33237361907959,15058400
2007-10-29,14.617171219362177,14.617171219362177,14.39860912358113,14.491332054138184,8782600
2007-10-30,14.269458721726421,14.421789608815553,14.133685320059124,14.150242805480957,29513400
2007-10-31,14.339000327555205,14.564185657126936,14.22640766276934,14.524447441101074,19290600
2007-11-01,14.484709578402134,14.484709578402134,13.984665189587382,14.021092414855957,22556200
2007-11-02,14.272771470907449,14.272771470907449,13.822402001006068,14.146933555603027,21447600
2007-11-05,13.984668566989145,14.0674572759554,13.845584142288452,13.98135757446289,18456400
2007-11-06,14.074077840395747,14.325754911827005,14.037650613276243,14.309197425842285,19070200
2007-11-07,14.027713708001967,14.249586757185863,13.865447344382206,13.90849781036377,19238200
2007-11-08,14.074081013370694,14.163492973752179,13.749549414535393,14.040966033935547,37757200
2007-11-09,13.891943832009254,14.01115975972173,13.689939205969255,13.75285816192627,29194600
2007-11-12,13.686626191997906,13.73298765409168,13.203139305114746,13.203139305114746,33083200
2007-11-13,13.477989957535147,13.580647055895486,13.352150879306592,13.554155349731445,28062800
2007-11-14,13.670067325644421,13.815776220395842,13.593901886685764,13.623705863952637,18093800
2007-11-15,13.686629208668876,13.686629208668876,13.20314221522031,13.328981399536133,36606800
2007-11-16,13.468064769166274,13.468064769166274,13.1667139593146,13.30248737335205,24523800
2007-11-19,13.328976193050991,13.328976193050991,12.895163096965028,12.954771041870117,38250000
2007-11-20,13.11041670679257,13.262747589816964,12.908412105572985,13.153467178344727,21631800
2007-11-21,12.938221655557737,13.06406086945655,12.802448199043852,12.895171165466309,22022800
2007-11-23,12.898478290294335,13.219697551858843,12.898478290294335,13.087236404418945,4647000
2007-11-26,13.117039030199226,13.319043617200817,12.812376022338867,12.812376022338867,36073000
2007-11-27,12.79251023328834,13.060744811873473,12.583882356301332,12.915037155151367,21799800
2007-11-28,13.107110988951176,13.71643476621977,12.961402030686392,13.527676582336426,32825000
2007-11-29,13.583962397180699,13.802524391557622,13.49455049994633,13.66343879699707,23789400
2007-11-30,13.875383591566925,14.040960955364834,13.656821521883884,13.792594909667969,17616600
2007-12-03,13.875384165914742,13.875384165914742,13.61377161710383,13.723052024841309,13089000
2007-12-04,13.64357867404057,13.723055122470317,13.613774690065574,13.640266418457031,14278200
2007-12-05,13.759479618842331,13.891942024230959,13.742922133982534,13.891942024230957,11607800
2007-12-06,13.98797362954644,14.163485198057476,13.858822248839763,14.113811492919922,10917400
2007-12-07,14.193294998765655,14.312510929463084,14.14031028103961,14.2462797164917,14166000
2007-12-10,14.395291830755491,14.4780804863025,14.295944433495373,14.44827651977539,10826800
2007-12-11,14.458221014370531,14.458221014370531,13.848896026611328,13.848896026611328,18192800
2007-12-12,14.299260560626092,14.322441289398247,13.835643458673061,14.034337043762207,21747800
2007-12-13,14.024407403831011,14.15686984924309,13.915126960133225,14.143623352050781,14457000
2007-12-14,14.090637438195156,14.090637438195156,13.815779592540315,13.895256042480469,13031000
2007-12-17,13.825712206408765,13.825712206408765,13.391898985399859,13.401834487915039,17110400
2007-12-18,13.676689056090785,13.676689056090785,13.269368920762433,13.550849914550781,17760000
2007-12-19,13.51774124202293,13.653514683669686,13.431641534523624,13.530987739562988,11256800
2007-12-20,13.742923053679327,13.779350280761719,13.464752994351754,13.779350280761719,11126200
2007-12-21,13.997313521302226,14.131035682982596,13.907051253458334,14.077547073364258,12057400
2007-12-24,14.174494941547163,14.238012264100647,14.127691294368345,14.207924842834473,2636600
2007-12-26,14.244697598190537,14.291499967139313,14.114319206042117,14.281471252441406,4013600
2007-12-27,14.234673405820022,14.244702123704032,14.014031410217285,14.014031410217285,10193600
2007-12-28,14.1477476252783,14.211264937168943,13.997310544201744,14.024055480957031,4273800
2007-12-31,14.094263658000106,14.094263658000106,13.907052865007415,13.940484046936035,4128600
2008-01-02,13.940474288464314,14.024050271878046,13.699775048146906,13.80675220489502,19078600
2008-01-03,13.88030577696661,14.097602667285951,13.85690459301328,14.057486534118652,17596400
2008-01-04,13.897025660843095,13.897025660843095,13.606181360384415,13.632925033569336,28750000
2008-01-07,13.6429506033193,13.72652662723637,13.26184286303157,13.445711135864258,39212600
2008-01-08,13.505893543295144,13.729876800775509,13.194990458083865,13.238449096679688,45845800
2008-01-09,13.194983976408606,13.39890969290862,12.954284602799538,13.32201862335205,51423600
2008-01-10,13.241787574382075,13.642952809097773,13.098036687981706,13.502544403076172,29527200
2008-01-11,13.352112713850408,13.542666054707656,13.301967836149347,13.365485191345215,21819000
2008-01-14,13.489176230301668,13.853567920644453,13.439031357023204,13.813451766967773,27600200
2008-01-15,13.60952156043771,13.80341857842715,13.352107213418513,13.435683250427246,33196000
2008-01-16,13.238444805787552,13.412283129634643,12.800507153176449,12.987716674804688,38355400
2008-01-17,12.82724939703008,12.98437274971951,12.252247147792378,12.34585189819336,46344200
2008-01-18,12.396002249538443,12.686846591075328,12.192076452215398,12.486263275146484,36622400
2008-01-22,11.827679128113978,12.519688496303038,11.643812132628717,12.372593879699707,44111000
2008-01-23,12.061694256590489,12.599922862958186,11.58363922353848,12.586551666259766,56007200
2008-01-24,12.733647455101805,12.97100313897952,12.656757639561249,12.78713607788086,38228600
2008-01-25,13.191643123927884,13.218388071444862,12.760390409736281,12.850652694702148,35302000
2008-01-28,12.887424768386612,13.118095448791642,12.743673881408418,13.10472297668457,27844400
2008-01-29,13.23510625062943,13.382199672003003,13.11141402640007,13.171588897705078,27982800
2008-01-30,13.104720216426683,13.589461388418995,13.041201624931631,13.121435165405273,27179800
2008-01-31,13.118098744071817,13.48249041127574,12.910829200153271,13.355454444885254,26620800
2008-02-01,13.626231332586357,13.726523559084665,13.418963196675882,13.679719924926758,26386400
2008-02-04,13.62623656001622,13.736557541379316,13.445713288656163,13.465770721435547,16330800
2008-02-05,13.221725165623408,13.288586231906882,12.974340878223954,13.077974319458008,20378400
2008-02-06,13.08800894741321,13.278562224938648,12.880739440940202,12.987716674804688,24290400
2008-02-07,12.870711632263967,13.17827088251607,12.716932007137915,13.037863731384277,21578000
2008-02-08,12.920861816370117,13.328712198698744,12.920861816370117,13.315340995788574,32177000
2008-02-11,13.332046562725715,13.495854841573392,13.154864539850978,13.362133979797363,20756000
2008-02-12,13.44237264055892,13.773334385889285,13.378855296625359,13.602838516235352,44790600
2008-02-13,14.03743377991049,14.331620554799157,13.362139149575011,13.546006202697754,22274600
2008-02-14,13.656322716582691,13.783358638557457,13.372164726257324,13.372164726257324,32134000
2008-02-15,13.40559385005444,13.542658479534118,13.288587925597009,13.455739974975586,21719400
2008-02-19,13.532637013308793,13.930458644823045,13.532637013308793,13.790051460266113,30564800
2008-02-20,13.589461915146293,13.940480958377645,13.589461915146293,13.870277404785156,17908000
2008-02-21,14.024055712065298,14.05079937399253,13.649635518202471,13.683065414428711,29482200
2008-02-22,13.876969116561643,13.876969116561643,13.505892463330689,13.813451766967773,25292000
2008-02-25,13.87362147022059,14.164465707822167,13.693096932977241,14.131035804748535,29337800
2008-02-26,14.134376457046672,14.291499786764987,13.970568167793395,14.197895050048828,39241200
2008-02-27,14.12769798776907,14.334967554811033,13.993977043996725,14.194559097290039,25096200
2008-02-28,14.124349619176138,14.214611888117954,14.017372398638223,14.117663383483887,21920400
2008-02-29,14.074208488545803,14.074208488545803,13.59281082512356,13.66301441192627,20403000
2008-03-03,13.703125603408221,13.890335083007812,13.652979478361797,13.890335083007812,25723400
2008-03-04,13.696442505260935,13.890338264292314,13.305305956016603,13.556034088134766,52488600
2008-03-05,13.50922598655446,14.024054505879286,13.50922598655446,13.937134742736816,24710800
2008-03-06,13.713160745141312,13.977261413657637,13.70647450698361,13.813451766967773,28603400
2008-03-07,13.53931550658534,13.706467549876516,13.138150347632738,13.235098838806152,53340800
2008-03-10,13.141493348536827,13.171580765613454,12.74032821260471,12.950940132141113,67089000
2008-03-11,13.308648264188667,13.739899635314941,13.061262639624704,13.739899635314941,59317400
2008-03-12,13.703124934379336,13.763298496120678,13.43902440253105,13.542657852172852,23493600
2008-03-13,13.43902496197473,13.87362003326416,13.241785493623592,13.87362003326416,39173000
2008-03-14,13.95720036849208,14.017375226593352,13.4022554467676,13.629582405090332,50698600
2008-03-17,13.088011311907477,13.632926296827993,13.088011311907477,13.355454444885254,35359000
2008-03-18,13.649642571872704,13.833509646670853,13.435686789545803,13.823479652404785,31234600
2008-03-19,13.706473932258298,13.907055967500629,12.887428283691406,12.887428283691406,51200400
2008-03-20,12.803584897932554,13.028267411525613,12.441408496064984,12.843826293945312,62156400
2008-03-24,13.105397023704228,13.544701969995502,13.038327185409532,13.299898147583008,45884600
2008-03-25,13.48769581805215,13.776095278114578,13.48769581805215,13.69896411895752,32848000
2008-03-26,13.749269631294064,13.799572348962712,13.571535579567003,13.638604164123535,26800200
2008-03-27,13.655369758287634,13.786155262008302,13.514522945568539,13.601714134216309,30371400
2008-03-28,13.645311263631095,13.652018377929725,13.43404291985489,13.487698554992676,18035600
2008-03-31,13.61177790458653,13.645312199127474,13.353559743016978,13.470931053161621,24524000
2008-04-01,13.591657061615878,14.000782122212224,13.320025939762107,13.900177955627441,30459200
2008-04-02,13.846520243818624,14.02760848413683,13.709027604892103,13.994072914123535,24039400
2008-04-03,13.79957029551959,14.36630793789697,13.79957029551959,14.248936653137207,33810200
2008-04-04,14.305945903966235,14.490387051663243,14.101383415351851,14.389782905578613,28776800
2008-04-07,14.50045179114415,14.688245900448981,14.24223361159858,14.31265640258789,43202200
2008-04-08,14.245592436839113,14.446802139282227,14.168462498640771,14.446802139282227,27150400
2008-04-09,14.326068491952263,14.50715545896757,14.198635880218264,14.292532920837402,19537200
2008-04-10,14.282476326484614,14.349546205604772,14.071206654994155,14.329424858093262,12589000
2008-04-11,14.185219924440805,14.305945407251114,14.077908668442992,14.144978523254395,24611200
2008-04-14,14.087971208006918,14.208696712318545,14.01084130897478,14.07455825805664,9611200
2008-04-15,14.118155855991693,14.28247700366452,13.984017370642967,14.151691436767578,22334400
2008-04-16,14.272418871560031,14.82909679412842,14.272418871560031,14.829096794128418,34378800
2008-04-17,14.731844373436449,14.936406950194312,14.530635994568993,14.755318641662598,31061400
2008-04-18,14.738546074811993,14.963228639353995,14.688243358951233,14.835797309875488,20974800
2008-04-21,14.788842730556794,14.926335326310243,14.701652834402498,14.872679710388184,19526600
2008-04-22,14.909578484077759,14.909578484077759,14.55411026279514,14.755318641662598,22538600
2008-04-23,14.718422169888225,14.768724876990422,14.470265388953198,14.523921012878418,15473800
2008-04-24,14.56752038489506,14.56752038489506,14.201990920246322,14.31265640258789,26390400
2008-04-25,14.419967936558198,14.768730258788324,14.342838029012361,14.721781730651855,17533800
2008-04-28,14.738535906794702,14.775424369076662,14.517206412353259,14.637931823730469,16153000
2008-04-29,14.473620665971364,14.473620665971364,14.104738351238671,14.15503978729248,21407200
2008-04-30,14.161739672964943,14.403190536387678,14.148325451830226,14.188568115234375,18121000
2008-05-01,14.148332526005355,14.19863524078666,13.86328722024777,14.087969779968262,31045600
2008-05-02,14.151680655217662,14.373010202710732,14.151680655217662,14.232163429260254,14330400
2008-05-05,14.305947640894237,14.554105758666992,14.305947640894237,14.554105758666992,13104600
2008-05-06,14.443443355999023,14.705014478969721,14.443443355999023,14.671480178833008,19345400
2008-05-07,14.694948846321019,14.772078730651879,14.430023626716505,14.507153511047363,21031000
2008-05-08,14.564170297963011,14.822388527702307,14.50716044709117,14.755318641662598,26440400
2008-05-09,14.71842498098669,14.71842498098669,14.470268152655747,14.57087230682373,24152000
2008-05-12,14.668121176646117,14.876036565610402,14.497092990831948,14.869329452514648,18996800
2008-05-13,14.896160938174104,14.956523694260245,14.741901130065694,14.953170776367188,20823000
2008-05-14,14.966578849754818,15.234856944638494,14.912923230778084,15.037001609802246,20852600
2008-05-15,15.104077432042303,15.278458582555386,15.077248972308888,15.20803451538086,17909400
2008-05-16,15.31198839281486,15.426006754781106,15.191262917879891,15.395825386047363,22460800
2008-05-19,15.449485966142491,15.607099973336386,15.32540753454911,15.355588912963867,25393400
2008-05-20,15.24827823572552,15.436072349548342,15.147672784175917,15.43607234954834,17727000
2008-05-21,15.442777217269706,15.449484331680237,14.902866660109087,14.98335075378418,22155800
2008-05-22,14.929698793280725,15.134261355783531,14.825740413200988,14.916284561157227,20345200
2008-05-23,14.778789382973132,14.882747745487901,14.537338362552436,14.711719512939453,26818800
2008-05-27,14.762024980839884,14.762024980839884,14.433383963728017,14.644652366638184,19087600
2008-05-28,14.547399165373012,15.053774171862637,14.547399165373012,15.010178565979004,20263200
2008-05-29,14.97999633638944,14.97999633638944,14.735192420640269,14.909573554992676,25546200
2008-05-30,14.969939530642662,15.006828027681454,14.86598243453501,14.92634391784668,16605800
2008-06-02,14.86597857502996,14.95316849873415,14.705010397150968,14.812321662902832,17745800
2008-06-03,14.876045334221258,15.016890954499775,14.6245342015081,14.829096794128418,29277000
2008-06-04,14.785494572145252,15.010177136354923,14.69495045128053,14.765373229980469,26016600
2008-06-05,14.798907948843024,15.261687278747557,14.798907948843024,15.261687278747559,26332800
2008-06-06,15.130902542776079,15.251628036559724,14.812321662902832,14.812321662902832,21447400
2008-06-09,14.922983259570326,15.11077856561433,14.815672021616855,15.037001609802246,18371800
2008-06-10,14.882743240531381,14.926337555493756,14.751957737142295,14.845854759216309,35153400
2008-06-11,14.845855933649506,14.96322722052709,14.550749339034477,14.580930709838867,22367000
2008-06-12,14.62787818907888,14.758663693555873,14.443437060220273,14.574222564697266,18849400
2008-06-13,14.641299420630553,14.990061785614124,14.63794650217469,14.936406135559082,19494000
2008-06-16,14.963226476224765,15.067184810324578,14.869329451393334,14.922985076904297,11738800
2008-06-17,15.06719087036382,15.161087932960744,14.956525378658988,15.003475189208984,10913200
2008-06-18,14.956526784029975,15.033657983269594,14.80897406047713,14.902871131896973,17327000
2008-06-19,14.91963605042823,15.06718873924648,14.876040443566632,14.929696083068848,13352000
2008-06-20,14.890276714522985,14.913858497506544,14.556760907152839,14.627506256103516,21644800
2008-06-23,14.654457111411768,14.78921125406675,14.54665431133208,14.721834182739258,11339400
2008-06-24,14.822905945152893,14.822905945152893,14.337793122315242,14.44222640991211,29273600
2008-06-25,14.422008757255542,14.624138702841412,14.229984923415708,14.486016273498535,21039600
2008-06-26,14.479276464465874,14.479276464465874,14.004270000459933,14.12891674041748,18639400
2008-06-27,14.031224107053882,14.199666166993971,13.906576057418345,14.115445137023926,16132800
2008-06-30,14.17271382373412,14.196295607658271,14.000903500128056,14.058173179626465,24305400
2008-07-01,13.852674217986447,13.963846590935972,13.552847566253568,13.798772811889648,29695800
2008-07-02,13.889732714332075,13.987429421785588,13.185644821664965,13.209226608276367,33784800
2008-07-03,13.175537516353884,13.434938430712084,12.919504877587745,13.290078163146973,27809000
2008-07-07,13.53937459328162,13.53937459328162,13.094687583032124,13.357458114624023,22552000
2008-07-08,13.256393879614526,13.256393879614526,12.794862846324664,13.215968132019043,28694800
2008-07-09,13.333874250781502,13.556217721317251,13.023940188304152,13.239545822143555,36427600
2008-07-10,13.354085680283074,13.525897293028143,13.030677248788775,13.290078163146973,27506200
2008-07-11,13.246282274217947,13.482101393496437,13.135111193126159,13.279970169067383,20689400
2008-07-14,13.468634107146002,13.583174820102796,13.222708723320567,13.428208351135254,19539000
2008-07-15,13.337248300480697,13.4383133244567,13.0104701473505,13.296822547912598,30573800
2008-07-16,13.168798162493768,13.536001845033715,12.932979059788265,13.347346305847168,31156400
2008-07-17,13.330506016493835,13.512423770066398,13.239547139707554,13.431571006774902,37798800
2008-07-18,13.48884419501768,13.603384878825752,13.236181035303813,13.340614318847656,42199000
2008-07-21,13.407992520345488,13.626967790804342,13.370935048257552,13.616860389709473,22031000
2008-07-22,13.55285056352554,13.637071609497072,13.34398272934727,13.63707160949707,23805800
2008-07-23,13.738133911246805,13.738133911246805,13.33724227374564,13.465258598327637,22399600
2008-07-24,13.367564655497445,13.529268911195658,13.084581886747776,13.125007629394531,23871600
2008-07-25,13.10816234041267,13.303555765984918,13.02730957825252,13.145219802856445,18803400
2008-07-28,13.15195875064415,13.279973814299629,13.084581657340065,13.128376960754395,12262600
2008-07-29,13.165432892396904,13.455152175159729,13.165432892396904,13.387776374816895,16972000
2008-07-30,13.509054316414403,13.818988412203892,13.451784626006427,13.704447746276855,19743600
2008-07-31,13.805507243965824,13.83245858292369,13.549475949418964,13.603377342224121,31504600
2008-08-01,13.603383409299036,13.626965198849302,13.249655280933913,13.357458114624023,18124000
2008-08-04,13.22270405864476,13.236179734264962,12.666844647867459,12.778017044067383,36363000
2008-08-05,12.778013341160838,13.003725059390598,12.653366590572922,12.926241874694824,27238200
2008-08-06,12.94982192505549,13.23280456765825,12.94982192505549,13.054256439208984,16388600
2008-08-07,13.013833045959473,13.202487318084232,12.909398513096948,13.013833045959473,23957600
2008-08-08,12.838658563889972,13.131747492216663,12.720748309081465,12.95993709564209,23336400
2008-08-11,13.003728095006242,13.074474745470477,12.848761689439034,12.976778030395508,19625600
2008-08-12,13.151959425558037,13.209229122483137,13.003729555660163,13.084582328796387,21873800
2008-08-13,13.10479869512236,13.434945127475977,13.054265540276685,13.367568016052246,48483800
2008-08-14,13.354089995792437,13.411360980252116,13.158697820538249,13.340614318847656,21090800
2008-08-15,13.323767657514226,13.323767657514226,13.118268123758225,13.256390571594238,17403200
2008-08-18,13.367561378398968,13.414724947443087,13.067734730809168,13.135111808776855,12020400
2008-08-19,12.99698676974813,13.18901056810958,12.99698676974813,13.054256439208984,18344400
2008-08-20,13.138477355326422,13.357452491959439,13.104789465895468,13.283337593078613,18395800
2008-08-21,13.323768487581738,13.482104456591346,13.306924536330122,13.397883415222168,14716400
2008-08-22,13.391146659851074,13.50231906029567,13.313663449743268,13.391146659851074,14357600
2008-08-25,13.407988738326395,13.407988738326395,13.01046534369562,13.101424217224121,19447400
2008-08-26,13.01047392608366,13.19239179314319,13.007105647854504,13.172178268432617,11610800
2008-08-27,13.172175616603226,13.370937405017468,13.172175616603226,13.29345417022705,8170600
2008-08-28,13.374301472549465,13.525899602291764,13.343981846601004,13.482104301452637,10347000
2008-08-29,13.52590085097582,13.52590085097582,13.323769564288702,13.391146659851074,7905600
2008-09-02,13.212592347900593,13.327132971932915,12.99698676974813,13.054256439208984,17619800
2008-09-03,12.986884117126467,13.205859335274575,12.801598086060958,12.986884117126465,20704600
2008-09-04,12.875710332752016,12.963299630714934,12.360276801107945,12.525350570678711,30543200
2008-09-05,12.488294761903635,12.656736829137417,12.171624138144082,12.538827896118164,36890400
2008-09-08,12.801602275469394,12.94983089180837,12.397340893958585,12.515251159667969,30982400
2008-09-09,12.548930821628707,12.548930821628707,12.03012907789186,12.117719650268555,31722800
2008-09-10,12.144676167422329,12.410815016079598,11.976234053352362,12.222159385681152,32859600
2008-09-11,12.013288598455366,12.54219660502057,12.003182485307951,12.431025505065918,30731400
2008-09-12,12.444500364512159,12.906032587388196,12.370386723445261,12.8285493850708,26415400
2008-09-15,12.326590948690217,12.804965818968538,12.222156400831372,12.296271324157715,26605000
2008-09-16,12.100877910992029,12.569147953561716,11.888641824230142,12.431025505065918,41471800
2008-09-17,12.191835276186163,12.511875432403826,11.925697810381545,12.198573112487793,37526400
2008-09-18,12.107616989199165,12.575887079768126,11.74041318090811,12.195207595825195,51749000
2008-09-19,13.111195702345574,13.138306575975326,12.53849207045192,12.97225570678711,32296800
2008-09-22,13.212859792842515,13.216248005586678,12.636766672517018,12.806205749511719,21264400
2008-09-23,12.619820270347994,12.71470571909615,12.274164473557489,12.507989883422852,17523800
2008-09-24,12.457153405585597,12.474098337983204,12.131830869934326,12.260604858398438,13280800
2008-09-25,12.243664454094628,12.341938107298507,12.070835922617281,12.226720809936523,14911400
2008-09-26,11.911564254678156,12.00644969723982,11.71840386505351,11.942063331604004,17577000
2008-09-29,11.650634409544873,11.670966276878328,10.739051750728397,11.081318855285645,35241000
2008-09-30,11.013534608096979,11.318525314331055,10.901704251572173,11.318525314331055,17123600
2008-10-01,11.10164679871471,11.247364495783799,10.888154510865308,11.132145881652832,29279000
2008-10-02,10.68821802775082,10.796658941124768,10.142623955184456,10.332395553588867,25162600
2008-10-03,10.230730056762695,10.739047208590234,10.091790086971862,10.230730056762695,33541200
2008-10-06,10.000294501738505,10.000294501738505,9.112433445014657,9.72580337524414,45025400
2008-10-07,9.881688017741206,10.007073233061478,9.16665482645715,9.224264144897461,32009800
2008-10-08,8.909105137927957,10.010458910843376,8.844718120992479,9.52247428894043,60342400
2008-10-09,9.790188029987439,9.946072290944702,8.84471847406439,8.912493705749512,50921600
2008-10-10,8.444840432470167,9.186983490275946,8.150016265497941,8.702387809753418,56873600
2008-10-13,9.11582111224873,9.925740242004395,8.959937490489779,9.925740242004395,26560200
2008-10-14,10.19684214437056,10.19684214437056,9.281871010114655,9.637693405151367,66100600
2008-10-15,9.220872310941058,9.3157584066928,8.353344601063169,8.441452980041504,43745200
2008-10-16,8.47195136595594,8.776941485858636,7.977189716436238,8.499061584472656,59726200
2008-10-17,8.448228692817864,9.098874482476816,8.336398978018286,8.72610855102539,44604000
2008-10-20,8.780330924762172,9.32931369398756,8.780330924762172,9.166651725769043,27833200
2008-10-21,9.048044640948962,9.264926396838531,8.780330657958984,8.780330657958984,26491800
2008-10-22,8.63461297202773,8.63461297202773,7.919580691838304,8.299123764038086,33347400
2008-10-23,8.18051330832033,8.400784487579807,7.662030471029165,8.109349250793457,40596200
2008-10-24,7.302823604470552,7.973802807943009,7.302823604470552,7.760309219360352,34275000
2008-10-27,7.587479491374122,7.956856625309147,7.184215068817139,7.184215068817139,24841600
2008-10-28,7.59425745952505,8.299123815793248,7.353654341264204,8.089019775390625,26486200
2008-10-29,8.329619631180593,8.841325391498794,8.166958377218856,8.421116828918457,32849200
2008-10-30,8.759999384341565,8.837941195508165,8.322846306621683,8.685445785522461,31774000
2008-10-31,8.597338261129215,8.976881396761517,8.4787307888596,8.783720970153809,20083400
2008-11-03,8.800664650581858,8.922660982098112,8.607504223253606,8.74305534362793,17392800
2008-11-04,8.987044159515825,9.25136856950494,8.96332280439972,9.153094291687012,22697800
2008-11-05,9.075155281049762,9.170040730469884,8.614280882065238,8.770164489746094,27716000
2008-11-06,8.51600938898557,8.665115986849818,8.133077284568396,8.292349815368652,22651200
2008-11-07,8.302516047381697,8.482121729259152,8.160187175000798,8.427901268005371,17953800
2008-11-10,8.678670278440894,8.766778681604015,8.282182787386263,8.431288719177246,16258600
2008-11-11,8.302516319048577,8.302516319048577,7.916195358384839,8.095800399780273,25787000
2008-11-12,7.950077786590918,7.950077786590918,7.5807013511657715,7.5807013511657715,15847400
2008-11-13,7.6145904033095295,8.21440477408837,7.357042978912535,8.197461128234863,25708600
2008-11-14,8.031410839023039,8.166961943177125,7.682366180262449,7.699309825897217,23204400
2008-11-17,7.621365887519389,7.817915095090918,7.468871180435088,7.540035247802734,19844000
2008-11-18,7.590871508245982,7.638314895504498,7.282492399680533,7.455320358276367,22309200
2008-11-19,7.445153872408295,7.590871602825803,6.9537808668512335,7.008001327514648,25173400
2008-11-20,6.831782134441059,7.099496131551263,6.374296590918229,6.73689603805542,23567000
2008-11-21,6.574233693067214,6.855502433838712,6.414961250679009,6.811448574066162,31101600
2008-11-24,6.94700092981002,7.462095788024453,6.9198907081334005,7.204548358917236,38938000
2008-11-25,7.394320378563702,7.580703729948571,7.207937673537543,7.468873977661133,34042000
2008-11-26,7.502761494646021,7.851806196735581,7.292657418715396,7.811140537261963,20649400
2008-11-28,7.719642918723785,7.865359950628657,7.6688106894812424,7.845027446746826,4819400
2008-12-01,7.716257076465694,7.753533240426376,7.119831343146911,7.1808295249938965,16147800
2008-12-02,7.272325842634256,7.465486959068032,7.163884922336685,7.458709239959717,16027000
2008-12-03,7.285876527864871,7.502758226975913,7.129992968218422,7.445148944854736,20515600
2008-12-04,7.296044826507568,7.5332590794575225,7.167270802417118,7.296044826507568,19828800
2008-12-05,7.163882289967188,7.4858167193697644,6.936833954138515,7.431596279144287,25984600
2008-12-08,7.68914745519083,8.10596753573144,7.668814295389619,7.990748882293701,22923200
2008-12-09,7.9500802337370615,8.268625841458755,7.838250482118415,7.906026363372803,20533600
2008-12-10,8.156797364146955,8.261849414780322,8.011079649136166,8.150019645690918,17259600
2008-12-11,8.139852460361219,8.265237000687478,7.706088241381452,7.797585487365723,20884200
2008-12-12,7.634923584523182,7.95007966462699,7.5163161239979255,7.8280839920043945,31173800
2008-12-15,7.994135035355148,8.021245259551316,7.70608849929665,7.811140537261963,21756000
2008-12-16,8.288961410522461,8.322849363673132,7.902640425138059,8.288961410522461,23280800
2008-12-17,8.288958595266267,8.427899220630218,8.160185192660958,8.295736312866211,23776200
2008-12-18,8.373677236633453,8.377066095073419,7.875526680414361,7.9771904945373535,23135200
2008-12-19,7.991940935205979,8.033101435237372,7.782710301532933,7.813580513000488,15611400
2008-12-22,7.854740968528319,7.854740968528319,7.40540880061153,7.5288896560668945,14129200
2008-12-23,7.597488703491396,7.686669237841491,7.480868055050805,7.501448631286621,13951400
2008-12-24,7.570048352131833,7.570048352131833,7.467148091073669,7.508307933807373,8750400
2008-12-26,7.573476755390225,7.652366981517765,7.49115643409752,7.600916862487793,4924400
2008-12-29,7.546034901849996,7.552895090592616,7.340233819136639,7.463714599609375,13108000
2008-12-30,7.546037378741486,7.683237927510204,7.501447445725586,7.666088104248047,7067600
2008-12-31,7.628358186658048,7.861599461311929,7.628358186658048,7.799859046936035,6101200
2009-01-02,7.854736887288754,8.132568013481157,7.782706861848514,8.084547996520996,14220000
2009-01-05,8.039963208722076,8.235474150315737,7.926772629156058,8.101703643798828,21107400
2009-01-06,8.221749775832711,8.369240598275802,8.084549238986963,8.283490180969238,26708600
2009-01-07,8.208032241600014,8.338372622861046,8.08798149446089,8.091411590576172,22702800
2009-01-08,8.0914069826955,8.242327854702063,8.026236502066189,8.204597473144531,18218600
2009-01-09,8.21146317269263,8.225182904324903,7.991941578560225,8.005661964416504,19521600
2009-01-12,7.971356997862906,7.985077375704996,7.6660857873362795,7.672945976257324,15478800
2009-01-13,7.672948627799418,7.813579278160471,7.6146383102674795,7.714108467102051,15887800
2009-01-14,7.61120848988435,7.61120848988435,7.367676924011588,7.425987243652344,19553400
2009-01-15,7.4431367676049485,7.710677661095918,7.2339055320501835,7.6455078125,29909600
2009-01-16,7.810148142171586,7.834158154270534,7.515166498158771,7.731257915496826,31811400
2009-01-20,7.727828908807647,7.727828908807647,7.278496189119953,7.295646667480469,26860400
2009-01-21,7.425986069938593,7.576906988841556,7.223615031066641,7.552896976470947,24110800
2009-01-22,7.398546516581061,7.546037351305109,7.333376010818938,7.436276912689209,18732800
2009-01-23,7.288785270025882,7.686667143016455,7.261345163413559,7.549466609954834,23545600
2009-01-26,7.631787459055582,7.799858205489727,7.425986318078988,7.460286617279053,30669600
2009-01-27,7.522027904652314,7.621498064318793,7.408837362011774,7.515167713165283,18488400
2009-01-28,7.635218829292603,7.817009987450962,7.6317887333774745,7.727829456329346,17366600
2009-01-29,7.6455094947525115,7.6455094947525115,7.484298249896625,7.518598556518555,16735800
2009-01-30,7.539174251728631,7.552894628374218,7.17902286968833,7.2236127853393555,19483600
2009-02-02,7.148154771569478,7.251055009676975,7.03839434312848,7.1207146644592285,11317800
2009-02-03,7.18245489086344,7.305935042684947,7.148154594270454,7.257915019989014,15683600
2009-02-04,7.353958543322373,7.563189189853285,7.347098350524902,7.347098350524902,22214800
2009-02-05,7.395118809265334,7.642080530128389,7.278498142018676,7.542609691619873,34992000
2009-02-06,7.611206735106358,7.810147664327934,7.590626165231774,7.76898717880249,24836000
2009-02-09,7.786138167983504,7.899328692875215,7.662657357474814,7.741547584533691,18826800
2009-02-10,7.7312574890334425,7.875317553680642,7.336805068970479,7.395115375518799,33388600
2009-02-11,7.484295882841156,7.566616200164009,7.319655248195449,7.395115375518799,20396000
2009-02-12,7.302507736981089,7.518598556518555,7.227046931568058,7.518598556518555,31479800
2009-02-13,7.5288858373809955,7.535745372586213,7.381395035778221,7.405405044555664,17202000
2009-02-17,7.16530380609305,7.2030341945589855,7.058973484498859,7.082983493804932,23708000
2009-02-18,7.134439606336278,7.141299801684735,6.932068423126448,7.041829586029053,13852400
2009-02-19,7.131004511508558,7.230474648333367,6.962933129790446,6.969793319702148,13693400
2009-02-20,6.884041906634574,7.093273088925811,6.860031899661538,7.024672508239746,19965400
2009-02-23,7.106993670976359,7.106993670976359,6.565051111611278,6.599351406097412,20161800
2009-02-24,6.643940754271888,6.849741174612595,6.523890072924089,6.808581352233887,15499000
2009-02-25,6.846314368264823,6.887474864634111,6.650803482514463,6.705683708190918,21227600
2009-02-26,6.822305870694964,6.969796755381875,6.681675179301408,6.712545394897461,11942200
2009-02-27,6.585633939103856,6.801724756285484,6.517033326607886,6.643944263458252,16654800
2009-03-02,6.517033451498224,6.54447356617768,6.156881864552371,6.20147180557251,19705000
2009-03-03,6.283791351389956,6.35239195648633,6.1500208910982685,6.225481033325195,19765800
2009-03-04,6.383262346431096,6.547903018315707,6.376402154879935,6.441572666168213,18236000
2009-03-05,6.438140482394548,6.438140482394548,6.156879262253482,6.232339382171631,10574800
2009-03-06,6.331810098313407,6.427850795126224,6.115719348264224,6.311230182647705,16930000
2009-03-09,6.232342036749391,6.403842917612915,6.194611633607755,6.235772132873535,14563200
2009-03-10,6.396983066646689,6.647374209052172,6.359253315716093,6.582204341888428,32793000
2009-03-11,6.733121562773323,6.849742166777788,6.6336514324305,6.781142234802246,11477000
2009-03-12,6.801722223956381,6.980083226661702,6.654231419958661,6.949213027954102,10095800
2009-03-13,7.017811762647912,7.06926252119301,6.884041360567229,6.980082035064697,8503200
2009-03-16,7.058975924628647,7.281926929256092,7.058975924628647,7.089846134185791,11423800
2009-03-17,7.062403645700322,7.151584148406982,6.95264322828403,7.151584148406982,8137600
2009-03-18,7.065837280060623,7.377968868780293,7.000666754239498,7.360818386077881,17198800
2009-03-19,7.511739395336682,7.58720021110672,7.425988944124565,7.429419040679932,16799800
2009-03-20,7.415958095880267,7.5160341619679025,7.239962732150198,7.298627853393555,13617200
2009-03-23,7.464271897005912,7.740343385284897,7.39525451858975,7.729990482330322,15147800
2009-03-24,7.62991479478974,7.823164369295301,7.598856745182895,7.69893217086792,11002200
2009-03-25,7.75414523612682,7.9681005855192435,7.560895689007789,7.767949104309082,15910000
2009-03-26,7.919786944138311,8.123389355910374,7.8783760052166425,8.078527450561523,18317800
2009-03-27,8.009513776578052,8.009513776578052,7.85767512076963,7.902536392211914,19948200
2009-03-30,7.685129404774363,7.709285520713341,7.505683031792248,7.629915237426758,19211800
2009-03-31,7.7092844280439,7.767949554811474,7.5470929167239955,7.664422512054443,12458800
2009-04-01,7.543642765072081,7.943945793987429,7.47117376148658,7.819713592529297,20837000
2009-04-02,8.12339000948951,8.240719586430977,8.002608807638609,8.113037109375,15759200
2009-04-03,8.130293865423653,8.230369957016421,7.957749424640101,8.21656608581543,10991000
2009-04-06,8.095786599535499,8.126844658261488,7.895635031192987,8.071630477905273,8947600
2009-04-07,7.964649014771084,7.964649014771084,7.774850449083925,7.795555591583252,11086000
2009-04-08,7.857674952069431,7.943947183010365,7.743795633555593,7.885282039642334,13050600
2009-04-09,8.109587959093773,8.275230448799741,8.085431844953913,8.22691822052002,11481000
2009-04-13,8.21311257317466,8.427067903062124,8.126840379514404,8.333893775939941,11773000
2009-04-14,8.251070527610587,8.389105872009296,8.157896423314792,8.17860221862793,11285400
2009-04-15,8.150997221263186,8.371853828430176,8.123390145367312,8.371853828430176,11681000
2009-04-16,8.458126407232413,8.499536693855676,8.2234659223518,8.37530517578125,14348800
2009-04-17,8.396010851253424,8.485734022230226,8.333894759176815,8.437421798706055,12754000
2009-04-20,8.261424442925893,8.330441794524722,7.98880402822763,8.047469139099121,16328800
2009-04-21,7.902531137971766,8.230365667896871,7.885276966167061,8.209660530090332,16171000
2009-04-22,8.147545192331261,8.523691963753372,8.07852718248693,8.247620582580566,22604200
2009-04-23,8.278682524180217,8.354601844237576,8.175156118810653,8.268329620361328,19798800
2009-04-24,8.39946499577903,8.723848789219192,8.351152753979088,8.66173267364502,20387200
2009-04-27,8.523696273854325,8.599615596508915,8.389111152423881,8.471932411193848,15084400
2009-04-28,8.3200913642379,8.520242846374881,8.299385561868627,8.427068710327148,19869200
2009-04-29,8.502983082848678,8.69623317706199,8.502983082848678,8.616862297058105,12612800
2009-04-30,8.806666718135348,8.948153079650924,8.799764783865154,8.858429908752441,20081800
2009-05-01,8.868781935981408,9.010268283550985,8.761803939952028,8.879134178161621,26841000
2009-05-04,8.99646770400401,9.400221751693948,8.989565767891909,9.3795166015625,26697800
2009-05-05,9.400220075068773,9.420925221507247,9.206970505831963,9.324300765991211,12501000
2009-05-06,9.45888786673974,9.48649495582751,9.272540179948514,9.362262725830078,30942200
2009-05-07,9.510648115803637,9.531353919827364,8.948153603920078,9.055130958557129,21892400
2009-05-08,9.137954221951063,9.313949645866135,9.113798103449852,9.248382568359375,14348600
2009-05-11,9.079287218405145,9.18626523297533,9.010269845158447,9.11379623413086,11733200
2009-05-12,9.151750934514535,9.25872822912867,9.037871709098363,9.203514099121094,13513000
2009-05-13,9.034427865605696,9.04132980184858,8.716946038686613,8.806669235229492,20590200
2009-05-14,8.765254341199116,8.996463835905363,8.72384405874089,8.882584571838379,23127400
2009-05-15,8.972309920302658,9.075836309947334,8.789412596512015,8.913644790649414,31324200
2009-05-18,9.013718707807081,9.189713396323674,8.948151659058903,9.169008255004883,24119000
2009-05-19,9.19316732859876,9.362260796694512,9.17936411600155,9.275988578796387,12086000
2009-05-20,9.438179289039303,9.669388823062441,9.279438090743497,9.317398071289062,30819200
2009-05-21,9.182814843862248,9.196618056098941,8.989564606910372,9.110345840454102,26428800
2009-05-22,9.155207114664512,9.20006837402173,9.01026977628813,9.075836181640625,16843000
2009-05-26,9.030970226502749,9.307040890241998,8.91364002986247,9.293237686157227,15773800
2009-05-27,9.244926751297093,9.265631889363467,8.923994149348177,8.94469928741455,14433200
2009-05-28,9.037875794433782,9.124147993843255,8.889487506136744,9.103442192077637,17546800
2009-05-29,9.203516126997155,9.386413384324023,9.144851018662461,9.376060485839844,15584400
2009-06-01,9.531353567088965,9.721152156182663,9.496844553197922,9.662487030029297,18535000
2009-06-02,9.610719359879617,9.793615929327787,9.593464531872176,9.75910758972168,19718800
2009-06-03,9.645231851448187,9.648682160095081,9.296692097900198,9.4243745803833,19743600
2009-06-04,9.493394448155646,9.672840810122205,9.41057320221833,9.641782760620117,20818600
2009-06-05,9.762562637202224,9.766012946041952,9.407120930085876,9.503746032714844,18717200
2009-06-08,9.451979064917614,9.503742895290276,9.258729581660857,9.455430030822754,17973200
2009-06-09,9.507196726102624,9.700446939177162,9.45198256756838,9.624526977539062,16023800
2009-06-10,9.769465464674962,9.786720302637335,9.448532718827256,9.634881019592285,29978400
2009-06-11,9.66248336796677,9.89024185184106,9.659032402065105,9.769460678100586,25737600
2009-06-12,9.690092004262912,9.703895870102224,9.558958569812209,9.669386863708496,23644200
2009-06-15,9.558961364709528,9.558961364709528,9.27943892357625,9.345005989074707,22614000
2009-06-16,9.417474702997135,9.438179848975501,9.079287141591971,9.093091011047363,35473600
2009-06-17,9.041324916579995,9.120695165872691,8.861878620453849,8.989561080932617,38457600
2009-06-18,9.003367002857512,9.196616549955863,8.944701879498503,9.065483093261719,22789400
2009-06-19,9.165742827196462,9.196966076653196,8.97493466869935,9.044319152832031,25587800
2009-06-22,8.898609896012461,8.919425172789488,8.575970128292807,8.58637809753418,30055800
2009-06-23,8.61760191996223,8.7771868221032,8.53087082226672,8.697394371032715,26769000
2009-06-24,8.839637015566511,8.992283996634054,8.73555991948312,8.78412914276123,23278800
2009-06-25,8.773720175831885,8.988812976968628,8.67311176177644,8.971467018127441,21997200
2009-06-26,8.974939590998623,9.030447473430343,8.905554407105894,8.957592964172363,13890600
2009-06-29,9.02350549122289,9.103297960045852,8.915959091430818,9.037382125854492,10022800
2009-06-30,9.065136218830078,9.117175419319848,8.895143305893015,8.950651168823242,15671200
2009-07-01,9.047790163416945,9.165744536313577,8.950651073470919,8.971467018127441,15137800
2009-07-02,8.843106411776763,8.843106411776763,8.71127537822562,8.725152015686035,17927800
2009-07-06,8.579439838297873,8.659232287629806,8.492708742492097,8.655763626098633,20415800
2009-07-07,8.645354415231047,8.673108335436217,8.409445762634277,8.409445762634277,20991000
2009-07-08,8.482303391279597,8.589849789611154,8.274148580985111,8.416387557983398,25764600
2009-07-09,8.523936102249417,8.572505327586795,8.45455158915403,8.482305526733398,19396400
2009-07-10,8.405977156530287,8.534339461988504,8.294961466245187,8.433731079101562,20604800
2009-07-13,8.451079946230763,8.690457344055176,8.305371648478305,8.690457344055176,14944200
2009-07-14,8.749435710275042,8.801474914987695,8.621074014972299,8.75637435913086,11636600
2009-07-15,8.91248891570477,9.099827766418457,8.898611620693318,9.099827766418457,17774000
2009-07-16,9.092890856687015,9.24553782245666,9.054729611524083,9.18656063079834,14259600
2009-07-17,9.193498937446995,9.307983992086587,9.137991072270582,9.231660842895508,10055800
2009-07-20,9.349617487956195,9.4536945949614,9.273293658560009,9.429409980773926,21574000
2009-07-21,9.627155477350408,9.693071321752294,9.339208150802403,9.540424346923828,34603200
2009-07-22,9.460632704567324,9.647971618812006,9.429409441908865,9.5681791305542,24205800
2009-07-23,9.557768992482929,9.95326334273945,9.554300330044697,9.894286155700684,23905800
2009-07-24,9.842249057510724,9.974080085754395,9.783271861839761,9.974080085754395,15967800
2009-07-27,10.005305818935598,10.05734437816509,9.894290049457695,9.994897842407227,14455200
2009-07-28,9.869999120740436,9.960198879478915,9.745106129093681,9.911629676818848,22254400
2009-07-29,9.748575539954249,9.772860141502427,9.637559840473571,9.703474998474121,29292400
2009-07-30,9.880408175285009,10.092032301490075,9.873469527476937,9.99836254119873,23760200
2009-07-31,10.008772013385784,10.196110900347692,9.946325497163157,10.102441787719727,17766200
2009-08-03,10.279373110337774,10.459774017333984,10.234273214441721,10.459774017333984,20119000
2009-08-04,10.383447030470174,10.501401375232998,10.293246610257087,10.421608924865723,13338000
2009-08-05,10.449364464404095,10.53956423685214,10.293248201117366,10.50487232208252,17119600
2009-08-06,10.56037936846369,10.615887221877744,10.338347293101668,10.418140411376953,17036200
2009-08-07,10.54650379410751,10.591604345927243,10.33488031659603,10.48058795928955,41092600
2009-08-10,10.393858308878931,10.445897516280276,10.251619308515542,10.341819763183594,30620400
2009-08-11,10.25855630761895,10.355695395876285,10.185702487705376,10.317533493041992,29480600
2009-08-12,10.265495081086867,10.497934501568647,10.237741150060948,10.411203384399414,23613600
2009-08-13,10.522217317847087,10.643640993561485,10.452832171237201,10.602009773254395,25768400
2009-08-14,10.61935488382145,10.61935488382145,10.234268632023223,10.334877014160156,29687600
2009-08-17,10.04693195366871,10.105909137806796,9.894285669069099,9.942854881286621,27638600
2009-08-18,10.005300373468074,10.123254729767256,9.963669151718907,10.092031478881836,16996800
2009-08-19,9.94285497426056,10.286310110380105,9.890816437582913,10.22386360168457,25552000
2009-08-20,10.241210127014886,10.300187311159103,10.185702266844553,10.24467945098877,19714000
2009-08-21,10.400796615801669,10.518751001739075,10.348758071818928,10.515281677246094,21569800
2009-08-24,10.61241818568844,10.640172113146987,10.383448118728984,10.43201732635498,16760200
2009-08-25,10.48058976453798,10.595075495012834,10.355697383330371,10.379981994628906,13467000
2009-08-26,10.355697061612222,10.473651451431522,10.258557957729856,10.341819763183594,15996600
2009-08-27,10.362634312887263,10.466711390237737,10.151010172341255,10.4146728515625,21248600
2009-08-28,10.52915783522664,10.539565145872796,10.352226275476902,10.48058795928955,18068800
2009-08-31,10.317535152639506,10.341819763183594,10.227334697971452,10.341819763183594,14415600
2009-09-01,10.268962236693232,10.445893757760746,10.026114895218813,10.03652286529541,27300200
2009-09-02,10.033059353500798,10.154483094571676,9.946328204408193,10.13019847869873,18244200
2009-09-03,10.196111512323972,10.28631196764765,10.095503744809184,10.275904655456543,13787400
2009-09-04,10.289778086790824,10.425078396774353,10.175293056411112,10.418140411376953,11063800
2009-09-08,10.608950149187667,10.636704080013494,10.508342398083757,10.560380935668945,15698800
2009-09-09,10.584666958595015,10.6644594376818,10.501405154977588,10.608951568603516,19215200
2009-09-10,10.529157141310861,10.692211393845206,10.393856156474486,10.667926788330078,19634600
2009-09-11,10.751187233623728,10.79628777683769,10.595071648367023,10.681802749633789,20257600
2009-09-14,10.567317383163603,10.827510694903156,10.518748176718079,10.817103385925293,18643200
2009-09-15,10.837917675269587,11.108518932966561,10.806694427777407,11.056480407714844,24746600
2009-09-16,11.209127426147461,11.271573921712411,11.080765111741089,11.209127426147461,16099600
2009-09-17,11.202192650895785,11.372184918249179,11.098114901751318,11.157092094421387,23082600
2009-09-18,11.227810548295086,11.238261079334778,11.071046602614533,11.151169776916504,19917200
2009-09-21,11.004857178060321,11.084981017918,10.87596175634908,11.039693832397461,20813400
2009-09-22,11.165099391098224,11.238255731378743,11.11981222775127,11.161616325378418,13709200
2009-09-23,11.175553737813093,11.213872784903415,10.945632146280031,10.983952522277832,16841200
2009-09-24,11.001369961823144,11.025755412799597,10.670422847118887,10.743579864501953,25480000
2009-09-25,10.659973186439657,10.799319106536473,10.569398172263288,10.639071464538574,20599000
2009-09-28,10.663457277638646,10.903828748753623,10.64255489057786,10.841123580932617,13315600
2009-09-29,10.862020364498374,10.99439876675432,10.813249479107258,10.851569175720215,20585200
2009-09-30,10.924729039005957,10.945630757601245,10.666938961485236,10.77841567993164,20115800
2009-10-01,10.740102178247602,10.771455108420936,10.356900215148926,10.356900215148926,37932600
2009-10-02,10.200133502383757,10.443988748664497,10.161813116980166,10.315093994140625,23810800
2009-10-05,10.388248765241432,10.562431341893914,10.32554293133393,10.489274978637695,19942200
2009-10-06,10.663459723317734,10.802805680079903,10.562433489381453,10.708746910095215,24104800
2009-10-07,10.691327051266558,10.795836334509659,10.635588678276395,10.712228775024414,12311200
2009-10-08,10.917765565395193,11.008340598326283,10.820223068903122,10.963052749633789,15055200
2009-10-09,10.973498344421387,11.015302439997795,10.87247216770964,10.973498344421387,13376400
2009-10-12,11.015306308570924,11.140717310437351,10.95956727340899,11.001371383666992,14219600
2009-10-13,10.994403091973377,11.091945565582481,10.886410089928335,11.060592651367188,18572600
2009-10-14,11.2034237358273,11.311417416180104,11.15813589194933,11.29748249053955,20318800
2009-10-15,11.245226479952418,11.360187615929567,11.192972505432634,11.318384170532227,14964800
2009-10-16,11.252190652072324,11.283543559179286,11.147681404684839,11.161616325378418,17981600
2009-10-19,11.203422625167024,11.370637729553694,11.179037172167355,11.332317352294922,14581600
2009-10-20,11.38108801028878,11.38108801028878,11.098913109182194,11.213872909545898,16380800
2009-10-21,11.165099959065037,11.318381436677454,11.046655784958737,11.08149242401123,19167200
2009-10-22,11.046657808803015,11.259160747947353,10.914279353495003,11.213872909545898,15956000
2009-10-23,11.273101203684885,11.273101203684885,10.942153906336303,10.990924835205078,18103400
2009-10-26,11.00834121547433,11.15465463618809,10.698295714167827,10.708746910095215,23824600
2009-10-27,10.694811545549932,10.792353373013958,10.60423651686629,10.621654510498047,29079400
2009-10-28,10.597266430583645,10.635586804433043,10.269803048620593,10.294188499450684,28486800
2009-10-29,10.471861186251001,10.646043843807524,10.402188521900857,10.600756645202637,21907600
2009-10-30,10.569398230708746,10.593783683803812,10.126974350557852,10.221033096313477,37183000
2009-11-02,10.259351778531217,10.496239472637003,10.085169240114412,10.311606407165527,32588400
2009-11-03,10.207096579878499,10.457919862769632,10.144391423609374,10.416115760803223,24762200
2009-11-04,10.551978593853807,10.632102402797958,10.381279119906825,10.416115760803223,25514800
2009-11-05,10.485796117793495,10.67042930955278,10.461410652048238,10.600756645202637,20124200
2009-11-06,10.541528087212692,10.799318183470776,10.531076894928582,10.691325187683105,19429600
2009-11-09,10.823707107070328,11.043177564276567,10.823707107070328,11.039693832397461,19988600
2009-11-10,11.015310147250991,11.119819462635334,10.87944723990652,11.053629875183105,19721000
2009-11-11,11.182517377511607,11.269608638485707,11.123295957924665,11.161616325378418,24821400
2009-11-12,11.140716470123392,11.280063050837008,11.057108920367467,11.109363555908203,35414000
2009-11-13,11.151169776916504,11.252196006659577,11.078013401823027,11.151169776916504,25552400
2009-11-16,11.234775538856669,11.468179540082888,11.234775538856669,11.381088256835938,23841800
2009-11-17,11.346254558034985,11.530887690417414,11.300966709540276,11.513469696044922,16986400
2009-11-18,11.530887690417414,11.593593533284613,11.429862791493846,11.513469696044922,18199400
2009-11-19,11.405477041591006,11.41592757216539,11.158136743765926,11.339286804199219,19201000
2009-11-20,11.217357468333587,11.346252194529677,11.186004553431022,11.30096435546875,17537400
2009-11-23,11.478629894303065,11.579656088575312,11.374120633876446,11.415924072265625,21261000
2009-11-24,11.433344762604806,11.433344762604806,11.290515096192065,11.401991844177246,14050600
2009-11-25,11.426376497641524,11.586624145507812,11.401991043788287,11.586624145507812,15636000
2009-11-27,11.19297193414372,11.395023017341163,11.133749171354944,11.269611358642578,14899400
2009-11-30,11.300966506268686,11.391542201628909,11.203424676410997,11.321868896484375,18373600
2009-12-01,11.506501604840848,11.60404476003989,11.475148685117531,11.541338920593262,22712400
2009-12-02,11.548304637796562,11.705067883804944,11.53785278019716,11.652813911437988,18306800
2009-12-03,11.656293569931151,11.708548855927065,11.454242543821675,11.464693069458008,28935400
2009-12-04,11.638881083803982,11.687651998361455,11.179039133822451,11.339286804199219,46926400
2009-12-07,11.297481616619017,11.471664186929015,11.287031087650833,11.353219985961914,19687400
2009-12-08,11.269614246160268,11.297484101415256,11.14420321978243,11.172072410583496,21137600
2009-12-09,11.182520566167472,11.318384088310099,11.088462482479844,11.311416625976562,18097000
2009-12-10,11.381088093284097,11.429860327483826,11.2312923108469,11.269611358642578,15660200
2009-12-11,11.346252194529677,11.377605109432242,11.19645508209604,11.30096435546875,15864000
2009-12-14,11.384569272129497,11.47514359509434,11.311412934860916,11.464693069458008,15146600
2009-12-15,11.433343808835607,11.541337480834523,11.300964683305896,11.353219985961914,25189600
2009-12-16,11.412436588650351,11.541332592903757,11.391535539565897,11.468174934387207,15224600
2009-12-17,11.360186953263103,11.38108801028878,11.186004390542497,11.213872909545898,13799600
2009-12-18,11.2513538344441,11.296892068094792,11.093723183207644,11.205816268920898,19416800
2009-12-21,11.279379642077847,11.412490704503659,11.265367669979296,11.370454788208008,10199000
2009-12-22,11.391473474645924,11.444016368991896,11.338929244044659,11.43701171875,9447600
2009-12-23,11.475540256694226,11.615657285025858,11.422997373261124,11.612154960632324,10509000
2009-12-24,11.664698605729152,11.731254799847319,11.629670014486507,11.703230857849121,5443000
2009-12-28,11.745262793650342,11.7872986971958,11.661193659069033,11.713736534118652,8028000
2009-12-29,11.713738946092072,11.811821404972806,11.685716340879774,11.731254577636719,7435200
2009-12-30,11.650687946641746,11.748770418424792,11.622665337743198,11.717244148254395,5948400
2009-12-31,11.745267634653588,11.776793907179346,11.556111335754395,11.556111335754395,5164600
2010-01-04,11.762783422092586,11.916911125183105,11.717245175353538,11.916911125183105,15135000
2010-01-05,11.937927178584035,11.972955771245065,11.84334837489307,11.95544147491455,17678400
2010-01-06,11.958944415718525,12.200646260797921,11.937927793541343,12.158610343933105,16184000
2010-01-07,12.099060575419786,12.113072546676568,11.965949520990613,12.064030647277832,11514600
2010-01-08,12.036007855430746,12.232170104980469,12.007983913349296,12.232170104980469,9284800
2010-01-11,12.386298945790154,12.393304931215418,12.113072195480251,12.16561508178711,18217000
2010-01-12,11.990469038180038,12.053521568560882,11.815323417401034,11.934422492980957,26324000
2010-01-13,11.965948421689085,12.085047493919946,11.822329070139077,12.074539184570312,23886200
2010-01-14,12.067534800905124,12.092055083478028,11.909903458468476,11.927417755126953,19231000
2010-01-15,11.913406509551686,11.958944752643928,11.780296777828616,11.839845657348633,15210600
2010-01-19,11.857356060264248,12.032501652505994,11.804813184344619,12.028999328613281,13603400
2010-01-20,11.874874037646135,11.909902628522106,11.706733059927227,11.815323829650879,23007600
2010-01-21,11.829337682974911,11.829337682974911,11.300397057290757,11.303900718688965,39632400
2010-01-22,11.27236959115462,11.408982929214,11.051685787075385,11.07970905303955,40093800
2010-01-25,11.195303977019822,11.293386400171125,11.139257450756759,11.177789688110352,20610200
2010-01-26,11.055190884883368,11.205816218683081,10.985133040690412,11.020161628723145,33567800
2010-01-27,10.967616498903997,11.048183976906792,10.736424376923125,10.925581932067871,39417600
2010-01-28,10.995640136643257,11.027166396896252,10.67687521019845,10.729418754577637,32740800
2010-01-29,10.81349343948144,10.971124134020364,10.550774947122227,10.557780265808105,32241400
2010-02-01,10.669873595886349,10.978130340576172,10.669873595886349,10.978130340576172,34546000
2010-02-02,11.027169148080814,11.069204394948049,10.86603548269951,11.013157844543457,32079400
2010-02-03,10.971121398756194,11.076209170376538,10.852022325129646,10.887051582336426,36213600
2010-02-04,10.7399263478821,10.771452604075925,10.473705000093888,10.480710983276367,45618000
2010-02-05,10.512240376632853,10.680380014426186,10.326585775656344,10.67687702178955,64498000
2010-02-08,10.697895310568871,10.76094717560814,10.494725740085768,10.505234718322754,40944600
2010-02-09,10.666371931276839,10.873043882322301,10.596313393654476,10.760950088500977,57488000
2010-02-10,10.774959328493654,10.795976617194892,10.554275458684206,10.687386512756348,43105200
2010-02-11,10.680380701409797,10.88354961051019,10.627837144735613,10.869538307189941,38944200
2010-02-12,10.676877638585026,10.908069820938545,10.627837075094149,10.848520278930664,39246600
2010-02-16,10.985130819423292,11.139258446358648,10.978124835982406,11.121744155883789,21028400
2010-02-17,11.19180427862663,11.240844833576787,11.05168726197912,11.128751754760742,58790800
2010-02-18,11.07971107713609,11.286383620052886,11.06920276805942,11.247851371765137,39257200
2010-02-19,11.163785919868893,11.370457207270961,11.156779932329096,11.310908317565918,30427000
2010-02-22,11.352939802777836,11.412490012457985,11.219828748423788,11.26186466217041,22993800
2010-02-23,11.226835082623264,11.286385294152351,11.016660852385094,11.083215713500977,40160400
2010-02-24,11.100731189330041,11.19530933004181,10.995643401243745,11.055192947387695,31930800
2010-02-25,10.890555698211882,11.048187037838042,10.785468583879494,11.030672073364258,40918000
2010-02-26,11.086719433809604,11.086719433809604,10.932591075812178,11.034175872802734,30666800
2010-03-01,11.093721439606439,11.212819823362448,11.03417191366474,11.202311515808105,39502800
2010-03-02,11.289887134270817,11.387968259337317,11.265366853004192,11.296893119812012,38859000
2010-03-03,11.366951150178146,11.563113391875966,11.352939179698286,11.394973754882812,28216400
2010-03-04,11.4300046439916,11.514073801442972,11.380964079435772,11.472039222717285,26748000
2010-03-05,11.57712607439084,11.692722833576719,11.535091496621037,11.619160652160645,23340600
2010-03-08,11.664698890893426,11.703231143955385,11.556109453633505,11.619160652160645,28925800
2010-03-09,11.549101690514085,11.661194771485453,11.5035634587898,11.545598030090332,30916800
2010-03-10,11.549104690551758,11.647185827815887,11.465034189857306,11.549104690551758,41650200
2010-03-11,11.507070816787584,11.61566162109375,11.412493324051697,11.61566162109375,29034600
2010-03-12,11.675206770551581,11.74526394414679,11.636674523321256,11.661194801330566,23063600
2010-03-15,11.654189631143868,11.671703925766613,11.559610836675015,11.657691955566406,18990800
2010-03-16,11.696224168733915,11.82933521270752,11.692721844322381,11.82933521270752,27171600
2010-03-17,11.86787048572803,11.976459941462872,11.857360837306164,11.895893096923828,17654600
2010-03-18,11.899395714957429,11.97645889117929,11.794307257486741,11.811822891235352,24248200
2010-03-19,11.682982444763184,11.90765497806187,11.668941415797464,11.682982444763184,21252800
2010-03-22,11.588201736686866,11.869043821664714,11.53203358752216,11.855001449584961,22534400
2010-03-23,11.865532346883818,12.0094633102417,11.798833089429188,12.0094633102417,29462600
2010-03-24,11.932228981612967,12.051586424217396,11.897123063697641,11.97435474395752,16904800
2010-03-25,12.083183374183704,12.083183374183704,11.72511227787717,11.73564338684082,38080400
2010-03-26,11.788304482635807,11.932235476548334,11.742667434081717,11.823409080505371,30944800
2010-03-29,11.935741908168897,12.005952422518373,11.890104872968612,11.949784278869629,17183400
2010-03-30,11.942761271913408,12.051587619513736,11.883081875115172,11.967334747314453,16926400
2010-03-31,11.939251332797161,12.009461844215313,11.872552083484683,11.9076566696167,15549200
2010-04-01,12.02701475600338,12.132331198125605,12.012973724320716,12.114777565002441,15941800
2010-04-05,12.14988597866211,12.265732213889514,12.10776019668437,12.262222290039062,13178600
2010-04-06,12.202543113801728,12.321900614405598,12.199033189881536,12.283286094665527,17215000
2010-04-07,12.2411554585449,12.34296063201293,12.14286154714355,12.206050872802734,20756400
2010-04-08,12.128821465173584,12.24466903045368,12.076164576627106,12.234136581420898,16575200
2010-04-09,12.286794099337515,12.286794099337515,12.184988912545975,12.255199432373047,16745800
2010-04-12,12.26222507567483,12.297329678771991,12.181483417227545,12.216588020324707,11504800
2010-04-13,12.17445929151989,12.206053962346589,12.09020638959721,12.170948028564453,14107400
2010-04-14,12.22711769491669,12.265732213889514,12.174459463078666,12.262222290039062,14628200
2010-04-15,12.244669992477876,12.293816961310984,12.195523023644768,12.262222290039062,15055000
2010-04-16,12.199033742956756,12.258711826387108,11.953297543613047,12.051592826843262,33745200
2010-04-19,11.960313600616772,12.072649871132816,11.844467407526967,12.055097579956055,22585800
2010-04-20,12.149882855299662,12.1884987035,12.041056495749084,12.093714714050293,11610600
2010-04-21,12.118286664441895,12.118286664441895,11.94276107777122,12.062118530273438,22064000
2010-04-22,11.974360086640553,12.181480407714844,11.86553370127798,12.181480407714844,11843000
2010-04-23,12.167439609437276,12.335944094966122,12.15690849757754,12.29030704498291,19692000
2010-04-26,12.37104414111452,12.451785751611673,12.304343560024806,12.3429594039917,14050200
2010-04-27,12.290305593981767,12.307859230548416,11.8936185836792,11.8936185836792,32078200
2010-04-28,12.005952446947388,12.093715255274263,11.90414726789121,12.03754711151123,32075400
2010-04-29,12.107761134165255,12.188502780521956,12.055102898250004,12.14637565612793,20038000
2010-04-30,12.181479902297825,12.21658449526566,11.928722547635392,11.932233810424805,21881800
2010-05-03,11.963825846341798,12.019993986219522,11.809362457312496,11.925209999084473,22380400
2010-05-04,11.756704295626582,11.767235402218013,11.430226599752825,11.510968208312988,53974000
2010-05-05,11.331933761319757,11.588201009499498,11.279276878056487,11.426717758178711,35206400
2010-05-06,11.33544509383784,11.556606415389677,10.348990607079612,11.051093101501465,54860000
2010-05-07,11.06513596508897,11.247682782458902,10.763231664790789,10.92822551727295,54676800
2010-05-10,11.370549858695352,11.479376229108809,11.310871788540853,11.447781562805176,36074800
2010-05-11,11.321406288705996,11.465337291833437,11.282790425084425,11.303853988647461,28765400
2010-05-12,11.374057924168692,11.542562317374037,11.35299437283532,11.539051055908203,25864600
2010-05-13,11.510971603018648,11.605755607756137,11.360019447972386,11.367040634155273,26685000
2010-05-14,11.293320257351217,11.293320257351217,10.994927172710764,11.08971118927002,40467000
2010-05-17,11.135347565996375,11.202047503898509,10.822912107238732,11.08971118927002,37565800
2010-05-18,11.188005300037482,11.356509094882634,10.900142669677734,10.900142669677734,46798000
2010-05-19,10.826422217584405,10.935247933826702,10.654407159789413,10.900142669677734,47500400
2010-05-20,10.559620768619924,10.678978238091576,10.394626934739497,10.405158042907715,55258000
2010-05-21,10.233142683849524,10.703551360942445,10.215590391100985,10.661425590515137,39010400
2010-05-24,10.615787769322552,10.700039973494517,10.478878021240234,10.478878021240234,27133600
2010-05-25,10.19452773037357,10.671956933332797,10.134848996306534,10.654404640197754,37643200
2010-05-26,10.759719590362177,10.84046120899758,10.535047027349913,10.570152282714844,26874600
2010-05-27,10.794825679908866,10.998435373267153,10.654405317175067,10.987903594970703,29382800
2010-05-28,10.9598164897307,10.977369448701033,10.71759168213239,10.794822692871094,29481800
2010-06-01,10.685999642323408,10.815888222626057,10.42973173521767,10.447284698486328,31542200
2010-06-02,10.53153820827103,10.77025318145752,10.496432946994693,10.77025318145752,17503600
2010-06-03,10.865036958964158,10.865036958964158,10.513985692691676,10.640363693237305,25279400
2010-06-04,10.436756223644705,10.521008465267927,10.194531280069425,10.219104766845703,30713800
2010-06-07,10.226126503774202,10.31037942501785,10.0295379165529,10.036559104919434,25021000
2010-06-08,10.089215276599218,10.303356804981505,10.022515335539978,10.264740943908691,43670000
2010-06-09,10.401645444960236,10.521002891420592,10.208567577226862,10.278778076171875,27666000
2010-06-10,10.471858076351465,10.647383689880371,10.454305782829406,10.647383689880371,21597200
2010-06-11,10.535047050441685,10.766740798950195,10.524515272936005,10.766740798950195,15956800
2010-06-14,10.865035266452592,10.903650444414783,10.64387262818955,10.661425590515137,18202200
2010-06-15,10.75620899662319,10.935245196344265,10.717593818345586,10.924714088439941,14109600
2010-06-16,10.843972266708027,10.973861516257518,10.808867679414133,10.910672187805176,12730400
2010-06-17,10.935243446724115,10.956306328739789,10.714081511617172,10.850991249084473,27380000
2010-06-18,10.87426700150408,10.969469889108609,10.870740893903587,10.913053512573242,18895800
2010-06-21,11.10698151170306,11.212762018990569,10.902472037754098,10.9800443649292,24144400
2010-06-22,10.96594064482627,11.03646075905588,10.708540916442871,10.708540916442871,23686600
2010-06-23,10.722646920163141,10.800219263853215,10.5498716961242,10.72969913482666,21678400
2010-06-24,10.648595634710194,10.750850008701857,10.454663858634598,10.458189964294434,31521600
2010-06-25,10.500509519399682,10.662706452040664,10.398254405097584,10.61334228515625,22616200
2010-06-28,10.602762529844595,10.641549040038552,10.465247699209646,10.49345588684082,25772000
2010-06-29,10.288948224128982,10.317156416875294,10.06328268215848,10.105594635009766,34058800
2010-06-30,10.095014923206255,10.24663419058232,9.961026194208962,10.003338813781738,21027200
2010-07-01,9.992759115838988,10.091488099567048,9.756515314358706,9.946920394897461,32910000
2010-07-02,9.98570772139077,10.028020338616022,9.812932490082114,9.890504837036133,19334000
2010-07-06,10.095013220583573,10.119695970150863,9.802353058218705,9.901082038879395,20142200
2010-07-07,9.908140077717967,10.31010710575396,9.897561750256184,10.296003341674805,23703000
2010-07-08,10.380622595749106,10.46524715423584,10.292471929925066,10.46524715423584,17861600
2010-07-09,10.433510584262972,10.715592384338379,10.433510584262972,10.715592384338379,18889400
2010-07-12,10.722649532034044,10.722649532034044,10.52166607292079,10.574556350708008,18878000
2010-07-13,10.754381251134037,10.891896074871378,10.73675138694994,10.860161781311035,21410000
2010-07-14,10.76848710824667,10.898949734593234,10.708544620522595,10.82490348815918,17277600
2010-07-15,10.83548035176323,10.85311088954006,10.673283439433897,10.814324378967285,16560000
2010-07-16,10.736750916141482,10.789641178910735,10.489928793170067,10.518136978149414,24858200
2010-07-19,10.578080246613913,10.58513246152035,10.419408773900212,10.528716087341309,15230000
2010-07-20,10.377097293838737,10.856637168352984,10.377097293838737,10.84605884552002,21015200
2010-07-21,10.95536376424975,11.011780132059245,10.715593864791318,10.810796737670898,18758000
2010-07-22,10.934210457545785,11.138720008798735,10.913054482598602,11.043517112731934,32511200
2010-07-23,11.061145119278498,11.300914349690375,11.047040690852771,11.286809921264648,29360800
2010-07-26,11.311495501065519,11.35380744934082,11.240974018022,11.35380744934082,14990400
2010-07-27,11.424325431275005,11.459585155262296,11.212763052134504,11.262127876281738,18349800
2010-07-28,11.205711706512265,11.307966118425814,11.177503523308237,11.22686767578125,21062400
2010-07-29,11.300915992862729,11.399645661125948,11.117563104421608,11.216291427612305,16919000
2010-07-30,11.114035380802644,11.329123206541828,11.078774982274492,11.286809921264648,17515800
2010-08-02,11.466637456336771,11.611204477900442,11.438428600874465,11.590047836303711,32952200
2010-08-03,11.477219745568057,11.480746526463077,11.353809315698442,11.378491401672363,19108400
2010-08-04,11.445481681813678,11.494845837540128,11.37496088288774,11.484268188476562,11268000
2010-08-05,11.434907790235627,11.519531700696094,11.413751140084107,11.508954048156738,14066400
2010-08-06,11.43137698718431,11.579470795992187,11.34675310649895,11.456060409545898,17375600
2010-08-09,11.5477384104206,11.551263845584225,11.45253552013209,11.526581764221191,12162000
2010-08-10,11.399645150707304,11.470164609787425,11.28681105701969,11.403170585632324,25438800
2010-08-11,11.181029093991732,11.191607415023203,11.011779992705096,11.018832206726074,35147200
2010-08-12,10.884844052226999,11.12813939540149,10.881317945038592,11.089353561401367,23048000
2010-08-13,11.047040150941452,11.096404302946551,10.997675998936352,11.03646183013916,12365600
2010-08-16,10.987100730824737,11.156349875469337,10.965944755878242,11.085829734802246,13065000
2010-08-17,11.24097192436353,11.431377001211564,11.24097192436353,11.346753120422363,23946400
2010-08-18,11.3361714038741,11.445477322760995,11.248020102521338,11.389060974121094,19570600
2010-08-19,11.332652891672575,11.37849162871285,11.071726920756088,11.128143310546875,25495800
2010-08-20,11.061146459210553,11.114036727141754,10.997677868678613,11.103458404541016,27923600
2010-08-23,11.152819552184697,11.300912665908847,10.972992824303146,10.9800443649292,18899200
2010-08-24,10.786114923529164,10.870739477304532,10.7191202329226,10.72617244720459,29745800
2010-08-25,10.64154712299904,10.789640249518282,10.535765934036082,10.757905960083008,25560800
2010-08-26,10.860163805537947,10.920106296487257,10.726175064170496,10.743804931640625,14956000
2010-08-27,10.81432673919821,11.071726594091288,10.705020071270644,11.064674377441406,20732800
2010-08-30,11.039988639415254,11.092878901719223,10.898947715759277,10.898947715759277,10128800
2010-08-31,10.83195455175934,11.00120435654116,10.828428444103858,10.944787979125977,19130600
2010-09-01,11.085827065126004,11.29738878125186,11.078774850996707,11.272706031799316,24058400
2010-09-02,11.30796610738184,11.406694412231445,11.240971420136653,11.406694412231445,12309200
2010-09-03,11.494845978387826,11.547736914498449,11.441956387349581,11.540684700012207,15619200
2010-09-07,11.49484953236211,11.530110615695332,11.410225622507971,11.427855491638184,12186000
2010-09-08,11.463113617354793,11.590050809352237,11.449010531078216,11.51600456237793,10036400
2010-09-09,11.625312474424824,11.660572209504645,11.449011108880365,11.477218627929688,9445800
2010-09-10,11.487798121704717,11.60063089293077,11.487798121704717,11.57242202758789,11261800
2010-09-13,11.664096788821231,11.801611612782642,11.653517794235603,11.759298324584961,24126600
2010-09-14,11.70287999228228,11.81923949773157,11.664094835538046,11.738141059875488,17105400
2010-09-15,11.671145082272732,11.738140434594943,11.625307714451573,11.716983795166016,12888600
2010-09-16,11.681724224807812,11.80513459371725,11.671145232421189,11.77340030670166,25727400
2010-09-17,11.811540040367193,11.836724449508703,11.696409548287972,11.775561332702637,16339400
2010-09-20,11.786353973291064,11.872701497147142,11.70360500633796,11.851114273071289,16600800
2010-09-21,11.85110895980672,11.854707515096337,11.685611100098962,11.79714298248291,33795200
2010-09-22,11.79355234563289,11.915877231123764,11.786356602668999,11.825932502746582,20396600
2010-09-23,11.721594124887421,11.858309082616238,11.667626755162157,11.714398384094238,14346000
2010-09-24,11.861906651147592,12.020208818069497,11.85471091095381,12.002220153808594,17199200
2010-09-27,12.00582160223017,12.023810272880771,11.919475434128254,11.933865547180176,11346400
2010-09-28,11.919475434128254,11.955452775429453,11.717998754477785,11.933865547180176,17394800
2010-09-29,11.897887058506074,11.919474284673587,11.80074659942346,11.840322494506836,19749800
2010-09-30,11.919472950873711,11.973438951582452,11.707203387545778,11.793549537658691,20469400
2010-10-01,11.86550656633465,11.959049837939391,11.858310824484484,11.94825553894043,15538400
2010-10-04,11.854713583592252,11.901485219172928,11.714400049297646,11.757573127746582,26111200
2010-10-05,11.894291030180094,12.131745051320463,11.894291030180094,12.088570594787598,26245400
2010-10-06,12.117351054315778,12.236077354054446,12.102959571787663,12.203697204589844,13636600
2010-10-07,12.239677330903161,12.246873073002037,11.969843178208949,12.081375122070312,18279800
2010-10-08,12.124542978764232,12.354801136939376,12.124542978764232,12.31882381439209,15930200
2010-10-11,12.376392037360384,12.379989221706943,12.250468626074175,12.297240257263184,11727200
2010-10-12,12.268456299137295,12.351206629326787,12.138937086440967,12.329619407653809,14601000
2010-10-13,12.477129430663533,12.57426987553697,12.408771949803231,12.527498245239258,14554400
2010-10-14,12.523902547060569,12.54908695733684,12.336817376117256,12.408773422241211,16533200
2010-10-15,12.505914449796236,12.509513007507786,12.279254722083563,12.44475269317627,24577400
2010-10-18,12.401571180511237,12.502308768818047,12.32961517210064,12.498711585998535,13649200
2010-10-19,12.28284972283297,12.35120858271836,12.124547522869895,12.178513526916504,30249800
2010-10-20,12.228882672591041,12.513106896794547,12.200099708270683,12.430357933044434,20369600
2010-10-21,12.48432714555207,12.53829315293832,12.297241967228617,12.426762580871582,22244200
2010-10-22,12.433959161854045,12.451947832196376,12.297242796846684,12.33681869506836,16613600
2010-10-25,12.527498913389035,12.653420956544354,12.498717320288108,12.603052139282227,22728000
2010-10-26,12.430357800365819,12.556281209252393,12.344011653220939,12.527498245239258,18659400
2010-10-27,12.433959818130065,12.433959818130065,12.279254774614895,12.412372589111328,24652800
2010-10-28,12.51670564822675,12.559878722931467,12.336816235768582,12.419565200805664,20044200
2010-10-29,12.394388286046842,12.545494825090437,12.362008117330626,12.520310401916504,13569800
2010-11-01,12.585064299634173,12.671411829509859,12.44475076447768,12.513108253479004,16188600
2010-11-02,12.624638096950747,12.721778537260093,12.588660766071966,12.642626762390137,23459000
2010-11-03,12.68220837326028,12.700197046817895,12.412374152552614,12.60665512084961,34310000
2010-11-04,12.79733466473914,13.020397186279299,12.793737479812409,13.020397186279297,20076400
2010-11-05,13.038383785598967,13.146317146719822,12.991612159215977,13.06716537475586,20189600
2010-11-08,12.984416377663813,13.11753414354274,12.970024896907402,13.0995454788208,15881800
2010-11-09,13.164306964565498,13.207480038305954,12.793735222361423,12.869288444519043,22728800
2010-11-10,12.869284560661525,12.966424976596729,12.718176789502257,12.93404483795166,18655600
2010-11-11,12.869287317293104,13.074361115156869,12.865688760869023,13.06716537475586,18777400
2010-11-12,12.919663256424903,12.970032094577187,12.667817693215579,12.775751113891602,34953400
2010-11-15,12.8117241576997,12.851300047979048,12.664214894579498,12.675007820129395,19444000
2010-11-16,12.527498076922745,12.552682483872236,12.30443559860701,12.401576042175293,39700000
2010-11-17,12.405176432768927,12.527501314903992,12.340416120318151,12.397980690002441,26661800
2010-11-18,12.563477076040437,12.739769320526108,12.563477076040437,12.6318359375,28865800
2010-11-19,12.635433053288423,12.732573509216309,12.567075564649135,12.732573509216309,18097800
2010-11-22,12.678605562187657,12.775744630788935,12.570670823835643,12.764951705932617,23443000
2010-11-23,12.56708206171729,12.599462230433508,12.459148623479276,12.520310401916504,26465200
2010-11-24,12.621041877507526,12.76135540008545,12.606650395077148,12.76135540008545,15943200
2010-11-26,12.628237329948641,12.649824555446683,12.545488357543945,12.545488357543945,9311400
2010-11-29,12.51670831489309,12.692999208090125,12.365600462562327,12.653423309326172,25669600
2010-11-30,12.549088203302803,12.764954990660089,12.502316562811284,12.660618782043457,31201200
2010-12-01,12.872890851129814,13.013204427044649,12.84410924777571,13.006010055541992,24592000
2010-12-02,13.06716872069808,13.232666674956802,13.031191381927922,13.203885078430176,18747600
2010-12-03,13.149920256941812,13.344201217983802,13.142724513297912,13.315418243408203,15720000
2010-12-06,13.297426858465505,13.362187165604743,13.279438189248491,13.337002754211426,9912800
2010-12-07,13.502501201742982,13.531284171502989,13.329807500525561,13.354991912841797,21077000
2010-12-08,13.36218709336698,13.408958731036352,13.146320319034848,13.214677810668945,23584200
2010-12-09,13.329803700377573,13.340597997184034,13.196685934306476,13.286630630493164,23028200
2010-12-10,13.308225794724617,13.416159220079692,13.239866906456296,13.40176773071289,10437400
2010-12-13,13.542077091333105,13.570860061076944,13.455730926996662,13.473719596862793,12831600
2010-12-14,13.470121653713823,13.552870636829748,13.419752826812616,13.462925910949707,14227400
2010-12-15,13.419751826566154,13.50969654574213,13.372980188309347,13.390970230102539,13388000
2010-12-16,13.412555282101255,13.520490036614587,13.308220457157736,13.516891479492188,18492400
2010-12-17,13.499845693613485,13.634045809772207,13.481709383543597,13.623165130615234,14386400
2010-12-20,13.710205364616794,13.731968093891464,13.594140242362682,13.666681289672852,10680400
2010-12-21,13.72109692173877,13.826280060383144,13.717469105878342,13.804518699645996,9610000
2010-12-22,13.855295741262912,13.855295741262912,13.742856981541427,13.797263145446777,6326200
2010-12-23,13.72472044823206,13.873429044079257,13.72472044823206,13.833531379699707,7742600
2010-12-27,13.822645100979745,13.86254274919358,13.739223374535138,13.8552885055542,4817600
2010-12-28,13.913326755088612,13.913326755088612,13.844412104163492,13.884309768676758,6872200
2010-12-29,13.942341804504395,13.964104543449492,13.906071956535241,13.942341804504395,5138600
2010-12-30,13.938715373149883,13.996747960064134,13.913326202850275,13.942341804504395,7152600
2010-12-31,13.924208040983219,13.978614201077246,13.895192436910897,13.931462287902832,4849400
2011-01-03,14.080170339378784,14.174474162034802,14.02576418141523,14.043900489807129,12110400
2011-01-04,14.065663505023332,14.091052679439125,13.771874091467383,13.94959831237793,18978600
2011-01-05,13.877053332122331,13.989492061315097,13.81539432113671,13.982237815856934,15594600
2011-01-06,13.989496690187872,14.054783537307742,13.869805059538981,13.909701347351074,15539400
2011-01-07,13.953224736838322,13.99312240225869,13.775499150040167,13.89519214630127,23128400
2011-01-10,13.844416359691053,13.938720210910837,13.681200603575984,13.913331031799316,20979400
2011-01-11,13.98223466395428,14.036640800823246,13.935082770908211,14.025758743286133,13209600
2011-01-12,14.134582445461442,14.185360809672753,14.08380408125013,14.16359806060791,13959200
2011-01-13,14.149088450649279,14.174479014368647,14.007634051847395,14.040277481079102,14599600
2011-01-14,14.014882491918947,14.072915077209473,13.927834305786142,14.072915077209473,15839800
2011-01-18,14.091053399247993,14.163594494258524,14.076546287130931,14.149085998535156,16477600
2011-01-19,14.174477197787477,14.181730062370299,13.797264593587796,13.822653770446777,32022600
2011-01-20,13.677568388584376,13.717466052530197,13.507098438460476,13.626790046691895,43715400
2011-01-21,13.702955736979435,13.768242563188075,13.576009899132563,13.594144821166992,22906400
2011-01-24,13.64129610637811,13.815393840499643,13.590517773543388,13.739226341247559,20986800
2011-01-25,13.692081232132121,13.757368087768555,13.59415094867747,13.757368087768555,26381600
2011-01-26,13.804516270389236,14.072916485362125,13.800888455167215,14.047527313232422,22398600
2011-01-27,14.036646792828016,14.054781718323984,13.829905598240515,13.931462287902832,22470000
2011-01-28,13.927828178770483,14.03301124210919,13.702950799040675,13.71383285522461,28584600
2011-01-31,13.804515275336806,13.95685029713446,13.757363366092099,13.942341804504395,19959800
2011-02-01,14.072916040401799,14.344944061995673,14.047526869074856,14.31592845916748,32064200
2011-02-02,14.308676576579304,14.36308135972297,14.22162698650062,14.290541648864746,12356400
2011-02-03,14.297785791486339,14.381208898576942,14.130942344516036,14.352191925048828,21654600
2011-02-04,14.392101964450124,14.41023689671791,14.232512623444304,14.35583209991455,16209400
2011-02-07,14.399351018425293,14.533551129112059,14.399351018425293,14.431994438171387,18360600
2011-02-08,14.49727467539947,14.504528919106711,14.38120954329465,14.479138374328613,15420400
2011-02-09,14.442867495792578,14.46100241194754,14.254261323849077,14.348565101623535,19333400
2011-02-10,14.207117481843422,14.468264849925504,14.207117481843422,14.37396240234375,18023400
2011-02-11,14.334065657064242,14.50816345246102,14.29054155411662,14.453757286071777,20151200
2011-02-14,14.490024817025528,14.631479153113377,14.461007833414723,14.609716415405273,17148200
2011-02-15,14.61697075303824,14.620598567815323,14.41748383208281,14.442873001098633,14403000
2011-02-16,14.526295719151658,14.667750065524766,14.51541504130943,14.63148021697998,19581400
2011-02-17,14.602465669805548,14.769310598349598,14.555315135544607,14.762056350708008,16506600
2011-02-18,14.78381244413132,14.809202993636074,14.54442789165107,14.598834037780762,14668600
2011-02-22,14.41023421387819,14.508164490219942,14.105562704239317,14.130951881408691,37060200
2011-02-23,14.087419123977996,14.188975770287497,13.79362847537554,14.025758743286133,37641000
2011-02-24,14.01851484938453,14.14908717089483,13.760993871579258,13.953227996826172,28453000
2011-02-25,14.076543755142131,14.178100439725794,14.058407446947,14.159965515136719,16706200
2011-02-28,14.214368533703464,14.312298774719237,14.149081706359613,14.312298774719238,15915800
2011-03-01,14.34494123076111,14.377584642253847,13.953221676454053,13.96047592163086,36178400
2011-03-02,13.9423453668559,14.101936059350962,13.920584005956657,14.011260032653809,22439800
2011-03-03,14.174477784900953,14.294169425964355,14.149087223383916,14.294169425964355,17416400
2011-03-04,14.30868028716022,14.312306720201033,14.054787082497008,14.16359806060791,23102200
2011-03-07,14.272404782829817,14.305048204889811,13.851668111615595,13.92058277130127,36593000
2011-03-08,13.953224771668907,14.130948975304607,13.808142603161064,14.080170631408691,20951800
2011-03-09,14.011255180378658,14.011255180378658,13.782751284825844,13.851664543151855,35285400
2011-03-10,13.652179626892831,13.721094278903683,13.485336103214294,13.550622940063477,62013600
2011-03-11,13.496217511802413,13.79363472527333,13.44181273388817,13.750110626220703,29383200
2011-03-14,13.695705375318777,13.819024817172451,13.5578788218871,13.699333190917969,35194600
2011-03-15,13.274968700219107,13.768246467633807,13.216936103088335,13.699333190917969,45739400
2011-03-16,13.684826770286927,13.721098013746113,13.260463598862927,13.42367935180664,46770000
2011-03-17,13.688453609729386,13.786382501065548,13.58326908661263,13.663063049316406,44856600
2011-03-18,13.861019671644907,13.897409296516903,13.69726358337051,13.73001480102539,29813000
2011-03-21,13.941083524867677,13.995667981802209,13.850108041801086,13.966556549072266,16934800
2011-03-22,13.955636783093327,13.995666212690852,13.85374469915456,13.93380355834961,15172800
2011-03-23,13.941085347892832,14.177620801891429,13.857388059107862,14.137591361999512,26321800
2011-03-24,14.235840122945664,14.257674733902974,14.057528992074886,14.199450492858887,23093000
2011-03-25,14.26859402551021,14.388682326069722,14.210369773529264,14.275872230529785,21089800
2011-03-28,14.27223794492824,14.38140827540658,14.19581746423494,14.210373878479004,23835200
2011-03-29,14.214005837225884,14.359565734863281,14.115752177528607,14.359565734863281,19443600
2011-03-30,14.505133487273818,14.54152313086237,14.312265877537834,14.508771896362305,30180400
2011-03-31,14.494215527858591,14.639775476891698,14.48329752525366,14.563356399536133,21048200
2011-04-01,14.647048947639218,14.690716779415133,14.55607348833711,14.617936134338379,18529000
2011-04-04,14.690713650595102,14.759855873371052,14.668880433444842,14.71254825592041,14013200
2011-04-05,14.701642404336532,14.9454560954099,14.643418135708858,14.887231826782227,18749400
2011-04-06,15.007320059585457,15.021875085511315,14.719837127864947,14.763504981994629,30197400
2011-04-07,14.807171453499352,14.901786748150986,14.665249899697827,14.734392166137695,26134800
2011-04-08,14.847198211592948,14.890866053754431,14.566993563720063,14.628857612609863,17302600
2011-04-11,14.668884881691195,14.734387329355272,14.39959688705272,14.465099334716797,20734400
2011-04-12,14.301339280922484,14.381398114524838,14.214003633515448,14.268588066101074,26711400
2011-04-13,14.370481426089254,14.385036441793126,14.07572049432833,14.184890747070312,32170200
2011-04-14,14.090285367966247,14.275874770369064,14.090285367966247,14.228567123413086,31580200
2011-04-15,14.294063570977555,14.34864940125479,14.184893298598412,14.323176383972168,22683000
2011-04-18,14.155784750747081,14.19581279448683,13.988388818357798,14.12303352355957,22494400
2011-04-19,14.181262616480735,14.388686663450532,14.166706202053641,14.374130249023438,32250000
2011-04-20,14.617940859857626,14.665248502676885,14.516048756716872,14.563356399536133,26455400
2011-04-21,14.643415250464068,14.719834327697754,14.596107607720258,14.719834327697754,15329200
2011-04-25,14.679798152169806,14.734383975523565,14.537876677260213,14.607017517089844,12109400
2011-04-26,14.668888459105816,14.825366412445314,14.607024404257828,14.770780563354492,17400000
2011-04-27,14.792609792664194,14.818082809448242,14.516043627329827,14.818082809448242,26244200
2011-04-28,14.799890992429006,14.927257502260021,14.745306535223467,14.814447402954102,27603200
2011-04-29,14.879950286463748,14.919979722461399,14.770779980763814,14.872672080993652,26800000
2011-05-02,14.927255767455081,14.981840218316965,14.734388209027104,14.767139434814453,20484200
2011-05-03,14.756218741586423,14.77441355522044,14.512405184904933,14.632492065429688,30488800
2011-05-04,14.617943943884883,14.636140156006794,14.275876533904677,14.374130249023438,42692200
2011-05-05,14.272236750205272,14.465104364178007,14.130315193646016,14.203094482421875,49810600
2011-05-06,14.45782121658654,14.526962072564531,14.235840852426305,14.319538116455078,39226200
2011-05-09,14.3486464278738,14.570626722344477,14.334090024392927,14.526957511901855,26753000
2011-05-10,14.58518616475095,14.679800030740008,14.490570910586564,14.650687217712402,24373200
2011-05-11,14.610659303089632,14.621575913977747,14.199449838808107,14.261312484741211,36163200
2011-05-12,14.217647549148126,14.334096049593045,14.072086229504166,14.246760368347168,36135800
2011-05-13,14.30134618460586,14.326819209744087,14.021141519909616,14.064810752868652,39318400
2011-05-16,14.013863563537598,14.283151618869033,13.966557309254659,14.013863563537598,39154200
2011-05-17,13.933807344016264,13.995670015164933,13.766412764015962,13.850110054016113,46415600
2011-05-18,13.91560739325247,14.173977374304371,13.842826745416264,14.15942096710205,35216000
2011-05-19,14.17397942448056,14.304984331899679,14.093920561463188,14.155784606933594,25611800
2011-05-20,14.119395462800984,14.15942489963715,13.904693255550825,14.013863563537598,35574800
2011-05-23,13.788244427105898,13.915610940328712,13.730020171630704,13.868303298950195,26600000
2011-05-24,13.966547953134185,14.101191196515177,13.861016124566042,13.937435150146484,33186400
2011-05-25,13.911974539834997,14.214013893220084,13.882863099078316,14.133955001831055,32158200
2011-05-26,14.093925401845995,14.214013737614895,14.017506308998191,14.166706085205078,20333400
2011-05-27,14.279510076578648,14.377762360482723,14.24675885255213,14.319538116455078,21204400
2011-05-31,14.450542926752453,14.508767170434357,14.250397175856873,14.465099334716797,32114400
2011-06-01,14.399600132478362,14.425073158069416,13.9956687435691,14.013863563537598,35499000
2011-06-02,14.03933773384777,14.188537476083429,13.868303375123077,14.035697937011719,40104400
2011-06-03,13.813713553938106,13.955635049848201,13.784602128503519,13.857382774353027,32958000
2011-06-06,13.857381163345746,13.948356613037328,13.69362507626586,13.719098091125488,28586000
2011-06-07,13.821001843695734,13.911977370356324,13.730026317035144,13.770055770874023,23020200
2011-06-08,13.730017269233482,13.737295473151304,13.584457355403377,13.628125190734863,34934200
2011-06-09,13.689990267456775,13.930165486598975,13.66451724331864,13.85374641418457,35140800
2011-06-10,13.770047854424384,13.864661736959935,13.646321153769847,13.679072380065918,30926400
2011-06-13,13.73365899132606,13.784605037720182,13.500760597819761,13.599014282226562,26704000
2011-06-14,13.780962193427294,13.922883687902956,13.722737954971244,13.861021041870117,37155600
2011-06-15,13.71909828419169,13.79915573708778,13.482561556394764,13.540785789489746,47199400
2011-06-16,13.529870684633384,13.59173333185166,13.235109690952667,13.409782409667969,52688400
2011-06-17,13.536034183758913,13.57262739010134,13.349405201965045,13.407955169677734,38382400
2011-06-20,13.334768591620701,13.576287405216231,13.334768591620701,13.521397590637207,31123200
2011-06-21,13.62751883266409,13.890992993984755,13.62751883266409,13.869037628173828,29506200
2011-06-22,13.795848953267672,13.971498848448567,13.781211113017276,13.810486793518066,26860800
2011-06-23,13.579942314757618,13.817800877877904,13.444545816000474,13.799504280090332,35531600
2011-06-24,13.858059413651237,13.890993860363105,13.664112891871042,13.711685180664062,25527000
2011-06-27,13.642157723146074,13.7921921321592,13.539695608485877,13.740961074829102,20235200
2011-06-28,13.82146340989411,14.008090972900392,13.766572211158701,14.00809097290039,20732600
2011-06-29,14.103231372380193,14.289858880352318,14.052000346503169,14.231308937072754,28885600
2011-06-30,14.256930871262378,14.461856463008708,14.20935998063131,14.406965255737305,24759200
2011-07-01,14.41062345248986,14.560657816542177,14.311820130415233,14.538701057434082,26882800
2011-07-05,14.527724920560686,14.604571491698193,14.47649387313568,14.556999206542969,21081000
2011-07-06,14.50576901935744,14.670441250090091,14.454537968894266,14.61555004119873,29273800
2011-07-07,14.783877722868883,14.9009776283381,14.728986531456007,14.835108757019043,23141200
2011-07-08,14.608232772355354,14.732651650097289,14.56432063784102,14.721673965454102,22743200
2011-07-11,14.505767268227451,14.571636152568848,14.344755215360292,14.425260543823242,23123800
2011-07-12,14.322798538339923,14.513086272436398,14.322798538339923,14.366710662841797,17070200
2011-07-13,14.461857493591195,14.644826336279431,14.432581808709163,14.491131782531738,20591000
2011-07-14,14.524069189410065,14.60823470668285,14.315484777920606,14.352079391479492,21614800
2011-07-15,14.42159741517327,14.49844395832337,14.352069789838536,14.480147361755371,26862800
2011-07-18,14.44355774740763,14.491128631083255,14.242290947467742,14.308159828186035,32278400
2011-07-19,14.425262630569607,14.535045050980475,14.425262630569607,14.524065971374512,19083200
2011-07-20,14.560658601631694,14.56431736370972,14.447217434035087,14.513086318969727,13646800
2011-07-21,14.586274821210809,14.71069367692986,14.516745774933455,14.688736915588379,19496200
2011-07-22,14.68141514634565,14.685075303829679,14.571634152822927,14.619206428527832,14452800
2011-07-25,14.472831042598212,14.681415351995447,14.447215523615471,14.582612037658691,11050400
2011-07-26,14.578955072600255,14.582613834645327,14.39964502168395,14.425260543823242,14344200
2011-07-27,14.377690817603943,14.436240786638075,14.073961893529694,14.095918655395508,31927800
2011-07-28,14.139831529043354,14.286207157320492,14.048347110355506,14.066643714904785,20092200
2011-07-29,13.858056412450136,14.052004288169027,13.770232170865976,13.909287452697754,26653000
2011-08-01,14.165444718178962,14.176423795850821,13.729979459588538,13.861717224121094,29084800
2011-08-02,13.75194250532159,13.898316780425658,13.433575630187988,13.433575630187988,41598200
2011-08-03,13.451867949518205,13.543352365756864,13.155459334307452,13.503100395202637,38959600
2011-08-04,13.283534576053993,13.29817241505259,12.58825397491455,12.58825397491455,78015800
2011-08-05,12.793173059639148,12.910272933269757,12.207673691486104,12.55897331237793,66010000
2011-08-08,12.19670230957421,12.365033290305277,11.570948577185023,11.64047622680664,75544800
2011-08-09,11.827102041216923,12.365030710837347,11.567286703948419,12.357711791992188,62942000
2011-08-10,12.083260960965292,12.401626314811102,11.896631984063701,11.933226585388184,65754600
2011-08-11,12.072282499541796,12.69071656463569,12.006413617349404,12.522385597229004,55098600
2011-08-12,12.599227439396643,12.73462391496534,12.500424153136017,12.602886199951172,29769400
2011-08-15,12.679738417059111,12.807816018871359,12.602890460030597,12.804157257080078,55693600
2011-08-16,12.694379686440847,12.77122767268619,12.49311420881342,12.599236488342285,32716000
2011-08-17,12.67241879909291,12.844408512627092,12.57727424646958,12.635824203491211,27525200
2011-08-18,12.30648242008539,12.313801339920206,11.794169199178107,11.900291442871094,53075400
2011-08-19,11.739278576469587,12.112533690452437,11.702683979845006,11.710002899169922,38924800
2011-08-22,12.035687131452505,12.043006050777421,11.669749540853445,11.710002899169922,24809400
2011-08-23,11.80148959576761,12.127173891493984,11.717324101047195,12.123515129089355,31366800
2011-08-24,12.079602236045936,12.299165682219002,12.010074579192274,12.29550552368164,19027400
2011-08-25,12.306481296713494,12.401624453998698,12.097896986255732,12.16010570526123,22707400
2011-08-26,12.072279937689311,12.445534996316313,11.845397660088215,12.416260719299316,29035600
2011-08-29,12.555320884469078,12.800498432309794,12.522386441153321,12.793179512023926,25578800
2011-08-30,12.738287589837242,12.979806335424966,12.701692994480874,12.899299621582031,26398200
2011-08-31,13.00542544007315,13.144480752944592,12.818796442150825,12.93223762512207,24743600
2011-09-01,12.921257322431716,13.067631526723625,12.745607439716718,12.756585121154785,25240800
2011-09-02,12.4784752853935,12.584597555747727,12.379673332654404,12.430904388427734,26353200
2011-09-06,12.079598978903704,12.386986603908841,12.06130237897481,12.365031242370605,27213200
2011-09-07,12.57361463820988,12.719988822937012,12.504085609219075,12.719988822937012,25526200
2011-09-08,12.63216726371306,12.752925956761771,12.500429492429891,12.551660537719727,23190600
2011-09-09,12.401630620772748,12.401630620772748,12.064968547343144,12.138154983520508,37833400
2011-09-12,11.999093931718024,12.193040408049704,11.805146059445217,12.05764389038086,27529200
2011-09-13,12.090579671213941,12.302822771444,11.988116185226515,12.25525188446045,27030600
2011-09-14,12.29550414426719,12.595572897358785,12.090579959292237,12.445538520812988,36008000
2011-09-15,12.610212172505014,12.672422304264582,12.452858857746751,12.657784461975098,25961800
2011-09-16,12.699353218078613,12.802360267666359,12.574272627851009,12.699353218078613,24808800
2011-09-19,12.434478706916625,12.56691716919284,12.291004173906083,12.511734008789062,22188000
2011-09-20,12.530131116879993,12.647853899376805,12.357225166115061,12.364583015441895,28351400
2011-09-21,12.331470243833634,12.34618593872669,11.787002163083724,11.80539608001709,54034400
2011-09-22,11.378653103538436,11.389689175306327,10.973980532215847,11.143207550048828,61758800
2011-09-23,11.076983716385497,11.290356336118625,11.018122352437242,11.124808311462402,47446400
2011-09-26,11.227820421476903,11.481659889221191,10.966622403270057,11.481659889221191,37981200
2011-09-27,11.860579531903921,11.98198050940424,11.639848313065071,11.720783233642578,40351200
2011-09-28,11.7759644783531,11.7759644783531,11.183671803223433,11.202066421508789,44932200
2011-09-29,11.452224813719733,11.466940505647894,10.999727812170958,11.21310043334961,40137800
2011-09-30,11.032839655769783,11.106416726972952,10.786357379427004,10.80107307434082,36225000
2011-10-03,10.67966851200547,10.981333159388578,10.495726585388184,10.495726585388184,38647200
2011-10-04,10.341217474641107,10.915116207738018,10.21613688257496,10.90407943725586,50182600
2011-10-05,10.92615100849805,11.374969068617718,10.845216109585328,11.338180541992188,42067600
2011-10-06,11.371292447484349,11.64352647692452,11.297715379340334,11.62513256072998,41753400
2011-10-07,11.717105372042992,11.72446322034124,11.30139606507135,11.4485502243042,35341400
2011-10-10,11.650886174999625,11.9304780960083,11.647207250839678,11.9304780960083,21385200
2011-10-11,11.787001184805444,12.04084058549633,11.764927644297883,11.945191383361816,20205200
2011-10-12,12.029803335153149,12.217423499255895,11.981978037101213,12.062912940979004,24895600
2011-10-13,11.948867464052498,12.044518052413757,11.772283381730405,12.000370979309082,18488600
2011-10-14,12.210065769172429,12.316752433776855,12.088664815567746,12.316752433776855,18898000
2011-10-17,12.25421537233961,12.26157322003931,11.890009629717294,11.897367477416992,19232000
2011-10-18,11.864258512859106,12.268930334897036,11.683995444462589,12.20271110534668,34612800
2011-10-19,12.180636799350058,12.180636799350058,11.798037186257039,11.849540710449219,22415800
2011-10-20,11.838503716518858,12.015087815673702,11.713423137530132,11.959904670715332,30128400
2011-10-21,12.129130571182705,12.276283264160156,12.096020969673821,12.276283264160156,25566600
2011-10-24,12.401368495428084,12.574274413242993,12.346186741042006,12.570594787597656,19921000
2011-10-25,12.515412873408101,12.548522486963387,12.228463824839617,12.25053596496582,26084200
2011-10-26,12.445516885121911,12.559560031471477,12.158566399500542,12.471268653869629,25712000
2011-10-27,12.912723609477464,13.273251046359652,12.824432264279661,13.148170471191406,41625600
2011-10-28,13.019412567288702,13.295325525578344,12.989982581488063,13.240143775939941,19874200
2011-10-31,12.993660741330403,13.001018588586856,12.658886409674107,12.673602104187012,28058800
2011-11-01,12.176955770892166,12.588986723675141,12.06659088843322,12.335145950317383,46077800
2011-11-02,12.574272268932079,12.721426395599188,12.434475988934903,12.640491485595703,26117200
2011-11-03,12.831794833647102,12.912728362642383,12.548523973748251,12.898014068603516,30003600
2011-11-04,12.783967675347666,12.9164061261632,12.614741389690458,12.86858081817627,20282000
2011-11-07,12.875936779608237,12.989981296296433,12.721426211868492,12.978943824768066,18733400
2011-11-08,13.004694127441262,13.144490389739756,12.872257114246752,13.133454322814941,30361400
2011-11-09,12.787646439888816,12.85754529376516,12.46390955012576,12.493339538574219,45993000
2011-11-10,12.688319758815672,12.747181142594439,12.434478901034792,12.644172668457031,25496600
2011-11-11,12.802358963823705,12.98262268560929,12.79132289631063,12.938475608825684,21089800
2011-11-14,12.81707527396426,12.94583407904278,12.717746451461235,12.802359580993652,19156800
2011-11-15,12.747181932648678,12.916408246080305,12.66256737256669,12.828115463256836,18233400
2011-11-16,12.662566846807458,12.78396924272824,12.515414086033134,12.526450157165527,23883200
2011-11-17,12.511728292479908,12.548517517062999,12.084983110874026,12.169597625732422,40011000
2011-11-18,12.283646081438478,12.375617078039085,12.151207621795038,12.235820770263672,27961600
2011-11-21,11.981978226133611,12.103380583865588,11.893686878115512,12.022445678710938,31661400
2011-11-22,12.029806943277771,12.114420093907453,11.886332409455004,11.9304780960083,30041200
2011-11-23,11.79803668614725,11.831146293633843,11.603058666151604,11.614094734191895,28925200
2011-11-25,11.566268816499276,11.728137210550152,11.555232048034668,11.555232048034668,8887000
2011-11-28,11.996695768506292,12.07395106077647,11.882651239417541,11.989337921142578,24770400
2011-11-29,12.037162475677821,12.121775610028148,11.94886971619246,12.0114107131958,23199400
2011-11-30,12.474943800020341,12.710389286715644,12.456549884503358,12.699353218078613,40087200
2011-12-01,12.633135342541115,12.80236162867292,12.548522199475212,12.618419647216797,24472000
2011-12-02,12.758214967463358,12.787644952488657,12.497017710638294,12.50805377960205,20996000
2011-12-05,12.706710201592282,12.791323329913947,12.559556080723308,12.655206680297852,21637000
2011-12-06,12.633135749262472,12.879617338733448,12.588990065234205,12.772932052612305,21469600
2011-12-07,12.673603061351486,12.828113655308673,12.614741682220275,12.783967971801758,23834400
2011-12-08,12.666244582260848,12.688318124597162,12.353543784342243,12.386651992797852,27528800
2011-12-09,12.283642638677186,12.611059070271116,12.250533033046022,12.544839859008789,27346800
2011-12-12,12.324115818743557,12.342509740784841,12.154889490577677,12.24686050415039,34151000
2011-12-13,12.349863666148217,12.471266039104837,11.967264034447528,12.040841102600098,33684800
2011-12-14,11.978299416990524,12.077628231161604,11.85321884396386,11.893686294555664,38940800
2011-12-15,12.073947718609464,12.099699475571226,11.890005795530874,11.974618911743164,22521400
2011-12-16,12.117243002248351,12.213559393382212,11.97276982868162,12.050562858581543,32362400
2011-12-19,12.087608208929545,12.1394702290388,11.802365685194584,11.835705757141113,25961400
2011-12-20,12.09131211938952,12.324692624676722,12.043153923316336,12.302465438842773,32500800
2011-12-21,12.276536642215405,12.358034925167626,12.169107344348262,12.320989608764648,19222600
2011-12-22,12.361738072528969,12.476576427380884,12.317285108416785,12.443236351013184,15224600
2011-12-23,12.461762573524014,12.561782836914062,12.435831551141565,12.561782836914062,10832600
2011-12-27,12.506212459773694,12.60623269842622,12.506212459773694,12.558075904846191,5847000
2011-12-28,12.55436721403381,12.56548009978325,12.254307993726982,12.258011817932129,12608600
2011-12-29,12.254308912212224,12.42471310110108,12.239490788012992,12.417304039001465,8553600
2011-12-30,12.387667756998752,12.472869851212051,12.387667756998752,12.409894943237305,7210200
2012-01-03,12.684027710007353,12.813682795480206,12.680322471488445,12.754411697387695,22427600
2012-01-04,12.739591875981219,12.872952182244079,12.68772984868661,12.861839294433594,17544800
2012-01-05,12.750700666721668,12.947037238136785,12.713656777166864,12.898879051208496,15567400
2012-01-06,12.854428639223,12.924812608527965,12.798861380785233,12.880359649658203,14437400
2012-01-09,12.898878133287866,12.954445376799557,12.847016126348265,12.90628719329834,18409200
2012-01-10,13.10633413857049,13.2026491406792,13.091516011127794,13.147083282470703,19925200
2012-01-11,13.106331118859632,13.295257254254825,13.08410393281675,13.276735305786133,14130600
2012-01-12,13.347119587312894,13.465661756045263,13.2433955429556,13.461957931518555,22305200
2012-01-13,13.336007742673402,13.3915750068549,13.217465564678156,13.373051643371582,16838800
2012-01-17,13.53604707266258,13.573090970281159,13.39527771807058,13.447139739990234,23761200
2012-01-18,13.44714155719409,13.599023818969725,13.384166640105454,13.599023818969727,15646400
2012-01-19,13.61754463517881,13.621249873012996,13.50641152343439,13.610136985778809,16385200
2012-01-20,13.561979014435634,13.62495392733626,13.506411751059849,13.55086612701416,11145200
2012-01-23,13.573091868679562,13.643477257201402,13.506411718045293,13.54345703125,13986600
2012-01-24,13.417505792622407,13.55456991864431,13.373051416776757,13.54345703125,13192800
2012-01-25,13.461954961544112,13.799059444467497,13.39527482970135,13.758310317993164,16779600
2012-01-26,13.8472164223986,13.97687143791967,13.676810870827602,13.754605293273926,17239600
2012-01-27,13.724973173267255,13.817584330189616,13.650883965102542,13.773131370544434,12301000
2012-01-30,13.565678983017829,13.810172328730022,13.536044153939828,13.758310317993164,18451400
2012-01-31,13.869446351964681,13.902786424982096,13.639771078474775,13.773131370544434,22727600
2012-02-01,13.884266243806838,13.999104601738724,13.876857180733722,13.910197257995605,30380400
2012-02-02,13.94724085321481,13.991693813036736,13.836106333958824,13.843515396118164,15186400
2012-02-03,14.025035890700185,14.065785031833526,13.93612854521523,14.032444953918457,19755800
2012-02-06,13.928717007792716,13.973171379205773,13.8916731114159,13.9546480178833,11370400
2012-02-07,13.94724079583247,14.006511879729219,13.81758432827863,13.939831733703613,23581200
2012-02-08,13.965762317303598,14.032442461289119,13.862036863807194,13.9546480178833,12089800
2012-02-09,14.002806281566015,14.021328229844217,13.862036931010346,13.969466209411621,15299400
2012-02-10,13.776828044049944,13.784237102334084,13.647173056910923,13.724966049194336,22533200
2012-02-13,13.82128832865194,13.858332222846013,13.73608624149839,13.762017250061035,12850200
2012-02-14,13.717564011190765,13.721269248795764,13.484184914903379,13.584203720092773,22075000
2012-02-15,13.661996068542777,13.69163089916406,13.558270628533585,13.595315933227539,22110000
2012-02-16,13.606430088665146,13.850923469941018,13.54345518450552,13.836105346679688,20444000
2012-02-17,13.869446407108798,13.89537741809943,13.7916533741369,13.843515396118164,14894800
2012-02-21,13.932424512631831,14.025035681779201,13.862039119673883,13.925015449523926,16203600
2012-02-22,13.92130961654794,13.969466400101817,13.832402285211238,13.902786254882812,11424000
2012-02-23,13.906490606952643,13.94353450165589,13.810174219709799,13.917603492736816,9831600
2012-02-24,13.958355461403723,13.995399363635022,13.880562418837425,13.910197257995605,8853200
2012-02-27,13.832401159029704,13.965761438610025,13.765721019239542,13.913899421691895,15543000
2012-02-28,13.917608663779934,14.006516022488572,13.895381470819142,13.958357810974121,17826000
2012-02-29,13.969470371619593,14.006515692347735,13.669411045961356,13.695342063903809,36796000
2012-03-01,13.776839782107,13.899087228251762,13.758317827182378,13.847225189208984,23216800
2012-03-02,13.80276757322162,13.921311165908463,13.73238359571672,13.813881874084473,17912000
2012-03-05,13.758313180142608,13.76201841775679,13.51381978356832,13.591612815856934,22498200
2012-03-06,13.384165216822492,13.384165216822492,13.261917807519543,13.313779830932617,29573200
2012-03-07,13.384165597908416,13.398982309923916,13.26562342297925,13.34712028503418,28667000
2012-03-08,13.506407315860978,13.595314625440242,13.424910479641545,13.56938362121582,16481200
2012-03-09,13.606430625369772,13.702747017233587,13.528637594880276,13.573090553283691,14640400
2012-03-12,13.569388802797516,13.643478020216183,13.476777634307755,13.499003410339355,11160000
2012-03-13,13.580500250689582,13.736087732083169,13.554569239313006,13.721269607543945,20667200
2012-03-14,13.721272740159847,13.739794693495439,13.613843432425174,13.669410705566406,16214400
2012-03-15,13.687930435434367,13.769427299499512,13.647181296834683,13.769427299499512,14111000
2012-03-16,13.795825958251951,13.873916620430752,13.780952829826589,13.795825958251953,23286000
2012-03-19,13.795832080412545,13.959449332333632,13.788396222157496,13.881360054016113,15412000
2012-03-20,13.754931115623187,13.821863778917095,13.673122478185734,13.803271293640137,14358000
2012-03-21,13.821863778917095,13.85905016798671,13.740056559995342,13.803271293640137,12128000
2012-03-22,13.64708177135962,13.68054878542688,13.505776443240677,13.580147743225098,24702600
2012-03-23,13.628496967162855,13.754927822700667,13.505784040384086,13.725178718566895,18311400
2012-03-26,13.851606042158169,13.903665542602539,13.784671993439696,13.903665542602539,11457000
2012-03-27,13.944568596198614,14.000347437989358,13.873916625976562,13.873916625976562,9252000
2012-03-28,13.847887598163709,13.87019800122824,13.572714139409918,13.68055248260498,23142600
2012-03-29,13.557842778578719,13.71030338225498,13.50950261489949,13.699148178100586,21611800
2012-03-30,13.814422075343334,13.821857931495773,13.66196149094654,13.747488021850586,14499200
2012-04-02,13.72889339477322,13.992911666607338,13.717738192623546,13.940852165222168,36440400
2012-04-03,13.903662128289831,13.922254599809223,13.728889775275318,13.8367280960083,18684600
2012-04-04,13.676837662544049,13.721461320470478,13.565281354758804,13.643370628356934,15975800
2012-04-05,13.632213063747676,13.78839300242862,13.528094050303825,13.565279006958008,23070400
2012-04-09,13.390503073456978,13.449999839588271,13.319851106961943,13.368192672729492,20801000
2012-04-10,13.331013351472144,13.364480388762251,13.0521218468931,13.093026161193848,34071400
2012-04-11,13.29010616660484,13.319853846531462,13.193423015184372,13.23432731628418,22649600
2012-04-12,13.267794919086604,13.62849495152707,13.260357644153125,13.595027923583984,26485000
2012-04-13,13.542962253412226,13.580148615049023,13.423968733203784,13.435125350952148,21583600
2012-04-16,13.535530944510542,13.565278625293894,13.386788285048397,13.476034164428711,26686600
2012-04-17,13.572715694233887,13.747488103673515,13.539248667288323,13.658242225646973,16225800
2012-04-18,13.635926822683672,13.691705659125171,13.57271213199706,13.621053695678711,14543200
2012-04-19,13.665680526054068,13.699147555511544,13.483470828226654,13.57271671295166,17504600
2012-04-20,13.654524888849288,13.67683529543573,13.565279006958008,13.565279006958008,14919000
2012-04-23,13.401663797315447,13.405381725737243,13.223173444249303,13.397944450378418,20618800
2012-04-24,13.397944450378418,13.446286030953175,13.31241791152476,13.397944450378418,16401200
2012-04-25,13.542965043970613,13.691707684137247,13.535529188625732,13.68055248260498,19560000
2012-04-26,13.587585931351024,13.714016724296004,13.550399569593878,13.665675163269043,11820800
2012-04-27,13.732612609863281,13.777234836550344,13.658241286374835,13.732612609863281,11870200
2012-04-30,13.699147143651627,13.71030234696367,13.568998376627217,13.635931015014648,18136600
2012-05-01,13.635928605337366,13.795826444291059,13.59130638145945,13.717737197875977,16598400
2012-05-02,13.63592616015906,13.661957322811132,13.539244456007943,13.650800704956055,13233000
2012-05-03,13.635928077777399,13.661959244090227,13.453719843191656,13.494624137878418,19123800
2012-05-04,13.397941445018253,13.431408467368199,13.238043606959055,13.267792701721191,24304400
2012-05-07,13.20458125388289,13.338449390619806,13.178551496019091,13.278952598571777,22107800
2012-05-08,13.178548109764485,13.226889684168109,12.992620505074447,13.215734481811523,24091400
2012-05-09,13.000057575367046,13.256638573660295,12.974027824600343,13.09674072265625,28805200
2012-05-10,13.230611979866197,13.256641736843891,13.022372505529273,13.055839538574219,15880200
2012-05-11,12.95543345311468,13.14136102768951,12.947996179909907,13.018648147583008,12205000
2012-05-14,12.866186299517862,12.955432150486914,12.784379139520468,12.840156555175781,25746400
2012-05-15,12.840160155381401,12.899656933204627,12.624484867715362,12.646795272827148,23015200
2012-05-16,12.69513627887463,12.817849175547606,12.5017714049904,12.509208679199219,24199000
2012-05-17,12.564988320669348,12.56870624875124,12.234037399291992,12.234037399291992,27461600
2012-05-18,12.300968388200506,12.397650097908354,12.141070568729459,12.18569278717041,29058200
2012-05-21,12.196851443094975,12.564988750459019,12.196851443094975,12.54267692565918,17148400
2012-05-22,12.576141570086262,12.680260562388552,12.386496060033538,12.464585304260254,17223400
2012-05-23,12.353025799170508,12.635635026390375,12.222875674406293,12.613323211669922,21292600
2012-05-24,12.698854967915645,12.721165370872251,12.524082579342563,12.691417694091797,23003200
2012-05-25,12.680265226859447,12.736044089548303,12.594738677647833,12.639362335205078,13711600
2012-05-29,12.788100758537766,12.903376387130068,12.732323326778978,12.85875415802002,19128400
2012-05-30,12.717446390993011,12.769505884937676,12.613325984588863,12.62820053100586,14651400
2012-05-31,12.609608378455233,12.661667873726044,12.408806252255083,12.576141357421875,19872000
2012-06-01,12.356750318946848,12.460869339501867,12.30097288015606,12.308408737182617,24646200
2012-06-04,12.338154432776523,12.349309633751668,12.118759829671122,12.319561958312988,26895600
2012-06-05,12.282379575274348,12.45343408396761,12.267506441987601,12.438559532165527,15261000
2012-06-06,12.542678912789036,12.7509183883667,12.542678912789036,12.7509183883667,16657000
2012-06-07,12.903374030988532,12.992618472912694,12.728601655991044,12.773223876953125,18561600
2012-06-08,12.706292156406771,12.86619001410912,12.613328351627038,12.85875415802002,12725200
2012-06-11,12.966587235710724,13.014928796997966,12.60588874506961,12.62076187133789,19767200
2012-06-12,12.683980826627957,12.855033874511719,12.609609504521762,12.855033874511719,20855600
2012-06-13,12.780661870496399,12.847595914969226,12.620764032979633,12.657950401306152,17328800
2012-06-14,12.683980454559324,12.780662177500853,12.617046408478673,12.762069702148438,16883200
2012-06-15,12.823758032412709,12.920965162357113,12.778893971162947,12.909748077392578,21953400
2012-06-18,12.864884191449912,13.01069346215064,12.808803044471412,12.977045059204102,13385800
2012-06-19,13.059300017903753,13.283621804773901,13.048084356421189,13.22380256652832,16423400
2012-06-20,13.193893321585902,13.287360968081348,13.059299682439963,13.149027824401855,16677200
2012-06-21,13.145289336848968,13.152766919480193,12.704121945028076,12.719077110290527,19803000
2012-06-22,12.7901131243173,12.834978624027576,12.648043320510972,12.786375045776367,17983000
2012-06-25,12.63681933154342,12.704116118155028,12.554568812731098,12.625603675842285,13185200
2012-06-26,12.666733741760254,12.737768627827236,12.554572869895543,12.666733741760254,10923800
2012-06-27,12.73402837375421,12.827495988700784,12.681685311373927,12.805063247680664,18311800
2012-06-28,12.677949445087103,12.823758721637573,12.610652636494137,12.80880355834961,17354000
2012-06-29,13.130331843599215,13.193890571594238,13.014432898871569,13.193890571594238,25274000
2012-07-02,13.163981982386234,13.193892311552537,12.980786207953102,13.126595497131348,34248000
2012-07-03,13.178941067748852,13.350921233010796,13.160247819560103,13.3135347366333,11767400
2012-07-05,13.253708157966525,13.37334659166361,13.197627018207367,13.29483413696289,11539800
2012-07-06,13.134075341530407,13.163984249644988,13.059300931939099,13.141552925109863,14664400
2012-07-09,13.126597246055953,13.149028569716329,13.00695876585667,13.059300422668457,28865400
2012-07-10,13.126598887893492,13.175202472242143,12.793854234082788,12.864889144897461,23114200
2012-07-11,12.909752011184757,12.909752011184757,12.741511373682052,12.823761940002441,22074200
2012-07-12,12.674213298805613,12.838715841433348,12.5919613143902,12.76020336151123,24692000
2012-07-13,12.79758741727642,13.02191057954361,12.79758741727642,12.988262176513672,17216800
2012-07-16,12.962087571434918,12.98825981454562,12.834972989996809,12.939656257629395,9459200
2012-07-17,13.014437873327426,13.130336862354675,12.906015042260417,13.104166030883789,22981200
2012-07-18,13.033127992860917,13.20510810874051,13.021912332408816,13.1826753616333,18015400
2012-07-19,13.23875133921247,13.354651681305075,13.156499391520788,13.32474136352539,19209400
2012-07-20,13.20884284554623,13.279877713109203,13.175194450131665,13.2424898147583,22186600
2012-07-23,12.999478426494878,13.063035731661804,12.898533212815456,13.033126831054688,21264800
2012-07-24,13.036863413468753,13.059296156003203,12.748982968855534,12.8312349319458,17418200
2012-07-25,12.928442056725702,12.932180134046751,12.756460549700352,12.8312349319458,19121200
2012-07-26,12.98078561800895,13.021911605642046,12.797588425698677,12.891056060791016,18970600
2012-07-27,12.962091539122666,13.163981982386234,12.928444558115064,13.126595497131348,18521000
2012-07-30,13.11163887598991,13.201368427317865,13.055557728134584,13.115378379821777,19071200
2012-07-31,13.063034596125133,13.11537766349258,13.018170536012937,13.02564811706543,10924000
2012-08-01,13.092948122799623,13.197631430733974,13.025651303069509,13.029389381408691,16126400
2012-08-02,12.909746076410777,13.010691268228552,12.775152487320408,12.876097679138184,22312000
2012-08-03,13.059293315136717,13.182669806730573,13.04807765941066,13.130328178405762,20226200
2012-08-06,13.17519557804949,13.321004828594385,13.156500914172357,13.249968528747559,17345800
2012-08-07,13.30231453266328,13.444384311369756,13.30231453266328,13.403258323669434,19681600
2012-08-08,13.35465653522047,13.474294997418392,13.335961866712132,13.418213844299316,9726200
2012-08-09,13.418214189080013,13.560285401416674,13.395782868218385,13.492988586425781,10711200
2012-08-10,13.406998028235696,13.496726160739131,13.380827204071949,13.481772422790527,8358400
2012-08-13,13.44812366791319,13.500465314883748,13.335961365887236,13.406997680664062,7057600
2012-08-14,13.448125597098706,13.485512085668649,13.302316294991556,13.347180366516113,13274600
2012-08-15,13.294834969324953,13.399518248813248,13.287357388475401,13.369607925415039,8503400
2012-08-16,13.406999811718814,13.593935109871717,13.392044645577826,13.567764282226562,14496800
2012-08-17,13.586453020327754,13.612623839292343,13.519156221218047,13.549066543579102,16835600
2012-08-20,13.530375302819355,13.541592389644531,13.43316958295367,13.522897720336914,8280600
2012-08-21,13.597672328137897,13.694879475701994,13.489250945982166,13.541592597961426,10673800
2012-08-22,13.478027067924767,13.653746604919434,13.414469787174893,13.653746604919434,17880800
2012-08-23,13.62384351059555,13.62384351059555,13.414476897200434,13.425692558288574,10351000
2012-08-24,13.380825726650817,13.4331673691991,13.328484084102536,13.399518966674805,8279600
2012-08-27,13.418213441367394,13.43690668311143,13.302314486832627,13.32100772857666,8729600
2012-08-28,13.294840006957253,13.347181666534512,13.2574520885426,13.29110050201416,7643000
2012-08-29,13.309790642567899,13.362133716135292,13.2312781715212,13.32100772857666,8450600
2012-08-30,13.27614608895189,13.287363178215232,13.19389551617298,13.201373100280762,16120200
2012-08-31,13.317270308476154,13.373351468687114,13.208848918913125,13.328487396240234,14618800
2012-09-04,13.343437978554986,13.343437978554986,13.119116243202745,13.156502723693848,13390000
2012-09-05,13.149027036996042,13.238756599787742,13.111640551117926,13.216323852539062,14138400
2012-09-06,13.309788243298664,13.567759781953429,13.298572585514602,13.549066543579102,17197400
2012-09-07,13.642534086140119,13.82572981787823,13.631317002215477,13.81451416015625,22890200
2012-09-10,13.769652421014381,13.922939282563581,13.769652421014381,13.792083740234375,15600400
2012-09-11,13.833208263404947,13.926675886806331,13.788344203509052,13.840685844421387,13273600
2012-09-12,13.889292553353991,13.907985797027068,13.73974375156323,13.821995735168457,14826200
2012-09-13,13.818255485119398,14.233252032803842,13.7846070778422,14.162217140197754,26310400
2012-09-14,14.274374339095917,14.420183590938853,14.259419178342123,14.337931632995605,18989800
2012-09-17,14.24446854001639,14.248208044493394,14.076227919831243,14.117352485656738,12097400
2012-09-18,14.083698899959087,14.109871143069356,13.990231289230813,14.079960823059082,17400200
2012-09-19,14.143521186636608,14.214556065627399,14.102395204935673,14.158474922180176,13202800
2012-09-20,14.023884100465418,14.15100014811653,13.952849207385064,14.136046409606934,10375600
2012-09-21,14.247666092069228,14.281490732730498,14.037201501991017,14.074785232543945,19133000
2012-09-24,13.95076067971038,14.082301582435505,13.928211875685783,14.033443450927734,9998800
2012-09-25,14.093580235466694,14.093580235466694,13.800434225344386,13.807950973510742,14794800
2012-09-26,13.751576491627656,13.815466702448624,13.646344881488101,13.740302085876465,11496800
2012-09-27,13.860566164039659,13.935732208706002,13.755333128037558,13.909422874450684,9074000
2012-09-28,13.826745805498827,13.856811372489648,13.755337395757808,13.830503463745117,9339400
2012-10-01,13.920697483141069,14.02968816659426,13.83425704119738,13.87559700012207,11266800
2012-10-02,13.901904218709024,13.920695366940546,13.7139898690484,13.800430297851562,10951000
2012-10-03,13.781638887020655,13.807948217187631,13.672649644547562,13.736539840698242,16077000
2012-10-04,13.838011469744082,13.962035618603954,13.807945921751521,13.913177490234375,11995400
2012-10-05,13.984584033636366,14.101091433851272,13.93572734029331,13.980826377868652,12349000
2012-10-08,13.88686714769076,13.999615441694774,13.868076004302148,13.954516410827637,7318800
2012-10-09,13.962038549621804,14.029687838897264,13.81170647708236,13.822980880737305,17186800
2012-10-10,13.80043602001566,13.81546808463009,13.638829497605746,13.672654151916504,17248600
2012-10-11,13.79667130711966,13.868079678054245,13.729022026062012,13.729022026062012,13240800
2012-10-12,13.736540241357153,13.81546393314158,13.627549562032254,13.668890953063965,12197000
2012-10-15,13.676404964726187,13.796670023489824,13.627546836580775,13.785395622253418,11264800
2012-10-16,13.84177409525529,14.12740332567704,13.834257347918802,14.116128921508789,24575800
2012-10-17,14.16498145724189,14.243906564195886,14.101091274206198,14.232630729675293,24277600
2012-10-18,14.1687436874243,14.300283172051746,14.13867670026782,14.236392974853516,13783600
2012-10-19,14.168742239384368,14.168742239384368,13.894387461148321,13.939486503601074,18354000
2012-10-22,13.90566781008622,14.025932930506613,13.830501751405142,14.003382682800293,17946200
2012-10-23,13.668891307610876,13.706475043011322,13.488493678707473,13.582450866699219,30907600
2012-10-24,13.691434700977066,13.710225842442302,13.54861944523132,13.57492733001709,20232600
2012-10-25,13.672647413337085,13.680164158776316,13.454666096617142,13.544865608215332,15850000
2012-10-26,13.518556932879422,13.604997349914171,13.447148572179726,13.571172714233398,17973800
2012-10-31,13.559899759083432,13.657614587204247,13.417084456132086,13.541107177734375,28240600
2012-11-01,13.571175323111529,13.815463131169292,13.544867427377199,13.80418872833252,12119800
2012-11-02,13.901905022202069,13.905662678596471,13.54486745047652,13.55614185333252,13352200
2012-11-05,13.518560268492083,13.680166741767458,13.503526774775102,13.650099754333496,10595800
2012-11-06,13.713995444075389,13.87560053150049,13.661378200495323,13.792919158935547,11293600
2012-11-07,13.631302188084993,13.676401214335998,13.439628817591878,13.57492733001709,19381200
2012-11-08,13.601240751856151,13.620033334644027,13.356952946014339,13.390777587890625,13864800
2012-11-09,13.33064203295565,13.544864238455903,13.3193661991008,13.364466667175293,17836000
2012-11-12,13.42835684643881,13.450907080476057,13.34567408864136,13.364466667175293,9278600
2012-11-13,13.28930410623762,13.465944067900917,13.247962716599584,13.341919898986816,11490600
2012-11-14,13.341916397251406,13.37574103138007,13.090111902705495,13.116419792175293,20691000
2012-11-15,13.116426747667804,13.176559303153876,12.973611390760926,13.07132625579834,16355600
2012-11-16,13.116421468839548,13.150246107291993,12.943539186931142,13.101387977600098,17520000
2012-11-19,13.341919763239767,13.488492736884892,13.293061627467122,13.473459243774414,35596600
2012-11-20,13.428357755794112,13.559898646077189,13.390775463526118,13.484732627868652,13507000
2012-11-21,13.469705668635207,13.522321476791582,13.435881015724215,13.507287979125977,9457800
2012-11-23,13.58245281315812,13.687684420013957,13.548628163286871,13.680169105529785,6250600
2012-11-26,13.64634153665163,13.69144058227539,13.559901101842414,13.69144058227539,11571400
2012-11-27,13.683921477686416,13.751570751301013,13.627546605116732,13.631305694580078,10179200
2012-11-28,13.507281703617013,13.695196036111993,13.42835802805054,13.687679290771484,17816200
2012-11-29,13.744057749959824,13.82674053660566,13.713992194425947,13.78164005279541,12355400
2012-11-30,13.76285216260408,13.834260562054666,13.751577755816427,13.792919158935547,11346800
2012-12-03,13.834253738042724,13.879352776620662,13.518557600651993,13.537348747253418,37776200
2012-12-04,13.55990105786831,13.676407044824606,13.514800578717995,13.563658714294434,15629000
2012-12-05,13.390777522979329,13.507283507131836,13.31936914954622,13.40205192565918,25849200
2012-12-06,13.428362959235605,13.447154112651104,13.326889010384178,13.435879707336426,9275000
2012-12-07,13.511041743024084,13.552383128467119,13.46218361171207,13.548624038696289,12330000
2012-12-10,13.54862843837836,13.665135886672262,13.529837284440157,13.635068893432617,13683200
2012-12-11,13.680166504978162,13.777881345101461,13.668890668049164,13.744056701660156,11097600
2012-12-12,13.811706670010802,13.834256911308579,13.672650432856797,13.710232734680176,23637800
2012-12-13,13.695202965674802,13.789160179463204,13.60500484329499,13.672654151916504,12723600
2012-12-14,13.668888282327352,13.834253814143759,13.661371536910915,13.774121284484863,12194600
2012-12-17,13.822977978911505,13.916935146106221,13.792912430918944,13.913177490234375,13023400
2012-12-18,13.935726948087282,14.093574291994818,13.901902312439594,14.078540802001953,16687000
2012-12-19,14.101095376761652,14.116128871381244,14.014654933208437,14.018412590026855,14353800
2012-12-20,14.007132666322946,14.161222341271616,13.96579128924631,14.153705596923828,10974600
2012-12-21,13.930014397139777,14.077883119635304,13.914848003461541,14.028593063354492,19480800
2012-12-24,14.074091247256616,14.142338574640075,13.967929380814326,14.100631713867188,19279000
2012-12-26,14.16129046845215,14.248496478608013,14.146125526393499,14.187830924987793,20367200
2012-12-27,14.221956336503615,14.233331852388977,13.960342612685631,14.138544082641602,17532400
2012-12-28,14.043753228089837,14.100625009638044,13.933799092211864,13.960339546203613,13281600
2012-12-31,13.937594726463981,14.252290854637819,13.918637459472647,14.233333587646484,28667000
2013-01-02,14.56319361630139,14.635231804236472,14.479779911910603,14.589734077453613,25338000
2013-01-03,14.574566498701598,14.631439737305456,14.438073329476106,14.48357105255127,15286800
2013-01-04,14.525271984942396,14.680723801281868,14.513896474047153,14.661765098571777,11508800
2013-01-07,14.593524682181869,14.646605598243971,14.544234640261422,14.631439208984375,10614400
2013-01-08,14.673145418705463,14.688311807306057,14.544234008293252,14.65418815612793,12000600
2013-01-09,14.69589814547358,14.764145469146651,14.673150001813806,14.748980522155762,14343600
2013-01-10,14.832388048567958,14.85513763129798,14.6769361824455,14.813430786132812,14768200
2013-01-11,14.809640548585511,14.809640548585511,14.69210320228252,14.790681838989258,9722000
2013-01-14,14.817221320710985,14.843761774190915,14.767931287242726,14.794471740722656,14479600
2013-01-15,14.726229085198879,14.828600057869215,14.722438210513324,14.809642791748047,18528800
2013-01-16,14.718638521294453,14.809635378008178,14.680724008032218,14.703472137451172,14970200
2013-01-17,14.824804342850191,14.874094380558134,14.779306625306287,14.817222595214844,13419400
2013-01-18,14.790683355599919,14.919594783801834,14.790683355599919,14.915803909301758,17216600
2013-01-22,14.915807174588222,15.071259097361214,14.915807174588222,15.059885025024414,16223800
2013-01-23,15.021963899017477,15.033339413808168,14.927176138391564,14.976466178894043,14509200
2013-01-24,14.976472057245493,15.105383520149083,14.965097984336857,15.02196979522705,23181600
2013-01-25,15.105372631273092,15.116746695982608,14.9764612612967,15.075039863586426,14509400
2013-01-28,15.075040786201107,15.08641629795279,14.881674442575198,14.930964469909668,24875200
2013-01-29,14.927179682793692,15.0371338583511,14.915805611648716,15.014384269714355,15957600
2013-01-30,15.006794947421302,15.078833105567021,14.904424019732506,14.930964469909668,12627800
2013-01-31,14.79826261421426,14.908216747971819,14.767931287242726,14.794471740722656,13928600
2013-02-01,14.874095223856486,14.999215762128983,14.8399715721773,14.976466178894043,13209000
2013-02-04,14.874097638077576,14.919595365585764,14.821016714926909,14.832390785217285,10722000
2013-02-05,14.89305294817016,14.980257517086438,14.88546975352355,14.908219337463379,9513200
2013-02-06,14.877891701976331,14.938555827876112,14.855142112383845,14.923389434814453,12951600
2013-02-07,14.908222163331653,14.930971751583689,14.733812992439665,14.843767166137695,15772600
2013-02-08,14.881674442575198,14.942338535315294,14.847550800012266,14.930964469909668,11451000
2013-02-11,14.946121881486599,14.946121881486599,14.85891738248542,14.911999702453613,7181600
2013-02-12,14.874095137501556,14.942342440463703,14.84376380637751,14.91959285736084,14062600
2013-02-13,14.968884909968098,15.014382635944019,14.923387183992178,14.972677230834961,12298400
2013-02-14,14.930972631345282,14.94992989949893,14.874099380537492,14.923389434814453,13491000
2013-02-15,14.957508829198943,14.972675217934183,14.858928748766314,14.91959285736084,26719600
2013-02-19,14.912006272778296,14.96887804257,14.847549864732537,14.855133056640625,12003800
2013-02-20,14.824808906994079,14.832392103310445,14.434283697955523,14.43807601928711,23073400
2013-02-21,14.400153302539684,14.411527368521007,14.218161015107839,14.305365562438965,27031400
2013-02-22,14.377405333534314,14.494942665100096,14.354657199025404,14.494942665100098,14467400
2013-02-25,14.566979686770102,14.574562879790788,14.161288261413574,14.161288261413574,26640400
2013-02-26,14.278828389500692,14.33949249924048,14.176457433124838,14.312952041625977,24047200
2013-02-27,14.275039110259419,14.6200665441417,14.271246789407108,14.566984176635742,25826000
2013-02-28,14.559400328169957,14.676936223403711,14.54044161933549,14.593523979187012,19415200
2013-03-01,14.498734289581762,14.654186135436271,14.41152829032654,14.601103782653809,21107600
2013-03-04,14.540445711099471,14.62385942513568,14.483573907631275,14.620068550109863,18059800
2013-03-05,14.733814350414013,14.828602140680344,14.68452429449839,14.718647956848145,17910800
2013-03-06,14.813429604972875,14.893050968659667,14.78688915041061,14.847553253173828,16515600
2013-03-07,14.88167995787999,14.927177682710475,14.866513567487631,14.889263153076172,8929600
2013-03-08,14.946135070433732,15.033341092733622,14.923386931004723,15.010591506958008,11842600
2013-03-11,14.984051420246974,15.109170529265297,14.946135443009117,15.094005584716797,16001000
2013-03-12,15.09779400305174,15.181207693058058,15.059879478328726,15.105377197265625,11976400
2013-03-13,15.090212012927276,15.116752471620401,15.029547900722054,15.067463874816895,11204200
2013-03-14,15.11296289060489,15.173627008001159,15.078839234172825,15.15846061706543,12385000
2013-03-15,15.118101476442378,15.213279654640536,15.118101476442378,15.171401023864746,16119200
2013-03-18,15.022926391424267,15.114298100321335,14.988662182125873,15.064805030822754,10095600
2013-03-19,15.091452257127903,15.091452257127903,14.866831690236484,15.000082015991211,15217600
2013-03-20,15.083841098643969,15.14094860096373,15.053384829096446,15.114298820495605,8694600
2013-03-21,14.977243338110009,15.019121983310463,14.855415344238281,14.855415344238281,13185600
2013-03-22,14.889678591240388,14.935363722899103,14.82876459826072,14.874449729919434,9632600
2013-03-25,14.908714512919694,14.927749864148092,14.687901824522712,14.760236740112305,12186400
2013-03-26,14.802113584723674,14.874448491519606,14.783078235809379,14.863027572631836,10985200
2013-03-27,14.77545993266054,14.87063810458679,14.706931532689348,14.85921573638916,8253000
2013-03-28,14.83256924825166,14.954397219104752,14.83256924825166,14.916326522827148,15021200
2013-04-01,14.90491059791997,14.931560384703428,14.752624857182115,14.78688907623291,12671400
2013-04-02,14.813535835323641,14.843993558167837,14.611758504545415,14.64221477508545,19017200
2013-04-03,14.642213720178791,14.7107421393369,14.451857323029392,14.5203857421875,29741600
2013-04-04,14.543224478040296,14.710737532240712,14.539416537999603,14.646017074584961,18316400
2013-04-05,14.44805001908557,14.596527768117822,14.44805001908557,14.58510684967041,15292600
2013-04-08,14.619371698849262,14.638407047864924,14.51657907139985,14.630792617797852,8234800
2013-04-09,14.65363861110597,14.855415962040425,14.65363861110597,14.802116394042969,18229800
2013-04-10,14.84399038517605,14.91251734231912,14.786882893202334,14.90490436553955,12413000
2013-04-11,14.889680885595833,15.038158675593756,14.882066453762047,14.969630241394043,14885000
2013-04-12,14.882062520261522,14.935362076705974,14.680285213063527,14.74881362915039,24984400
2013-04-15,14.60033550810691,14.634599718689623,14.185358492073648,14.204395294189453,41257200
2013-04-16,14.326220996249244,14.470890793642535,14.326220996249244,14.463277816772461,19212400
2013-04-17,14.333838348003976,14.36429461860572,14.173938207356288,14.250081062316895,19687600
2013-04-18,14.303374806923804,14.341445492766038,14.124439388397446,14.208196640014648,34676200
2013-04-19,14.291954683411987,14.37951842754305,14.257690483334297,14.375710487365723,21525000
2013-04-22,14.448048278943416,14.56606829482945,14.299570547794021,14.512768745422363,14351200
2013-04-23,14.550837300167494,14.657436372686293,14.489923336970545,14.63840103149414,18191200
2013-04-24,14.695509164491716,14.889673448511312,14.676473820567196,14.85921573638916,14128800
2013-04-25,14.988663072905997,15.14094877935014,14.942977941894405,15.022927284240723,12718000
2013-04-26,15.011500143348064,15.011500143348064,14.756421908611813,14.809722900390625,15537800
2013-04-29,14.851602247153918,15.04957303155103,14.802110640282445,15.034345626831055,13888400
2013-04-30,15.007696874074846,15.064804371172924,14.897291273217997,15.05718994140625,21362000
2013-05-01,14.977237419857232,15.011501620363179,14.77926664496773,14.790687561035156,20681600
2013-05-02,14.863026975880047,14.931555391063311,14.722162204501132,14.89729118347168,12347000
2013-05-03,15.11048771244108,15.232315669708187,15.049573733807525,15.159980773925781,11660800
2013-05-06,15.201859474182129,15.224702760885277,15.125716637475445,15.201859474182129,9310200
2013-05-07,15.24374303772051,15.36937752446597,15.19044347047672,15.346535682678223,12165000
2013-05-08,15.331300569490715,15.483584777772908,15.308457284711725,15.479778289794922,10268000
2013-05-09,15.491205900055322,15.536892489355282,15.415064489164028,15.460749626159668,11918800
2013-05-10,15.449330250657743,15.47978652760048,15.331308728281536,15.44552230834961,9758400
2013-05-13,15.430289821137693,15.441712193075983,15.293232976311224,15.335111618041992,8912000
2013-05-14,15.304648618018042,15.529269136639009,15.304648618018042,15.525461196899414,10128000
2013-05-15,15.468356843888781,15.666327614950028,15.453127987890923,15.61302661895752,10600600
2013-05-16,15.544505993152521,15.666333986072637,15.50643383767484,15.540698051452637,9174000
2013-05-17,15.5711479815324,15.731046597587026,15.5711479815324,15.708203315734863,14090600
2013-05-20,15.681559622801455,15.799581112980897,15.647295412898009,15.723438262939453,10508200
2013-05-21,15.765317870568833,15.79196765187318,15.677754095953953,15.7044038772583,9087600
2013-05-22,15.70821142197366,15.841461789753346,15.434099159809314,15.491205215454102,24585000
2013-05-23,15.323687079045664,15.533078785938326,15.25135218460748,15.498814582824707,13802400
2013-05-24,15.43029344372601,15.464557662976878,15.331308728281536,15.44552230834961,11565200
2013-05-28,15.628254816262757,15.647290159305967,15.533076648743126,15.586376190185547,11206600
2013-05-29,15.514044834328947,15.57115232875111,15.388408927521755,15.536888122558594,12415400
2013-05-30,15.563534359455128,15.647290159305967,15.506426878021916,15.586376190185547,9859400
2013-05-31,15.483588122584125,15.601609607648728,15.335110370205308,15.342724800109863,15553600
2013-06-03,15.384601952422846,15.42648058670081,15.239930702818206,15.418866157531738,12528800
2013-06-04,15.418869029515573,15.506432802814102,15.31226990590069,15.399833679199219,12653800
2013-06-05,15.357953381822036,15.357953381822036,15.057189941406248,15.05718994140625,17420400
2013-06-06,15.053381098734507,15.163788134630673,14.984852693854387,15.156173706054688,14445200
2013-06-07,15.198050057165643,15.316071515211,15.140944024411056,15.297036170959473,19875400
2013-06-10,15.350337021987588,15.411251000158023,15.308458389688452,15.369372367858887,9267000
2013-06-11,15.194244396630863,15.312265861103013,15.110487134598772,15.156173706054688,12122800
2013-06-12,15.270392587603762,15.316077722784254,15.06861524261102,15.080036163330078,15458400
2013-06-13,15.041960778028086,15.384602849087294,15.022925430147897,15.357953071594238,18771200
2013-06-14,15.308462096251763,15.430290082090249,15.209477402372048,15.24754810333252,10058000
2013-06-17,15.376995086669924,15.407452818327325,15.281816853697414,15.376995086669922,8976600
2013-06-18,15.365572947532405,15.468365605285012,15.342729650597004,15.44552230834961,8319400
2013-06-19,15.415060790614334,15.51023898369658,15.327495574951172,15.327495574951172,16845600
2013-06-20,15.095254647094727,15.171396002609864,14.878248588809408,14.931548118591309,26383000
2013-06-21,15.065061550046531,15.072734280469922,14.723633095035987,14.88092041015625,22138800
2013-06-24,14.662243229564577,14.754313008234774,14.493446196297974,14.643060684204102,24849000
2013-06-25,14.811865633950871,14.811865633950871,14.639232877398996,14.731304168701172,10672400
2013-06-26,14.792683182399488,14.838718092108468,14.658412622565148,14.800355911254883,10216800
2013-06-27,14.896258446965751,14.896258446965751,14.781169011397177,14.792678833007812,9348000
2013-06-28,14.735140152730647,14.831047079385606,14.673759778208417,14.712121963500977,16275800
2013-07-01,14.87324510701846,14.94997093455694,14.769665459355029,14.79651927947998,22407200
2013-07-02,14.738972735259754,14.869406187050691,14.669921108709973,14.750482559204102,8471000
2013-07-03,14.662245582834469,14.78500628304615,14.650735761086324,14.754315376281738,6622400
2013-07-05,14.854065895080566,14.861738625147385,14.723632410791893,14.854065895080566,7051000
2013-07-08,14.919272592834092,14.976817300703749,14.877073335519372,14.938453674316406,7845800
2013-07-09,15.042039451728167,15.203163821921217,15.042039451728167,15.1686372756958,9598000
2013-07-10,15.153289423782867,15.222342505319522,15.08040071034888,15.16479778289795,7579400
2013-07-11,15.360452598464924,15.441014059728836,15.33359877804362,15.410323143005371,10641000
2013-07-12,15.437177030252867,15.441012662784562,15.291398115851898,15.356614112854004,7575800
2013-07-15,15.356613927609269,15.42183138724799,15.33359720585009,15.394977569580078,14742800
2013-07-16,15.406487386004855,15.42950557336201,15.214673548298906,15.279891014099121,11726200
2013-07-17,15.360450768271424,15.46403040473645,15.32208712693811,15.421831130981445,13953200
2013-07-18,15.398805866181005,15.513893810419717,15.394970235522845,15.429496765136719,7518800
2013-07-19,15.41416117344348,15.529249191284178,15.391142984505922,15.52924919128418,12111000
2013-07-22,15.521571814292255,15.613643079051691,15.521571814292255,15.54458999633789,9854200
2013-07-23,15.682700870037868,15.759426703134903,15.559940122452032,15.590629577636719,9694000
2013-07-24,15.655847332336073,15.655847332336073,15.379634913539117,15.44485092163086,11482200
2013-07-25,15.383470267301789,15.60981067005509,15.329762623160928,15.590629577636719,8061200
2013-07-26,15.498562127061113,15.552269779443925,15.402655186827873,15.533088684082031,8402600
2013-07-29,15.47170804172586,15.640503726876556,15.448689849622868,15.621322631835938,14709600
2013-07-30,15.47170255590524,15.613644364985838,15.406485099782872,15.582953453063965,9645000
2013-07-31,15.594466661562153,15.675028127708288,15.50623100234662,15.52924919128418,11675200
2013-08-01,15.632824526165567,15.724895793047938,15.60597071153803,15.644332885742188,9188000
2013-08-02,15.621316891446854,15.744077610704247,15.575280524157927,15.73256778717041,5676200
2013-08-05,15.690369606018066,15.747912868626688,15.663515790782743,15.690369606018066,5078000
2013-08-06,15.690368889114039,15.701877248425303,15.506226359595164,15.54458999633789,6742600
2013-08-07,15.490888601868818,15.602139534632435,15.490888601868818,15.552268981933594,5889200
2013-08-08,15.686529488223227,15.839981085794594,15.652002951940815,15.78243637084961,8398600
2013-08-09,15.74023265989753,15.92437364688816,15.74023265989753,15.874503135681152,14766200
2013-08-12,15.843823013527853,15.897530654994377,15.809296463524591,15.851495742797852,8093200
2013-08-13,15.893694039783894,15.95507440672689,15.805459853767296,15.909039497375488,7943400
2013-08-14,15.916702386258219,15.989591069622486,15.866830411628731,15.874503135681152,7915200
2013-08-15,15.728739006744993,15.78628375921238,15.625159330358006,15.759429931640625,11201800
2013-08-16,15.736405532696327,15.74024116508387,15.594463719584983,15.636661529541016,14141000
2013-08-19,15.621321328964491,15.667356245907259,15.502396208153417,15.513904571533203,9289000
2013-08-20,15.513902423587945,15.648172985930998,15.483212971016354,15.602136611938477,6542200
2013-08-21,15.55611269697346,15.632838577770107,15.45637007633494,15.483223915100098,9701400
2013-08-22,15.54459100402871,15.690369906255095,15.521572820490901,15.667351722717285,9234600
2013-08-23,15.694202794786344,15.824636218518322,15.625149719668064,15.7939453125,8925800
2013-08-26,15.836144576563719,15.947396915745719,15.778601322913783,15.7939453125,11374000
2013-08-27,15.66734999924172,15.7133848978301,15.483208941465161,15.517735481262207,11786400
2013-08-28,15.498557973980803,15.567611069518785,15.460194330113382,15.487048149108887,6990000
2013-08-29,15.433334270342634,15.628985116392734,15.414153187876865,15.536913871765137,8171200
2013-08-30,15.548420563839361,15.582947093950214,15.475531872904284,15.510058403015137,11200600
2013-09-03,15.740242807069196,15.782442084850627,15.540756243371872,15.602136611938477,8722600
2013-09-04,15.5676093760148,15.767094448731132,15.529245736320723,15.747913360595703,8638200
2013-09-05,15.755585834171306,15.824638921082613,15.732567650726471,15.77476692199707,11009000
2013-09-06,15.893690880825103,15.905199240019758,15.690368730129709,15.755584716796875,9974400
2013-09-09,15.805456307320458,16.01261554805421,15.80161921207184,15.993432998657227,10876400
2013-09-10,16.108520259802514,16.192917319342683,16.04713991494473,16.135374069213867,14503200
2013-09-11,16.143052860496454,16.24663104232916,16.07016266748841,16.235122680664062,12347800
2013-09-12,16.16222921489381,16.20826411148753,16.03946851502857,16.066322326660156,11921600
2013-09-13,16.11236192646194,16.200596113781756,16.062489920264337,16.173742294311523,14828800
2013-09-16,16.40775732785483,16.430775517281067,16.300342037379547,16.354049682617188,16706000
2013-09-17,16.331032106306033,16.380904120223434,16.277324459052046,16.308013916015625,9300800
2013-09-18,16.331031248876265,16.70698622333899,16.269650874748137,16.683969497680664,20269000
2013-09-19,16.749181695063733,16.795216599332534,16.588058798411314,16.626420974731445,12408200
2013-09-20,16.667287389305773,16.667287389305773,16.412825042551223,16.43210220336914,21981000
2013-09-23,16.385843130627414,16.435964944955654,16.301021824957107,16.308732986450195,13112600
2013-09-24,16.304872168592645,16.424391451071333,16.26246153129254,16.301015853881836,6976800
2013-09-25,16.343421936035156,16.45137518579956,16.281734154633682,16.343421936035156,8518000
2013-09-26,16.412833064914853,16.520786394863745,16.3665675621873,16.451387405395508,11690400
2013-09-27,16.33186324172364,16.381985046141583,16.23933079285616,16.25475311279297,7592600
2013-09-30,16.09667635974531,16.254751446004892,16.050410875432394,16.196918487548828,11345200
2013-10-01,16.196916506845813,16.277882932933654,16.112096707770192,16.266315460205078,10030000
2013-10-02,16.173791337205323,16.312589302573574,16.11981467750737,16.308732986450195,8556200
2013-10-03,16.285599258559866,16.285599258559866,16.05426885037724,16.169933319091797,14168600
2013-10-04,16.173789999613938,16.412830103116107,16.139090511141564,16.405118942260742,10334000
2013-10-07,16.21619355497352,16.354989977391313,16.193060082527435,16.204626083374023,11989200
2013-10-08,16.21234031588364,16.21234031588364,15.934745947643256,15.946311950683594,17206400
2013-10-09,15.992574887029607,16.058118992245404,15.838356144953702,15.969441413879395,12397000
2013-10-10,16.1892136601915,16.33572131629917,16.150657852726056,16.308732986450195,10849400
2013-10-11,16.31258795350344,16.4089752580652,16.254754982464966,16.405118942260742,10120600
2013-10-14,16.274030013527618,16.482226917039448,16.274030013527618,16.462949752807617,12320600
2013-10-15,16.408974099928223,16.486082761532504,16.324152807259384,16.362707138061523,10734400
2013-10-16,16.462947423263852,16.57861186304142,16.40125962399894,16.52849006652832,8541600
2013-10-17,16.47451719667551,16.759824252797046,16.47451719667551,16.744401931762695,9282000
2013-10-18,16.85235664907702,16.85235664907702,16.71741500560724,16.794525146484375,14809600
2013-10-21,16.806086991358864,16.82536415411637,16.7289768695756,16.790664672851562,7798200
2013-10-22,16.87934145695706,17.072116033562796,16.867775453001773,17.03356170654297,11038200
2013-10-23,16.964155925426972,16.975721924735257,16.898613301676395,16.92174530029297,10782200
2013-10-24,16.94102860509502,17.01813872689504,16.848497635537594,17.006572723388672,6482600
2013-10-25,17.0412679014482,17.056690216064453,16.894758854099543,17.056690216064453,11542800
2013-10-28,17.045122301407318,17.0759669298376,16.921746729191856,16.97186851501465,12629400
2013-10-29,16.971873242116324,17.010427567639713,16.898619435320594,17.006572723388672,8566400
2013-10-30,16.995009721055403,17.102963028187112,16.798378802204365,16.902477264404297,10999200
2013-10-31,16.898617942274797,16.99114890365682,16.86391846406826,16.875484466552734,11151400
2013-11-01,16.89476419134228,16.92946367481436,16.744400253214366,16.836931228637695,10335000
2013-11-04,16.910188331655196,16.914043176565684,16.82151219117897,16.90633201599121,11139400
2013-11-05,16.840783820392748,16.871626981796663,16.767530025149565,16.833072662353516,5941400
2013-11-06,16.937170189728164,16.987291978943237,16.871626085254153,16.9487361907959,7946000
2013-11-07,16.979579021524724,16.98729017833683,16.709694416112114,16.725116729736328,11869000
2013-11-08,16.68271194506922,17.037416458129883,16.68271194506922,17.037416458129883,10621600
2013-11-11,17.033559454902992,17.041270613438293,16.971871657373704,17.02970314025879,4991600
2013-11-12,16.944887724623225,17.02199785918563,16.929465403560048,16.975730895996094,8569600
2013-11-13,16.914041842401957,17.07211694482615,16.890909833256657,17.068262100219727,9382400
2013-11-14,17.11837984099654,17.21862195525486,17.064401734046484,17.21091079711914,10359400
2013-11-15,17.222475993650487,17.334285575260868,17.222475993650487,17.32271957397461,9128000
2013-11-18,17.3612769748874,17.376699293176216,17.160791249392467,17.21476936340332,11379800
2013-11-19,17.17236841445905,17.234056251673714,17.106824260119318,17.16080093383789,7167600
2013-11-20,17.14151868101858,17.191640493513802,16.983443553075453,17.02199935913086,9419400
2013-11-21,17.14923492397078,17.17236841445905,17.056703903525815,17.16080093383789,6653800
2013-11-22,17.183921836058126,17.257175629477036,17.106811728339128,17.249465942382812,4761800
2013-11-25,17.195490466894114,17.2687457422678,17.10295950008436,17.14151382446289,11304600
2013-11-26,17.160791731748265,17.160791731748265,17.045127282837495,17.099103927612305,4147000
2013-11-27,17.10681758879776,17.164650557087686,17.087540422952276,17.110673904418945,5666200
2013-11-29,17.133807325587416,17.195495143823187,17.060553501042932,17.095252990722656,7344200
2013-12-02,17.149228487919626,17.191639135854512,17.041275180997015,17.052841186523438,10381000
2013-12-03,16.995010226559586,17.002719916652453,16.77524581932066,16.85235595703125,11644600
2013-12-04,16.817656527550948,17.00657629206645,16.80223567655761,16.933320999145508,19670600
2013-12-05,16.890909346846865,16.917897670574778,16.80223321591895,16.836931228637695,9393200
2013-12-06,17.021996611175748,17.102961584691055,16.96416364680574,17.068262100219727,9807600
2013-12-09,17.11452410236234,17.1723570549495,17.079824624960658,17.15693473815918,7368200
2013-12-10,17.15693615455105,17.261034595349948,17.15693615455105,17.20705795288086,7237800
2013-12-11,17.218623771924264,17.230189774971617,16.887051290870463,16.914039611816406,11090800
2013-12-12,16.887054193111464,16.937175999519326,16.8253663816685,16.879343032836914,7484600
2013-12-13,16.94102563012444,17.002713422580968,16.90632615494558,16.960304260253906,5965400
2013-12-16,17.064402618291084,17.114524413393976,16.9911488183354,17.02970314025879,8775600
2013-12-17,16.956450420090185,17.15308129837901,16.94873926106384,17.14151382446289,17176800
2013-12-18,17.183924224601167,17.34971046447754,16.971872501963745,17.34971046447754,27273200
2013-12-19,17.38055767038685,17.40368967981154,17.234048570765747,17.37670135498047,15142800
2013-12-20,17.42403159480566,17.493867511419186,17.377474810401136,17.431791305541992,15678400
2013-12-23,17.51714324951172,17.540420897196963,17.45118646103938,17.51714324951172,8223000
2013-12-24,17.528783614435756,17.707252502441406,17.505504484690668,17.707252502441406,3774200
2013-12-26,17.73053377672572,17.819768231521614,17.715014355018564,17.804248809814453,3992600
2013-12-27,17.88572262339914,17.88572262339914,17.804247883694885,17.858564376831055,3677800
2013-12-30,17.862445214981637,17.89736317247453,17.827527257488743,17.87020492553711,4201000
2013-12-31,17.897361632303987,17.932279586791992,17.84304514310339,17.932279586791992,6357000
2014-01-02,17.82364858259298,17.897365100805736,17.74217383300231,17.78873062133789,13883800
2014-01-03,17.812010934199456,17.8275303580095,17.73829589112232,17.746055603027344,8685400
2014-01-06,17.78484861555696,17.788727730615552,17.60637972259429,17.649057388305664,8856200
2014-01-07,17.652937060687123,17.761570045917825,17.567581726569614,17.618019104003906,7766200
2014-01-08,17.64517887516763,17.746053638753583,17.57534295576614,17.722774505615234,8240800
2014-01-09,17.730534474348783,17.788730088020113,17.583102922356986,17.652938842773438,8838000
2014-01-10,17.6878539676605,17.72665103722231,17.602498638608523,17.707252502441406,6199800
2014-01-13,17.641304706469448,17.695621219009663,17.443435719342713,17.46671485900879,10068000
2014-01-14,17.517155071947563,17.730542039819984,17.49775504576572,17.711143493652344,7624000
2014-01-15,17.718903623497802,17.854696421225416,17.718903623497802,17.819778442382812,7056200
2014-01-16,17.788729318485096,17.866324946703678,17.773211376852185,17.862445831298828,9846000
2014-01-17,17.870215851825318,17.89737411536797,17.792620178840163,17.819778442382812,14686200
2014-01-21,18.002124208672207,18.06807955461963,17.839173182189903,17.928407669067383,14739800
2014-01-22,17.90900213483401,17.94392009259311,17.70337498359347,17.75381088256836,11189400
2014-01-23,17.687855769974743,17.70725430673227,17.36971503110811,17.489988327026367,12997600
2014-01-24,17.338677179788842,17.350317486519792,17.01277671158005,17.020536422729492,20200600
2014-01-27,17.043817732908163,17.102014833954776,16.826550233016388,16.950702667236328,11904400
2014-01-28,17.05545296306694,17.086491805080804,16.985617048549198,17.047693252563477,9693200
2014-01-29,16.915782770190308,17.28824151031504,16.915782770190308,17.117530822753906,20632200
2014-01-30,17.20676526553469,17.26884147549325,17.063214307508055,17.199007034301758,16087400
2014-01-31,16.981732975214207,17.22615860466231,16.942934434024735,17.08648681640625,12475400
2014-02-03,17.059335033299483,17.160208318539283,16.667477759067907,16.68687629699707,39679600
2014-02-04,16.77999592594898,16.942945464996573,16.698521156425183,16.834312438964844,14826800
2014-02-05,16.772227816428725,16.89638020688933,16.597638054839365,16.853702545166016,15797000
2014-02-06,16.888620937722987,17.129167495522367,16.87698211331805,17.10588836669922,17781600
2014-02-07,17.16796621680264,17.369714245991535,17.11752883950206,17.34255599975586,10363200
2014-02-10,17.34255789521627,17.455071487640378,17.29212051240312,17.42791175842285,30500000
2014-02-11,17.470594944913728,17.68786248714295,17.44343668713683,17.62966537475586,13961400
2014-02-12,17.610258285884047,17.711133034407272,17.559820911622435,17.59861946105957,7544400
2014-02-13,17.48222986439989,17.80813033723869,17.462829846243885,17.74993324279785,13428400
2014-02-14,17.780973898261998,17.912884563066758,17.718896201863885,17.89348602294922,10243400
2014-02-18,17.88572655126328,17.947802768481882,17.812011505820486,17.905126571655273,11380200
2014-02-19,17.893485556200606,18.04867683312026,17.765454010753537,17.780973434448242,15784600
2014-02-20,17.83141228786118,17.99048270698213,17.72665838063315,17.967205047607422,13432600
2014-02-21,17.998236571501085,18.04867395044634,17.92064094543457,17.92064094543457,7973800
2014-02-24,17.858564376831055,18.021515336253007,17.850804666381112,17.858564376831055,29419600
2014-02-25,17.8702020999187,18.005993313134642,17.812005019961454,17.924518585205078,12785600
2014-02-26,17.955564089717605,18.114634503096177,17.92452671833378,18.060317993164062,13506200
2014-02-27,18.029276729893475,18.20386505126953,18.017636423125115,18.20386505126953,9697800
2014-02-28,18.192225108246433,18.331896940787928,18.161187745466925,18.265941619873047,11785200
2014-03-03,18.118510815535714,18.304739439847918,18.079712260462205,18.223264694213867,20375600
2014-03-04,18.498727613405833,18.54140528360671,18.374575198283395,18.510366439819336,15331200
2014-03-05,18.518125407625757,18.576322497384847,18.44828949192024,18.553043365478516,8155600
2014-03-06,18.61511931779023,18.723752305184462,18.611240202531917,18.622879028320312,12570400
2014-03-07,18.665553295256935,18.66943240980845,18.48320383105879,18.541400909423828,18069200
2014-03-10,18.487091362866735,18.537527271028345,18.362938930445683,18.525888442993164,9716000
2014-03-11,18.572451022665827,18.572451022665827,18.32802667767747,18.335784912109375,13294800
2014-03-12,18.300858460487987,18.370694378142005,18.246541964537865,18.328018188476562,10690600
2014-03-13,18.397850589445543,18.463807384378818,18.13402784975248,18.196104049682617,15848600
2014-03-14,18.196104049682617,18.30085643455387,18.165065209710875,18.196104049682617,12554600
2014-03-17,18.308618417656344,18.456049965799807,18.262061631931815,18.343536376953125,10527800
2014-03-18,18.374574838683742,18.463809292805784,18.339656880113072,18.44828987121582,9598600
2014-03-19,18.4133747177539,18.479331529552415,18.18058927849571,18.285343170166016,15781200
2014-03-20,18.196105499219023,18.52976417541504,18.196105499219023,18.52976417541504,11611400
2014-03-21,18.541451298608166,18.572614115873936,18.41680300139491,18.451860427856445,17540000
2014-03-24,18.521972673574677,18.560926189673683,18.241514787285347,18.3077335357666,9651200
2014-03-25,18.409021377563477,18.50250838954954,18.338907975980987,18.409021377563477,10764600
2014-03-26,18.502503814697114,18.506398424850982,18.140244147451128,18.144140243530273,12096800
2014-03-27,18.190877894351143,18.194772503412974,18.019485377133254,18.093496322631836,9977200
2014-03-28,18.1519232258736,18.3077343251383,18.101285881648625,18.218143463134766,13364200
2014-03-31,18.366164107725552,18.440173563620572,18.28436246224446,18.41680145263672,9714600
2014-04-01,18.50250025557027,18.53755768391256,18.40122406587309,18.518081665039062,11566400
2014-04-02,18.560927748626444,18.697261351612017,18.475231491935613,18.6544132232666,8664400
2014-04-03,18.724532436324736,18.798541911491274,18.60767482282619,18.67778968811035,9284600
2014-04-04,18.802437550675993,18.829704276965966,18.393435170401247,18.44017791748047,18759400
2014-04-07,18.381748903165725,18.45575986461003,18.105185536519066,18.171405792236328,14806000
2014-04-08,18.194777597947603,18.315531315623513,18.112977411421316,18.24152183532715,9622200
2014-04-09,18.327213113858814,18.56092979811575,18.214250124097546,18.518081665039062,8225800
2014-04-10,18.514187384956614,18.529768795953107,18.1129757103103,18.148033142089844,10944400
2014-04-11,18.07791389033862,18.16361014409248,17.929893493652344,17.929893493652344,10436600
2014-04-14,18.093500221795438,18.14413906606115,17.953270490552043,18.074024200439453,9917200
2014-04-15,18.085708622069514,18.194775525011874,17.887049350652944,18.183090209960938,9726400
2014-04-16,18.28046939066945,18.46744183648933,18.25709727772012,18.451860427856445,11622400
2014-04-17,18.444073702558008,18.541455298634713,18.432388386524877,18.51029396057129,9443200
2014-04-21,18.541451674480072,18.599881215075417,18.455756897111826,18.514184951782227,6638000
2014-04-22,18.54145266451302,18.646624951645418,18.475233901832446,18.580406188964844,9998200
2014-04-23,18.592089791697546,18.638832530811445,18.553137756756776,18.584299087524414,7951800
2014-04-24,18.634939544685768,18.677787678407377,18.467443105187666,18.502500534057617,6920000
2014-04-25,18.467443458008322,18.48302486800932,18.311632329848425,18.37006187438965,7001000
2014-04-28,18.44797119405921,18.45186580438979,18.155826383729114,18.292160034179688,19147000
2014-04-29,18.327218795418723,18.471343162872103,18.327218795418723,18.420705795288086,9954600
2014-04-30,18.3661693618011,18.58040857303784,18.3583786559111,18.568721771240234,12036600
2014-05-01,18.549242002924608,18.549242002924608,18.412908392199146,18.451860427856445,8340800
2014-05-02,18.47912643447976,18.62714683891091,18.440174400330704,18.521974563598633,9966400
2014-05-05,18.459654831765867,18.634941999203733,18.428493494179808,18.62325668334961,4798000
2014-05-06,18.568720029984416,18.631045671259912,18.46744383476188,18.529767990112305,6856600
2014-05-07,18.592088998714612,18.68947056783794,18.47133531806875,18.67388916015625,8585000
2014-05-08,18.642730259599226,18.782959975154718,18.521976563220882,18.599882125854492,9689200
2014-05-09,18.521976563220882,18.623254240422078,18.483024524866586,18.599882125854492,7954800
2014-05-12,18.708949492020682,18.85307530658756,18.701158786969092,18.837493896484375,8871400
2014-05-13,18.818019502017115,18.927086410308753,18.818019502017115,18.853076934814453,6821600
2014-05-14,18.85307140991845,18.958242191564963,18.814117892711643,18.856966018676758,9659000
2014-05-15,18.806339426741065,18.8180262324702,18.48303319613211,18.592100143432617,13088000
2014-05-16,18.60377500759703,18.666099154730905,18.45185999182852,18.658309936523438,8752800
2014-05-19,18.623255982614364,18.833599089700034,18.615465277029685,18.736217498779297,5481400
2014-05-20,18.7167431956822,18.775172749967613,18.588200256549694,18.63494300842285,9361200
2014-05-21,18.68557703411051,18.7673772002592,18.654414216953914,18.72063446044922,5028000
2014-05-22,18.728429007227792,18.82191450602806,18.69726618367756,18.763484954833984,6447200
2014-05-23,18.78685595452525,18.930980290055466,18.76348383825341,18.92319107055664,4489000
2014-05-27,18.962143111751253,19.001095152945865,18.8998189542848,18.92319107055664,4343600
2014-05-28,18.907611956535984,18.997202850906863,18.892030543795315,18.93098258972168,7973000
2014-05-29,18.946561900981536,19.13353437535535,18.880343133066393,19.121849060058594,5513800
2014-05-30,19.043941395598363,19.12574156552582,19.024465376938252,19.117952346801758,6847600
2014-06-02,19.149113353187545,19.238704226237488,19.098474516794116,19.19585609436035,6841000
2014-06-03,19.114055471593375,19.20754243764228,19.094579453727953,19.15300750732422,5275400
2014-06-04,19.117951013276656,19.242599307116816,19.05952147544695,19.18416976928711,5742200
2014-06-05,19.227022813308615,19.30882299843833,19.047841030855352,19.273765563964844,9723200
2014-06-06,19.30882279769674,19.378937665914776,19.273765363587728,19.367252349853516,5849800
2014-06-09,19.33218983689345,19.394513982722092,19.281551004056162,19.316608428955078,14639600
2014-06-10,19.273764833417673,19.347774309645242,19.203649967128314,19.34387969970703,5317000
2014-06-11,19.281556441256793,19.320508486161952,19.199756255400796,19.234813690185547,4695000
2014-06-12,19.23480886308914,19.26986628907601,19.028358916310964,19.07120704650879,6802600
2014-06-13,19.078993851513385,19.168584702742237,19.032251121725412,19.145214080810547,4893800
2014-06-16,19.094574791345543,19.141317519994217,19.00887855055251,19.102365493774414,15921800
2014-06-17,18.977720857717127,19.180274701848205,18.969930153797684,19.141321182250977,12232200
2014-06-18,19.156911189345564,19.35946512440012,19.133539067095825,19.3477783203125,16087600
2014-06-19,19.371144879997605,19.378935585177025,19.273763294142444,19.308820724487305,11532800
2014-06-20,19.33269349065758,19.43835669273612,19.30529910598803,19.426616668701172,8435800
2014-06-23,19.45009907322288,19.51271502565938,19.367915915565366,19.454011917114258,5905400
2014-06-24,19.40704866944643,19.51662620363638,19.270076751708984,19.270076751708984,8749800
2014-06-25,19.305301868210027,19.516629795486125,19.305301868210027,19.422706604003906,13433600
2014-06-26,19.461839565510825,19.50097546977549,19.3131261150693,19.418790817260742,10903800
2014-06-27,19.27790749799352,19.367919345136755,19.238773080621765,19.360092163085938,12705200
2014-06-30,19.35617353872748,19.45792538997037,19.28964474535343,19.426616668701172,26147400
2014-07-01,19.450105072429576,19.551855466692086,19.407056311936103,19.47358512878418,13985800
2014-07-02,19.48923931479604,19.547942440904986,19.457932075651776,19.497066497802734,7745000
2014-07-03,19.540108411489996,19.641858769160983,19.536194074916885,19.622291564941406,5619400
2014-07-07,19.59489772271831,19.61055208367998,19.42270423078605,19.45792579650879,9971200
2014-07-08,19.446181676011584,19.457923191601967,19.35225850857949,19.407047271728516,8553200
2014-07-09,19.46967228368592,19.500981016002093,19.418796340113403,19.47358512878418,8361800
2014-07-10,19.30138420137855,19.469664841043247,19.28181699760213,19.387481689453125,8062600
2014-07-11,19.3796578525403,19.44227381115585,19.3405219453542,19.422706604003906,6975600
2014-07-14,19.520551684848186,19.520551684848186,19.403146903632194,19.410972595214844,5030600
2014-07-15,19.42270591767532,19.54793783048117,19.317041211329975,19.371829986572266,5648000
2014-07-16,19.434441598033978,19.520539078670073,19.42661441862326,19.504884719848633,7690200
2014-07-17,19.438359473996133,19.53619700263807,19.38748503397752,19.422706604003906,11014400
2014-07-18,19.438358807338663,19.57924508261237,19.422705937883265,19.544023513793945,9729600
2014-07-21,19.477496805092056,19.520545559702757,19.410966504453068,19.48923683166504,9859200
2014-07-22,19.54793507826672,19.575329462030925,19.508799177973604,19.516626358032227,5637400
2014-07-23,19.52054559063276,19.637950335195583,19.46966965393202,19.59881591796875,4522600
2014-07-24,19.598808456681713,19.641855702090165,19.536191024345584,19.575326919555664,5000800
2014-07-25,19.528372478137413,19.67708445566244,19.528372478137413,19.61055564880371,4778400
2014-07-28,19.610552523712098,19.71230288648201,19.547936571342444,19.661428451538086,21347400
2014-07-29,19.684906536163332,19.70056089591403,19.51271305755141,19.520540237426758,7769200
2014-07-30,19.571417111687683,19.618380196805283,19.37965640587818,19.418790817260742,10548000
2014-07-31,19.273990191249233,19.332693296598727,19.039180755615234,19.039180755615234,12917600
2014-08-01,19.000043693055886,19.121362740017695,18.933514904416178,19.054832458496094,11244000
2014-08-04,19.109623003876397,19.30138368579768,19.007871158345914,19.281816482543945,9932600
2014-08-05,19.117447360118284,19.246593579790588,19.027437037111135,19.082225799560547,10275200
2014-08-06,19.03526805776544,19.250510307773407,18.99613364608476,19.223115921020508,12717400
2014-08-07,19.30921057561921,19.36791367738051,19.003958029376985,19.054832458496094,10167400
2014-08-08,19.097884413055336,19.266165074002334,19.027441276245792,19.254425048828125,8538200
2014-08-11,19.30529878064201,19.379654753080256,19.227028471670078,19.23485565185547,10983400
2014-08-12,19.23093601129087,19.320946319274405,19.191801614039438,19.297466278076172,14594400
2014-08-13,19.38356469835558,19.422700593430637,19.281814356923928,19.403133392333984,8602600
2014-08-14,19.43444061551228,19.446180637593923,19.38356469835558,19.403133392333984,7214600
2014-08-15,19.473573975310636,19.547931425532113,19.305294860581775,19.461833953857422,8879000
2014-08-18,19.540103126888557,19.653594970703125,19.540103126888557,19.653594970703125,10696200
2014-08-19,19.684904965986192,19.743608063927866,19.66142492111496,19.712299346923828,6270000
2014-08-20,19.684903928999244,19.76317422450432,19.665336728343405,19.73969268798828,9600800
2014-08-21,19.767088108799097,19.774915288050106,19.65751058504856,19.712299346923828,2725800
2014-08-22,19.708390675307534,19.708390675307534,19.594898791468378,19.634033203125,3614400
2014-08-25,19.747523691116978,19.747523691116978,19.673167717072385,19.708389282226562,3126200
2014-08-26,19.720131497974837,19.774920273663344,19.712304316750455,19.72795867919922,3818400
2014-08-27,19.75926740409675,19.774920273663344,19.68882426595948,19.72795867919922,6599200
2014-08-28,19.69273255498221,19.767088520091225,19.62228943313922,19.743608474731445,3672200
2014-08-29,19.78274859891335,19.802315806664783,19.720132638379415,19.774921417236328,5321000
2014-09-02,19.771005232180432,19.80622679733461,19.66925338045414,19.708389282226562,13216800
2014-09-03,19.786655761020352,19.825790162332034,19.72795266617112,19.73969268798828,6255600
2014-09-04,19.755347045665637,19.86492456364371,19.692731107837922,19.73969268798828,11554000
2014-09-05,19.72404386000661,19.829707063750003,19.66925359692223,19.825794219970703,6153600
2014-09-08,19.790574919733196,19.857105214652815,19.71230459924984,19.747526168823242,4607600
2014-09-09,19.724038121579465,19.72795096422038,19.544016009583974,19.587064743041992,6321000
2014-09-10,19.551843187747394,19.598806256727915,19.414871302091512,19.587064743041992,12728000
2014-09-11,19.497049762506986,19.60271440307632,19.48530974451525,19.55966567993164,8525400
2014-09-12,19.540108657727515,19.59489742738555,19.39530955321956,19.46966552734375,7705000
2014-09-15,19.48532646973395,19.547942440904986,19.39922894954283,19.497066497802734,6382000
2014-09-16,19.450092857386107,19.669247874435523,19.43443850105927,19.587064743041992,6635000
2014-09-17,19.69273537846889,19.810140100746413,19.626206583235042,19.70447540283203,10319800
2014-09-18,19.78274708349437,19.86884458246405,19.76317987724185,19.837535858154297,8969800
2014-09-19,19.91773646996273,19.9845752919083,19.795854794535675,19.831239700317383,12151000
2014-09-22,19.93739389530311,19.996369236662563,19.807650244039642,19.823375701904297,7674400
2014-09-23,19.803721367094116,19.839106278403264,19.7132935937053,19.72115707397461,5931000
2014-09-24,19.73295423061681,19.945263727372236,19.709365286403347,19.92560577392578,8558200
2014-09-25,19.8509059626342,19.858767944568914,19.62286949157715,19.62286949157715,9410000
2014-09-26,19.638592868204448,19.83517537639507,19.622865907595873,19.81551742553711,9455000
2014-09-29,19.725088637422097,19.7879964814047,19.603208439219674,19.732952117919922,18208000
2014-09-30,19.71329553307115,19.748680447861414,19.461670138920674,19.497055053710938,15665800
2014-10-01,19.461667254391628,19.461667254391628,18.989868960384683,19.03704833984375,22576200
2014-10-02,18.993804469226244,19.04098385618431,18.726452110121084,18.989871978759766,18147000
2014-10-03,19.099964350342752,19.143211258462586,19.013467534490935,19.044919967651367,10886200
2014-10-06,19.119616508830934,19.1667958941633,18.978076853028213,19.040983200073242,9574800
2014-10-07,18.985941578341016,18.985941578341016,18.702862248180796,18.70679473876953,12121400
2014-10-08,18.706788240718158,18.978071504684046,18.498409806264032,18.950550079345703,21046800
2014-10-09,18.950550895770192,18.958414374749232,18.427640792203373,18.486616134643555,29256400
2014-10-10,18.490551097283014,18.557389933063856,18.19960981157041,18.203540802001953,30357400
2014-10-13,18.183885688551577,18.337219836010433,17.708156282382866,17.73567771911621,33150600
2014-10-14,17.853628253272557,18.04627982429705,17.672772655857518,17.790721893310547,22002600
2014-10-15,17.468322653382096,17.987300380439848,17.33464648127294,17.912599563598633,37910800
2014-10-16,17.598067002254723,18.191747068461243,17.56661457811046,18.089523315429688,40441000
2014-10-17,18.28217014384813,18.466958149970942,18.242854248837226,18.329349517822266,22297400
2014-10-20,18.290042846876368,18.6203016308625,18.215342008760295,18.60850715637207,34382600
2014-10-21,18.718585945449618,19.037048636518033,18.71465345554691,19.0095272064209,14263600
2014-10-22,19.147134373369017,19.186450270517533,18.844397165948347,18.856191635131836,18426400
2014-10-23,18.993803074013112,19.048845938055226,18.789357079138426,18.84046745300293,59893600
2014-10-24,18.87585323772964,19.001667432531992,18.702861157060553,18.98200798034668,13400600
2014-10-27,18.812948217122102,18.85226562446018,18.510212429550432,18.58491325378418,70286800
2014-10-28,18.702860262020636,18.7854245579475,18.628159446630455,18.769699096679688,15180600
2014-10-29,18.76576610085139,18.793287532085426,18.411918485068554,18.537731170654297,47813800
2014-10-30,18.46696558705893,18.77756488226344,18.46696558705893,18.67927360534668,13382800
2014-10-31,18.836536630458504,19.037050136942085,18.769699294899166,19.02918815612793,16805200
2014-11-03,19.037044011346712,19.107813814346933,18.828667091293344,18.895505905151367,41656400
2014-11-04,18.84440523657136,18.887653641840224,18.612437744515983,18.69893455505371,26076200
2014-11-05,18.738245882324183,18.915170451568613,18.726451410976427,18.879785537719727,12231800
2014-11-06,18.816878733310823,19.072435105067097,18.816878733310823,19.033119201660156,7653000
2014-11-07,19.052776775767388,19.155000522288443,19.04098230494017,19.123546600341797,10205000
2014-11-10,19.11568437139549,19.186454200603333,19.06850498519214,19.174659729003906,7286000
2014-11-11,19.166795921550644,19.284745134952907,19.14320547894794,19.269018173217773,7220400
2014-11-12,19.253293905311505,19.363379644673344,19.225772470471046,19.316200256347656,7708000
2014-11-13,19.335860173536172,19.473467361713524,19.213978449860615,19.320133209228516,8238600
2014-11-14,19.343715893969538,19.418416694748213,19.296536519783285,19.379100799560547,6337400
2014-11-17,19.363379096929233,19.39876401212397,19.304403738336113,19.375173568725586,5254200
2014-11-18,19.37910653551772,19.622868457403122,19.37910653551772,19.607141494750977,10036200
2014-11-19,19.59142015039709,19.642530540052384,19.512786820411844,19.57962417602539,9681800
2014-11-20,19.481329677896685,19.68184471130371,19.422355814981387,19.68184471130371,7717000
2014-11-21,19.933474518117645,20.05535476154802,19.846977700349427,19.92167854309082,19118400
2014-11-24,19.953121375744438,19.953121375744438,19.799787283958793,19.831239700317383,4283800
2014-11-25,19.83517365048205,19.894147497924454,19.744745884559396,19.76047134399414,4812800
2014-11-26,19.701500430362486,19.787997219258305,19.626798112750425,19.776201248168945,3762000
2014-11-28,19.583545472307055,19.603203418614218,19.284739289139576,19.327987670898438,9735400
2014-12-01,19.269019627452533,19.355516423718072,19.0252577013837,19.12748146057129,24024600
2014-12-02,19.12747841890678,19.28474352370167,19.084230027651397,19.24149513244629,11861000
2014-12-03,19.284749036173178,19.552101440532194,19.23756964122921,19.524580001831055,14694400
2014-12-04,19.47346038127709,19.630726968368325,19.457734922412225,19.583547592163086,11708000
2014-12-05,19.57962169780428,19.70150341884497,19.532442305707107,19.567827224731445,6722200
2014-12-08,19.544231487504288,19.548163977334468,19.229699792334294,19.257221221923828,11003800
2014-12-09,19.154998340724497,19.320126912721253,19.076365044618978,19.308332443237305,12046800
2014-12-10,19.22970581613272,19.24936377202528,18.864062137268753,18.91124153137207,15161200
2014-12-11,18.970212198283118,19.131409796348848,18.8876479041092,18.926963806152344,7843600
2014-12-12,18.734320606485664,18.840473880607465,18.388334843291787,18.400129318237305,17337800
2014-12-15,18.466964219334436,18.52200709036223,18.227133281451277,18.301834106445312,17990000
2014-12-16,18.234990154783937,18.612428133456064,18.156356867609276,18.160287857055664,19044000
2014-12-17,18.227133516324322,18.70679539827152,18.227133516324322,18.655683517456055,21216000
2014-12-18,18.946619412611565,19.092091531741804,18.777558355096676,19.08029556274414,14030200
2014-12-19,19.24805277566693,19.382571597362453,19.164966511340392,19.315311431884766,10772600
2014-12-22,19.374653424371928,19.374653424371928,19.21639549625394,19.32717514038086,6613400
2014-12-23,19.406305972778853,19.53291172375841,19.366742241570094,19.477521896362305,14191200
2014-12-24,19.40630387592575,19.48147707006337,19.37860896522014,19.410261154174805,3757600
2014-12-26,19.528955954341374,19.540824771852083,19.449826982664252,19.477521896362305,2594000
2014-12-29,19.430045117059873,19.53291172375841,19.430045117059873,19.477521896362305,4346400
2014-12-30,19.433998786631367,19.497301655281262,19.402348106936138,19.410261154174805,4335200
2014-12-31,19.453787992218214,19.453787992218214,19.21640252250351,19.220359802246094,5968800
2015-01-02,19.220361488155863,19.335096953334627,19.13331943730426,19.248056411743164,10469600
2015-01-05,19.101661318576575,19.157051148599077,18.674367266074643,18.7574520111084,10877600
2015-01-06,18.812843133528382,18.87219024649217,18.492372949451315,18.591283798217773,10109000
2015-01-07,18.729759862083206,18.85636563776295,18.658543924605862,18.800975799560547,7120600
2015-01-08,18.99088753927805,19.299488978828073,18.943410743022696,19.248056411743164,15281000
2015-01-09,19.33509653652607,19.378617561013684,19.062103077367546,19.149145126342773,13701600
2015-01-12,19.058139235049616,19.184746494173343,18.891969754325284,19.10561752319336,9316200
2015-01-13,19.212445212248195,19.267835050125097,18.74162857177474,18.8919734954834,11710000
2015-01-14,18.55963049520201,18.698105071512,18.373677627648863,18.67041015625,13568600
2015-01-15,18.753498000881635,18.92362478577403,18.634803771972656,18.634803771972656,11710800
2015-01-16,18.662496213035006,18.96318600612127,18.607106385166382,18.931533813476562,10920400
2015-01-20,19.06210093810315,19.085840087685,18.781194459720986,18.96319007873535,8123200
2015-01-21,18.923628462416143,19.168926998584386,18.87615015792414,19.149145126342773,9423200
2015-01-22,19.244098102522525,19.422137965534112,19.1135365424874,19.390485763549805,11556600
2015-01-23,19.35091681061647,19.35091681061647,19.077923433668186,19.089792251586914,10073400
2015-01-26,19.077924697222848,19.196617412050237,18.994838438509895,19.17287826538086,6202200
2015-01-27,18.907799520119845,19.18079293826252,18.82471476363206,19.04231834411621,9032800
2015-01-28,19.070022260980938,19.105630246171312,18.6664655985769,18.698116302490234,11557000
2015-01-29,18.721848088889082,18.975059657512364,18.59919807503593,18.943408966064453,11916800
2015-01-30,18.785149876317245,19.09375126877097,18.733715807821653,18.868234634399414,15617400
2015-02-02,18.888019077837306,19.089796574446172,18.761411784575667,19.038362503051758,13251000
2015-02-03,19.16892694587561,19.469615327197616,19.141232022961486,19.457746505737305,12252200
2015-02-04,19.3390516607064,19.477526260221325,19.28761759120374,19.331138610839844,11367200
2015-02-05,19.39444193173703,19.817780298820992,19.39444193173703,19.797998428344727,11729000
2015-02-06,19.80591205809554,19.837562749931966,19.695130863517996,19.750520706176758,11220200
2015-02-09,19.64368379103381,19.84150537398779,19.64368379103381,19.726768493652344,7411200
2015-02-10,19.85339088692539,19.892954633094146,19.667437959559845,19.873172760009766,6491000
2015-02-11,19.82173502340715,19.912734339464752,19.72678144642689,19.84151840209961,6447800
2015-02-12,19.960209087546495,20.241115528849296,19.960209087546495,20.1817684173584,9801200
2015-02-13,20.237160845168933,20.38750425296436,20.197595598965016,20.351896286010742,5802800
2015-02-17,20.26090009521537,20.45476604388542,20.22529212542944,20.37563705444336,6542400
2015-02-18,20.316291398595435,20.431028366088867,20.233206632862974,20.431028366088867,5948400
2015-02-19,20.3795938556244,20.533896072008574,20.288596041404002,20.486417770385742,6011400
2015-02-20,20.44684836395993,20.577409884103574,20.284634651502916,20.545759201049805,7145800
2015-02-23,20.478505039475426,20.561591313981094,20.38750722383593,20.52202606201172,5530200
2015-02-24,20.577408097909743,20.636755198715964,20.494323364188606,20.609060287475586,4613600
2015-02-25,20.597195242505254,20.66049812396866,20.51410898431099,20.54971694946289,3915200
2015-02-26,20.545760881941767,20.589281895303394,20.35980801003653,20.41915512084961,5456000
2015-02-27,20.395416944075986,20.478501695755575,20.36376625692844,20.371679306030273,6721200
2015-03-02,20.37960107985209,20.514119963614768,20.284647461466996,20.506208419799805,6564600
2015-03-03,20.431022314220627,20.502238237827903,20.328155707487678,20.395414352416992,6416600
2015-03-04,20.280680567206307,20.371679879810575,20.18572699382944,20.324201583862305,6586200
2015-03-05,20.375630469130932,20.375630469130932,20.165939997751448,20.23715591430664,3874800
2015-03-06,20.146162252488814,20.15011953188034,19.924602902879336,19.96416664123535,8790000
2015-03-09,19.97999633629007,20.055168056399886,19.948344132500583,19.991865158081055,5047400
2015-03-10,19.83360303477116,19.83360303477116,19.659518981883867,19.687213897705078,10305200
2015-03-11,19.72282063428897,19.758428596593543,19.631822843790527,19.663475036621094,5070400
2015-03-12,19.68325871728833,19.924601427464278,19.68325871728833,19.908775329589844,6201200
2015-03-13,19.821731046886732,19.837557142961803,19.592258690836598,19.71886444091797,8384400
2015-03-16,19.805908118949947,19.805908118949947,19.60017338052115,19.687213897705078,8025200
2015-03-17,19.54874110656265,19.596217893847083,19.386527366519314,19.46961212158203,15766000
2015-03-18,19.37465794627798,19.88503678959536,19.27178981621477,19.76634407043457,12978400
2015-03-19,19.667431023724838,19.69512593812823,19.406306467021693,19.426088333129883,7913600
2015-03-20,19.475733416607756,19.678274019537334,19.4121911181428,19.551189422607422,9535000
2015-03-23,19.527360492570104,19.630617674430592,19.49956083167718,19.551189422607422,6741200
2015-03-24,19.51147885105562,19.57899189005385,19.42013687860431,19.48764991760254,4460200
2015-03-25,19.523393408202484,19.598849428295473,19.269224166870117,19.269224166870117,7364200
2015-03-26,19.241422890095667,19.384393455119177,19.217593957602396,19.312908172607422,8144800
2015-03-27,19.35659457123188,19.420136878805977,19.27716630802223,19.30496597290039,7369200
2015-03-30,19.42410138967532,19.630614201897576,19.42410138967532,19.56707191467285,5590200
2015-03-31,19.475726091387617,19.519411689207704,19.372468948364258,19.372468948364258,6928000
2015-04-01,19.412193257612923,19.459849607972,19.25333673645858,19.428077697753906,8416000
2015-04-02,19.340707184218093,19.503534430011612,19.340707184218093,19.447935104370117,4940800
2015-04-06,19.42410057197949,19.65841303031324,19.29701600287992,19.602813720703125,5381800
2015-04-07,19.539274532050037,19.733872146518426,19.539274532050037,19.571044921875,3673600
2015-04-08,19.66238676973682,19.702101650513747,19.527359205030862,19.626644134521484,4251200
2015-04-09,19.59884286188669,19.729899685208935,19.57898618061693,19.68224334716797,3810600
2015-04-10,19.702101831619196,19.74181519779338,19.646502512988217,19.737844467163086,3340000
2015-04-13,19.66636163260799,19.753732866977284,19.650475678183028,19.658418655395508,3009200
2015-04-14,19.61870701150178,19.77359129336094,19.610764033590012,19.741819381713867,4350600
2015-04-15,19.785498548066805,20.007897312138173,19.785498548066805,19.93243980407715,6234400
2015-04-16,19.93642360701501,19.99599368400209,19.825223403029128,19.88876724243164,4335000
2015-04-17,19.777562864957986,19.8411051759832,19.634592286409205,19.706077575683594,7655800
2015-04-20,19.737844256381592,19.87684255147467,19.737844256381592,19.849042892456055,4301400
2015-04-21,19.900676383443816,19.900676383443816,19.62664894135723,19.702106475830078,7943800
2015-04-22,19.749762359625635,19.761676069009223,19.582964368382886,19.741819381713867,5424800
2015-04-23,19.76564211597315,19.8768407419243,19.694156852156652,19.793441772460938,9665600
2015-04-24,19.892728293693267,19.96818429380872,19.85698565890852,19.960241317749023,6189200
2015-04-27,20.01981977207977,20.222360428934824,20.011876793285882,20.134990692138672,7235800
2015-04-28,20.13101457469784,20.190586146714104,20.01981592290003,20.16278648376465,6369000
2015-04-29,20.055557071710968,20.222355037003975,19.99598550412467,20.15087127685547,6888600
2015-04-30,20.079383560073676,20.1746962386602,19.948326733307564,20.02378273010254,8893400
2015-05-01,20.146901659902454,20.405043133169485,20.11115901768037,20.35341453552246,13499800
2015-05-04,20.412982391572932,20.448725027282592,20.289868531913474,20.29781150817871,8300400
2015-05-05,20.254130563056275,20.409014848496508,20.019818011630036,20.067474365234375,7522600
2015-05-06,20.182644122134647,20.22235749537475,19.999960181281242,20.07144546508789,10031200
2015-05-07,19.960239820174426,20.17866785800845,19.904640506895824,20.158809661865234,12460800
2015-05-08,20.393129926414847,20.56390017670545,20.38915919464987,20.480501174926758,9262000
2015-05-11,20.46858997575522,20.50036037867736,20.353419045854547,20.385190963745117,8234400
2015-05-12,20.309728913353055,20.309728913353055,20.158815366768867,20.170730590820312,7549600
2015-05-13,20.1151297834586,20.234271410440154,20.0714441667395,20.146900177001953,7628000
2015-05-14,20.24619076918493,20.373275408762545,20.24619076918493,20.357389450073242,6319000
2015-05-15,20.3375310184219,20.45667266845703,20.289874661401498,20.45667266845703,6259800
2015-05-18,20.369298173622752,20.432840473125516,20.32164031276974,20.365325927734375,5381000
2015-05-19,20.33752607765015,20.37326871547425,20.206470748940394,20.266040802001953,5429000
2015-05-20,20.301785760680836,20.32164244730466,20.20250081259363,20.25412940979004,4407400
2015-05-21,20.262068819513935,20.369296726362677,20.202497255164253,20.325611114501953,3818800
2015-05-22,20.313703555534875,20.341503223320178,20.26604568364441,20.301788330078125,3509000
2015-05-26,20.198524741963297,20.202495472251204,19.972155241360593,20.047611236572266,7575200
2015-05-27,20.047621620673347,20.210448916235713,20.023792681700147,20.178678512573242,5586000
2015-05-28,20.1469000092757,20.242214219048225,20.10718663893513,20.23029899597168,3484200
2015-05-29,20.222357437081417,20.226329683374825,20.04761647437336,20.099245071411133,6502400
2015-06-01,20.146898731591545,20.1627846847075,19.96818554645674,20.10718536376953,8735800
2015-06-02,20.079388619589068,20.262072562051557,20.03570299965932,20.170730590820312,7311600
2015-06-03,20.238240526735844,20.313698045945618,20.154841545999854,20.190584182739258,5260400
2015-06-04,20.07144456206743,20.07144456206743,19.856988720295913,19.952302932739258,7545400
2015-06-05,19.88478511995881,19.956270388817668,19.777557216670523,19.8609561920166,5924400
2015-06-08,19.86096399131299,19.900678886812496,19.78550796231646,19.789480209350586,7849000
2015-06-09,19.77754933168007,19.908606110660337,19.77754933168007,19.80137825012207,5217600
2015-06-10,19.920536607780427,20.079393168061095,19.90862289599833,20.00790786743164,5454400
2015-06-11,20.0277613992555,20.095274441994814,19.999961732837168,20.055561065673828,3716400
2015-06-12,20.023786344624156,20.031729321768115,19.896701740256763,19.936416625976562,4747000
2015-06-15,19.785499521571356,19.888756690850904,19.71004352476531,19.81329917907715,6711800
2015-06-16,19.773588665882446,19.92847292716087,19.761673443114,19.91655921936035,4290400
2015-06-17,19.95627622983081,20.043647476223875,19.809334918598278,19.999961853027344,7079200
2015-06-18,20.071446782945245,20.218388091543243,20.059531558216417,20.166759490966797,7331200
2015-06-19,20.135244195717664,20.203065764208823,20.03151512145996,20.03151512145996,7395000
2015-06-22,20.139228733867384,20.139228733867384,20.047469355266227,20.10731315612793,3962600
2015-06-23,20.11528338285662,20.139221198622998,20.01155589164999,20.051450729370117,4503200
2015-06-24,20.007576225214112,20.019544377660445,19.792140349832863,19.79612922668457,6282600
2015-06-25,19.80410674344067,19.87591869552334,19.720326639974584,19.780170440673828,4896200
2015-06-26,19.820063878712965,19.855969852191794,19.676439984797643,19.70436668395996,5812000
2015-06-29,19.55276678598781,19.616599469305168,19.225624093749953,19.245573043823242,12405400
2015-06-30,19.413132131984856,19.468985536386107,19.261528947259226,19.3054141998291,12598400
2015-07-01,19.496909903084553,19.504889177313355,19.361265284976817,19.413129806518555,10832600
2015-07-02,19.44105724111157,19.484942490085324,19.28147631616911,19.353286743164062,10276600
2015-07-06,19.19371223449707,19.377231044380448,19.08599427515904,19.19371223449707,12870600
2015-07-07,19.149824519950787,19.193709777978285,18.802734376656247,19.1298770904541,13718200
2015-07-08,18.970291415841977,19.026144817782747,18.695013282609153,18.71097183227539,14981600
2015-07-09,18.98624558829725,19.01018340727783,18.762830510150653,18.766820907592773,9807600
2015-07-10,18.97827158049696,19.070030962543495,18.930397451144664,19.030136108398438,7608400
2015-07-13,19.14982029311304,19.25753821488872,19.117903195450182,19.237590789794922,5799800
2015-07-14,19.181742660149876,19.38520888702593,19.181742660149876,19.345314025878906,4889000
2015-07-15,19.349304335132608,19.35728361233078,19.14583809319956,19.19371223449707,6131800
2015-07-16,19.145830154418945,19.205672425754475,19.081997485193185,19.145830154418945,9163400
2015-07-17,19.085985447367456,19.137849964221047,18.914434871682424,19.01417350769043,14497000
2015-07-20,19.01816844599458,19.01816844599458,18.8186911103904,18.854597091674805,8895400
2015-07-21,18.838643639749776,18.990245347843047,18.683051531927347,18.73890495300293,6918600
2015-07-22,18.69900206031577,18.754855461961533,18.615221957847123,18.659107208251953,11785000
2015-07-23,18.702991878774306,18.75086600414477,18.339943257442037,18.3878173828125,9715200
2015-07-24,18.383833238564602,18.39181099327068,17.869181312212724,17.984878540039062,14524400
2015-07-27,17.797364726772827,18.000830900594448,17.741511326974383,17.785396575927734,18553800
2015-07-28,17.813327626311114,18.204303042277733,17.72555710696854,18.15642738342285,28776400
2015-07-29,18.184348888705347,18.343929793545392,18.0965784018143,18.288076400756836,19170800
2015-07-30,18.292068441404645,18.407765644707503,18.272121015084757,18.379838943481445,11191600
2015-07-31,18.507502046353512,18.507502046353512,18.296056613685742,18.33196258544922,9396000
2015-08-03,18.31600073486403,18.399780813241417,18.09258567063372,18.188335418701172,11408400
2015-08-04,18.200311984157565,18.371862617448183,18.19632310700976,18.26813507080078,13195600
2015-08-05,18.399788656425816,18.55538073170458,18.300049990540327,18.359893798828125,11673400
2015-08-06,18.355904760313948,18.423727849526,18.2681357627161,18.296062469482422,12226800
2015-08-07,18.17636647603809,18.292062117451444,17.980878113149068,18.040721893310547,11703000
2015-08-10,18.212277050049888,18.495534434485403,18.100568733596425,18.483566284179688,10623000
2015-08-11,18.19233351945217,18.28409443874922,18.064668138549383,18.140470504760742,11703800
2015-08-12,17.99285422245235,18.2322279271331,17.94099121337906,18.208290100097656,13284600
2015-08-13,18.152438506130633,18.236218626289613,18.092594693507717,18.15642738342285,6056000
2015-08-14,18.176376887613905,18.256166611012677,18.128501227304934,18.240209579467773,4275600
2015-08-17,18.196318431320556,18.351910472256705,18.116527211845604,18.343931198120117,5095800
2015-08-18,18.308023250623194,18.339940343726752,18.204295741818157,18.2242431640625,5708000
2015-08-19,18.132485434709867,18.14046470870326,17.925028876554414,18.000829696655273,8573200
2015-08-20,17.889124275499967,17.940988799486302,17.661720275878906,17.661720275878906,11617400
2015-08-21,17.5579929002313,17.589910001690868,17.230850219726562,17.230850219726562,25100400
2015-08-24,16.21351431222212,17.099193990017316,15.698862525292968,16.50874137878418,55362200
2015-08-25,16.7720531922087,17.131111449965047,16.221495370712912,16.249422073364258,26679000
2015-08-26,16.58853382124955,16.72417693096166,16.313254159586243,16.68827247619629,48975800
2015-08-27,16.955572612919003,17.378465089498526,16.935625184811457,17.2946834564209,23275400
2015-08-28,17.250803915414824,17.458259044415886,17.194948972492835,17.394426345825195,12740600
2015-08-31,17.330585388203406,17.42633515140491,17.10717181055133,17.298669815063477,17998800
2015-09-01,16.843858972446803,17.059293239356577,16.668318023695125,16.77204704284668,17978400
2015-09-02,16.975520944398337,17.03137435482825,16.752107302678684,17.01142692565918,14753000
2015-09-03,17.055306661634944,17.306648449093725,17.039348114709444,17.115150451660156,9719000
2015-09-04,16.847852982369847,16.931633085139893,16.74811432996044,16.77604103088379,14536000
2015-09-08,17.079246798192532,17.21090102345492,16.98748742376335,17.194942474365234,13149600
2015-09-09,17.29866906668761,17.446281820091823,17.035359131638376,17.06328582763672,13668800
2015-09-10,16.96753722550946,17.21887902852309,16.96753722550946,17.103181838989258,10947400
2015-09-11,16.951581174132635,17.08722579541143,16.92764335088662,17.079246520996094,5799000
2015-09-14,17.05531384407772,17.059302721543514,16.835889058064364,16.875783920288086,6685800
2015-09-15,16.90770082083124,17.04733435879826,16.867804437203937,16.999460220336914,7124000
2015-09-16,17.015422353889736,17.258783496708904,16.995473396933043,17.242826461791992,8727000
2015-09-17,17.210900934823897,17.450274604263452,17.127120835371,17.163026809692383,18276000
2015-09-18,16.885414618965836,16.989719191154187,16.745004323643546,16.80116844177246,20257200
2015-09-21,16.921529583611303,16.989728469911807,16.79716501815016,16.857341766357422,12034600
2015-09-22,16.604593523663016,16.62064085279325,16.399995433503896,16.544418334960938,13189600
2015-09-23,16.568494189082124,16.57651785674212,16.167319988230943,16.191390991210938,13856200
2015-09-24,16.05097439785662,16.199409910520178,15.830328958135414,16.14725685119629,18589000
2015-09-25,16.299698375652035,16.299698375652035,16.03091102745202,16.127193450927734,14634200
2015-09-28,16.054984692250645,16.058995759150385,15.585610286393026,15.625728607177734,24683600
2015-09-29,15.701953741208875,15.826318260857134,15.577590751918333,15.685906410217285,26944200
2015-09-30,15.878468179874796,16.046960530877453,15.806256735057255,16.01486587524414,15304400
2015-10-01,16.07905332136056,16.195392608642578,15.870442675014841,16.195392608642578,19226200
2015-10-02,15.922598320378347,16.592559814453125,15.922598320378347,16.592559814453125,46276000
2015-10-05,16.769070605683492,17.029834282243595,16.62464774053372,17.025821685791016,27824000
2015-10-06,17.130126785597565,17.378854188884617,17.110068395557118,17.24646759033203,28153200
2015-10-07,17.29461667863561,17.527296874071794,17.206357881905763,17.47514533996582,31866000
2015-10-08,17.402931813173986,17.77201122783929,17.402931813173986,17.719858169555664,27989800
2015-10-09,17.864280906452613,17.876317169235598,17.647648071008128,17.711835861206055,18153200
2015-10-12,17.747943343608878,17.747943343608878,17.475144825706227,17.559391021728516,14825600
2015-10-13,17.439036524430964,17.619563623485668,17.358801407985787,17.491188049316406,17327000
2015-10-14,17.495202083567317,17.723871189482313,17.459096354719808,17.631601333618164,13386000
2015-10-15,17.647651584150015,17.76800352343505,17.45107557671004,17.679744720458984,9153000
2015-10-16,17.76398956075215,17.808118958851303,17.563402500561697,17.687767028808594,14481000
2015-10-19,17.56741668181773,17.635615553856333,17.475146809458348,17.563404083251953,7810000
2015-10-20,17.54334170310903,17.743928735886893,17.51124857365053,17.591482162475586,7618400
2015-10-21,17.59148574877776,17.64765141490621,17.40293494017068,17.435028076171875,11033000
2015-10-22,17.643629131172613,17.92846225214337,17.599499754332086,17.912416458129883,14518000
2015-10-23,18.080914261852403,18.133067316710548,17.96457342038329,18.060855865478516,13013000
2015-10-26,18.032768330194997,18.08492136922081,17.908403861858698,17.912416458129883,7989200
2015-10-27,17.808114839911283,17.9204430779224,17.68776293770545,17.836196899414062,12333400
2015-10-28,17.808118581987706,18.14109382942904,17.808118581987706,18.10498809814453,15291000
2015-10-29,18.016725891009024,18.181207184513305,18.004691159646452,18.141090393066406,10736200
2015-10-30,18.133071811428,18.317611552382452,18.113013410082157,18.165164947509766,12850200
2015-11-02,18.193242900673923,18.36574786787676,18.149115039836698,18.277490615844727,22701400
2015-11-03,18.22934938848562,18.490113148969773,18.217314655968938,18.349702835083008,15207800
2015-11-04,18.317604088041453,18.44597964077191,18.221321658314956,18.229345321655273,13682400
2015-11-05,18.20527771168631,18.20527771168631,17.992654437458206,18.13707733154297,20570000
2015-11-06,17.988644757312624,18.2133027799143,17.960562695782112,18.18522071838379,9202800
2015-11-09,18.10097265822629,18.18120777407939,17.90038563377232,18.060855865478516,10764200
2015-11-10,17.99666717755967,18.052831296736763,17.820149625451684,17.928466796875,9809200
2015-11-11,17.968586686915664,18.004692413876043,17.840211108913785,17.948528289794922,12558800
2015-11-12,17.763987045344628,17.788058040087808,17.58747100830078,17.58747100830078,18044400
2015-11-13,17.575433439150977,17.904395995753255,17.547351381662295,17.81212615966797,14164800
2015-11-16,17.848229158787483,18.052827193624765,17.784041389979993,18.04079246520996,15463000
2015-11-17,18.072889746739815,18.201265313920533,17.972596239232537,18.020736694335938,25502200
2015-11-18,18.0849293450007,18.357726327823375,18.036787350657498,18.3416805267334,15760600
2015-11-19,18.297547664210633,18.425923230757984,18.28952400000674,18.321617126464844,10586200
2015-11-20,18.36574876527591,18.44999648456328,18.221325852620595,18.26545524597168,7459400
2015-11-23,18.293531329775675,18.42993053266216,18.26143820987382,18.289520263671875,7656200
2015-11-24,18.14509949015363,18.49010936842811,18.14509949015363,18.44196891784668,12506800
2015-11-25,18.44196910689829,18.47406223082913,18.30155728992351,18.32562828063965,8317200
2015-11-27,18.301557540893555,18.337663262284206,18.217311367767824,18.301557540893555,2541600
2015-11-30,18.349706186733744,18.429939791976818,18.281505785847624,18.345693588256836,13122600
2015-12-01,18.357721141351867,18.478074562849546,18.293533364053193,18.474061965942383,15433400
2015-12-02,18.41789556814862,18.462024946511097,18.165155556845342,18.225332260131836,16011800
2015-12-03,18.313596033032145,18.34568916131349,17.97259717160281,18.06486701965332,11657600
2015-12-04,18.104986324027387,18.429936343388153,18.048822198723432,18.38179588317871,11214400
2015-12-07,18.28150072824889,18.369759506028885,17.936490811862555,18.052831649780273,12326200
2015-12-08,17.864280906452613,18.016727482056805,17.68776486599772,17.711835861206055,14852400
2015-12-09,18.169175041000482,18.47807927628307,18.05684525430645,18.245397567749023,25922800
2015-12-10,18.133066430308595,18.2815003926485,17.98864353490438,18.10899543762207,10571600
2015-12-11,17.63962453496575,17.840211572096194,17.603518807067964,17.627588272094727,19088400
2015-12-14,17.535311534358463,17.595488234015505,17.238443692954917,17.394901275634766,17774400
2015-12-15,17.571423165761587,17.675729276247587,17.455082323433952,17.491188049316406,10093200
2015-12-16,17.583455643593318,17.687760201273,17.342750346063145,17.67171287536621,16132800
2015-12-17,17.699799291490297,17.699799291490297,17.318683624267578,17.318683624267578,18393000
2015-12-18,17.282712362781883,17.39992477168599,17.084665298461914,17.084665298461914,28498400
2015-12-21,17.201876430803985,17.286753737785173,17.092747803904413,17.238252639770508,11774200
2015-12-22,17.327171345111193,17.53734482903228,17.270586472867464,17.45650863647461,10536200
2015-12-23,17.58180360029427,17.897063033537187,17.58180360029427,17.868770599365234,11639200
2015-12-24,17.828351974487305,17.901104383278607,17.791975770091653,17.828351974487305,7434000
2015-12-28,17.751557428790615,17.751557428790615,17.5979703762392,17.70305633544922,8323200
2015-12-29,17.804101958140482,17.933439240589987,17.796018185259634,17.868770599365234,7770800
2015-12-30,17.812184951833828,17.86876981770245,17.678806559689498,17.70305633544922,6678200
2015-12-31,17.66264027578047,17.75560135374822,17.549468994140625,17.549468994140625,9359000
2016-01-04,17.266545819241145,17.323130692999506,17.08062210883516,17.274629592895508,28860400
2016-01-05,17.347380904302696,17.347380904302696,17.137208951342117,17.26654624938965,18998000
2016-01-06,17.032121017587205,17.048288564904333,16.72090266993222,16.81386375427246,18614800
2016-01-07,16.506685522501865,16.67239900242889,16.268219632673038,16.357139587402344,25159400
2016-01-08,16.514768495270342,16.53093603931501,16.146965348274428,16.191425323486328,17400400
2016-01-11,16.276305357788694,16.28034647356942,15.79128974752896,15.916585922241211,20131400
2016-01-12,16.15101426983106,16.15101426983106,15.742793607235328,15.940840721130371,14540600
2016-01-13,16.05804798590672,16.09038307920746,15.552823716748483,15.57303237915039,21619200
2016-01-14,15.63366003286955,15.900418387439831,15.443695212767851,15.78320598602295,20744400
2016-01-15,15.45986270904541,15.564948679123464,15.257773000430438,15.45986270904541,18717800
2016-01-19,15.60132834791085,15.653872115512414,15.071854180695926,15.269901275634766,19731200
2016-01-20,14.930392404029941,15.2860708488425,14.667676614900314,15.156733512878418,25650800
2016-01-21,15.229481149084846,15.403278428509914,15.02334877496573,15.290108680725098,23401400
2016-01-22,15.57707642129554,15.795333695009045,15.419446681998759,15.564949989318848,19075200
2016-01-25,15.415402696069172,15.44773778945844,15.04355837302528,15.067808151245117,22283400
2016-01-26,15.229478680762384,15.366899727295177,15.067806317139594,15.326480865478516,15175400
2016-01-27,15.298192762317212,15.560910042094507,15.164814335132602,15.205231666564941,15628600
2016-01-28,15.342649527417413,15.366900846273328,15.092058733194447,15.229479789733887,13311000
2016-01-29,15.354774057885862,15.682158341911725,15.237561677318205,15.67003345489502,16002000
2016-02-01,15.581115415370771,15.77512134053093,15.391152147593012,15.73470401763916,27190800
2016-02-02,15.674080543831773,15.71045676056783,15.447741010205137,15.629620552062988,23018800
2016-02-03,15.815543272085842,16.155054092407227,15.613453534795072,16.155054092407227,28828400
2016-02-04,16.219716622146308,16.71281434650423,16.207590194048578,16.603687286376953,29180400
2016-02-05,16.478399283130724,16.648153942153463,16.357145734996976,16.41373062133789,22863800
2016-02-08,16.16717577534154,16.296513058198514,15.750871492509548,15.981253623962402,23207400
2016-02-09,15.827662808656767,16.2601345768139,15.827662808656767,16.179298400878906,20513600
2016-02-10,16.248011316627807,16.41372480006408,15.985294103994262,16.025712966918945,22744400
2016-02-11,15.698328321527812,15.904459141903798,15.54878237177182,15.678119659423828,27070000
2016-02-12,15.900418230444306,16.142925262451172,15.722579843094076,16.142925262451172,17192000
2016-02-16,16.304599459656266,16.409685440735764,16.0984686136909,16.389476776123047,13573600
2016-02-17,16.522852984014854,16.805778849781717,16.518810326917396,16.71281623840332,14988400
2016-02-18,16.73707050708155,16.73707050708155,16.543064561382945,16.664318084716797,10820400
2016-02-19,16.57540193317259,16.58752836757504,16.40160615284473,16.47031593322754,11860800
2016-02-22,16.65623096614478,16.84215310070941,16.63198119144098,16.785568237304688,10721000
2016-02-23,16.652194917634837,16.66027869226967,16.34501764880059,16.373310089111328,13067400
2016-02-24,16.207596320664734,16.563274690153204,16.130802775518664,16.543066024780273,20284800
2016-02-25,16.583483055389504,16.769406782193602,16.437978200422084,16.757280349731445,10271400
2016-02-26,16.894702659054502,17.09275129090219,16.894702659054502,16.99979019165039,13506200
2016-02-29,17.032118235434947,17.20187437089125,16.886613416992954,16.894697189331055,13677600
2016-03-01,17.096789179336934,17.371631308631567,16.987660550779758,17.327171325683594,24185000
2016-03-02,17.133161040224763,17.29483338412417,17.080617297184194,17.25845718383789,19728600
2016-03-03,17.22208609229967,17.408008263660598,17.18975099719923,17.363548278808594,17211000
2016-03-04,17.383756537353705,17.678808876893815,17.327171664068366,17.565637588500977,19815600
2016-03-07,17.573720961993846,17.808145765207087,17.569679846203535,17.76772689819336,15768800
2016-03-08,17.622225244157963,17.626267902500732,17.319090624991333,17.420135498046875,12577800
2016-03-09,17.513096536299305,17.6141414001132,17.408009014512384,17.52926254272461,11225600
2016-03-10,17.573719897385818,17.727308499089403,17.420131295682236,17.622220993041992,15157800
2016-03-11,17.796020579038224,17.994069186703836,17.796020579038224,17.945568084716797,10040000
2016-03-14,17.832399800112583,17.921319786945485,17.755606247189387,17.824316024780273,10944000
2016-03-15,17.662644894666194,17.864734649658203,17.557557358649763,17.864734649658203,9968600
2016-03-16,17.581799066704395,18.014270782470703,17.581799066704395,18.014270782470703,14579400
2016-03-17,17.98194445157866,18.402289908791367,17.98194445157866,18.345705032348633,15561800
2016-03-18,18.458053226410744,18.55133853427956,18.320155156867514,18.421550750732422,15260400
2016-03-21,18.380990421746187,18.50672149658203,18.1538637679964,18.50672149658203,10149400
2016-03-22,18.149808449093452,18.364766579204996,18.12141781104754,18.295818328857422,8192200
2016-03-23,18.14169427677725,18.198475545543847,18.03624357009265,18.068689346313477,11327200
2016-03-24,17.9186243435484,18.076801177162068,17.841564271247098,18.068689346313477,7524200
2016-03-28,18.048411524819024,18.21064505627111,18.032187862239088,18.145751953125,7898600
2016-03-29,18.020019983261776,18.25120174829969,17.95918202523136,18.247146606445312,8191200
2016-03-30,18.32826042175293,18.40532203566509,18.25120035501419,18.32826042175293,8072600
2016-03-31,18.348551047315798,18.372885004560008,18.113312479459843,18.174150466918945,11115600
2016-04-01,18.044352703351,18.348539352416992,17.910509835118773,18.348539352416992,17181000
2016-04-04,18.23092540766427,18.336376129033287,18.076803694426093,18.109251022338867,11321200
2016-04-05,17.97540677254896,18.08491417531285,17.951071278432444,17.995685577392578,10966400
2016-04-06,17.95107346758985,18.20253562927246,17.83345576628379,18.20253562927246,11345400
2016-04-07,18.06463294990607,18.093023582317667,17.861841834295557,17.938901901245117,10134200
2016-04-08,18.036245471061363,18.25931542780115,18.036245471061363,18.0565242767334,8811400
2016-04-11,18.218751385637105,18.32825876352042,18.137636184692383,18.137636184692383,7691400
2016-04-12,18.247149738915798,18.421548717716576,18.145754156240987,18.389102935791016,9409800
2016-04-13,18.506720207669126,18.632449726574702,18.4904965448511,18.571613311767578,9651800
2016-04-14,18.652722424397478,18.685168189545514,18.54321506607346,18.583772659301758,7076600
2016-04-15,18.63245047267912,18.68112146308214,18.51483278047276,18.66895294189453,6874800
2016-04-18,18.575664620571334,18.758176921676363,18.506716388583502,18.754121780395508,8931400
2016-04-19,18.82712701078594,19.167816157396718,18.798736377499498,19.155649185180664,12652200
2016-04-20,19.179989918775835,19.192156894317183,19.050203689088438,19.098873138427734,13013400
2016-04-21,19.15564599865337,19.22865091415233,19.009636167655454,19.01369285583496,12141200
2016-04-22,19.074534204348147,19.208377099889983,19.04208842635758,19.147539138793945,10859600
2016-04-25,19.127261625133553,19.127261625133553,18.936637444861972,19.0826473236084,9203800
2016-04-26,19.098861209481036,19.261094668847928,19.08263755410976,19.236759185791016,10080000
2016-04-27,19.285439875747524,19.419282790023146,19.200267956030586,19.399003982543945,11411600
2016-04-28,19.252990349756214,19.43144598691848,19.135371123202805,19.216487884521484,11328200
2016-04-29,19.151602982246043,19.28138923703814,18.97314572152626,19.10293197631836,12743800
2016-05-02,19.17998110697951,19.18403624790562,18.98530185188927,19.1718692779541,12408000
2016-05-03,18.993418280895924,19.00558525379414,18.77440348568667,18.855520248413086,18644400
2016-05-04,18.68923341405795,18.80685110701474,18.543223536264726,18.664897918701172,16141200
2016-05-05,18.782516286880956,18.810906923225676,18.53916598613153,18.571613311767578,13942000
2016-05-06,18.53105361552033,18.73790144249733,18.47021720248338,18.721677780151367,13554600
2016-05-09,18.579726072773965,18.60811671053915,18.470218664033798,18.494552612304688,13138200
2016-05-10,18.58783728928585,18.819019073248946,18.551334820914118,18.80279541015625,13576400
2016-05-11,18.835242485880848,18.90013559554554,18.725735073226605,18.737903594970703,11365000
2016-05-12,19.078593675443027,19.139430098236044,18.75412811235873,18.819021224975586,19875200
2016-05-13,18.81091139784395,18.908250303559157,18.56756103920791,18.636510848999023,11247800
2016-05-16,18.677069677933584,18.977201342200566,18.66895784406971,18.95692253112793,11674200
2016-05-17,18.863626597971646,19.050195577483052,18.819013857591575,18.85957145690918,12844800
2016-05-18,18.754125650536235,18.89202369014215,18.48644140273342,18.571613311767578,19165600
2016-05-19,18.53511525302751,18.66084480184082,18.421551133461087,18.636510848999023,12529800
2016-05-20,18.713560618306172,18.847403473773987,18.701393648599336,18.770341873168945,9825200
2016-05-23,18.85957271886887,19.074530794547602,18.85146088902791,18.98935890197754,8569400
2016-05-24,19.050200128486402,19.15970752941263,19.017752803542212,19.115093231201172,9029400
2016-05-25,19.476057578026126,19.476057578026126,19.22459704531907,19.350326538085938,11174200
2016-05-26,19.411172229211097,19.540958462188797,19.13131940727411,19.14348793029785,6667200
2016-05-27,19.06236722743309,19.204320407065804,19.06236722743309,19.135372161865234,8625600
2016-05-31,19.224595786751326,19.224595786751326,19.009636181108608,19.038026809692383,8903800
2016-06-01,19.001528526878634,19.098868951391232,18.806849225026994,19.062366485595703,9823600
2016-06-02,19.04208665671664,19.179984681501896,18.956914756836376,19.167816162109375,6764000
2016-06-03,19.25298944608017,19.374663808760403,19.131313536226475,19.330049514770508,9948400
2016-06-06,19.41522352120389,19.549066417700505,19.382777742981872,19.52878761291504,13869400
2016-06-07,19.54500567427079,19.601788481934875,19.451721953868333,19.536893844604492,7281400
2016-06-08,19.662631986904856,19.711301435311434,19.581515208111313,19.65046501159668,7884400
2016-06-09,19.549067841950485,19.557179673890385,19.41928162525955,19.508508682250977,7931200
2016-06-10,19.386829364817842,19.476057946280168,19.31382444310746,19.36249542236328,9617800
2016-06-13,19.370609084190054,19.439558876577138,19.14348399673523,19.147539138793945,10488000
2016-06-14,19.090758534921257,19.15159649814603,18.879855555495354,19.005586624145508,15125000
2016-06-15,19.07858849082903,19.224598341332193,19.046141169751248,19.090755462646484,8335800
2016-06-16,19.00963932989412,19.16376101571586,18.843350671856328,19.155649185180664,11745400
2016-06-17,19.116923536066103,19.279966721790554,19.07208615464617,19.239206314086914,11854200
2016-06-20,19.422639877295484,19.589760110895195,19.337040495277623,19.34926986694336,11932000
2016-06-21,19.36556911307471,19.394103271140164,19.22698151707363,19.296276092529297,6126800
2016-06-22,19.312588320720646,19.385958344213602,19.28405570657459,19.31666374206543,6083400
2016-06-23,19.50823401616632,19.622364430731817,19.48377683236931,19.614212036132812,7116400
2016-06-24,18.945736393563664,19.186226657616594,18.70932310537694,18.758235931396484,24895000
2016-06-27,18.615567503267464,18.615567503267464,18.024533626504827,18.126436233520508,17979600
2016-06-28,18.27317354755594,18.391379372568537,18.089748570936177,18.28132438659668,20741200
2016-06-29,18.50551052177659,18.652248941729923,18.4606731344672,18.591108322143555,13311000
2016-06-30,18.644096767608907,18.896814731266428,18.542194187353942,18.888662338256836,11955600
2016-07-01,18.8886657665215,19.019100968528853,18.835675979796555,18.896818161010742,9928200
2016-07-05,18.798989886674597,18.872359877892407,18.48920668868508,18.554424285888672,11140200
2016-07-06,18.48920667741018,18.65224989286465,18.34654211461358,18.62779426574707,11675600
2016-07-07,18.56257780812006,18.827523632589624,18.56257780812006,18.676708221435547,8517200
2016-07-08,18.8071437191592,19.17806912317063,18.8071437191592,19.14138412475586,10483000
2016-07-11,19.206603425803724,19.288125824481813,19.15769060856104,19.235136032104492,9244600
2016-07-12,19.38187480170235,19.69165958592511,19.36964698689972,19.58568000793457,13508400
2016-07-13,19.618291663202307,19.667204482498867,19.52046446969869,19.638671875,7860800
2016-07-14,19.716116672533687,19.85062886494424,19.69573646138645,19.81394386291504,9951000
2016-07-15,19.88323402404785,19.9402992289938,19.830245793689596,19.88323402404785,7262200
2016-07-18,19.883240449126138,20.034057459401463,19.756882184460135,20.013675689697266,5911000
2016-07-19,19.90768984924158,19.981059837714408,19.81393965395077,19.895462036132812,7029600
2016-07-20,19.846552994970573,19.95660800718685,19.75687974994698,19.90361976623535,8024400
2016-07-21,19.91584419299878,19.919919612797372,19.707962020334403,19.78133201599121,7250600
2016-07-22,19.80171776073008,19.879163191755417,19.748727963233495,19.834325790405273,7778800
2016-07-25,19.813937940835732,19.813937940835732,19.667197976577228,19.80171012878418,9678400
2016-07-26,19.797637515844055,19.96475772197165,19.781332726243722,19.952529907226562,8344000
2016-07-27,19.968835091345603,20.046280511111764,19.83024748682539,19.976985931396484,8514200
2016-07-28,19.932150667714804,20.01367150986318,19.834323480262203,19.948453903198242,7331000
2016-07-29,19.891391204281646,19.907695996734997,19.70796617645796,19.846553802490234,8545600
2016-08-01,19.846549054697352,19.85062602929067,19.654973231387324,19.736494064331055,7131600
2016-08-02,19.72019865269728,19.77726388035688,19.553078391018104,19.683513641357422,12103200
2016-08-03,19.716118989550544,19.80986921577361,19.58976073264193,19.732423782348633,6950800
2016-08-04,19.73242146341565,19.866933655826205,19.69166104112118,19.81394386291504,7105000
2016-08-05,19.842478735846186,19.919924169015424,19.809869150357695,19.87916374206543,6312000
2016-08-08,19.899539758474816,19.97698517530983,19.871007154645582,19.919919967651367,9463600
2016-08-09,19.928074845391617,19.99736943111852,19.818019836232757,19.858781814575195,7983000
2016-08-10,19.895461670795676,19.952526870802192,19.834319496554357,19.862852096557617,4510600
2016-08-11,19.960683273448815,19.98513890412917,19.84247587545912,19.948453903198242,5391400
2016-08-12,19.94845165078723,19.968833413933382,19.69573364785919,19.736494064331055,6764400
2016-08-15,19.805792573940206,19.985140618929922,19.793564757550836,19.936227798461914,4634000
2016-08-16,19.968833565611003,20.04627897945989,19.822093577341345,19.830245971679688,6769200
2016-08-17,19.81394386291504,19.85878126038522,19.650899063916263,19.81394386291504,6152800
2016-08-18,19.822092257683547,19.940298080444336,19.813939863887956,19.940298080444336,6755800
2016-08-19,19.89138695319332,19.997366526580063,19.773179565535127,19.968833923339844,9812200
2016-08-22,19.895462246933764,19.968832236183978,19.789482682501173,19.940298080444336,6100000
2016-08-23,20.11557329900576,20.205248087612798,20.0666604847248,20.11149787902832,8259400
2016-08-24,20.082968986636644,20.082968986636644,19.85470655294906,19.87916374206543,7807800
2016-08-25,19.85878009173452,20.001443116280175,19.85470311679873,19.976985931396484,6776400
2016-08-26,20.054429457930997,20.18486464506306,19.781329715872555,19.862852096557617,11969600
2016-08-29,19.834327045196964,20.087045122082227,19.830251624321203,20.042207717895508,5967600
2016-08-30,20.03405383197559,20.140031862659413,19.956606852908145,19.9932918548584,7531600
2016-08-31,19.89139522951429,19.92400482101988,19.748732153954602,19.793569564819336,8380400
2016-09-01,19.854707523565807,19.89954492834909,19.728349260897303,19.87508773803711,9463600
2016-09-02,20.02590483154831,20.074817657470703,19.96476263296229,20.074817657470703,6608600
2016-09-06,20.095191582887086,20.148181368083506,19.944376176462114,20.02997398376465,6408600
2016-09-07,19.985139072383937,20.05850907486349,19.875084068664606,20.00144386291504,11484200
2016-09-08,19.964756775194157,20.00959416701361,19.854701782976477,19.915843963623047,5730200
2016-09-09,19.769107601242865,19.781335417651643,19.31665973519162,19.337039947509766,17347400
2016-09-12,19.22291226205587,19.573457561707936,19.186227252675753,19.52046775817871,13025600
2016-09-13,19.320738687967953,19.398184124667207,19.031334045753496,19.15769386291504,20948000
2016-09-14,19.157695226429823,19.231065247434547,19.055792592246686,19.112857818603516,15579600
2016-09-15,19.084320605241803,19.27589800889875,19.039483208223334,19.235136032104492,11751200
2016-09-16,19.10485019556616,19.190889246781182,19.072072521050604,19.158111572265625,17158000
2016-09-19,19.244147913701365,19.31379811219444,19.154010891721903,19.18678855895996,7353000
2016-09-20,19.33019010823842,19.354773362688793,19.125334343261688,19.129430770874023,7998800
2016-09-21,19.235957629745627,19.44490983304352,19.199083527642994,19.42032814025879,11192400
2016-09-22,19.55962527413737,19.64976073017984,19.432614162221654,19.481779098510742,5991400
2016-09-23,19.416227568790354,19.510461025432974,19.379353471588868,19.383451461791992,8620400
2016-09-26,19.395745686774124,19.424425371492884,19.268734538072753,19.293317794799805,7515600
2016-09-27,19.227762435146232,19.367064419364468,19.194984762188778,19.350675582885742,6643200
2016-09-28,19.39575186890834,19.59241329663114,19.305614795104773,19.571928024291992,9133200
2016-09-29,19.494076344464055,19.625183915734407,19.35887078244589,19.42032814025879,9322800
2016-09-30,19.539143169627444,19.633376638155738,19.47768737515709,19.5637264251709,9390600
2016-10-03,19.576018620384477,19.629281562936004,19.51456282167945,19.53914451599121,16199400
2016-10-04,19.567822205264314,19.60469630589619,19.240053290161775,19.272830963134766,11833600
2016-10-05,19.309702931106873,19.48997542377171,19.309702931106873,19.4039363861084,13485600
2016-10-06,19.35887065108534,19.576017271479863,19.330190967747402,19.5637264251709,10459600
2016-10-07,19.588307664176828,19.588307664176828,19.133527642456578,19.199081420898438,11781800
2016-10-10,19.31380271911621,19.453104712255268,19.272832188221134,19.31380271911621,6183800
2016-10-11,19.178597288117032,19.199082552038526,18.928673004668635,19.051586151123047,22701000
2016-10-12,19.067972401970483,19.084361236055667,18.9204760210543,19.01470947265625,8116400
2016-10-13,18.80985372559237,18.961446533488452,18.666455334734625,18.916378021240234,9894200
2016-10-14,18.998325690174823,19.113045996349697,18.95735515699315,18.977840423583984,9537400
2016-10-17,18.98603013115194,19.063874750049134,18.957350452456904,18.994224548339844,6538200
2016-10-18,19.182690560906956,19.223661082011848,19.100747955771975,19.166301727294922,5839600
2016-10-19,19.211371479721524,19.338382604034575,19.137623286626887,19.305604934692383,5369600
2016-10-20,19.281026391264074,19.354774596390552,19.15811167410291,19.289220809936523,5456400
2016-10-21,19.289219350913957,19.293315778477552,19.09255644350175,19.281024932861328,7725800
2016-10-24,19.354774921003433,19.387551033317383,19.27692872377234,19.326093673706055,6041400
2016-10-25,19.240054992688442,19.31790119142506,19.108947415045893,19.149919509887695,6744000
2016-10-26,19.125332884023944,19.15401256389843,19.035195854175374,19.121234893798828,6690200
2016-10-27,19.170403093284627,19.20317920335574,19.010615844739938,19.096654891967773,9517200
2016-10-28,19.15401312809342,19.305605949456016,19.04339083263681,19.14581871032715,10611400
2016-10-31,19.149920066610512,19.211375866271432,19.117142389784163,19.154016494750977,14324200
2016-11-01,19.19499078109135,19.272836997312517,18.936873558779155,19.043397903442383,28453800
2016-11-02,19.072067467894037,19.108941560491452,18.940959930419922,18.940959930419922,11679600
2016-11-03,18.928673800332824,19.043392533455734,18.895896126340265,18.9450626373291,8482800
2016-11-04,18.945060617072507,19.113042271057395,18.916379373924762,19.0106143951416,8831400
2016-11-07,19.23185238502048,19.301504135131836,19.170396613313347,19.301504135131836,14197000
2016-11-08,19.252351487292707,19.424429633360532,19.21137938375803,19.362972259521484,10583600
2016-11-09,19.350675986138295,19.817746895037097,19.19498516219686,19.77267837524414,29530200
2016-11-10,19.862815171567295,20.10044861377418,19.854620753257525,20.002117156982422,40670600
2016-11-11,19.97343591277107,19.993921175481145,19.604694932288226,19.727609634399414,13428000
2016-11-14,19.817746895037097,19.838232159599666,19.64976522494322,19.77267837524414,16677400
2016-11-15,19.76039221224303,19.858723693543322,19.621090192107708,19.854625701904297,13921400
2016-11-16,19.809552697587336,19.88739889188912,19.75219333100214,19.817747116088867,7433000
2016-11-17,19.879202110934195,19.8955909459896,19.723511303758517,19.825939178466797,8271800
2016-11-18,19.82184162826567,19.82184162826567,19.739899020555995,19.797258377075195,7788400
2016-11-21,19.825945953648713,20.038996193399296,19.825945953648713,20.03080177307129,7598200
2016-11-22,20.084063003883454,20.194685324449836,20.02670362942512,20.15371322631836,10270200
2016-11-23,20.116837650117176,20.256139647738024,20.059478279848406,20.24384880065918,6997600
2016-11-25,20.26433148369222,20.317594419120542,20.231555374684696,20.3053035736084,3205200
2016-11-28,20.317599268602493,20.317599268602493,20.17829725548919,20.223365783691406,9059400
2016-11-29,20.15371175427933,20.325791428011257,20.075867117903947,20.24384880065918,6861400
2016-11-30,20.350366720724146,20.51015549711381,20.28481295204831,20.460988998413086,14855000
2016-12-01,20.53064030871173,20.620777324770767,20.407727190492658,20.46918296813965,16413400
2016-12-02,20.452801309823823,20.54293835750022,20.358567834037434,20.477384567260742,12528200
2016-12-05,20.55932805821407,20.706824483171477,20.510163104203503,20.63717269897461,10625800
2016-12-06,20.63716754113298,20.665847220715047,20.506059987922004,20.66175079345703,13429600
2016-12-07,20.702720992441915,20.969034084862688,20.66175046880424,20.956743240356445,14901400
2016-12-08,20.981329955518508,21.177991329355788,20.973135536242914,21.096050262451172,14014200
2016-12-09,21.14930646596078,21.14930646596078,20.993617226614518,21.100141525268555,8984800
2016-12-12,21.128825941513107,21.177990893228536,20.99362193356427,21.00591278076172,9475000
2016-12-13,21.083757307481495,21.096049717540208,20.84612540632994,20.973134994506836,9274600
2016-12-14,20.96903180738332,21.00180791014854,20.686331473967176,20.72320556640625,18738400
2016-12-15,20.649459617773832,20.911674719992817,20.612585521341455,20.85841178894043,12862000
2016-12-16,20.94667051293214,20.94667051293214,20.74046190754375,20.79407501220703,10354600
2016-12-19,20.7322099628749,20.810568653659043,20.67447181458695,20.752830505371094,6404600
2016-12-20,20.728080699139294,20.785820408942914,20.657970554247093,20.769323348999023,8852800
2016-12-21,20.84768660683781,20.864183670408273,20.744582319392276,20.777576446533203,6560200
2016-12-22,20.75696538096859,20.781709414375413,20.629115439793267,20.690977096557617,6630800
2016-12-23,20.748712949352683,20.748712949352683,20.60849101780395,20.732215881347656,4314800
2016-12-27,20.78994840997605,20.868307101886437,20.707464665559204,20.843563079833984,7773000
2016-12-28,20.921926406841166,21.020907236719157,20.616738530107284,20.63323402404785,6155600
2016-12-29,20.624985490454108,20.719842840158687,20.6002414629198,20.63323402404785,5727000
2016-12-30,20.662095330369144,20.695089452329245,20.41464570865369,20.497129440307617,9859800
2017-01-03,20.55075257519031,20.73221560105126,20.46826880952734,20.61673927307129,15475000
2017-01-04,20.69921871734656,20.954918514278365,20.69921871734656,20.917800903320312,9084600
2017-01-05,20.89305747993436,20.97141618978229,20.785829688918938,20.855939865112305,7806000
2017-01-06,20.855939663867677,20.893057278331575,20.756960407461893,20.87656021118164,5894200
2017-01-09,20.860062603603485,21.07039468208877,20.839440485132172,20.872434616088867,14201200
2017-01-10,20.884807586669922,20.963167864663493,20.7940752956234,20.884807586669922,5688400
2017-01-11,20.847691145233412,21.066273352009425,20.847691145233412,21.05389976501465,13199800
2017-01-12,21.05390016832347,21.05390016832347,20.880685679547653,21.012659072875977,6312000
2017-01-13,21.016787194321168,21.037407746598614,20.92605644965095,20.97966957092285,4896800
2017-01-17,20.92605025225781,20.975539877716443,20.81882089497613,20.884807586669922,7363400
2017-01-18,20.942543728261107,21.037399490107408,20.87243356338428,21.01677894592285,6073400
2017-01-19,21.041526569410234,21.086892714933494,20.80644888192318,20.884807586669922,6606400
2017-01-20,20.95904737656632,21.107517858527373,20.942550306737942,21.07040023803711,10013800
2017-01-23,21.07039792602867,21.144633158863527,20.992039212812763,21.11163902282715,8322200
2017-01-24,21.190000261797397,21.705521861186465,21.190000261797397,21.656030654907227,15962000
2017-01-25,21.746758401784408,21.820993622396724,21.61066154615966,21.800373077392578,16441800
2017-01-26,21.804499559562828,21.96534203528852,21.7508864498189,21.85811424255371,10641200
2017-01-27,21.80450248480226,21.845745159269402,21.73439229807887,21.77975845336914,9305200
2017-01-30,21.70139035854632,21.70139035854632,21.466312704940794,21.557044982910156,12086200
2017-01-31,21.548800594846107,21.565297661875963,21.34259197671361,21.42919921875,11053400
2017-02-01,21.42094486490682,21.57766381261423,21.359083240223757,21.536422729492188,20149800
2017-02-02,21.528179428878016,21.528179428878016,21.367336963077413,21.441572189331055,10131400
2017-02-03,21.47456414058015,21.51168175265501,21.408577449474485,21.478689193725586,11083600
2017-02-06,21.429196561056383,21.44981710566285,21.33021731764666,21.420948028564453,5445200
2017-02-07,21.363206755384788,21.396200880535424,21.218861390966932,21.251853942871094,8401600
2017-02-08,21.239488330571834,21.30959850776664,21.169378153377025,21.30135154724121,9378400
2017-02-09,21.301348889799,21.359087045755608,21.247734213590682,21.293100357055664,16234800
2017-02-10,21.387959215826363,21.51993261230587,21.375587201546093,21.4869384765625,6955000
2017-02-13,21.569418451976873,21.722012369855015,21.569418451976873,21.664274215698242,7428200
2017-02-14,21.62715639832628,21.672522539941184,21.51992862352926,21.6601505279541,7324600
2017-02-15,21.602411822983694,21.70139106284747,21.590038238065734,21.63128089904785,6209800
2017-02-16,21.651901442915584,21.755005735500895,21.56116916200158,21.63128089904785,6408800
2017-02-17,21.59003849760683,21.61890757401803,21.491059256553193,21.56941795349121,7928200
2017-02-21,21.557046430305956,21.70139181563384,21.519928820757826,21.639530181884766,14751800
2017-02-22,21.552924368439612,21.81687272477047,21.540552354622218,21.6972713470459,10228800
2017-02-23,21.74263858534625,21.820997298862807,21.557050502547035,21.57767105102539,7070200
2017-02-24,21.4869388855951,21.639534406442564,21.45394632247066,21.623037338256836,9624600
2017-02-27,21.623032626789158,21.746757464729537,21.536425397555558,21.56941795349121,12595600
2017-02-28,21.552924902411455,21.651905735143632,21.51580728679276,21.54880142211914,7724400
2017-03-01,21.74675769380208,22.039573513769625,21.74675769380208,21.969463348388672,11802200
2017-03-02,21.952965126998933,21.961213658946814,21.734384536743164,21.734384536743164,9149400
2017-03-03,21.73438303382434,21.804493190663358,21.66014782467332,21.717885971069336,5924200
2017-03-06,21.639534269707465,21.697272434745663,21.544678488109422,21.57767105102539,7113400
2017-03-07,21.59004032169367,21.61066244079827,21.44981840731514,21.458066940307617,7676200
2017-03-08,21.474564006292574,21.680772611364134,21.425074381584505,21.458066940307617,10178200
2017-03-09,21.486937992610734,21.515807074112466,21.288977902350144,21.39208221435547,9039600
2017-03-10,21.507553504691586,21.561166597722128,21.392075640922148,21.491056442260742,9538200
2017-03-13,21.51580558982345,21.55704825572858,21.458067430803105,21.55292320251465,7070400
2017-03-14,21.466313606653927,21.48281067120435,21.34258876901909,21.367334365844727,11313000
2017-03-15,21.45806953727329,21.74676193396187,21.441574042538765,21.709644317626953,11398000
2017-03-16,21.75912871911728,21.78799936777017,21.528176115867108,21.561168670654297,13080200
2017-03-17,21.662119323395967,21.732450121286067,21.63315939741797,21.653844833374023,10261200
2017-03-20,21.670394025434046,21.786233730479363,21.5876507026027,21.773822784423828,5510400
2017-03-21,21.790374769740918,21.83588368578022,21.37665964676245,21.409757614135742,14679400
2017-03-22,21.39320252622371,21.48835678797418,21.25253936141921,21.47180938720703,11302800
2017-03-23,21.43871765676971,21.629026235551255,21.389072283652347,21.56283187866211,9532800
2017-03-24,21.550414206631256,21.60833405356467,21.28149882792902,21.372516632080078,12040600
2017-03-27,21.16979790610529,21.459398750659187,21.11601608703778,21.418027877807617,8577800
2017-03-28,21.446995039484015,21.740732439134913,21.39321162407529,21.666263580322266,7867200
2017-03-29,21.63315874722408,21.740723957881197,21.608335277904335,21.682804107666016,6022800
2017-03-30,21.6703899332699,21.802778593521175,21.66211544472953,21.68693733215332,5983200
2017-03-31,21.70348954300036,21.80278184208178,21.662118672331673,21.682804107666016,7425400
2017-04-03,21.69107731319672,21.777957083375686,21.426299968919405,21.600059509277344,9031000
2017-04-04,21.583513126725176,21.68694188791101,21.525593272972735,21.678668975830078,6526600
2017-04-05,21.744864146826753,21.92276174908772,21.641435381707485,21.662120819091797,10009800
2017-04-06,21.682807451188072,21.860705063251107,21.612476644566676,21.77796173095703,6164000
2017-04-07,21.71590185008102,21.831741549355556,21.69107838100896,21.757272720336914,5061800
2017-04-10,21.75726758270577,21.82346190640299,21.67866231650193,21.761404037475586,6923000
2017-04-11,21.695214813906894,21.744861751998727,21.579375114754356,21.703489303588867,7831400
2017-04-12,21.674526071218168,21.71176048000622,21.422159698121085,21.434572219848633,7779600
2017-04-13,21.393205337419825,21.434577790268033,21.211171279480837,21.227720260620117,8387000
2017-04-17,21.285636452573534,21.389065199594594,21.244264006846652,21.38079071044922,7702000
2017-04-18,21.28563577977663,21.422160900866473,21.260812313125122,21.355966567993164,5073800
2017-04-19,21.430438563484458,21.492496450204982,21.34769524058963,21.384929656982422,6260400
2017-04-20,21.480083440267364,21.707627967632657,21.46353603862064,21.620746612548828,8138800
2017-04-21,21.6041969591525,21.653842315313437,21.53800262487211,21.595922470092773,7183200
2017-04-24,21.831745317679307,21.902076124893462,21.794510896743045,21.84415626525879,11133600
2017-04-25,22.034463929734045,22.224774061329278,22.022052982659613,22.19581413269043,15884600
2017-04-26,22.16271335384903,22.266142108189634,22.1089299596966,22.191673278808594,6333800
2017-04-27,22.16271042639277,22.208219324803007,21.99722381002779,22.142024993896484,9210000
2017-04-28,22.096521414904483,22.16271576174634,21.95585823059082,21.95585823059082,8080000
2017-05-01,22.059285252332433,22.059285252332433,21.906211133273565,21.9682674407959,7949600
2017-05-02,21.976540869039535,22.038598751761317,21.9062100749392,22.00550079345703,6931600
2017-05-03,21.914488637019506,21.964134005504324,21.72831653245417,21.790372848510742,13197800
2017-05-04,21.8524295024178,21.86897848370602,21.744864280439806,21.815195083618164,7487000
2017-05-05,21.8565687008389,22.14203154137366,21.8565687008389,22.1254825592041,11447400
2017-05-08,22.075842147581426,22.104802083781625,21.90208095218208,21.947589874267578,10216200
2017-05-09,21.926896491362555,21.96826736289741,21.753136937079052,21.78209686279297,9386400
2017-05-10,21.81519211519756,21.881386453145577,21.76140872242808,21.852426528930664,6388000
2017-05-11,21.794512462360018,21.86898130958204,21.620751292775992,21.8193359375,6680600
2017-05-12,21.802785033734807,21.831744963081768,21.74900163143426,21.76555061340332,4718400
2017-05-15,21.831744027537056,22.022052577432678,21.831744027537056,21.95585823059082,6526200
2017-05-16,21.96413363351195,22.013779001155957,21.931035669617422,21.959997177124023,6068800
2017-05-17,21.806919815870224,21.82346879656871,21.492497073587298,21.496633529663086,16264800
2017-05-18,21.413890702434728,21.562828375789927,21.24426759182413,21.50904655456543,13926600
2017-05-19,21.550415598533846,21.786233035249463,21.546279142713207,21.695215225219727,9978600
2017-05-22,21.769682818341174,21.823466210138232,21.65797957916151,21.72003746032715,5743200
2017-05-23,21.76554935944121,21.819332758643174,21.70762950408418,21.736589431762695,7096000
2017-05-24,21.782100784429616,21.931036895688024,21.77796274961257,21.881391525268555,6011400
2017-05-25,21.959990398714886,22.013772206145944,21.80691473024937,21.8565616607666,9707600
2017-05-26,21.82347084008815,21.91862512071807,21.798647366715986,21.897939682006836,4240200
2017-05-30,21.864840806844523,21.935173189370754,21.819333474854307,21.893800735473633,5597600
2017-05-31,21.92276275684157,21.96413363351195,21.74900160279087,21.959997177124023,12339000
2017-06-01,21.94758161407178,22.24959339092161,21.94344515825633,22.22477149963379,15808200
2017-06-02,22.21650050754328,22.328203770517597,22.170991595420656,22.27855682373047,9810800
2017-06-05,22.257876351957968,22.30338527423614,22.179271035967233,22.20823097229004,5658600
2017-06-06,22.146158023030758,22.282684697140326,22.0965126770805,22.220626831054688,8257200
2017-06-07,22.290970006313422,22.328204428401946,22.179266740047854,22.249597549438477,8331200
2017-06-08,22.212357612482965,22.38611873182075,22.208221156921393,22.315786361694336,7152400
2017-06-09,22.365436058465438,22.626075402349915,22.365436058465438,22.601253509521484,14996600
2017-06-12,22.572295215882612,22.69640942359935,22.464728411849734,22.514373779296875,11520800
2017-06-13,22.501960865060397,22.80397265611109,22.501960865060397,22.795698165893555,6725000
2017-06-14,22.828788312672994,22.845337287443503,22.493678675457197,22.555736541748047,11182400
2017-06-15,22.39852761814337,22.48127092554735,22.26200250239452,22.35715675354004,9720200
2017-06-16,22.461905556998556,22.466061392494534,22.3288966228454,22.45359230041504,9150200
2017-06-19,22.565817847385443,22.661417915308864,22.536722243477946,22.632322311401367,5012800
2017-06-20,22.58660104567824,22.58660104567824,22.503470066129843,22.507627487182617,6916800
2017-06-21,22.53672598432618,22.557508335482392,22.24161088977764,22.270708084106445,9522600
2017-06-22,22.27070466945609,22.37877383025377,22.254078156843676,22.295642852783203,6704200
2017-06-23,22.349679314362636,22.449435223712022,22.262392497284026,22.382930755615234,6690800
2017-06-26,22.457751352867124,22.486846962281447,22.35799543075852,22.449438095092773,8108200
2017-06-27,22.495156091510424,22.52425169558482,22.303955954566817,22.31226921081543,7226400
2017-06-28,22.47437120686724,22.569971264548087,22.432806515907327,22.51593589782715,6592000
2017-06-29,22.50762192995483,22.545030782235624,22.1875687683505,22.245759963989258,8811600
2017-06-30,22.283175321639302,22.46606221640915,22.27901790039929,22.36630630493164,6258400
2017-07-03,22.42034047563973,22.61985388756186,22.399558125862942,22.561662673950195,6217000
2017-07-05,22.586602515547803,22.5949157726028,22.412027288576173,22.486845016479492,11411400
2017-07-06,22.36214900483447,22.50762862278208,22.320584305758942,22.387088775634766,9858800
2017-07-07,22.424492109459486,22.528405417116304,22.337205311569658,22.50346565246582,5246800
2017-07-10,22.499314529812434,22.736236794040902,22.407870292534227,22.644792556762695,7711800
2017-07-11,22.644791279729585,22.669731048196706,22.47437349251631,22.611539840698242,4017200
2017-07-12,22.732079449933217,22.894185576273205,22.694670587791926,22.873401641845703,5802400
2017-07-13,22.8941851764672,22.935749873413194,22.815210032441644,22.84846305847168,4266000
2017-07-14,22.93159453564627,23.010569686846537,22.869247484563196,22.964847564697266,6508800
2017-07-17,22.977309877490054,23.068754094804596,22.927431934223588,23.010562896728516,5979600
2017-07-18,22.94821420209128,22.952371622277866,22.82767438613979,22.914962768554688,4634600
2017-07-19,22.92328283993494,23.15189186484986,22.92328283993494,23.135265350341797,6846200
2017-07-20,23.081229995192363,23.089543252455112,22.894187256351444,22.964847564697266,9041000
2017-07-21,22.898345269651696,22.97316300653936,22.86509223743858,22.969005584716797,5447000
2017-07-24,22.944061556794733,22.98147041571786,22.85261732707343,22.948217391967773,5522200
2017-07-25,23.147732623924256,23.243332696443527,23.118637018618024,23.19345474243164,9110400
2017-07-26,23.176827325796893,23.176827325796893,23.01888021331744,23.05213165283203,7624000
2017-07-27,23.077076353817578,23.118641058492127,22.860936401207862,22.969005584716797,7578600
2017-07-28,22.98978521501485,23.060445516840222,22.798583486798886,22.88587188720703,9382400
2017-07-31,22.935751170513328,22.964846777139297,22.69882889622094,22.7112979888916,9019600
2017-08-01,22.80689982325845,22.80689982325845,22.61569965481336,22.72792625427246,21064400
2017-08-02,22.661418097852707,22.78195793534989,22.561660608229502,22.74870491027832,6439000
2017-08-03,22.823520706942944,22.823520706942944,22.553345450584043,22.578285217285156,7983600
2017-08-04,22.644793121358592,22.711297590421356,22.6323240289067,22.686359405517578,5272600
2017-08-07,22.719606273933334,22.781954894825606,22.68219741851623,22.698823928833008,5056200
2017-08-08,22.65310475378305,22.67388710157648,22.474373708694873,22.520095825195312,8324000
2017-08-09,22.503463722880102,22.569968170654313,22.466054871907662,22.54087257385254,6909800
2017-08-10,22.457748146330687,22.49515700817809,22.262392166097854,22.283174514770508,12957600
2017-08-11,22.216670235812053,22.312270308989135,22.200043722496495,22.22913932800293,7830000
2017-08-14,22.345527403648504,22.474380536057705,22.345527403648504,22.43697166442871,7159600
2017-08-15,22.45359687171767,22.482692482887746,22.37462329648346,22.44112777709961,3973000
2017-08-16,22.515937408145515,22.66141700744629,22.51178157300729,22.66141700744629,10653400
2017-08-17,22.58660060535368,22.624009466141597,22.312269488106125,22.316425323486328,8904000
2017-08-18,22.237448839660125,22.424493118981136,22.22497974956916,22.324735641479492,7537400
2017-08-21,22.362146531559205,22.407868646840353,22.29148623382758,22.34552001953125,5403200
2017-08-22,22.407869425315837,22.636478424072266,22.407869425315837,22.636478424072266,6240800
2017-08-23,22.536720372333797,22.669729289322383,22.511780605801675,22.594911575317383,8219200
2017-08-24,22.590757403642197,22.63232368717356,22.524252935583604,22.553348541259766,5330400
2017-08-25,22.636477269733508,22.673886128392656,22.578286064172932,22.624008178710938,5828800
2017-08-28,22.707140432862342,22.707140432862342,22.56166082516268,22.65726089477539,4621600
2017-08-29,22.52009872815782,22.57828994371718,22.46190751259846,22.5491943359375,6019600
2017-08-30,22.53256752176545,22.740394194909776,22.470220471177164,22.715456008911133,10283800
2017-08-31,22.819371500118294,22.939909776873705,22.79858756236807,22.890031814575195,9280600
2017-09-01,22.96900142695334,23.064603084464668,22.914967637775792,23.039663314819336,10567400
2017-09-05,23.060443965797205,23.118635171761,22.752861424105298,22.777799606323242,13656000
2017-09-06,22.79858014246613,22.869242019517632,22.6697286496643,22.835988998413086,12517000
2017-09-07,22.86508838519302,22.88587231962052,22.727923614402666,22.873401641845703,8885200
2017-09-08,22.85677202510203,22.89002345929971,22.765327806273707,22.865083694458008,5438400
2017-09-11,22.989784514722583,23.226706768060193,22.94821823351068,23.164358139038086,10144600
2017-09-12,23.26827407939945,23.438691887547144,23.264118243606827,23.359718322753906,13287400
2017-09-13,23.363871374198403,23.372184630384606,23.235019867290966,23.351402282714844,8780600
2017-09-14,23.351402496750882,23.467784913241502,23.29736712384102,23.430376052856445,8557600
2017-09-15,23.414493497870787,23.47299813592265,23.351810640300286,23.431209564208984,9401800
2017-09-18,23.477185548134106,23.58583682623451,23.43539696289526,23.56076431274414,8851400
2017-09-19,23.63598471734772,23.694489373532736,23.535689882364604,23.68195152282715,6064000
2017-09-20,23.757163970327277,23.81567020025314,23.63597647938168,23.765522003173828,8864800
2017-09-21,23.719557935083394,23.80313668462334,23.71120149484825,23.71537971496582,6344800
2017-09-22,23.673591778192023,23.707022322433854,23.594191246619985,23.63180160522461,5887200
2017-09-25,23.6150853720215,23.67359161376953,23.50643411132505,23.67359161376953,10978000
2017-09-26,23.694487746626194,23.723740072710186,23.56076237191875,23.569120407104492,5490600
2017-09-27,23.598372733188484,23.631803279799236,23.39778467112731,23.569120407104492,7937200
2017-09-28,23.548228602351173,23.740460256667408,23.485545718795162,23.73628044128418,8713400
2017-09-29,23.71956436801625,23.76971258782004,23.623449337924377,23.73628044128418,8288800
2017-10-02,23.707022033800794,23.9953670501709,23.698663999309073,23.9953670501709,15031800
2017-10-03,24.028796581433166,24.108195509293026,23.96193390688489,24.095659255981445,7337600
2017-10-04,24.12073523350974,24.17506006484141,24.08730309656838,24.104019165039062,7681000
2017-10-05,24.154161579742535,24.250276565551758,24.120731042741472,24.250276565551758,7340000
2017-10-06,24.145808975863424,24.20849343876545,24.099840582286216,24.19595718383789,5262400
2017-10-09,24.221030508219506,24.23356835770081,24.112379242218562,24.1917781829834,3339000
2017-10-10,24.283709166728553,24.283709166728553,24.124909729037398,24.20848846435547,5144000
2017-10-11,24.195956772187653,24.22102928161621,24.09566195207716,24.22102928161621,4033600
2017-10-12,24.170877583406657,24.300424700016926,24.16251955064486,24.266992568969727,6376200
2017-10-13,24.42161112692369,24.446685224117882,24.371464526666987,24.384000778198242,6715800
2017-10-16,24.492657816087274,24.505194069773797,24.296248006294643,24.367290496826172,6626200
2017-10-17,24.338043348500666,24.35475782559136,24.241926736034628,24.304611206054688,5482200
2017-10-18,24.312958318067487,24.329674381780094,24.225201374773665,24.246095657348633,8878600
2017-10-19,24.19595979655149,24.338043212890625,24.112381035034538,24.338043212890625,5450800
2017-10-20,24.429972841793127,24.54698371887207,24.421614808135207,24.54698371887207,9474800
2017-10-23,24.622200292326553,24.726673311070233,24.48847495586519,24.501012802124023,6293000
2017-10-24,24.56369151259271,24.676522545095246,24.546977043953863,24.638912200927734,8450400
2017-10-25,24.638918244096555,24.668170564053593,24.40071987065675,24.50937271118164,11317800
2017-10-26,24.718321669555714,24.914729898901687,24.626384885096705,24.835330963134766,13985800
2017-10-27,24.814434781652707,24.814434781652707,24.563698550650514,24.705781936645508,10382200
2017-10-30,24.814439716655496,24.814439716655496,24.538630923593622,24.588777542114258,10491400
2017-10-31,24.618029286903408,24.718324115705062,24.60967125165892,24.6556396484375,8011800
2017-11-01,24.781006986424867,24.85622770948572,24.684891972320937,24.77682876586914,11202000
2017-11-02,24.810259867842845,24.810259867842845,24.54280911058991,24.597135543823242,25637600
2017-11-03,24.613850867312827,24.613850867312827,24.46758764291532,24.584598541259766,7582000
2017-11-06,24.551164421977656,24.65563746207118,24.455049416387467,24.48012351989746,7396600
2017-11-07,24.51773759712733,24.55534796347671,24.429980607022927,24.50520133972168,7251600
2017-11-08,24.54280778555445,24.57623992547224,24.46340884444797,24.530271530151367,5133400
2017-11-09,24.404896401706694,24.446684969129464,24.246096976063175,24.321317672729492,9454200
2017-11-10,24.241912696486825,24.350565502378384,24.2335562598472,24.283702850341797,5700000
2017-11-13,24.191772614558488,24.4425088227524,24.11237369206957,24.409076690673828,5408400
2017-11-14,24.262825639901795,24.287898155722466,24.12492042635815,24.187604904174805,7373400
2017-11-15,24.041332244873047,24.10401669815676,23.92850118544149,24.041332244873047,10961200
2017-11-16,24.124910534436747,24.363108901859732,24.10401624844263,24.3338565826416,7014800
2017-11-17,24.271175498921597,24.446689427060747,24.25027961726812,24.367290496826172,5651800
2017-11-20,24.346396077537467,24.4717649984608,24.312965534321417,24.40072250366211,8318200
2017-11-21,24.538629565130815,24.651460646155087,24.50101920478939,24.530271530151367,6200400
2017-11-22,24.555342707998463,24.563700742524205,24.463407516479492,24.463407516479492,4751600
2017-11-24,24.517735037922122,24.618029869095647,24.50519878182503,24.588777542114258,2446400
2017-11-27,24.601310381154477,24.601310381154477,24.43833269800039,24.44251251220703,7602400
2017-11-28,24.484299589166362,24.72667619194215,24.4717633355787,24.714139938354492,8801400
2017-11-29,24.74339481875997,24.76846892266072,24.663995880939087,24.751752853393555,7738200
2017-11-30,24.806073519407487,25.06098793705703,24.76010513666652,24.889652252197266,15017200
2017-12-01,24.935625415406292,24.969057554721566,24.496838948752256,24.684890747070312,16367800
2017-12-04,24.860399437313703,25.14456457250122,24.852041404788817,24.93979835510254,13046800
2017-12-05,24.94816515267609,24.989953735850403,24.806081738098253,24.81443977355957,16453600
2017-12-06,24.768465737528434,24.8227921585945,24.659812895396303,24.668170928955078,8077400
2017-12-07,24.643100953931445,24.83950918327742,24.592952747427223,24.835330963134766,7160600
2017-12-08,24.86458328652953,24.94816203657117,24.78100453648789,24.835330963134766,10270400
2017-12-11,24.902189379869068,24.973230269052944,24.831146896553403,24.868757247924805,10457400
2017-12-12,24.918908453382098,24.952338995229407,24.84786596149209,24.872940063476562,12029000
2017-12-13,24.88965175408494,24.97322889107037,24.88129372156006,24.93979835510254,8363400
2017-12-14,25.002488969967626,25.002488969967626,24.651459487983743,24.66399574279785,8369000
2017-12-15,24.75973887052216,24.881522233008003,24.72194408912824,24.81013298034668,10058000
2017-12-18,24.973912052245048,25.19648045026535,24.95711401414376,25.17548370361328,9742600
2017-12-19,25.19227953890056,25.23427302853279,25.12508899431963,25.146085739135742,6309600
2017-12-20,25.263671656457447,25.276269384385856,25.15448760986328,25.15448760986328,9517000
2017-12-21,25.267865510219934,25.297262872986437,25.146083759096165,25.2426700592041,6423800
2017-12-22,25.28466918271326,25.360258756510987,25.234276667497827,25.339262008666992,6011200
2017-12-26,25.35186039194546,25.38125616007633,25.301467875428152,25.318265914916992,3319600
2017-12-27,25.36445746850968,25.402252253026315,25.330861392517527,25.351858139038086,8373200
2017-12-28,25.381253798184947,25.46944269632021,25.3266625778501,25.465242385864258,3130800
2017-12-29,25.5618265081993,25.5618265081993,25.393850949199475,25.41904640197754,4969600
2018-01-02,25.553432229495744,25.788599978052098,25.486241673043818,25.780200958251953,17958400
2018-01-03,25.84738151809691,25.99016159557998,25.788590004183046,25.960765838623047,9904600
2018-01-04,26.06995700146319,26.242132872554954,26.057357672979144,26.18754005432129,8240200
2018-01-05,26.30092612160373,26.42690820105293,26.24213459132404,26.397512435913086,9344000
2018-01-08,26.42270531364318,26.460500093986745,26.305122264551603,26.435304641723633,9078200
2018-01-09,26.46890011041322,26.590683474108015,26.37651411204903,26.393310546875,9511000
2018-01-10,26.34291816652914,26.347118476717768,26.179141312050007,26.233734130859375,8440800
2018-01-11,26.33872231602017,26.578088760375977,26.317723966696672,26.578088760375977,11642600
2018-01-12,26.678874389977818,26.69567242903564,26.527695242355755,26.62008285522461,9097400
2018-01-16,26.699877561828192,26.733472044061898,26.145553386452143,26.3093318939209,17025800
2018-01-17,26.498291379090652,26.54868548086747,26.32191682871785,26.431100845336914,21698800
2018-01-18,26.351316711866886,26.510894855241425,26.258929112763376,26.414308547973633,11787400
2018-01-19,26.53609018289336,26.58648429232051,26.426906149699068,26.573884963989258,9866400
2018-01-22,26.536092137359628,26.536092137359628,26.36811656607733,26.510896682739258,11438000
2018-01-23,26.45630609295762,26.527695356336345,26.317724673058905,26.506698608398438,8043000
2018-01-24,26.573889048790182,26.754463963788847,26.506698494508065,26.62008285522461,11488400
2018-01-25,26.74186637175648,26.90984355929244,26.687273545514916,26.796459197998047,15536600
2018-01-26,26.81325648500854,26.947637598516692,26.620083834584225,26.91404151916504,7762600
2018-01-29,26.89304507037059,26.92664114809557,26.590686778642393,26.607484817504883,10662200
2018-01-30,26.494096818686433,26.620078888950992,26.355515420031168,26.414308547973633,17635000
2018-01-31,26.49829487433031,26.523491928542317,26.258928466137366,26.435304641723633,19825200
2018-02-01,26.250530387444066,26.422706259181876,26.027962007427835,26.074155807495117,18972200
2018-02-02,25.93137694862828,25.969171732145536,25.368655506231907,25.389652252197266,19349400
2018-02-05,25.284668146884957,25.561829372139208,24.41958999633789,24.41958999633789,37141400
2018-02-06,24.06263908361025,25.2594728947169,23.995448531551393,25.217477798461914,38680600
2018-02-07,25.10408983076899,25.44844156078608,24.990705490112305,24.990705490112305,33502000
2018-02-08,25.028503652382575,25.083096476064416,24.104633970100302,24.1130313873291,25600000
2018-02-09,24.377594488422147,24.6967508041992,23.777078243528905,24.53297233581543,52835000
2018-02-12,24.72614485583455,25.175481930732285,24.65475399990602,25.028501510620117,20940400
2018-02-13,24.92771844431977,25.07889758452116,24.868926912452363,24.965513229370117,13552600
2018-02-14,24.75973567013876,25.351852767475247,24.709343168776794,25.30146026611328,15999400
2018-02-15,25.482043256104593,25.507240315793744,25.17968494763174,25.490442276000977,12298200
2018-02-16,25.372857063767576,25.645819597815336,25.284669759641083,25.398054122924805,16917000
2018-02-20,25.28886827928664,25.473641894171344,25.1922819622822,25.28466796875,10487400
2018-02-21,25.305667669521792,25.64582077498635,25.19228490298289,25.196483612060547,9994600
2018-02-22,25.305666852620792,25.599626138995287,25.27207237523615,25.364459991455078,9058800
2018-02-23,25.51143813991406,25.74660588300839,25.38125573895929,25.73820686340332,7064000
2018-02-26,25.847388892432303,25.868385638827885,25.59542473178718,25.85158920288086,6509000
2018-02-27,25.826396351387473,25.864191141833327,25.49464225769043,25.49464225769043,11837200
2018-02-28,25.566035897017795,25.591231358742984,25.03690877349581,25.041109085083008,11141400
2018-03-01,25.028503963647815,25.133489301753634,24.600165193891304,24.78493881225586,19925000
2018-03-02,24.637949865478095,24.82692372916909,24.511967823666957,24.759733200073242,16019400
2018-03-05,24.646361479628155,25.15869052707429,24.612766998882996,25.08730125427246,13161200
2018-03-06,25.200681507626275,25.553432330885823,25.078899724914052,25.364459991455078,17615000
2018-03-07,25.09569562952129,25.33926239367009,25.05370213319525,25.272071838378906,16786600
2018-03-08,25.326664009879863,25.377056524557133,25.12089203852816,25.293067932128906,10334600
2018-03-09,25.452648795597614,25.7634045379891,25.356062464748945,25.75080680847168,11726400
2018-03-12,25.780196590678955,25.906178662439306,25.637416482164166,25.687808990478516,9550400
2018-03-13,25.826387593041172,25.927174200700748,25.553425132172606,25.582820892333984,12138400
2018-03-14,25.696214192662787,25.70041450383668,25.21748124359675,25.267873764038086,10858800
2018-03-15,25.301469559416606,25.322466309200532,24.931920675812098,24.936120986938477,10470600
2018-03-16,24.888062691324244,25.069327501394543,24.841692399250054,24.934432983398438,11053000
2018-03-19,24.862771655743234,24.879633874062936,24.394855549824253,24.576120376586914,12682400
2018-03-20,24.664641056099754,24.744735777540605,24.500238471349782,24.550825119018555,7228800
2018-03-21,24.609842258200526,25.052464990686293,24.525532783424794,24.82904624938965,9707400
2018-03-22,24.63091827367989,24.719442495144516,24.074478012945924,24.08712387084961,15399400
2018-03-23,24.141924307663373,24.209371560580884,23.593915176699916,23.614992141723633,15817800
2018-03-26,23.89320740370115,24.12084243904721,23.669788725344294,24.099763870239258,11684200
2018-03-27,24.16300433877679,24.314761079115236,23.733027443841053,23.855276107788086,14582000
2018-03-28,23.897425157909638,23.985950977056383,23.47587945784235,23.5517578125,23688400
2018-03-29,23.661364206574657,24.129280262360517,23.640287239968067,24.00281524658203,12421400
2018-04-02,23.92272532926761,24.04075764450372,23.273544379329614,23.4801025390625,18658800
2018-04-03,23.534899760394445,23.88056714331234,23.387357784519622,23.813119888305664,13572800
2018-04-04,23.416867771711058,23.990170290152893,23.2819732506741,23.969093322753906,12873400
2018-04-05,24.082909864039518,24.500239268432964,24.044970681088348,24.415929794311523,15388600
2018-04-06,24.17564887464941,24.289466423674014,23.669795245299362,23.821550369262695,15822800
2018-04-09,23.95223045349121,24.238881704907858,23.783611502751015,23.95223045349121,12578400
2018-04-10,24.272600906686783,24.580329058602366,24.238876480579744,24.4454345703125,25605200
2018-04-11,24.268388257563245,24.3653435853319,24.17143292979459,24.26417350769043,12914800
2018-04-12,24.3737723611498,24.622484389654154,24.310539862621702,24.521312713623047,7073600
2018-04-13,24.656209089538535,24.723656338279845,24.407497058291966,24.496021270751953,8643600
2018-04-16,24.67728493942463,24.86276446307413,24.550821554751373,24.824825286865234,12664200
2018-04-17,24.985007328552754,25.178917914142623,24.875404574562786,25.107255935668945,9562400
2018-04-18,25.250596881220506,25.398137284458322,25.19157911185559,25.288536071777344,9472400
2018-04-19,25.318036613003667,25.318036613003667,24.913351498218063,25.006092071533203,11639200
2018-04-20,25.01031143823244,25.086188197809754,24.765814118466135,24.871200561523438,8702200
2018-04-23,24.820612715959975,24.90070582473306,24.73208689165682,24.799535751342773,6195400
2018-04-24,24.892282792293194,24.892282792293194,23.876357330713933,24.12928581237793,17448400
2018-04-25,24.171432142791925,24.33583471965854,23.95222817094666,24.25995635986328,15901000
2018-04-26,24.37377727602834,24.512888157613634,24.234668002512606,24.41171646118164,9875200
2018-04-27,24.41593321378458,24.479165730248795,24.17565222413207,24.348485946655273,15796800
2018-04-30,24.386420415855625,24.47072988546979,24.00703021469596,24.03232192993164,9750400
2018-05-01,23.901648336491256,24.019680651612056,23.69930653568288,24.011249542236328,12562200
2018-05-02,24.049182750555136,24.14192332255847,23.910073500619426,23.956443786621094,12740600
2018-05-03,23.98595835441221,24.222022989891933,23.72881514099061,24.066051483154297,19521600
2018-05-04,23.91007828094896,24.500241435869416,23.89743081346672,24.365346908569336,8905800
2018-05-07,24.390637044362595,24.50866933829024,24.27260475043495,24.35691261291504,9891600
2018-05-08,24.297896711876998,24.40749950712147,24.175648058746397,24.30632781982422,7349200
2018-05-09,24.399068685858634,24.689934677143057,24.399068685858634,24.656211853027344,24065800
2018-05-10,24.677284317591155,24.976581362325465,24.660422104574508,24.833255767822266,9666000
2018-05-11,24.850118607027557,25.02716702395628,24.791102468051317,24.824825286865234,7105000
2018-05-14,24.89648792145909,25.001874339265363,24.824824321154882,24.92177963256836,5571600
2018-05-15,24.795325975877255,24.888066574495532,24.643569217436347,24.845911026000977,14327600
2018-05-16,24.845908829837327,25.174715646752198,24.845908829837327,25.1409912109375,6724800
2018-05-17,25.081970383067596,25.292743243429506,25.081970383067596,25.200002670288086,20734600
2018-05-18,25.170495904197004,25.30539041318071,25.15785004650147,25.233728408813477,6550800
2018-05-21,25.368627548217773,25.42764370566142,25.2801033120523,25.368627548217773,10592000
2018-05-22,25.368621215305005,25.444499572524805,25.132555036391267,25.157848358154297,7705000
2018-05-23,24.99345234990354,25.107269915620613,24.875418425417475,25.098838806152344,7298800
2018-05-24,25.048248701990346,25.140989285307857,24.88384611015984,25.010311126708984,7098800
2018-05-25,24.90492739567491,24.951296084311057,24.786893474586588,24.875417709350586,8115400
2018-05-29,24.664636907731676,24.81217885984626,24.365339862342854,24.4454345703125,11699800
2018-05-30,24.62248880172835,24.807968364940468,24.546610433125775,24.73208999633789,8706200
2018-05-31,24.761601818205854,24.799541005782963,24.51288972366028,24.525535583496094,11556600
2018-06-01,24.706796586424762,24.98080035821401,24.706796586424762,24.900707244873047,7605400
2018-06-04,24.997662760547218,25.09461809049452,24.980800544538273,25.04403305053711,9079800
2018-06-05,25.073540576369307,25.32225262882102,25.039817753158076,25.233728408813477,6651400
2018-06-06,25.263242555874147,25.710081729353977,25.191578926208333,25.701650619506836,16384800
2018-06-07,25.714290430775915,25.735367396400378,25.457147269177053,25.570964813232422,10314600
2018-06-08,25.54567458262506,25.689000217521937,25.40656530620522,25.64263153076172,7572000
2018-06-11,25.608902878756492,25.743797382558718,25.562532591561478,25.680564880371094,5773600
2018-06-12,25.71850155350193,25.80281101217871,25.61733148954513,25.71428680419922,8955800
2018-06-13,25.74379960980049,25.75644546810435,25.40656332111871,25.436071395874023,8118400
2018-06-14,25.541457724970897,25.600473874223614,25.372838777332163,25.474010467529297,5079400
2018-06-15,25.308839672909386,25.38083687955148,25.11826234800581,25.29613494873047,13055200
2018-06-18,25.101324521236528,25.279197142387154,25.071679084378086,25.23261260986328,17983000
2018-06-19,24.936150597896233,24.986971103717956,24.55922874990518,24.77098274230957,14423400
2018-06-20,24.872629847561782,24.872629847561782,24.588880203689634,24.690521240234375,10670400
2018-06-21,24.631224004794717,24.65663506514554,24.385590216955706,24.427940368652344,14373000
2018-06-22,24.61004938151581,24.842978451240256,24.61004938151581,24.783687591552734,14228400
2018-06-25,24.66087472193989,24.66087472193989,24.19925086102318,24.398300170898438,19581200
2018-06-26,24.44065201650882,24.567704123154716,24.3898314969615,24.491474151611328,7416200
2018-06-27,24.622759294101797,24.88109947909698,24.40677088606367,24.415241241455078,11575600
2018-06-28,24.423709470881807,24.567702278416412,24.250071227874344,24.508411407470703,11778800
2018-06-29,24.559233140803105,24.889568911036527,24.559233140803105,24.59311294555664,10085800
2018-07-02,24.41524369580848,24.516884739612724,24.28818996772028,24.461828231811523,15365800
2018-07-03,24.618526790670153,24.77098996816455,24.364420956327752,24.419477462768555,6778800
2018-07-05,24.58888114372989,24.652406390110155,24.398302173478672,24.6312313079834,11118400
2018-07-06,24.5888832917018,24.82604681712731,24.474535899562206,24.754051208496094,9061800
2018-07-09,24.87262912514428,24.986976499602292,24.85145404444208,24.974271774291992,9075600
2018-07-10,24.965799336998618,25.198728436409056,24.965799336998618,25.186023712158203,11946600
2018-07-11,24.923449836111736,24.995447049726252,24.652404923679676,24.76251792907715,22691200
2018-07-12,24.914980152279888,24.93615523234482,24.72016521523938,24.821807861328125,13238000
2018-07-13,24.77945596147655,24.898039317245058,24.74134017132865,24.80910301208496,6924000
2018-07-16,24.8218080494778,24.872628565129865,24.554997515083087,24.61005401611328,8983200
2018-07-17,24.631228762333418,25.016621033208633,24.538056471938848,24.93191909790039,15364000
2018-07-18,24.902277388682805,25.046270215584098,24.698993682861328,24.698993682861328,11774400
2018-07-19,24.787925720214844,24.81757115455499,24.614287483841846,24.787925720214844,12835000
2018-07-20,24.686283111572266,24.775219408896668,24.571935751203075,24.686283111572266,14633600
2018-07-23,24.677812351188724,24.68628270539762,24.529583575865363,24.55076026916504,8299000
2018-07-24,24.72439824796451,25.00814784116995,24.72439824796451,24.868391036987305,14233600
2018-07-25,24.881097134129732,25.097085521811618,24.707458903858427,25.06320571899414,9467200
2018-07-26,25.058970311217923,25.253785240237526,24.978504364062097,25.207199096679688,12395400
2018-07-27,25.283434729841023,25.304609812430755,25.050505590243507,25.114030838012695,11041400
2018-07-30,25.13943723906335,25.29613475980117,25.02508987564226,25.067440032958984,6944400
2018-07-31,25.12249671754713,25.359661800734965,25.114026362909534,25.29613494873047,10475200
2018-08-01,25.241075849493356,25.29613234118499,24.99120606788338,25.037792205810547,12120800
2018-08-02,24.83027710007502,24.885331982657515,24.588877643967205,24.87262725830078,18536200
2018-08-03,24.95733144840389,25.122499342205455,24.94039073735883,25.10979461669922,10659200
2018-08-06,24.91498489430337,25.198734575400128,24.83451731296431,25.101327896118164,9262200
2018-08-07,25.173317372352383,25.334250880268034,25.16061264810153,25.186023712158203,9514800
2018-08-08,25.20719887916812,25.279194470914458,25.06744044970057,25.08014678955078,13012400
2018-08-09,25.16061503640192,25.35542836599694,25.16061503640192,25.21567153930664,8488200
2018-08-10,25.046261339510544,25.092847475168387,24.8218026301279,24.85144805908203,12104600
2018-08-13,24.872626454706147,24.974269092941043,24.508409289733915,24.601581573486328,10872200
2018-08-14,24.703225996735785,24.940389477162707,24.686285286546706,24.80910301208496,8272000
2018-08-15,24.56346842191702,24.571938777308432,24.148430701068484,24.415241241455078,16990400
2018-08-16,24.50841242969307,24.69899139107819,24.50841242969307,24.56346893310547,12689400
2018-08-17,24.51688400086775,24.792164916023708,24.508413644880083,24.74557876586914,10518000
2018-08-20,24.7921621541066,24.965800393621965,24.7921621541066,24.919214248657227,9683000
2018-08-21,24.970038299122262,25.13097183663725,24.927688133460283,25.016624450683594,9916000
2018-08-22,25.00391569639167,25.04626585523176,24.85992289455836,24.889568328857422,10865400
2018-08-23,24.83875052572613,24.83875052572613,24.65240592916243,24.72016716003418,8884000
2018-08-24,24.85145329017553,25.075912046805506,24.82604222477108,25.04203224182129,9903200
2018-08-27,25.0928508409422,25.465538360639847,25.0928508409422,25.38507080078125,11218200
2018-08-28,25.42319452585791,25.537541923815276,25.207206073419837,25.28767204284668,7686200
2018-08-29,25.291899923613332,25.52482901566728,25.181786931733704,25.478242874145508,8557000
2018-08-30,25.359663683570158,25.478245426190732,25.10132350238527,25.177555084228516,11678600
2018-08-31,25.139443693711574,25.300377240834333,25.046271385026497,25.101327896118164,8561400
2018-09-04,25.033561799419097,25.046266524299508,24.800632688466298,24.927684783935547,11944400
2018-09-05,24.906508680797632,25.13943778218177,24.83451147313782,25.092851638793945,9280800
2018-09-06,25.122497863332967,25.291901732701152,24.97003470401261,25.143672943115234,12008200
2018-09-07,24.957329101870357,25.071676467340705,24.813336302636028,24.978504180908203,14598200
2018-09-10,25.04626588993891,25.143672547850095,24.995445376149377,25.008150100708008,9543000
2018-09-11,24.826042292627843,25.12249826093654,24.737105986801748,25.058971405029297,15498000
2018-09-12,25.054737451024014,25.186025534818747,24.95733078842344,25.071678161621094,12482600
2018-09-13,25.27073132546426,25.35543328122469,25.156385543076432,25.169090270996094,8205800
2018-09-14,25.224140869483932,25.27072539945038,25.097087157859814,25.160614013671875,9707400
2018-09-17,25.15214320663458,25.39777865476931,25.15214320663458,25.249549865722656,7766800
2018-09-18,25.321543795510614,25.41048008808576,25.186021364285207,25.27495765686035,8157000
2018-09-19,25.30037543323072,25.656122313500813,25.30037543323072,25.55024528503418,15854400
2018-09-20,25.728112908408917,25.90175113666652,25.719642553914042,25.825519561767578,11195200
2018-09-21,25.931481278717115,25.978289267431588,25.701699115502567,25.76978302001953,16272400
2018-09-24,25.684680488931257,25.7187216332174,25.365536847912228,25.40808868408203,9201400
2018-09-25,25.467651725375532,25.49318379082213,25.246380317829786,25.276166915893555,10138000
2018-09-26,25.15277117473267,25.2634069084463,24.97404991473584,25.025114059448242,17022600
2018-09-27,25.008091188080037,25.008091188080037,24.77830742030791,24.808094024658203,12559800
2018-09-28,24.73575338902112,24.774050680238776,24.6038401363274,24.65064811706543,10761800
2018-10-01,24.786817583336077,24.999579966025657,24.786817583336077,24.89745330810547,8773000
2018-10-02,24.91447396220614,25.067663132997883,24.876176669508208,25.003833770751953,7347600
2018-10-03,25.08894396259239,25.12298672866096,24.803843101386043,24.825119018554688,7870000
2018-10-04,24.8166034323724,24.8166034323724,24.514481247720383,24.710222244262695,11157800
2018-10-05,24.66341618410219,24.757032156374784,24.425123343042106,24.52724838256836,10704000
2018-10-08,24.42937911941748,24.557036236943468,24.3272524514477,24.514484405517578,12580200
2018-10-09,24.19533551715797,24.19533551715797,23.663429624231526,23.70172691345215,22714800
2018-10-10,23.71448654593769,23.727251764919814,23.07194509295869,23.080455780029297,26403400
2018-10-11,23.063441407821543,23.267693089783112,22.731531004291927,22.812381744384766,36573600
2018-10-12,23.178329192375188,23.246413074345767,22.710251083485637,22.876205444335938,21301000
2018-10-15,22.871958111877277,23.016636609514897,22.791108983851192,22.799619674682617,10256000
2018-10-16,22.871954014257746,23.21662962656282,22.791104900716164,23.165565490722656,11053000
2018-10-17,23.140038473126555,23.191100993281154,22.867702867971047,23.01663589477539,17070000
2018-10-18,22.910252078184925,23.13152513788726,22.633660347744993,22.757062911987305,15387800
2018-10-19,22.70174672096615,22.906000047038987,22.557068228559363,22.595365524291992,14211800
2018-10-22,22.69323873118235,22.774087860124123,22.34005236229544,22.41664695739746,26653000
2018-10-23,22.054951195042364,22.310265426112135,21.71453005595161,22.19537353515625,40403800
2018-10-24,22.11452105630951,22.22515677347514,21.446447350439392,21.493253707885742,41268000
2018-10-25,21.620911056272515,21.935798432024548,21.591124456491862,21.76984405517578,28511600
2018-10-26,21.46772583543356,21.867718550967794,21.3145366523465,21.64219093322754,47958600
2018-10-29,21.918783910406063,22.076229270779873,21.369858097563924,21.59113121032715,34825400
2018-10-30,21.531548660181866,22.12728387535598,21.510272750335904,22.084732055664062,46345200
2018-10-31,22.33579356652631,22.531534550771454,22.24217760743167,22.386856079101562,26335400
2018-11-01,22.795362809774478,23.07195457183768,22.633662935495302,23.01663589477539,27448600
2018-11-02,23.174079455372347,23.237908822569967,22.659194853905433,22.96131706237793,26879600
2018-11-05,22.978341160675942,23.084722369753145,22.85919472594897,23.029403686523438,15713600
2018-11-06,23.097474991361665,23.429385286371627,23.03364727469449,23.40810775756836,13145200
2018-11-07,23.586838670209545,23.842152888747346,23.442160180171932,23.829387664794922,13562200
2018-11-08,23.697470175489595,23.83363795087585,23.603855844441494,23.727256774902344,12894800
2018-11-09,23.58684172493621,23.58684172493621,23.220890107255688,23.395355224609375,18024800
2018-11-12,23.365563461013824,23.412371442238772,23.00386808049968,23.050674438476562,20119600
2018-11-13,23.10173774868875,23.348541245514934,22.94854858771139,22.982589721679688,19012400
2018-11-14,23.11875779383565,23.284712167573076,22.837909932744108,22.95705795288086,19452600
2018-11-15,22.880463996841208,23.382583287690828,22.880463996841208,23.27194595336914,24067800
2018-11-16,23.199610720011567,23.565562282953774,23.13578135503395,23.50598907470703,17462000
2018-11-19,23.454921562080337,23.58257865043831,23.1059914297195,23.16982078552246,24568400
2018-11-20,22.948549470607933,22.995357451957187,22.646427293305752,22.748552322387695,22518600
2018-11-21,22.825146905908536,23.152801152106463,22.825146905908536,22.931528091430664,14026800
2018-11-23,22.718767853562266,22.837914273094906,22.616642814890923,22.68472671508789,6302200
2018-11-26,22.88046623662523,23.025144718036913,22.808126184295332,22.944293975830078,10714600
2018-11-27,22.769825692687693,22.897484399659675,22.510256992522795,22.66344451904297,11742200
2018-11-28,22.72302362325635,23.012380599975586,22.416645265965823,23.012380599975586,17062000
2018-11-29,23.008124629226643,23.310246832192874,22.95706211034812,23.178335189819336,14276400
2018-11-30,23.016632450431025,23.305989393419736,22.99110038255037,23.237905502319336,12116400
2018-12-03,23.71874621289311,23.88895510976368,23.395346549317733,23.646406173706055,17150200
2018-12-04,23.616623866874985,23.663431849574074,22.90599830625604,22.944293975830078,18091600
2018-12-06,22.56132284051584,22.6336612701416,22.0762248766194,22.6336612701416,26450600
2018-12-07,22.61238644740876,22.97833801627658,22.016652732046808,22.088991165161133,28052600
2018-12-10,22.09749706252804,22.242175520623892,21.748566950046484,22.1485595703125,23329800
2018-12-11,22.540041497654695,22.667698569521374,21.986858147486178,22.07621955871582,20142200
2018-12-12,22.40388135279274,22.527282311033122,22.2549466989535,22.26771354675293,14902000
2018-12-13,22.33579675162034,22.408135186146772,21.927291723021302,22.008142471313477,29257200
2018-12-14,21.837926864624023,22.059199897237843,21.757077758249842,21.837926864624023,15958800
2018-12-17,21.867711573019346,22.016646174939545,21.323040538734045,21.463462829589844,30503200
2018-12-18,21.625170544745863,21.84644363900034,21.45070543894403,21.582618713378906,23365800
2018-12-19,21.61665569776859,22.037925889599954,21.191130972917836,21.28900146484375,39400800
2018-12-20,21.229428111070746,21.4336797827468,20.791138167052214,21.0039005279541,46346200
2018-12-21,21.119114399431556,21.46603045351359,20.79361102056616,20.815025329589844,41112200
2018-12-24,20.677967948636518,20.84071960782471,20.262525202597125,20.275373458862305,22656400
2018-12-26,20.369598394434092,21.1919194728651,20.151168234733714,21.183353424072266,34232200
2018-12-27,20.922099697479283,21.581670909256115,20.83215861418439,21.573104858398438,29847200
2018-12-28,21.688738818924488,21.80437802666554,21.376085390797975,21.457460403442383,18906000
2018-12-31,21.530273098303702,21.67589267403521,21.397501780081566,21.637346267700195,15596000
2019-01-02,21.320412168389847,21.830081576873706,21.200490723479362,21.74870491027832,18192600
2019-01-03,21.633061543262112,21.633061543262112,21.089131302672907,21.131959915161133,19668000
2019-01-04,21.47459712213101,22.048509443046594,21.440334553468116,21.96285057067871,17901200
2019-01-07,21.971411218739636,22.301196734290315,21.8257916616628,22.03993797302246,14936600
2019-01-08,22.1470139848201,22.30548345200357,22.02280871610016,22.27121925354004,20657200
2019-01-09,22.326899523305137,22.36544593271891,22.069922915944307,22.279787063598633,16250400
2019-01-10,22.1213188237009,22.48964917688584,22.099902881446987,22.4768009185791,16942800
2019-01-11,22.36115793300149,22.44253457874835,22.241236518814624,22.386856079101562,12372400
2019-01-14,22.189839607868898,22.33545915337359,22.078482619879477,22.21553611755371,23006400
2019-01-15,22.074207243022915,22.211260783103974,21.93286986079785,22.069923400878906,15094200
2019-01-16,22.074207398546772,22.27122165957547,22.03994319638156,22.155582427978516,27437400
2019-01-17,22.03566040020013,22.596722808328533,22.03566040020013,22.54532814025879,20411000
2019-01-18,22.733773902052626,23.025011391416907,22.669529353132905,22.917938232421875,17514800
2019-01-22,22.810868058359414,22.849414465993913,22.468234231501064,22.60100555419922,14866800
2019-01-23,22.63526364982708,22.695225987266642,22.232669187001278,22.446815490722656,11410000
2019-01-24,22.322612825978528,22.46395018701963,22.22838955242462,22.32689666748047,10499400
2019-01-25,22.669529071596763,22.87510933825729,22.57530417003317,22.750904083251953,9834000
2019-01-28,22.588149222792854,22.733768751386144,22.519622481914034,22.716636657714844,11943600
2019-01-29,22.772319983549764,23.016448303233457,22.772319983549764,22.95220375061035,16446000
2019-01-30,23.04642924266068,23.38049700362806,22.95220433210808,23.196331024169922,14146600
2019-01-31,22.699505455053,22.947915921618407,22.455378828976755,22.849407196044922,24950600
2019-02-01,22.83656321975608,22.97361673256518,22.733773902052626,22.917938232421875,11079000
2019-02-04,22.875110416267912,22.90080856348905,22.725208641994957,22.879392623901367,7115600
2019-02-05,22.930791363652038,23.102107461974786,22.917941471767772,23.046430587768555,8857800
2019-02-06,22.935070750053693,23.025011813143262,22.866543992394003,22.909374237060547,9909800
2019-02-07,22.76375738293803,22.80658599889674,22.408273662014267,22.592439651489258,12736000
2019-02-08,22.468232981796387,22.575306148847044,22.284067003764704,22.57102394104004,9042800
2019-02-11,22.652398097649478,22.682378452578025,22.498212481555928,22.60528564453125,8316600
2019-02-12,22.815154409932994,23.140656172802657,22.750909845539454,23.110675811767578,20139600
2019-02-13,23.23916073326577,23.30768749858696,23.132087560338473,23.140653610229492,14694200
2019-02-14,23.03357732113624,23.187762930701204,22.956484516353758,23.020729064941406,9770000
2019-02-15,23.27342285011631,23.39334427024502,23.162067479112054,23.333383560180664,15294400
2019-02-19,23.247725473640994,23.590360914753685,23.22631116702317,23.47900390625,24529000
2019-02-20,23.521829747841668,24.02721516674433,23.487567188051774,23.881595611572266,22618000
2019-02-21,23.911577841454125,23.967254705905706,23.688865482227737,23.787372589111328,17103800
2019-02-22,23.907289793543175,23.96296828200417,23.804500497406696,23.89015769958496,9581600
2019-02-25,23.988665458349992,24.112870692302412,23.93727080884799,24.044343948364258,12375800
2019-02-26,23.988674068818753,24.061484679403733,23.898732991455283,23.907299041748047,12384600
2019-02-27,23.85590136161694,23.941560219921772,23.714564000342943,23.868749618530273,9262400
2019-02-28,23.84304989920646,23.86446583772609,23.526114268319276,23.5775089263916,17525000
2019-03-01,23.74882920844658,23.873034476587083,23.466156107668787,23.547531127929688,19683000
2019-03-04,23.598929259305475,23.753114906714945,23.294841806807426,23.65460777282715,15920800
2019-03-05,23.603211756215256,23.66317247483285,23.517552886558523,23.543251037597656,10463400
2019-03-06,23.61177473762617,23.761676514686712,23.560378442228124,23.594642639160156,9231000
2019-03-07,23.543244306760464,23.547526513805877,23.226307069782653,23.401906967163086,23923800
2019-03-08,23.27770662104852,23.457590397128946,23.153502984919783,23.440458297729492,14289200
2019-03-11,23.538967830859242,23.78309455399555,23.504705262355998,23.77452850341797,13715400
2019-03-12,23.808785311593294,24.00151730521571,23.808785311593294,23.864463806152344,14432200
2019-03-13,23.997234909470713,24.130006209474235,23.932991996932248,23.980104446411133,11036800
2019-03-14,23.911583233173808,23.962977901874293,23.744547700734874,23.80022621154785,10079600
2019-03-15,23.898725404930442,24.0148641133503,23.739571448467714,23.82990264892578,14518000
2019-03-18,23.847109389630837,23.92023449787039,23.705163159663844,23.885822296142578,8691000
2019-03-19,24.001961469002207,24.152512393108697,23.748177219490703,23.855712890625,10542600
2019-03-20,23.842808677870842,23.958947397372086,23.60623053408568,23.834205627441406,22470000
2019-03-21,23.752477164824086,24.1783174605971,23.72666801564901,24.087987899780273,15919400
2019-03-22,23.877214732367005,23.881517077201785,23.326632735707435,23.369647979736328,18247400
2019-03-25,23.356747124305077,23.5374079026012,23.287924361350388,23.326637268066406,13125400
2019-03-26,23.48148590696231,23.541705611776823,23.300825151654877,23.468582153320312,11799600
2019-03-27,23.40835934905921,23.52449804719223,23.27071384924166,23.4384708404541,19565200
2019-03-28,23.472882182409244,23.679350439061853,23.464279133274072,23.666446685791016,9741600
2019-03-29,23.692258049148712,23.88152022523279,23.584722386196944,23.87291717529297,12654600
2019-04-01,24.040674673391347,24.26434906901903,24.010564816370714,24.229938507080078,12908600
2019-04-02,24.290153964050962,24.41489407518998,24.19122135962712,24.311660766601562,14224600
2019-04-03,24.50952732224726,24.78481834809542,24.436403861384317,24.629966735839844,34729000
2019-04-04,24.647174319338678,24.88805480189278,24.634270564495008,24.879451751708984,12205600
2019-04-05,24.883751456351465,24.96978031386807,24.797724239698837,24.870847702026367,7337200
2019-04-08,24.8536426011576,24.905260902260366,24.75040928068016,24.879451751708984,13149400
2019-04-09,24.776217316340016,24.81062951780573,24.62566803708773,24.69879150390625,12221600
2019-04-10,24.720296672611035,24.767612622920765,24.591252575088546,24.685884475708008,7594800
2019-04-11,24.67728768952539,24.763316562753037,24.604164213843667,24.67298698425293,6989200
2019-04-12,24.875151155081284,24.99989128112793,24.797725343954923,24.99989128112793,7217400
2019-04-15,24.99989345702242,25.017099558962286,24.840741116239137,24.88375473022461,5410200
2019-04-16,24.857942793323446,24.999889006899622,24.74180408719899,24.995588302612305,7475000
2019-04-17,25.047204650556004,25.163343355253147,24.832133339827344,24.840736389160156,6740400
2019-04-18,24.86224465218831,24.935369755379813,24.741805236183446,24.870847702026367,7268800
2019-04-22,24.77621603811927,24.857944191951887,24.668680375382877,24.703092575073242,11976200
2019-04-23,24.664376892931784,24.892351947179876,24.60415719112012,24.814926147460938,15290400
2019-04-24,24.789118593685668,24.866544393255378,24.660076141357422,24.660076141357422,7616400
2019-04-25,24.54824841243979,24.58266062257966,24.268654948079085,24.346080780029297,10360200
2019-04-26,24.34607498468326,24.612764627190888,24.29876066830039,24.548242568969727,9900200
2019-04-29,24.48371896419957,24.569747822772282,24.410595500974367,24.500925064086914,12113000
2019-04-30,24.565449947943613,24.741808389943717,24.44070817068729,24.711698532104492,6798400
2019-05-01,24.74610055439303,24.74610055439303,24.260040650819175,24.264341354370117,13101800
2019-05-02,24.148207618210467,24.27725008241788,23.971849200925416,24.139604568481445,21946200
2019-05-03,24.186924170847394,24.38909176782227,24.165417363711903,24.37618637084961,12066800
2019-05-06,23.795491660097944,24.12240099838597,23.795491660097944,24.027769088745117,31202200
2019-05-07,23.799792385452168,23.842805991889612,23.481486118877804,23.60622787475586,19502000
2019-05-08,23.589021315786574,23.696556970646856,23.485786365140594,23.584720611572266,12319400
2019-05-09,23.318036846332106,23.490094593547692,23.13307534237785,23.399765014648438,13428800
2019-05-10,23.35674912978592,23.804097947834173,23.25781650209791,23.718069076538086,12945800
2019-05-13,23.279322661826754,23.700862314495176,23.00833393995261,23.1846923828125,14097600
2019-05-14,23.266410600458464,23.558907665794482,23.20619090598286,23.382549285888672,12203800
2019-05-15,23.227698585170888,23.49008581320823,23.128765991804357,23.322330474853516,10524400
2019-05-16,23.498693131871885,23.72666820841335,23.498693131871885,23.649242401123047,9810600
2019-05-17,23.46858270581924,23.67505097327136,23.404060654362485,23.507295608520508,12166600
2019-05-20,23.296525206080307,23.391157111507162,23.133070544215,23.171783447265625,10032600
2019-05-21,23.339537166854896,23.563211519714955,23.30512661149541,23.52880096435547,8743200
2019-05-22,23.48579015104851,23.57181901697736,23.3653507232666,23.3653507232666,10617000
2019-05-23,23.11586696239537,23.193291130568902,22.905096339823405,23.008331298828125,9845400
2019-05-24,23.24060820102738,23.30943096338054,23.01263310839456,23.137374877929688,8180800
2019-05-28,23.133071132919188,23.206196236481947,22.88788995431368,22.90509605407715,9652200
2019-05-29,22.728734212812967,22.943805504894517,22.66851451356833,22.909393310546875,17477600
2019-05-30,22.918000725085996,23.051345542290115,22.887890869727652,22.948110580444336,8950200
2019-05-31,22.67712729364982,22.788963691544826,22.591098411726655,22.690031051635742,11983600
2019-06-03,22.754542007530723,23.412659597148373,22.690019967391734,23.404056549072266,26310800
2019-06-04,23.6578460598452,24.10949552008762,23.52020054131158,24.062179565429688,35555800
2019-06-05,24.212729326760332,24.29445583672903,23.877216955550875,24.238536834716797,39408000
2019-06-06,24.358979926576506,24.608461822593267,24.27295106417401,24.526735305786133,39823200
2019-06-07,24.68589309873455,24.836444051478434,24.63427642621366,24.746112823486328,46422200
2019-06-10,24.900957995950222,24.935370195910412,24.767614823264502,24.789121627807617,28725200
2019-06-11,24.91816784056894,25.012799763816503,24.728905634938076,24.77191925048828,15737400
2019-06-12,24.78482065449193,24.88805561922368,24.754710798291857,24.8536434173584,7100800
2019-06-13,24.943973915986486,25.030001136469952,24.91386241978041,24.99989128112793,14784200
2019-06-14,24.94827396975651,24.97408311974661,24.80632610610696,24.89235496520996,7875400
2019-06-17,24.853637447380756,24.8708435441804,24.629963111576494,24.66437530517578,15014000
2019-06-18,24.79772287648481,25.029998645887492,24.771913728389446,24.857942581176758,13775600
2019-06-19,24.8579462026055,24.866549253223955,24.59125655602578,24.720300674438477,14332800
2019-06-20,25.0343017578125,25.103124513977637,24.819230439688447,25.0343017578125,13487600
2019-06-21,25.019585503304956,25.062856350532176,24.92871573372158,24.95467758178711,11652000
2019-06-24,24.96334141864049,25.101810162372775,24.855162609432288,25.049884796142578,9203400
2019-06-25,25.08017521690902,25.16239216993492,24.98065090858926,25.0628662109375,11431800
2019-06-26,25.049882216561148,25.127771083224438,24.984975928126712,25.01959228515625,8369600
2019-06-27,25.05854339952648,25.14508679119048,25.0412343910581,25.10181427001953,6878000
2019-06-28,25.140752220118884,25.348456966735494,25.114790364799916,25.313838958740234,10017000
2019-07-01,25.499901865583304,25.51288279081996,25.296525233264138,25.508556365966797,11940200
2019-07-02,25.508560856795622,25.508560856795622,25.318165116193594,25.48259735107422,12640200
2019-07-03,25.46528068284297,25.612403869628906,25.417683412695517,25.612403869628906,4951600
2019-07-05,25.36576074086182,25.495574951171875,25.2446010313294,25.495574951171875,7620200
2019-07-08,25.391730015339803,25.447983457843563,25.15806339325737,25.201335906982422,19583600
2019-07-09,25.110455272888327,25.145073271211714,24.898425810527122,24.95467758178711,10388200
2019-07-10,25.101800458439065,25.15805387967044,24.87246199979291,24.902751922607422,14628200
2019-07-11,24.881120617495217,25.01526290550292,24.78159633310651,25.010934829711914,22183000
2019-07-12,25.08017614910183,25.266243843517397,25.06719521947954,25.25758934020996,8810000
2019-07-15,25.24459906728304,25.29219799251819,25.162383792307764,25.27488899230957,9076600
2019-07-16,25.2921993474225,25.556155837374224,25.266235845718704,25.33547019958496,9052000
2019-07-17,25.339800439315724,25.374416793866608,25.106133856057212,25.11046028137207,14334800
2019-07-18,25.023920762030162,25.240278361629894,24.99362917946291,25.21864128112793,7545600
2019-07-19,25.197000142047894,25.404703192519996,25.197000142047894,25.27488899230957,7622400
2019-07-22,25.331147106241453,25.36576346238879,25.171041300693084,25.209985733032227,5828600
2019-07-23,25.326822737356526,25.729248046875,25.326822737356526,25.729248046875,8403400
2019-07-24,25.651360891184375,25.759539709586033,25.59078101698789,25.71194076538086,7529800
2019-07-25,25.625389833937287,25.625389833937287,25.261909068538277,25.52586555480957,12271000
2019-07-26,25.460960201924873,25.564812567118476,25.292201552827944,25.5561580657959,15275400
2019-07-29,25.473946177156616,25.521545118525587,25.38740279745646,25.469619750976562,5783200
2019-07-30,25.279216176839075,25.65567951464489,25.24027340121485,25.638370513916016,8028400
2019-07-31,25.564812144299196,25.685971859456743,25.015263699484557,25.24460220336914,16205400
2019-08-01,25.2143211743861,25.599437534079097,24.989309016330864,25.10181427001953,19565800
2019-08-02,24.967664107932574,24.99795403592078,24.63447324938503,24.807559967041016,14996000
2019-08-05,24.59120463279283,24.67774634881773,24.17147037722688,24.340229034423828,20582200
2019-08-06,24.44408207952673,24.44840850517646,24.076273173555645,24.370519638061523,22989200
2019-08-07,24.16281415023717,24.742652519860997,24.14117872277574,24.70803451538086,46538800
2019-08-08,24.83352332378657,25.188349630869403,24.83352332378657,25.17969512939453,11470200
2019-08-09,25.08016659282285,25.119111017528482,24.846500044589053,24.980642318725586,9249200
2019-08-12,24.946031928705118,24.97199378425949,24.543606660837497,24.591205596923828,45067400
2019-08-13,24.6128459773735,25.162394589735488,24.470049140392543,24.855165481567383,14111200
2019-08-14,24.491674205160248,24.59552655632927,24.045978176638517,24.06761360168457,18258600
2019-08-15,24.201762683327058,24.20608910928196,23.90318977211098,24.076274871826172,17831000
2019-08-16,24.180121702460774,24.556583399881678,24.149831775695713,24.500329971313477,11667600
2019-08-19,24.716688527619436,24.785922884532987,24.656108671654735,24.695053100585938,6656000
2019-08-20,24.59120376248622,24.617165616103907,24.38782710553507,24.405136108398438,9478000
2019-08-21,24.569566913768583,24.6258203482629,24.405136337058085,24.530622482299805,6404600
2019-08-22,24.578223297289917,24.69073017489345,24.309940332560537,24.366193771362305,5214800
2019-08-23,24.25801066559981,24.361861371922057,23.66086332687663,23.77769660949707,18181200
2019-08-26,23.97241646240311,24.007032810985528,23.743076344001732,23.85558319091797,14902600
2019-08-27,23.94646246142198,24.09358571527768,23.812320137098993,23.872900009155273,11189800
2019-08-28,23.795010784131964,24.11089269811137,23.72577641463891,24.0589656829834,7545000
2019-08-29,24.35753926918684,24.474372572539355,24.322921260484982,24.366193771362305,8186800
2019-08-30,24.56091241225581,24.656110278218907,24.452733619362252,24.530622482299805,10142600
2019-09-03,24.340225777978794,24.3921511307822,24.171467143359827,24.335899353027344,11615800
2019-09-04,24.552262317771326,24.651786620325176,24.474373446089604,24.634477615356445,11884000
2019-09-05,24.811890597061456,24.902760396425826,24.651786429036964,24.67342185974121,11648200
2019-09-06,24.721020599778722,24.833525828946613,24.617168222281208,24.768619537353516,7904600
2019-09-09,24.82054280732973,24.83352373441799,24.591204291824265,24.63880157470703,13704000
2019-09-10,24.617166067970633,24.8854490145679,24.57389521069531,24.881122589111328,9959000
2019-09-11,24.93737624647797,25.132098407308053,24.76861759065104,25.119115829467773,10816000
2019-09-12,25.292203529081934,25.41769133204854,25.123444866798728,25.313838958740234,21448400
2019-09-13,25.473939345124943,25.668661484557003,25.447977493652157,25.59077262878418,10948000
2019-09-16,25.51288494729399,25.608082808881836,25.145077728631094,25.171039581298828,9467600
2019-09-17,25.158058774447394,25.42634170757774,25.08016991471966,25.37441635131836,8162200
2019-09-18,25.383077061861417,25.42634792754991,25.158064928790285,25.38740348815918,8159200
2019-09-19,25.447978786858847,25.57779300285133,25.38307085352395,25.4306697845459,6528200
2019-09-20,25.5237378188295,25.57157606732533,25.258455851766698,25.37152671813965,10378400
2019-09-23,25.197567818412644,25.3889207977082,25.19321964114522,25.310640335083008,6141600
2019-09-24,25.362822888668866,25.419359138380766,25.014910696165245,25.093191146850586,18071400
2019-09-25,25.093192642786217,25.27149775576003,24.9844699724613,25.22365951538086,9181000
2019-09-26,25.254104178390854,25.26715036922208,25.054054843755292,25.167125701904297,8078000
2019-09-27,25.20626831491573,25.31499100605216,24.997520947010976,25.097545623779297,12372200
2019-09-30,25.110591001252608,25.358478579906897,25.106241165008736,25.310640335083008,7754200
2019-10-01,25.34977801970306,25.4367564871015,24.710488192147228,24.7148380279541,14609000
2019-10-02,24.48434527812806,24.519137329299813,24.040756579546077,24.271249771118164,23360800
2019-10-03,24.210363875411833,24.3625766120425,23.96247631524543,24.358226776123047,16530000
2019-10-04,24.37562453572172,24.545231651165626,24.353880331506737,24.488697052001953,12585800
2019-10-07,24.423462343474448,24.653953890187672,24.327785855868317,24.401718139648438,17257200
2019-10-08,24.22776064722078,24.24515667348164,23.96682688921332,23.97552490234375,15613800
2019-10-09,24.210365188483987,24.332135716188127,24.07555012924298,24.24515724182129,17766400
2019-10-10,24.323440190335923,24.584373981144907,24.258205913145385,24.46695327758789,13538800
2019-10-11,24.758333294218257,25.171479884636916,24.72789107103784,24.94098663330078,20600800
2019-10-14,24.85400837699715,24.919240997656846,24.749633861374328,24.762680053710938,9404600
2019-10-15,24.888797722558124,25.058404851660363,24.80616907629658,24.936635971069336,9787600
2019-10-16,24.940980880072605,25.171474078240024,24.923586512965315,24.988819122314453,7689200
2019-10-17,25.110588605847223,25.24540365497057,25.010562289497507,25.054052352905273,6221000
2019-10-18,24.98881869398485,25.11928556942317,24.91053823692659,25.010562896728516,6164200
2019-10-21,25.12363662483703,25.20191708569495,24.93228530883789,24.93228530883789,5849800
2019-10-22,24.914893681180153,24.997522333796244,24.71919249448236,24.82791519165039,8107000
2019-10-23,24.91923990535203,25.09319687077266,24.893147521822534,24.984474182128906,7993000
2019-10-24,25.08014613738107,25.219312689108055,24.927935054365218,25.06275177001953,9324600
2019-10-25,25.067101079863352,25.397618959313963,25.041008698153775,25.336732864379883,8075000
2019-10-28,25.43675822218428,25.545480899104415,25.332383722391338,25.41501235961914,6809000
2019-10-29,25.301947145145167,25.68899969581511,25.245410876031887,25.571578979492188,8291000
2019-10-30,25.493296169724292,25.632461081751234,25.37152728644487,25.593320846557617,12694400
2019-10-31,25.56287525664229,25.61506333600665,25.167124779166056,25.306289672851562,14273400
2019-11-01,25.436762988907386,25.662904739379883,25.41066894432516,25.662904739379883,9332600
2019-11-04,25.85425707874832,25.915141522219933,25.72813835499903,25.86295509338379,6178600
2019-11-05,25.854254311612557,26.049955472523376,25.80641606572586,25.90644073486328,7481000
2019-11-06,25.88469753779873,25.958628168700717,25.793370878810432,25.88904571533203,7988600
2019-11-07,26.032559414248894,26.089095673773095,25.9629769636716,26.06300163269043,8387800
2019-11-08,26.00646266075844,26.171721585759606,25.98471845827899,26.16737174987793,5760200
2019-11-11,26.028210439324177,26.158678990078915,25.980373850887513,26.128236770629883,8242600
2019-11-12,26.210861754369486,26.35437481758942,26.12823312154445,26.26304817199707,9920600
2019-11-13,26.154330163712096,26.250006662233638,26.063003501837862,26.110841751098633,10682000
2019-11-14,26.049955949352224,26.29349370163107,26.03690809906835,26.27174949645996,7162400
2019-11-15,26.40221106449265,26.445701125044966,26.180417562092476,26.25,6821800
2019-11-18,26.141280270302,26.263049135559367,26.11083805398766,26.184768676757812,5833200
2019-11-19,26.297843895839197,26.297843895839197,26.04125828978557,26.128236770629883,7262400
2019-11-20,26.028204665746554,26.07604290254827,25.771619116608743,25.80206298828125,11225400
2019-11-21,25.793369400980964,25.832509632444346,25.693344733680423,25.758577346801758,6347200
2019-11-22,25.819457353410463,25.9151338270139,25.771619116608743,25.80206298828125,5749400
2019-11-25,25.889043668066687,25.98037197880943,25.85425327362179,25.9716739654541,6228600
2019-11-26,25.95427372684613,26.132578824253713,25.893389302215656,26.102136611938477,7871200
2019-11-27,26.1499759522657,26.22825640408899,26.010811073241225,26.206510543823242,10083000
2019-11-29,26.11518992876934,26.193470398654853,26.023863266895102,26.110841751098633,7067200
2019-12-02,26.067348460861062,26.11518670421504,25.849903106689453,25.849903106689453,13946400
2019-12-03,25.623762414728418,25.715090733838423,25.493295520398288,25.684648513793945,17312600
2019-12-04,25.854256764529335,26.028212078194546,25.68464962864068,25.74118423461914,11218600
2019-12-05,25.784674117468732,25.889046973104247,25.65420721843602,25.871652603149414,10409200
2019-12-06,26.08475166025451,26.180428173272038,26.019519031450898,26.136938095092773,13194400
2019-12-09,26.163025870084574,26.228260142226794,26.04995501187804,26.084745407104492,5500400
2019-12-10,26.0412531952499,26.080393421023885,25.88034245652563,25.928180694580078,7099600
2019-12-11,26.049953578401567,26.149978240266083,25.997765499969013,26.123884201049805,6985400
2019-12-12,26.154332568059605,26.52399074516284,26.093448121213054,26.489198684692383,14450800
2019-12-13,26.523990844998497,26.63271354591278,26.27610156065531,26.284799575805664,10166800
2019-12-16,26.52398782697202,26.550080210477407,26.371775067625467,26.397869110107422,17986000
2019-12-17,26.44136180439491,26.55443434782012,26.350035129381585,26.437013626098633,10051600
2019-12-18,26.463104218216525,26.463104218216525,26.20217040474749,26.402219772338867,7347400
2019-12-19,26.42396307375691,26.532685768801784,26.397870688691206,26.493545532226562,6191200
2019-12-20,26.504040434758767,26.66146446771062,26.504040434758767,26.622108459472656,8337800
2019-12-23,26.60898748756923,26.718309542437012,26.54339525552187,26.69644546508789,6288000
2019-12-24,26.70956433553747,26.788274677686847,26.665834514207685,26.727054595947266,2901400
2019-12-26,26.783901304727145,26.845121383666992,26.69207118631737,26.845121383666992,5604800
2019-12-27,26.941326918628846,26.941326918628846,26.7314287777415,26.74454689025879,13605400
2019-12-30,26.801394878016726,26.805767026157138,26.63085274246415,26.661462783813477,6015400
2019-12-31,26.6570898513412,26.884479928990913,26.617733844284093,26.85824203491211,5390000
2020-01-02,27.03753216495694,27.085632469218154,26.512785953326514,26.54339599609375,14714800
2020-01-03,26.27227501176146,26.42969735747607,26.10610503403143,26.114850997924805,24846400
2020-01-06,26.0405080373459,26.16294984914771,25.979287965505918,26.00115203857422,31528800
2020-01-07,25.957426703426275,26.14983290263401,25.88746066115782,25.970544815063477,40533800
2020-01-08,25.9749197169386,26.167325924190127,25.887461743416235,26.062376022338867,16159200
2020-01-09,26.145464573824583,26.206684661236554,26.075498521336296,26.15858268737793,7572400
2020-01-10,26.219801057405377,26.28539495712027,26.009902913688737,26.053632736206055,11274800
2020-01-13,26.07549633664505,26.399088676745897,26.049258443614384,26.390342712402344,8818600
2020-01-14,26.3641088601929,26.442820878246625,26.22417675434678,26.281023025512695,11010200
2020-01-15,26.27664593874131,26.582747988298664,26.27227379105879,26.46030616760254,7797000
2020-01-16,26.55214077077157,26.661462823789407,26.46468279473287,26.617733001708984,18799800
2020-01-17,26.648345619631296,26.74017742081798,26.578379565660015,26.735803604125977,10894400
2020-01-21,26.552143059669913,26.600245034043883,26.407837136548004,26.447193145751953,7614800
2020-01-22,26.50403745038146,26.525901526246805,26.32912150721459,26.342241287231445,5475000
2020-01-23,26.132344047720544,26.337870050853596,25.944311642364067,26.31163215637207,6925200
2020-01-24,26.35098264948907,26.36410242804533,26.014272248779395,26.123594284057617,10493400
2020-01-27,25.66007775748016,25.743161934538982,25.55950164794922,25.55950164794922,13869200
2020-01-28,25.686310213499578,25.93119054373141,25.629462279071983,25.848106384277344,8982200
2020-01-29,25.93556430696622,26.075496400561832,25.918072378236236,25.931190490722656,7138400
2020-01-30,25.590103930421623,25.80437419975624,25.423933958605602,25.769392013549805,17398200
2020-01-31,25.533256479365658,25.55074840685744,25.117832376106865,25.200918197631836,22041400
2020-02-03,25.29712351359447,25.84373380272246,25.275259435653798,25.730039596557617,24321200
2020-02-04,26.044884278060206,26.324748442887064,25.93993438218913,26.184816360473633,27190200
2020-02-05,26.41220787329246,26.718308277937673,26.224173814369202,26.670207977294922,34300800
2020-02-06,26.801395145303385,26.801395145303385,26.56088696025063,26.657089233398438,24751800
2020-02-07,26.490925284865554,26.490925284865554,26.18482314967427,26.276653289794922,15666600
2020-02-10,26.237292837839355,26.333496778710522,26.180444902949834,26.263530731201172,9051200
2020-02-11,26.40346285854262,26.648343191064058,26.390343077784575,26.407835006713867,8116800
2020-02-12,26.58712337966916,26.604615308777227,26.464683212157034,26.552141189575195,6487000
2020-02-13,26.51716033727785,26.62211025570094,26.385974190340757,26.45594024658203,8235600
2020-02-14,26.464679983407027,26.56088391364213,26.390340127828456,26.46030616760254,7255000
2020-02-18,26.420954396706218,26.486548299301205,26.272277997985764,26.394718170166016,9416200
2020-02-19,26.455933754618275,26.565255794926617,26.438441827819673,26.464679718017578,13654800
2020-02-20,26.36847551607553,26.68769567030025,26.316001404344302,26.508407592773438,10361200
2020-02-21,26.399089182041294,26.482175010834307,26.324750985881398,26.385971069335938,13041000
2020-02-24,25.716917981622327,25.834985988171674,25.524510118450653,25.642578125,18589800
2020-02-25,25.646951982438924,25.668816057437873,24.47064573090459,24.536239624023438,40124000
2020-02-26,24.66742747107896,24.99539362341636,24.413801180694865,24.453155517578125,28607200
2020-02-27,24.05085106040355,24.33071524220689,23.30746078491211,23.30746078491211,41394400
2020-02-28,22.568446603401007,23.09319283130567,22.36729441094294,23.053836822509766,61483400
2020-03-02,23.27248192570157,24.0464823525517,23.014481783418194,24.0421085357666,33634600
2020-03-03,24.12081879968987,24.54936106668501,23.51298842437919,23.83220863342285,56780400
2020-03-04,24.252002227732568,24.83359631179481,23.915290126663173,24.820476531982422,28159600
2020-03-05,24.10332748709165,24.37444739879975,23.8846833655916,24.033361434936523,28354600
2020-03-06,23.408042907714844,23.604822982581297,22.953264329062144,23.408042907714844,37882200
2020-03-09,21.724482283190497,22.533464948812302,21.14726187642979,21.217227935791016,28490000
2020-03-10,22.013088048570282,22.109291986342456,21.007325522475902,22.07868194580078,33436000
2020-03-11,21.44898634428511,21.51020642672109,20.736206095661625,21.029190063476562,29909600
2020-03-12,19.489933435869332,20.33827187785112,18.527899136516822,19.00454330444336,30731600
2020-03-13,20.233327662871062,20.351395691334652,18.890852859850607,20.338275909423828,24228000
2020-03-16,16.481390996266523,18.90396792742555,16.481390996266523,18.09935760498047,28854200
2020-03-17,18.37922254431178,19.41559678117037,17.854478037892665,19.21881675720215,22089800
2020-03-18,17.972544082655755,18.71156219714777,16.80061159081805,17.990036010742188,19751800
2020-03-19,17.6795599201739,18.737796435425732,17.303491846779647,18.449186325073242,17973800
2020-03-20,18.606613629799103,18.632851523808533,17.50027495496221,17.78888511657715,30497400
2020-03-23,17.67883610296458,17.80209438351805,16.798415974969796,16.882055282592773,37354800
2020-03-24,17.947360329132707,18.990657467533786,17.7976888750748,18.867399215698242,23758600
2020-03-25,18.796964203034566,20.086779422407368,18.603270760585275,19.307607650756836,27152800
2020-03-26,19.536517369005438,20.311286115073745,19.49689840771817,20.214439392089844,26767800
2020-03-27,19.461682006954355,19.901891968727227,19.312010552780873,19.483692169189453,28151200
2020-03-30,19.725808143070065,20.1836252073773,19.56292925514759,20.104387283325195,19508400
2020-03-31,20.042756895407543,20.32449097236442,19.747817058364426,19.827054977416992,17017400
2020-04-01,19.10070804949506,19.47488748688854,18.880603090769803,18.933427810668945,20480800
2020-04-02,18.911419044435288,19.69059085726034,18.871800081774094,19.219566345214844,23569200
2020-04-03,19.087506525645747,19.479293170447583,18.673708036671986,18.757349014282227,18531600
2020-04-06,19.562927796477204,20.302480579641802,19.562927796477204,20.152809143066406,20933400
2020-04-07,20.89676815363767,21.40741165998445,20.58862083376493,20.689868927001953,22422600
2020-04-08,20.90997486478136,21.799199260543155,20.676664103655835,21.70235252380371,32927200
2020-04-09,21.940060761068754,22.758851416803118,21.918050602646662,22.635591506958008,61476000
2020-04-13,22.459515730417003,22.52114486538067,21.830015258828723,22.13816261291504,31714600
2020-04-14,22.600380086364016,22.745648504269308,22.19538603788848,22.42429542541504,16524000
2020-04-15,21.71115682726937,21.733166991174123,21.22252346395172,21.39420509338379,11401200
2020-04-16,21.433819884272303,21.477841882773077,20.918775096319774,21.27094268798828,9255800
2020-04-17,21.77278092274937,22.195382017354422,21.76837956269342,22.124948501586914,12609200
2020-04-20,21.73756787699226,22.089735502366704,21.517462901224768,21.579092025756836,9686400
2020-04-21,21.028831321972714,21.284152241716953,20.94959338981502,21.04644012451172,11975400
2020-04-22,21.47784439716488,21.623112811055034,21.24893501596525,21.460235595703125,7665200
2020-04-23,21.58348823290087,22.05011127464865,21.58348823290087,21.609901428222656,12767200
2020-04-24,21.785992484029126,22.01049883325045,21.54827869360575,21.948869705200195,8291400
2020-04-27,22.014899640438287,22.617988502373755,21.984085077188183,22.534347534179688,9722200
2020-04-28,22.90412751567243,23.089016603042786,22.670816735180992,22.952550888061523,13503800
2020-04-29,23.427976219473805,23.656885615925745,23.331129484248947,23.538028717041016,11752600
2020-04-30,23.168250268302035,23.168250268302035,22.802875201709572,22.838092803955078,10813600
2020-05-01,22.441906127880905,22.53875286753119,22.151367588197964,22.358266830444336,10134000
2020-05-04,22.186586139784087,22.468320289743453,21.966481125219833,22.4375057220459,10141000
2020-05-05,22.63560089788927,22.79847983217542,22.44631211351426,22.494733810424805,9034000
2020-05-06,22.5563560669052,22.72803765961839,22.085329927892648,22.107341766357422,7506400
2020-05-07,22.327447868491774,22.763254752585652,22.296633308172716,22.560758590698242,8245800
2020-05-08,22.886512907638497,23.13302937117441,22.81607939244717,23.102214813232422,7567000
2020-05-11,22.719235029934296,22.855699035148525,22.5167388627168,22.750049591064453,8857200
2020-05-12,22.824883837938323,22.970153918590103,22.40228271484375,22.40228271484375,8400000
2020-05-13,22.292231173029258,22.384674857737238,21.728762985169958,21.931259155273438,10532200
2020-05-14,21.526270176171717,22.199790954589844,21.270947564139693,22.199790954589844,10842000
2020-05-15,22.058921468599,22.41108910241085,21.948868978078565,22.39348030090332,9761200
2020-05-18,23.163846777962412,23.599655361303807,23.106620694327788,23.414766311645508,8851400
2020-05-19,23.326721783203883,23.516010482645886,23.16824596109673,23.190256118774414,9785800
2020-05-20,23.49840277919859,23.815352736256752,23.49399974021221,23.56003189086914,7598600
2020-05-21,23.48960766140954,23.61726897417694,23.24749247878489,23.335533142089844,10491400
2020-05-22,23.309118350536068,23.34433427507272,23.119827928256715,23.30031394958496,7465200
2020-05-26,23.82856521808577,24.066277316382518,23.74492425231252,23.938617706298828,8228800
2020-05-27,24.211545379480082,24.339206658141556,23.872583542655253,24.18073081970215,13983400
2020-05-28,24.519698465585368,24.603337764902566,24.16753078521301,24.405242919921875,10969400
2020-05-29,24.409648895263672,24.493288204636745,24.119110314116803,24.409648895263672,14772600
2020-06-01,24.4184494079202,24.664965934910587,24.383231801625634,24.57692527770996,6466800
2020-06-02,24.65615701704137,25.056747979291952,24.629745496426164,25.02153205871582,8655400
2020-06-03,25.334082480809148,25.774292434182954,25.303267918414395,25.589405059814453,9448200
2020-06-04,25.48375560547033,25.752283963343597,25.44413663989447,25.68185043334961,9007400
2020-06-05,26.355369954878206,26.540259012138367,26.254121865129825,26.3377628326416,11260000
2020-06-08,26.43901037508975,26.522649661602415,26.139667472783362,26.37297821044922,10513000
2020-06-09,26.069235007300033,26.22330782536795,25.89755338737642,26.051626205444336,12017800
2020-06-10,26.16167737547612,26.16167737547612,25.65103390235209,25.756683349609375,10384800
2020-06-11,25.025934363626053,25.10077092648475,23.665685584772334,23.766935348510742,58196800
2020-06-12,24.590130461165657,24.69137855797559,23.771339606052116,24.229158401489258,27863800
2020-06-15,23.590852297441533,24.62974809259273,23.45878964264233,24.484477996826172,13771400
2020-06-16,25.329681512331256,25.439734002378646,24.612138807027318,24.995121002197266,19004800
2020-06-17,25.15359859291016,25.18001179688123,24.717791642628523,24.788225173950195,8050800
2020-06-18,24.695779413257387,24.946698969618808,24.651759086595597,24.805831909179688,7135200
2020-06-19,25.219632382518107,25.263652712695187,24.55491431367569,24.730998992919922,14837000
2020-06-22,24.72524152934659,24.924424798779032,24.508352705188006,24.822620391845703,6738800
2020-06-23,25.1944272882804,25.21656007626759,24.87130850790445,24.88016128540039,6232000
2020-06-24,24.61458541046969,24.641142055213738,24.0834305651575,24.154251098632812,11306000
2020-06-25,24.08785567073809,24.481796675039842,23.870968529639548,24.455238342285156,10509400
2020-06-26,24.362280864657254,24.40654305346634,23.972767186859084,24.11883544921875,16345800
2020-06-29,24.322451366221696,24.69425960235037,24.26490915306631,24.588027954101562,9878200
2020-06-30,24.503927622615656,25.088197431633674,24.433107090870887,24.942129135131836,7877800
2020-07-01,24.96868855346238,25.079345744656322,24.654422535710307,24.99524688720703,16292200
2020-07-02,25.34492179609518,25.672467818091253,25.291806818215576,25.464431762695312,16065800
2020-07-06,25.94689682105491,25.973455153881098,25.495415293977853,25.8273868560791,15728400
2020-07-07,25.641479039058254,25.911482798453104,25.623773486984472,25.83623504638672,14897400
2020-07-08,25.880503592076064,26.017717424147605,25.181149355537777,25.46885871887207,18333600
2020-07-09,25.588367294026522,25.623776714139304,24.946555302721926,25.22983741760254,31458800
2020-07-10,25.2873802448584,25.69902510579189,25.269674690120596,25.668041229248047,9314200
2020-07-13,25.93361779633659,26.190341586056235,25.65033567451024,25.668041229248047,18069200
2020-07-14,25.614923463314017,26.349687068383766,25.58393958810282,26.31427764892578,18868200
2020-07-15,26.774612063469675,26.867563689596686,26.57542880141567,26.756906509399414,16457200
2020-07-16,26.810023078594917,27.04904300728393,26.712644213907982,26.845434188842773,11128800
2020-07-17,27.035759484594298,27.14198941791415,26.938380638639142,27.071168899536133,8155600
2020-07-20,27.057896563774054,27.12871709781384,26.792318294753827,26.83658218383789,7186400
2020-07-21,27.004773924840464,27.203957160433124,27.004773924840464,27.071168899536133,7554200
2020-07-22,27.026912612526246,27.394293604208872,27.01805983473339,27.385440826416016,5899400
2020-07-23,27.36330403161134,27.57134004521237,27.111005826752134,27.30133628845215,8828000
2020-07-24,27.20395632813942,27.350024592603255,27.053462520128633,27.208383560180664,11727000
2020-07-27,27.38543853029848,27.704131750141805,27.29691244828705,27.602327346801758,7281800
2020-07-28,27.518226230365276,27.518226230365276,26.969367572727027,26.995925903320312,9140200
2020-07-29,27.084451317745113,27.2969129050308,27.04018912024607,27.217241287231445,8223000
2020-07-30,26.81002357740789,26.88969688845325,26.4691992331571,26.690513610839844,14042200
2020-07-31,26.73920263293216,26.783464832390223,26.38067273874098,26.717071533203125,10541400
2020-08-03,26.85428173121946,26.863134507612223,26.56214686423608,26.566574096679688,11077800
2020-08-04,26.460342806882835,27.00477589829256,26.407227836341377,26.942808151245117,15835000
2020-08-05,27.19510707241376,27.624457457293584,27.119861002916412,27.336748123168945,11793000
2020-08-06,27.301339640903212,27.372160168709275,27.11543470010319,27.22166633605957,13939400
2020-08-07,27.080022591166024,27.319042481960203,26.951659869610516,27.31461524963379,7971600
2020-08-10,27.34117646458711,27.580196380615234,27.30133981191576,27.580196380615234,6678200
2020-08-11,27.81921322773845,27.978559830516968,27.47839061328879,27.531505584716797,8975200
2020-08-12,27.863477549805708,27.894461424334526,27.62888318602313,27.69527816772461,7929000
2020-08-13,27.56249038584128,27.797083065325616,27.5270792780352,27.690853118896484,16852000
2020-08-14,27.566915031229442,27.832493265631996,27.53150561307247,27.72183609008789,5179600
2020-08-17,27.938723412447352,28.044955044682375,27.73068906908281,27.84577178955078,3719600
2020-08-18,27.934302651248696,27.98741763221331,27.704135482408965,27.730693817138672,4764000
2020-08-19,27.836921404465443,27.90331639137855,27.571344833802332,27.651018142700195,6209400
2020-08-20,27.442979376000093,27.571342104126515,27.367733307543254,27.55363655090332,4662400
2020-08-21,27.34560720709825,27.442986085138077,27.243802783917932,27.394296646118164,5512600
2020-08-24,27.743964592858003,27.881180085558203,27.65101297933255,27.876752853393555,7063200
2020-08-25,27.974137894114413,28.06708952822453,27.646591869661744,27.766101837158203,5754800
2020-08-26,27.739540054083854,28.10692268868098,27.66871952902223,28.0582332611084,4762800
2020-08-27,28.15561328904122,28.21315549570517,27.898887819690195,27.982988357543945,7297600
2020-08-28,28.120198968881677,28.341513304700975,27.991837937362217,28.314956665039062,4845800
2020-08-31,28.266270135244575,28.332665118186444,27.881183624267578,27.881183624267578,6109400
2020-09-01,27.88118172628354,28.695618577588306,27.77052455457634,28.664634704589844,18465600
2020-09-02,28.78414727259831,29.35956600240055,28.59824400678136,29.315303802490234,22911200
2020-09-03,29.27546599127294,29.27546599127294,28.204305199805056,28.505292892456055,28891200
2020-09-04,28.673487134729232,28.823982651330315,28.093644608476062,28.522994995117188,27926400
2020-09-08,28.239711638477786,28.261842736496884,27.77495182609855,27.98741340637207,16465800
2020-09-09,28.332666696680654,28.899230945636514,28.31496114177712,28.708900451660156,13236200
2020-09-10,28.850541037183927,28.956770987860523,28.385779515366295,28.43889617919922,14234600
2020-09-11,28.66463554891223,28.9434904141121,28.531845588156685,28.801849365234375,19443800
2020-09-14,29.04087005058028,29.30201936958054,28.92578563995842,29.21792221069336,11562800
2020-09-15,29.363989590921427,29.55432008809185,29.346287412710126,29.35956573486328,8611200
2020-09-16,29.42595845944437,29.718091655313707,29.29759572685407,29.38169288635254,19141200
2020-09-17,29.071861466532678,29.660558616395658,28.916942052618722,29.598590850830078,23226600
2020-09-18,29.691536821636873,29.691536821636873,29.05857758554421,29.089561462402344,18910000
2020-09-21,28.501650035473986,28.52833511842107,27.785663643681293,28.11030387878418,16070800
2020-09-22,28.132538121551406,28.234823584382607,27.932418667917215,28.16366958618164,11727400
2020-09-23,28.110297636317583,28.136981016893877,27.31426126179539,27.336498260498047,14883600
2020-09-24,27.32315946207389,27.8123446609317,27.096356633686714,27.532175064086914,22009400
2020-09-25,27.274237749321603,27.865704910926848,27.176400387191283,27.776762008666992,8869000
2020-09-28,28.172558681524162,28.457176333695983,28.056934085676946,28.22592544555664,8570600
2020-09-29,28.243713368162087,28.332656280635135,27.941310180065646,28.016910552978516,11333400
2020-09-30,28.141433910399815,28.53278346362704,28.079174371093742,28.301530838012695,12347200
2020-10-01,28.434941182315143,28.568354708179573,27.807896083951803,27.901287078857422,29154800
2020-10-02,27.585538328632037,28.36823391694251,27.501043495444687,28.15032386779785,27853200
2020-10-05,28.37713329636523,28.879659393290893,28.36823883399674,28.688432693481445,18641400
2020-10-06,28.830738801904936,29.066436101606648,28.274847663781934,28.32821273803711,31358800
2020-10-07,28.68843362748796,29.13314658171953,28.64396301064292,29.05754280090332,14277800
2020-10-08,29.279893735422803,29.462227640729964,29.199848675988367,29.351049423217773,12583200
2020-10-09,29.59564117007916,29.706819381247165,29.3955183542429,29.577852249145508,9547600
2020-10-12,29.746846672232248,29.782424519796855,29.511149369674726,29.52893829345703,8131200
2020-10-13,29.319914913949553,29.48445987068393,29.155369957215175,29.26654815673828,10341200
2020-10-14,29.297682657371546,29.542276093054337,29.25766012765433,29.351049423217773,8767000
2020-10-15,28.941909714148863,29.30212599487913,28.906331876008018,29.26654815673828,8749800
2020-10-16,29.439996784711347,29.608989882051233,29.35550362893205,29.471126556396484,20165000
2020-10-19,29.56895934900945,29.6712448074214,29.039753312727115,29.128694534301758,10827600
2020-10-20,29.302130375526342,29.50669788608483,29.106455629387835,29.19540023803711,8399800
2020-10-21,29.190956762596212,29.533387622337603,29.084226608276367,29.084226608276367,7800400
2020-10-22,29.070880268102492,29.27989245787821,28.7818162366053,29.24431800842285,7066400
2020-10-23,29.45333487620056,29.564513093712748,29.204293361808098,29.351049423217773,8233000
2020-10-26,28.981939690536333,28.986387769670177,28.394918781808553,28.61727523803711,14833600
2020-10-27,28.626170270218118,28.666192802177537,28.328211748441376,28.34600067138672,9313000
2020-10-28,27.652250727089168,27.923525891745523,27.438788719600208,27.54551887512207,15424600
2020-10-29,27.465469652431075,28.332660200233562,27.367633961976388,28.1147518157959,15086800
2020-10-30,27.999124591388995,28.21258658602551,27.6522490621603,28.096961975097656,14679800
2020-11-02,28.519432833615713,29.133138716213974,28.44383246610104,29.030853271484375,15868400
2020-11-03,29.377731113678816,29.635665392635648,29.17761167928572,29.484464645385742,17784200
2020-11-04,29.34660376357996,29.53338576299343,28.715112250349794,28.9819393157959,22194600
2020-11-05,29.64901021801521,30.39167999655121,29.62677660725754,30.164878845214844,17707400
2020-11-06,30.33831398722438,30.511751743399465,30.11595754157529,30.240476608276367,12151400
2020-11-09,31.69023592889079,32.20165634120029,30.876410668746153,30.920881271362305,32868400
2020-11-10,31.049855675773813,31.356708673700478,31.009833141900053,31.285552978515625,19650600
2020-11-11,31.307794748788407,31.307794748788407,30.609595499699633,30.81861114501953,12835400
2020-11-12,30.68073574713321,30.702972744742066,29.97364400931262,30.169315338134766,11053200
2020-11-13,30.396118439196172,30.778571709036765,30.38722567629051,30.68963050842285,11077200
2020-11-16,31.18327442563552,31.334475205625097,30.94312901663089,31.294452667236328,10964200
2020-11-17,31.09878071613725,31.249981509934006,30.78303488830491,31.178829193115234,13893800
2020-11-18,31.28109756330949,31.37449023955976,30.90754042986641,30.920881271362305,9243000
2020-11-19,30.840840568986383,31.098774878933817,30.596250496773074,31.049856185913086,7465400
2020-11-20,31.040951759202617,31.165470788153733,30.885299580124645,31.023162841796875,8858000
2020-11-23,31.26776229028351,31.472329813060803,31.138795144706283,31.281103134155273,8959000
2020-11-24,31.570173096289775,32.15274939980217,31.534598636941894,32.059356689453125,12274400
2020-11-25,32.00153609887696,32.01487694143957,31.668001463252757,31.725812911987305,7890200
2020-11-27,31.868128176529325,32.005988090383894,31.739161027840453,31.890361785888672,4594600
2020-11-30,31.84588883449665,31.87257052092358,31.40117596530149,31.570165634155273,9913400
2020-12-01,32.108266533147905,32.166081375313986,31.770287208762205,31.91703987121582,10474200
2020-12-02,31.819216633799734,31.930394884242233,31.45010402803681,31.507915496826172,10779600
2020-12-03,31.59684813389935,31.70357826378354,31.218839511632215,31.289995193481445,11470200
2020-12-04,31.423413465606828,31.925937794348037,31.414517308063097,31.921489715576172,11538400
2020-12-07,31.899258732344627,31.99264803689847,31.60129850213159,31.71247673034668,8008800
2020-12-08,31.539038186265238,31.96596216491278,31.52569734207159,31.890361785888672,7046600
2020-12-09,32.01486646626668,32.077125973114214,31.605731594728958,31.90813636779785,13517800
2020-12-10,31.73916181228368,31.983751878622716,31.60574658126947,31.71247673034668,7156600
2020-12-11,31.499015877505173,31.676901718094854,31.29444834833861,31.5301456451416,6851600
2020-12-14,31.805867874455206,31.854786569130376,31.11656485538863,31.129905700683594,10226400
2020-12-15,31.427856045647914,31.77473152303112,31.347807597567964,31.694683074951172,8021400
2020-12-16,31.765842229201294,31.810312840128358,31.472330089880437,31.605745315551758,8139200
2020-12-17,31.903701781227017,31.997091080987925,31.783630793788735,31.970409393310547,7591400
2020-12-18,32.00154985921623,32.19277660158191,31.730274634165127,32.112728118896484,10906600
2020-12-21,31.544666333947905,32.022886544701784,31.28544327133743,31.94243812561035,10098600
2020-12-22,31.937972655715175,31.97819857627055,31.70109766638392,31.745790481567383,6653800
2020-12-23,31.920095026379382,32.125684705248894,31.772605666589325,31.790483474731445,8219200
2020-12-24,31.817295703441456,31.991600036621094,31.692154480629675,31.991600036621094,2732600
2020-12-28,32.2910437399162,32.33126624072254,31.85304607536246,31.866456985473633,5322600
2020-12-29,32.03629907438154,32.10780689710678,31.629586611295608,31.790483474731445,6852800
2020-12-30,31.89774659071043,32.29551839825393,31.879868784660484,32.228477478027344,5655000
2020-12-31,32.27316639453152,32.40724821880797,32.00947645925491,32.353614807128906,6500800
2021-01-04,32.63965121351683,32.80501833385566,31.861985537287868,32.04522705078125,18266000
2021-01-05,31.991598000054783,32.85418241363019,31.991598000054783,32.764793395996094,26812000
2021-01-06,33.117872807449345,34.34694368593651,33.08211719989481,34.10559844970703,48521400
2021-01-07,34.31119226327402,34.588293140855676,34.2352141453355,34.360355377197266,18577800
2021-01-08,34.42291874183568,34.45420404321078,33.770394306124984,34.194984436035156,16988400
2021-01-11,33.689945901183,34.333533140718856,33.564804695682604,34.194984436035156,12240200
2021-01-12,34.1637044510864,34.75812526971478,34.05197072738174,34.628517150878906,17845800
2021-01-13,34.59276360110276,34.67321202335492,34.132421177598694,34.27544021606445,9809200
2021-01-14,34.387174677493206,34.41845998626513,34.11901099105628,34.159236907958984,11074000
2021-01-15,33.84191080671603,33.904481419250324,33.31899779774684,33.67207336425781,19709000
2021-01-19,33.9446993680107,34.034088380952085,33.64525384680199,33.788272857666016,9912400
2021-01-20,33.95364638786656,34.0028095018104,33.75699393209124,33.9000129699707,10326600
2021-01-21,33.8597870724219,33.92682798561598,33.39050408990585,33.40391159057617,12646600
2021-01-22,33.028488455499186,33.37709711781821,32.97485504212605,33.24301528930664,12131800
2021-01-25,33.10893623887136,33.20279215310153,32.48769703765082,33.06871032714844,24149400
2021-01-26,33.27430045812589,33.39944508881642,32.60389813800374,32.61283874511719,13554800
2021-01-27,32.11227226220749,32.11227226220749,31.289913673221715,31.65192985534668,24779000
2021-01-28,31.969259161701594,32.39831634121025,31.884340422790185,32.19719696044922,14483400
2021-01-29,32.063101674534096,32.228468778475815,31.41057727414218,31.571474075317383,17979800
2021-02-01,31.89774531719127,32.00053843557089,31.428462304184123,31.94243812561035,16012000
2021-02-02,32.179322898381656,32.523461379046985,32.00054820031078,32.36256790161133,15789200
2021-02-03,32.451940122243826,32.61730724627927,32.30445080160483,32.42512512207031,12846200
2021-02-04,32.33126269398354,32.48322230332534,32.031817188021954,32.30891799926758,12994200
2021-02-05,32.621775789421456,32.90781383854491,32.554734875755095,32.863121032714844,12575600
2021-02-08,33.14468660776351,33.25195000566485,33.05082729852765,33.135746002197266,12635600
2021-02-09,33.15362403366153,33.180439030862544,32.809485733494604,32.889930725097656,14514000
2021-02-10,33.10445794516498,33.14021354476803,32.64411568226111,32.85417556762695,10917400
2021-02-11,32.952504617204525,33.073175514019816,32.60389260562735,32.88546371459961,13346000
2021-02-12,32.813952783545666,33.24300979002564,32.76925998471604,33.22513198852539,6575800
2021-02-16,33.350282382053784,33.462016103423764,33.11340402848168,33.162567138671875,12385800
2021-02-17,33.06871756010455,33.20726971985223,32.7156385237205,33.14469909667969,11821200
2021-02-18,33.05976885317205,33.095524456779614,32.78713834288794,32.93909454345703,12117600
2021-02-19,33.12680431923168,33.68993963931484,33.1178637148765,33.54245376586914,11360800
2021-02-22,33.50223933164224,33.81062550044888,33.39050560785348,33.67207336425781,12198600
2021-02-23,33.654194453017226,33.8776618706074,33.05530000075762,33.788272857666016,22024400
2021-02-24,33.80615112396904,34.226270965950796,33.681009913976744,34.083251953125,14763400
2021-02-25,34.01621149498157,34.07431179757743,33.16256430006005,33.29664611816406,20375400
2021-02-26,33.211734600183306,33.31453113764257,32.65753622433441,32.872066497802734,16280200
2021-03-01,33.305590093879616,33.882136573330925,33.305590093879616,33.703365325927734,15016000
2021-03-02,33.801686106132685,34.199457904308794,33.7793414064786,33.891075134277344,15129200
2021-03-03,33.76592614703051,34.00726794296613,33.5513959386142,33.55586624145508,17340400
2021-03-04,33.50224200057163,33.636323843736726,32.33127125443756,32.903350830078125,37034800
2021-03-05,33.24301889639091,33.77040225066904,32.54580149610023,33.658668518066406,23513000
2021-03-08,33.770401594333194,34.6195786275778,33.71230128205247,34.11007308959961,29673000
2021-03-09,34.33800719867802,34.59723024404247,34.08772135046571,34.32012939453125,15732600
2021-03-10,34.48996925634826,35.160371681021914,34.467624554764974,34.88774108886719,14336600
2021-03-11,35.20953697392509,35.35702633482917,35.05311041380406,35.07545852661133,9525000
2021-03-12,35.07098529105231,35.19165622453405,34.977129362823625,35.1693115234375,9627600
2021-03-15,35.16930737357552,35.231877985011515,34.78494309770149,35.209529876708984,9292800
2021-03-16,35.17824850311987,35.21400411646355,34.72237636743823,34.91902542114258,13154200
2021-03-17,34.88772706142229,35.316784031519646,34.80281177379913,35.231868743896484,11091200
2021-03-18,35.14696246123566,35.549204578359635,34.9681878080869,35.03522872924805,13173600
2021-03-19,34.968187193155664,35.097798729163166,34.449744458968496,34.860923767089844,17836800
2021-03-22,34.806174015569496,35.02609600451174,34.59971272477489,34.88247299194336,12876400
2021-03-23,34.725386552749434,34.7523147980697,34.034199720839474,34.15538024902344,20470200
2021-03-24,34.307969430336655,34.88246128785127,34.307969430336655,34.4022216796875,13470600
2021-03-25,34.26309465323255,34.96325980884767,34.06561515868081,34.90042495727539,15393400
2021-03-26,35.228047295384215,35.793564126260584,35.11135600945434,35.76663589477539,15219200
2021-03-29,35.63648709785899,35.982078721394245,35.44349339467275,35.64546203613281,12979600
2021-03-30,35.63199176293458,35.730733188103954,35.447976454043726,35.54222869873047,13140600
2021-03-31,35.60955229337346,35.71727208860921,35.27742481866748,35.367191314697266,14174400
2021-04-01,35.42554430506094,35.70381536401671,35.21010809421737,35.676883697509766,14325800
2021-04-05,36.04490510592506,36.24687712424461,35.86986474459283,36.11671829223633,17460600
2021-04-06,36.053894403071,36.32767626651074,36.02247698058982,36.19751739501953,12551800
2021-04-07,36.13915226971582,36.20199051103434,35.497336560214826,35.573638916015625,17575600
2021-04-08,35.65443687146467,35.69034004525018,35.32230597607584,35.6185302734375,10828600
2021-04-09,35.70380773929254,35.937193778976805,35.59608794475365,35.928218841552734,10617600
2021-04-12,35.905774272880635,36.094278765995305,35.89679933597866,36.05388641357422,8856400
2021-04-13,35.995544726069454,36.07633287173288,35.80704019426885,35.9686164855957,9311800
2021-04-14,35.99554194677604,36.37704358665587,35.98207782757875,36.22893142700195,9953200
2021-04-15,36.408468984592204,36.722643248848605,36.26484597461175,36.65531921386719,10863000
2021-04-16,37.01437020171871,37.19838553713177,36.947046181741484,37.099647521972656,12927600
2021-04-19,37.099647045544216,37.166967640415024,36.72263459305843,36.92909240722656,12112600
2021-04-20,36.861773734394454,36.933586944994616,36.43988310696675,36.574527740478516,10643200
2021-04-21,36.5834971828029,37.2836586942038,36.53861564924363,37.23877716064453,10809000
2021-04-22,37.19389810430113,37.19389810430113,36.565546319896804,36.61042785644531,16101000
2021-04-23,36.77199442297576,37.333022042376555,36.637346424623225,37.21184158325195,9370000
2021-04-26,37.35996855473757,37.64721456249755,37.28366958297938,37.43178176879883,8192000
2021-04-27,37.26571049371157,37.440750895506525,37.10413421140208,37.33303451538086,8882800
2021-04-28,37.35098291218775,37.59334730383126,37.27916971870455,37.43626022338867,7793600
2021-04-29,37.66515422178636,37.68759669911133,37.28365607695083,37.66964340209961,11571000
2021-04-30,37.50807021975506,37.68311059962838,37.18491769560691,37.27019500732422,10352600
2021-05-03,37.58886501031797,38.05115139928254,37.561936769948666,37.82674026489258,12405600
2021-05-04,37.57988870624341,38.239654541015625,37.54847128553997,38.239654541015625,15622200
2021-05-05,38.39225679199396,38.78721915074861,38.39225679199396,38.72438430786133,15113400
2021-05-06,38.80067068296667,39.07445244854418,38.41917256799112,39.0520133972168,14774400
2021-05-07,39.0610062664805,39.51431777200521,38.89045501627715,39.438018798828125,15089400
2021-05-10,39.895811407092296,40.039434396885234,39.25848460390125,39.26297378540039,18238200
2021-05-11,38.94878682861528,39.44697970439728,38.67949421517021,39.39311981201172,18997000
2021-05-12,39.24501396478782,39.33477703440735,38.35634450889141,38.40122604370117,18269200
2021-05-13,38.459575005898735,39.105876638560474,38.36980851230571,38.98918533325195,22130400
2021-05-14,39.164220432965955,39.55918267877773,39.128313840371845,39.455955505371094,11112600
2021-05-17,39.478403078928125,39.873365409992054,39.28092020127522,39.80155563354492,15624000
2021-05-18,39.86887706024624,39.891316115820814,39.33477754364314,39.3617057800293,13594800
2021-05-19,38.81414431910704,38.93083562251569,38.32043717298756,38.760284423828125,24960000
2021-05-20,38.82761545929867,38.95328514677009,38.63013256513377,38.78273391723633,11750000
2021-05-21,38.998158873383325,39.280915613527995,38.8455609761044,38.86800003051758,13533000
2021-05-24,39.09690541804776,39.36619807594378,38.93532913846176,39.213600158691406,10218400
2021-05-25,39.289895757066255,39.37965882727401,38.83658437676136,38.881465911865234,9688800
2021-05-26,38.89494323730469,39.016123754989366,38.630136292375205,38.89494323730469,12616400
2021-05-27,39.21360253890399,39.39761788700968,39.10139697261643,39.20462417602539,11654600
2021-05-28,39.28990002832893,39.339270749582845,39.00714324461814,39.16423034667969,10690800
2021-06-01,39.617532505919996,39.77462300904273,39.44249212884642,39.711788177490234,13700800
2021-06-02,39.7656566565483,39.77463502047658,39.33029846057519,39.379669189453125,11410200
2021-06-03,39.10140050819573,39.38864650992552,38.890453476622376,39.37069320678711,12528600
2021-06-04,39.536740202346124,39.59508927137184,39.29437926293874,39.455955505371094,10291600
2021-06-07,39.473908520332614,39.473908520332614,38.80067526467549,38.97571563720703,12097600
2021-06-08,38.993682659884456,39.20911888418995,38.701950885809424,39.047542572021484,11581600
2021-06-09,38.97123657824135,39.08344214013362,38.73336133490846,38.74233627319336,19761200
2021-06-10,39.03855578891725,39.09241226047312,38.50445628437771,38.50894546508789,12269000
2021-06-11,38.78273149264908,38.926354472814964,38.44611481186259,38.65257263183594,8715600
2021-06-14,38.54486065244532,38.639112931288025,37.9703686151702,38.17682647705078,12375600
2021-06-15,38.23516075711205,38.257599810479775,37.82673094946831,38.09602355957031,20967400
2021-06-16,38.096027661172606,38.11398096034452,37.58885980047234,37.674137115478516,16649000
2021-06-17,37.566421731778945,37.5709109131595,36.38602042260788,36.834842681884766,30323200
2021-06-18,36.453343595760494,36.60594151671778,36.23790740966797,36.23790740966797,23531600
2021-06-21,36.66118510483482,37.0443395459636,36.64766253289382,36.9902458190918,18014200
2021-06-22,37.143508609187016,37.301277675885835,36.877552091802386,37.138999938964844,11156800
2021-06-23,37.2471850354606,37.34184647823715,36.89558440825978,36.90009307861328,10336800
2021-06-24,37.175057252766436,37.23365620107471,36.895578202688846,37.01728820800781,10540600
2021-06-25,37.22013739312211,37.36889255283186,36.99024336803501,37.02179718017578,20219000
2021-06-28,37.138998527744754,37.170552339885525,36.73330420085799,37.02179718017578,10148200
2021-06-29,37.184066407422875,37.38240657501141,36.913604731051926,37.00375747680664,9840000
2021-06-30,36.900090348517615,37.15702951393196,36.8955816784977,37.102935791015625,9728400
2021-07-01,37.40043227478314,37.450017309339124,37.116444633397734,37.30577087402344,14184600
2021-07-02,37.355369494457314,37.40495454704702,37.10744423150878,37.3598747253418,12341200
2021-07-06,37.341846204434034,37.355372215395356,36.54849218342648,36.8054313659668,12216600
2021-07-07,36.814439085040554,37.22013336805465,36.72428632841841,37.18857955932617,13178600
2021-07-08,36.58005190404826,36.88206752123616,36.36368040213093,36.6837272644043,15825600
2021-07-09,37.157027750215775,37.50411966490785,37.084902789750856,37.40495300292969,14981600
2021-07-12,37.17957277147745,37.63935742077527,37.0398315011423,37.52666473388672,20226200
2021-07-13,37.45904864927012,37.5446961923123,37.06688029767259,37.184078216552734,24708800
2021-07-14,37.22915516906076,37.5266655194462,36.9992645591534,37.10744857788086,12376600
2021-07-15,36.918118395856126,37.359871724582106,36.895578486813925,37.1119499206543,12688200
2021-07-16,37.17955656019876,37.20660169274509,36.48536949895644,36.552982330322266,19222200
2021-07-19,35.908395123317256,35.93994893432286,35.466638330131374,35.768653869628906,23013400
2021-07-20,35.67399119592135,36.43579474255744,35.56129852637672,36.174346923828125,21231400
2021-07-21,36.42677936118199,36.688227193965204,36.38170297876257,36.57102584838867,13671200
2021-07-22,36.656670468511926,36.69273294722387,36.28252998986692,36.58454895019531,9453400
2021-07-23,36.76486187143929,36.87755456078441,36.440306375868055,36.841495513916016,10392800
2021-07-26,36.93164634424075,37.188585524848115,36.85050747462222,37.152523040771484,11820600
2021-07-27,36.922630834181454,37.36889287808733,36.571026788414194,37.20210647583008,16864400
2021-07-28,37.21563365601076,37.445527711570364,36.949680552587495,37.31029510498047,12214400
2021-07-29,37.57174575561593,37.86023879451006,37.48159297062712,37.72050094604492,12574800
2021-07-30,37.648367244629696,38.108155283233366,37.648367244629696,37.87375259399414,11172400
2021-08-02,38.05406844455269,38.2749486030402,37.41397476196289,37.41397476196289,17010000
2021-08-03,37.45002376633618,37.80613296722533,37.129977040270276,37.8016242980957,13131600
2021-08-04,37.643866050523826,37.84671151106087,37.422985908303275,37.441017150878906,10539600
2021-08-05,37.62132400563706,37.87375450917561,37.350862260544645,37.386924743652344,13964800
2021-08-06,37.60779822890993,37.97743005149071,37.57173574887585,37.9278450012207,14054200
2021-08-09,37.860223002535875,37.977424325421815,37.57623875307707,37.88276290893555,10743600
2021-08-10,37.869249902204054,38.604004952316956,37.869249902204054,38.45524978637695,16047400
2021-08-11,38.74824480985202,39.02772385200199,38.57244453080664,38.99617004394531,16544800
2021-08-12,39.00068399807191,39.03674648366241,38.58597573110487,38.93307113647461,9612600
2021-08-13,38.98715889665486,39.050266522790494,38.89700612763473,38.9691276550293,7815800
2021-08-16,38.7302074432571,38.82486885244995,38.36508437364085,38.77528381347656,12273400
2021-08-17,38.56343943093444,38.60851581857199,37.88277462855125,38.329036712646484,14924000
2021-08-18,38.193795733895335,38.42368627145905,37.860223002535875,37.88276290893555,14712800
2021-08-19,37.45452917627831,37.71147173129811,37.34183652124446,37.54468536376953,15936200
2021-08-20,37.558209881511935,37.84670281824377,37.499610935931344,37.76556396484375,13973600
2021-08-23,37.97742955360187,38.19380099186226,37.882768124083995,38.09012222290039,8095600
2021-08-24,38.27043775262846,38.44623807179046,38.21183535350251,38.329036712646484,11059200
2021-08-25,38.225353795264965,38.63104464277232,38.076598650321735,38.50482940673828,9824400
2021-08-26,38.49131065457466,38.540895707806875,38.22084891637648,38.2388801574707,11541800
2021-08-27,38.43271063904656,38.85643275618335,38.39213948792801,38.74374008178711,10357400
2021-08-30,38.90151097565332,38.97363249596178,38.70317077636719,38.70317077636719,9012600
2021-08-31,38.68063739451722,38.68063739451722,38.40566695877829,38.590484619140625,10608800
2021-09-01,38.549905252535304,38.64457011735944,38.157736980151896,38.49130630493164,14017600
2021-09-02,38.604002339141864,38.81586511766515,38.59047976844591,38.739234924316406,10631000
2021-09-03,38.698660164466894,38.81135282856791,38.47327483626486,38.48229217529297,22878200
2021-09-07,38.34705973244903,38.374104871410466,38.17576812051463,38.2298583984375,13864600
2021-09-08,38.11716895360344,38.15323143466958,37.73401454982134,37.86473846435547,12420000
2021-09-09,37.756558792181785,38.13520456949685,37.756558792181785,37.878265380859375,9871400
2021-09-10,38.05406546833862,38.3380532387238,37.84671133832707,37.8692512512207,17780200
2021-09-13,38.202812332150366,38.31550499389712,37.62131778484425,37.860225677490234,15220000
2021-09-14,37.99095057817595,38.01799571719304,37.36437963749387,37.445518493652344,12087400
2021-09-15,37.54018567059225,37.887281056987945,37.4680641424617,37.842201232910156,12651600
2021-09-16,37.69794458421712,37.73400705812342,37.161529901064775,37.43199157714844,11250600
2021-09-17,37.22464191364712,37.292258200442156,36.54397725436294,36.66117858886719,19932000
2021-09-20,35.80277664333239,36.1242224962631,35.48133079040169,35.95670700073242,20155600
2021-09-21,36.178557415975575,36.24194091897245,35.716759375121946,35.87069320678711,15229000
2021-09-22,36.21476509636092,36.60412277755065,36.21476509636092,36.2419319152832,15312200
2021-09-23,36.51358736268346,37.00707373287037,36.47736722886917,36.7580680847168,9516600
2021-09-24,36.59055383474248,36.89841807463518,36.50453187746384,36.703739166259766,7251800
2021-09-27,36.79881735245293,37.19723196168312,36.79428897167283,36.98896789550781,10433000
2021-09-28,36.89842337039769,36.95275358081479,36.418518601212654,36.53170394897461,16570600
2021-09-29,36.52717844896309,36.60867204394517,36.309861044296575,36.382301330566406,13939600
2021-09-30,36.49094008072911,36.6403455059341,35.80729990060366,35.81635665893555,21458800
2021-10-01,35.98840339491347,36.58149682077504,35.716759317629574,36.386817932128906,18500000
2021-10-04,36.432083382224164,36.658453972689934,35.970285443354975,36.22834777832031,17111600
2021-10-05,36.32795897554376,36.753536879799114,36.083478272299736,36.5498046875,13584200
2021-10-06,36.17856338223149,36.48189926147461,35.793730466676195,36.48189926147461,15448600
2021-10-07,36.794280631515576,37.360207205764034,36.794280631515576,36.95726776123047,16938400
2021-10-08,37.04782642947537,37.13837332009135,36.68563195872655,36.753543853759766,12798000
2021-10-11,36.880306718662425,37.29682789510053,36.75353970445449,36.7580680847168,9673200
2021-10-12,36.78071356643246,36.97992090507656,36.672056588146155,36.80788040161133,15331400
2021-10-13,37.04782527338314,37.251557497982766,36.64035737004153,37.08404541015625,14431400
2021-10-14,37.44623728924252,38.03932736263655,37.342108711268004,37.98500061035156,11374200
2021-10-15,38.18420118000142,38.29286158352535,38.00310741574582,38.098182678222656,11705000
2021-10-18,37.77219937179662,38.14344702664999,37.70428749931853,38.071006774902344,12699800
2021-10-19,38.243058337407106,38.27022171020508,37.95330418042207,38.27022171020508,9591000
2021-10-20,38.301918163249155,38.62336411265745,38.21137127338349,38.57809066772461,9303800
2021-10-21,38.419622359618394,38.492059162726214,38.080066425580384,38.478477478027344,13392200
2021-10-22,38.550921079271845,38.81351185336627,38.406044006347656,38.406044006347656,11568400
2021-10-25,38.65052578439844,38.95386162452007,38.41509837554137,38.79087448120117,10799400
2021-10-26,38.858787258421394,39.057991084939154,38.53734134453799,38.899532318115234,11553800
2021-10-27,38.75012337345202,38.818035254310935,38.31549217175342,38.34265899658203,11404200
2021-10-28,38.38794140653071,38.79540933279772,38.378884644756695,38.72296905517578,8303400
2021-10-29,38.57807949453469,38.85878029844809,38.39698231311125,38.53733444213867,8699200
2021-11-01,38.600716729021954,38.858779081875085,38.49205635108492,38.62788009643555,11040400
2021-11-02,38.7274835816868,39.14400466657895,38.65504332997965,39.067039489746094,13271200
2021-11-03,39.13495804155526,39.642026073484,39.0308260254888,39.47451400756836,19187200
2021-11-04,39.53337116820135,39.619393122681764,39.28436206530652,39.45187759399414,10073200
2021-11-05,39.55148214331424,39.86839968687358,39.510733628203944,39.759742736816406,11658800
2021-11-08,40.19436415694248,40.398099774362194,40.117398980072096,40.257747650146484,10690000
2021-11-09,40.27133455536155,40.44337844848633,40.108347421949524,40.44337844848633,15768000
2021-11-10,40.40263742396664,40.58826303691198,40.08571985813605,40.167213439941406,12872400
2021-11-11,40.34830258947386,40.656166786383565,40.262280644205326,40.488651275634766,8158400
2021-11-12,40.59731328199046,40.814630635127074,40.502238019412616,40.7919921875,8774600
2021-11-15,40.80557284525175,40.82368291206823,40.461491938164976,40.60636901855469,8628000
2021-11-16,40.6290034540333,40.74218877947679,40.46601630906333,40.49318313598633,8776200
2021-11-17,40.42979459286069,40.53392314497564,40.194367210950965,40.22605895996094,10558600
2021-11-18,40.25775594794681,40.33472114068102,39.97253016973897,40.05402374267578,10389200
2021-11-19,39.91367801890783,40.221538812793135,39.850291053772416,39.98158645629883,10426000
2021-11-22,39.99969802139523,40.475077825778115,39.98158795269906,40.04497146606445,13379800
2021-11-23,40.05854524989298,40.370934347434726,39.88197299370664,40.08570861816406,15231400
2021-11-24,39.87292050519943,39.963467370717495,39.714461763472066,39.80048370361328,10365200
2021-11-26,38.89500572788149,39.30247012395458,38.69579845574485,39.11684799194336,14215000
2021-11-29,39.41565718307091,39.50167913694675,39.03988452244621,39.29794692993164,12280400
2021-11-30,39.098741706556666,39.19834535225613,38.2521141722535,38.324554443359375,24004600
2021-12-01,38.93121762350484,39.26624862260547,37.91707822965634,37.93518829345703,22485600
2021-12-02,38.0619609071274,38.86783986749694,37.989524095368225,38.709381103515625,17957400
2021-12-03,38.77277279894337,39.189294053429414,38.27928633628674,38.62336730957031,19977200
2021-12-06,39.01272024761428,39.497153340874505,38.87237153822763,39.18928909301758,16246000
2021-12-07,39.64202250568946,40.03590863430587,39.637497580198705,39.78689956665039,11307000
2021-12-08,39.92273024243379,40.04496888056261,39.72352295378012,39.95442199707031,9216400
2021-12-09,39.65560962984679,39.922728798529754,39.569591129882845,39.73257827758789,6601600
2021-12-10,40.035913536505255,40.130988795576584,39.71446762608065,39.97705841064453,9585000
2021-12-13,39.9544121819452,40.04495904319392,39.60580296658215,39.73709487915039,9406600
2021-12-14,39.705411033320644,40.03138532530816,39.58770078110229,39.69635772705078,9073600
2021-12-15,39.528837883979186,39.832177150093905,39.09873507321987,39.78237533569336,14623000
2021-12-16,40.05402191153037,40.44790461759953,40.02233015984501,40.189842224121094,13071200
2021-12-17,40.044964201646415,40.1626778997463,39.66013481055496,39.68730163574219,15645800
2021-12-20,39.123974334603865,39.14672403854687,38.482372276750304,38.978363037109375,14155400
2021-12-21,39.260471634935485,39.62450150936492,39.22861928129637,39.46978759765625,9063600
2021-12-22,39.424292894165234,39.8156238751268,39.374238689276176,39.78377151489258,6190200
2021-12-23,39.84747485156175,40.31616105229491,39.78832146222297,40.184200286865234,5745600
2021-12-27,40.311613109356784,40.79395333735631,40.25245971504941,40.78940200805664,4918600
2021-12-28,40.771193908365085,41.07151910642705,40.7620947228086,41.02601623535156,8537000
2021-12-29,40.98962083153007,41.26719291431274,40.95321713865593,41.19438552856445,5153800
2021-12-30,41.20803653790675,41.444657072769,41.01692235550459,41.04877471923828,6340000
2021-12-31,40.975962695731106,41.335437813170586,40.96686003838146,41.23078155517578,6457800
2022-01-03,41.280828717151245,41.33088290910013,40.59827534146196,40.69383239746094,15088600
2022-01-04,40.81215716832767,41.34909948745594,40.7939553218906,41.19438552856445,19937400
2022-01-05,41.408237942720035,42.00433344393578,41.176168823947215,41.1898193359375,21252800
2022-01-06,41.28539013797692,41.28539013797692,40.6119357818017,40.67108917236328,17868600
2022-01-07,40.721139930377554,40.78939597318564,40.45722188804432,40.63468551635742,16543600
2022-01-10,40.41626942640106,40.511826503709166,39.83837563363866,40.220603942871094,16819200
2022-01-11,40.279751761968974,40.67563400319701,39.93392718857628,40.661983489990234,13614800
2022-01-12,41.00326571218839,41.15797617816634,40.66198894961107,41.0715217590332,10215600
2022-01-13,41.00781687979546,41.22168073398616,40.65288613192776,40.752994537353516,12006200
2022-01-14,40.30251721886523,40.48453221762163,39.924836703984006,40.40717697143555,14588800
2022-01-18,39.97033200797156,40.038588053520776,39.565350535132005,39.87477493286133,15581800
2022-01-19,40.1705484589211,40.270656861951,39.75646780378894,39.7746696472168,14832400
2022-01-20,39.8747757259272,40.17054961475864,39.15127065499715,39.196773529052734,17147200
2022-01-21,38.96470845510725,39.11031975038323,38.113793858694876,38.24120330810547,32542400
2022-01-24,37.522243406668245,38.36405875736727,36.816940154632576,38.26395034790039,42454000
2022-01-25,37.69060730595767,38.24120007820519,37.03990612572937,37.91812515258789,29311200
2022-01-26,38.22299501017607,38.54151857993559,37.144559258310494,37.522239685058594,26921600
2022-01-27,37.93633295677008,38.43687160366256,37.294730862085736,37.649658203125,23174600
2022-01-28,37.485836930219854,37.88171920959034,36.9625486914287,37.86806869506836,22016000
2022-01-31,37.66785233950565,38.45506557889653,37.604147623213514,38.42776107788086,14549400
2022-02-01,38.62343147772048,39.110319569514814,38.4141154587072,39.01931381225586,18608400
2022-02-02,39.01021645437104,39.315089574295804,38.800896953895695,39.142173767089844,14158800
2022-02-03,38.80089055697832,39.08301392583283,38.395909083153725,38.45961380004883,15542600
2022-02-04,37.94087758997371,38.24575416489279,37.599600795420756,37.82257080078125,23376200
2022-02-07,37.89992312089562,37.99092887043908,37.5085921488945,37.63600158691406,25255400
2022-02-08,37.78616609936397,38.286704690331334,37.708810861195204,38.218448638916016,15501800
2022-02-09,38.59612703039316,39.11031610954706,38.58247651517665,39.05116271972656,21469200
2022-02-10,38.91009679464552,39.68820728737576,38.632524789024956,38.823638916015625,26622000
2022-02-11,38.6279772210948,38.98290448338473,38.09558632765991,38.22299575805664,25266400
2022-02-14,38.25029621293308,38.286699898684866,37.62234825612428,37.909019470214844,18896800
2022-02-15,38.17294211116453,38.664381468379375,38.13199056721995,38.605224609375,13351000
2022-02-16,38.564269481002086,38.96925091227441,38.491462114116736,38.88734436035156,15678000
2022-02-17,38.48691727624793,38.605224049246836,38.091034998961,38.22299575805664,13083800
2022-02-18,38.304901584484185,38.50511838365142,37.945423000364165,38.1592903137207,17929600
2022-02-22,37.97728029713791,38.14109343201015,37.308377241684084,37.617801666259766,21308800
2022-02-23,37.8589726994457,37.99548481197997,37.08086198995372,37.135467529296875,19162200
2022-02-24,36.298189176672416,37.130905178335354,36.12072556604211,37.026248931884766,31807000
2022-02-25,37.19462372937553,38.39591791227247,37.16277136360355,38.377716064453125,22258400
2022-02-28,37.786161733919016,38.20024238047833,37.57229441762775,37.94087219238281,22460400
2022-03-01,37.83166355031188,38.12743741625807,36.84423702595526,37.067203521728516,26263800
2022-03-02,37.29472503517251,38.091037499064626,37.208267142451525,37.88172149658203,19142800
2022-03-03,38.21844960680713,38.354961713094966,37.54499867729304,37.92722702026367,19471600
2022-03-04,37.46308729033059,37.813463226330846,37.16731341250633,37.79526138305664,17329000
2022-03-07,37.690609449158615,37.71791048137967,36.48021276986858,36.484764099121094,21826400
2022-03-08,36.53481538440486,37.0626549711358,36.07977970165722,36.298194885253906,25989800
2022-03-09,36.89885018113521,37.645112063297866,36.698636796228314,37.422142028808594,20626200
2022-03-10,37.03535167319959,37.57229388482745,36.985297473430734,37.522239685058594,15590000
2022-03-11,37.57230097139047,37.89537593069546,37.21282231963352,37.24467468261719,13862800
2022-03-14,37.485845393128784,37.72701726683565,37.00350858900986,37.1900749206543,15630800
2022-03-15,37.20826882907916,37.69060904693498,36.95800126921383,37.617801666259766,18169600
2022-03-16,38.040978521226876,38.568821526014816,37.44033161984711,38.20934295654297,23893200
2022-03-17,38.08194211203059,38.96016122726318,38.0318879030033,38.941959381103516,14103000
2022-03-18,38.75084240530227,39.24682965865592,38.646182665354544,39.17857360839844,19242200
2022-03-21,39.339796738112085,39.677793564008944,39.24387985013127,39.50422668457031,17759400
2022-03-22,39.80569368084004,39.970123672459884,39.57275061192528,39.718910217285156,13931800
2022-03-23,39.62299256839132,39.80569294288406,39.48596641634181,39.53620910644531,11578800
2022-03-24,39.78285061506135,40.34921859028003,39.750878313671244,40.33095169067383,10905200
2022-03-25,40.42230597315195,40.805973645316264,40.34922442528065,40.783138275146484,10050000
2022-03-28,40.63239801664484,40.659801846522285,40.19848778156356,40.600425720214844,10706800
2022-03-29,40.636972072609545,40.9429931640625,40.33095098115659,40.9429931640625,15656200
2022-03-30,40.95670112973511,41.02978267654556,40.60957423654532,40.805973052978516,8967200
2022-03-31,40.63697005477756,40.94299113103501,40.257867446131854,40.26243591308594,10599400
2022-04-01,40.495387690215956,40.83794960667392,40.25787614336189,40.68722152709961,12484000
2022-04-04,40.755725899345286,40.755725899345286,40.33551405655336,40.696346282958984,11518000
2022-04-05,40.6735149933549,40.95213226590759,40.25330310845469,40.3720588684082,11457400
2022-04-06,40.11170559128445,40.125407506650376,39.559039601638,39.90616989135742,16795600
2022-04-07,39.956418780462066,40.3309529591196,39.6778015089915,40.16652297973633,11529200
2022-04-08,40.399468271380044,40.67808558233192,40.18936404233308,40.41317367553711,10311000
2022-04-11,40.280709420846534,40.64154167438573,40.161953663863116,40.212196350097656,12266200
2022-04-12,40.40860139058526,40.74659481541128,40.05690256289676,40.22133255004883,14295600
2022-04-13,40.298987672043424,40.83338345570782,40.13912264751594,40.81511306762695,17061600
2022-04-14,40.860781884344874,41.162238020677435,40.655246143914304,40.67808151245117,12664000
2022-04-18,40.65067408106193,40.95669517320467,40.57759254488008,40.71461868286133,12443000
2022-04-19,40.60043111098215,41.18506945745328,40.49994574179753,41.098289489746094,10121200
2022-04-20,41.162236480815295,41.51850027608446,41.08458647347949,41.358638763427734,17289400
2022-04-21,41.66923147450891,41.787983758722476,40.56846421861012,40.68265151977539,15328600
2022-04-22,40.34465278145903,40.35378623107508,39.08859263372783,39.16167068481445,18824200
2022-04-25,38.74602288653195,39.152529263709624,37.974115874158755,39.05204391479492,26687800
2022-04-26,39.2256184860743,39.44485962665739,38.43087588531005,38.44914627075195,21081400
2022-04-27,38.79627671739216,39.458561638824605,38.672952486544645,39.0155143737793,26049200
2022-04-28,39.20734141894287,39.76914435020015,38.545056611958756,39.632118225097656,20703000
2022-04-29,39.76002249562899,40.08887901927687,38.74147016330696,38.83738708496094,21265600
2022-05-02,38.88763021856947,39.052060224608596,37.969563265637724,38.718631744384766,32838200
2022-05-03,38.74602427838562,39.37176827138391,38.6683777731509,39.152530670166016,22845000
2022-05-04,39.40831851355184,40.449706081658775,39.047486244827134,40.42230224609375,29811200
2022-05-05,40.139112823005746,40.27157049063129,38.74603004883521,39.170806884765625,24543600
2022-05-06,38.86021839998798,38.86021839998798,37.969555469368714,38.609004974365234,28715400
2022-05-09,37.90562127474647,38.248183230257396,37.284441983309044,37.389495849609375,27881400
2022-05-10,38.01066592142568,38.111151294891066,36.71349648580274,37.15654373168945,34030200
2022-05-11,37.2615995924199,38.170529500795126,37.09260113836511,37.1748161315918,33836600
2022-05-12,36.78658112141364,37.47627339167087,36.430317301658995,37.10630416870117,26458200
2022-05-13,37.40318208243922,38.05176494317503,37.40318208243922,37.67723083496094,17295200
2022-05-16,37.51737805766965,37.91018263848454,37.17481616635804,37.608726501464844,16692600
2022-05-17,38.4537168911884,38.732334186516745,38.06547727707127,38.67295455932617,15137400
2022-05-18,38.302993729904074,38.38977720556448,37.31184865890397,37.471710205078125,13932400
2022-05-19,37.225057712184565,38.17966181397883,37.17938349169023,37.73661804199219,16195000
2022-05-20,38.10658128376836,38.252740870691476,36.82311730220224,37.645263671875,16114400
2022-05-23,38.12485672124328,38.426309384665565,37.86450981362954,38.3349609375,12760200
2022-05-24,38.20706694733542,38.24817269801181,37.46256360548151,38.11571502685547,14059600
2022-05-25,37.969559498719256,38.449147549540655,37.837101813399826,38.28471755981445,11071400
2022-05-26,38.54962703000983,39.18450803799723,38.476545496997524,38.98810577392578,11073000
2022-05-27,39.31696913714185,39.9153094308845,39.253024532530546,39.901607513427734,13588800
2022-05-31,39.527067620513485,39.6732271934514,39.16166694580914,39.294124603271484,18490800
2022-06-01,39.35807052757599,39.481394740458406,38.52221880815237,38.90132141113281,14350000
2022-06-02,39.316976740189936,39.974693298339844,39.2301932665556,39.974693298339844,13050800
2022-06-03,39.618420971090195,39.901606703419795,39.44485754562856,39.586448669433594,10651200
2022-06-06,39.87876828767704,40.12084478639814,39.74631061230295,39.96098327636719,11184000
2022-06-07,39.62299348531805,40.29898384116852,39.51793963501971,40.248741149902344,12411400
2022-06-08,39.83309598691142,40.17108940793061,39.32610411302277,39.41288757324219,8475600
2022-06-09,39.11143372051082,39.24389140999279,38.46741914444462,38.48112106323242,10812600
2022-06-10,37.73661765951931,37.80056226450721,37.25246116997144,37.302703857421875,16668400
2022-06-13,36.348103680722225,36.43031867952281,35.6355725295438,35.845680236816406,20820400
2022-06-14,35.83654780185205,36.05122051927743,35.29301504792145,35.571632385253906,15700800
2022-06-15,36.02380616610051,36.06948038346067,34.913905609123404,35.5624885559082,20859400
2022-06-16,34.58961175204944,34.70379902994055,33.986703064173184,34.279022216796875,18569400
2022-06-17,34.22877957284408,34.46628757783855,33.6258708843144,34.219642639160156,25019600
2022-06-21,34.755449765645146,34.898020952871384,34.47030388235265,34.73705291748047,11233200
2022-06-22,33.98738498177631,34.62666026465802,33.8908042025825,34.290924072265625,16064800
2022-06-23,34.15296698996452,34.346128627282006,33.4676975722564,33.82183074951172,18934800
2022-06-24,34.051781583360984,35.17396458133835,34.01498789287399,35.164764404296875,22495000
2022-06-27,35.13716795583984,35.25674568551453,34.76923809938196,34.87501907348633,13583800
2022-06-28,35.08198320329031,35.40851933798387,34.44730778064025,34.50249481201172,9846400
2022-06-29,34.5668782575876,34.62666536527483,33.90000586181919,34.2541389465332,10594800
2022-06-30,33.72065183703312,34.162165680815335,33.38031890702518,33.84942626953125,13860000
2022-07-01,33.56887601124711,34.139167720680796,33.200949611345024,34.08857727050781,16434200
2022-07-05,33.19175039286245,33.4079089573313,32.70424623220658,33.4033088684082,19413000
2022-07-06,33.36651949759221,33.7114524896052,33.00318965827775,33.6148681640625,16602000
2022-07-07,34.028788393773716,34.26334381038709,33.81722991345492,33.91381072998047,9897200
2022-07-08,33.9643949199709,34.01958545159727,33.403303462706646,33.58266830444336,8182600
2022-07-11,33.24233997591002,33.64246348961073,33.182552856830924,33.490692138671875,8287600
2022-07-12,33.348123706345376,33.86782150092018,33.30672992139626,33.426307678222656,13606800
2022-07-13,32.87901347948198,33.42630831065782,32.713445354232825,33.23314666748047,19998800
2022-07-14,32.61225947893365,32.649049656999104,32.18454251797562,32.621456146240234,15012400
2022-07-15,33.15036248537285,33.246943306613424,32.72724550407893,33.13196563720703,10334000
2022-07-18,33.564277170324345,33.72064509026049,33.0859697247159,33.21014404296875,7533400
2022-07-19,33.57807496852745,34.30013449339922,33.54128127722251,34.22195053100586,11284800
2022-07-20,34.17595349107691,34.43350579747227,34.02878224835351,34.281734466552734,9383400
2022-07-21,34.22194258509446,34.77843387872311,34.06557118777572,34.76923370361328,9401800
2022-07-22,34.98079602695319,35.160160864421385,34.36451756156794,34.5208854675293,10807400
2022-07-25,34.61288457261707,34.709465410577316,34.382929193995345,34.663475036621094,7729800
2022-07-26,34.484099839352645,34.63127109743262,34.295534800866655,34.42890930175781,7703800
2022-07-27,34.18515456746827,34.980797913225246,34.019586476440594,34.84282684326172,11703200
2022-07-28,35.00839602369786,35.49590013531679,34.930208555228894,35.4591064453125,11832000
2022-07-29,35.71205283612831,36.029388711195935,35.57407827560233,35.93280792236328,9258000
2022-08-01,35.762651782626314,35.7902452977607,35.38552520415114,35.64307403564453,10411600
2022-08-02,35.463704309526776,35.77644363726975,35.08197769456241,35.27973937988281,11367400
2022-08-03,35.472900040332604,35.560284169094835,35.01758957083712,35.316532135009766,9597400
2022-08-04,35.37172042090065,35.64306594839415,35.16015849007391,35.33952331542969,6898800
2022-08-05,35.05898313054204,35.61547448069806,35.008392688815206,35.46370315551758,5892000
2022-08-08,35.89602773517962,36.167373335185964,35.63847538445721,35.66147232055664,9414200
2022-08-09,35.72125767420456,35.7350544316455,35.36252794538156,35.4867057800293,13987200
2022-08-10,36.176568197036445,36.70086598173211,36.16736802041271,36.49390411376953,8528200
2022-08-11,36.829646249685204,37.08259500569698,36.572093895789045,36.61808776855469,6129200
2022-08-12,36.73306457314122,37.317149549893365,36.664077274447095,37.307952880859375,7447200
2022-08-15,36.91242758919575,37.340144608994265,36.78824975601963,37.28495407104492,6380200
2022-08-16,37.17916590872349,37.65287670647914,37.17456932974449,37.491905212402344,5211400
2022-08-17,37.07339125376712,37.15617529655402,36.779048770266854,36.976810455322266,8159600
2022-08-18,37.12398666409171,37.18377378288847,36.852637567436375,37.091793060302734,4562800
2022-08-19,36.889432678389255,36.889432678389255,36.2777506740402,36.41112518310547,6634400
2022-08-22,35.845431277296605,36.029392699912,35.70285661327868,35.831634521484375,7032000
2022-08-23,35.83624262554866,36.36514065775591,35.83624262554866,36.18577575683594,9840000
2022-08-24,36.13977983060412,36.39732867256986,36.03859892587763,36.263954162597656,5778200
2022-08-25,36.51230800946638,37.10099310885841,36.51230800946638,37.087196350097656,6130800
2022-08-26,37.16997773274255,37.20217133714418,35.923620321137015,35.95121383666992,8665800
2022-08-29,35.55568659206757,35.99260375789571,35.46830596597342,35.69826126098633,7198800
2022-08-30,35.790243037983295,35.81323997170305,34.907215521040165,35.114173889160156,7402600
2022-08-31,35.17396610529791,35.17396610529791,34.66806161128128,34.681861877441406,10050800
2022-09-01,34.263337113858,34.32312422416318,33.80802663669915,34.22654342651367,11796000
2022-09-02,34.732445737096036,35.00379480607516,34.0425798615468,34.19435119628906,14134200
2022-09-06,34.39211646270605,34.516294298163245,33.93680591998886,34.08857727050781,12551200
2022-09-07,33.996588544996904,35.09117794895136,33.918404590097076,35.03138732910156,12192000
2022-09-08,34.68186106908227,35.399320503744,34.55768323841265,35.371726989746094,8796600
2022-09-09,35.725855180293316,36.00640092411019,35.62927437634905,35.90522003173828,7296600
2022-09-12,36.27314895324749,36.415720111183724,36.02019672900003,36.2409553527832,8099000
2022-09-13,35.316538312365935,35.71666183060013,34.86122776323027,34.9486083984375,9404000
2022-09-14,34.79223452218573,34.82902820906103,34.18515272409975,34.5208854675293,11562400
2022-09-15,34.387510630747826,34.7462438108357,34.00578753706765,34.065574645996094,10417400
2022-09-16,33.60567268065631,33.65626313531056,33.16415885636101,33.527488708496094,16265400
2022-09-19,33.1620955941673,34.12874711864827,33.12047122474915,34.082496643066406,10323400
2022-09-20,33.6199839110639,33.6199839110639,33.18522168936892,33.43497848510742,9549600
2022-09-21,33.675486359034295,33.744863841632124,32.69033739793821,32.7042121887207,17767400
2022-09-22,32.83833645127224,32.93083739599906,32.28794630269852,32.311073303222656,11753000
2022-09-23,31.756062266567657,31.797686635303236,31.177922509562144,31.649682998657227,14010200
2022-09-26,31.423057764741035,31.82544083568665,30.97904679033021,31.13629913330078,14978000
2022-09-27,31.534054260771597,31.71443357816371,30.918912727775446,31.205671310424805,14157800
2022-09-28,31.372172082644486,32.15844062695414,31.251918042551818,32.01043701171875,13507800
2022-09-29,31.705183644517852,31.705183644517852,31.08078992420152,31.538679122924805,11454600
2022-09-30,31.515561985891182,32.03819918581741,31.358309626663896,31.45543670654297,10820800
2022-10-03,31.959570261972566,32.71808946429485,31.779190910730414,32.47758483886719,19858000
2022-10-04,33.12972255870273,33.70786237143883,33.07422339503871,33.67086410522461,30250200
2022-10-05,33.199098605133436,33.56448337441129,32.9169661064339,33.291603088378906,18429800
2022-10-06,33.03259495118531,33.38410493958871,32.856841721326276,32.940093994140625,23953600
2022-10-07,32.66721381390678,32.73659130376731,31.917946803733024,32.126075744628906,10183800
2022-10-10,32.25094487830941,32.38507017640061,31.982687224757996,32.19544219970703,10391200
2022-10-11,31.927193071918666,32.468331100229214,31.719064146779363,31.945693969726562,13918800
2022-10-12,31.954934355658768,31.987313564927863,31.686680228822915,31.705181121826172,16029200
2022-10-13,31.085423965427623,32.78284176914791,30.923545508300542,32.63483810424805,19446400
2022-10-14,32.84758955838413,32.91696704061586,31.47855492566505,31.5340576171875,16595200
2022-10-17,32.17232410358106,32.53770889927577,32.13069972962513,32.32032775878906,11471400
2022-10-18,33.09734558691516,33.300851922286185,32.58858327717284,32.9539680480957,15958800
2022-10-19,32.713463852080395,32.986344142712426,32.36657997360458,32.565460205078125,8690200
2022-10-20,32.61170705704581,33.199095473331674,32.25094842813332,32.32957458496094,11416600
2022-10-21,32.26944974231311,33.49510683233535,32.23707405444166,33.448856353759766,16680600
2022-10-24,33.582979640909954,33.76335894751284,33.18984534520326,33.25459671020508,13474800
2022-10-25,33.27772990243727,34.101004051227726,33.23610552507021,34.077877044677734,12002600
2022-10-26,34.27212796842832,34.67451455517241,34.03162335491542,34.31837844848633,13530600
2022-10-27,34.36925835053111,34.63751610090422,34.16575551290822,34.230506896972656,9954000
2022-10-28,34.1241169364556,34.6421313756784,33.9576124213013,34.57275390625,9254800
2022-10-31,34.383125129257905,34.66525760636096,34.21199802355225,34.262874603271484,9583400
2022-11-01,34.7762673709201,34.813265637374805,34.06399869355737,34.35075378417969,23317600
2022-11-02,34.489510017738894,34.785517332355504,33.444232203113366,33.458106994628906,31466600
2022-11-03,33.0418418009594,33.943738336153636,32.96321211868023,33.71248245239258,17459000
2022-11-04,34.5727663257616,35.141657545014674,34.28600766249858,34.88264846801758,19279600
2022-11-07,35.100026326234115,35.17865249902871,34.73464151722407,35.1555290222168,11153200
2022-11-08,35.35901947927287,36.11291583902939,35.261892441798615,35.76140594482422,12313600
2022-11-09,35.59490854485242,35.91404282356548,35.10464715445795,35.18327331542969,13207800
2022-11-10,36.61243642100941,37.15819696700061,36.43667967558236,37.13044738769531,17436600
2022-11-11,37.54670680524745,38.009218589727624,37.4680806487702,37.57908248901367,12982400
2022-11-14,37.45420962823319,38.046224207343016,37.41720783486751,37.5282096862793,12733800
2022-11-15,37.93984376402128,37.9629707663332,37.1026985048696,37.47270584106445,14455000
2022-11-16,37.329330214894526,37.44958428142929,37.0333229193361,37.10732650756836,12797800
2022-11-17,36.53843516373193,36.77431718889677,36.29793056084535,36.751190185546875,9358600
2022-11-18,37.12582155978056,37.12582155978056,36.6540610646301,36.99631881713867,7491200
2022-11-21,36.73269256315719,37.24608103086058,36.6494402838354,37.1212043762207,7238200
2022-11-22,37.39870575309481,37.972219417348306,37.315453485002756,37.96297073364258,7214000
2022-11-23,37.92597172698286,38.14797896776238,37.828844661856,38.11097717285156,8495800
2022-11-25,38.05546378505813,38.12484124884614,37.972211534249396,38.09709167480469,2456600
2022-11-28,37.81959219371912,37.83347051323111,37.17207843057376,37.24607849121094,6464000
2022-11-29,37.384827394777965,37.574455386468784,37.26919945172497,37.37095260620117,5673200
2022-11-30,37.38483571267358,38.28673245767948,37.037951806335066,38.272857666015625,14624800
2022-12-01,38.53648435902595,38.578112257372545,37.98609416893449,38.3191032409668,8215800
2022-12-02,37.81959291491983,38.84174722198845,37.81959291491983,38.739994049072266,6825000
2022-12-05,38.44860800532592,38.60123775947571,37.9120961056127,37.97222137451172,9452400
2022-12-06,37.995348823924516,38.226604746737586,37.361706325089976,37.63459014892578,9495600
2022-12-07,37.57445785402178,37.92134170596098,37.45882990337539,37.551334381103516,8167200
2022-12-08,37.796470288281355,38.02310011479431,37.70859190448254,37.8288459777832,5523800
2022-12-09,37.73633733510479,38.06009772318499,37.44495616164923,37.45420837402344,7872400
2022-12-12,37.477332157339774,37.78721422941983,37.343203306286064,37.7779655456543,6385800
2022-12-13,38.943496973279494,39.01750056421668,38.02772547188714,38.30060577392578,12576000
2022-12-14,38.14334850680438,38.388479194905145,37.59758444457279,37.88896560668945,15635200
2022-12-15,37.24608118838045,37.2830829857212,36.64019175383961,36.73269271850586,10456800
2022-12-16,36.44130678694369,36.68643748739602,36.21467698276693,36.575435638427734,14570600
2022-12-19,36.50514079660554,36.714621552143875,35.92791180321948,36.10015106201172,6460000
2022-12-20,36.165319237101336,36.55168819481403,36.15135456473808,36.337554931640625,5641800
2022-12-21,36.52842812131127,36.80773232411338,36.43998042899811,36.65411376953125,5755400
2022-12-22,36.39342368644275,36.39342368644275,35.685852931554635,36.300323486328125,6631200
2022-12-23,36.300325512693156,36.561008928802025,36.100156874882366,36.55169677734375,6202200
2022-12-27,36.64014035454665,36.8263442958592,36.42600706507789,36.58427810668945,4868600
2022-12-28,36.5749726330563,36.71462648885996,35.99774356205496,36.025672912597656,5046400
2022-12-29,36.22583843934486,36.57031342217062,36.22583843934486,36.41669845581055,6446200
2022-12-30,36.151362634325636,36.28635686499965,35.85809024305658,36.16067123413086,5818800
2023-01-03,36.22118079586032,36.45859089947545,35.792914235587844,36.1234245300293,10684000
2023-01-04,36.30497800902826,36.85427774365429,36.281704733490784,36.75186538696289,9742000
2023-01-05,36.17929124661922,36.37480380244342,35.90929568769339,36.169979095458984,8212600
2023-01-06,36.505140917950634,37.49667535072986,36.505140917950634,37.41288375854492,8729200
2023-01-09,37.72011454194474,38.15303714547114,37.524602024621686,37.65028762817383,16791200
2023-01-10,37.664255691190874,38.05528072416578,37.45477495077344,38.02735137939453,8049000
2023-01-11,38.42769834074091,38.641831658749986,38.199596795247224,38.62321090698242,9845800
2023-01-12,38.711650767978504,38.879230396935185,38.32527823784824,38.76750946044922,7787600
2023-01-13,38.544072741934606,39.08406030011583,38.51148731645423,39.00492477416992,6965200
2023-01-17,39.07009877601844,39.14457823246084,38.576661278508475,38.61389923095703,6943000
2023-01-18,38.96767888837819,39.02354113357799,38.05062745106296,38.06924819946289,9444600
2023-01-19,37.780637978370436,37.93425294763274,37.47805701205039,37.77598190307617,8159800
2023-01-20,37.873738879201625,38.56268887067959,37.67357025636447,38.534759521484375,6897400
2023-01-23,38.48355082954095,38.82337327921463,38.297346893481865,38.66044616699219,12497400
2023-01-24,38.44630573525894,38.73957806136756,38.125107615939314,38.6837158203125,9361000
2023-01-25,38.26009821635158,38.77681230700436,38.12975656313172,38.76284408569336,7203800
2023-01-26,38.43700790605143,38.967686914344526,38.31597479229562,38.949066162109375,11506200
2023-01-27,38.68372565423421,39.09802761396671,38.64648415073022,38.82337951660156,6839400
2023-01-30,38.585969971186145,39.04682204169201,38.50683443866858,38.558040618896484,10421400
2023-01-31,38.5859667301244,39.419226668380055,38.5859667301244,39.4052619934082,7742600
2023-02-01,39.17715802406209,39.987141012467305,38.92112718358182,39.66593933105469,14447200
2023-02-02,39.493702852128514,39.65663351744378,38.94905926400493,39.54025650024414,12327800
2023-02-03,39.1073337628864,39.419223315882455,38.77216738588687,38.82802963256836,11875800
2023-02-06,38.48354897486501,38.63716748107611,38.19493626185027,38.399757385253906,12524600
2023-02-07,38.34854546503874,39.01422200723815,38.329924719968496,38.916465759277344,15105800
2023-02-08,38.711648331942634,39.084052613976134,38.57665058105928,38.60457992553711,10531800
2023-02-09,38.90250394358012,38.98629552677406,37.87373167586488,38.04597091674805,16661200
2023-02-10,37.96218509557352,38.24148923143223,37.734083580757684,38.18562698364258,7016000
2023-02-13,38.25079402349994,38.46492729139883,38.00407533551957,38.38579177856445,5498600
2023-02-14,38.22286837701776,38.5813080326005,38.03200836125342,38.4742431640625,8215000
2023-02-15,38.2182125730355,38.651135228538344,38.11580022741518,38.64182662963867,7956800
2023-02-16,38.10649405906009,38.651137693821894,38.01339385794602,38.20425033569336,8673600
2023-02-17,37.93890248770804,37.97614398055739,37.64097764800173,37.845802307128906,7452400
2023-02-21,37.650289561103875,37.78063479755541,37.16616076606039,37.222023010253906,11800600
2023-02-22,37.38960657665448,37.68753144566809,37.19875012222916,37.50132751464844,11868800
2023-02-23,37.640988246708275,37.7992593085666,36.98927614451673,37.54323196411133,11192400
2023-02-24,36.91013539476568,37.84580761238961,36.71462285721583,37.79460144042969,18648200
2023-02-27,38.03666893330976,38.278735150139056,37.88305039780792,37.920291900634766,12939600
2023-02-28,37.910977622519994,38.33924418624878,37.8411507030644,38.092525482177734,17093600
2023-03-01,38.17632383354802,38.76286153710223,38.171667757681476,38.39045715332031,15481600
2023-03-02,38.190282301247336,38.921129825492805,38.10183463188782,38.82802963256836,12669800
2023-03-03,39.084056023759906,39.405257719454546,38.78147507652311,39.381980895996094,11994600
2023-03-06,39.22836895665516,39.22836895665516,38.679069215533005,38.74424362182617,10962800
2023-03-07,38.59992719623599,38.59992719623599,37.84580641762369,37.98080062866211,13520600
2023-03-08,37.999431845039126,38.260118843566964,37.869090121548005,38.167015075683594,11590400
2023-03-09,38.19493916244504,38.32062478063423,37.068406916223815,37.184783935546875,12851800
2023-03-10,37.19875169949614,37.20806029824676,36.19790863543019,36.3934211730957,26124800
2023-03-13,36.03031968664874,36.51444842982879,35.751015598691374,36.0210075378418,40704800
2023-03-14,36.54703576809583,36.905475382027205,36.086180269627036,36.48186492919922,16477200
2023-03-15,35.54154309004093,35.62067861548361,34.806039432109515,35.29948043823242,28524400
2023-03-16,34.96431164221355,35.75102142196672,34.857243222758996,35.7044677734375,21605600
2023-03-17,35.578779234874155,35.588087832888775,35.08999437781187,35.1505126953125,19087000
2023-03-20,35.424956146199605,35.892488912672825,35.424956146199605,35.8737907409668,14785800
2023-03-21,36.29456477173967,36.462876840946855,36.065474731371104,36.30859375,9498000
2023-03-22,36.24781082170389,36.51898065247043,35.65404584315519,35.663394927978516,14654600
2023-03-23,35.82236186417136,36.336647194078374,35.34547644468178,35.62132263183594,13439600
2023-03-24,35.35015214964929,35.995346072154625,35.093007705720424,35.911190032958984,13465200
2023-03-27,36.28521506544336,36.43482539473415,35.91586378472731,36.17768096923828,10614000
2023-03-28,36.17300870705177,36.411447831795634,36.13560523246744,36.350669860839844,10248000
2023-03-29,36.81819879367884,36.87897675836424,36.69196653871954,36.8556022644043,8270200
2023-03-30,37.238986610505876,37.262361109291895,36.97249306879948,37.10807800292969,8433400
2023-03-31,37.112748172290985,37.7298912556438,37.112748172290985,37.7111930847168,13526200
2023-04-03,37.7859987938859,38.047816006871585,37.669115599947006,37.94963455200195,16128600
2023-04-04,37.85613344902231,37.8748351900802,37.25769200313953,37.402626037597656,17497400
2023-04-05,37.12210327589813,37.36989507744798,36.98184201574175,37.31846618652344,18561000
2023-04-06,37.07067390105586,37.26703680911787,36.953790708115335,37.22963333129883,19031400
2023-04-10,37.08470406119191,37.47275716751232,37.047300578584355,37.40730285644531,9267200
2023-04-11,37.575606686954806,37.90287817022393,37.561577708821865,37.69716262817383,7715400
2023-04-12,37.958982269347125,38.04313830072027,37.659761617129625,37.725215911865234,11888000
2023-04-13,37.748591038164435,38.23950182387571,37.66911133137052,38.11326599121094,18003000
2023-04-14,38.01976655037986,38.286260099473964,37.64573888951455,37.83742904663086,8826200
2023-04-17,37.856131620001364,38.066519954500976,37.753273832648766,38.05717086791992,7366200
2023-04-18,38.20210388997995,38.3423651539498,38.03846812667655,38.216129302978516,6766000
2023-04-19,37.95897885969323,38.141316316791375,37.87014651039216,38.10858917236328,7309600
2023-04-20,37.83743061183218,38.188080220776506,37.82808152507027,38.06652069091797,8052000
2023-04-21,37.91690271661499,37.95898251607084,37.51950061971107,37.729888916015625,10844200
2023-04-24,37.79067475087224,37.99638674463862,37.74392218715225,37.987037658691406,7731000
2023-04-25,37.58962959310963,37.627033064988275,37.14547139028138,37.1641731262207,11966000
2023-04-26,37.01456512074768,37.14080095448559,36.603137605324356,36.72469711303711,11910400
2023-04-27,36.832238495516904,37.23899337175949,36.62185013328369,37.22496795654297,11826400
2023-04-28,37.210928770375936,37.72521763390503,37.10807456466182,37.65976333618164,10143200
2023-05-01,37.70651799154586,37.88885548347699,37.570933062444674,37.64106369018555,8416400
2023-05-02,37.290419304481176,37.34184820084395,36.68262520218973,37.27639389038086,11681000
2023-05-03,37.33249250601939,37.514830008456805,36.85093430383893,36.864959716796875,12701400
2023-05-04,36.94443685193809,37.18287955652878,36.537685636627224,36.62651443481445,16655000
2023-05-05,37.02858798001087,37.37456474219715,36.99586083407339,37.243656158447266,10267200
2023-05-08,37.47275424110452,37.5241831339255,37.06599942524556,37.12210464477539,7680000
2023-05-09,36.91638528303985,36.97716325604591,36.63586634817773,36.78547668457031,15114400
2023-05-10,37.229629749929025,37.229629749929025,36.406774719017946,36.80885314941406,11730200
2023-05-11,36.45820900719682,36.57041587949637,36.275867935095825,36.448856353759766,12849800
2023-05-12,36.61249038392668,36.677944686915566,36.2010628269977,36.51430892944336,8287200
2023-05-15,36.701320279474515,36.85093061436723,36.472230234449505,36.822879791259766,6487200
2023-05-16,36.62651544359058,36.663918921221615,36.20106247826135,36.215087890625,8346400
2023-05-17,36.38807505778526,36.59846337004503,36.2197629811807,36.453529357910156,10505600
2023-05-18,36.285217641390396,36.7059978370775,36.11222923677685,36.66859436035156,13352400
2023-05-19,36.93508862779663,36.949114040101136,36.56106098704748,36.76210021972656,9943000
2023-05-22,36.83691288761462,36.939770683122184,36.50963775945488,36.57041931152344,8288600
2023-05-23,36.3039242416243,36.40210570593458,35.92989655825839,36.004703521728516,10494200
2023-05-24,35.85041380459778,35.88314095660164,35.52314228455914,35.59326934814453,14127600
2023-05-25,35.635345455353495,35.64002178143793,35.27067049458417,35.46703338623047,11713000
2023-05-26,35.72884749459083,35.869108729097405,35.485732064036306,35.644691467285156,15882600
2023-05-30,35.61665014635202,35.682104455381115,35.181844483806024,35.4530143737793,12780600
2023-05-31,35.25196738772962,35.36885056635804,34.92936867327789,35.074302673339844,13816800
2023-06-01,35.251971565135726,35.64469737970982,35.09300856852815,35.541839599609375,14559600
2023-06-02,36.24313990000683,36.81820679465703,36.18703824871847,36.73405075073242,17659000
2023-06-05,36.808847592730814,37.11741729099272,36.57040493930724,36.705989837646484,14321400
2023-06-06,36.55638164321208,37.03326341063079,36.53300358225405,36.93975830078125,15206800
2023-06-07,36.85561130738522,37.41197291122361,36.85561130738522,37.37924575805664,13330800
2023-06-08,37.397939236728845,37.505473325947044,36.986511749658995,37.243656158447266,11719200
2023-06-09,37.09871720548062,37.15482241083585,36.79482025204114,36.935081481933594,11621400
2023-06-12,36.97717294118,37.15016138703381,36.71535567566523,37.10340881347656,9691200
2023-06-13,37.38391401900937,37.98703162609651,37.30443431660809,37.963653564453125,16467200
2023-06-14,38.262882908490354,38.29561362903266,37.603663510697864,37.80470275878906,13956600
2023-06-15,37.7579527098846,38.27691444149648,37.72522555415198,38.12730407714844,11778200
2023-06-16,38.18807896874405,38.23950786172912,37.94496348399002,38.22080612182617,16966800
2023-06-20,37.83506855545159,37.914938075802326,37.4920977518344,37.70351791381836,11739600
2023-06-21,37.52499152505582,37.98541884577565,37.41223074144193,37.825679779052734,13355400
2023-06-22,37.68943018033715,37.76929971439041,37.37934339944318,37.736412048339844,8650000
2023-06-23,37.341765785880646,37.501504878499354,37.149135437677394,37.4310302734375,11953400
2023-06-26,37.53438980901695,37.87266502102478,37.445121743490695,37.82098388671875,8335800
2023-06-27,37.914945189413174,38.3847710459585,37.7927930475419,38.35658264160156,13676200
2023-06-28,38.26261674205226,38.26261674205226,37.91964230897979,38.09347915649414,10987000
2023-06-29,37.99012122335126,38.5914977806624,37.90555242094894,38.57270431518555,10564000
2023-06-30,38.77942773302188,39.033134132915066,38.63847853825226,38.934471130371094,12966600
2023-07-03,38.915674134621575,39.249250041858346,38.849898805560045,39.08011245727539,7865600
2023-07-05,38.65257124649464,38.69015817491166,38.04179978990861,38.11697006225586,23658800
2023-07-06,37.62835888513312,37.86327186181989,37.26189521501976,37.83978271484375,17904200
2023-07-07,37.81627840893299,38.549209109318795,37.76459728312096,38.16864776611328,13663000
2023-07-10,37.89615844176661,38.38947348122154,37.8632671879825,38.15925979614258,11196200
2023-07-11,38.389473223473814,38.563310094011996,38.22033561551425,38.535118103027344,9412000
2023-07-12,39.004939317969615,39.15998270408835,38.71834885580771,39.04252624511719,23076800
2023-07-13,39.17407499350948,39.39489369911468,39.033129400315815,39.3479118347168,9610000
2023-07-14,39.366713457792045,39.366713457792045,38.94386942158575,39.117706298828125,11252000
2023-07-17,38.986158468621774,39.235165645796314,38.91568386001884,39.15529251098633,9072800
2023-07-18,39.009638104379526,39.57812692873054,39.009638104379526,39.460670471191406,11795400
2023-07-19,39.408991389329636,39.512353650848766,39.12709659349635,39.24925231933594,10383400
2023-07-20,39.37609979084053,39.43248017817183,39.07071588346704,39.34321212768555,9853400
2023-07-21,39.23045538147883,39.4089878999854,39.033129400315815,39.3479118347168,9048000
2023-07-24,39.39490745247555,39.54055594278954,39.22107413506687,39.4700813293457,8705600
2023-07-25,39.690892441946396,40.32985234942772,39.62981278267085,40.179508209228516,17521000
2023-07-26,39.89760641560343,40.15131277990307,39.72846883940367,40.04325485229492,12335200
2023-07-27,40.184210015249114,40.301666494229494,39.74727177006262,39.78485870361328,14101400
2023-07-28,40.21709709065588,40.22179635340197,39.85533271792586,40.06205368041992,8129600
2023-07-31,40.15601156796293,40.33924334260373,40.04325437998852,40.273468017578125,11001200
2023-08-01,40.07614649117341,40.25937828615395,39.93519730219448,40.09493637084961,15073400
2023-08-02,39.72847449846637,39.9586917560507,39.545242695564184,39.596923828125,20370600
2023-08-03,39.479474416487534,39.6814997204728,39.28214837570776,39.352622985839844,18758800
2023-08-04,39.54993784928616,39.83653188753716,39.23045614686635,39.263343811035156,16990000
2023-08-07,39.40429874582371,39.5875305564489,39.23516113840245,39.52175521850586,10322200
2023-08-08,38.878089191954295,39.17877745000322,38.6854588723831,39.103607177734375,12857600
2023-08-09,39.253953529683095,39.33382306864382,38.89218559641187,38.94386672973633,15928200
2023-08-10,39.1364954458925,39.36200985065439,38.88278905217025,38.97205352783203,11144800
2023-08-11,38.86869386051025,39.061320593653996,38.727744672756884,38.86399459838867,7974600
2023-08-14,38.77002650985691,38.95326188409874,38.558606316904566,38.94856262207031,7753400
2023-08-15,38.5726987704785,38.65726756072432,38.22972793216629,38.31429672241211,11392600
2023-08-16,38.25322277084019,38.445853104618706,38.04180255597371,38.0558967590332,10564400
2023-08-17,38.318995710227334,38.55860790070567,37.943137175708415,37.98072052001953,10530800
2023-08-18,37.759905165048906,38.0652891024677,37.67533636797484,37.97602462768555,9817800
2023-08-21,38.06998857979293,38.12636897298984,37.70352498523008,37.98072052001953,9705200
2023-08-22,38.1592616434374,38.22503698521558,37.83508061289686,37.947837829589844,7218200
2023-08-23,37.94314341823249,38.140469450156125,37.849176080777845,38.00891876220703,7004600
2023-08-24,37.83507648232745,38.17805094228782,37.79748955270417,37.84917068481445,8140400
2023-08-25,38.02300539009878,38.135762588088525,37.642447606579196,37.96192932128906,10757800
2023-08-28,38.06529124665785,38.42235991936028,38.04650136579346,38.23912811279297,10101800
2023-08-29,38.262622492356186,38.892187478613856,38.13107181370456,38.87339401245117,11751000
2023-08-30,38.87338225791419,39.033124879750424,38.80760693847753,38.962650299072266,7597400
2023-08-31,39.02843553113208,39.12709853534597,38.90158412128194,38.94386672973633,6560000
2023-09-01,39.31503063137584,39.48416823858986,39.230461827768835,39.38080596923828,11825400
2023-09-05,39.31973196998584,39.3526196406535,38.6525764465332,38.6525764465332,12926400
2023-09-06,38.51633086888331,38.74654456823902,38.26732011792119,38.56800842285156,9306200
2023-09-07,38.41296231780921,38.549212243802614,38.10757479985757,38.394168853759766,8874400
2023-09-08,38.31899428372191,38.59619339267886,38.31429860616209,38.43175506591797,6986400
2023-09-11,38.680764019356914,38.86869508076579,38.521021362588975,38.596195220947266,8070600
2023-09-12,38.469340560733144,38.68546002863488,38.42235869110006,38.506927490234375,8421400
2023-09-13,38.48812347450397,38.56799298943381,38.17334109131986,38.281402587890625,9171000
2023-09-14,38.68076687579663,38.90158562042224,38.539817673209654,38.821712493896484,8669000
2023-09-15,38.71365397188325,38.88279157868827,38.32839688626894,38.38947296142578,13975600
2023-09-18,38.343204927505646,38.428181392472865,38.11188150689277,38.22990417480469,7366600
2023-09-19,38.20629386528006,38.37624677593008,37.86638804398001,38.19685363769531,8168200
2023-09-20,38.343204910647884,38.43762160422951,37.77197563041727,37.79557800292969,9299400
2023-09-21,37.54064014798386,37.5548058904181,37.02134124678211,37.03550338745117,13559600
2023-09-22,37.1346484057288,37.31876345198857,36.931649303216034,36.99774169921875,12035200
2023-09-25,36.85611707014846,37.30932366401124,36.83251109683406,37.29043960571289,8245600
2023-09-26,37.06384372193266,37.26212096144,36.6484015799938,36.752262115478516,10951800
2023-09-27,36.93637269228349,36.98830295367484,36.53037443145984,36.747535705566406,11032000
2023-09-28,36.813634325623525,37.276281194066996,36.813634325623525,37.14409637451172,9398200
2023-09-29,37.4981563249095,37.502878239381516,36.98357570042263,37.08271789550781,11714400
2023-10-02,36.93637914263844,36.988309413098584,36.34154739298568,36.59175491333008,22598800
2023-10-03,36.218801259197306,36.9552616429374,36.218801259197306,36.49261474609375,26358000
2023-10-04,36.87029185976035,36.9835926466462,36.42652894372115,36.92222213745117,17954000
2023-10-05,36.82779235018849,37.02606955733901,36.25184118504727,36.473724365234375,20474400
2023-10-06,36.37930726173084,37.07328114931649,36.24712244538426,36.81835174560547,16085800
2023-10-09,36.60591470513034,36.97414488887966,36.426521528930145,36.865562438964844,12974800
2023-10-10,37.07328161551916,37.564256369384914,37.0213513510491,37.25739669799805,13709800
2023-10-11,37.40846216277607,37.559531026969026,37.03551011641344,37.34709167480469,9858800
2023-10-12,37.50760777158412,37.50760777158412,36.50677771006828,36.79003143310547,12126600
2023-10-13,36.97414377083861,37.13465648301993,36.492612837827096,36.65312194824219,11269200
2023-10-16,36.92693301964963,37.25739505005493,36.804188436170804,37.01190948486328,12363800
2023-10-17,36.742812311310416,37.50287846646293,36.742812311310416,37.37541198730469,11636600
2023-10-18,37.129940683886204,37.129940683886204,36.360430404940324,36.40764236450195,13017200
2023-10-19,36.275439991267724,36.577581289026156,35.935537784599695,35.98274612426758,18466200
2023-10-20,35.96859569403264,36.039406425707945,35.534269463079966,35.54843521118164,14322400
2023-10-23,35.20380098919058,35.52010087251095,35.09050023729907,35.15187072753906,18276000
2023-10-24,35.43984743360154,35.77975330169075,35.378476941438905,35.56731033325195,14848400
2023-10-25,35.49649850015678,35.55786899039678,35.12354644000768,35.15187072753906,12540000
2023-10-26,35.406798168741894,35.718379721474385,35.29349742309633,35.39735794067383,17553400
2023-10-27,35.41152185888239,35.64756719184058,35.29821750579097,35.38319396972656,16473200
2023-10-30,35.74198218663316,35.8883291335509,35.49177472186446,35.7467041015625,11954200
2023-10-31,35.68533571890193,36.01107946756384,35.595640931496725,35.90721893310547,11162600
2023-11-01,35.855279744594974,36.00634859301015,35.55786396227412,35.92609405517578,17561000
2023-11-02,36.16214667341234,36.634237370458884,36.13854429961972,36.62007522583008,13101200
2023-11-03,36.922208597509055,37.45095141202335,36.922208597509055,37.196022033691406,12129600
2023-11-06,37.20546478788181,37.22907076223905,36.93165493487428,37.01190948486328,9337600
2023-11-07,36.65312437873011,36.68144867026598,36.247126058472496,36.294334411621094,15016000
2023-11-08,36.384036384721135,36.50678099640108,36.17159697376112,36.40764236450195,10941600
2023-11-09,36.65311736728171,36.65783928222324,36.072447891275054,36.09605026245117,13878000
2023-11-10,36.12909893228423,36.54925934664686,36.08189058494037,36.52093505859375,7248200
2023-11-13,36.30849647992306,36.620074460544004,36.261284529792086,36.4690055847168,8079400
2023-11-14,36.89388815354206,37.715324945863266,36.8891662381463,37.545372009277344,10995800
2023-11-15,37.630343449768986,38.05522573446515,37.59257533518141,37.71059799194336,9819800
2023-11-16,37.70116896622118,37.866400014429416,37.602030337296235,37.82391357421875,7165600
2023-11-17,37.941933940114325,38.02218850121471,37.781421216147066,37.89472198486328,6890000
2023-11-20,37.838063232806256,38.07883045317024,37.635064125786734,37.96080780029297,9634600
2023-11-21,38.074120081529536,38.24879135561322,38.04579218705023,38.1071662902832,7363000
2023-11-22,38.10716544611678,38.18742000820262,37.93721249007233,38.130767822265625,7523000
2023-11-24,38.135484913995825,38.42346051965469,38.135484913995825,38.295997619628906,3689800
2023-11-27,38.1543702269833,38.291276962184675,37.9891392023493,38.24878692626953,6524600
2023-11-28,38.24878931596216,38.5320466350505,38.13548854938669,38.32432556152344,6996200
2023-11-29,38.47066800433571,38.697273112565426,38.432903487769096,38.52259826660156,6244400
2023-11-30,38.5462088160839,38.9380449863187,38.418742302023695,38.904998779296875,11482400
2023-12-01,38.961648248950766,39.485669259205366,38.87194985566339,39.34876251220703,16782800
2023-12-04,39.023019416578094,39.30627311931507,38.87194693323438,38.890830993652344,21230000
2023-12-05,38.69727818999583,38.720880565726056,38.26767389156784,38.35737228393555,17533400
2023-12-06,38.52731852356059,38.65478141523948,38.24406485178961,38.2771110534668,16910000
2023-12-07,38.423465282427216,38.57925609203225,38.31016451260833,38.536766052246094,8559600
2023-12-08,38.50843756582966,38.86250558449369,38.50843756582966,38.67839050292969,8247000
2023-12-11,38.60757407245416,38.956920156648195,38.53675975223168,38.95220184326172,9205800
2023-12-12,39.31570921253703,39.46677807822171,38.98996550768707,39.178802490234375,20435000
2023-12-13,38.753921840786155,39.67450081949452,38.65478323109745,39.655616760253906,16392600
2023-12-14,39.89638627701725,40.53370800504296,39.89638627701725,40.311824798583984,12713400
2023-12-15,40.08993936705756,40.45816951828978,40.08993936705756,40.20796203613281,10811200
2023-12-18,40.512690424208074,40.598260672217855,40.24171857666606,40.270240783691406,8052800
2023-12-19,40.53170707010739,40.73612468648973,40.48892013196821,40.64104461669922,7285400
2023-12-20,40.53170918150414,40.63154053978428,40.008781464684056,40.018287658691406,9358800
2023-12-21,40.35580930277537,40.45088574007574,40.17040771118612,40.44137954711914,7544400
2023-12-22,40.593508942170416,40.783665466748346,40.52219979208694,40.69334030151367,5386600
2023-12-26,40.74562814437343,41.00233887517175,40.69333501623302,40.88349151611328,6731400
2023-12-27,40.8074229512126,41.026105259390775,40.759884738234675,40.98331832885742,6819600
2023-12-28,40.912012960513295,40.9833221000084,40.79316560366594,40.82644271850586,7214000
2023-12-29,40.68857365785162,40.77889879703974,40.58399104507901,40.6648063659668,6992200
2024-01-02,40.3700684382837,40.660056272931264,40.31302402945692,40.593502044677734,19924800
2024-01-03,40.170404290163745,40.36056077550384,39.87566155653993,40.15614318847656,23358600
2024-01-04,40.08958537788137,40.27498693710291,39.95172202901072,40.02778244018555,20424200
2024-01-05,39.918453314788,40.31777871804181,39.87091509443879,40.09434509277344,14692800
2024-01-08,39.88516692549218,40.27498604482591,39.74254867066621,40.26547622680664,10366200
2024-01-09,40.008777040461354,40.008777040461354,39.67600225605888,39.804359436035156,12910400
2024-01-10,39.66174240877392,39.790095965880035,39.561911058372786,39.75206756591797,8202800
2024-01-11,39.799606258584696,39.799606258584696,39.34323281121827,39.63322067260742,8542200
2024-01-12,39.861402067986624,39.95172721823849,39.5001050939126,39.67124557495117,8267800
2024-01-16,39.42880169379775,39.50010720893733,39.119797829436266,39.214874267578125,10552800
2024-01-17,38.81554927131114,39.06750509919943,38.758501231683475,38.92964172363281,9287600
2024-01-18,39.00570351293878,39.11028613912,38.7252218680464,39.05324172973633,9320800
2024-01-19,39.091278076171875,39.162583595785534,38.71571995615988,39.091278076171875,11653600
2024-01-22,38.86784197185506,39.2766771840062,38.86784197185506,39.20536804199219,10785200
2024-01-23,39.39076919925544,39.50961655898601,39.18635159544151,39.33372116088867,7891600
2024-01-24,39.35748952698355,39.45732086744025,38.77751386886365,38.80128479003906,10317800
2024-01-25,38.986691338911044,39.229137356526365,38.87259525504451,39.21012496948242,9734400
2024-01-26,39.35273403558705,39.44781409194972,39.14356153852246,39.22438049316406,7799400
2024-01-29,39.19586262050032,39.43355736926487,39.015215917135514,39.41929626464844,7125800
2024-01-30,39.33847561451428,39.78534284253656,39.26241156424089,39.59994125366211,10851400
2024-01-31,39.66174377171161,39.714036903756885,39.04373600768596,39.08176803588867,13478400
2024-02-01,39.680758170132776,39.79485062316158,39.20536871775679,39.73305130004883,19793800
2024-02-02,39.44305859079746,39.6902594797661,39.06750053439776,39.50010299682617,22920400
2024-02-05,38.64916810574215,38.73948964513969,38.38294751732633,38.49704360961914,24886800
2024-02-06,38.81079365010107,39.26241216801018,38.81079365010107,39.17684555053711,19053000
2024-02-07,39.40027162586055,39.59993792759108,39.38125561488939,39.490596771240234,10820400
2024-02-08,39.54764988622204,39.55240116937546,39.15783067855273,39.43830871582031,6798600
2024-02-09,39.34798839407861,39.54289983533165,39.23389592650331,39.52388381958008,7636600
2024-02-12,39.61895271431953,40.02303662482911,39.58567559983523,39.8376350402832,6796400
2024-02-13,39.45732285644448,39.57141530458438,38.99143961722847,39.276676177978516,12864600
2024-02-14,39.476343798168195,39.604697364985746,39.276681082259124,39.52863693237305,8762000
2024-02-15,39.747311328461954,40.336793217925944,39.747311328461954,40.274993896484375,11984000
2024-02-16,40.44613118450267,40.764641213314725,40.403344252325944,40.488914489746094,9313400
2024-02-20,40.4651576041571,40.53171184738799,40.28450726372963,40.40335464477539,9019000
2024-02-21,40.393849237170905,40.65056002046357,40.24172473154572,40.62678909301758,8122400
2024-02-22,40.70284287511339,41.097413331708914,40.65054974949229,41.035614013671875,9448600
2024-02-23,41.12117774634913,41.33985640664691,41.02134642057837,41.27805709838867,7079000
2024-02-26,41.14496080177203,41.202005217936076,40.983326493128175,41.03086471557617,6653600
2024-02-27,41.182987213134766,41.28757347362588,41.0641398492919,41.182987213134766,8254600
2024-02-28,41.06414339222143,41.46347245519229,40.95480583913545,41.31134796142578,8994000
2024-02-29,41.56329605014173,41.73919143664379,41.42067777709321,41.62509536743164,12247600
2024-03-01,41.62509391494369,41.91983664305683,41.59181680265134,41.815250396728516,10401600
2024-03-04,41.862799875187626,42.190819803859114,41.8152616486828,42.119510650634766,9349200
2024-03-05,41.976887531434784,42.247859357659564,41.753453922157014,41.89606857299805,8493800
2024-03-06,42.12425516779388,42.35244004948933,42.06245585127914,42.20507049560547,10224000
2024-03-07,42.53785354485262,42.922917874608025,42.53309863436821,42.7232551574707,7942200
2024-03-08,42.8563566857029,42.8801239804027,42.466537508678634,42.476043701171875,10311200
2024-03-11,42.675710348406945,43.136838706213624,42.52358586585633,42.95619201660156,23270600
2024-03-12,42.95143127441406,43.008479307724606,42.74226240614194,42.95143127441406,10149400
2024-03-13,43.0845391591536,43.57419327803608,43.0845391591536,43.37452697753906,14529200
2024-03-14,43.255680762806946,43.35551210220351,42.95618674461724,43.14634323120117,19452000
2024-03-15,42.86586185018136,43.35551235784214,42.83733964645225,43.16535949707031,18702600
2024-03-18,43.30133637030571,43.587593919204735,43.224999082619455,43.244083404541016,15242400
2024-03-19,43.19160262479641,43.32518923888995,43.062788001195415,43.24885559082031,10832800
2024-03-20,43.21545697324033,43.840453020756954,43.129579348088555,43.68301010131836,13252400
2024-03-21,43.79751791137858,43.93110452514486,43.625762653689854,43.86431121826172,9384200
2024-03-22,43.768885039977604,43.87384697982754,43.56850514024329,43.59236145019531,5874600
2024-03-25,43.568509365393226,43.78320161593425,43.53034072175324,43.6066780090332,5662600
2024-03-26,43.67824610592751,43.75935174889021,43.54465584462358,43.57328414916992,5434400
2024-03-27,43.68301076108247,44.212588850856505,43.64484575818687,44.19827651977539,8444400
2024-03-28,44.20304456608789,44.47021776232907,44.117166947301534,44.31754684448242,9025200
2024-04-01,44.52747511049091,44.52747511049091,44.13148362705721,44.212589263916016,7647000
2024-04-02,44.16965881924213,44.20782746811566,43.85954491707943,44.050384521484375,9570800
2024-04-03,44.09808243216948,44.3700276171276,44.0599137928865,44.312774658203125,10022800
2024-04-04,44.55610059953522,44.71354352574359,43.764121257937006,43.86431121826172,12658600
2024-04-05,43.859532275449666,44.31754501003093,43.82136363757748,44.260292053222656,9804200
2024-04-08,44.403431302513894,44.451140289196516,44.17442307048999,44.293697357177734,6522000
2024-04-09,44.63720732281122,44.651519654639436,43.94541792472369,44.398658752441406,11350600
2024-04-10,43.71640755878263,43.969272088583274,43.54942429567816,43.70686721801758,14113000
2024-04-11,43.74980700904239,43.859540954649354,43.449237116234,43.6734733581543,9900600
2024-04-12,43.54465413810219,43.630531768450794,42.70973414747603,42.90057373046875,12113000
2024-04-15,43.358584002555666,43.52079891257187,42.54752037236091,42.69541931152344,11506200
2024-04-16,42.46164416539496,42.59523077812809,42.21832361222407,42.36622619628906,13555600
2024-04-17,42.65247896107259,42.8433185178483,42.33759314639839,42.461639404296875,9156800
2024-04-18,42.8051541403501,42.83855079311381,42.280348036936466,42.475955963134766,7497800
2024-04-19,42.585692704512965,42.76698831145143,42.28511916989834,42.442562103271484,10109000
2024-04-22,42.2087831302638,42.70973292633919,42.04656821537115,42.48550033569336,8284600
2024-04-23,41.9559222698644,42.323285453940684,41.87481299237348,42.118133544921875,11470000
2024-04-24,41.9463753141299,42.1849238593285,41.822332691399225,42.14675521850586,9553800
2024-04-25,42.14675696586619,42.54274844090411,41.76985345199289,42.447330474853516,9220200
2024-04-26,42.46641894119358,42.89103511950095,42.45687495967969,42.70973587036133,6274400
2024-04-29,42.900575013447664,43.12003926646577,42.85763801697044,43.06755828857422,5676800
2024-04-30,42.709734265378124,42.80992786769667,42.275577761834406,42.285118103027344,9871800
2024-05-01,42.44256394419844,43.18683436702677,42.33760198406366,42.50458526611328,15456200
2024-05-02,42.275577761834406,42.466417345353946,41.9368392300693,42.285118103027344,15567400
2024-05-03,42.6381705961121,42.82900653067132,42.485499664487435,42.71450424194336,8999400
2024-05-06,42.97691325668198,43.139124544693715,42.781301672942845,42.97214126586914,6615600
2024-05-07,43.13435282046205,43.55419698009541,43.129580830022405,43.48263168334961,8862200
2024-05-08,43.32041809223593,43.48262935889035,43.23930881894672,43.282249450683594,6522600
2024-05-09,43.39675517515089,43.802287013892766,43.34427419884712,43.764122009277344,7070000
2024-05-10,43.950183407359965,43.99312039648669,43.7879685107482,43.816593170166016,5472600
2024-05-13,43.89770925602622,44.05038019656823,43.74980666615321,43.7879753112793,5030600
2024-05-14,43.90724336846474,43.98834899787994,43.68777915006734,43.830909729003906,7480400
2024-05-15,44.13148569009752,44.16011035386531,43.70686952438438,43.907249450683594,7922200
2024-05-16,43.921555959769734,43.95495260972545,43.56850514024329,43.59236145019531,7245800
2024-05-17,43.754576529222476,43.964500427246094,43.687783223480814,43.964500427246094,7256200
2024-05-20,43.90246970633718,44.10285323720846,43.78796743152622,44.02651596069336,4544600
2024-05-21,44.02651596069336,44.036059940238594,43.830908059556386,44.02651596069336,5425000
2024-05-22,43.61621795812315,43.77366088175198,43.39675371910819,43.59713363647461,8703200
2024-05-23,43.65916203892205,43.70209903604972,43.12481191045994,43.210689544677734,5688000
2024-05-24,43.4110582357189,43.64483840385799,43.4110582357189,43.58758544921875,4598000
2024-05-28,43.597135949887225,43.65438891787088,43.267941393877685,43.42061233520508,4223000
2024-05-29,43.010308430466324,43.120038735643355,42.76698786687019,42.800384521484375,8145000
2024-05-30,42.71450246219333,43.17251523798366,42.71450246219333,43.14866256713867,6599400
2024-05-31,43.19160025306355,43.67824133763876,42.88625839762743,43.668697357177734,8203000
2024-06-03,43.659160515044015,43.678244837533235,43.03893277401252,43.411067962646484,11900200
2024-06-04,43.06278582609609,43.14389146056163,42.68110668513979,42.92919921875,6779000
2024-06-05,42.93874471868629,43.2440866121555,42.75744910692722,43.22500228881836,6820800
2024-06-06,43.22500371758096,43.28225668948481,43.03416411786405,43.27271270751953,4238800
2024-06-07,42.82424204993521,43.1963772518993,42.65248678134217,42.83855438232422,8359000
2024-06-10,42.72405448393621,42.83855678944469,42.628632862710255,42.795616149902344,5223600
2024-06-11,42.557063353285315,42.78129959106445,42.38530809200607,42.78129959106445,6457200
2024-06-12,43.29656399961683,43.425378621503405,42.75267356949631,42.862403869628906,8174200
2024-06-13,42.623854896992235,42.900572099815534,42.466415613972636,42.84809112548828,7937200
2024-06-14,42.60000160118266,42.67156689603204,42.184925803025926,42.45210266113281,5694400
2024-06-17,42.29943746646867,42.83855596617455,42.19924385611627,42.766990661621094,7631200
2024-06-18,42.77653703244984,42.93397634330472,42.523672456911065,42.71928405761719,6872200
2024-06-20,42.69541754457603,42.9721347302351,42.662020893890414,42.762210845947266,6441000
2024-06-21,42.64771636735286,42.84809630813247,42.447336426573244,42.766990661621094,8209800
2024-06-24,42.94674163675054,43.21998595291226,42.82689917835045,43.04261779785156,8065200
2024-06-25,42.96112502702207,42.97071081430804,42.3571180235635,42.49613571166992,7292200
2024-06-26,42.285217467801765,42.50572717785503,42.16058027262313,42.467376708984375,6474600
2024-06-27,42.46258558614447,42.481760820553966,42.242075876388284,42.3475341796875,16279600
2024-06-28,42.35233182142436,42.644747766043174,42.203728316136925,42.33315658569336,7750600
2024-07-01,42.36671251569648,42.52490546817936,41.55178510879443,41.68121337890625,8647400
2024-07-02,41.580535908057946,41.87295178201838,41.42234665178045,41.757904052734375,13117200
2024-07-03,41.896934125265645,42.174969572450806,41.85858365172925,42.06950759887695,4591200
2024-07-05,42.04553430008258,42.189346735773796,41.81064406860227,42.13661575317383,8846800
2024-07-08,42.261253356933594,42.40985685987778,42.112646196687216,42.261253356933594,10496800
2024-07-09,42.074298579650716,42.16058531628115,41.82023309326735,41.8298225402832,5951000
2024-07-10,42.04074056924507,42.41465217940734,41.973629072952356,42.390682220458984,7915400
2024-07-11,42.601608944712765,43.03303897560843,42.57284426063123,42.97072219848633,11914000
2024-07-12,43.21519779619209,43.58910573803973,43.100150042693315,43.38297653198242,9796000
2024-07-15,43.387775573864346,43.56514011622503,43.172056900116814,43.27272415161133,6485200
2024-07-16,43.234370136807314,44.14996469499435,43.2151949029576,44.11161422729492,7465600
2024-07-17,44.08764982278554,44.2841895779138,44.00136309540428,44.020538330078125,8790400
2024-07-18,43.76167679654682,44.241046676683425,43.5315776448684,43.58430862426758,8910200
2024-07-19,43.378181279282394,43.4740574537793,43.0665901124461,43.196022033691406,9365200
2024-07-22,43.30627671527437,43.39256344696319,42.98030868145244,43.33983612060547,7526200
2024-07-23,43.46926385884117,43.589106337095885,43.20560894375993,43.51240539550781,6493400
2024-07-24,43.589105095973494,43.64183607748832,42.9131917823573,42.956336975097656,8549000
2024-07-25,42.75980497494285,43.5987025227709,42.72145815230675,43.07619094848633,10052000
2024-07-26,43.35900164639375,43.948628173510954,43.258334416359446,43.78084945678711,7069800
2024-07-29,43.80961531567806,43.97739405093053,43.61786662226003,43.85755157470703,7049600
2024-07-30,43.70415185663114,44.034918250031566,43.62265985333893,43.713741302490234,8502200
2024-07-31,44.08765547661721,44.576611222946966,43.94384302677182,44.16914749145508,10466800
2024-08-01,44.3656871187192,44.7683560920188,43.71374374140368,43.99177551269531,17134400
2024-08-02,43.49802159265304,43.598688827895245,42.592012818171305,43.1624641418457,20945200
2024-08-05,42.38588278866959,42.54407572263012,41.839401432534885,42.19892883300781,19482800
2024-08-06,42.14141305935638,42.95634049208492,42.0695068371033,42.41465377807617,11812200
2024-08-07,42.77417467654064,42.95153918597294,41.81064022354478,41.83940124511719,11097400
2024-08-08,42.05512698118158,42.57763846693305,42.026362297449495,42.48655700683594,10759000
2024-08-09,42.51052482224957,42.5920168312236,42.064710648570916,42.452999114990234,5722000
2024-08-12,42.500934672903405,42.55845671695936,42.17016829037409,42.26604080200195,5561800
2024-08-13,42.41465599551083,42.77897453464884,42.313985084712016,42.687896728515625,6236000
2024-08-14,42.79335504839079,42.817325009495754,42.472178050478625,42.687896728515625,7241000
2024-08-15,43.09535787037171,43.454885321474976,43.00427641242213,43.36380386352539,7728600
2024-08-16,43.287106151911274,43.445295449298015,43.09535744840655,43.416534423828125,5803200
2024-08-19,43.42133090423246,43.66101587898671,43.42133090423246,43.62266540527344,4586400
2024-08-20,43.646628989847486,43.76167673687886,43.421324561322166,43.4644660949707,4834600
2024-08-21,43.608283780459665,44.00136698274555,43.58910854409177,43.963016510009766,4611000
2024-08-22,43.963014437526624,44.0397153793824,43.71853475698909,43.87193298339844,5684400
2024-08-23,44.054091281419325,44.56222216748053,44.02532660258251,44.451969146728516,5797800
2024-08-26,44.648521423339844,44.97928789305391,44.57661519201468,44.648521423339844,7663000
2024-08-27,44.61495839697927,44.66289465761431,44.36568764729572,44.6533088684082,8845400
2024-08-28,44.504700832188156,44.70124425142602,44.29857528123458,44.4615592956543,6524000
2024-08-29,44.61975650479908,44.98407503910202,44.33692632818486,44.7060432434082,6051200
2024-08-30,44.830669929649304,45.26210355658634,44.614954944831766,45.19499206542969,8647400
2024-09-03,44.53826440598372,44.753979423449266,44.03012976521855,44.16914749145508,9503400
2024-09-04,44.279396352467124,44.466350309790705,43.93904418253697,43.98698043823242,6313400
2024-09-05,44.07805894748601,44.13078992680366,43.541167023236405,43.6418342590332,7587000
2024-09-06,43.579520269327155,43.83837680227583,43.004274183002316,43.09056091308594,10616400
2024-09-09,43.33983539839374,43.732918579025316,43.33983539839374,43.50761413574219,6412400
2024-09-10,43.48843633583769,43.53637259263862,43.176845180678725,43.52678680419922,6299800
2024-09-11,43.52678961595102,43.68018784200441,42.61119132550887,43.63224792480469,7392800
2024-09-12,43.771264828261025,44.04450552765069,43.52199408702745,44.03491973876953,5962800
2024-09-13,44.1643468516746,44.672481424371036,44.13079110551275,44.432796478271484,6459000
2024-09-16,44.629335981804694,44.92654662992885,44.49990772085022,44.845054626464844,5838600
2024-09-17,44.86423173578556,45.262109670892265,44.821090195915,44.93134689331055,5881400
2024-09-18,45.02721471350604,45.26689966276194,44.629336819988744,44.739593505859375,11155400
2024-09-19,45.48261213035263,45.597663532868786,45.16622991668789,45.41550064086914,8351800
2024-09-20,45.36277199100131,45.36277199100131,44.91695784094619,45.09432601928711,9617400
2024-09-23,45.27152346781294,45.526726599336705,45.175223033234005,45.48820495605469,5159800
2024-09-24,45.89748295282309,46.186387902737685,45.80599497712693,46.10934829711914,7918800
2024-09-25,46.23453737432534,46.27305901333,45.69524912276294,45.80118179321289,5815400
2024-09-26,46.29714320261327,46.81717438969511,46.29714320261327,46.749759674072266,10243400
2024-09-27,46.74494336916462,47.081998551354594,46.57159965443093,46.66790008544922,8498600
2024-09-30,46.59085864525342,46.64382498232073,46.05638282475661,46.40788269042969,7373600
2024-10-01,46.45604686646671,46.484936266310456,46.08046630036478,46.29233169555664,11546800
2024-10-02,46.176764850041664,46.48011453267335,45.9937888767747,46.114166259765625,10571400
2024-10-03,45.83970220296208,45.84933445003972,45.47857008369412,45.603763580322266,13542600
2024-10-04,45.88785875110922,46.01786470518643,45.541171308735194,45.825260162353516,11380200
2024-10-07,45.61821015534228,45.80118612109145,45.43523786321916,45.69043731689453,7800600
2024-10-08,45.42560650419314,45.53635531055612,45.184851743394255,45.478572845458984,8933800
2024-10-09,45.44487236506606,45.8974925411173,45.37264886771875,45.767486572265625,8562000
2024-10-10,45.74821563971907,45.945632611557194,45.55561111755638,45.87340545654297,6764600
2024-10-11,45.96489444155893,46.301953281159456,45.89748340836398,46.17194366455078,6631200
2024-10-14,45.96489430295206,46.46566460062288,45.8926671465679,46.43677520751953,6217000
2024-10-15,46.33085111642111,46.76902291202875,46.33085111642111,46.38862991333008,7717600
2024-10-16,46.44159386105183,46.84124766262173,46.422336712161034,46.749759674072266,7465800
2024-10-17,46.85087640582961,46.927916016508334,46.672716566094444,46.821983337402344,5043600
2024-10-18,46.96162303697707,47.125338184547765,46.7738346175107,47.00977325439453,6035600
2024-10-21,46.95680162940501,47.029028784217,46.48974053202226,46.64863586425781,4343200
2024-10-22,46.614934237269885,46.687161398107314,45.96489713698506,46.220096588134766,6954000
2024-10-23,46.099714488144585,46.350101463577516,45.878220578261995,46.09490203857422,6782600
2024-10-24,46.00341701788973,46.09490499635602,45.34374769548318,45.53153610229492,5092000
2024-10-25,45.51227797379658,45.69525394155156,45.218560547882795,45.24263381958008,7406600
2024-10-28,45.46412694298349,45.68080842613701,45.41597672682472,45.61820983886719,7701600
2024-10-29,45.39190063211595,45.5941374215723,45.27152325265135,45.32448959350586,7315600
2024-10-30,45.324486051749574,45.87340656532419,45.324486051749574,45.5700569152832,10643600
2024-10-31,45.26189508312111,45.449683502873754,44.948913158991324,44.96817398071289,8106800
2024-11-01,45.001878451432134,45.16077747171193,44.828534733604364,44.842979431152344,6928000
2024-11-04,45.08854785779247,45.3437472969281,44.83816454211954,45.04039764404297,15308600
2024-11-05,44.93446725689857,45.29078326513331,44.790012934671125,45.107810974121094,7972800
2024-11-06,46.09971883113948,46.191206812354196,45.39189927329624,45.72895812988281,12702800
2024-11-07,45.84933333502485,46.07082725528756,45.7530292347199,45.90711212158203,19949800
2024-11-08,45.738588290135574,45.781926057234365,45.40634921929998,45.48820495605469,8805600
2024-11-11,45.4400533732925,45.62784178661665,45.24263271262424,45.2907829284668,7693600
2024-11-12,45.06928718927002,45.13188577361833,44.40962154406713,44.52036666870117,7078400
2024-11-13,44.55407365171089,44.71778879274778,44.40962300522346,44.62630081176758,6310000
2024-11-14,44.56370642950315,44.61185664557217,44.21220287230988,44.260353088378906,5911400
2024-11-15,44.241091549828006,44.33257953041382,43.87995942472733,43.952186584472656,6395600
2024-11-18,44.03404037926009,44.2940559387207,43.95218464951113,44.2940559387207,7875200
2024-11-19,43.96182019507447,44.22183210041976,43.73069401144681,44.14960861206055,6540600
2024-11-20,44.173683311879486,44.56370852975999,44.000339586960635,44.5107421875,8345800
2024-11-21,44.52036429265754,45.069284783930605,44.39035835467209,45.054840087890625,8402400
2024-11-22,45.01632799874663,45.358199347508496,44.98743860053832,45.305233001708984,5857200
2024-11-25,45.488204241735346,45.839704128692205,45.43523790146086,45.77229309082031,7524600
2024-11-26,45.65673763872564,45.65673763872564,45.257083810819175,45.43042755126953,6104600
2024-11-27,45.497829670433084,45.820443813519624,45.34856290741037,45.40634536743164,14047400
2024-11-29,45.41116398626357,45.675995705305894,45.34375294389394,45.637474060058594,4265200
2024-12-02,45.685621154566974,45.714514223339094,45.285971051750735,45.60858154296875,12785600
2024-12-03,45.7915531973058,45.83007483938153,45.377454729056666,45.46412658691406,11099200
2024-12-04,45.28597276318037,45.31486215941822,44.881502847719496,45.021141052246094,10865800
2024-12-05,44.78039386099552,44.84780491270257,44.221840948420734,44.428890228271484,12762800
2024-12-06,44.53963161506083,44.60222653158198,44.236281933052865,44.25554275512695,7131000
2024-12-09,44.607038948049166,44.852609817050734,44.2362782564103,44.245906829833984,9417600
2024-12-10,44.19293911659698,44.22664463296974,43.523641238891,43.79328536987305,7718600
2024-12-11,43.93774699460521,43.93774699460521,43.61032034950858,43.63920974731445,12288200
2024-12-12,43.48512034119728,43.605497712243555,43.31659275645765,43.335853576660156,7294000
2024-12-13,43.181777165650026,43.24437208547762,42.820644998343724,42.9650993347168,8098800
2024-12-16,42.87842646924348,43.027693252694135,42.56544453014017,42.5847053527832,10486600
2024-12-17,42.39690876696852,42.70507452271404,42.339126310156644,42.3487548828125,8289800
2024-12-18,42.32468567509448,42.46913632054475,41.12572805181532,41.14498519897461,14797400
2024-12-19,41.18350147088386,41.467593948392434,40.69236346258788,40.70199203491211,12495600
2024-12-20,40.6297707700651,41.448339133963024,40.60569749895475,41.207584381103516,14684600
2024-12-23,41.15627502249027,41.22403761764575,40.78358074913517,41.175636291503906,11338400
2024-12-24,41.185314647975936,41.43216620933202,40.986868105038866,41.398284912109375,5502400
2024-12-26,41.22888015886781,41.49025175962141,41.12723626292773,41.335365295410156,6517600
2024-12-27,41.127240520027144,41.48541481319334,40.95299276815494,41.11272048950195,8568000
2024-12-30,40.84650641343679,40.84650641343679,40.367326956342126,40.560935974121094,7528200
2024-12-31,40.69645432946096,40.86101956656636,40.51252413177347,40.725494384765625,8883200
2025-01-02,40.91910461870794,41.05462980464456,40.217272487558475,40.27535629272461,20004200
2025-01-03,40.406044835131944,40.45928370841153,40.193074570875815,40.26567840576172,19348400
2025-01-06,40.66257430349629,40.92394588775099,40.4786441000665,40.53672790527344,16602000
2025-01-07,40.56093630494577,40.97235316309114,40.30924347194479,40.51253128051758,23069000
2025-01-08,40.54157469806522,40.74002126399516,40.25116301782502,40.73518371582031,15743000
2025-01-10,40.44960790841604,40.61417685916646,40.212438810201164,40.31892395019531,18553600
2025-01-13,40.28020262376198,41.243402767930554,40.2463213229958,41.21920394897461,20014800
2025-01-14,41.4515325792856,41.76614677380428,41.34504743411451,41.73226547241211,13084600
2025-01-15,42.3372908817662,42.44861357391771,41.853270185631295,42.1291618347168,12564200
2025-01-16,42.16304312713474,42.48249486627051,42.046879194065816,42.477657318115234,11550400
2025-01-17,42.758385216465356,43.02943930910574,42.593819957348636,42.75354766845703,11589000
2025-01-21,43.155279735022425,43.42148885716444,43.09719593191554,43.30048370361328,10348000
2025-01-22,43.34888882563313,43.363408854486345,42.94231324660482,42.95199203491211,11894200
2025-01-23,42.95199043628407,43.18916320800781,42.7245001452918,43.18916320800781,8568400
2025-01-24,43.382770585218964,43.39729430701118,43.0342788106822,43.07783889770508,6300000
2025-01-27,42.99071296547388,43.140758181723506,42.74386140584997,43.1020393371582,12938800
2025-01-28,43.203684060494034,43.20852160816764,42.864867391332865,42.961673736572266,9287600
2025-01-29,42.79710389020641,43.08751553420873,42.77774262156833,42.88422775268555,9020200
2025-01-30,42.797110254319236,43.31985350692821,42.71966886103547,43.29081344604492,12398200
2025-01-31,43.23756405948455,43.36824800565201,42.80194475095236,42.976192474365234,13902800
2025-02-03,42.540580654490064,43.14560655262855,42.075921207853916,43.01976013183594,21249600
2025-02-04,43.160119393525285,43.324688330652506,43.02459420576428,43.145599365234375,19718400
2025-02-05,42.96167201100723,43.31984624204565,42.82130558563632,43.111717224121094,14194200
2025-02-06,43.1407593634231,43.37309090110093,42.92295154723755,43.26176452636719,15303000
2025-02-07,43.15044617758503,43.218208780215676,42.69062429655149,42.734188079833984,13545600
2025-02-10,43.04395714136189,43.092358468467474,42.72450173545289,42.95199203491211,8950400
2025-02-11,43.0875219460799,43.47958123197073,43.02460058323111,43.20368957519531,9441800
2025-02-12,42.622855391120005,43.111717260195455,42.477651418148284,42.8939094543457,11027200
2025-02-13,43.131085707489625,43.69254781011203,43.0730018929625,43.63930892944336,10430600
2025-02-14,43.76514561636542,43.98295712119983,43.47957520977617,43.489253997802734,9631400
2025-02-18,43.61026420158636,44.04104232788086,43.344055033049976,44.04104232788086,7115800
2025-02-19,43.508616110202425,43.65866133062222,43.37309091849622,43.523136138916016,7608000
2025-02-20,43.406973501130096,43.57637999577675,43.140760657553486,43.42149353027344,9868600
2025-02-21,43.508614395116375,43.513455635424904,42.57929566623461,42.6276969909668,9954000
2025-02-24,42.73417873992231,42.82614383458625,42.45828714871455,42.57929229736328,9454200
2025-02-25,42.60833786991705,43.04395720003009,42.56961533106599,42.90843200683594,9281200
2025-02-26,43.06331632689135,43.29080661534213,42.84550482627951,42.889068603515625,7965000
2025-02-27,42.908440128649346,43.17949056634274,42.569623388747345,42.59866714477539,7089000
2025-02-28,42.76322349841986,42.995555034209936,42.434089310174876,42.961673736572266,9316600
2025-03-03,43.36340719790489,43.51829734718086,41.99846914607787,42.10011672973633,16883200
2025-03-04,42.19692365938819,42.19692365938819,41.47089262856099,41.52897644042969,22518600
2025-03-05,41.91618733901508,42.724500934150335,41.85326598423639,42.61317825317383,17368600
2025-03-06,42.400204605225,42.7971013568504,42.1630355408204,42.390525817871094,18493600
2025-03-07,42.201766890472975,42.68578760051749,42.00331662681794,42.50669860839844,15654600
2025-03-10,42.129156678569494,42.37116699701754,41.330521889134076,41.620933532714844,16672800
2025-03-11,41.69353870103783,41.72741999899342,41.06915161632679,41.301483154296875,15426200
2025-03-12,41.41280751795663,41.47089132800378,40.92394929800231,41.10787582397461,12607200
2025-03-13,41.13691082912174,41.55801009146791,40.822296692388456,41.07883071899414,10283000
2025-03-14,41.41765005698584,41.67902167121428,41.24824355501873,41.6161003112793,9507400
2025-03-17,41.528976316411125,42.26952737479779,41.528976316411125,42.13883972167969,8615000
2025-03-18,42.31308245031314,42.31308245031314,41.901665654711984,42.06623458862305,10023800
2025-03-19,42.10011874565961,42.36632789370993,41.80970339464531,42.206600189208984,10253600
2025-03-20,42.08075797711299,42.29856580018247,41.88230773107598,41.940391540527344,7606200
2025-03-21,41.59189437010142,41.59189437010142,41.011071070456595,41.524131774902344,16808800
2025-03-24,41.94577554901621,42.16948590669787,41.79501510827979,42.08681106567383,9204400
2025-03-25,42.218115280696786,42.305654433423314,41.89714086095727,42.07707977294922,7622200
2025-03-26,42.120856794944174,42.40778845506083,41.95064278382522,42.15489959716797,8160800
2025-03-27,42.03332004327708,42.28134830822256,41.74152404884042,42.13544845581055,6049200
2025-03-28,42.23757825870778,42.252167502351746,41.30869387962914,41.36219024658203,9147200
2025-03-31,41.216291041602204,42.01386853011902,40.8855879090181,41.814476013183594,8881800
2025-04-01,41.707482884397976,41.989550254223424,41.33300831333205,41.97010040283203,12197600
2025-04-02,41.581031625466096,42.37374469381458,41.581031625466096,42.31538772583008,11863800
2025-04-03,40.95853875560244,41.230881208395786,40.29713247562919,40.40412521362305,18958600
2025-04-04,39.43632565876733,39.528729142472464,37.782813849728974,37.875213623046875,29389600
2025-04-07,37.03386816623426,38.84300844233696,36.10498015044683,37.267303466796875,50243800
2025-04-08,38.13782919537401,38.25455055112466,35.560293810600186,36.11956787109375,27497400
2025-04-09,35.92017763395886,39.4752332613439,35.866681270148675,39.275840759277344,40440200
2025-04-10,38.64848164640527,38.66307089081525,37.12627283291121,38.0211181640625,28167600
2025-04-11,38.103785574788326,39.43632281932876,37.91411801375613,39.149391174316406,17207000
2025-04-14,39.61140326182104,39.79621022583004,39.139668347808424,39.621131896972656,10426400
2025-04-15,39.455779254280934,39.825389479044354,39.27584031476252,39.30988311767578,8028800
2025-04-16,39.343929850920446,39.61140798327705,38.73601994503598,39.00349807739258,10726400
2025-04-17,39.1153522442645,39.577362254465605,39.06672019746238,39.27097702026367,9535800
2025-04-21,39.241793083394384,39.241793083394384,38.312905163835225,38.672786712646484,7885800
2025-04-22,39.066720006045664,39.689219106992276,39.066720006045664,39.577362060546875,7293800
2025-04-23,40.01992001497034,40.593787037760286,39.499549353571695,39.62599563598633,13337000
2025-04-24,39.689216707857,40.55487969968246,39.54331686659754,40.481929779052734,9995400
2025-04-25,40.16581933880634,40.29226563127028,39.854569780731566,40.18041229248047,9400400
2025-04-28,40.23390708356423,40.53542799405619,39.8594325387189,40.25335693359375,7779600
2025-04-29,40.33603933393145,40.75914225452752,40.14150742162674,40.58892822265625,9526800
2025-04-30,40.112325721322044,40.92935671926594,39.89834026388352,40.79804611206055,9867400
2025-05-01,40.336035675988676,40.91962764959115,40.31658211548363,40.61810302734375,11208400
2025-05-02,41.104432970726606,41.47890753605587,40.958536825201044,41.303829193115234,8572400
2025-05-05,41.11902612990403,41.2941044737187,40.93908346809798,40.99744415283203,5679200
2025-05-06,40.86126816155532,41.04607513655755,40.593790045169705,40.700782775878906,6111200
2025-05-07,40.74455179427972,40.832090966684596,40.32144888631243,40.477073669433594,8746400
2025-05-08,40.75913829762589,41.42054450901995,40.65700988841777,41.01689147949219,8063200
2025-05-09,41.02175388924309,41.182242972128826,40.890447000764716,41.12388229370117,6360000
2025-05-12,42.247297471863405,42.54395772774851,41.86309806325177,42.07707977294922,8798800
2025-05-13,42.09654039708754,42.184079564509425,41.85337645540309,41.86796569824219,6839000
2025-05-14,41.629664596734756,41.68316095883757,41.26005437958456,41.483768463134766,7891200
2025-05-15,41.371911879094604,41.93118967338359,41.34273339412921,41.9068717956543,7114600
2025-05-16,41.91173609810373,42.33970328911911,41.66857216244762,42.334842681884766,6426800
2025-05-19,42.09654113807048,42.49046925359656,41.91173787487681,42.44183349609375,10166600
2025-05-20,42.37861378060998,42.446699391179045,42.1889461925408,42.36888885498047,5128600
2025-05-21,42.03331558545172,42.261890265141716,41.74151962196135,41.80474090576172,9612400
2025-05-22,41.751250062776066,41.940917649624666,41.45458974275392,41.76097869873047,7651000
2025-05-23,41.44486363934843,41.829063120104095,41.36704939547456,41.67829895019531,7343200
2025-05-27,42.09654158042098,42.41751977345305,41.96523468079076,42.40779113769531,6898600
2025-05-28,42.359155178668786,42.364019496098486,41.79015248216658,41.82905960083008,10597000
2025-05-29,42.043048597565075,42.057641552375784,41.56644929793759,41.98469161987305,9869600
2025-05-30,41.87283007622418,42.047908411319845,41.44486287398329,41.98954772949219,12114200
2025-06-02,42.252164773707655,42.25702909140401,41.91660106040453,42.23757553100586,15811000
2025-06-03,42.07708574556388,42.68499558401358,41.87769324795372,42.670406341552734,13218200
2025-06-04,42.72390555254986,42.94761594276755,42.650955624994914,42.83089828491211,13268000
2025-06-05,42.99625286395915,43.01570271547142,42.480742749582966,42.57801055908203,14234800
2025-06-06,42.894121952462214,43.0157039349923,42.59260101043567,42.68986511230469,9348400
2025-06-09,42.79198823133316,43.258862541166046,42.74335618642316,42.9767951965332,11667000
2025-06-10,42.97193171430422,43.27831694254181,42.97193171430422,43.2442741394043,7875200
2025-06-11,43.132420932446344,43.17618866072938,42.670407219486435,42.816307067871094,10307800
2025-06-12,42.66068650908059,43.02543245568985,42.46615459547813,42.996253967285156,8660000
2025-06-13,42.58286233635473,43.040011670232374,42.37860554434476,42.495323181152344,14289400
2025-06-16,42.68499544277078,43.07892353984598,42.68499544277078,42.8552131652832,10504000
2025-06-17,42.73849449497926,42.787130253264976,42.37374857016088,42.436973571777344,9158000
2025-06-18,42.48073741563561,42.64609081582822,42.26189136491956,42.31538772583008,8554000
2025-06-20,42.55855313702727,42.621774424676694,41.97009685688551,42.0284538269043,13409800
2025-06-23,42.032367339532996,42.535836209473715,41.81240644291628,42.496734619140625,10120600
2025-06-24,42.58960103860011,42.912214300844305,42.53094679403802,42.848670959472656,8768200
2025-06-25,42.76557083129554,42.76557083129554,42.389192424815406,42.438072204589844,8744000
2025-06-26,42.64825954978054,43.044190622715725,42.64825954978054,42.907325744628906,10508600
2025-06-27,42.921988586850176,43.15172765519902,42.721580369948704,42.96109390258789,9375600
2025-06-30,43.00508534875341,43.02463427598567,42.70691386307463,42.9219856262207,8533800
2025-07-01,43.03930399754105,44.28086605778678,42.96109336704059,44.031578063964844,15844200
2025-07-02,44.241763542393024,44.70612703104774,44.16355291353562,44.691463470458984,14644200
2025-07-03,44.65725079556465,44.81855743341438,44.57904016050235,44.662139892578125,6766000
2025-07-07,44.4323989464705,44.58881648073347,43.997362562761346,44.23198699951172,11761600
2025-07-08,44.32486363837627,44.735458289991115,44.27109475838551,44.59370803833008,16347600
2025-07-09,44.71101658009328,44.91142479231419,44.442172202285626,44.862545013427734,13435600
2025-07-10,44.97008643863703,45.390459284123885,44.87721224066322,45.1020622253418,12865600
2025-07-11,44.61814614895432,44.813669010261776,44.388407066614676,44.73545837402344,11563200
2025-07-14,44.55460034600394,44.652359906620305,44.32486127633847,44.486167907714844,12949400
2025-07-15,44.559494230761246,44.58393225889712,43.5574418449756,43.572105407714844,14653600
2025-07-16,43.625871633597846,43.738298489899044,43.18105703472628,43.689414978027344,13615200
2025-07-17,43.59654386606412,44.03158026442131,43.53788589025737,43.99736404418945,11840800
2025-07-18,44.070686608967286,44.13422995393964,43.83605842955914,44.100013732910156,13623200
2025-07-21,44.36885030098683,44.71590530556223,44.275979840659936,44.324859619140625,10631000
2025-07-22,44.28087008673856,44.97497644307585,44.256432059449736,44.93587112426758,13651000
2025-07-23,45.111840285064076,45.331801172012696,45.0091916225355,45.087398529052734,13494400
2025-07-24,44.67680049192891,44.97008289538904,44.491052110616614,44.62303161621094,17343400
2025-07-25,44.74034161348925,45.17537796506489,44.61814030733232,45.15093994140625,15752800
2025-07-28,44.89186837127302,44.95541543485705,44.36884694953181,44.49593734741211,15015000
2025-07-29,44.41773380875557,44.422619176102,44.06579343683373,44.324859619140625,14205800
2025-07-30,44.124450030182444,44.16844444366066,43.24460278278891,43.43034744262695,23629400
2025-07-31,42.91710501432484,43.41568475832478,42.83400528258458,42.88288879394531,23230600
2025-08-01,42.589602714143865,42.60915537286319,42.04702855486974,42.38919448852539,28581800
2025-08-04,42.633600261607555,42.995315151275605,42.61893669881256,42.951324462890625,15497000
2025-08-05,43.176172364921044,43.342364374248575,42.853559081936886,43.25437927246094,16047000
2025-08-06,43.21038767026242,43.31792542897762,42.77535126766974,42.785125732421875,13141000
2025-08-07,43.205503072441466,43.27393552069764,42.70692327381951,42.97087860107422,15272600
2025-08-08,43.12728935956479,43.32769757521037,42.99530985209913,43.185943603515625,10402600
2025-08-11,43.22016013582449,43.40590852111817,42.8437817270194,43.08818435668945,12035600
2025-08-12,43.161505264121786,43.6894121022773,43.117510852190755,43.65031051635742,12501200
2025-08-13,43.875161197328616,44.4910531400591,43.75784524979961,44.47150421142578,16882200
2025-08-14,44.06579527277755,44.080458834003885,43.66986047322535,44.007137298583984,16098600
2025-08-15,44.295534343425416,44.295534343425416,43.90937773754958,44.007137298583984,16132200
2025-08-18,43.94359779092704,44.041357360490984,43.69430604046391,43.75296401977539,9423000
2025-08-19,43.787175302897495,44.231986142314256,43.787175302897495,44.01691436767578,11980200
2025-08-20,44.02669425955421,44.324865797925305,43.894718466330424,44.0511360168457,13436000
2025-08-21,43.880044876559246,44.285754121922345,43.82139063433964,44.18310546875,13017600
2025-08-22,44.368850141033754,45.28291728540835,44.3101958987836,45.058067321777344,11434200
2025-08-25,45.01407799982733,45.06784688082745,44.73545912977599,44.808780670166016,12563800
2025-08-26,44.691463343733204,44.9700821819936,44.657247126027116,44.93097686767578,8414200
2025-08-27,44.735457726067956,45.09717631949851,44.69146704078735,45.04340744018555,8967800
2025-08-28,45.17049785758786,45.185161419348056,44.72568326132394,45.04340744018555,8557200
2025-08-29,45.05317997552875,45.32202436058032,44.99452573099981,45.10694885253906,8288800
2025-09-02,44.72567789909507,44.818552084825974,44.50082794405679,44.76966857910156,13028600
2025-09-03,44.745236448829644,44.79411623170401,44.35419072725792,44.466617584228516,10157600
2025-09-04,44.4617251240321,44.66213706673258,44.10001028297612,44.6376953125,12530000
2025-09-05,44.80389166626815,45.31224585199685,44.632806842812826,44.950531005859375,15054400
2025-09-08,45.0336299682125,45.0336299682125,44.466617771759445,44.98963928222656,13605800
2025-09-09,44.75012211139667,44.92609229966965,44.13422645244124,44.25642776489258,12112400
2025-09-10,44.222214905463915,44.593707967733316,44.168446025558275,44.33952713012695,10671600
2025-09-11,44.300421048777494,45.312247826120746,44.27109392543918,45.26825714111328,11685200
2025-09-12,45.03362817712143,45.20471300503139,44.73057129650249,44.81366729736328,11069400
2025-09-15,44.867433784695876,44.88698644196627,44.37862854080023,44.45195007324219,9791400
2025-09-16,44.55948515737284,44.64746651589317,44.202655709793135,44.31508255004883,9700400
2025-09-17,44.35418898187122,45.194934639664275,44.15378076118608,44.4177360534668,13319600
2025-09-18,44.28086744580075,44.5546009318446,44.07068476064073,44.4177360534668,15116000
2025-09-19,44.530157692380236,44.55948854340366,44.25642794474899,44.3981819152832,16468200
2025-09-22,44.38296127319336,44.525387952532235,44.176685954883276,44.38296127319336,8882400
2025-09-23,44.486094371553854,44.82005945366057,44.1865078825911,44.24053192138672,8228800
2025-09-24,44.06372586518532,44.284730567567536,43.64627045680471,43.700294494628906,10669600
2025-09-25,43.54313539557633,43.55295624489432,43.061831345311376,43.13058853149414,11077200
2025-09-26,43.23864068262169,43.70520788238857,43.20426208629135,43.63153839111328,9944600
2025-09-29,43.911483335769326,43.94094963357122,43.552960475573656,43.79852294921875,9378800
2025-09-30,43.70029826202125,44.048996515411446,43.61680417555867,44.014617919921875,9408200
2025-10-01,43.960590187592736,44.063725965404714,43.44981984962943,43.552955627441406,13749800
2025-10-02,43.48911205817067,44.08337274661082,43.48911205817067,44.058815002441406,10673800
2025-10-03,44.04899410113448,44.368222293047154,44.00479091107868,44.132484436035156,9827600
2025-10-06,44.15704550968184,44.333847042279096,43.99988193050924,44.093196868896484,8937800
2025-10-07,44.16195192543385,44.33875719646601,43.7592296407463,43.91638946533203,11308800
2025-10-08,44.127572382676334,44.31911079768107,43.95076711544339,44.152130126953125,12184200
2025-10-09,44.32402439126172,44.412427027461675,43.43999802926218,43.54804611206055,13231800
2025-10-10,43.631535214816004,43.72976244502762,42.64928539461409,42.654197692871094,22262600
2025-10-13,43.23372391415057,43.61189218167215,43.110942690381215,43.33195114135742,11979800
2025-10-14,42.93413878482489,43.95567949813636,42.85064844930053,43.76414108276367,10797400
2025-10-15,43.945860094893504,44.201243408133394,43.331953936447206,43.567691802978516,10555800
2025-10-16,43.783785992562954,43.783785992562954,43.02254089167214,43.24354934692383,13389600
2025-10-17,43.2140811093897,43.40561953041539,42.92923150054754,43.160057067871094,12791000
2025-10-20,43.54313720859516,43.71011788285289,43.40561908351813,43.67573928833008,8425400
2025-10-21,43.35159110527011,43.66591447277001,43.214076739668215,43.508750915527344,9335800
2025-10-22,43.35650659247377,43.63644764218015,43.20425906892745,43.37615203857422,13133000
2025-10-23,43.6904722083539,44.009704154105535,43.582424126993125,43.89674377441406,10682600
2025-10-24,43.83289960313607,43.99988027926149,43.675739776847394,43.715030670166016,13450400
2025-10-27,43.69538497924805,43.896744249155205,43.50875511052077,43.69538497924805,11936600
2025-10-28,43.66591553997608,43.97532287014235,43.59224605746444,43.75431442260742,13049400
2025-10-29,43.587335791994775,43.7199378691108,42.81626983265244,42.89484786987305,20990000
2025-10-30,42.60508573706044,42.74751240991195,42.29567839416724,42.32023239135742,20798600
2025-10-31,42.09431432972911,42.28585273915184,41.7652615491296,42.074668884277344,17528800
2025-11-03,42.030469167930875,42.07958090774696,41.39691760744236,41.81437301635742,24127400
2025-11-04,41.51478596385078,41.78490614961828,41.28886896620228,41.60810089111328,22164800
2025-11-05,41.84875591430797,42.05993978953064,41.7259746786433,41.853668212890625,18828400
2025-11-06,41.95679960549335,42.163071160522776,41.61792223152676,41.64739227294922,22407400
2025-11-07,41.75543690327401,42.23182865070266,41.603189384935796,42.148338317871094,17975200
2025-11-10,42.428281276604615,42.63946514077779,42.07467073687412,42.54615020751953,15233400
2025-11-11,42.722955091979344,43.0765656285199,42.62473160826728,42.988162994384766,11641400
2025-11-12,43.12076679759082,43.54804305339197,43.08147590715365,43.292659759521484,13923800
2025-11-13,43.30247904426755,43.43508485795601,42.973426279461314,43.00780487060547,17940400
2025-11-14,42.703312766327464,42.95378753917776,42.55106523135277,42.61491012573242,12830000
2025-11-17,42.51177034018807,42.62964301455902,41.90768880872595,41.96662139892578,14150800
2025-11-18,42.01082404691399,42.295677385826025,41.77508244819717,42.000999450683594,20615000
2025-11-19,42.25638590153753,42.28585219584379,41.84383904632221,42.109046936035156,15385800
2025-11-20,42.398820405378636,42.585446548787445,41.465682194362095,41.48041534423828,22669200
2025-11-21,41.68668373609118,42.7327822608241,41.6031933952117,42.40863800048828,20989200
2025-11-24,42.379166026905764,42.59034987360086,42.19744847375426,42.492122650146484,14549600
2025-11-25,42.713132094190925,43.22390242717356,42.68366579995642,43.125675201416016,12455800
2025-11-26,43.160056381801574,43.769053977060636,43.14041093547201,43.65609359741211,9895200
2025-11-28,43.77396460230968,44.078463414365636,43.66592026285686,43.90657043457031,4786800
2025-12-01,43.84763469455057,44.18159980858734,43.773965203059845,43.79852294921875,13367800
2025-12-02,43.88691982972185,43.88691982972185,43.14532020748797,43.40070724487305,12905800
2025-12-03,43.59225118562184,43.832901359616606,43.557872589336874,43.70520782470703,11841600
2025-12-04,43.59224814598472,43.71502937372477,43.341773392239006,43.44982147216797,9912600
2025-12-05,43.55295839698408,43.84763260189751,43.307395935058594,43.307395935058594,7134000
2025-12-08,43.29757357175831,43.317215270678254,42.67875514018129,42.708221435546875,11389100
2025-12-09,42.649285937058686,43.04218736893094,42.60017419482109,42.61981964111328,8801100
2025-12-10,42.58052929251131,43.552958287976125,42.58052929251131,43.454734802246094,10919500
2025-12-11,43.50384546743752,44.41733810064388,43.50384546743752,44.31911087036133,11009200
2025-12-12,44.702186182788886,44.77094711514422,44.17177414522019,44.34857940673828,14078600
2025-12-15,44.61378506723757,44.63343051329408,44.053902969076994,44.31911087036133,9228800
2025-12-16,44.37804963142391,44.40751592862458,43.92621558841266,44.20124435424805,9742300
2025-12-17,44.2110655101752,44.564676066973234,44.14230831824069,44.38787078857422,10935000
2025-12-18,44.4664523334418,44.82006288829794,44.32893795032795,44.36822509765625,8978100
2025-12-19,44.397693702498415,44.7316587993702,44.289645620130216,44.564674377441406,10358000
2025-12-22,44.81446720491628,45.130409395313265,44.75523039817185,45.09091567993164,9862300
2025-12-23,45.199517387484555,45.219264243372535,44.962562649484084,45.169898986816406,8424800
2025-12-24,45.150152719286545,45.30812380212129,45.03167534874242,45.258758544921875,2767600
2025-12-26,45.36736993173654,45.55495943862031,45.27851095135409,45.52534103393555,5035800
2025-12-29,45.160030364990234,45.27850774165884,44.96256555965729,45.160030364990234,6370400
2025-12-30,45.22914536216116,45.2686353126802,45.05142740267698,45.1501579284668,4432100
2025-12-31,45.031676377727834,45.09091318118962,44.75522791803204,44.77497100830078,5704300
2026-01-02,44.94281900214111,45.594450227654946,44.6959889354112,45.53520965576172,18031000
2026-01-05,45.43647917695621,46.13747566318848,45.416732319640495,45.9893798828125,22033700
2026-01-06,46.1374756495646,47.026065396869825,46.097981934944826,46.89771270751953,18351400
2026-01-07,46.73973925576175,46.95695090887686,46.038742805125544,46.08810806274414,16963400
2026-01-08,45.821533465262284,47.026065396869825,45.68330923042101,46.89771270751953,14918900
2026-01-09,46.98656856159135,47.677693456223906,46.956950160757614,47.6480712890625,11769700
2026-01-12,47.75667798732284,47.993636497309495,47.58883535775841,47.90477752685547,12672800
2026-01-13,47.983761269240865,48.14173235406355,47.77642492659755,48.11211395263672,10797500
2026-01-14,48.13186264038086,48.51691693889144,48.01338526383788,48.13186264038086,16029700
2026-01-15,48.15160957248305,48.48729861181729,47.993638481403885,48.33919906616211,17883600
2026-01-16,47.95414593606855,48.10224548533407,47.74680958015921,48.06275177001953,10769100
2026-01-20,47.73693150448576,47.904777901691254,47.41111778782345,47.57896041870117,17363800
2026-01-21,48.20097371854554,48.753874407711486,48.05287417631229,48.61565017700195,16940400
2026-01-22,48.74400173758316,49.198171934089906,48.72425487979348,48.8921012878418,14648300
2026-01-23,48.83285981512842,49.35614212109789,48.73412929432631,49.336395263671875,19550700
2026-01-26,49.780684169753016,49.839924739408396,49.385758337700494,49.3956298828125,13900900
2026-01-27,49.23766186555528,49.54373251169283,49.05007236611305,49.34626770019531,10123800
2026-01-28,49.484493036007756,49.573352014836296,48.91184921292342,49.316650390625,13517200
2026-01-29,49.810307439666936,49.978150074578586,48.66501609862083,49.36601257324219,20503700
2026-01-30,48.59590603987174,49.02045406728318,48.19110487028502,48.64527130126953,28082600
2026-02-02,48.62552099620067,49.17842167711161,48.57615573830257,49.020450592041016,25155300
2026-02-03,49.543729562840284,50.57054350844878,49.42525218952478,50.05713653564453,34077400
2026-02-04,50.363201395426465,51.36039689965202,50.363201395426465,51.2320442199707,35878600
2026-02-05,50.728511538417344,50.86673576001159,49.721444510095196,49.85966873168945,25667300
2026-02-06,50.2151090200744,50.96547076039841,50.2151090200744,50.85686492919922,14367300
2026-02-09,50.81737886259152,51.64672809488808,50.619914042267915,51.518375396728516,12325200
2026-02-10,51.488751141625855,52.31810027968989,51.459128973829735,52.239112854003906,18381400
2026-02-11,52.43657759685717,52.98947451076774,52.43657759685717,52.94010925292969,24891300
2026-02-12,52.98947492445974,53.45351663768127,52.071270575785825,52.16012954711914,30108100
2026-02-13,51.8738075917247,52.9598583759546,51.77507330549513,52.6340446472168,19918900
2026-02-17,52.031776428222656,52.29835333999675,51.41963894544199,52.031776428222656,20404700
2026-02-18,52.32797424251963,52.66366328453985,52.07127262983496,52.347721099853516,11992700
2026-02-19,51.9824116044525,52.4958148095697,51.76519994867599,52.16012954711914,18340200
2026-02-20,51.95278982006138,52.57480262398739,51.65659450220589,52.28847885131836,17810500
2026-02-23,51.82444090099828,52.42670308189574,51.696088215607375,52.28847885131836,17353800
2026-02-24,52.2884810267413,52.82163488085934,52.23911576609955,52.68341064453125,13452200
2026-02-25,53.04871743091104,53.068464288186924,52.00215659325665,52.38721466064453,12379300
2026-02-26,52.21936658373594,52.44644978564048,51.68621275335427,52.327972412109375,15645100
2026-02-27,52.189747459129755,52.811760252627096,52.00215420678181,52.73277282714844,12122700
2026-03-02,52.39708445546438,52.71302662866667,51.84418376919648,52.57480239868164,19444500
2026-03-03,51.01483710419091,51.42951358064259,50.04726368090761,51.28141403198242,27307900
2026-03-04,51.65659110492703,51.71583167113321,51.02470679737145,51.261661529541016,17141500
2026-03-05,50.94572292569214,51.123440870366586,49.86954371242036,50.185489654541016,19897300
2026-03-06,49.67208187230813,49.72144713028927,48.81311056485954,49.227787017822266,23170700
2026-03-09,48.63539305179497,49.55360117038399,47.98376184824739,49.35614013671875,22461900
2026-03-10,49.356137713850295,49.78068192845215,49.00070184457655,49.24753189086914,19215000
2026-03-11,49.09943250676473,49.25740358622213,48.65513766881338,49.208038330078125,12570900
2026-03-12,49.15867372636614,49.5930932590577,49.000702644812144,49.05006790161133,19572900
2026-03-13,49.3956295021351,49.49436378413315,48.388562423721496,48.566280364990234,17240300
2026-03-16,48.83285740849947,49.13892803402667,48.46754997994155,48.77362060546875,15641100
2026-03-17,49.05007238383127,49.34626771802053,48.85260757226243,48.8921012878418,12770300
2026-03-18,48.55640887553084,48.65513939131415,47.86528396606445,47.86528396606445,16432400
2026-03-19,47.03593597305363,47.391371864650964,46.6212632770753,47.13467025756836,23546600
2026-03-20,47.24327159388482,47.35187742201547,46.13747398863496,46.38430404663086,19735100
2026-03-23,47.00710270668161,47.75088595341342,46.96743335891738,47.15585708618164,19208000
2026-03-24,46.888093266670715,48.38557894400641,46.84842770316528,48.048397064208984,15814600
2026-03-25,48.593841128396875,49.04011185455886,48.26657466818562,49.00044250488281,15047100
2026-03-26,48.56408976176055,49.31778847088212,48.56408976176055,48.6830940246582,12903500
2026-03-27,48.633508756457864,48.881436508540446,48.375661775768705,48.50458526611328,10746100
2026-03-30,49.099610836338655,49.32770769958535,48.49467029314714,48.6830940246582,16612900
2026-03-31,49.109526891034456,49.81364076036406,48.881433825607,49.5557975769043,20487800
2026-04-01,49.92273234097296,50.240079561185105,49.7541395022543,50.0417366027832,19966800
2026-04-02,49.66489049308224,50.49792413147277,49.49629764978127,49.99215316772461,13799900
2026-04-06,49.79380696805147,50.0119845923529,49.43679041304082,49.80372619628906,8885600
2026-04-07,49.70455203769662,49.902894985441165,49.2682005791203,49.664886474609375,9953400
2026-04-08,50.65660035905343,51.35079504167976,50.34916858312085,51.321044921875,14354000
2026-04-09,51.13262181317465,51.63839277139305,51.04336766959761,51.24170684814453,7658500
2026-04-10,51.49955057141494,51.78714765840106,51.4499657799187,51.529300689697266,6138500
2026-04-13,51.26153741055496,51.82681234683903,51.13261771145651,51.75739288330078,9890600
2026-04-14,51.82681185879407,51.82681185879407,51.221871365525516,51.57888412475586,8273900
2026-04-15,51.46980318832697,51.46980318832697,50.81527406979335,50.9541130065918,20300500
2026-04-16,51.09295184285816,51.539222555316016,51.0632017230534,51.321044921875,12382700
2026-04-17,51.1722847852342,51.93590268978132,51.0433650823288,51.44996643066406,11796000
2026-04-20,51.410295259023094,51.96565474709424,51.24170243209486,51.797061920166016,8558000
2026-04-21,51.81690219615885,52.134249428493916,51.21195785230844,51.34088134765625,9557700
2026-04-22,51.80698050980243,51.985484996296286,51.27145570108995,51.4003791809082,8933000
2026-04-23,51.28137320326319,51.46980070819059,50.85493718474356,51.38054656982422,13728200
2026-04-24,51.32104260411582,51.56897034616469,50.90452581335074,51.48963165283203,7420300
2026-04-27,51.56897338228248,51.74748166971349,51.18220668720773,51.35079574584961,8025900
2026-04-28,51.449966431607955,51.54913601585656,50.58717515972107,50.97394561767578,9073000
2026-04-29,51.06319941244526,51.083030302699555,50.46817056173406,50.53759002685547,7053300
2026-04-30,50.49792141169325,51.28137399578614,50.37891715305799,51.043365478515625,15282700
2026-05-01,51.21195546603439,51.340878955374876,50.91444292246784,50.92435836791992,9358200
2026-05-04,50.73593066566078,50.83510024472278,50.08140160785154,50.230159759521484,10041600
2026-05-05,50.616930850166575,51.36071410754649,50.46817268545968,51.102867126464844,10775100
2026-05-06,51.88631654198997,52.233413860862036,51.70780826854804,51.97557067871094,10500300
2026-05-07,52.163995760967644,52.332588593882846,50.95411094421063,50.97394561767578,13026600
2026-05-08,51.38055022800223,51.47971981854679,51.073118444390275,51.16237258911133,7600000
2026-05-11,51.43013063274925,51.975570900335555,51.40038051474108,51.826812744140625,8586900
2026-05-12,51.568970517525806,51.85656760719667,51.03344568498222,51.70780944824219,11594700
2026-05-13,51.697894655443164,52.08466133391277,51.588805841910265,51.628475189208984,8455400
2026-05-14,51.68797756602978,51.81690105854715,51.17228737903764,51.24170684814453,10703400
2026-05-15,50.58717432791012,50.765682603084095,49.83347566401329,49.883060455322266,11192800
2026-05-18,49.91281500843978,50.29958168200894,49.65496803734225,49.80372619628906,10543700
2026-05-19,49.367370772642474,49.44670946595337,48.48474861648298,48.633506774902344,11881300
2026-05-20,48.58392042807641,49.36736919252113,48.494666292497016,49.30786895751953,20467000
2026-05-21,49.12936399916418,49.83347790339298,48.73267808471224,49.605384826660156,10235900
2026-05-22,49.91281540423958,50.0814044548442,49.575633519953186,49.873146057128906,6954600
2026-05-26,50.259912899024506,50.745849161957985,50.23016278013226,50.567344665527344,8241700
2026-05-27,50.587174989916335,50.94419154493636,50.55742487135704,50.755767822265625,9010300
2026-05-28,50.64667948843083,51.043365393994385,50.190493345186745,50.93427658081055,10566000
2026-05-29,50.854936698973226,51.1524530127373,50.68634765204553,50.726016998291016,11728000
2026-06-01,50.230162356066224,50.626844475896824,49.71447219551702,50.497920989990234,24538000
2026-06-02,50.39875425053778,51.24170711295041,50.299584660751826,51.092952728271484,19926800
2026-06-03,50.92435996460772,51.59872376881049,50.81527492890561,51.20204162597656,12438500
2026-06-04,51.400381778798646,51.767313781205594,51.013611319795636,51.19211959838867,9689200
2026-06-05,50.9838604894933,51.22187278532122,50.0814036639025,50.2103271484375,12395700
2026-06-08,50.1904930104865,50.38883596194562,49.49629457191818,49.54587936401367,10994300
2026-06-09,50.17065859120734,50.39875166246389,49.426875356775376,50.34916687011719,13510500
2026-06-10,50.329330958222755,50.43841976854769,49.15911172886323,49.18886184692383,9676500
2026-06-11,49.654967735673,50.904525670618824,49.58554827074013,50.79543685913086,12442900
2026-06-12,51.28137312071369,51.92598676155281,51.09294939916672,51.74747848510742,15194700
2026-06-15,52.43175897230228,52.759025414818566,52.03507684622226,52.06482696533203,14993300
2026-06-16,52.25325085846014,52.649936768884935,52.20366606542635,52.28300476074219,8430000
2026-06-17,52.084661647330044,52.86811423734692,51.43013254527122,51.58880615234375,16228500
2026-06-18,51.787147915031646,51.995406310194134,51.33095799500515,51.38054656982422,11934100
2026-06-22,50.94555043567751,51.582618059548544,50.915689077440604,51.3835334777832,9088400
2026-06-23,50.83605127749937,51.24417294171237,50.55733515478485,50.636966705322266,10273400
2026-06-24,50.63696766095757,51.29394410348501,50.55733610891733,50.92564010620117,12425600
2026-06-25,51.174493307605154,51.950918952995956,51.03513524789114,51.60252380371094,9655000
2026-06-26,51.33376321455603,51.65229702607524,51.14463495059855,51.363624572753906,9233700
2026-06-29,51.04508767238051,51.16454069238876,50.01980726592153,50.42792892456055,12726100
2026-06-30,50.836051158235094,50.95550038237217,50.43788201481501,50.59715270996094,8329100
2026-07-01,50.48765662308751,51.23422092821334,50.248754374669375,50.78628158569336,14128800
2026-07-02,51.1645413359023,51.79165261133251,51.064997151310095,51.77174377441406,12373700
2026-07-06,51.68215581357127,51.80160883486623,51.11476725269853,51.74188232421875,20090500
2026-07-07,51.72197576398785,51.88124266883589,51.064999306836874,51.2740364074707,12304900
2026-07-08,50.76637374770356,50.80619142276065,49.66145794681559,49.93022155761719,13282200
2026-07-09,50.13925897656257,50.318434718243125,49.89040420169765,50.029762268066406,10529400
2026-07-10,50.05962569023984,50.87586901976297,50.05962569023984,50.65687561035156,7507300
2026-07-13,50.7365137832486,51.11477031501039,50.129307512232835,50.34830093383789,9031400
2026-07-14,50.91568586082201,51.21431081599299,50.35824982653981,50.40802001953125,8755500
2026-07-15,50.42793222025151,50.60710796475149,49.88045246637827,50.2686653137207,12323300
2026-07-16,50.07953452720655,50.696693284284976,50.04966937314529,50.65687561035156,7147400
2026-07-17,50.56729038115679,51.21431432605745,50.15916869509989,50.298526763916016,8670700
2026-07-20,50.40802183137417,50.497609700867805,49.65150499793431,49.80081558227539,10680300
2026-07-21,50.268663997038395,50.3084816719338,49.62164007026673,49.8704948425293,8699800
2026-07-22,50.09944313690426,50.736510728059436,50.06957798297849,50.587196350097656,10222300
2026-07-23,50.189029282172356,50.736512825854014,49.890404311123966,50.059627532958984,10925000
2026-07-24,50.08948824026026,51.035137133982104,49.97999153294624,51.02518081665039,12192800
2026-07-27,51.23422214242633,51.393489046072126,50.85596182230915,51.15458679199219,8704300
2026-07-28,51.761792345052704,52.53821801511731,51.64234311824795,52.10023498535156,11774600
2026-07-29,52.10023686070328,52.10023686070328,51.09486522089845,51.502986907958984,13744600
2026-07-30,51.970830973390036,52.070375163013985,51.045090894611405,51.4034423828125,10865900
2026-07-31,50.67678677090837,50.816144838842675,49.97999263401428,50.1989860534668,18328900
2026-08-03,50.50756541776643,50.80619038012125,50.11934878976051,50.77632522583008,11963900
2026-08-04,51.07495344339846,51.83147025981732,50.79623352389899,51.76179122924805,16876700
2026-08-05,52.34909073573181,52.71739474031748,52.20973266898169,52.398860931396484,12070300
2026-08-06,52.388906859280965,52.61785279033465,51.7717443002085,51.93101119995117,9000600
2026-08-07,52.10023667610653,52.69748662673471,51.93101345185425,52.617855072021484,13068200
2026-08-10,52.5680821180722,52.956294945338016,52.3689975458988,52.93638610839844,11932600
2026-08-11,52.82688960745885,53.354460498112815,52.757210576512946,52.99611282348633,11450900
2026-08-12,53.20515158363093,53.23501294147998,52.29932035572545,52.33913803100586,9843200
2026-08-13,52.359042182984744,52.53821792148378,51.98078566590673,52.07037353515625,10407100
2026-08-14,52.21968487059167,52.40881692907495,52.030556609330894,52.299320220947266,7479600
2026-08-17,52.11018718375107,52.19977505260726,51.83147105718624,52.000694274902344,7654900
2026-08-18,51.98078774706363,52.070375619899984,51.5129395447824,51.54280090332031,7774300
2026-08-19,52.27941131591797,52.906526408880524,52.04050906238188,52.27941131591797,10882900
2026-08-20,51.86133298626427,52.79702935957388,51.801610271183215,52.179866790771484,9367300
2026-08-21,52.82689058405486,53.47391450876806,52.70744135697114,53.29473876953125,14467100
2026-08-24,53.76258329416079,53.9417590338521,53.03592781528934,53.334556579589844,12836600
2026-08-25,53.23501239241552,53.40423561200064,52.76716420575237,53.334556579589844,8182800
2026-08-26,53.34450937724448,53.84221892403824,53.27483034447115,53.42414093017578,7073000
2026-08-27,52.97620394373412,53.24496754740397,52.85675092173259,52.98615646362305,7784600
2026-08-28,53.41418680328117,53.55354486463583,52.59794347487038,52.93638610839844,13594400
2026-08-31,52.91647948118195,53.01601987281414,52.32918205721796,52.448631286621094,12112700
2026-09-01,52.199774480889126,52.21968331788605,51.78170029562083,51.83147048950195,15500500
2026-09-02,52.120142031601134,52.946337868007284,52.0305541652706,52.70743942260742,12846600
2026-09-03,53.20515170278465,53.27483073607016,52.10023589322516,52.37895202636719,14287800
2026-09-04,51.92105956580167,52.42872163076041,51.74188382588154,52.19977569580078,10873800
2026-09-08,52.12014249314565,52.3391359010534,51.702064514160156,51.702064514160156,11935500
2026-09-09,51.78170188638233,51.911107432226565,51.14463427179918,51.15458679199219,13120900
2026-09-10,50.527469635009766,50.816142072715834,50.348297698291965,50.527469635009766,9651600
2026-09-11,50.955500775557006,50.97540961260387,50.636966977252,50.71660232543945,8969600
2026-09-14,50.44784103333467,50.57724658145917,50.109398382470836,50.25871276855469,11410300
2026-09-15,50.318432451206455,50.517517021573376,50.029760014035524,50.49760818481445,9844200
2026-09-16,50.696695379939946,50.87587112282454,49.68136743600139,50.12930679321289,9587300
2026-09-17,50.66683133012799,50.776324236320484,50.288571026664656,50.477699279785156,9063800
2026-09-18,50.198984616055206,50.388112874661566,49.651504880323166,49.76100158691406,10500900
2026-09-21,50.130001068115234,50.18000030517578,49.65999984741211,49.709999084472656,10586100
2026-09-23,50.25,50.540000915527344,50.040000915527344,50.279998779296875,10467000
2026-09-24,50.13999938964844,50.22999954223633,49.56999969482422,49.68000030517578,12868100
