Date,Open,High,Low,Close,Volume
2005-01-03,16.203149552319147,16.224226615638813,16.008185479404943,16.02926254272461,5011647
2005-01-04,16.097769884966542,16.124116223361934,15.844842561955312,15.876458168029785,7426746
2005-01-05,15.860649826223966,15.981844215933663,15.844842023723704,15.850110054016113,2943321
2005-01-06,15.892259047954171,15.976568531299584,15.876451251803253,15.929143905639648,3211925
2005-01-07,15.992384608791065,15.992384608791065,15.844843864440918,15.844843864440918,1519670
2005-01-10,15.807952634245021,15.934415018111658,15.781605067065481,15.860645294189453,3742117
2005-01-11,15.807951902500852,15.871183091507222,15.760527273538807,15.792142868041992,7431178
2005-01-12,15.834308670293305,15.834308670293305,15.655151042247983,15.771076202392578,4748336
2005-01-13,15.786870461893455,15.786870461893455,15.597174458195028,15.618252754211426,8480851
2005-01-14,15.62353224459901,15.702571266865634,15.607723202937855,15.670955657958984,6409202
2005-01-18,15.607716361846625,15.929145289800699,15.607716361846625,15.918606758117676,7196426
2005-01-19,15.939690638943487,15.939690638943487,15.75526501840383,15.760534286499023,4413504
2005-01-20,15.597180997186168,15.728913907179741,15.597180997186168,15.64460563659668,4996998
2005-01-21,15.676222584923286,15.702568921744097,15.549758930975745,15.565567970275879,5053132
2005-01-24,15.665679319951384,15.697296151797318,15.570831298828127,15.570831298828125,6601238
2005-01-25,15.6446152303859,15.844849970226235,15.57611471853041,15.581382751464844,3229529
2005-01-26,15.623524330204537,15.670947719541287,15.576100940867786,15.655139923095703,2403035
2005-01-27,15.623529476429686,15.676222148604706,15.528681429307039,15.576106071472168,1782365
2005-01-28,15.54448084990912,15.623521052763497,15.481249677391173,15.55501937866211,3086609
2005-01-31,15.570839964781714,15.749997575192205,15.570839964781714,15.739459037780762,4741320
2005-02-01,15.807955446240785,15.971302721125527,15.75526153971558,15.908071517944336,4151671
2005-02-02,15.93968711953493,15.93968711953493,15.844840314763145,15.908071517944336,10027111
2005-02-03,15.88699461842291,15.88699461842291,15.792146575439364,15.834301948547363,6478630
2005-02-04,15.886992287021734,16.055610043086553,15.876453754593143,16.02399444580078,5067412
2005-02-07,16.113573516888206,16.113573516888206,15.966032822858256,16.03980255126953,3950525
2005-02-08,16.018721388108467,16.05033697791113,15.976567268371582,15.976567268371582,4563933
2005-02-09,16.01872147972653,16.039798539715523,15.92387347256898,15.934412002563477,2699214
2005-02-10,16.045078029649105,16.045078029649105,15.939691425338063,15.981846809387207,8895206
2005-02-11,15.939680311162308,16.134645578776524,15.939680311162308,16.108299255371094,2650959
2005-02-14,16.124106494562504,16.15045281706132,16.039797025359313,16.081951141357422,6321185
2005-02-15,16.108310264094772,16.1504644103524,16.06615488062928,16.11884880065918,6984202
2005-02-16,16.018730598371477,16.076692546335977,15.981845722394066,16.00819206237793,3653854
2005-02-17,15.939683109599807,16.023992596505927,15.865913391113281,15.865913391113281,2258023
2005-02-18,15.913336309556344,15.913336309556344,15.697295188903807,15.697295188903809,10973257
2005-02-22,15.597179082456773,15.681488579897435,15.454908893313126,15.465447425842285,8719296
2005-02-23,15.465451105739488,15.63406890353486,15.465451105739488,15.607721328735352,10591524
2005-02-24,15.597182596558309,15.665684310638914,15.549759189492427,15.628799438476562,19070406
2005-02-25,15.607715362218073,15.807951162992863,15.607715362218073,15.786872863769531,13521920
2005-02-28,15.755259992790489,15.755259992790489,15.602450029565329,15.634065628051758,9929738
2005-03-01,15.728909706017985,15.844836021521077,15.67621705097768,15.786872863769531,6158693
2005-03-02,15.786882456132265,15.865922723926065,15.69730488813498,15.739459037780762,7729449
2005-03-03,15.755265068663126,15.834305327551014,15.634070664879202,15.71311092376709,6592990
2005-03-04,15.813224208666789,15.950226392448208,15.802685674314956,15.913341522216797,9135497
2005-03-07,15.913341522216797,16.013458835766805,15.913341522216797,15.913341522216797,3544418
2005-03-08,15.966035561040963,15.966035561040963,15.83430264336403,15.886995315551758,14748857
2005-03-09,15.939690892860865,15.939690892860865,15.69203281402588,15.692032814025879,8946046
2005-03-10,15.71837328876117,15.823759850221002,15.686758928692809,15.78160572052002,11290117
2005-03-11,15.755261478944488,15.80268488114746,15.581373196451844,15.64460563659668,15419629
2005-03-14,15.597181347908505,15.73945403213168,15.597181347908505,15.728914260864258,10302855
2005-03-15,15.765799923541058,15.80795529580155,15.607719442677393,15.623528480529785,11003540
2005-03-16,15.597179082456773,15.61825738472248,15.444370360783967,15.465447425842285,10547824
2005-03-17,15.465452309040298,15.497067916610366,15.381142784979007,15.423296928405762,9455680
2005-03-18,15.494805562862306,15.494805562862306,15.2723169643061,15.346479415893555,14370694
2005-03-21,15.309398148731516,15.775565860260244,15.18226127398844,15.208747863769531,11070629
2005-03-22,15.282911123018078,15.29350575862831,14.92798709869385,14.927987098693848,24746424
2005-03-23,14.864422929042204,15.049831600776022,14.864422929042204,14.959775924682617,15802470
2005-03-24,14.93858118564642,15.060420734483037,14.88560676574707,14.88560676574707,5773267
2005-03-28,14.943882204647494,15.071019102584701,14.938584885724863,14.991558074951172,3886390
2005-03-29,14.970368240046259,15.123991726858055,14.922692371523501,14.938584327697754,6737263
2005-03-30,14.938581738203327,15.123989105224611,14.92268978478383,15.12398910522461,6679406
2005-03-31,15.150484859316363,15.182268782773237,15.039239883422852,15.039239883422852,9881483
2005-04-01,15.150478716600274,15.235235811454094,14.790256088295743,14.832635879516602,14815085
2005-04-04,14.832636709408717,15.002152152394766,14.679013222596922,14.938584327697754,14883898
2005-04-05,14.970369068934104,15.081614012107364,14.954477111879935,14.980963706970215,10589554
2005-04-06,15.071026526979475,15.150487593757672,15.044539919318302,15.081621170043945,8935460
2005-04-07,15.081619187905813,15.214053452600865,15.049835262889685,15.13988971710205,13217616
2005-04-08,15.14518707166362,15.187566882240679,15.002158164978027,15.002158164978027,6165340
2005-04-11,15.097507486296708,15.118696764498223,14.991559851494918,15.03393840789795,7842209
2005-04-12,15.04453932538042,15.28292127250934,14.943888976446823,15.240541458129883,14569254
2005-04-13,15.240535992336376,15.245833311759673,14.986262172429702,15.018047332763672,3904486
2005-04-14,14.991556750393181,15.018044586460105,14.837933271416007,14.848527908325195,5226087
2005-04-15,14.885608687250233,14.949177750576489,14.65252543850441,14.689606666564941,13627662
2005-04-18,14.7531782447001,14.853828561729129,14.705502367904673,14.811450004577637,10240566
2005-04-19,14.965070084019645,14.965070084019645,14.81674392423151,14.832635879516602,8712403
2005-04-20,14.885611043204042,14.885611043204042,14.626041161904144,14.647229194641113,13415930
2005-04-21,14.726685867249357,14.774362969128973,14.509493359492904,14.731983184814453,14294003
2005-04-22,14.779669095477285,14.806156945112557,14.583666968461664,14.69491195678711,15870175
2005-04-25,14.827334029477115,14.896200391792476,14.753170350352383,14.8803071975708,3569038
2005-04-26,14.859124853424367,14.949180524935505,14.77966382046817,14.795557022094727,12282179
2005-04-27,14.6737217848243,15.033942090064933,14.6737217848243,15.002158164978027,7104717
2005-04-28,14.99155991275009,15.018047754404424,14.83793640136719,14.837936401367188,9885792
2005-04-29,14.91740478374055,15.081623015124906,14.769077275102283,15.065731048583984,13999424
2005-05-02,15.198164853298088,15.203462175306354,14.991566807386095,15.102811813354492,9578534
2005-05-03,15.123999256176418,15.22994692721035,15.044539435746948,15.118701934814453,17944656
2005-05-04,15.123989867570224,15.431238047215869,15.108097913349669,15.41004753112793,15000843
2005-05-05,15.468322473621964,15.468322473621964,15.219345985073767,15.341185569763184,13850473
2005-05-06,15.46832129276573,15.46832129276573,15.224642141989433,15.229939460754395,13104241
2005-05-09,15.298803628745844,15.378263398691224,15.224639933002972,15.362371444702148,4848170
2005-05-10,15.21404112809449,15.282907486970403,15.129282819584175,15.161067962646484,14970191
2005-05-11,15.203452866929586,15.28291389219804,15.086910610306399,15.229939460754395,11012034
2005-05-12,15.309403021388327,15.335889619599538,15.076318469541198,15.086913108825684,16620716
2005-05-13,15.086912493302155,15.12929104871111,14.853827950964526,14.95447826385498,12172005
2005-05-16,14.991562591261296,15.219349861145021,14.965075988668874,15.21934986114502,10449713
2005-05-17,15.187562267462356,15.33588844992649,15.102803915856791,15.314699172973633,10526650
2005-05-18,15.452424890722748,15.531884649336163,15.388855840038346,15.494803428649902,23050967
2005-05-19,15.510701179504396,15.526594380962889,15.415349433518244,15.510701179504395,4378421
2005-05-20,15.46831684244543,15.510695380372585,15.415343670036489,15.494803428649902,5941914
2005-05-23,15.415354222110386,15.558383129313938,15.415354222110386,15.51600456237793,5491368
2005-05-24,15.547781525442605,15.547781525442605,15.388859483007192,15.46302318572998,11176865
2005-05-25,15.494805864098085,15.494805864098085,15.35707435039275,15.41004753112793,4678416
2005-05-26,15.46302530651132,15.56367561551306,15.415349433518244,15.510701179504395,7317803
2005-05-27,15.510701642949748,15.563676080541239,15.505404323570016,15.537189483642578,4881777
2005-05-31,15.568972934734512,15.568972934734512,15.473619944954226,15.510701179504395,4031279
2005-06-01,15.521288180718546,15.738480649517125,15.484206964414138,15.632533073425293,18682764
2005-06-02,15.574273177596993,15.621949059539903,15.54248925630172,15.590165138244629,4226639
2005-06-03,15.606054169284683,15.61664880772759,15.46302530651132,15.510701179504395,4204604
2005-06-06,15.478913659291537,15.55837467290179,15.436535115389454,15.54778003692627,3995580
2005-06-07,15.600757316199362,15.68021710689534,15.521296281709212,15.537189483642578,5202452
2005-06-08,15.526590764975227,15.632537124730439,15.526590764975227,15.54778003692627,6171249
2005-06-09,15.516002045283356,15.637840405459066,15.500108841466117,15.59546184539795,4126435
2005-06-10,15.568969308877312,15.621942488754916,15.484210977279298,15.54778003692627,8842765
2005-06-13,15.521292203193621,15.648430322487565,15.494805613254819,15.54778003692627,6442931
2005-06-14,15.521298731643835,15.632543699971661,15.521298731643835,15.590165138244629,3297972
2005-06-15,15.66961231959522,15.680205706858763,15.553070134177032,15.627232551574707,7133276
2005-06-16,15.574269918233796,15.717298777923999,15.574269918233796,15.706704139709473,5908677
2005-06-17,15.78396994353709,15.799957505282729,15.714695931080463,15.789299964904785,7549108
2005-06-20,15.773308911528986,15.8052827767637,15.66673353134143,15.751995086669922,2831177
2005-06-21,15.778646724401288,15.831934440812555,15.709371441887575,15.810619354248047,3163178
2005-06-22,15.869231517739353,15.890547849673963,15.78396994353709,15.789299964904785,3711465
2005-06-23,15.794627836114758,15.826600455428808,15.624104697415854,15.645421028137207,4814195
2005-06-24,15.666743857173763,15.677401402216827,15.592139790693052,15.61878490447998,4695034
2005-06-27,15.640090379388543,15.640090379388543,15.560157589527188,15.613445281982422,2754978
2005-06-28,15.650752717201549,15.752000615092784,15.634766404562756,15.730684280395508,5373931
2005-06-29,15.773303969185699,15.837250428439955,15.757317667166648,15.805277824401855,3537032
2005-06-30,15.906537971168325,15.906537971168325,15.68805707271229,15.7040433883667,4857526
2005-07-01,15.805285679876043,15.805285679876043,15.688051488957726,15.720024108886719,4179122
2005-07-05,15.746668717258006,15.863904165001587,15.672065933830483,15.847916603088379,3199123
2005-07-06,15.826603407407147,15.863906054743214,15.730684280395508,15.730684280395508,5527929
2005-07-07,15.666736148806116,15.77331154679938,15.544173189935204,15.762655258178711,7762071
2005-07-08,15.730680521974849,15.933176269376439,15.725351752368416,15.922518730163574,2798679
2005-07-11,15.986469927206933,16.06640149485612,15.885220772493383,15.99179744720459,3586765
2005-07-12,16.013113783089995,16.06107272367951,15.938509735438464,15.99179744720459,6681376
2005-07-13,15.997115397089312,16.087705696990625,15.986459113123516,16.06106185913086,2753008
2005-07-14,16.172974618899648,16.19961846893323,16.09837058762693,16.141000747680664,3672319
2005-07-15,16.188960666893124,16.19428943681359,16.071726477464168,16.183631896972656,11394136
2005-07-18,16.12501529056196,16.16231793376071,16.00778109303463,16.013111114501953,6636937
2005-07-19,16.055742168862423,16.087714792370242,16.00245321183724,16.007781982421875,4621174
2005-07-20,15.986465169396467,16.114355639573056,15.949162531083045,16.066396713256836,10014308
2005-07-21,16.039749257139956,16.087708172667753,15.954487711690014,15.981131553649902,7327404
2005-07-22,16.013109017349922,16.077054252438217,15.954491300673737,16.066396713256836,5558581
2005-07-25,16.039759318359952,16.119690894378095,15.997127893304521,16.002456665039062,2830438
2005-07-26,16.002453045366497,16.055742001837324,15.986467984957693,16.02376937866211,5911754
2005-07-27,16.061070310761938,16.061070310761938,15.975808733566366,16.04508399963379,5182141
2005-07-28,16.061075463189933,16.125020728216317,16.02910157949757,16.093048095703125,8298540
2005-07-29,16.06640146845873,16.1196891801373,15.943838480419057,15.949167251586914,5599327
2005-08-01,16.050415154955157,16.050415154955157,15.927852166915486,15.949167251586914,5210946
2005-08-02,15.938504991901663,16.066396713256836,15.938504991901663,16.066396713256836,2315019
2005-08-03,16.066398161293293,16.093042011648112,15.981136588979174,16.08771324157715,4249043
2005-08-04,15.98646788946358,16.03442682393992,15.954494015300554,15.975809097290039,6744526
2005-08-05,15.93850810892401,15.93850810892401,15.778643738760737,15.79463005065918,6716582
2005-08-08,15.794630782129563,15.85857603268473,15.709369196877118,15.730684280395508,6635582
2005-08-09,15.77331433742545,15.858575922083261,15.746670483213284,15.831932067871094,7031718
2005-08-10,15.847912516483632,15.99711929604237,15.767980983422746,15.815939903259277,5165522
2005-08-11,15.863907581726679,15.895878958902786,15.736014565948203,15.874565124511719,4689864
2005-08-12,15.847918380398394,15.879891005452993,15.752000505234596,15.831932067871094,3932676
2005-08-15,15.815938456709151,15.938501380704466,15.762650772875666,15.906527519226074,5816721
2005-08-16,15.906531717512225,15.975806975958202,15.799956321716309,15.799956321716309,14594121
2005-08-17,15.815943258922907,15.895874808942844,15.773311847733591,15.837258338928223,11855392
2005-08-18,15.79462935971846,15.869232145314347,15.751999196520812,15.8266019821167,13065219
2005-08-19,15.83192303456605,15.906525783793624,15.83192303456605,15.853238105773926,6882644
2005-08-22,15.85323910994988,15.96514449205772,15.826595269252358,15.895869255065918,6522577
2005-08-23,15.895876692682663,15.895876692682663,15.773313716949092,15.79463005065918,8087916
2005-08-24,15.74666576429901,15.847913631142458,15.613445281982422,15.613445281982422,13036906
2005-08-25,15.613457042508937,15.720033758874704,15.586813176212358,15.693389892578125,8257302
2005-08-26,15.693386662028448,15.693386662028448,15.528193473815918,15.528193473815918,16319983
2005-08-29,15.528190037449644,15.6720681051727,15.442928450540869,15.650753021240234,11118884
2005-08-30,15.560158327339234,15.613446022321197,15.46423922519314,15.512199401855469,20823227
2005-08-31,15.293725005680926,15.688057899475096,15.293725005680926,15.688057899475098,14215465
2005-09-01,15.741346530341456,15.783975455561224,15.56549455033755,15.725358963012695,19850860
2005-09-02,15.746666640384301,15.799955586982835,15.682721405880347,15.714694023132324,7385877
2005-09-06,15.773307058464063,15.906527519226074,15.762650772875666,15.906527519226074,10429032
2005-09-07,15.92251921926556,15.933176758805798,15.82127134245467,15.869230270385742,10585738
2005-09-08,15.799957735485387,15.858574208418103,15.778642654418945,15.778642654418945,7680578
2005-09-09,15.79996109813468,15.943839177132963,15.794632326733966,15.917195320129395,8127062
2005-09-12,15.959824922941896,15.965153694152832,15.906535959653581,15.965153694152832,8269119
2005-09-13,15.933179965056205,15.938508735898637,15.831932067871096,15.831932067871094,5414307
2005-09-14,15.831926209871455,15.917187762981483,15.7999535966471,15.815939903259277,8381264
2005-09-15,15.87988968611376,15.87988968611376,15.762656737320224,15.8266019821167,5711101
2005-09-16,15.924139723651248,16.058136143109618,15.865180594348637,16.052776336669922,12791813
2005-09-19,16.079589889761746,16.079589889761746,15.881274370990653,15.908073425292969,6953919
2005-09-20,15.854471517290028,16.068865158797795,15.81695159179116,15.822311401367188,23278456
2005-09-21,15.827673011264007,15.827673011264007,15.554320174860706,15.559679985046387,17675437
2005-09-22,15.554305960701589,15.677582740783691,15.436388985907158,15.677582740783691,15650934
2005-09-23,15.650791350774005,15.747269151491786,15.586473655939676,15.731189727783203,4365865
2005-09-26,15.757999308694329,15.891995854369831,15.629362574507162,15.645442008972168,7957430
2005-09-27,15.597197057518127,15.763352401302546,15.591835989847736,15.699034690856934,7322973
2005-09-28,15.699036281546997,15.741914759522025,15.570398330688477,15.570398330688477,7652019
2005-09-29,15.597205181011033,15.86519703924588,15.565045050571676,15.859838485717773,8617862
2005-09-30,15.89199018432222,15.993827824733414,15.774073115182942,15.822311401367188,6617856
2005-10-03,15.891998032405478,16.09031234312044,15.731202407250883,15.78480052947998,4219006
2005-10-04,16.052787397640653,16.052787397640653,15.586480140686035,15.586480140686035,11310428
2005-10-05,15.650798188096768,15.709757359251858,15.522161483764647,15.522161483764648,12952828
2005-10-06,15.597200709598585,15.69367729785697,15.484643431496918,15.565040588378906,12219645
2005-10-07,15.565039632546176,15.688316523995136,15.559679822416516,15.61863899230957,6118439
2005-10-10,15.677595487081605,15.677595487081605,15.452482223510744,15.452482223510742,5314473
2005-10-11,15.52216150693194,15.565039988951034,15.382805181903052,15.404244422912598,10020586
2005-10-12,15.436409532863523,15.511448165238331,15.264894276893406,15.334571838378906,12442948
2005-10-13,15.356007871319957,15.420325601639327,15.238090773934134,15.409605979919434,21803841
2005-10-14,15.447127748929198,15.586485376125474,15.447127748929198,15.581124305725098,11216133
2005-10-17,15.597199440002441,15.666876970295151,15.495361791107854,15.597199440002441,9411611
2005-10-18,15.5811160503361,15.672234063389496,15.473919868469237,15.473919868469238,6495987
2005-10-19,15.506087776954072,15.82231921504035,15.425689335143126,15.78480052947998,19473189
2005-10-20,15.838396481019355,15.870556608416491,15.581123012645023,15.645442008972168,16381902
2005-10-21,15.891991805186372,15.891991805186372,15.650797832731811,15.736556053161621,8709325
2005-10-24,15.811597718973877,16.04743194580078,15.774079037854598,16.04743194580078,9280263
2005-10-25,16.0259858858944,16.04742512313324,15.865189089669858,15.956308364868164,12154279
2005-10-26,15.972389049000942,16.122464991767192,15.902711517004773,16.063507080078125,15936157
2005-10-27,15.999190182796921,16.10102784744005,15.972391128540039,15.972391128540039,17731940
2005-10-28,16.079586785901483,16.24574089050293,16.009907999698655,16.24574089050293,20482363
2005-10-31,16.25111035488511,16.369026231974782,16.25111035488511,16.30470848083496,11654000
2005-11-01,16.310059866879904,16.310059866879904,16.186782982418546,16.24574089050293,10145533
2005-11-02,16.21358437427628,16.427979315222167,16.208224563675977,16.37973976135254,12949258
2005-11-03,16.535182888147293,16.535182888147293,16.32078786807707,16.390466690063477,10983844
2005-11-04,16.45477406600391,16.45477406600391,16.331497195961692,16.417255401611328,8035845
2005-11-07,16.508379436435277,16.567337359123325,16.44942025528018,16.556617736816406,9374188
2005-11-08,16.422622645419725,16.6155771223997,16.422622645419725,16.508380889892578,7569419
2005-11-09,16.535171031558306,16.626287780055367,16.470852068270375,16.551250457763672,10027726
2005-11-10,16.615578504265592,16.899652319436466,16.56198038355444,16.88357162475586,18624907
2005-11-11,16.899654989697975,16.980052183468008,16.856775227886498,16.942533493041992,10650120
2005-11-14,16.958601157463296,16.974680585053378,16.88356257024299,16.9532413482666,6888922
2005-11-15,16.963959205094444,17.09795567956397,16.73348491663625,16.79780387878418,16973767
2005-11-16,16.792449968775806,16.878208195608256,16.663813257760584,16.70669174194336,21732197
2005-11-17,16.754921010958082,16.937155715346247,16.706681487394945,16.904996871948242,11009325
2005-11-18,17.01756175882518,17.47314935454143,16.872844381320775,16.99076271057129,9416658
2005-11-21,17.017568873272225,17.114046745786936,16.96396949588973,17.0711669921875,7275456
2005-11-22,17.0979565047808,17.253392221312776,17.001479944602238,17.221233367919922,15687372
2005-11-23,17.23195535865449,17.446350261063262,17.194436691196294,17.35523223876953,11811322
2005-11-25,17.39276123046875,17.424921365846817,17.344522915102807,17.39276123046875,2176654
2005-11-28,17.44635539502129,17.44635539502129,17.280198730449374,17.312358856201172,19170609
2005-11-29,17.365955378216302,17.403474053279734,17.178360744432197,17.301637649536133,18621953
2005-11-30,17.312347183813756,17.312347183813756,17.038994479260154,17.081872940063477,25968807
2005-12-01,17.178354422398275,17.264111362411285,17.151555378644208,17.17299461364746,12589068
2005-12-02,17.21587769348677,17.22659731385875,17.14619890260208,17.21051788330078,7858335
2005-12-05,17.15156093291903,17.189079606324576,17.02292296430908,17.178359985351562,15691188
2005-12-06,17.258754918970524,17.301634655804694,17.114040054480405,17.124759674072266,8581793
2005-12-07,17.108676109258973,17.156914389310696,16.9103606632244,16.98539924621582,9688955
2005-12-08,16.99075681404048,17.087233354272943,16.910357180247583,16.97467613220215,9374557
2005-12-09,17.25875699749095,17.25875699749095,16.95860509583726,17.09796142578125,9121833
2005-12-12,17.10331518044484,17.140835098717023,16.96395889984279,17.022916793823242,6234400
2005-12-13,17.017564389993385,17.290915982913994,16.996123889608555,17.242677688598633,19211602
2005-12-14,17.226595083649034,17.339152341449623,17.19443622669648,17.30699348449707,11667664
2005-12-15,17.3177153454874,17.3177153454874,17.189078642556822,17.21051788330078,11066936
2005-12-16,17.317338708548764,17.344312493971103,17.220231814356108,17.252601623535156,7611765
2005-12-19,17.220224215300757,17.263383519603114,17.090748835737053,17.101539611816406,7940196
2005-12-20,17.106924224798753,17.21482052957066,17.101530739564737,17.17705726623535,5430680
2005-12-21,17.204047604083314,17.33352304124171,17.17707381856537,17.225627899169922,7313863
2005-12-22,17.26339510766791,17.344316482543945,17.209446257744684,17.344316482543945,6719783
2005-12-23,17.360490025893565,17.38746506751645,17.317331985971748,17.36588478088379,3939692
2005-12-27,17.457598421972918,17.457598421972918,17.21483189265965,17.231016159057617,8312820
2005-12-28,17.22562045142617,17.29575226345034,17.18246114658575,17.19325065612793,5012386
2005-12-29,17.24179428909588,17.25797854481101,17.150083506710132,17.17705726623535,4117326
2005-12-30,17.085351943969727,17.155485013018897,17.03679915770828,17.085351943969727,6315399
2006-01-03,17.08535422771606,17.403647291318283,17.031406680214562,17.371278762817383,17719999
2006-01-04,17.371286810811007,17.436025164477318,17.290365452068475,17.3551025390625,19258380
2006-01-05,17.3658898938472,17.425233482883726,17.349705624111454,17.414443969726562,6362054
2006-01-06,17.430624981433027,17.533126603939206,17.376676159058878,17.51694107055664,9402870
2006-01-09,17.52233649426591,17.592468314283266,17.495361450664316,17.565494537353516,8239329
2006-01-10,17.60865980789858,17.6140545654988,17.45760532841996,17.58168601989746,8345072
2006-01-11,17.468396758028312,17.684189619031294,17.468396758028312,17.678794860839844,9195078
2006-01-12,17.608648392469263,17.635623429655222,17.52772581425447,17.55470085144043,7183747
2006-01-13,17.77050090912975,17.77050090912975,17.4953645359114,17.54391860961914,7528550
2006-01-17,17.441419142796924,17.441419142796924,17.328127978944654,17.360496520996094,7335529
2006-01-18,17.263380732958908,17.45219838378596,17.24719520478838,17.311933517456055,10850896
2006-01-19,17.382074367555667,17.382074367555667,17.231019914910682,17.257993698120117,7725879
2006-01-20,17.252599315415786,17.252599315415786,16.88575208273351,16.896541595458984,26976750
2006-01-23,16.831806572461833,17.052994160306806,16.810227542754482,16.9397029876709,13649574
2006-01-24,16.993638453737788,17.10153605874065,16.988244966826205,17.01521873474121,16959733
2006-01-25,17.047588348388672,17.096141133746205,16.982850034573797,17.047588348388672,8817284
2006-01-26,17.204044699722417,17.398258456009255,17.15549189398672,17.33891487121582,14626496
2006-01-27,17.317339238315984,17.511553032642635,17.25799564189918,17.3551025390625,12404418
2006-01-30,17.338912656813257,17.355096923324883,17.301149368286133,17.301149368286133,7284073
2006-01-31,17.311942455694076,17.349705752022558,17.21483556989156,17.23641586303711,16142719
2006-02-01,17.209442361186905,17.306549255723763,17.144704009271585,17.225627899169922,13474526
2006-02-02,17.214831876992097,17.236412165508277,17.079961723793232,17.106935501098633,17747327
2006-02-03,17.155497772195005,17.166287288277665,16.928915401114214,17.03681182861328,15270063
2006-02-06,17.020613628949604,17.096141452027826,17.020613628949604,17.085351943969727,9126634
2006-02-07,17.058380407011697,17.12311873050699,16.966668309839896,16.972063064575195,9067177
2006-02-08,16.950482592814513,17.10153824579939,16.950482592814513,17.079957962036133,11276452
2006-02-09,17.085358609337668,17.247202560019506,17.079963853204006,17.123123168945312,7923701
2006-02-10,17.101545458478903,17.23101961563544,17.02062157691183,17.220230102539062,6550151
2006-02-13,17.182460833911474,17.204039852603156,17.079959228454317,17.155487060546875,18027749
2006-02-14,17.18246827304094,17.43062962877978,17.166284002015217,17.360496520996094,18669346
2006-02-15,17.382067224085034,17.479174070403356,17.317330170987233,17.462989807128906,16644351
2006-02-16,17.45759816296266,17.565494537353516,17.43062438603291,17.565494537353516,9676768
2006-02-17,17.560099658974817,17.597862946411972,17.436019019295184,17.495361328125,9473161
2006-02-21,17.462994810625254,17.543917416855063,17.419836762861078,17.441415786743164,14553744
2006-02-22,17.635622442020345,17.792071568913997,17.484566802255987,17.770492553710938,22394968
2006-02-23,17.77589086691232,17.82444493097288,17.62483645280886,17.705759048461914,9125895
2006-02-24,17.71115982349477,17.79747720375127,17.662607009603626,17.743528366088867,9338858
2006-02-27,17.748918479252936,17.82444632554984,17.748918479252936,17.77589225769043,11734508
2006-02-28,17.72194402017313,17.738128286614042,17.55470533361183,17.60325813293457,15690203
2006-03-01,17.657211600992262,17.694974899291992,17.608657522220412,17.694974899291992,6728277
2006-03-02,17.61944472428669,17.61944472428669,17.51154960044369,17.58707618713379,17965706
2006-03-03,17.53852385328184,17.64642024669985,17.489969779574103,17.54391860961914,13546047
2006-03-06,17.54391425549857,17.592467050484213,17.436017888858725,17.489965438842773,17043687
2006-03-07,17.43062669069742,17.560102103751216,17.419837178498938,17.549312591552734,26680694
2006-03-08,17.565502942781897,17.597871490586567,17.446817000825657,17.560108184814453,10367236
2006-03-09,17.560102046262585,17.614049607078382,17.441416145795827,17.452205657958984,7940196
2006-03-10,17.506158083556514,17.64102828974706,17.452210507749243,17.608659744262695,9605493
2006-03-13,17.657207315547417,17.70036536027255,17.56549520383462,17.61404800415039,12916268
2006-03-14,17.62483422945766,17.819047927856445,17.619439474872785,17.819047927856445,17439577
2006-03-15,17.78668582699303,17.87300193153856,17.721947481911766,17.840633392333984,23877830
2006-03-16,17.894583240178523,17.975504592783665,17.883792459825653,17.89997673034668,14009888
2006-03-17,17.914619396986744,17.952585220336914,17.887500951736623,17.952585220336914,8742685
2006-03-20,17.93089208212378,17.99055394052299,17.865807807650636,17.96343421936035,9054374
2006-03-21,17.94716055981581,17.958007937328695,17.762753868631457,17.784448623657227,10612574
2006-03-22,17.757330905688182,17.941737604409976,17.75190721671005,17.925466537475586,8927212
2006-03-23,17.87122621196271,17.88207486207174,17.784447198812146,17.83868408203125,10013077
2006-03-24,17.80071745406833,17.892921424811888,17.751904261391523,17.83325958251953,12086450
2006-03-27,17.822420120239258,17.85496226314048,17.76818321540389,17.822420120239258,8242530
2006-03-28,17.822412841578146,17.876650997728404,17.643429855252243,17.67597198486328,13887403
2006-03-29,17.773595279557142,17.795290027299995,17.638001832699423,17.75732421875,6550767
2006-03-30,17.692250455707544,17.8061492304898,17.61631878816319,17.648860931396484,10008276
2006-03-31,17.659707213761013,17.735638876581216,17.627165072552355,17.65428352355957,9100291
2006-04-03,17.654278041788242,17.822413659291392,17.638006976236188,17.681396484375,17761607
2006-04-04,17.681404436847227,17.898354622048338,17.638014909193338,17.871234893798828,5489768
2006-04-05,17.882079502557076,17.952587469039063,17.838688711256466,17.90377426147461,10001506
2006-04-06,18.033939408550438,18.033939408550438,17.768176133846417,17.83868408203125,14073654
2006-04-07,17.909196171355834,17.925467238926938,17.64343285409699,17.670551300048828,15008229
2006-04-10,17.71393995292695,17.795296560295107,17.659703063658412,17.703092575073242,8589795
2006-04-11,17.779026977805056,17.779026977805056,17.518687340650793,17.55122947692871,11979107
2006-04-12,17.556653115281506,17.64343341856919,17.545805736553724,17.589195251464844,8625986
2006-04-13,17.567497557396987,17.638006780806567,17.534955426653447,17.61631202697754,6869965
2006-04-17,17.6488587327227,17.68682456176514,17.551231041719433,17.60004425048828,7458260
2006-04-18,17.670550608572732,17.941737604409976,17.632584785725818,17.925466537475586,16304226
2006-04-19,17.9634356053962,17.99055532865136,17.87665656606958,17.94716453552246,11333325
2006-04-20,17.952588170410934,18.066486932643333,17.90919865088072,17.985130310058594,5373561
2006-04-21,18.093604041772135,18.093604041772135,17.746484090852217,17.96343421936035,6024760
2006-04-24,18.13699179871248,18.13699179871248,17.757329774042507,17.968854904174805,6810631
2006-04-25,17.968851382889838,17.968851382889838,17.80613948233594,17.860376358032227,8725328
2006-04-26,17.79529857017257,17.968857908899782,17.79529857017257,17.96343421936035,6675959
2006-04-27,17.914620539565046,18.278011549489552,17.887502092585336,18.245468139648438,21775528
2006-04-28,18.16952881872824,18.489528904947377,18.16952881872824,18.41901969909668,16492446
2006-05-01,18.435301266516404,18.45699602580781,18.088181297457226,18.13157081604004,16759696
2006-05-02,18.22377338206467,18.256315518440324,18.164112798709308,18.245468139648438,4896426
2006-05-03,18.250894488507402,18.278012937546524,18.15868921484327,18.229198455810547,5726120
2006-05-04,18.2346208203993,18.337672192724163,18.2346208203993,18.26716423034668,10429278
2006-05-05,18.337672289870728,18.549198725054698,18.337672289870728,18.527503967285156,14808930
2006-05-08,18.55462379877187,18.560047488618892,18.429877658824804,18.45157241821289,10281189
2006-05-09,18.424447404131925,18.5058027228494,18.424447404131925,18.484107971191406,12726324
2006-05-10,18.467840432814285,18.52750228472786,18.364789069302002,18.494958877563477,10461900
2006-05-11,18.484112540642116,18.484112540642116,18.1315689186522,18.19123077392578,10598048
2006-05-12,17.898354489772405,18.19123634620331,17.898354489772405,18.00682830810547,10406628
2006-05-15,17.974282537711783,18.147843158974155,17.974282537711783,18.13157081604004,6753635
2006-05-16,18.14784182477604,18.196655029593042,18.033943073404238,18.109874725341797,9561546
2006-05-17,17.990560416036814,18.017678873494962,17.692253563599326,17.746490478515625,13422578
2006-05-18,17.76275585804022,17.827840130406894,17.583771562100953,17.589195251464844,8360460
2006-05-19,17.692243861409704,17.762753085600526,17.572921440562716,17.681396484375,12222599
2006-05-22,17.64343371447927,17.719365366847224,17.49156913627788,17.638010025024414,12672653
2006-05-23,17.703094053024454,17.768179599045748,17.540382098169406,17.55122947692871,9384775
2006-05-24,17.518685151639307,17.68139708616302,17.410210104135064,17.562074661254883,13323113
2006-05-25,17.654279897211346,17.73021281789989,17.600041732872274,17.719364166259766,6981001
2006-05-26,17.81156841445829,17.87122899529105,17.7410604552923,17.865806579589844,4869713
2006-05-30,17.887503633634886,17.887503633634886,17.594620560625078,17.60004425048828,9413457
2006-05-31,17.65970629409221,17.746485332796084,17.556654912165776,17.724790573120117,6483062
2006-06-01,17.713939036853358,17.958007572870518,17.713939036853358,17.930889129638672,4518016
2006-06-02,17.84411149841191,18.071909002454866,17.84411149841191,18.03394317626953,12643847
2006-06-05,17.947157857437315,18.001396010300187,17.724784104976298,17.741056442260742,8061819
2006-06-06,17.789870139274456,17.83325964402571,17.524106875742728,17.69766616821289,23200411
2006-06-07,17.675967641249418,17.90918872641486,17.66512026737799,17.75732421875,10925987
2006-06-08,17.7085184132752,17.844111926368825,17.540382762670834,17.789875030517578,28709259
2006-06-09,17.76275147874622,17.86580282471892,17.70308963698723,17.730209350585938,11772669
2006-06-12,17.735626014382973,17.77359309172431,17.529524662730935,17.534948348999023,9561177
2006-06-13,17.49156753994337,17.6000413191408,17.144447626115525,17.193262100219727,24357797
2006-06-14,17.220377841656273,17.280038410848967,16.911223799080464,17.090208053588867,18993099
2006-06-15,17.247495233903862,17.507834794215356,17.17698601931467,17.469867706298828,15685648
2006-06-16,17.484601623257007,17.484601623257007,17.304573436991877,17.359127044677734,10174461
2006-06-19,17.35912634493072,17.46823483680607,17.20091960811725,17.239107131958008,7099054
2006-06-20,17.25001476875377,17.408221477279888,17.244559409180503,17.2882022857666,22578140
2006-06-21,17.320941388194118,17.49551423252674,17.288207939148926,17.430049896240234,15107817
2006-06-22,17.370033606532477,17.424587201154132,17.310023371547164,17.364578247070312,3410732
2006-06-23,17.29367089056294,17.359135250732447,17.206383796101186,17.25002670288086,5009308
2006-06-26,17.277298303430445,17.402772903442383,17.239110771527425,17.402772903442383,5158506
2006-06-27,17.375496618956344,17.424594875740947,17.22274520583552,17.23365592956543,4800038
2006-06-28,17.320940954471343,17.33185167691255,17.211831168255436,17.32639503479004,5785946
2006-06-29,17.413683779080664,17.708277156185467,17.375496246843795,17.691909790039062,11568569
2006-06-30,17.746462052907503,17.773738857597266,17.610076748556853,17.64280891418457,7769333
2006-07-03,17.66462559753512,17.855565740711093,17.66462559753512,17.850109100341797,4077195
2006-07-05,17.70282502310788,17.741013845974905,17.610083849765118,17.68100357055664,5988692
2006-07-06,17.664625159834962,17.790099705386794,17.664625159834962,17.735546112060547,4241411
2006-07-07,17.648258209228516,17.80646490295365,17.63189213203985,17.648258209228516,3649669
2006-07-10,17.686455944552073,17.795564469770472,17.686455944552073,17.768287658691406,3758735
2006-07-11,17.691909064663854,17.790106853005973,17.58280183417481,17.773740768432617,5804534
2006-07-12,17.828283025886975,17.828283025886975,17.56096791968218,17.59915542602539,6619579
2006-07-13,17.511875074247765,17.539151872868235,17.315480843278834,17.32093620300293,11400168
2006-07-14,17.304581617257856,17.370045977427367,17.17910697936389,17.25002670288086,9368033
2006-07-17,17.200920670091666,17.32093989047429,17.15182114122042,17.282751083374023,6106622
2006-07-18,17.35366836134749,17.375489800243866,17.179095569274935,17.32093620300293,8530461
2006-07-19,17.370036109500216,17.790102691321728,17.36458074925195,17.779191970825195,40039875
2006-07-20,17.784647980223415,17.839201584697314,17.691905571716067,17.70827293395996,15552085
2006-07-21,17.7082746829503,17.762828292812284,17.55006665254684,17.610076904296875,16533069
2006-07-24,17.68645149633212,17.85557024429249,17.637353248738226,17.839202880859375,11416417
2006-07-25,17.839210275925716,17.93195272961701,17.74646910313677,17.882854461669922,8844489
2006-07-26,17.882840569991167,17.931938799797962,17.795553547211075,17.861019134521484,5503678
2006-07-27,17.948308878958567,17.98104232036416,17.751914635033195,17.757369995117188,9565486
2006-07-28,17.89375570652812,18.139249477988635,17.888300346313514,18.07378387451172,14383373
2006-07-31,18.111971203593626,18.11742784465193,18.002864000460697,18.046506881713867,8948878
2006-08-01,17.975589346322938,18.0410549615872,17.88830356717313,17.99195671081543,7718493
2006-08-02,18.01922763923981,18.068325873996585,17.937395967077034,18.024682998657227,7259699
2006-08-03,17.948311390033947,18.139251581490633,17.948311390033947,18.101062774658203,7380461
2006-08-04,18.28654965663355,18.4393010583933,18.073787997920565,18.139253616333008,19989840
2006-08-07,18.139251581490633,18.15016230318509,18.046509166185903,18.101062774658203,4076580
2006-08-08,18.15561251011511,18.199255384503843,17.94285093566711,17.970129013061523,10953069
2006-08-09,18.095606163029647,18.139249043701586,17.74100391486521,17.757369995117188,10111680
2006-08-10,17.735547514419366,17.882843508948465,17.68099263587797,17.844655990600586,12115379
2006-08-11,17.801018450635738,17.833751902292658,17.71373138105403,17.79010772705078,6336819
2006-08-14,17.88284302929536,17.97558414279557,17.779189915658304,17.811922073364258,6748958
2006-08-15,18.030134804310944,18.335637433274425,17.99740265425798,18.11196517944336,10760910
2006-08-16,18.221084656621866,18.242906101665287,18.128342234285416,18.210172653198242,5888119
2006-08-17,18.193795825688163,18.28653819325876,18.15015296137313,18.270172119140625,6555814
2006-08-18,18.286549833006625,18.297460556030273,18.210173490939123,18.297460556030273,7479802
2006-08-21,18.27563723393595,18.27563723393595,18.182894816853256,18.226537704467773,4727532
2006-08-22,18.22107696533203,18.270175195954895,18.155611376933503,18.22107696533203,6325617
2006-08-23,18.210175413180963,18.24290886660918,18.128344981865702,18.166532516479492,4746121
2006-08-24,18.226537704467773,18.259271151080505,18.18835017780507,18.226537704467773,4821458
2006-08-25,18.171984563544612,18.188350646822084,18.111974310625342,18.128341674804688,4463729
2006-08-28,18.111976202366975,18.29746106068874,18.106522121606698,18.259273529052734,11596882
2006-08-29,18.221078735672926,18.221078735672926,18.079236827178466,18.182889938354492,17294196
2006-08-30,18.215633915928898,18.286554916198792,18.210178552900622,18.237455368041992,4856418
2006-08-31,18.237450801501577,18.27018425237731,18.204718631527857,18.259273529052734,4162627
2006-09-01,18.32473423120841,18.32473423120841,18.226536459879277,18.28654670715332,3034169
2006-09-05,18.302916287028406,18.412024800369455,18.27563947891864,18.352014541625977,9705573
2006-09-06,18.275641359738906,18.493858408878605,18.24836454882198,18.292007446289062,6858886
2006-09-07,18.22108271289161,18.264724317421077,18.133795661127348,18.150161743164062,8959341
2006-09-08,18.155616925110255,18.270180779141228,18.062874513580084,18.253814697265625,6832419
2006-09-11,18.22108312592658,18.292002816359958,18.199260401814502,18.264724731445312,4257044
2006-09-12,18.2865567093218,18.526593987005505,18.275645982195382,18.499317169189453,7997561
2006-09-13,18.526588517623505,18.67388585215027,18.439302726380475,18.635698318481445,8542032
2006-09-14,18.57023184756701,18.679340362548828,18.553865762455036,18.679340362548828,3825456
2006-09-15,19.197257594310766,19.202744039239395,18.71444657599063,18.736391067504883,7382923
2006-09-18,18.69250376327079,18.774801744134948,18.648612193850205,18.71445083618164,9313623
2006-09-19,18.955853457403535,18.955853457403535,18.643123486805763,18.747365951538086,7713815
2006-09-20,18.81321283936863,18.906483742195476,18.785780599772785,18.873563766479492,9690678
2006-09-21,18.8735627895087,18.92294210642612,18.708968072252734,18.74188804626465,6461027
2006-09-22,18.741878770057127,18.80771610909326,18.69798592249944,18.774797439575195,7961369
2006-09-25,18.879049955112766,19.01072469437965,18.79126550740065,18.966833114624023,7118627
2006-09-26,18.977806449458217,19.071077346801758,18.90099618310545,19.071077346801758,7658913
2006-09-27,19.01620777624042,19.06558579138129,18.933909796138426,18.983287811279297,6000140
2006-09-28,18.933914706688356,19.07107718363136,18.933914706688356,19.049131393432617,3996811
2006-09-29,18.829672401472752,19.17532248899143,18.829672401472752,18.9942684173584,6330171
2006-10-02,18.96682631038062,19.021692053593235,18.87904318236107,18.950366973876953,4536481
2006-10-03,18.961343811430368,19.180804253557802,18.944884471500913,19.136911392211914,8250778
2006-10-04,19.32894258485464,19.367347717285156,19.087536318889686,19.367347717285156,14697525
2006-10-05,19.405748319360484,19.553882357176438,19.285045222569227,19.356369018554688,10687542
2006-10-06,19.29601760414726,19.31796338694724,19.241151858946864,19.290531158447266,6333126
2006-10-09,19.28504703923825,19.372830181028068,19.219208394695286,19.34539794921875,4485395
2006-10-10,19.378316627389932,19.40575014739985,19.290533485600115,19.34539794921875,6821710
2006-10-11,19.071069853635073,19.34539470208388,19.071069853635073,19.296016693115234,7388216
2006-10-12,19.334429276626164,19.4331866208961,19.334429276626164,19.400266647338867,6476045
2006-10-13,19.345400471140362,19.471590042114258,19.345400471140362,19.471590042114258,4953544
2006-10-16,19.405754137916535,19.422213480386755,19.33991547983479,19.367347717285156,6320200
2006-10-17,19.350888374814936,19.41672703289668,19.268591662463837,19.367347717285156,6891754
2006-10-18,19.449646746958503,19.52645701588372,19.30699781646788,19.42221450805664,7018177
2006-10-19,19.389286265611567,19.389286265611567,19.208232277859477,19.296016693115234,8025012
2006-10-20,19.29602544906377,19.301511896994313,19.19178165018247,19.274078369140625,8718681
2006-10-23,19.213726142118656,19.42770017333671,19.202753246999873,19.400266647338867,4841769
2006-10-24,19.36186494797304,19.400270087699386,19.301514014117355,19.394784927368164,3734362
2006-10-25,19.41673036607715,19.477081298828125,19.334432351397467,19.477081298828125,5660261
2006-10-26,19.510000649127377,19.619730909676996,19.422217471248587,19.61424446105957,11989201
2006-10-27,19.58680379864966,19.58680379864966,19.41123623015809,19.466100692749023,5312134
2006-10-30,19.438671359651703,19.531942248163045,19.40575267718915,19.471590042114258,9933801
2006-10-31,19.526452348213898,19.575831654634385,19.438669204711914,19.438669204711914,9728224
2006-11-01,19.526448863293293,19.55936882443188,19.27955752805649,19.317962646484375,11319784
2006-11-02,19.301511816009686,19.33443050345483,19.202754465473294,19.263105392456055,4528357
2006-11-03,19.32345760763978,19.367349190899972,19.16983577802815,19.263105392456055,4709191
2006-11-06,19.312486636771492,19.515486517784584,19.27408020938975,19.488054275512695,9460727
2006-11-07,19.504503129790773,19.60326043705108,19.493530238784114,19.531936645507812,4722239
2006-11-08,19.449649714335706,19.64716444096525,19.449649714335706,19.61424446105957,3910518
2006-11-09,19.614237117167857,19.614237117167857,19.44964243207094,19.482561111450195,4959084
2006-11-10,19.537427737695033,19.64167022705078,19.504507768645144,19.64167022705078,6402431
2006-11-13,19.55388752528815,19.702024178657727,19.55388752528815,19.619726181030273,4200541
2006-11-14,19.575827557996686,19.756881541780942,19.49901603530619,19.734935760498047,7786321
2006-11-15,19.702031174658075,19.75689566709101,19.66911247919831,19.707517623901367,4036203
2006-11-16,19.839195342013237,19.899547576904297,19.762383758024995,19.899547576904297,11170217
2006-11-17,19.855643769038252,19.855643769038252,19.751399993896484,19.751399993896484,12754637
2006-11-20,19.80626888315966,19.915999129483705,19.784324379736006,19.877593994140625,13273750
2006-11-21,19.888566646799536,19.888566646799536,19.800783481374292,19.844675064086914,4275632
2006-11-22,19.84467332067911,19.91599713632113,19.789807558907487,19.866619110107422,2484035
2006-11-24,19.751391542853632,19.833689496058067,19.723959321185525,19.767850875854492,2504100
2006-11-27,19.773342598101056,19.773342598101056,19.455124897943154,19.46061134338379,9614110
2006-11-28,19.499024350492405,19.531944324655537,19.367348318442588,19.49353790283203,8988270
2006-11-29,19.559379974885328,19.67459668405237,19.504514200509952,19.61424446105957,5148781
2006-11-30,19.55387576601742,19.674580110322516,19.482551994073553,19.575822830200195,4428276
2006-12-01,19.56485509495621,19.62520599480318,19.3289353646082,19.46061134338379,10386439
2006-12-04,19.531935995430892,19.76785443242239,19.520963104789445,19.734935760498047,8233544
2006-12-05,19.751397391723263,19.839181815256424,19.68007230606497,19.828208923339844,10037943
2006-12-06,19.817245424858868,19.883084100046382,19.806272527027815,19.85565185546875,3267566
2006-12-07,19.894045482659664,19.976343456957434,19.773343676383597,19.80626106262207,5468471
2006-12-08,19.762375322122093,19.910510688964052,19.7349430853367,19.866619110107422,6413387
2006-12-11,19.91050641988676,20.014750185520843,19.899534815725897,19.97634506225586,10900874
2006-12-12,19.915990142035223,20.025720338841545,19.88855791488374,19.992801666259766,7699043
2006-12-13,20.02572241897792,20.09704750518093,19.981830850976387,20.01474952697754,4945666
2006-12-14,20.020240726671602,20.18483543395996,19.987322042854093,20.18483543395996,7145586
2006-12-15,20.307021552724457,20.318078903249432,20.19644674935887,20.23514747619629,8292755
2006-12-18,20.295962667202822,20.37889408798381,20.268319292981065,20.33466339111328,6471367
2006-12-19,20.26832472251974,20.367842194492816,20.218566635591234,20.318082809448242,13315481
2006-12-20,20.340195412794976,20.389954792697417,20.25726527648413,20.38442611694336,5199498
2006-12-21,20.401011327942157,20.423126030073554,20.279379168103603,20.29596519470215,6326109
2006-12-22,20.290430404239533,20.295959078106204,20.141154911723905,20.196441650390625,4097137
2006-12-26,20.235142870870305,20.378890991210938,20.224085522861877,20.378890991210938,5110497
2006-12-27,20.439705011052276,20.53369376082842,20.428647663798074,20.52263641357422,5211439
2006-12-28,20.47841370642317,20.53370176235413,20.395483569700634,20.42865562438965,8430380
2006-12-29,20.406532617172914,20.45629067895824,20.30148652195515,20.312543869018555,4283265
2007-01-03,20.43418211409022,20.561342941576846,20.25726320989327,20.412067413330078,9365079
2007-01-04,20.40101085989504,20.41206821070706,20.25726400122298,20.34572410583496,6646292
2007-01-05,20.290432771552975,20.334662167646655,20.146685936132876,20.185386657714844,7977372
2007-01-08,20.190910462122154,20.290427877444692,20.05822100773054,20.273841857910156,4427415
2007-01-09,20.273847020049537,20.351248464252038,20.130100182700662,20.24067497253418,5997309
2007-01-10,20.141154858999208,20.32360239423726,20.13562618514701,20.307016372680664,3614216
2007-01-11,20.312549066443697,20.434181213378906,20.29596304160468,20.434181213378906,4623513
2007-01-12,20.35677886877068,20.478409712240413,20.35677886877068,20.456295013427734,8028582
2007-01-16,20.456287673542956,20.51157569885254,20.428644309945774,20.51157569885254,5315827
2007-01-17,20.48393968505927,20.544755106794135,20.412065615802376,20.456295013427734,4927693
2007-01-18,20.494995628112147,20.51158165108353,20.362304848109858,20.373363494873047,5029004
2007-01-19,20.40100916370087,20.450767238217924,20.356779764130152,20.434181213378906,4202880
2007-01-22,20.456291811835882,20.478406507187415,20.362303058476392,20.417591094970703,5728582
2007-01-23,20.351251863782128,20.445240645558115,20.31807981072562,20.406539916992188,7704706
2007-01-24,20.40100902726956,20.616628646850586,20.378894327632093,20.616628646850586,5148904
2007-01-25,20.62216390169286,20.63322125434364,20.290439427821298,20.318082809448242,15347739
2007-01-26,20.32913252180878,20.412063933637608,20.207500390247105,20.35677719116211,9816486
2007-01-29,20.345715621924448,20.384416333628792,20.229612188696116,20.25725555419922,13643419
2007-01-30,20.268319292981065,20.367836738295107,20.24620459360366,20.33466339111328,7687718
2007-01-31,20.33466736891241,20.55028832625259,20.273851933728032,20.500530242919922,15289143
2007-02-01,20.55581410773127,20.644274208204884,20.539228082289178,20.633216857910156,18404066
2007-02-02,20.638744911784293,20.699560336574613,20.61662891374479,20.671916961669922,7704460
2007-02-05,20.688506075906677,20.705092103326187,20.58345993746717,20.666391372680664,5309672
2007-02-06,20.688509510424662,20.77696963613,20.66086612680304,20.76038360595703,9894778
2007-02-07,20.776956962513644,20.870944409496285,20.760370942457882,20.837772369384766,5616561
2007-02-08,20.782488927617145,20.793547574878684,20.66085808701241,20.771432876586914,6929176
2007-02-09,20.738255190562526,20.84329997888749,20.42864560431147,20.550277709960938,21979751
2007-02-12,20.583460381807704,20.605575085511113,20.445242185545425,20.500530242919922,11936268
2007-02-13,20.528169112510323,20.69403065196208,20.511583088376714,20.64980125427246,12937195
2007-02-14,20.68850212556511,20.904123037079145,20.677444776063435,20.848834991455078,12212751
2007-02-15,20.87094834274066,20.915179036006908,20.81566159880237,20.88200569152832,12006928
2007-02-16,20.821190153454484,20.88200557143686,20.793546781644313,20.87647819519043,6764837
2007-02-20,20.843307971777353,21.003642148514434,20.384424036672886,20.9870548248291,6508666
2007-02-21,20.89858627319336,20.95387430085152,20.854356889559053,20.89858627319336,5231258
2007-02-22,20.948353792113203,20.9815258427671,20.799078266054888,20.815664291381836,11642552
2007-02-23,20.82671646211453,20.837773809582597,20.56686620038405,20.622154235839844,20234563
2007-02-26,20.71615201014019,20.743795392582335,20.389957501090663,20.472888946533203,21959686
2007-02-27,20.22409161875734,20.340195105956997,19.3063236687332,19.516414642333984,37054454
2007-02-28,19.743088712450252,20.00293900954761,19.649099948063903,19.875778198242188,26681186
2007-03-01,19.626984252191804,19.93106392972046,19.461122727913956,19.853662490844727,32203945
2007-03-02,19.83155358885204,19.897899001161587,19.626991271972656,19.626991271972656,15158657
2007-03-05,19.44453598322333,19.676741589343116,19.090696952870264,19.31737518310547,21501508
2007-03-06,19.521937203125756,19.781787474485146,19.47217913767564,19.720972061157227,23815665
2007-03-07,19.70438597968431,19.781788717809356,19.582755145383736,19.604869842529297,14010257
2007-03-08,20.002943216564287,20.002943216564287,19.726506837867323,19.78179359436035,24346841
2007-03-09,19.90895143635387,19.936596108556106,19.737561218901728,19.8315486907959,11761343
2007-03-12,19.765204592988248,19.903422761536568,19.69333182036329,19.8315486907959,17742649
2007-03-13,19.671214846587056,19.693329543299235,19.129398286560843,19.239973068237305,55831266
2007-03-14,19.239971279023695,19.37266074507293,18.89719091563051,19.28420066833496,49895631
2007-03-15,19.3063236687332,19.610403426851025,19.295265019275977,19.516414642333984,38821062
2007-03-16,19.576369080816352,19.60412883515273,19.309872832025444,19.4431209564209,23623136
2007-03-19,19.570819854736328,19.654100432921215,19.4542275667099,19.570819854736328,19648360
2007-03-20,19.581920022127623,19.781792850206685,19.5652641703845,19.74847984313965,17005896
2007-03-21,19.765140283102475,20.309235441206486,19.731827270499366,20.198196411132812,41179658
2007-03-22,20.242607710545393,20.264815511828832,20.037184245092845,20.076047897338867,20898072
2007-03-23,20.042726743857724,20.17597610454992,20.02052025518262,20.098247528076172,15015984
2007-03-26,20.070502027518735,20.153781307561683,19.853973292244827,19.99832534790039,20591183
2007-03-27,19.970565134289732,19.98166903804325,19.84842088941991,19.87618064880371,7700028
2007-03-28,19.76513904119205,19.865074161979095,19.559714241301283,19.626338958740234,21499784
2007-03-29,19.77069331574444,19.876180400082873,19.620788009785567,19.726276397705078,17217135
2007-03-30,19.798451355684616,19.881731929143744,19.55416289021341,19.781795501708984,14556206
2007-04-02,19.765144408472626,19.765144408472626,19.498648073510832,19.598583221435547,14561130
2007-04-03,19.77069343101611,19.903941578748945,19.731828464557434,19.84286880493164,16612222
2007-04-04,19.837316853091984,19.91504417884717,19.781797334695423,19.84286880493164,14399623
2007-04-05,19.837325155576487,19.898396651372863,19.770701705616805,19.853981018066406,6649862
2007-04-09,19.903941919730553,19.90949387166532,19.80400548132361,19.848421096801758,7637370
2007-04-10,19.848417618359626,19.94280208829089,19.848417618359626,19.9372501373291,11994372
2007-04-11,19.931698804434195,19.931698804434195,19.70961815191439,19.77069091796875,13683427
2007-04-12,19.737384796142578,19.781801724297075,19.615241828566496,19.737384796142578,12340406
2007-04-13,19.765140122864437,19.881732407077575,19.748482964907424,19.820659637451172,19034461
2007-04-16,19.99832299957567,20.309234882389088,19.99832299957567,20.30368423461914,39918991
2007-04-17,20.303681382203482,20.398064541909445,20.23150472120049,20.298128128051758,15461483
2007-04-18,20.375860806606376,20.60349343261146,20.325893241494498,20.53131675720215,31112540
2007-04-19,20.45914539775404,20.553528594808814,20.348105038814175,20.50356101989746,17748558
2007-04-20,20.62570470121666,20.675672274715264,20.53132020324914,20.60904884338379,20996552
2007-04-23,20.609042923728612,20.692322188972163,20.531314305920404,20.55352210998535,11672834
2007-04-24,20.57017741758396,20.586833269135496,20.353648740252467,20.492448806762695,15632223
2007-04-25,20.553527022328108,20.781159675560357,20.520215308269105,20.770055770874023,19044801
2007-04-26,20.736745834350586,20.78116145690319,20.62015352156869,20.736745834350586,9484363
2007-04-27,20.659013597391123,20.731190275064325,20.581286271445773,20.708982467651367,11863393
2007-04-30,20.703431512908136,20.764504293661634,20.52576773028031,20.547975540161133,18614690
2007-05-01,20.542417044661907,20.653457362279465,20.41472087493884,20.586833953857422,14056789
2007-05-02,20.6256992487924,20.747843477525752,20.54797062920539,20.67566680908203,10986183
2007-05-03,20.797814019929866,20.8699893951416,20.70342953337957,20.8699893951416,12545244
2007-05-04,20.914403711165473,20.95881932115228,20.853332247433613,20.942163467407227,10915031
2007-05-07,20.95882292969795,21.019895707525844,20.914407312063965,20.969926834106445,5842449
2007-05-08,20.919947013449345,20.942154809261346,20.83111452662093,20.925498962402344,7468477
2007-05-09,20.942169833055527,21.05876214829161,20.875546397824245,21.03655433654785,14572824
2007-05-10,20.93661743941862,21.01434608246699,20.736745834350586,20.736745834350586,15886547
2007-05-11,20.82557350656059,20.958820343017578,20.82557350656059,20.958820343017578,16812136
2007-05-14,20.975479012632423,20.98658161288954,20.74784637678669,20.85888671875,37213869
2007-05-15,20.881094678322153,20.99213502109321,20.7645023835916,20.808917999267578,20241333
2007-05-16,20.908847420214993,21.04764747619629,20.84222271548202,21.04764747619629,19635558
2007-05-17,20.975476478478278,20.99213233222333,20.89774785742042,20.942163467407227,7514024
2007-05-18,21.0421052182647,21.0421052182647,20.942168766924038,20.99768829345703,12362071
2007-05-21,21.008787836579565,21.06430734813975,20.942163119126416,21.0198917388916,16396428
2007-05-22,21.04210628948379,21.09762581884319,20.95327504250875,21.03655433654785,15239165
2007-05-23,21.003235885423546,21.15313987021697,20.99213198311151,21.0198917388916,20107400
2007-05-24,21.058759819107177,21.09762348536028,20.758951786563713,20.831127166748047,24805266
2007-05-25,20.820021827687324,20.89775045841953,20.770054260233046,20.8699893951416,11255895
2007-05-29,20.91440473086525,20.969924246055662,20.847781312636755,20.958820343017578,9929985
2007-05-30,20.83112407173197,21.103172302246094,20.83112407173197,21.103172302246094,16626748
2007-05-31,21.158693191780845,21.180900997843274,20.986580087634984,21.04210090637207,13721342
2007-06-01,21.075407774396364,21.14758443110113,21.030992172473866,21.108720779418945,8891390
2007-06-04,21.04209246412238,21.080957412719727,21.014332717681764,21.080957412719727,12312831
2007-06-05,20.92551080179246,21.030999195163876,20.89775104132133,20.953271865844727,17915974
2007-06-06,20.87554259361206,20.87554259361206,20.725638588077786,20.775606155395508,18752069
2007-06-07,20.697874618715087,20.797809733024724,20.370305611068755,20.425825119018555,31728533
2007-06-08,20.448035418094943,20.670116084163084,20.386963951895755,20.66456413269043,22664803
2007-06-11,20.653460894826807,20.808916844648092,20.547972509868462,20.758949279785156,24159975
2007-06-12,20.620157386526817,20.79226925975942,20.431389651715083,20.475805282592773,25845214
2007-06-13,20.547970078494092,20.875539097911837,20.547970078494092,20.86443519592285,15413228
2007-06-14,20.80891935746056,20.942167516766677,20.792263500494943,20.831127166748047,23017607
2007-06-15,21.051070765736636,21.051070765736636,20.889182655091297,20.905929565429688,11822770
2007-06-18,20.967331879496765,21.023154902417854,20.8501022206552,20.90034294128418,9990181
2007-06-19,20.822197458700042,20.989667892456055,20.79428462748429,20.989667892456055,10070934
2007-06-20,20.984083452859586,21.034325498507,20.543078824750822,20.621231079101562,25588058
2007-06-21,20.59889537780234,20.682631220377846,20.375600671405802,20.65471839904785,47156286
2007-06-22,20.593322462056474,20.593322462056474,20.2639625544649,20.392356872558594,47396331
2007-06-25,20.286295020074128,20.48725931804521,20.090911716596835,20.230470657348633,40562066
2007-06-26,20.247212521833454,20.342111680445225,20.040664672851562,20.040664672851562,36617449
2007-06-27,20.040664581307734,20.342111587524414,19.98484023637767,20.342111587524414,36680599
2007-06-28,20.342110456855426,20.453757829802345,20.18580465901273,20.308616638183594,32559827
2007-06-29,20.330946576137652,20.43142803573882,19.9848398387222,20.196969985961914,37310133
2007-07-02,20.48166727437753,20.498414182020095,20.202549525586697,20.370019912719727,18315064
2007-07-03,20.442588912167505,20.565400865436914,20.442588912167505,20.54865264892578,18100132
2007-07-05,20.375612258911133,20.515171202098607,20.330953816517695,20.375612258911133,24871247
2007-07-06,20.375604800876683,20.481669873446332,20.291868941330645,20.47608757019043,16083138
2007-07-09,20.45934583929383,20.487257362638584,20.35328073987594,20.392356872558594,19663255
2007-07-10,20.252795397659046,20.27512592423387,19.87319610650209,19.962512969970703,52127187
2007-07-11,19.88435596741206,20.102067080849963,19.83969623563177,20.029497146606445,55021761
2007-07-12,20.124396597958878,20.47050329866872,20.107649689801406,20.397932052612305,40793370
2007-07-13,20.459340660422722,20.54307651996876,20.364440194364878,20.47608757019043,26303516
2007-07-16,20.425849203071376,20.615648846429284,20.381189461151898,20.403518676757812,29971649
2007-07-17,20.403513911513443,20.570985610860046,20.403513911513443,20.470502853393555,34954984
2007-07-18,20.263949077678966,20.649131775789602,19.968084505577263,20.208126068115234,62410223
2007-07-19,20.26953231541969,20.375597349199683,20.057403558566723,20.141138076782227,40433180
2007-07-20,20.16346647967323,20.185796994349563,19.6945492641957,19.78944969177246,86443405
2007-07-23,19.761548605161728,19.97367746541265,19.694559647229877,19.778295516967773,44589774
2007-07-24,19.482420149828883,19.63314490534508,19.13631485010622,19.281455993652344,94807681
2007-07-25,19.393100610001856,19.527077132233508,19.119565265058345,19.370771408081055,91805026
2007-07-26,19.035827873360248,19.153057484459335,18.6115691398201,18.91301727294922,105488206
2007-07-27,18.85720243998474,19.097244082850338,18.6115784942947,18.61716079711914,95817101
2007-07-30,18.818122497227897,18.991176483097,18.421776428191503,18.968847274780273,103138720
2007-07-31,19.141895391869525,19.24237811607506,18.365947723388672,18.365947723388672,121875278
2007-08-01,18.472023170031058,18.689734332814933,18.14824692245111,18.572505950927734,123089167
2007-08-02,18.784638312916954,18.9241972373976,18.527849682159317,18.69532012939453,81025282
2007-08-03,18.533423307371358,18.706477301061433,17.87470638942901,17.897035598754883,165871095
2007-08-06,17.969605152339078,18.84045347274211,17.84121089069976,18.812541961669922,141115193
2007-08-07,18.717640349716405,19.20888815687701,18.6283222091307,18.946516036987305,122980347
2007-08-08,19.086076408522846,19.644313193085754,18.99117726924834,19.39868927001953,134714239
2007-08-09,18.840456102343587,19.225638941022304,18.499931687613437,18.700897216796875,124364360
2007-08-10,18.39944967625869,18.924191384585384,18.33804303448248,18.61716079711914,94954662
2007-08-13,19.0525857651238,19.0525857651238,18.248727545142483,18.449691772460938,70957671
2007-08-14,18.572508969404343,18.58925588382429,18.042184769941294,18.125919342041016,87599807
2007-08-15,17.97518437790856,18.483179035302673,17.84120783698632,17.964019775390625,100465603
2007-08-16,17.830052598964397,18.695318923498753,17.590012208050524,18.505517959594727,201536366
2007-08-17,19.750388105984644,19.755970411081286,18.77347553911681,19.259140014648438,217975263
2007-08-20,19.314959596853058,19.331706509135415,18.745559336422115,19.002347946166992,108917403
2007-08-21,18.88511574909333,19.29821012948754,18.88511574909333,19.136322021484375,58665521
2007-08-22,19.253552445373252,19.421022863191784,19.01351077043239,19.18656349182129,86213085
2007-08-23,19.398700053820857,19.42661158088829,19.09167063466305,19.214481353759766,63120017
2007-08-24,19.169808657684474,19.37635642583109,19.035832116664434,19.281455993652344,43523236
2007-08-27,19.236802814311442,19.25354972265429,19.0302549900015,19.05816650390625,24216232
2007-08-28,18.86836427770179,18.885111183718383,18.427358487143266,18.4887638092041,76694378
2007-08-29,18.5892527473096,18.812547523315338,18.343628755844822,18.712064743041992,61839654
2007-08-30,18.488758817106305,18.75112956193866,18.4720119156115,18.594823837280273,58436186
2007-08-31,18.974421065327856,18.980003364902934,18.661808357003544,18.840444564819336,68156531
2007-09-04,18.89069335164869,19.203304883154072,18.790210605555103,18.985593795776367,45012131
2007-09-05,18.95210666300813,18.963271270874536,18.64507732526658,18.756723403930664,55575588
2007-09-06,18.75113737561303,18.935354679526856,18.49993112709856,18.61716079711914,39227662
2007-09-07,18.421780138813,18.61157975844296,18.31571506723707,18.4273624420166,92815307
2007-09-10,18.47201274834413,18.583660074049515,18.170565886434435,18.365947723388672,73733576
2007-09-11,18.460857053342366,18.695316419368634,18.444110143012995,18.555757522583008,62354089
2007-09-12,18.589241536782005,18.695306556955973,18.46642961511323,18.594823837280273,40071266
2007-09-13,18.712063468958252,18.92419362279076,18.69531655850425,18.90186309814453,67115967
2007-09-14,18.69531185148589,18.968847274780273,18.67298264316916,18.968847274780273,37334014
2007-09-17,18.81254506181911,18.81254506181911,18.628326436970482,18.79021453857422,50504853
2007-09-18,18.913028919650728,19.59407649485498,18.728810284178294,19.499176025390625,170892836
2007-09-19,19.716881706921107,19.91226489516122,19.566158244662635,19.62198257446289,92064397
2007-09-20,19.677811271701806,19.700140485782256,19.28704609317122,19.381946563720703,79679183
2007-09-21,19.59283262009352,19.59283262009352,19.23854281615169,19.45786476135254,66584544
2007-09-24,19.485984838422567,19.485984838422567,19.109200571819468,19.187931060791016,60979432
2007-09-25,19.086698600179126,19.15980677935404,18.94048488263912,19.1485595703125,44182190
2007-09-26,19.199177003994016,19.322897656031014,19.047338322040716,19.15418815612793,65135164
2007-09-27,19.238537980622155,19.39037661849108,19.18230193711695,19.37912940979004,44072139
2007-09-28,19.24416753408078,19.424124249333808,19.210425897546827,19.300403594970703,37877378
2007-10-01,19.193558647045993,19.71093582061882,19.176687824482393,19.66594696044922,61713354
2007-10-02,19.76717135458845,19.924633670758045,19.710933964267205,19.890892028808594,36303175
2007-10-03,19.778412504005104,19.96399279822892,19.750294477668934,19.845895767211914,52086564
2007-10-04,19.913374916869863,19.992105369127206,19.829019540475127,19.963987350463867,37413783
2007-10-05,20.020230719881134,20.228305440875346,19.99211137236938,20.18331527709961,48745754
2007-10-08,20.155200620438745,20.155200620438745,19.823405204285862,19.907760620117188,25838567
2007-10-09,20.003355519655123,20.149571879026514,19.862764085248713,20.07646369934082,39621212
2007-10-10,20.03709551939327,20.09895516045261,19.85713755913846,19.963987350463867,40195843
2007-10-11,20.1889458988289,20.1889458988289,19.80091305406637,19.857149124145508,77485418
2007-10-12,19.784035332856117,19.99211003998306,19.784035332856117,19.986486434936523,41217081
2007-10-15,19.907758017982466,19.91338162360914,19.37351020182785,19.581584930419922,94871077
2007-10-16,19.452245234104986,19.47473966187731,19.120449783652173,19.21605110168457,83487897
2007-10-17,19.373508539888803,19.446615406764145,18.856131584996923,19.204797744750977,91551809
2007-10-18,18.81114918846099,19.01922397048908,18.78303115310659,18.962987899780273,88868475
2007-10-19,18.861757939751406,18.968607773473597,18.305015667689517,18.333133697509766,110383770
2007-10-22,18.14754787902804,18.67054703635798,18.14754787902804,18.558074951171875,80609696
2007-10-23,18.76615924327903,18.76615924327903,18.451234602608906,18.65930938720703,60804137
2007-10-24,18.61431369678356,18.636808117087238,18.051947907571464,18.51871109008789,128715083
2007-10-25,18.541205236633793,18.681796671848844,18.0969351922141,18.50183868408203,96815442
2007-10-26,18.850508327975593,18.95173454284668,18.423110367903885,18.95173454284668,97460117
2007-10-29,18.957355139457174,19.00796890258789,18.777398467138433,19.00796890258789,46984685
2007-10-30,18.917991035645436,18.917991035645436,18.698669117001856,18.715539932250977,35125231
2007-10-31,18.78865081426909,19.058586556761885,18.61431769902738,18.968608856201172,104572465
2007-11-01,18.417486632107376,18.81114295790007,17.995712280273438,17.995712280273438,112372574
2007-11-02,18.035079268628238,18.074444508909856,17.42772456551958,17.90573501586914,196502191
2007-11-05,17.410852901104793,17.748273216763035,17.270261433015172,17.585186004638672,124899599
2007-11-06,17.65828911904016,17.883235931396484,17.40522428524051,17.883235931396484,101354877
2007-11-07,17.545823815430047,17.618932025348535,16.904726028442383,16.904726028442383,125349037
2007-11-08,17.152153077976976,17.163400282375026,16.471691930277462,17.07904624938965,146019004
2007-11-09,16.73038572325948,17.43334288467292,16.561676268601236,16.949708938598633,165222358
2007-11-12,17.073438608626777,17.534578381265426,16.972212354006622,17.011577606201172,134098862
2007-11-13,17.393976591336422,17.911353453077197,17.303997604823515,17.81012725830078,161815812
2007-11-14,18.186915336185933,18.271269410406315,17.731399374180835,17.742645263671875,118725765
2007-11-15,17.568315766002577,17.73140165084007,17.084680396754997,17.292755126953125,134429139
2007-11-16,17.29275517989837,17.377110585613018,16.93284177510096,17.157787322998047,100659855
2007-11-19,16.932845591653717,16.983458054247112,16.49982389491599,16.696651458740234,168176266
2007-11-20,16.392974815132263,16.78662996133762,15.99931834852136,16.331113815307617,179939948
2007-11-21,16.106164240939876,16.35360553850996,15.886840972547022,16.078044891357422,134808533
2007-11-23,16.2242546425914,16.57292070247523,16.2242546425914,16.460447311401367,88425684
2007-11-26,16.53356098490016,16.53356098490016,15.802484359608275,15.909334182739258,127731884
2007-11-27,16.083668184021217,16.29174289920434,15.881215753697276,16.19614028930664,122877928
2007-11-28,16.589797149837896,17.163410186767578,16.527937489951615,17.163410186767578,205239337
2007-11-29,17.03969696388859,17.152169113015873,16.747265414940863,17.011577606201172,107091214
2007-11-30,17.635796300886703,17.815752974845147,17.332119000955277,17.4333438873291,144984226
2007-12-03,17.343368898389027,17.42209937777014,17.15778727046603,17.292755126953125,72568927
2007-12-04,17.011559882813007,17.095915227178974,16.899087850864014,16.97219467163086,75393703
2007-12-05,17.236518435901818,17.377109892884846,17.034065998419383,17.225271224975586,107066841
2007-12-06,17.253386908754372,17.782011032104492,17.208398071160307,17.782011032104492,122098951
2007-12-07,17.81575788915407,17.855124454007765,17.545822143554688,17.545822143554688,100382387
2007-12-10,17.73702027738057,18.046321143218492,17.596428854690163,17.916976928710938,97746201
2007-12-11,17.950729294253165,18.074449978698773,17.005953998744808,17.011577606201172,168317584
2007-12-12,17.585186199558276,17.6301763677212,16.56168067023443,16.88222885131836,175881956
2007-12-13,16.69664549417792,16.893472987689247,16.40421539618137,16.876602172851562,167576892
2007-12-14,16.65166056366966,16.938467124049563,16.499821874080617,16.50544548034668,86534622
2007-12-17,16.421092851231855,16.646038460434124,16.319866600867783,16.331113815307617,85712684
2007-12-18,16.572928719661473,16.595423144677028,16.066798875190134,16.34235954284668,103492386
2007-12-19,16.432341785257996,16.696653993064576,16.263632230600052,16.437965393066406,135631334
2007-12-20,16.5841783537577,16.685404601513888,16.08367336286284,16.319866180419922,120949197
2007-12-21,16.54231606235322,16.65581416897489,16.366393397494093,16.62176513671875,76997942
2007-12-24,16.695536838371776,16.950907226783027,16.684187161769895,16.92253303527832,53981935
2007-12-26,16.894164482955112,16.899837990715394,16.68986757105912,16.80336570739746,29007653
2007-12-27,16.757962027994655,16.757962027994655,16.451518058881444,16.462867736816406,44473322
2007-12-28,16.627440847243673,16.627440847243673,16.303972333060027,16.423145294189453,39842546
2007-12-31,16.372077921216714,16.644472983103284,16.252904915086937,16.417476654052734,61056985
2008-01-02,16.502591658951296,16.55366520568768,16.076973439743472,16.093997955322266,80446096
2008-01-03,16.16209734109417,16.247221251375354,15.980501175920086,15.991850852966309,55290488
2008-01-04,15.838636803124645,15.849986485848147,15.509492006837625,15.537867546081543,93318540
2008-01-07,15.65135812860513,15.793230438478641,15.361938669760553,15.577585220336914,112017799
2008-01-08,15.685403506692763,15.787550577959644,15.010089874267578,15.010089874267578,148535168
2008-01-09,15.095218377538453,15.356263637613555,14.703651819860417,15.293840408325195,164102394
2008-01-10,15.140617280389474,15.901053714084863,14.998744970513124,15.554885864257812,275365714
2008-01-11,15.475440093704089,15.952130677147055,15.322218072867603,15.605962753295898,224602351
2008-01-14,15.798905752301083,15.83295345260336,15.549210180695162,15.821603775024414,108263988
2008-01-15,15.526511861101545,15.549211217773404,15.168992996215819,15.16899299621582,141844191
2008-01-16,15.259793912612855,15.719461320076348,15.112246728069065,15.42436695098877,176283632
2008-01-17,15.45274174937593,15.45841659006055,14.629881855495995,14.641231536865234,208394513
2008-01-18,14.754722341114219,14.868219098331183,14.170208711709488,14.470977783203125,220297790
2008-01-22,13.738914616616082,15.129263106770981,13.682166242501285,14.783095359802246,314363301
2008-01-23,14.39152847559318,15.832950592041016,14.306404576695988,15.832950592041016,301912352
2008-01-24,15.832953551335788,15.986176864476153,15.628658021206245,15.838629722595215,197313666
2008-01-25,16.111029309516194,16.122378990447643,15.322218490170778,15.42436695098877,166188693
2008-01-28,15.509490633356114,16.451523543028777,15.282494334117988,15.974831581115723,113301609
2008-01-29,16.09399948291777,16.230198285344706,15.815929703868242,16.218847274780273,124376916
2008-01-30,16.05994928902625,16.6387881615937,15.889702796936035,15.889702796936035,263688448
2008-01-31,15.645686633496835,16.98496227111269,15.583263390081862,16.536645889282227,223878523
2008-02-01,16.457193188761817,16.84308624267578,16.394769959016067,16.84308624267578,162903277
2008-02-04,16.661486749990644,16.735259643215773,16.275593772740727,16.35504150390625,93362610
2008-02-05,15.991855386040655,16.071303147884603,15.58326289925287,15.691084861755371,154453447
2008-02-06,15.770528558995073,15.85565246427424,15.407336249988646,15.509483337402344,129122052
2008-02-07,15.36194007282707,15.855656449145958,15.322216195516045,15.651359558105469,159071913
2008-02-08,15.594610024639756,15.640008738255736,15.174667926387977,15.390313148498535,128474177
2008-02-11,15.361945577595185,15.361945577595185,14.913629089989124,15.049826622009277,134895811
2008-02-12,15.225742512414213,15.492462637876846,15.06117083195391,15.464088439941406,189322753
2008-02-13,15.413016418974559,15.452741635910211,15.072523315527503,15.407342910766602,106347813
2008-02-14,15.34490145336942,15.447049805024346,14.987382888793947,14.987382888793945,128028801
2008-02-15,15.015767242693931,15.225737571716309,14.851194283202224,15.225737571716309,125203287
2008-02-19,15.413012411971538,15.464087296914881,14.964696120424595,15.203042030334473,117432107
2008-02-20,14.91361988412685,15.378960609436035,14.862546340809123,15.378960609436035,145489059
2008-02-21,15.356258106527138,15.475431015588024,15.044139407636429,15.106562614440918,93068155
2008-02-22,15.146291485703093,15.435710906982422,14.805797186740412,15.435710906982422,137697075
2008-02-25,15.259788252922863,15.571907027646144,15.049817901131831,15.435710906982422,184562476
2008-02-26,15.37328542667617,15.804577113438869,15.327886722522532,15.571906089782715,127558805
2008-02-27,15.401654559904129,15.838622273649587,15.322206853720548,15.640000343322754,121404790
2008-02-28,15.498132919163622,15.509482594999639,15.151965141296387,15.151965141296387,109396139
2008-02-29,14.953342164871033,14.97036667750428,14.533400189281455,14.658247947692871,172356126
2008-03-03,14.56744810293114,14.59014878381082,14.25532939693697,14.459626197814941,136199687
2008-03-04,14.2099385869908,14.419909009085908,13.94889327011101,14.3801851272583,200666418
2008-03-05,14.425586186020745,14.590159245119805,14.085093050332256,14.26668930053711,225038495
2008-03-06,14.034016481437442,14.13049010248632,13.676498864645362,13.772971153259277,172225394
2008-03-07,13.545979097605567,14.102118915942524,13.506255205562999,13.801349639892578,245347286
2008-03-10,13.835392675242986,13.909166917969467,13.33600282365594,13.409775733947754,208597874
2008-03-11,14.016988002288144,14.374506850571459,13.636771130821668,14.289382934570312,280335753
2008-03-12,14.323433681596374,14.703651895615529,13.931865789466313,14.05103874206543,210871654
2008-03-13,13.682173368761978,14.61853135639105,13.301955066856184,14.01699161529541,258767525
2008-03-14,14.15318841328812,14.243987187086239,13.347354459014927,13.61974811553955,313442513
2008-03-17,12.649336923930248,13.506246818640324,12.649336923930248,13.307624816894531,261292799
2008-03-18,13.988618067095409,14.493684213113932,13.738922414402321,14.42558479309082,343693354
2008-03-19,14.612855020704615,14.811475745666149,14.045364379882812,14.045364379882812,266921300
2008-03-20,14.267329158637976,15.17691487964903,14.255887947081405,15.056780815124512,274151455
2008-03-24,15.222681566953428,15.657451688227141,15.188357928132504,15.2512845993042,182639531
2008-03-25,15.21695707152754,15.359973539911737,14.908041714726531,15.20551586151123,156227318
2008-03-26,14.976686625200632,15.0338940094875,14.599124067535826,14.656330108642578,158215752
2008-03-27,14.799349426218118,14.822233190281242,14.370300005125447,14.427507400512695,151309473
2008-03-28,14.461828825679328,14.541918637170147,14.044221983128157,14.101428031921387,109083465
2008-03-31,14.05565926777718,14.47326733688961,13.964128272088182,14.227278709411621,108253278
2008-04-01,14.73641487855999,15.2855980584216,14.696369320276158,15.22839069366455,206127626
2008-04-02,15.331364770715762,15.54302976307427,15.102537969762752,15.216951370239258,157608254
2008-04-03,15.045331705634965,15.359967544636017,14.976683129151573,15.285599708557129,121409591
2008-04-04,15.256999918163158,15.291323542066811,14.970965689425794,15.079658508300781,109628675
2008-04-07,15.308491881221352,15.434346565709822,15.113989919655895,15.171195983886719,121394696
2008-04-08,15.033897730245549,15.154031789481975,14.856556272563923,14.99957275390625,110939936
2008-04-09,15.04533986895905,15.04533986895905,14.639172821994658,14.747865676879883,120887401
2008-04-10,14.616285879867851,14.862274542987123,14.484710642142202,14.656330108642578,135427111
2008-04-11,14.370294106600086,14.702091759568852,14.33597048936466,14.376014709472656,113534638
2008-04-14,14.284491412388478,14.301653228633922,13.958412874183777,14.03850269317627,122993519
2008-04-15,14.170068768210728,14.318805755693322,13.941242013693095,14.181509971618652,115135922
2008-04-16,14.461825196262566,14.639166589375629,14.36457493772052,14.564797401428223,138142820
2008-04-17,14.456107549613469,14.896598093482668,14.433223790104588,14.816508293151855,155159918
2008-04-18,15.291328572129888,15.382858265981538,15.033898621811067,15.14259147644043,155040388
2008-04-21,14.982405412930197,14.988124672654651,14.765019816207614,14.908036231994629,80684295
2008-04-22,14.799350485327379,14.839394724737938,14.616289761984348,14.702098846435547,103538795
2008-04-23,14.736418363572296,14.833668623252558,14.501870933277598,14.604843139648438,100855461
2008-04-24,14.662045404780772,15.234110981468858,14.656324802741075,15.131138801574707,151581647
2008-04-25,15.297045073539195,15.457223337981567,14.970966597143489,15.417179107666016,102556949
2008-04-28,15.428620869532365,15.537312355714649,15.27416320388259,15.457223892211914,94327960
2008-04-29,15.388580994750125,15.474390087083899,15.216960123721387,15.268446922302246,79175827
2008-04-30,15.285606184879182,15.47438749962816,15.113986685727351,15.222678184509277,106284786
2008-05-01,15.182628281234965,15.800458784849894,15.131141510480475,15.743252754211426,125902987
2008-05-02,16.052171228710034,16.115099218225865,15.680329268547936,15.851948738098145,121243775
2008-05-05,15.731814951494293,15.771859181604363,15.520151249160905,15.577357292175293,78741654
2008-05-06,15.359968319394085,15.75469396033912,14.827946861736857,15.743252754211426,124571291
2008-05-07,15.760411448242186,15.760411448242186,15.113978057080319,15.176904678344727,118989199
2008-05-08,15.239836241052146,15.239836241052146,14.810786927411582,14.86799430847168,166583229
2008-05-09,14.776463304683546,15.113982957716015,14.74213968195551,14.86799430847168,142069218
2008-05-12,14.885162223103803,15.091105387093618,14.827954818587317,15.045340538024902,83396557
2008-05-13,15.096817471015942,15.108258676824518,14.810784639441913,14.908036231994629,92714119
2008-05-14,14.982410959569611,15.085381849967645,14.902321146079702,15.011013984680176,80104494
2008-05-15,14.999564707520044,15.21695028727239,14.873711453450476,15.159744262695312,90097013
2008-05-16,15.205516535474704,15.205516535474704,14.885159954458024,15.096823692321777,64561765
2008-05-19,15.011017143599368,15.188357279784665,14.83367566423346,14.95380973815918,85711945
2008-05-20,14.799345002188936,14.80506560569954,14.519032743809408,14.604843139648438,97189420
2008-05-21,14.564794562020431,14.656325542454816,14.15290850801494,14.232996940612793,133429075
2008-05-22,14.135748921157683,14.456106761843264,14.135748921157683,14.313090324401855,81729044
2008-05-23,14.250165101964082,14.255885706843404,14.032780773369511,14.101428031921387,89026043
2008-05-27,14.032777218829189,14.244440888929457,14.027055272218956,14.175793647766113,83667623
2008-05-28,14.290213676218569,14.301656232632745,13.895487790121686,14.095711708068848,139054252
2008-05-29,14.061381140451282,14.41034065850433,14.061381140451282,14.347414016723633,96678678
2008-05-30,14.42750383209267,14.444665643510024,14.04421934756499,14.164353370666504,79018259
2008-06-02,14.13003020830801,14.13003020830801,13.815394272467445,13.952690124511719,104662574
2008-06-03,14.06710636458032,14.10715060432054,13.695262966022558,13.906928062438965,151496831
2008-06-04,13.826827511944291,14.072816051568381,13.655208131603077,13.821106910705566,169059385
2008-06-05,13.878327313452182,14.095711708068848,13.844002330571064,14.095711708068848,138013073
2008-06-06,13.918365339695537,13.924085943755752,13.340578956893324,13.346298217773438,192620233
2008-06-09,13.420667441315235,13.50075724150294,12.934412065657346,13.163237571716309,210144379
2008-06-10,13.003057600107576,13.37490084529964,12.95157217024803,13.20328140258789,217348930
2008-06-11,13.254768683555191,13.277651100021767,12.77423390821675,12.819998741149902,214532033
2008-06-12,12.922963060116105,13.260482561332715,12.860036446752355,13.168952941894531,245193165
2008-06-13,13.243330320116122,13.374905586242676,12.974459182517528,13.374905586242676,157429513
2008-06-16,13.24904514464772,13.586564742306228,13.16323475872577,13.500754356384277,152712567
2008-06-17,13.63805594182957,13.64377654710095,13.054547488246817,13.106034278869629,150943989
2008-06-18,12.865761805124432,13.214722637800216,12.739907188682341,12.888644218444824,185416667
2008-06-19,12.917253207553168,13.05454773667906,12.631220252180066,13.025944709777832,204997568
2008-06-20,12.812402043524521,12.98554228206561,12.61617526543984,12.800859451293945,222510144
2008-06-23,12.731604741047832,12.754691284577515,12.310295986641927,12.396866798400879,150520894
2008-06-24,12.36800889087524,12.679661609244047,12.200639938794401,12.541149139404297,249743926
2008-06-25,12.616177161298747,12.962459045499857,12.506522518630241,12.512293815612793,270571830
2008-06-26,12.252583183065664,12.362239184771052,12.01018599089221,12.062129020690918,177928986
2008-06-27,12.039041012459101,12.154466929240428,11.74470085941959,11.871670722961426,179566216
2008-06-30,11.883215575205623,11.906302118036061,11.577334127381963,11.692761421203613,180520980
2008-07-01,11.50230323626556,11.779328134958416,11.294535239787077,11.727386474609375,292065583
2008-07-02,11.790872397123929,11.96401262467506,11.54270396975397,11.54847526550293,180299400
2008-07-03,11.686993040935478,11.762021274922922,11.42151060541525,11.508081436157227,102694575
2008-07-07,11.623502961599621,11.744701536287275,11.011740147072123,11.127166748046875,234991745
2008-07-08,11.213740798474738,11.854360240978497,11.069456328424307,11.848588943481445,305913840
2008-07-09,11.848588395064676,11.906302722446624,11.156025952060226,11.17333984375,277344669
2008-07-10,11.069457731533909,11.334940160215037,10.936716517193345,11.092543601989746,287294227
2008-07-11,10.780885696411133,11.132938131937815,10.55580244747574,10.780885696411133,383739753
2008-07-14,11.08099579508651,11.196422382924561,10.226835250854492,10.226835250854492,291271342
2008-07-15,10.13449721511202,10.515406936468743,9.678560622097622,9.909415245056152,577518234
2008-07-16,10.244155168854197,11.207971572875977,10.099870663409177,11.207971572875977,448019742
2008-07-17,11.66390493651886,12.056355838396783,11.259909408143082,11.692761421203613,649620981
2008-07-18,12.044813029266537,12.171784269775584,11.658133431236028,11.929387092590332,316816931
2008-07-21,12.229496121258082,12.396865069236265,11.894756870219231,11.975556373596191,260827481
2008-07-22,11.652361247579652,12.979771614074709,11.484990941971931,12.979771614074707,407857505
2008-07-23,12.673886398705747,13.32604947135874,12.616172096965018,12.962453842163086,438753143
2008-07-24,13.04903010086674,13.04903010086674,12.056356160527153,12.090985298156738,335380780
2008-07-25,12.13715237856698,12.368006909680833,11.819728414597162,12.04481029510498,241407348
2008-07-28,11.98709992632247,12.23526839755479,11.427278719398796,11.479220390319824,209227038
2008-07-29,11.560018554521589,12.408407211303711,11.398420908717725,12.408407211303711,307696205
2008-07-30,12.621950145304572,12.766233928745514,12.160240954227417,12.59886360168457,334457776
2008-07-31,12.35069350525004,12.696975353431842,12.298751837809897,12.483434677124023,208456555
2008-08-01,12.489207328588764,12.593090663469052,12.142925480406962,12.483434677124023,233089604
2008-08-04,12.368006435883972,12.558460535953438,12.1429232089164,12.379549026489258,173696931
2008-08-05,12.575774759621414,13.008625984191895,12.483432677216754,13.008625984191895,222832666
2008-08-06,12.800860613072304,12.968229570688148,12.645034248734616,12.87588882446289,174735772
2008-08-07,12.616178229258262,12.743149483787832,12.125613878967053,12.24104118347168,232640658
2008-08-08,12.154465536581638,12.772000896016408,12.137151651048264,12.662344932556152,217414542
2008-08-11,12.621949062178302,13.135598528303992,12.5238356642314,12.87588882446289,198637484
2008-08-12,12.691203413747209,12.702746005926604,12.11983968053738,12.223724365234375,235358583
2008-08-13,12.079440083332566,12.108296562527897,11.68121660518986,11.871670722961426,282142492
2008-08-14,11.808189807891404,12.269897670827145,11.762019428122658,12.24104118347168,159833779
2008-08-15,12.281437338348875,12.489206707949556,12.171782712535531,12.327609062194824,164707308
2008-08-18,12.281437708606695,12.281437708606695,11.80241605299651,11.854357719421387,199085937
2008-08-19,11.686993040935478,11.733163427953615,11.38111151677438,11.508081436157227,214356492
2008-08-20,11.525388906975186,11.744699478149414,11.317619571039375,11.744699478149414,210530790
2008-08-21,11.461905352585424,11.663903429444115,11.409963686864169,11.53116226196289,162472673
2008-08-22,11.808188971159424,12.015957020479034,11.686990377771878,11.969786643981934,181439675
2008-08-25,11.808186284370805,11.813957580119766,11.54270396975397,11.54847526550293,118690804
2008-08-26,11.560020985798147,11.733161260210858,11.433051089873434,11.640820503234863,130458179
2008-08-27,11.646587140254097,11.88321297301799,11.55424640948367,11.865899085998535,109374842
2008-08-28,11.99287174332916,12.379552708873947,11.946701367174315,12.344924926757812,190652725
2008-08-29,12.217950919920142,12.431491571524123,12.183324500715038,12.362236022949219,171501320
2008-09-02,12.673889968518562,12.76623206426416,12.310294236910096,12.535377502441406,200156538
2008-09-03,12.477665216748049,12.74314757072844,12.35069398127998,12.731603622436523,178467795
2008-09-04,12.546917949050881,12.656573914915706,12.102524145369483,12.108295440673828,226208068
2008-09-05,11.923614416415779,12.546919822692871,11.906300527917244,12.546919822692871,294009947
2008-09-08,13.545366414302114,13.56268166155095,12.61040810683645,13.08942985534668,518173693
2008-09-09,12.82394736088301,13.100972343450382,12.212184422331198,12.252583503723145,407839902
2008-09-10,12.339151559314278,12.63926166412968,11.912070231212638,12.10252571105957,310143310
2008-09-11,11.715843291274075,12.414176798305116,11.640816452339719,12.379549026489258,411572786
2008-09-12,12.067900776124633,12.419952628288916,11.992872554714276,12.206413269042969,313952147
2008-09-15,11.39264869548905,11.96978367907764,11.017510414123535,11.017510414123535,555804994
2008-09-16,10.498093168196934,11.842819213867188,10.388437823694193,11.842819213867188,594428727
2008-09-17,11.254136761151349,11.352249468944402,10.45191917849184,10.70585823059082,625337783
2008-09-18,10.867455591713963,11.813957580119766,9.903639716061283,11.54847526550293,1050592272
2008-09-19,14.100560482532476,14.275360491207618,12.387517387756278,13.040105819702148,519107037
2008-09-22,12.958530099636995,12.970183340857293,11.332887216572223,11.973821640014648,231788560
2008-09-23,11.967995905806614,12.212716725702872,11.65335563341003,11.938862800598145,213533692
2008-09-24,12.049572401288161,12.061225645724354,11.624223507075746,11.804851531982422,168258373
2008-09-25,11.868944733446844,12.224372803661959,11.764065530365915,12.131145477294922,196826560
2008-09-26,11.565957881938411,12.46326732635498,11.490211789193083,12.46326732635498,252887038
2008-09-29,11.973826994628293,12.049574464506438,10.715264067363293,10.820144653320312,422434145
2008-09-30,11.012423743258829,11.740759797832043,10.878410051496948,11.589264869689941,212701043
2008-10-01,11.571780448956323,12.043742179870605,11.414460328009039,12.043742179870605,235842858
2008-10-02,11.93886150180092,12.061221898437784,11.414460192806473,11.443593978881836,213501932
2008-10-03,11.7640669476987,12.032094346232059,10.9425048828125,10.9425048828125,322736194
2008-10-06,10.49967590681248,10.7851838360312,10.039368614555423,10.371489524841309,420354002
2008-10-07,10.552114629945475,10.575420431476157,9.276071548461914,9.276071548461914,436457082
2008-10-08,8.891513524994876,9.71307488817925,8.792459566430319,8.903166770935059,486205977
2008-10-09,9.369295435236792,9.421735696465634,7.970893029375163,7.976720333099365,485969133
2008-10-10,7.697043570671714,8.798285484313965,7.452322689393579,8.798285484313965,648326092
2008-10-13,9.311028707702231,9.520789072036898,8.658441819598112,9.48582935333252,274509061
2008-10-14,10.155897386119998,10.412271407942308,9.678110431321945,10.097630500793457,410632918
2008-10-15,9.660632327442322,9.806299225225914,9.002217292785645,9.002217292785645,256192889
2008-10-16,9.252764665218914,9.369298464733136,8.501123642057575,9.206151008605957,383211531
2008-10-17,9.013867632893723,9.538268119466638,8.932293600638445,8.943946838378906,292251095
2008-10-20,9.177018391559534,9.386778831481934,8.88568456122893,9.386778831481934,170736746
2008-10-21,9.107097566746981,9.4508716524677,9.095444323847353,9.101271629333496,162976768
2008-10-22,8.920643001689095,9.019696235819705,8.250574793041292,8.530255317687988,218857767
2008-10-23,8.565217210393072,8.652617218490223,7.924282677620058,8.442856788635254,248715672
2008-10-24,7.691215413784507,8.332150658633228,7.673735548207645,7.895149230957031,252223775
2008-10-27,8.023334703637163,8.291361992637075,7.650427557744728,7.679560661315918,183470456
2008-10-28,8.11656244773942,8.955604155696452,7.574681857711091,8.8856840133667,241738610
2008-10-29,8.681752236775504,9.01969907368831,8.337977409362793,8.337977409362793,214718037
2008-10-30,8.740018759551784,8.821592844388999,8.448684892104922,8.629311561584473,197687644
2008-10-31,8.5127754648662,9.066309894148391,8.5127754648662,9.048830032348633,173640182
2008-11-03,9.025524866449574,9.177017708181088,8.990564453714356,9.101271629333496,82914744
2008-11-04,9.270244378301973,9.631498303387085,9.229457346937853,9.614018440246582,138595705
2008-11-05,9.45669544168732,9.520788253803765,8.710880649026416,8.734187126159668,147492634
2008-11-06,8.629312693273272,8.821594001294477,8.128218293464405,8.134045600891113,201705259
2008-11-07,8.28553581237793,8.407895537917751,8.081602024429856,8.28553581237793,140329076
2008-11-10,8.489473001250062,8.565219788942589,7.871844768956996,8.040818214416504,140162645
2008-11-11,7.883495521195648,8.017509184101948,7.632948743962902,7.761135101318359,214783280
2008-11-12,7.627123988104039,7.772790942734751,7.265870597294975,7.283350467681885,233086157
2008-11-13,7.394055774204937,7.877670229821276,6.817214674578908,7.813576698303223,322958390
2008-11-14,7.644602733705227,7.848535874705476,7.318308476839303,7.417361736297607,235483653
2008-11-17,7.289172527095224,7.353266029085563,6.9046115151531895,6.945397853851318,227032345
2008-11-18,6.9745348722815566,7.056108271553948,6.560840569366295,6.846347808837891,265910772
2008-11-19,6.805557437019927,6.852171073696547,6.083049830730608,6.129663467407227,254938500
2008-11-20,6.024787107759092,6.164627430121147,5.383852410939096,5.47125244140625,493582622
2008-11-21,5.727625912590673,5.739279500109661,5.051730833182498,5.640225887298584,442404166
2008-11-24,5.949038650809484,6.753119936291933,5.87329188783057,6.49674654006958,378163323
2008-11-25,6.904614239256715,7.003667499211021,6.537533625967173,6.875481128692627,288533475
2008-11-26,6.683199258112727,7.225079798366647,6.6424129111879955,7.19594669342041,168369286
2008-11-28,7.207599729878753,7.440666592792535,7.126025678024549,7.376573085784912,67060941
2008-12-01,7.091067542731956,7.108547407452731,6.1354920281540855,6.1471452713012695,205318859
2008-12-02,6.345253460366388,6.69485423025034,6.0830533959807624,6.648240566253662,241340997
2008-12-03,6.380214470803815,7.073589452350913,6.345254048556446,6.992015361785889,257054343
2008-12-04,6.823041228780176,7.31248230199565,6.753121075463679,6.9162678718566895,219393375
2008-12-05,6.747293638707486,7.510588610628532,6.735640395233882,7.463974952697754,275159275
2008-12-08,7.77278872253272,8.05246998901857,7.6853887115263495,7.96506929397583,248535576
2008-12-09,7.825229917332548,8.034991062722069,7.574683098626531,7.644603252410889,237956855
2008-12-10,7.702867554136639,7.743654585343323,7.347440251470285,7.510587692260742,191223909
2008-12-11,7.394055731357727,7.452322640039807,6.898788717651168,6.9337477684021,190928716
2008-12-12,6.683198665637937,7.091066202944874,6.601625294983792,7.067759037017822,164449290
2008-12-15,7.050280536155847,7.073587706580693,6.677372649721771,6.776427268981934,136861718
2008-12-16,7.5338969230651855,7.545550168304361,6.8929615945458815,7.5338969230651855,274174721
2008-12-17,7.394054807819767,7.679562009068515,7.3124814194681775,7.463974952697754,185359425
2008-12-18,7.4989377481328665,7.603817656731948,7.166816783502048,7.248390197753906,182620327
2008-12-19,7.250163893754498,7.421660143043823,7.125976571579832,7.232422351837158,162598605
2008-12-22,7.250163238598374,7.28564493072809,6.871687690385732,6.9781341552734375,148061603
2008-12-23,7.013614762281975,7.0786645146831795,6.79480827266333,6.812549114227295,73468296
2008-12-24,6.865773220284304,6.97221827265825,6.800722077557538,6.960391044616699,22234938
2008-12-26,7.031356184751596,7.04318341343803,6.883513743423697,6.966305732727051,37218054
2008-12-29,6.984049438449195,6.989963055216345,6.777070074601182,6.907171726226807,47453450
2008-12-30,6.942647305777807,7.2087626026741995,6.918992859564379,7.173280239105225,72357934
2008-12-31,7.191025577996351,7.468967551011119,7.1378023515683315,7.4039177894592285,109208165
2009-01-02,7.409828850409932,7.57541210282763,7.2205918394311706,7.4867072105407715,117919090
2009-01-05,7.451229668379589,7.534020993431127,7.321128022942299,7.362524032592773,127885266
2009-01-06,7.451226360476195,7.581326559657875,7.398003141481946,7.480794429779053,153337176
2009-01-07,7.3092993100582255,7.362522541904336,7.078666231057443,7.090494155883789,131015946
2009-01-08,7.04909565455866,7.16736931852912,6.9840459030489095,7.0609235763549805,132274643
2009-01-09,7.120060781828316,7.161456080415033,6.824376606391831,6.836204528808594,125745788
2009-01-12,6.812551828084447,6.830293370965059,6.380854373477551,6.475472927093506,179488048
2009-01-13,6.380854031914256,6.6410559082414045,6.315802868583128,6.564177513122559,253377222
2009-01-14,6.345370844637607,6.3571980749385455,6.1383922316234045,6.185701847076416,201367472
2009-01-15,6.167960215734753,6.173874525046605,5.6712116907310035,5.901845455169678,326492960
2009-01-16,6.061515525595437,6.126565997072504,5.464234744327991,5.724436283111572,250760855
2009-01-20,5.405096637658678,5.470146746951672,4.772333611959659,4.778246879577637,300320300
2009-01-21,5.0621021001492075,5.493800398233174,4.855123544918772,5.481973171234131,389759343
2009-01-22,5.263168419063647,5.4169241459062505,5.002966580002913,5.144895076751709,289483314
2009-01-23,4.914262053700747,5.375528576928475,4.896521554263576,5.316392421722412,284052758
2009-01-26,5.422837314272401,5.558851846352625,5.144894982298231,5.22177267074585,248432049
2009-01-27,5.328217906419762,5.4287503786941125,5.23951231418567,5.40509557723999,166844939
2009-01-28,5.878189791994255,6.215269292639558,5.789485226606668,6.096996307373047,385065663
2009-01-29,5.866365328721754,5.919588579022028,5.588422883916705,5.617990970611572,203495871
2009-01-30,5.694867596496801,5.748090489450193,5.36961592832388,5.464234828948975,282654711
2009-02-02,5.322306304448988,5.5174577219023675,5.269083411495595,5.464234828948975,148428194
2009-02-03,5.552940738131173,5.564768319732323,5.245429517622002,5.36370325088501,226112665
2009-02-04,5.416923230618689,5.535196205821639,5.263167529755903,5.304563522338867,261722787
2009-02-05,5.239513564274757,5.523369860951007,5.050276148865462,5.387355327606201,474387516
2009-02-06,5.5351978065250735,5.848622912936585,5.493802496220277,5.789486408233643,326797509
2009-02-09,5.8427097777045,5.966896413081775,5.754004492667646,5.854537010192871,208984531
2009-02-10,5.783571703646456,5.8427088985641324,5.204032539172678,5.2572550773620605,399645012
2009-02-11,5.345959721274775,5.523369549571344,5.322304915510419,5.511542320251465,225005627
2009-02-12,5.334132010987,5.470146533251137,5.115325844187315,5.440578460693359,282216229
2009-02-13,5.322306025947775,5.411010958603313,5.215860245610997,5.233601093292236,209027739
2009-02-17,4.902433169240769,4.967483959402036,4.71319580078125,4.71319580078125,274266185
2009-02-18,4.85512356678249,4.8669507938347945,4.565354074129326,4.71319580078125,269314979
2009-02-19,4.801899388148457,4.825554182925475,4.435252325413522,4.464820384979248,257146298
2009-02-20,4.246016569876775,4.512132371453403,4.050865884577931,4.399772644042969,503483309
2009-02-23,4.559441401624821,4.594923434528032,4.246016025543213,4.246016025543213,262755965
2009-02-24,4.3051538425762725,4.760507106781006,4.25193095467063,4.760507106781006,327940739
2009-02-25,4.689540413778204,4.949741806298664,4.452993819532145,4.730936050415039,400245986
2009-02-26,4.955658144500099,5.062103565427751,4.760506759780108,4.807816028594971,388346771
2009-02-27,4.464823362063888,4.719111620880646,4.458910093332292,4.494391441345215,308811984
2009-03-02,4.3228942825575745,4.3997719605737196,4.163224965264792,4.210534572601318,230782341
2009-03-03,4.316980147696501,4.346548217187086,4.044951131386684,4.127742767333984,234076127
2009-03-04,4.275587231737339,4.2815005022844375,3.9621620238803086,4.074522495269775,285063778
2009-03-05,3.9621613024960602,3.9739885356864417,3.60142721894231,3.6901328563690186,346455471
2009-03-06,3.743353674756192,3.8320585686896305,3.4772382987068386,3.654648780822754,265816601
2009-03-09,3.5777713760505176,3.8143190959217073,3.5304628040251935,3.7019593715667725,300571670
2009-03-10,3.938506767066782,4.275586001496646,3.9030247241202343,4.251931190490723,435885036
2009-03-11,4.417514085078064,4.529873836473664,4.263759019464014,4.364291191101074,511086088
2009-03-12,4.3465484289055345,4.866951337032189,4.293325554105464,4.8137288093566895,476439962
2009-03-13,4.902435070240879,4.967485885626673,4.636319928501784,4.84329891204834,341559661
2009-03-16,4.961571390476912,5.133067966462931,4.730937968392369,4.748679161071777,353656206
2009-03-17,4.742764506733567,5.073930380014509,4.654059597653565,5.05618953704834,276164140
2009-03-18,4.997053874349651,5.588421346699315,4.943830985814251,5.564766883850098,509248328
2009-03-19,5.72443525166274,5.736262828879507,5.1094130386279595,5.121240615844727,508014866
2009-03-20,5.118851182993456,5.142743253769171,4.832147736110334,4.8620123863220215,375016395
2009-03-23,5.2860954150861845,5.746015654831304,5.172608675534827,5.662393569946289,457828227
2009-03-24,5.5070955869472344,5.775879547104412,5.345824720004007,5.387635231018066,368470429
2009-03-25,5.513068190876909,5.710176990167758,5.190526455563449,5.566824913024902,440502517
2009-03-26,5.66836479776372,5.704202019772623,5.4473639790593245,5.632526874542236,306281294
2009-03-27,5.4832045145025115,5.668367135751742,5.447366225892792,5.459312438964844,245167807
2009-03-30,5.15468852655609,5.238309888227807,4.939660264680192,4.9874444007873535,273044294
2009-03-31,5.118851825718289,5.351797879650065,5.041202322992741,5.262203216552734,300060805
2009-04-01,5.112877952673692,5.447365567337677,5.100932091652261,5.411527633666992,214623004
2009-04-02,5.728093044155299,5.746012528417925,5.483201256105157,5.560849666595459,293319479
2009-04-03,5.507095755378743,5.805744375394254,5.477230051921875,5.787825584411621,224946170
2009-04-06,5.596688951320751,5.710175649754404,5.542932241791671,5.632526874542236,222197593
2009-04-07,5.459312243958306,5.62058313451571,5.4533389623324275,5.465284824371338,212819958
2009-04-08,5.548904892143719,5.608634881825354,5.381661482005213,5.495148181915283,154755288
2009-04-09,5.990907685454233,6.37915168654462,5.907285954543442,6.349287033081055,384778225
2009-04-13,6.223853695382359,6.725584750561833,6.182043183158181,6.618070602416992,307171184
2009-04-14,6.516530475021358,6.647937053498559,6.140232336464444,6.182043552398682,393041928
2009-04-15,6.098423141986786,6.528477749716362,6.0088284612603315,6.48069429397583,237804457
2009-04-16,6.600148463806686,6.659878431555418,6.325391032889921,6.552364349365234,267621000
2009-04-17,6.5225028273825645,6.767395040634324,6.403042834901739,6.635989189147949,281153137
2009-04-20,6.325395173683425,6.361232757065622,5.877420823522818,5.8953399658203125,325535488
2009-04-21,5.6444728073968715,6.337339215388638,5.62058109200128,6.331365585327148,356329199
2009-04-22,6.122313930248069,6.486666230416226,6.086476343942766,6.104394435882568,299510302
2009-04-23,6.193987804935052,6.432908502969841,6.1043931567331216,6.391096591949463,208109536
2009-04-24,6.426939181129573,6.659886404340192,6.307479803835411,6.534453392028809,288261916
2009-04-27,6.349287345557649,6.522504447809531,6.289557334478132,6.426936149597168,157074123
2009-04-28,6.1760700790013345,6.361232316064991,6.15815128855248,6.2298264503479,166197310
2009-04-29,6.313447350490314,6.558339531133841,6.301500791862822,6.49860954284668,192158977
2009-04-30,6.612099818532826,6.659883972731792,6.355260953881148,6.409018039703369,215537513
2009-05-01,6.414989352991914,6.510557637280456,6.3015022783540475,6.361232280731201,137526705
2009-05-04,6.444855754145289,7.012289116086519,6.438882121843474,7.006316184997559,260737864
2009-05-05,6.874910489441993,7.030207387438756,6.833099273710433,6.904775142669678,200012388
2009-05-06,7.113832325741938,7.502076460579018,7.077994028026874,7.454292297363281,330286040
2009-05-07,7.806696642439667,7.806696642439667,7.125776189285676,7.239262580871582,350441326
2009-05-08,7.3527470789530245,7.812667517705746,7.293017088095681,7.776829242706299,368943749
2009-05-11,7.531935593792477,7.62153022047316,7.293016355573148,7.322881698608398,254006756
2009-05-12,7.376641497422951,7.394560290881358,6.9406133159912,7.167586803436279,254245447
2009-05-13,6.9645043594207765,7.01826072912582,6.767395566864118,6.8032331466674805,237690343
2009-05-14,6.743503690690197,7.095910093296345,6.7375314614531066,7.03020715713501,214387267
2009-05-15,7.054101975090193,7.11383200108064,6.827128437296906,6.8868584632873535,188082520
2009-05-18,7.083966410349989,7.388588731646707,7.030208622669136,7.340804576873779,168822171
2009-05-19,7.340804373588037,7.460264406605739,7.179533118650268,7.191479682922363,194454423
2009-05-20,7.358722697680313,7.388588054631683,6.9525591723594315,7.000343322753906,338297881
2009-05-21,6.898802187332234,7.089937369730917,6.880882694246958,7.012288570404053,267674180
2009-05-22,7.077992064440717,7.095910857720669,6.934641016988247,6.964505672454834,118089215
2009-05-26,6.8808837373189204,7.221345041783241,6.874911507002231,7.191479682922363,185271163
2009-05-27,7.257181256425644,7.281073681540185,6.952558971827598,6.976451396942139,211276284
2009-05-28,7.030210033613633,7.19745425827789,6.9107506745255245,7.173562526702881,228614303
2009-05-29,7.233291038731503,7.376642814417912,7.095912195264278,7.304966926574707,231964224
2009-06-01,7.400536497670058,7.519995863495273,7.31094179799787,7.382616996765137,236336489
2009-06-02,7.281070908599601,7.376638469023065,7.221341621592795,7.263152122497559,237238566
2009-06-03,7.2153709538715605,7.28107389776525,7.095910928389788,7.167586803436279,172765434
2009-06-04,7.233290167173965,7.436371941795369,7.215371372675492,7.424426078796387,200735723
2009-06-05,7.549856140736393,7.567774928347334,7.30496323853633,7.358720302581787,188049530
2009-06-08,7.287042231600045,7.48415023771489,7.2810693042154995,7.412475109100342,114387228
2009-06-09,7.454291456484494,7.490129750156832,7.376642638276226,7.466238021850586,114763791
2009-06-10,7.5080440296555935,7.514016958138927,7.263151858201263,7.352746486663818,193137006
2009-06-11,7.3527451340424665,7.5199885032345835,7.340799279273376,7.412475109100342,192736070
2009-06-12,7.406506421186482,7.466237137301546,7.388588328292582,7.460264205932617,101101415
2009-06-15,7.388587868128499,7.406505959906454,7.239262489566654,7.26912784576416,117569979
2009-06-16,7.287048569303215,7.304967367041216,7.113832122076475,7.1436967849731445,139644394
2009-06-17,7.095911209974725,7.107857072754374,6.874911346125438,6.934641361236572,255798230
2009-06-18,6.958531217301925,7.137720513281059,6.9525575863041,7.1018829345703125,149106352
2009-06-19,7.192541637772118,7.270590868624591,7.090477475835475,7.228564739227295,218644804
2009-06-22,7.132503945910714,7.1805345152021145,6.802295808415583,6.808299541473389,163965753
2009-06-23,6.862331891617178,6.958392298043629,6.784282679240294,6.886346817016602,172708561
2009-06-24,6.982410661828026,7.084474839561617,6.9163681814670115,6.97040319442749,133115662
2009-06-25,6.946388248055261,7.1204986572265625,6.904361403130022,7.1204986572265625,156577784
2009-06-26,7.0844717786953675,7.186535912331858,7.048448687228605,7.1565165519714355,90023153
2009-06-29,7.174528446945385,7.264585118329359,7.096479237768777,7.2465739250183105,137113950
2009-06-30,7.252578291638328,7.270589486527632,7.120495490954649,7.174529075622559,124690329
2009-07-01,7.186536847665554,7.222559943820752,7.126498823959438,7.132502555847168,71842391
2009-07-02,7.060457140648692,7.066460167169792,6.868335622967034,6.886346817016602,125072185
2009-07-06,6.820303775780267,6.904356703589925,6.754262038609402,6.8923492431640625,107628053
2009-07-07,6.898357678870923,6.916368881795481,6.76027038012443,6.784286022186279,119638920
2009-07-08,6.796292558501255,6.814303758955075,6.5021060936105,6.670212745666504,248119375
2009-07-09,6.766271341564277,6.826309364871215,6.7002295864095265,6.754263877868652,160788419
2009-07-10,6.706233808074998,6.724245003040972,6.616176423587548,6.6642069816589355,117735302
2009-07-13,6.8143033984243075,7.096481676587371,6.772277266255578,7.09047794342041,278149374
2009-07-14,7.096478180357364,7.10848634560418,6.9764021665181835,7.060455799102783,195259127
2009-07-15,7.174526144701205,7.444696072157906,7.16251868634693,7.3606438636779785,222874027
2009-07-16,7.294604718911324,7.40867703431757,7.21655549962293,7.336632251739502,147851963
2009-07-17,7.354642927663924,7.384662292655827,7.234567582182819,7.288601875305176,173246139
2009-07-20,7.3426350516955985,7.39666934178677,7.2946044933002465,7.348639488220215,135604252
2009-07-21,7.354640624279722,7.3786562497176105,7.210550395795475,7.282595157623291,156874455
2009-07-22,7.150514628897394,7.348639900460147,7.138507164832167,7.288601875305176,123101477
2009-07-23,7.300610598948198,7.540762036172685,7.258584467469117,7.4987359046936035,156626901
2009-07-24,7.432691845590362,7.498734304911606,7.3606470641391315,7.45670747756958,89317544
2009-07-27,7.480724420281216,7.594796764638245,7.450705753255155,7.576785564422607,113482936
2009-07-28,7.510742229846038,7.5887914527079765,7.486727301220473,7.558772087097168,73711911
2009-07-29,7.510742229846038,7.594795184864368,7.486727301220473,7.558772087097168,124764312
2009-07-30,7.6308181130564225,7.822939670023612,7.6308181130564225,7.732882976531982,161803625
2009-07-31,7.73288174103743,7.816934688522274,7.6848511832623245,7.810930252075195,161635840
2009-08-03,7.955024397302505,8.021066170453949,7.900990795947784,8.009057998657227,141779933
2009-08-04,7.967031650476582,8.213186831196255,7.9370122790338495,8.171160697937012,123182969
2009-08-05,8.219187895225875,8.495362334013786,8.1771603695617,8.45333480834961,205272204
2009-08-06,8.585418690414059,8.615437343616165,8.321251722920845,8.39329719543457,290627775
2009-08-07,8.513376444647417,8.76553606731002,8.465345872514302,8.61544132232666,233042703
2009-08-10,8.60343120324057,8.675477397546713,8.477352125276916,8.579416275024414,117157348
2009-08-11,8.525382225364089,8.53138595709336,8.249207746502394,8.261215209960938,157646661
2009-08-12,8.237196959299128,8.495360865721755,8.231193934307246,8.42931842803955,128570318
2009-08-13,8.561403676815603,8.609434230211093,8.405305259316162,8.603429794311523,166225254
2009-08-14,8.5974270699747,8.603430096427623,8.405305554474964,8.549396514892578,133410610
2009-08-17,8.297235567836836,8.309243027334016,8.177158858379329,8.189167022705078,141513667
2009-08-18,8.267219524557873,8.39329930941924,8.255212060252761,8.357276916503906,99642556
2009-08-19,8.225193735860744,8.405307837724,8.207182537123101,8.351273536682129,96251028
2009-08-20,8.375287959367698,8.585421417852864,8.369284931648894,8.56740951538086,111257534
2009-08-21,8.663468452952399,8.777540761423696,8.615438600820296,8.735514640808105,134382361
2009-08-24,8.861594483072139,8.921633213149557,8.645458719903392,8.669473648071289,152575803
2009-08-25,8.735514088948559,8.861593147659153,8.735514088948559,8.77754020690918,116332824
2009-08-26,8.729512005446898,8.813565673676727,8.651462774801132,8.753527641296387,113992570
2009-08-27,8.747522691448866,8.861594302754055,8.65146157107428,8.843583106994629,100287847
2009-08-28,8.927634387342634,8.945646284558844,8.7535247846059,8.855588912963867,99309571
2009-08-31,8.693490613801554,8.831577903984742,8.68148385075887,8.82557487487793,101467637
2009-09-01,8.759531603709021,8.855592035138727,8.333262337944486,8.351273536682129,234730773
2009-09-02,8.279227256774902,8.40530633015389,8.249207892767476,8.279227256774902,129933281
2009-09-03,8.369285163486548,8.471349324453662,8.309247131517516,8.441329956054688,97488183
2009-09-04,8.495364581796895,8.53739070892334,8.417315355161756,8.53739070892334,89279383
2009-09-08,8.663468620850084,8.675476788944604,8.5253820884654,8.57341194152832,99369767
2009-09-09,8.597429838994383,8.735517112604823,8.573414201304104,8.705497741699219,111341365
2009-09-10,8.67547607274751,8.795552105149607,8.57341123375711,8.77754020690918,114235569
2009-09-11,8.807560834001823,8.813564566002425,8.717503444335115,8.72350788116455,80452005
2009-09-14,8.60943486158915,8.861593699543068,8.603430425249243,8.837578773498535,88924363
2009-09-15,8.861592643759707,8.945646284558844,8.747521053810061,8.855588912963867,129108388
2009-09-16,8.90962461901445,9.161784172058105,8.885609691992693,9.161784172058105,153591131
2009-09-17,9.155779337905232,9.263847914468114,9.065722660655346,9.13176441192627,137935027
2009-09-18,9.172116233178492,9.18416091755073,9.063713366814703,9.117915153503418,112413566
2009-09-21,9.033599853515625,9.081779292176298,9.003488146236176,9.033599853515625,103587296
2009-09-22,9.166092555921686,9.25040604126047,9.111890777127634,9.238361358642578,105834240
2009-09-23,9.2564301790599,9.298587283417922,9.039624435833046,9.051669120788574,134086798
2009-09-24,9.105868967344913,9.129959041000417,8.816793739587501,8.87099552154541,163284149
2009-09-25,8.822820716669181,8.901111900128578,8.720438741814148,8.786685943603516,143733037
2009-09-28,8.834857643160102,9.093820343384827,8.822812965058478,9.081775665283203,96599401
2009-09-29,9.117912485675248,9.184158230339587,9.021553624863888,9.039621353149414,127167716
2009-09-30,9.093821119709574,9.12393281753422,8.895081793026915,8.997462272644043,180006914
2009-10-01,8.949287076691109,8.967353394052406,8.593964688571013,8.599987030029297,157511128
2009-10-02,8.455446719926325,8.708387808426911,8.413290343185114,8.606006622314453,158977372
2009-10-05,8.714414270153664,8.89508595567748,8.690324193607134,8.877018928527832,121768797
2009-10-06,8.997464314276865,9.087800842275911,8.858949058826052,8.991442680358887,157014296
2009-10-07,8.949290185638022,9.093827137861945,8.931222447972957,9.087804794311523,120700289
2009-10-08,9.154050789977862,9.208252586041752,9.069737277775012,9.099849700927734,112612372
2009-10-09,9.075757507848108,9.184160367722138,9.057689775357773,9.178138732910156,73837719
2009-10-12,9.220294557984905,9.262450948168343,9.166092777878358,9.250406265258789,91643272
2009-10-13,9.190182833542709,9.220294540760342,9.081779273532126,9.160070419311523,91537160
2009-10-14,9.358808992169768,9.491301906404889,9.292562535052207,9.473234176635742,164466893
2009-10-15,9.370852809233893,9.406987558424063,9.304606358229773,9.388919830322266,103035685
2009-10-16,9.214272311769385,9.238361677837482,9.142003506551532,9.166092872619629,138771615
2009-10-19,9.202228657260546,9.256429736971773,9.123936794761494,9.208250999450684,114214273
2009-10-20,9.190184053970183,9.244385134159655,9.081780479563948,9.135981559753418,131393863
2009-10-21,9.111890604375416,9.262450548271678,8.955308319284383,8.961331367492676,105829686
2009-10-22,9.003489569248062,9.244385386598184,8.967354807788029,9.226318359375,148468694
2009-10-23,9.24438337437047,9.274495079854686,9.03359931494042,9.093823432922363,108821016
2009-10-26,9.087799503646329,9.117911910881629,8.81076974056458,8.85894775390625,149608600
2009-10-27,8.864972429360991,8.901107183278226,8.738501851170946,8.792703628540039,125341405
2009-10-28,8.756564887970342,8.792699625436304,8.497602215352602,8.521692276000977,145026326
2009-10-29,8.67225787347115,8.889063613294265,8.606010693228443,8.877018928527832,147296659
2009-10-30,8.798723231127557,8.798723231127557,8.413289982384692,8.461468696594238,168815032
2009-11-02,8.52771794903789,8.678277894640777,8.298866860002041,8.533740997314453,209353831
2009-11-03,8.389202190427543,8.593963902316391,8.383180556533727,8.557829856872559,135013126
2009-11-04,8.68430251630774,8.708391885724296,8.42533896702512,8.437383651733398,156933912
2009-11-05,8.509649620278855,8.666231883132607,8.449425509870467,8.654187202453613,128854925
2009-11-06,8.509649649113307,8.660209572137726,8.497604968393501,8.61805248260498,91056947
2009-11-09,8.738500081396204,8.937239420157287,8.684299022017761,8.92519474029541,123283911
2009-11-10,8.883042555618072,8.955311381682186,8.810774436567725,8.895087242126465,86729120
2009-11-11,8.985421981397058,9.111892588047075,8.955310268867855,9.015534400939941,123428800
2009-11-12,8.997462758571242,9.057686864486397,8.828835827619503,8.846902847290039,112801454
2009-11-13,8.858951970290772,8.895086734768658,8.756571433795258,8.828840255737305,92111052
2009-11-16,8.937239420157287,9.045642245927548,8.883037653765468,8.92519474029541,150075519
2009-11-17,8.907129608724112,8.967353732594132,8.87099555861025,8.949287414550781,70430557
2009-11-18,8.961329639217732,9.027575379584086,8.925194892004516,9.021553039550781,90591013
2009-11-19,8.96735105912035,8.973374106023899,8.810769514962338,8.846902847290039,95800113
2009-11-20,8.774636605088181,8.846904698895614,8.756568874622804,8.792703628540039,65219734
2009-11-23,8.889062486237762,8.979399024559438,8.870995461378856,8.919174194335938,91208237
2009-11-24,8.895086468080668,8.925198888745046,8.804750620114945,8.852930068969727,75278974
2009-11-25,8.901109183603154,8.907130819093483,8.816794974519715,8.83486270904541,54272328
2009-11-27,8.581920712668,8.73247995613866,8.551808298363023,8.599987030029297,93325557
2009-11-30,8.642146211478359,8.846907284469385,8.636123868567665,8.828840255737305,124414954
2009-12-01,8.889063791581464,8.913153868611166,8.786683261999686,8.83486270904541,106757244
2009-12-02,8.816795569915918,8.870997363125884,8.780661512451758,8.828840255737305,76497910
2009-12-03,8.901107831288623,8.997465296713463,8.630098924713414,8.64816665649414,205411431
2009-12-04,8.810770034790039,8.846903369249574,8.66020940761252,8.810770034790039,240718603
2009-12-07,8.774636617637361,8.828837688070452,8.636121356947978,8.66623306274414,99919162
2009-12-08,8.612031239282805,8.654187623711314,8.563851807208193,8.58794116973877,133715775
2009-12-09,8.606007801885175,8.666231912497627,8.53976135091282,8.61805248260498,90631636
2009-12-10,8.642141366534535,8.684298450289075,8.563850245573242,8.606006622314453,86215178
2009-12-11,8.61203199231105,8.672256110916893,8.539762484373222,8.66623306274414,81270989
2009-12-14,8.69032261703281,8.72043432348611,8.606009131950039,8.714412689208984,72967894
2009-12-15,8.66020973677751,8.696344486637313,8.539761513262757,8.575896263122559,105373600
2009-12-16,8.630098342895508,8.684300827569935,8.593964295797253,8.630098342895508,112051283
2009-12-17,8.557829581985828,8.58191965185474,8.467493057250977,8.467493057250977,113375592
2009-12-18,8.529151611844812,8.607733392775913,8.468703924289004,8.595643997192383,116291955
2009-12-21,8.63795634362664,8.722582817077637,8.631911646211433,8.722582817077637,71633860
2009-12-22,8.716538146437468,8.746761631145759,8.698403345974441,8.740716934204102,32138456
2009-12-23,8.752805565554151,8.764895669002458,8.686313899597737,8.704448699951172,47493211
2009-12-24,8.734672224846152,8.78303050994873,8.728627527913087,8.78303050994873,22487785
2009-12-28,8.795119049863661,8.819297835248316,8.716537287725554,8.75280475616455,36303913
2009-12-29,8.776980599199115,8.783026002667848,8.716533660888672,8.716533660888672,32447806
2009-12-30,8.680269935171193,8.728628224130953,8.644001750679957,8.722582817077637,35503394
2009-12-31,8.734672184476814,8.776985062812715,8.692358596502865,8.704448699951172,40923487
2010-01-04,8.77698398531419,8.903924024014312,8.75884989682502,8.879744529724121,92942347
2010-01-05,8.867656817692543,9.042954444885254,8.85556742404312,9.042954444885254,96770018
2010-01-06,9.036912628030292,9.097360325179498,8.970420232129994,9.061091423034668,75492798
2010-01-07,9.07922583221856,9.30892652159194,9.061091735340257,9.254524230957031,117869112
2010-01-08,9.206162761759797,9.254521046433252,9.12758099268921,9.200118064880371,111866140
2010-01-11,9.290788915806754,9.296833612483251,9.15176018260927,9.206162452697754,72747299
2010-01-12,9.133625966891985,9.175938843045207,9.012730615749616,9.0731782913208,137613736
2010-01-13,9.073179943177912,9.206164002079895,9.000642151575898,9.17594051361084,100839458
2010-01-14,9.145716055777237,9.24847733293002,9.12153726568864,9.218253135681152,70844542
2010-01-15,9.163848244705418,9.169892230865868,9.0187734166308,9.030862808227539,118059301
2010-01-19,8.994595695631896,9.15175921182559,8.946237417711549,9.145713806152344,100437782
2010-01-20,9.085271873298616,9.181987773020854,9.02482416985784,9.121540069580078,99359426
2010-01-21,9.115491470173996,9.17593914775248,8.76489550792922,8.861611366271973,310007531
2010-01-22,8.831392331233902,8.873705939746298,8.523109091245628,8.571467399597168,260932239
2010-01-25,8.692357659467703,8.728626546626742,8.53519413760047,8.619820594787598,179396215
2010-01-26,8.56541888186456,8.70444832395309,8.456612922996136,8.46870231628418,151799780
2010-01-27,8.492882743914858,8.692359900626002,8.456614557042736,8.674225807189941,254674696
2010-01-28,8.74072110865855,8.783034717096639,8.523109076277972,8.631915092468262,275452007
2010-01-29,8.69236281565682,8.807213531877329,8.547288600240595,8.571467399597168,222839929
2010-02-01,8.625861834147628,8.74071243621285,8.625861834147628,8.716533660888672,155187738
2010-02-02,8.72258474105492,8.825346039056138,8.686316548563854,8.801166534423828,135155306
2010-02-03,8.752805565554151,8.813253953881537,8.680269202692608,8.704448699951172,131388692
2010-02-04,8.625865785363384,8.637955178563214,8.323628116815613,8.329672813415527,266891017
2010-02-05,8.378032358164749,8.450569437930842,8.166465816377132,8.426390647888184,315216015
2010-02-08,8.444525057362023,8.444525057362023,8.245047903108913,8.257137298583984,132199183
2010-02-09,8.359896633255017,8.402210220797345,8.220867896217179,8.34176254272461,190172389
2010-02-10,8.353857091245274,8.498930602322078,8.29945408106746,8.408259391784668,155220729
2010-02-11,8.40825584571807,8.468703530462836,8.208779408589903,8.426390647888184,92212240
2010-02-12,8.329670695302239,8.4324312210083,8.275268439736708,8.4324312210083,125390768
2010-02-16,8.49288210377911,8.619822167539972,8.4384798275714,8.607732772827148,134800901
2010-02-17,8.674222641513618,8.674222641513618,8.595640888997776,8.637953758239746,81067751
2010-02-18,8.601686859798004,8.716537512614247,8.595642163295885,8.692358016967773,73617370
2010-02-19,8.637955666919806,8.770940418912392,8.631910969978147,8.740716934204102,72633555
2010-02-22,8.77093791876948,8.90392263285497,8.758848528332226,8.855565071105957,86110666
2010-02-23,8.813253366286135,8.879745027809433,8.662133824819183,8.692358016967773,144519031
2010-02-24,8.698404285313575,8.855568551682989,8.698404285313575,8.84347915649414,87297473
2010-02-25,8.72258217341907,8.83138813813997,8.668179900696678,8.81929874420166,130407585
2010-02-26,8.81930001274407,8.90392649212272,8.77094172039706,8.873703002929688,129857821
2010-03-01,8.903924296873198,8.922058385918083,8.843477333390243,8.897879600524902,65465319
2010-03-02,8.922063515508437,9.01273543213913,8.916018815684843,8.928108215332031,71151554
2010-03-03,8.940193729685026,9.000641411289566,8.9099702437018,8.934149742126465,69710915
2010-03-04,8.958327953245291,9.030864314927612,8.94623855963157,9.024820327758789,65092695
2010-03-05,9.073178720774377,9.21825215551865,9.061088617377479,9.200118064880371,99635663
2010-03-08,9.218253135681152,9.25452203045217,9.200119043114704,9.218253135681152,66161942
2010-03-09,9.169895443604439,9.308924914952739,9.139671954023578,9.248477935791016,110608058
2010-03-10,9.308922051709299,9.405638607896261,9.290787963538476,9.351236343383789,123834045
2010-03-11,9.327056659197924,9.43586189564063,9.314967267330728,9.429817199707031,75285990
2010-03-12,9.508400827782076,9.508400827782076,9.351237992940161,9.393550872802734,125183468
2010-03-15,9.339147889055637,9.411684964172407,9.290789602431765,9.393550872802734,86475904
2010-03-16,9.423773501709029,9.514445369590621,9.3995940057762,9.508399963378906,92828356
2010-03-17,9.562803283769425,9.653475154889872,9.550713180552139,9.623250961303711,113668817
2010-03-18,9.605114630818482,9.61720402157823,9.508398085464759,9.568845748901367,91978843
2010-03-19,9.505839347839355,9.614893315871882,9.469487788076663,9.505839347839355,110142617
2010-03-22,9.408902180696453,9.560364746889785,9.402843706498938,9.554306983947754,78909193
2010-03-23,9.578540156134263,9.639125604781679,9.524013892481475,9.63306713104248,79992227
2010-03-24,9.572482135897713,9.687594573459968,9.572482135897713,9.639126777648926,86346279
2010-03-25,9.7057693729781,9.887525004777467,9.669417819864977,9.681534767150879,150906813
2010-03-26,9.723947390341342,9.814825230506722,9.639128025436616,9.693655014038086,218970526
2010-03-29,9.748179812946349,9.778472895910875,9.645185037880157,9.705770492553711,76076908
2010-03-30,9.711827731066943,9.742120812395225,9.620949909593023,9.645184516906738,59183033
2010-03-31,9.58460279505253,9.699714557376831,9.5785443186805,9.66336441040039,72467985
2010-04-01,9.742119789123535,9.772412156014571,9.675476581963256,9.742119789123535,59488321
2010-04-05,9.796646701623297,9.851172961697891,9.772412097001428,9.839056015014648,55300582
2010-04-06,9.832999594898782,9.966286737860361,9.814823461137925,9.942052841186523,63364125
2010-04-07,9.966288295771784,10.002639857720427,9.845118082206024,9.9057035446167,91544300
2010-04-08,9.86935313590331,10.01475797817727,9.826943093883541,9.984465599060059,86447591
2010-04-09,10.0208158493042,10.045050462391227,9.960230383470074,10.0208158493042,64967625
2010-04-12,10.051107131629234,10.105634116065357,10.038990182033551,10.063224792480469,56718325
2010-04-13,10.051103541558437,10.123806635675418,10.002635760487514,10.069279670715332,85280479
2010-04-14,10.196512497423832,10.33585883805607,10.184395548021993,10.32979965209961,155369926
2010-04-15,10.354035604201396,10.372210319404338,10.257098573911064,10.287391662597656,101626682
2010-04-16,10.244976042000712,10.257092986372404,9.736059399602892,9.91175651550293,468533372
2010-04-19,9.796649697863337,10.026873889023639,9.784532747474206,10.008698463439941,319699563
2010-04-20,10.087458666530523,10.141984939575195,10.026873207447558,10.141984939575195,151176894
2010-04-21,10.148046485570836,10.238924339701414,9.966290066053963,10.081401824951172,210131946
2010-04-22,9.972349061874718,10.166222443877064,9.929939726323292,10.135930061340332,123733596
2010-04-23,10.15410180900828,10.208628077803297,10.099574828957767,10.166218757629395,109054906
2010-04-26,10.160161765815287,10.160161765815287,9.984464562661678,10.008698463439941,128910443
2010-04-27,9.89964443218519,10.008698407590037,9.645186341666536,9.66942024230957,289883143
2010-04-28,9.802707648201864,9.875409341369044,9.717887583662469,9.808765411376953,194917032
2010-04-29,9.935995263541226,10.087458553930169,9.887526754564771,10.03293228149414,153177515
2010-04-30,9.984463607704916,10.014755980780453,9.77241415115403,9.790590286254883,206146707
2010-05-03,9.875413044603977,10.00264247786802,9.84512066109148,9.978407859802246,110817944
2010-05-04,9.832999876242624,9.863292247951652,9.645185037880157,9.705770492553711,195182313
2010-05-05,9.548250324993663,9.814825374130022,9.511898761642204,9.6512451171875,227201362
2010-05-06,9.608837499755063,9.717891506033633,8.821227682068702,9.245326042175293,385070710
2010-05-07,9.251380565457586,9.414961517545107,9.009039441585937,9.142327308654785,434082852
2010-05-10,9.614894265091658,9.70577210658688,9.493723335594284,9.6512451171875,220172844
2010-05-11,9.505840881318282,9.77241594714111,9.49978240558974,9.61489486694336,149938016
2010-05-12,9.675479722267891,9.730006000368979,9.596718120277307,9.723947525024414,108045855
2010-05-13,9.693655027330493,9.71788892840633,9.548250198364258,9.548250198364258,117497842
2010-05-14,9.439195858539136,9.445254333575447,9.202913198356349,9.299849510192871,185612150
2010-05-17,9.299849727946834,9.384669802952363,9.081742487766038,9.305908203125,215164644
2010-05-18,9.414963109204503,9.421020873725686,8.972689398704851,9.03933334350586,245298293
2010-05-19,8.954514168828291,9.142328329645345,8.869694090307966,9.0514497756958,282446426
2010-05-20,8.88181128301817,8.912103660989128,8.615236223106798,8.63341236114502,264759910
2010-05-21,8.451657194118008,9.05145210607867,8.451657194118008,8.93634033203125,256736868
2010-05-24,8.978745917348116,8.978745917348116,8.6697601882778,8.681877136230469,132667948
2010-05-25,8.439539252573395,8.766700527976868,8.385012966052589,8.760642051696777,202843441
2010-05-26,8.899986228687276,8.918162365742935,8.65158660898641,8.700055122375488,153920670
2010-05-27,8.887868461450827,9.099916481841726,8.839399956394214,9.09385871887207,150171413
2010-05-28,9.069627679352509,9.075686155961487,8.863638052135782,8.893930435180664,156946837
2010-06-01,8.796990694206418,8.92422008656211,8.693995912124292,8.7061128616333,102271849
2010-06-02,8.796989116701614,8.978745460510254,8.712169774093082,8.978745460510254,97060780
2010-06-03,9.015101737406157,9.033277167933754,8.833345298362813,8.930281639099121,126116689
2010-06-04,8.748525536259502,8.796993348921928,8.530417534255532,8.57282829284668,146914680
2010-06-07,8.609177086243077,8.651586412144965,8.372894422451497,8.403186798095703,128171597
2010-06-08,8.451652843617437,8.584941402533094,8.30018957434595,8.578882217407227,180966602
2010-06-09,8.639472812289789,8.706116775807278,8.451657876693982,8.488009452819824,153438734
2010-06-10,8.615233662581803,8.784872351312316,8.55464821339078,8.76669692993164,138725329
2010-06-11,8.681877739991329,8.821224073648438,8.657643842400704,8.790931701660156,66406172
2010-06-14,8.863636386064892,8.906045714356173,8.742464742894335,8.754582405090332,111620925
2010-06-15,8.809108929259535,8.978748380908385,8.754582648511782,8.960572242736816,124529437
2010-06-16,8.906048313056166,9.015102325851645,8.869696738372394,8.966633796691895,76874719
2010-06-17,8.990869187595864,9.00298685532502,8.85758124387877,8.95451831817627,88713985
2010-06-18,8.997621416596674,9.02190697077317,8.936908600281464,9.003692626953125,82191162
2010-06-21,9.10690488004487,9.137261647792135,8.942980757562239,8.99155044555664,105541262
2010-06-22,8.997622028769767,9.040120504156409,8.839768410510029,8.851911544799805,102404305
2010-06-23,8.85797952272096,8.900477982597172,8.754768264556827,8.809409141540527,147406957
2010-06-24,8.754769191454752,8.833695623760125,8.615129954433582,8.651557922363281,180425454
2010-06-25,8.760837487683709,8.906548610057728,8.639412621497586,8.888334274291992,174342222
2010-06-28,8.89440953294855,8.918693659999605,8.779055118389223,8.803339958190918,97958795
2010-06-29,8.68191357520778,8.694055993050991,8.420848740576663,8.487632751464844,190216582
2010-06-30,8.475491157675123,8.572631222616048,8.347994332424129,8.384422302246094,152587990
2010-07-01,8.372278070469271,8.43906136064031,8.105142058783379,8.305493354797363,164533121
2010-07-02,8.366212680174963,8.378355106048057,8.141575663269744,8.208359718322754,82338882
2010-07-06,8.390492650260155,8.432991112479877,8.165855070382419,8.256924629211426,131649787
2010-07-07,8.311567901968724,8.639416099219172,8.299424768986665,8.62120246887207,135275082
2010-07-08,8.724414349835797,8.736556770897039,8.55441902947701,8.687986373901367,99375306
2010-07-09,8.657627502195961,8.827622767201762,8.651557006392691,8.809409141540527,99814035
2010-07-12,8.797267680680394,8.839766145176114,8.712270038938401,8.821553230285645,67070912
2010-07-13,8.936908833315242,9.088690521685693,8.930836910049774,9.040120124816895,103837681
2010-07-14,8.997623929017452,9.003695141069178,8.876198262481152,8.973339080810547,95201847
2010-07-15,8.985479714654131,9.003693347180441,8.760842062493339,8.955122947692871,118284082
2010-07-16,8.845840978302641,8.864054611937762,8.554419989137546,8.578704833984375,174393677
2010-07-19,8.590846178526906,8.627273438204439,8.432992581672346,8.5726318359375,87813508
2010-07-20,8.414777448507685,8.67584156780868,8.402635030784456,8.66369915008545,113625609
2010-07-21,8.821554045725131,8.821554045725131,8.499776363903411,8.52406120300293,126180578
2010-07-22,8.633344302353306,8.809410809243877,8.633344302353306,8.77298355102539,103468874
2010-07-23,8.754771458963228,8.864053965555676,8.675844293464964,8.839768409729004,85939803
2010-07-26,8.851907763770962,8.97940384822259,8.80333738561055,8.961190223693848,97582109
2010-07-27,9.076549189934033,9.119047668637613,8.967265962051817,8.985480308532715,114958905
2010-07-28,8.961190327957326,9.01583191492974,8.876192699750481,8.906549453735352,60830850
2010-07-29,8.985479118187238,9.027977591260859,8.827625508518835,8.936908721923828,86025234
2010-07-30,8.821553949125795,8.99154853371154,8.821553949125795,8.930835723876953,72789892
2010-08-02,9.058331037180475,9.161543010450085,9.021904497777335,9.155471801757812,120011913
2010-08-03,9.106899357374111,9.131184186644333,9.04011536413067,9.052258491516113,81845251
2010-08-04,9.088692665100098,9.119048724832869,9.034051757581109,9.088692665100098,82030516
2010-08-05,9.021902454928336,9.070471400718448,8.997616912907784,9.052258491516113,50578959
2010-08-06,8.961195943956207,9.009766353120904,8.851913414274247,8.973339080810547,101926554
2010-08-09,9.01583302362953,9.046189781347445,8.930834672219785,9.021904945373535,49583449
2010-08-10,8.9369066962105,9.015833126779233,8.882265814644056,8.942977905273438,81174971
2010-08-11,8.803339102852824,8.809410312213364,8.615130187174914,8.627272605895996,117411918
2010-08-12,8.536199230860555,8.621197549480291,8.505843197603687,8.566555976867676,88825636
2010-08-13,8.560485477975103,8.645483810699284,8.542272567749023,8.542272567749023,64041298
2010-08-16,8.517991065979004,8.55441904196662,8.475492592202613,8.517991065979004,68304497
2010-08-17,8.609056943700152,8.669769740737609,8.536201729805294,8.584772109985352,79810039
2010-08-18,8.57870328531151,8.681915282779732,8.54834652198235,8.62120246887207,68372325
2010-08-19,8.566559287886852,8.602987254624942,8.402635219441766,8.420848846435547,124471211
2010-08-20,8.3904920805681,8.41477691447335,8.31763615335141,8.396562576293945,81137426
2010-08-23,8.439061855945095,8.451204985802967,8.33585059778175,8.34192180633545,66239371
2010-08-24,8.238708242509146,8.281207406918512,8.177995455960199,8.20228099822998,116123431
2010-08-25,8.141567749776819,8.25692210895033,8.06871255260152,8.22656536102295,90747843
2010-08-26,8.269070661648218,8.323712995741726,8.135503283450875,8.159788131713867,88256545
2010-08-27,8.196212429125627,8.341922878645644,8.10514357636326,8.335851669311523,107590139
2010-08-30,8.299427434727846,8.31764107092509,8.153716919648119,8.159788131713867,78521797
2010-08-31,8.153711231771414,8.262994398222759,8.092999153465547,8.232638359069824,131233463
2010-09-01,8.33584902010986,8.560485119582228,8.329777099954878,8.54834270477295,163002496
2010-09-02,8.542274844687263,8.633343696594238,8.536202922659609,8.633343696594238,82205072
2010-09-03,8.74869906563846,8.815483093261719,8.7122718029807,8.815483093261719,108976122
2010-09-07,8.730484118278056,8.736555327805844,8.602988005443937,8.615130424499512,69632992
2010-09-08,8.645483871288299,8.760837530364613,8.639412663586935,8.700124740600586,63465559
2010-09-09,8.833694688505982,8.882265069686415,8.754768264556827,8.809409141540527,100214233
2010-09-10,8.815481308321417,8.851909276354016,8.785125262253045,8.821553230285645,48934712
2010-09-13,8.955120216637187,9.034047359015494,8.955120216637187,9.009761810302734,93892679
2010-09-14,8.979406114294745,8.99762045617055,8.882266758960382,8.930835723876953,81324661
2010-09-15,8.864050180123456,8.973333352796773,8.83369413924222,8.961190223693848,91766372
2010-09-16,8.930836798734042,8.942979932362917,8.876195904782243,8.936908721923828,65492647
2010-09-17,8.969156564289628,8.987411115334428,8.877883094713622,8.890052795410156,80925078
2010-09-20,8.902225568764209,9.08477255627509,8.890055150491584,9.060432434082031,64263001
2010-09-21,9.084771364364338,9.109110769011906,8.944818358936635,8.975242614746094,103705472
2010-09-22,8.914391976626566,8.999579872571742,8.810947388494503,8.829202651977539,114854147
2010-09-23,8.744014488983568,8.81703340359524,8.640571324263686,8.658825874328613,127349658
2010-09-24,8.76227022374455,8.890052795410156,8.756184659044282,8.890052795410156,94600257
2010-09-27,8.890052407472698,8.890052407472698,8.774439541548652,8.792694091796875,76726384
2010-09-28,8.823118787018217,8.83528848779722,8.70750520091367,8.810948371887207,101337767
2010-09-29,8.780522883511905,8.823117544592463,8.701419839587265,8.744013786315918,82229692
2010-09-30,8.79877800651084,8.902221875624601,8.725759098928377,8.731843948364258,132373000
2010-10-01,8.817033359847416,8.853543174148081,8.725759895623694,8.823118209838867,162650799
2010-10-04,8.810947101827841,8.877881875168018,8.719673644789978,8.762269020080566,105309096
2010-10-05,8.841374100320383,8.999580925654435,8.774440031322126,8.963071823120117,163731125
2010-10-06,8.98132869631204,9.005668818646198,8.926565028352623,8.956989288330078,79712666
2010-10-07,8.999577794752488,9.030002750631759,8.871795265985183,8.9204740524292,88379153
2010-10-08,8.932645937062443,8.963070183609217,8.896136126854433,8.944815635681152,76830034
2010-10-11,8.950902497890391,8.963072914569187,8.89613883742025,8.932648658752441,50798200
2010-10-12,8.883970034981747,9.04826246173812,8.865715479642633,9.036092758178711,81038084
2010-10-13,9.090855294151893,9.127365114643919,9.017837081872006,9.042177200317383,138693077
2010-10-14,8.956984390619628,8.97523893662445,8.798776896540893,8.883965492248535,208325454
2010-10-15,8.914391574496362,8.956985520547526,8.67099545400545,8.731843948364258,163544136
2010-10-18,8.701420710954954,8.938731295197172,8.701420710954954,8.926562309265137,96393824
2010-10-19,8.859626621744303,8.987409890344974,8.768353164608925,8.804862976074219,180636325
2010-10-20,8.810948312178683,8.938731598196291,8.731845257651214,8.890052795410156,118915708
2010-10-21,8.92656261185176,8.993496680034697,8.817033876878952,8.890052795410156,90587936
2010-10-22,8.90830488692163,8.938729130263003,8.859625383223634,8.883965492248535,50796353
2010-10-25,8.963070331609684,8.975240030429342,8.841372629061201,8.85354232788086,56338931
2010-10-26,8.817035500751807,8.883969581262292,8.798780946344982,8.865715026855469,58349523
2010-10-27,8.835292496761939,8.90222731012177,8.80486823100959,8.87180233001709,77185177
2010-10-28,8.920481155220848,8.944821282175058,8.81703793731053,8.87180233001709,71284256
2010-10-29,8.847458975506736,8.877883944512377,8.810949155570382,8.859628677368164,49026545
2010-11-01,8.877883944512377,8.938732453819519,8.774440764338166,8.859628677368164,80929756
2010-11-02,8.91439044994171,8.92047458425818,8.859625383223634,8.883965492248535,67197828
2010-11-03,8.890056280070048,8.975244932689417,8.823122185650769,8.969160079956055,133181275
2010-11-04,9.06043070176367,9.285573038654126,9.054346565318905,9.267317771911621,204934664
2010-11-05,9.291658815517062,9.54114059964015,9.267319408032733,9.480291366577148,203857416
2010-11-08,9.468120611499202,9.474205462694625,9.322082754104848,9.407271385192871,110754301
2010-11-09,9.437696049398765,9.443780900396819,9.169959748076106,9.23080825805664,150410720
2010-11-10,9.230803744026183,9.340332437133782,9.151700005382574,9.334247589111328,149972115
2010-11-11,9.242979049682617,9.28557372275047,9.194300239721763,9.242979049682617,73585118
2010-11-12,9.194300212365054,9.224724468500064,9.066516907893805,9.090855598449707,109245218
2010-11-15,9.151701479751106,9.24906049249865,9.1212772347374,9.133447647094727,88027456
2010-11-16,9.084769021313296,9.096938720498395,8.908306240073628,8.981325149536133,166446464
2010-11-17,8.97523840153048,8.999577794752488,8.89613465920719,8.9204740524292,111420026
2010-11-18,9.030006783918655,9.103025710550623,9.00566737982536,9.042177200317383,105170116
2010-11-19,8.993497677778711,9.042177200317383,8.956987857286686,9.042177200317383,53682925
2010-11-22,8.981323107336795,8.987407955545754,8.8474550180362,8.908304214477539,119643844
2010-11-23,8.810950285218139,8.841375972476712,8.7622721858835,8.768356323242188,104476201
2010-11-24,8.829203005212191,8.908306768963671,8.804863605396953,8.902222633361816,72325066
2010-11-26,8.823116695937037,8.871796201868,8.77443790435791,8.77443790435791,39044858
2010-11-29,8.756183474835918,8.883966743571795,8.737928926259908,8.847456932067871,101123080
2010-11-30,8.774441987841765,8.865715478881675,8.7622722842834,8.798781394958496,94421024
2010-12-01,8.92656380545096,8.981327465907986,8.902224400803393,8.975242614746094,102218916
2010-12-02,9.017835843946276,9.218637328855053,9.005666143570227,9.206467628479004,139900073
2010-12-03,9.145622064723367,9.2551501176468,9.09694253322839,9.236895561218262,111832288
2010-12-06,9.212552209492516,9.255146156261386,9.176042397910152,9.224721908569336,64905337
2010-12-07,9.35250846628454,9.35250846628454,9.21255615264688,9.236895561218262,131973540
2010-12-08,9.242974549250421,9.389012336730957,9.23080413833391,9.389012336730957,119732230
2010-12-09,9.449864767499204,9.522882971873376,9.401185250231086,9.504629135131836,95687230
2010-12-10,9.535054579983008,9.595903805593627,9.47420535437239,9.589818954467773,69683833
2010-12-13,9.632411165838692,9.650665715906408,9.553307401193292,9.583731651306152,62184704
2010-12-14,9.583733322516318,9.62024314337029,9.46203487213919,9.498544692993164,85879730
2010-12-15,9.455949130453075,9.535052895466329,9.401184765643293,9.419439315795898,101531526
2010-12-16,9.443780523284065,9.498544180079701,9.38293058702926,9.431610107421875,108179541
2010-12-17,9.447489371774934,9.49023777397501,9.398633338032537,9.484130859375,76205917
2010-12-20,9.502450109628947,9.52687776418958,9.459701714147844,9.490236282348633,49879628
2010-12-21,9.526877099255664,9.661230623846247,9.526877099255664,9.655123710632324,59296901
2010-12-22,9.691765074763278,9.783369482049485,9.673443619752367,9.765048027038574,87852408
2010-12-23,9.746728962535382,9.75283659321579,9.655124539520205,9.691766738891602,36235347
2010-12-27,9.642910820661509,9.777263641357422,9.636803189912307,9.777263641357422,29735790
2010-12-28,9.777263641357422,9.807798927334568,9.752836703071694,9.777263641357422,42018708
2010-12-29,9.789476215515876,9.795583845483051,9.746727824340525,9.758941650390625,31035357
2010-12-30,9.758944340693766,9.758944340693766,9.691768278899412,9.728409767150879,45377614
2010-12-31,9.70398032199812,9.752836347615599,9.691766494829299,9.740622520446777,27080400
2011-01-03,9.874977030473875,9.97879529616292,9.850548655002918,9.954367637634277,113566767
2011-01-04,9.991009248322296,10.003223794679178,9.856656407819832,9.942153930664062,65761128
2011-01-05,9.905510343452882,10.076506082226196,9.893296515742406,10.058184623718262,119644460
2011-01-06,10.064290283315728,10.082611021293125,9.984899701804924,9.991005897521973,82408064
2011-01-07,10.027648689418964,10.03986251546682,9.783370017635464,9.905508995056152,219266212
2011-01-10,9.850548435772838,9.911619014619909,9.789478573868065,9.881084442138672,107038774
2011-01-11,9.942148202700961,9.991003492212231,9.874971462681058,9.917719841003418,61620659
2011-01-12,10.033756014518676,10.088718950933425,10.015435274694479,10.082612037658691,100785048
2011-01-13,10.100934277465418,10.11314882277089,10.015436761980679,10.052078247070312,74704466
2011-01-14,10.045968369533835,10.235284804145921,10.033754544773451,10.210856437683105,113359713
2011-01-18,10.186427465005035,10.198641288178914,10.100929985845926,10.149785995483398,75478150
2011-01-19,10.070397623440153,10.107039820501077,9.893295702315152,9.92383098602295,144544020
2011-01-20,9.92383074499754,10.009328246806954,9.887188548826565,9.972686767578125,115484911
2011-01-21,10.0398644187071,10.100934277465418,10.003222933617467,10.052078247070312,93333928
2011-01-24,10.070401024526838,10.088722487716108,10.003224954955002,10.03986644744873,54863208
2011-01-25,9.991005363180019,10.052075203447272,9.899400961250164,10.021540641784668,84937892
2011-01-26,10.052079569744985,10.076507946628007,10.003224249863651,10.015438079833984,68221281
2011-01-27,10.015436515247009,10.107040942656647,10.003222687184689,10.100934028625488,88248544
2011-01-28,10.107039820501077,10.18032349768076,9.911617159316696,9.92383098602295,139244565
2011-01-31,9.942154383069626,10.033758824789484,9.942154383069626,10.015438079833984,77839208
2011-02-01,10.07650729228194,10.25360996617819,10.070399660751034,10.223073959350586,78635911
2011-02-02,10.192538747177508,10.223073318205504,10.131468888179253,10.143683433532715,57381711
2011-02-03,10.143679083896458,10.168106730244217,10.052073976208453,10.149785995483398,63619065
2011-02-04,10.137576519327116,10.149790347738314,10.064292831917662,10.143683433532715,76650431
2011-02-07,10.180322767758408,10.314676285778466,10.174215854843144,10.290247917175293,61790537
2011-02-08,10.296355073691183,10.381852567516537,10.265820510518585,10.363531112670898,59912524
2011-02-09,10.29635554703267,10.345211567296904,10.216964962192112,10.290247917175293,68776339
2011-02-10,10.241392613853172,10.3085693728632,10.223071158165265,10.290247917175293,53665322
2011-02-11,10.253607684589046,10.461244168283587,10.229179314728045,10.430708885192871,90898394
2011-02-14,10.424603577580887,10.455138148432445,10.387962092559016,10.43681812286377,43128085
2011-02-15,10.41849726505876,10.473459491983338,10.387961977602853,10.424603462219238,60650508
2011-02-16,10.461245831494766,10.491780402497957,10.418497432090298,10.47956657409668,44080140
2011-02-17,10.44292163875227,10.491777656512683,10.418494705285179,10.467350006103516,43641043
2011-02-18,10.47956645280698,10.50399410932681,10.44292425108498,10.491780281066895,39684855
2011-02-22,10.326891078343985,10.381854016668749,10.143682239851014,10.168109893798828,125808569
2011-02-23,10.16200220633983,10.24139351510904,9.997114826175258,10.125361442565918,142391001
2011-02-24,10.100934028625488,10.14368314378585,9.978794314117806,10.100934028625488,98899648
2011-02-25,10.17421537974698,10.26582050308258,10.16200083754471,10.241392135620117,61174545
2011-02-28,10.3085693728632,10.345211567296904,10.247499526768436,10.290247917175293,68170072
2011-03-01,10.320782708747881,10.320782708747881,10.070396423339844,10.070396423339844,130762113
2011-03-02,10.058179359061548,10.100928450614683,9.972682609838971,10.009324073791504,82293212
2011-03-03,10.11925551711238,10.235288326147447,10.113149319573072,10.216967582702637,103454963
2011-03-04,10.198644528412384,10.198644528412384,10.01543568871261,10.088719367980957,129134485
2011-03-07,10.113145760656568,10.162000342374691,9.978791538514978,10.021540641784668,85241580
2011-03-08,10.064290235463172,10.259712873510406,10.064290235463172,10.241392135620117,98070200
2011-03-09,10.23528522299002,10.290247436660886,10.16200083754471,10.241392135620117,87131903
2011-03-10,10.11925087554878,10.125358504171194,10.009325748358782,10.033753395080566,114185344
2011-03-11,9.972688117028891,10.131468598781286,9.972688117028891,10.100934028625488,107898504
2011-03-14,10.021537895109015,10.052072448402791,9.92382660762708,10.009324073791504,86120391
2011-03-15,9.752832749499191,9.942148434656,9.716190564568949,9.893292427062988,127169809
2011-03-16,9.905510455649617,9.917724283498435,9.642911006073357,9.710087776184082,214034093
2011-03-17,9.844441836269889,9.856655664763693,9.71008828895351,9.826120376586914,120224753
2011-03-18,9.955925869033797,10.04164785627906,9.9191884906303,9.96204948425293,207386693
2011-03-21,10.072262020238963,10.078384916446208,9.955925554664239,10.011033058166504,95996704
2011-03-22,10.011035365016648,10.017157543816106,9.949805670016461,9.955927848815918,56765349
2011-03-23,9.925311734732578,9.962049833241627,9.808975980227496,9.931434631347656,79906795
2011-03-24,9.95592685209626,9.986542055940715,9.86408267820014,9.980419158935547,76789780
2011-03-25,9.992661817863869,10.041645697355698,9.955923728540398,10.004907608032227,55517238
2011-03-28,10.011034671807899,10.041649157778762,9.968173672630046,9.974296569824219,39245265
2011-03-29,9.955925288404403,9.998786998345889,9.894696327969443,9.992663383483887,46897284
2011-03-30,10.04164447757769,10.108997034140609,10.011030005875591,10.072258949279785,75779991
2011-03-31,10.011028978740034,10.0600121284377,9.998783191315619,10.035520553588867,60843037
2011-04-01,10.102878600433518,10.164108289690216,10.078386293439666,10.121247291564941,80709407
2011-04-04,10.121245998516796,10.16410699116633,10.066139213344119,10.109000205993652,47174874
2011-04-05,10.084511064541541,10.133494968813562,10.06001947181491,10.102880477905273,47211312
2011-04-06,10.14573800868167,10.231459997572593,10.115123526091029,10.219213485717773,81798227
2011-04-07,10.213091143431303,10.255952140202693,10.139616381226524,10.170230865478516,60873442
2011-04-08,10.219215343593948,10.237584036487803,10.053895669911872,10.078387260437012,73274290
2011-04-11,10.090633774518276,10.151863469649816,10.053895669911872,10.078387260437012,49493463
2011-04-12,10.017157509213725,10.102879513209091,9.97429722603473,10.04164981842041,78789416
2011-04-13,10.121246884616308,10.121246884616308,9.931434927434248,9.968173027038574,94654914
2011-04-14,9.888575936003745,9.906945347604415,9.827346241245122,9.87632942199707,72457522
2011-04-15,9.919191307292511,9.949806516807497,9.857962325900044,9.882453918457031,64317165
2011-04-18,9.77223709841318,9.784482890661764,9.686515833854585,9.747745513916016,102992477
2011-04-19,9.796730965474792,9.802853143757783,9.711008968414808,9.778362274169922,72236188
2011-04-20,9.851836523682728,9.857960139282433,9.766115968747155,9.802852630615234,78296032
2011-04-21,9.851838038122049,9.876329629011382,9.790608342080011,9.857961654663086,54159938
2011-04-25,9.839590718643509,9.882451714879895,9.833467821869538,9.84571361541748,37023310
2011-04-26,9.882452919676261,9.925313202319268,9.851837713255435,9.90694522857666,61796200
2011-04-27,9.931434927434248,9.992664614229062,9.857960165862787,9.968173027038574,69756092
2011-04-28,9.955923728931388,10.066137278087732,9.949801552665363,10.047768592834473,53786206
2011-04-29,10.041646616790098,10.041646616790098,9.986539837168396,10.029400825500488,30507750
2011-05-02,10.066137241651658,10.078383031776172,9.974293096899412,9.986538887023926,51127862
2011-05-03,9.962048254589178,10.053892408079706,9.955924640125913,10.029400825500488,85342891
2011-05-04,10.035521803304318,10.041644697779006,9.919185370648615,9.943676948547363,112329858
2011-05-05,9.894695938230736,9.91918752144003,9.784482376151958,9.815096855163574,103157800
2011-05-06,9.919185290373047,9.962046270167308,9.83346404960284,9.864078521728516,102177678
2011-05-09,9.833471941664222,9.864086438360209,9.790610927470944,9.839594841003418,47858203
2011-05-10,9.857959871966704,9.949804040011468,9.851836256533051,9.931434631347656,69163243
2011-05-11,9.90694265217249,9.919187725210207,9.784482577154883,9.79672908782959,97156183
2011-05-12,9.772236785298672,9.808974879685803,9.68651552348669,9.79672908782959,78830655
2011-05-13,9.796728997890753,9.815096966687952,9.643654444637917,9.655900955200195,82158787
2011-05-16,9.613042244035263,9.7538703201089,9.594673552065307,9.643656730651855,89906208
2011-05-17,9.606918983074097,9.723254746632302,9.600796085982541,9.717132568359375,98470152
2011-05-18,9.71100870518347,9.766116215241569,9.67427060475094,9.759992599487305,60153554
2011-05-19,9.796730699919832,9.802852878036873,9.723254499054775,9.759992599487305,64194311
2011-05-20,9.729376046896018,9.772236316335928,9.613039592207917,9.625286102294922,89394728
2011-05-23,9.508952831672065,9.557936013148225,9.490583419799805,9.490583419799805,93564986
2011-05-24,9.521196612185966,9.533443124706695,9.423230262568937,9.478336334228516,79566054
2011-05-25,9.429352368140856,9.53956594825027,9.429352368140856,9.48445987701416,85723147
2011-05-26,9.459966074733684,9.57017891859257,9.441596668408467,9.533441543579102,84613647
2011-05-27,9.56405646455161,9.64365410810857,9.557932850074922,9.600793838500977,61971741
2011-05-31,9.704882692314094,9.729374270379191,9.631406520482146,9.698759078979492,80145486
2011-06-01,9.662022946853899,9.668146561426779,9.361998898432594,9.374244689941406,148857321
2011-06-02,9.386490174606983,9.447719848967925,9.313014709137546,9.380367279052734,165873188
2011-06-03,9.276278484264909,9.42323016360292,9.26403269069139,9.31913948059082,119706995
2011-06-06,9.276277384426631,9.294646791427542,9.117080649208797,9.141572952270508,145434772
2011-06-07,9.208927663709769,9.239542872323005,9.110961296367353,9.123207092285156,97768974
2011-06-08,9.098713619903242,9.15381969014388,9.019114525251817,9.037483215332031,102198851
2011-06-09,9.05585096978228,9.17831032863531,9.031359385539078,9.141572952270508,73352336
2011-06-10,9.098714564614669,9.159943537906063,8.951762872259351,9.080345153808594,181570161
2011-06-13,9.117083863405302,9.19668225907636,9.061977779430636,9.17219066619873,117670798
2011-06-14,9.257906840742494,9.300767823396262,9.196677173587842,9.221169471740723,104946689
2011-06-15,9.123204210711041,9.159941586860905,8.95788458039964,9.019113540649414,188730642
2011-06-16,9.012992943630538,9.129329435416869,8.970132660523028,9.068099021911621,165893253
2011-06-17,9.168257845175113,9.186693222968517,9.106808990530531,9.149823188781738,100420179
2011-06-20,9.106810532081827,9.198984551051444,9.076085378158519,9.143680572509766,66083650
2011-06-21,9.198982898057425,9.291156900464006,9.14367892945349,9.272722244262695,95554282
2011-06-22,9.235850228161604,9.334169087186806,9.205125088753858,9.217414855957031,106150238
2011-06-23,9.106807579738819,9.149821771326431,9.014633590651158,9.125242233276367,127233698
2011-06-24,9.131390875373812,9.14982481364072,9.020781474571088,9.069940567016602,91530513
2011-06-27,9.057653413608021,9.19284239973358,9.057653413608021,9.162117958068848,61283489
2011-06-28,9.20512580871582,9.20512580871582,9.143676967893844,9.20512580871582,58644594
2011-06-29,9.29115869233799,9.40791298026334,9.26657914599588,9.395623207092285,111616001
2011-06-30,9.426347369755204,9.46936229602077,9.34646312503356,9.43249225616455,92703779
2011-07-01,9.414055573734037,9.622983830950847,9.414055573734037,9.604548454284668,77715000
2011-07-05,9.579969207998163,9.586114093275519,9.475504715483105,9.51852035522461,100972036
2011-07-06,9.450924022902218,9.475503561016943,9.395620062144083,9.469359397888184,66252174
2011-07-07,9.586112950153327,9.64756251699917,9.573823181064144,9.6229829788208,55920391
2011-07-08,9.475507468386414,9.50008773803711,9.43249325894808,9.50008773803711,76580879
2011-07-11,9.371043697698925,9.377189306181947,9.198985416580063,9.241999626159668,107713485
2011-07-12,9.20512580871582,9.334169817241708,9.192836040551425,9.20512580871582,79766707
2011-07-13,9.260433959526113,9.346463090337748,9.198984374260622,9.211274147033691,105923365
2011-07-14,9.291158570021059,9.297303456525691,9.137534964604981,9.143680572509766,150775588
2011-07-15,9.217416222364026,9.217416222364026,9.051502897726255,9.125242233276367,132402790
2011-07-18,9.076086594101488,9.088376368757238,8.897882697392372,9.002347946166992,137133277
2011-07-19,9.033070850274164,9.137534638525173,9.002346418847434,9.112955093383789,134575505
2011-07-20,9.16211090354275,9.260429762567952,9.155966019941163,9.217414855957031,118538406
2011-07-21,9.315742099948801,9.46936575916613,9.309596489891735,9.438640594482422,189235844
2011-07-22,9.457069784413822,9.463213947643663,9.371039956797118,9.414054870605469,60323309
2011-07-25,9.321881033853977,9.377186443515999,9.266577066991957,9.346461296081543,78466525
2011-07-26,9.32802736315736,9.383331334304101,9.285013163376563,9.334172248840332,113040637
2011-07-27,9.291158238459078,9.291158238459078,9.10066459941297,9.112955093383789,151973351
2011-07-28,9.131391065446078,9.2235650871002,9.094521023944324,9.119100570678711,80068056
2011-07-29,9.02078310281794,9.186696512569153,8.990058664493748,9.094522476196289,98119563
2011-08-01,9.235856009823422,9.235856009823422,8.983912738842188,9.063796997070312,91890703
2011-08-02,9.00234863798669,9.033073076987202,8.811854951982614,8.817999839782715,142203889
2011-08-03,8.830287306434483,8.873302231187937,8.68280859499424,8.86101245880127,150485442
2011-08-04,8.756547969458746,8.781126790859675,8.39399538474383,8.412430763244629,228842654
2011-08-05,8.498461265380714,8.547621084543806,8.092895101835968,8.252663612365723,220311208
2011-08-08,7.9822872016354065,8.166636017379147,7.398517755281162,7.472257137298584,320107763
2011-08-09,7.69961442884707,8.049877166748047,7.398512930163566,8.049877166748047,203780725
2011-08-10,7.8593880646931,7.865532952571333,7.459966745606395,7.490691184997559,333138883
2011-08-11,7.601298765926065,8.06216957341209,7.521414521484493,7.908545970916748,342125552
2011-08-12,8.06831684695255,8.18507044426453,7.797938880292631,7.853242874145508,167083138
2011-08-15,7.951563744628536,8.111332305222549,7.951563744628536,8.10518741607666,140239829
2011-08-16,7.982282654219229,8.080602255164475,7.8778188897898636,7.945414066314697,128292974
2011-08-17,8.006865518815856,8.099039543450065,7.92698126794618,7.994575023651123,117996766
2011-08-18,7.718054187604842,7.724199075472654,7.521416333034222,7.607444763183594,208364107
2011-08-19,7.4784004984964385,7.718053260762746,7.435385567186997,7.45382022857666,155535619
2011-08-22,7.650459250659957,7.656604138167132,7.343211989700157,7.36164665222168,127443091
2011-08-23,7.367790036411859,7.601297855377197,7.257180651880879,7.601297855377197,170500517
2011-08-24,7.601299902014686,7.8225172878389575,7.564429856777143,7.804083347320557,161958977
2011-08-25,8.086750337078186,8.191214133487478,7.675038595405894,7.7795023918151855,234626754
2011-08-26,7.699619343964287,7.914693320060904,7.564431079966964,7.8470988273620605,121201429
2011-08-29,7.988430097854895,8.185067902172468,7.982284490157349,8.172778129577637,119732353
2011-08-30,8.117472648620605,8.185066385366126,8.000718387805625,8.117472648620605,107048376
2011-08-31,8.191212750925075,8.283386758246198,8.142052943700449,8.22193717956543,107177384
2011-09-01,8.215793174879728,8.246517606814898,8.025299532681261,8.037590026855469,123459575
2011-09-02,7.797937366592414,7.8409515756838175,7.687328678957165,7.705763339996338,131594516
2011-09-06,7.435381581707927,7.589005120410994,7.429237419271631,7.570570468902588,138630665
2011-09-07,7.730344404680399,7.945418377934061,7.44153177280311,7.9331278800964355,141058813
2011-09-08,7.822515060055369,7.914689786198552,7.736485940868435,7.761065483093262,104926993
2011-09-09,7.668893376036935,7.7180531940513495,7.484545320933267,7.515269756317139,158558709
2011-09-12,7.386223971966952,7.613587626680627,7.373934200663522,7.601297855377197,144663304
2011-09-13,7.650455951690674,7.736485061094592,7.564426842286757,7.650455951690674,121317389
2011-09-14,7.730344751702196,7.834809298909213,7.552141542561361,7.742635250091553,124639242
2011-09-15,7.8286608782971445,7.945415149816202,7.785645956842739,7.939269542694092,128471592
2011-09-16,7.976287451650559,8.044143833409938,7.834404477747482,7.963949203491211,97875333
2011-09-19,7.7973890987762795,7.815895379767114,7.680181204095191,7.748038291931152,127818546
2011-09-20,7.7850522088463325,7.852908577976989,7.723363876342773,7.723363876342773,68153453
2011-09-21,7.741868910448032,7.760375189954052,7.340895175933838,7.340895175933838,147554800
2011-09-22,7.16816565123916,7.223685192266282,6.995438994935404,7.131153106689453,251432981
2011-09-23,7.0818063619077884,7.236026833890071,7.069468115818707,7.205183029174805,146697901
2011-09-26,7.303882245720725,7.538297256915668,7.242193208213481,7.525959014892578,136811863
2011-09-27,7.6986820872416395,7.77270860770792,7.495110966465357,7.562968730926514,173008556
2011-09-28,7.575309301528209,7.618490610998876,7.334725547583576,7.347063064575195,126402158
2011-09-29,7.538300675437277,7.599988292513584,7.347066889891532,7.550638198852539,126952784
2011-09-30,7.414919292006128,7.470438841802374,7.279205883019171,7.285374641418457,118365943
2011-10-03,7.229855957559668,7.365570107004116,6.946090140394506,6.958428382873535,197426303
2011-10-04,6.865896404313921,7.260699893596873,6.7548572892756615,7.236024856567383,275785977
2011-10-05,7.217519255024186,7.384077218984065,7.0756363304056675,7.340895175933838,148534060
2011-10-06,7.303883030528518,7.581479383922642,7.205181428954648,7.569141864776611,171494180
2011-10-07,7.612321411065513,7.612321411065513,7.285374332936478,7.2977118492126465,189703501
2011-10-10,7.476607829358904,7.674010276794434,7.470439070770547,7.674010276794434,121636587
2011-10-11,7.5753112167926835,7.729530942381952,7.5444666923125325,7.667843341827393,118209237
2011-10-12,7.754207160034845,7.994790988868201,7.741869639202813,7.865246295928955,156456284
2011-10-13,7.7480352264241334,7.766541500092968,7.575308557109779,7.680178165435791,143400298
2011-10-14,7.791220172983204,7.834402946797769,7.643169190236289,7.772714614868164,149084564
2011-10-17,7.711021599379789,7.729527146254837,7.513619201944897,7.532125473022461,108158491
2011-10-18,7.593816420349552,7.988621353142684,7.538297587721603,7.889919757843018,226470024
2011-10-19,7.8960889523015325,8.025633626444092,7.748037275393344,7.778881072998047,163000772
2011-10-20,7.778880256323251,7.9269326418907955,7.68017939014762,7.896088123321533,152230261
2011-10-21,8.007128748578454,8.11199839349732,7.970115464122879,8.099660873413086,210757910
2011-10-24,8.12433542978123,8.297062149080466,8.111997910431688,8.278555870056152,125120194
2011-10-25,8.1736870193817,8.179855779651183,7.976285242352498,8.031804084777832,169801678
2011-10-26,8.16134946071984,8.223037787329396,8.007129006297394,8.173686981201172,167673895
2011-10-27,8.56849195824885,8.741219431719811,8.438946534196369,8.66102409362793,286446930
2011-10-28,8.611670772236412,8.698033390220765,8.54381298112906,8.667189598083496,167421540
2011-10-31,8.457450072157663,8.512968896094566,8.315567184802488,8.32790470123291,135847497
2011-11-01,7.920760802116848,8.142838228088419,7.914592769281476,7.933098316192627,263955821
2011-11-02,8.130503201150155,8.192191514602147,8.025632851020946,8.167515754699707,141886414
2011-11-03,8.272386097605812,8.34024316992348,8.019464809296496,8.309398651123047,137635648
2011-11-04,8.210701550751734,8.22303907316228,8.09349363944554,8.198363304138184,114088957
2011-11-07,8.173686685441568,8.24771252985388,8.093492081011803,8.241543769836426,101449664
2011-11-08,8.321735890578912,8.420437478395195,8.2106982337417,8.39576244354248,140400105
2011-11-09,8.15517851449697,8.173685516104564,7.914595459828632,7.939270496368408,144136559
2011-11-10,8.07498031447243,8.08114979505425,7.9145919244061,7.976280212402344,175243190
2011-11-11,8.111996924375378,8.204529032451997,8.105828165450452,8.167515754699707,113960564
2011-11-14,8.099661007070662,8.111998527358486,7.945440555067095,8.000959396362305,77723247
2011-11-15,7.939272508553352,8.09966173511759,7.91459746575976,8.037973403930664,110939567
2011-11-16,7.945438408158943,8.01946423408652,7.822061790212088,7.8405680656433105,112264861
2011-11-17,7.834399371336182,7.865243161123025,7.630828186135148,7.686347007751465,178507556
2011-11-18,7.723361325110343,7.754205119072113,7.66167301298408,7.711023807525635,104695565
2011-11-21,7.562975086124166,7.581481369690442,7.464273458698025,7.5197930335998535,120345391
2011-11-22,7.525959698628948,7.556803495982004,7.439596341837586,7.451933860778809,81508942
2011-11-23,7.37173723776505,7.37173723776505,7.236023118299123,7.248360633850098,101619666
2011-11-25,7.248362542580347,7.384076697784238,7.236025023780502,7.26686954498291,39104069
2011-11-28,7.550637803341407,7.556805840522883,7.402585357504234,7.4827799797058105,84348120
2011-11-29,7.47660881547301,7.532128374293578,7.4210899808552355,7.445765018463135,78328776
2011-11-30,7.717191817738342,7.939269285329392,7.68017854437184,7.902256011962891,168795212
2011-12-01,7.8590779304504395,7.8899217340804935,7.766545071154378,7.8590779304504395,84288047
2011-12-02,7.939274155578709,8.112000939372413,7.939274155578709,7.963949203491211,157736524
2011-12-05,8.111999674317866,8.223038821013922,8.056480100969837,8.124337196350098,124016480
2011-12-06,8.081152632443224,8.179853493370798,8.03180183987809,8.130502700805664,69770618
2011-12-07,8.062648105001738,8.253881851155773,8.007129261069235,8.229206085205078,112741751
2011-12-08,8.14283885880869,8.14283885880869,7.883748146338863,7.908423900604248,150280849
2011-12-09,7.988619867571611,8.12433326851642,7.970112869267771,8.081151962280273,120871398
2011-12-12,7.963945592216383,7.9701143513972665,7.822062682650534,7.889919757843018,120333328
2011-12-13,7.957777271713746,7.988621793521257,7.68018019646019,7.778881072998047,149126787
2011-12-14,7.69251944895865,7.840570421088226,7.680181204095191,7.748038291931152,117957251
2011-12-15,7.8652462697716565,7.877583790562658,7.741869613455825,7.754207134246826,75845726
2011-12-16,7.822498158385487,7.896998140846302,7.760414718194574,7.785247802734375,122441784
2011-12-19,7.803866909445606,7.816283442635733,7.580367125500701,7.6114091873168945,81936099
2011-12-20,7.754205770455046,7.934246346500312,7.7479967710204605,7.896997451782227,126622630
2011-12-21,7.896998490511965,7.959081204610385,7.828706047320817,7.940456390380859,98054074
2011-12-22,7.996330313506313,8.1267047216001,7.965288961303346,8.10807991027832,79959605
2011-12-23,8.145333730246826,8.17637509566797,8.089458543647128,8.163958549499512,37730396
2011-12-27,8.132915200366481,8.2012069164775,8.114289656815142,8.120498657226562,33277869
2011-12-28,8.126705971482862,8.126705971482862,7.983914271705276,7.990123271942139,52844368
2011-12-29,8.01495809835792,8.12050019268652,8.008749825614071,8.114291191101074,46397867
2011-12-30,8.089457068358488,8.114290156166549,8.06462325170892,8.070832252502441,34132060
2012-01-03,8.244663181620943,8.362621046887295,8.238454911282783,8.281912803649902,103362023
2012-01-04,8.219829725649472,8.288122159994833,8.163955290198201,8.257080078125,69833891
2012-01-05,8.182580370051237,8.41228857651059,8.145330745196874,8.368830680847168,89935260
2012-01-06,8.375034876381447,8.375034876381447,8.263286046470116,8.319160461425781,83878617
2012-01-09,8.350205718568299,8.399872617325977,8.306747819891577,8.362622261047363,69189586
2012-01-10,8.492998790665233,8.542665697469179,8.455748428351889,8.511624336242676,86035082
2012-01-11,8.47437182588315,8.61716350901394,8.443330472524872,8.610955238342285,80938989
2012-01-12,8.648205833543015,8.69166446196625,8.53645622006267,8.641998291015625,94107119
2012-01-13,8.468163760535502,8.586121634998388,8.430914135602391,8.579914093017578,95008949
2012-01-17,8.586123603186282,8.673040872303572,8.480582246174633,8.511624336242676,89019642
2012-01-18,8.492997591639435,8.65441483375328,8.455747234585028,8.641998291015625,118473902
2012-01-19,8.72891411244912,8.753747197987789,8.68545621275645,8.722705841064453,131377244
2012-01-20,8.691666029259073,8.790999117913636,8.666832939305824,8.778582572937012,114827311
2012-01-23,8.784788729002907,8.871704515688531,8.753745918932518,8.809621810913086,99325943
2012-01-24,8.7227042704294,8.809621511847054,8.679246378561881,8.797204971313477,80650073
2012-01-25,8.747538525461845,8.840663313043692,8.716496443706998,8.81583023071289,103761975
2012-01-26,8.859286820833116,8.902745437356883,8.691662082089456,8.741328239440918,104215475
2012-01-27,8.691663993502388,8.803413600959647,8.67924745143396,8.772372245788574,103542364
2012-01-30,8.67303702624008,8.710286643193516,8.617161871968703,8.691661834716797,71714490
2012-01-31,8.747540759885627,8.75995730422264,8.666832492853503,8.728915214538574,82584343
2012-02-01,8.803414146083464,8.927581032139193,8.803414146083464,8.865497589111328,87912357
2012-02-02,8.896539255599397,8.946206157517244,8.846873811364489,8.908956527709961,65660186
2012-02-03,9.057955340143089,9.151080131530762,9.045538798470249,9.151080131530762,106830735
2012-02-06,9.095206557429195,9.113831371706546,9.051747928607265,9.107623100280762,55279655
2012-02-07,9.070370470107171,9.132453168808844,9.033120850886167,9.101411819458008,56189611
2012-02-08,9.113832846405773,9.169707298278809,9.082791484254086,9.169707298278809,66141999
2012-02-09,9.206954620697042,9.225580160677705,9.08278848426011,9.132453918457031,95860801
2012-02-10,9.033125217563082,9.057958309048244,8.995874851493726,9.045541763305664,79561623
2012-02-13,9.144871263624788,9.15728780448695,9.10141264176589,9.126246452331543,57901562
2012-02-14,9.082787922788855,9.088995463943581,8.952412795190229,9.039328575134277,99205059
2012-02-15,9.064161023612687,9.107619635903733,8.958618991837795,8.983452796936035,93529534
2012-02-16,8.964829963440774,9.126246452331543,8.933787882444038,9.126246452331543,96074380
2012-02-17,9.151080873829736,9.194538773209805,9.132455330968272,9.182122230529785,75672648
2012-02-21,9.188330352222865,9.231788247447962,9.13866345740996,9.17591381072998,78483021
2012-02-22,9.132454033705528,9.163496114837493,9.05174651774988,9.057954788208008,91890457
2012-02-23,9.05795882585517,9.138667106628418,9.02691673088598,9.138667106628418,63968915
2012-02-24,9.15728927168703,9.169705814538597,9.082790014577627,9.107623100280762,63090473
2012-02-27,9.026913126291264,9.20074689371575,8.989662772971243,9.17591381072998,76146583
2012-02-28,9.194537536908303,9.225580347117193,9.132454103014535,9.200746536254883,64479411
2012-02-29,9.20695368084524,9.287661916384959,9.138661984797594,9.163495063781738,115620690
2012-03-01,9.188330530178433,9.2938718637534,9.182121530470372,9.262829780578613,81546487
2012-03-02,9.262829033409103,9.287662843714033,9.219371140847784,9.23178768157959,58846847
2012-03-05,9.206955387089582,9.206955387089582,9.144871949282592,9.194538116455078,63542127
2012-03-06,9.051746105809043,9.076579186511408,8.939996513807102,8.971037864685059,115379168
2012-03-07,9.008288711157345,9.095205963121778,8.989663169255598,9.082789421081543,82887662
2012-03-08,9.144874208557459,9.188332844411383,9.095208029114762,9.169707298278809,84296787
2012-03-09,9.200746627212874,9.293871414553484,9.182121086671676,9.2442045211792,91179308
2012-03-12,9.244203922638567,9.25041292164451,9.15107914132757,9.21937084197998,69292990
2012-03-13,9.293871633591147,9.585663272464496,9.28145509216528,9.573246002197266,226592263
2012-03-14,9.591873975106807,9.622915336541723,9.486332617386548,9.585665702819824,160538280
2012-03-15,9.62291218239261,9.771912854966162,9.54220394027442,9.753287315368652,162857361
2012-03-16,9.796884404693467,9.815569413076362,9.734602749476743,9.790657043457031,102174477
2012-03-19,9.790658695315528,9.946362494043145,9.75328940341327,9.840482711791992,139045389
2012-03-20,9.778198193151237,9.915217661289095,9.75951391963287,9.890304565429688,108827047
2012-03-21,9.927677101738668,9.93390592612391,9.821798785885447,9.846711158752441,93343529
2012-03-22,9.753287826816187,9.784428289060516,9.672321893812528,9.71591854095459,130459287
2012-03-23,9.697234325754284,9.809340721720723,9.634953400866488,9.796884536743164,90967946
2012-03-26,9.890310217568105,9.952591896057129,9.852941649175891,9.952591896057129,95005010
2012-03-27,9.940131116951248,9.971271576232986,9.846709007937696,9.85916519165039,104557816
2012-03-28,9.859169684243406,9.908995172966833,9.77197562735391,9.884082794189453,129709978
2012-03-29,9.809340967074816,9.834254068821474,9.697234568304339,9.784428596496582,126585577
2012-03-30,9.846711536416136,9.85293962987176,9.747060578789128,9.840482711791992,73690122
2012-04-02,9.796883150393388,9.958814994523612,9.778198875571046,9.915218353271484,110200843
2012-04-03,9.890305650932131,9.908990657669507,9.771971174493187,9.85916519165039,129060871
2012-04-04,9.747060206908337,9.771973310948836,9.659866901856311,9.703463554382324,104199472
2012-04-05,9.653639519800759,9.740834300217367,9.634955968523775,9.678552627563477,71652078
2012-04-09,9.491707062699149,9.578900369037855,9.466793958291015,9.529075622558594,109181083
2012-04-10,9.516619496957528,9.560216150406415,9.311090222907252,9.323546409606934,145531651
2012-04-11,9.454337228407095,9.510390064975361,9.429424856598976,9.473021507263184,91447666
2012-04-12,9.49793302812483,9.659865623874989,9.466792566154643,9.647409439086914,107650211
2012-04-13,9.628728019053762,9.628728019053762,9.404514415806029,9.423198699951172,114048334
2012-04-16,9.510391352034956,9.553988739767743,9.410741851316724,9.491707801818848,138138881
2012-04-17,9.578902672641462,9.653640541502359,9.529077914179984,9.61627197265625,81803766
2012-04-18,9.553990364074707,9.63495705951082,9.541534174367207,9.553990364074707,65399829
2012-04-19,9.610043160851319,9.610043160851319,9.441883151252748,9.510392189025879,131280980
2012-04-20,9.553989621074857,9.553989621074857,9.454339379995835,9.460567474365234,68882944
2012-04-23,9.311089572414621,9.398283604389341,9.292404562501966,9.39205551147461,91121944
2012-04-24,9.398280343504451,9.497930526733398,9.398280343504451,9.497930526733398,76151999
2012-04-25,9.56644129333826,9.603809841912348,9.491704196190085,9.578897476196289,91385378
2012-04-26,9.547761084561527,9.68477988551179,9.54153299048054,9.659868240356445,58432862
2012-04-27,9.703460466361188,9.709688557597167,9.597582184181281,9.666091918945312,59668663
2012-04-30,9.62872398732021,9.647408994810247,9.547758058757923,9.610039710998535,71007527
2012-05-01,9.610038943395434,9.784426970805193,9.597582760175923,9.709689140319824,103766530
2012-05-02,9.64118086022403,9.659865869048774,9.560214925878178,9.634953498840332,69602094
2012-05-03,9.641184423195885,9.647413249218319,9.51662179495221,9.553990364074707,104392985
2012-05-04,9.479250257167978,9.510390724086294,9.367143113925016,9.404512405395508,95088718
2012-05-07,9.342232219009384,9.49170867738086,9.342232219009384,9.460567474365234,101873252
2012-05-08,9.392054912243372,9.441880383550734,9.311088978349169,9.398283004760742,100957018
2012-05-09,9.279949673059363,9.360915617050782,9.217668008950156,9.292405128479004,116092656
2012-05-10,9.410739611619878,9.429423888557807,9.311088672280821,9.32977294921875,79928091
2012-05-11,9.130472945377083,9.311089838572656,9.118016759191555,9.223895072937012,123047067
2012-05-14,9.093106691425197,9.136704085292571,9.030825013544089,9.037053108215332,112880977
2012-05-15,9.043277183479203,9.099330741775303,8.96854008064219,8.987223625183105,122145975
2012-05-16,9.04950693062413,9.093103578397512,8.85020577586915,8.856433868408203,143225373
2012-05-17,8.843982079979538,8.85643827125005,8.66959393985481,8.675821304321289,190024423
2012-05-18,8.706961421929803,8.706961421929803,8.545028762211,8.576169967651367,151363760
2012-05-21,8.613537619260594,8.713188588652493,8.532571663610055,8.657135009765625,106559053
2012-05-22,8.71318792420135,8.868891729437834,8.663362443304996,8.7256441116333,121446767
2012-05-23,8.644678964302694,8.775470406811502,8.563713007313577,8.75678539276123,137010300
2012-05-24,8.800379530647566,8.81283644579886,8.669588867658293,8.76301097869873,99869922
2012-05-25,8.750557063479372,8.806610641787683,8.706960404592929,8.731873512268066,51386864
2012-05-29,8.819064582005463,8.862661960947257,8.775467934232081,8.856433868408203,90323886
2012-05-30,8.756779098823905,8.76923527845879,8.650900840759277,8.650900840759277,104857811
2012-05-31,8.669591268189523,8.800381967393555,8.582396493828767,8.7256441116333,110352133
2012-06-01,8.557481760956827,8.569937944956484,8.395549906624575,8.401777267456055,124009217
2012-06-04,8.43914573945835,8.43914573945835,8.283441992092069,8.32081127166748,97012771
2012-06-05,8.302128559759149,8.476516614145357,8.29589973601754,8.457832336425781,123895103
2012-06-06,8.54502522440212,8.71318590935342,8.50765667074742,8.706957817077637,120034933
2012-06-07,8.837750794321245,8.868891261257245,8.675818172748508,8.70073127746582,114277300
2012-06-08,8.66959131378131,8.806610107421875,8.60730964512548,8.806610107421875,74612757
2012-06-11,8.918718146459822,8.924945509660883,8.632222880779667,8.644679069519043,126832761
2012-06-12,8.663360745366925,8.781695233946548,8.588623635423,8.775467872619629,105210246
2012-06-13,8.731872090109961,8.862662776636041,8.700730893380149,8.744327545166016,118488551
2012-06-14,8.763013286781456,8.89380398421958,8.738100181085375,8.850207328796387,127557943
2012-06-15,8.899019114560673,8.980374365056216,8.836437983098525,8.974116325378418,104497005
2012-06-18,8.917791120771447,8.999145610605831,8.880242160010114,8.92404842376709,83680426
2012-06-19,8.980376013150913,9.118054380697785,8.974117972324628,9.074247360229492,79604585
2012-06-20,9.093023300170898,9.155604450570083,9.005409248801412,9.093023300170898,108411585
2012-06-21,9.111794092392179,9.15560184027154,8.873986376422714,8.89276123046875,88837454
2012-06-22,8.95534147166086,9.00540652376741,8.924051273271868,8.974116325378418,55259836
2012-06-25,8.842698151117071,8.848956192301113,8.742568757488081,8.786375045776367,62777553
2012-06-26,8.823918534635533,8.880242344288298,8.755080118731787,8.830177307128906,65826371
2012-06-27,8.873988069371123,8.967859418773065,8.823923006837408,8.936569213867188,69296314
2012-06-28,8.842700727240778,8.936572107033061,8.773862254161775,8.930314064025879,85956791
2012-06-29,9.149342479881732,9.168117332725439,9.080503311945808,9.161858558654785,76394260
2012-07-02,9.205665749080826,9.230698643798451,9.105537108947118,9.218182563781738,75570598
2012-07-03,9.199410105517684,9.293281457283946,9.180635982101299,9.268248558044434,39736188
2012-07-05,9.224440794760751,9.224440794760751,9.118053377731982,9.130569458007812,54074506
2012-07-06,9.011664194235278,9.086760661169835,9.005405420639995,9.05547046661377,55147815
2012-07-09,9.03043953700969,9.074246553583805,8.992891295389787,9.042956352233887,45911499
2012-07-10,9.11179393297415,9.136826826369505,8.936567352627465,8.974116325378418,79133604
2012-07-11,8.98037329282874,9.080502650402558,8.967856480283448,9.049212455749512,97988216
2012-07-12,8.967857418281673,9.011665164746178,8.917793836284444,8.955341339111328,66861519
2012-07-13,8.99914880233987,9.218182402861315,8.99914880233987,9.205665588378906,95969252
2012-07-16,9.211925626163788,9.2244417076783,9.143086443149686,9.186893463134766,61542737
2012-07-17,9.24947532089019,9.24947532089019,9.093022820487741,9.236958503723145,77759685
2012-07-18,9.205666601500376,9.249474354983748,9.161860317385536,9.193150520324707,68192230
2012-07-19,9.205665910168582,9.230698805324252,9.09927849348067,9.13682746887207,61045906
2012-07-20,9.06798657812429,9.074244617058751,8.98663133729221,8.999147415161133,69130498
2012-07-23,8.830177123889646,8.949081309169287,8.81766104853051,8.92404842376709,72823006
2012-07-24,8.949084294152767,8.949084294152767,8.817663989678506,8.899019241333008,55617072
2012-07-25,8.949088927731976,8.980379142767887,8.880249719968422,8.930314064025879,55276209
2012-07-26,9.067986488342285,9.093019378516356,9.011664138489774,9.067986488342285,69291513
2012-07-27,9.130571067935843,9.293281609579642,9.086764044562047,9.236958503723145,85430785
2012-07-30,9.218182563781738,9.274505658541148,9.193149669064113,9.218182563781738,45241343
2012-07-31,9.186890438787218,9.218180632272686,9.155600245301748,9.174373626708984,57458525
2012-08-01,9.21192471448492,9.243214915174494,9.130569458007812,9.130569458007812,99654866
2012-08-02,9.04921599043525,9.124313221620124,8.974118759250375,9.061731338500977,78094271
2012-08-03,9.199409346752814,9.324571628574033,9.186893265507546,9.274506568908691,98849054
2012-08-06,9.33082779852393,9.380892113467956,9.299537601683916,9.312053680419922,50850271
2012-08-07,9.337085666114902,9.424699691917201,9.330828361053788,9.349601745605469,43945346
2012-08-08,9.312054241817938,9.387150718761335,9.305795467388487,9.349601745605469,32388964
2012-08-09,9.337084960784553,9.393408783605693,9.318310842966914,9.343343734741211,32552810
2012-08-10,9.312054241817938,9.368376599525485,9.287021348152638,9.349601745605469,21702038
2012-08-13,9.330828550654262,9.368376789888933,9.29327957673541,9.355860710144043,20176829
2012-08-14,9.412182166739218,9.424698979968422,9.324569616923574,9.343343734741211,28338974
2012-08-15,9.349600897667493,9.405924719635232,9.330827514818417,9.3746337890625,24638834
2012-08-16,9.405926556728035,9.462248920328019,9.349602723759562,9.437216758728027,40100933
2012-08-17,9.46850872039795,9.47476749664535,9.437218512582845,9.46850872039795,29729389
2012-08-20,9.462246754320377,9.499795722809258,9.443472637417974,9.493536949157715,31691726
2012-08-21,9.531085996172347,9.624957316141833,9.487279723039158,9.52482795715332,50864181
2012-08-22,9.493539938948528,9.549863776761898,9.455992428003002,9.512314796447754,57712973
2012-08-23,9.493541134198308,9.506057952335112,9.405928550031483,9.418444633483887,50210028
2012-08-24,9.380895403831278,9.499799662897434,9.368379320705236,9.46850872039795,33998620
2012-08-27,9.499795863882916,9.506053902943316,9.437214738594824,9.462246894836426,22600791
2012-08-28,9.430959611153526,9.506056837747177,9.418443529168636,9.44973373413086,27816907
2012-08-29,9.46850872039795,9.493540886650031,9.437218512582845,9.46850872039795,22826310
2012-08-30,9.424702675210089,9.449734842114896,9.368379564989871,9.418444633483887,31546837
2012-08-31,9.474767623371594,9.51231587325193,9.418444513866698,9.487283706665039,64889457
2012-09-04,9.468508847040479,9.51231587325193,9.430960597160142,9.487283706665039,36182168
2012-09-05,9.487283706665039,9.518573914898653,9.455993498431425,9.487283706665039,32883211
2012-09-06,9.537345522057798,9.7188301372909,9.537345522057798,9.71257209777832,64472271
2012-09-07,9.743862057637587,9.831475343360504,9.743862057637587,9.812701225280762,57754827
2012-09-10,9.800185078546315,9.831475275128726,9.725087872064412,9.731345176696777,52705757
2012-09-11,9.731345244233637,9.818959264640675,9.712571860838018,9.812701225280762,70453823
2012-09-12,9.862767277807553,9.900315517785387,9.825218303145522,9.850251197814941,62693107
2012-09-13,9.84399561515909,10.138126529097452,9.812705405031364,10.106836318969727,172620053
2012-09-14,10.188189506530762,10.288318893049468,10.156899302832505,10.188189506530762,150418352
2012-09-17,10.150641496611565,10.188190479319008,10.069286224543854,10.094318389892578,60313214
2012-09-18,10.056767521368602,10.081799680194676,10.012961243422975,10.044251441955566,81750341
2012-09-19,10.069281716419631,10.106830682316003,10.019216673452476,10.037991523742676,80701652
2012-09-20,9.944121409217937,9.987927684243994,9.894056360218329,9.981670379638672,81109728
2012-09-21,10.067136963158816,10.067136963158816,9.941454603238634,9.947738647460938,42195603
2012-09-24,9.878611986117573,9.998009537791557,9.878611986117573,9.954020500183105,46410423
2012-09-25,9.979158286193654,10.010579243208515,9.796919538908101,9.803203582763672,88561833
2012-09-26,9.77178142911427,9.790634296109303,9.708940998253894,9.740361213684082,64955438
2012-09-27,9.796920523895881,9.878614577705878,9.765500301459026,9.828341484069824,57130095
2012-09-28,9.79063196640487,9.853473120048964,9.752927716860462,9.796916007995605,56713893
2012-10-01,9.866043268487482,9.960305387553866,9.815770925238104,9.840907096862793,66024193
2012-10-02,9.903748369298821,9.903748369298821,9.815771029937107,9.859759330749512,54014310
2012-10-03,9.90375033790481,9.985443650531813,9.840909157944719,9.947738647460938,68035400
2012-10-04,10.004297958014709,10.111127470754399,9.985445821249566,10.098559379577637,95948941
2012-10-05,10.16768180097435,10.199102017928878,10.060850850118086,10.09227180480957,76084786
2012-10-08,10.041998052514842,10.104839219984184,10.029429966568355,10.085987091064453,36612525
2012-10-09,10.092268221064549,10.129973205757972,9.99172282477658,10.023143768310547,90105261
2012-10-10,10.016863822937012,10.060852132279248,9.96030742521128,10.016863822937012,76931837
2012-10-11,10.117407437223962,10.136258827276823,10.054566273521358,10.073417663574219,75143933
2012-10-12,9.985442304710464,10.048282738463973,9.90374900309395,9.935169219970703,91271141
2012-10-15,9.972874103651135,10.060850709897663,9.928884325053978,10.048282623291016,68673674
2012-10-16,10.098556904274464,10.15511403844413,10.079704772130253,10.111124992370605,94636818
2012-10-17,10.148826403448984,10.249371810379282,10.136257582063022,10.243087768554688,70444591
2012-10-18,10.217953085652038,10.2996471226116,10.205384999269624,10.261942863464355,63453495
2012-10-19,10.236806774505657,10.236806774505657,10.073419425211007,10.123692512512207,75531821
2012-10-22,10.111124425121155,10.148829425031302,10.029431119342325,10.123692512512207,129434726
2012-10-23,9.991725494952764,9.998009537791557,9.916315505413447,9.954020500183105,79617756
2012-10-24,10.01686166630794,10.035714532561215,9.941452414505516,9.954020500183105,64741983
2012-10-25,10.048283622436188,10.067136491957728,9.910033918279348,9.979158401489258,65027206
2012-10-26,9.966590461766373,9.985443331568124,9.859760975662596,9.928885459899902,69489581
2012-10-31,9.966587108915189,9.998008056189791,9.922598815562239,9.991724014282227,53059793
2012-11-01,10.004296381549173,10.117410659790039,9.985444247754728,10.117410659790039,72143001
2012-11-02,10.173965861736256,10.180249905593561,10.035716159138534,10.05456829071045,65960673
2012-11-05,10.023146064277261,10.054566277271853,9.9288832120829,10.035714149475098,54580447
2012-11-06,10.06713710008026,10.18025063535722,10.060852318035424,10.14883041381836,49350790
2012-11-07,10.004293937319039,10.016862023444725,9.790634259971627,9.809486389160156,143868817
2012-11-08,9.853474106058714,9.93516739264983,9.721508481711105,9.727791786193848,114104714
2012-11-09,9.683804825909743,9.847191421620561,9.671236739737667,9.740361213684082,95030861
2012-11-12,9.784347706023029,9.784347706023029,9.721507291520876,9.759211540222168,41658271
2012-11-13,9.6838021074865,9.822051754307001,9.664949245783815,9.690085411071777,63960298
2012-11-14,9.70894071370663,9.740360928215962,9.48899699893061,9.520417213439941,84265766
2012-11-15,9.52041563034478,9.61467773367227,9.49528020065384,9.539268493652344,85757861
2012-11-16,9.564407768950307,9.614680857878316,9.463862328831306,9.602112770080566,77888940
2012-11-19,9.740362304610969,9.796919436456664,9.734078998558116,9.784351348876953,64199481
2012-11-20,9.759214814092525,9.866044292320412,9.727793858564105,9.834623336791992,49879012
2012-11-21,9.840908118087256,9.853476205203835,9.778066944767392,9.834623336791992,32286422
2012-11-23,9.910032200311544,9.96030528075879,9.884895291219475,9.954020500183105,25337304
2012-11-26,9.903750588732459,9.92260272187683,9.853477495943732,9.9163179397583,37321089
2012-11-27,9.897465973430908,9.935170978092222,9.81577339509508,9.828341484069824,61359564
2012-11-28,9.771783807139569,9.87861477881096,9.696375271755974,9.866045951843262,58569995
2012-11-29,9.9163179397583,9.954022943784114,9.866045584706645,9.9163179397583,48775790
2012-11-30,9.910032555331982,9.947736813715478,9.866043516147652,9.903748512268066,36530910
2012-12-03,9.935171180348656,9.966591403425154,9.859761907227961,9.866045951843262,62742593
2012-12-04,9.866043268487482,9.89118017784907,9.790634015876515,9.840907096862793,48549409
2012-12-05,9.872329029802897,10.010579473276803,9.847192853802923,9.960307121276855,57255164
2012-12-06,9.966587108915189,9.998008056189791,9.935166899377368,9.991724014282227,42609219
2012-12-07,10.048281493187922,10.073417663574219,10.004293195011902,10.073417663574219,44538688
2012-12-10,10.041998579987691,10.079703577544578,10.010578363471074,10.048282623291016,59304164
2012-12-11,10.092275333989257,10.142548436433518,10.060854368310137,10.098559379577637,58723378
2012-12-12,10.142545700073242,10.230523052312353,10.117409524501214,10.142545700073242,68531370
2012-12-13,10.14254488967377,10.161397019846488,10.060850850118086,10.09227180480957,50848055
2012-12-14,10.07970446613967,10.098556597711585,10.04199946525883,10.05456829071045,43026404
2012-12-17,10.117408394592722,10.268226168918629,10.111123613664581,10.261942863464355,85069486
2012-12-18,10.318498403035882,10.425327866231928,10.280793409254597,10.412759780883789,86535115
2012-12-19,10.437895474475354,10.450463558360722,10.343633369861514,10.3499174118042,90697864
2012-12-20,10.362486112377987,10.494452476501465,10.356202807798159,10.494452476501465,76288517
2012-12-21,10.313600473972048,10.41477595826094,10.300953631230922,10.370512008666992,72313987
2012-12-24,10.319926522924996,10.376838072110333,10.31360309994441,10.351544380187988,29586100
2012-12-26,10.370514649129747,10.389484918071506,10.31360309994441,10.351544380187988,36545928
2012-12-27,10.370515910968484,10.389486182218462,10.17448754763826,10.313604354858398,54714996
2012-12-28,10.24404468603645,10.313603081055566,10.218750994160429,10.231398582458496,39480386
2012-12-31,10.218750844421793,10.376837901050543,10.193457152916409,10.364191055297852,73574162
2013-01-02,10.623453022337566,10.674041144860889,10.585511744855072,10.667716979980469,86126792
2013-01-03,10.667720014531922,10.686691029849687,10.610809195659273,10.655073165893555,59026942
2013-01-04,10.674041937476963,10.800511139636413,10.648748245517083,10.781540870666504,54822954
2013-01-07,10.762569035167717,10.76889245723729,10.693010650042455,10.756245613098145,44491664
2013-01-08,10.737277202159328,10.74360062532151,10.67404222817741,10.724630355834961,51457154
2013-01-09,10.749921349148277,10.806832885677364,10.674039547896125,10.711980819702148,59736737
2013-01-10,10.800509549443206,10.857421832693676,10.749922172971589,10.84477424621582,75427432
2013-01-11,10.819482803344727,10.825805484355874,10.749924403900865,10.819482803344727,52621188
2013-01-14,10.806833998060014,10.819480842510504,10.724628766771854,10.787863731384277,47142130
2013-01-15,10.737277387028636,10.844776324996705,10.71830637485537,10.83212947845459,51769213
2013-01-16,10.825805703488065,10.85742430570454,10.775219057854207,10.83845329284668,71678176
2013-01-17,10.844776324996705,10.870070760441028,10.80051161973921,10.83212947845459,69721255
2013-01-18,10.825803237679015,10.857421832693676,10.768892439148445,10.84477424621582,70050794
2013-01-22,10.825803995863236,10.945950508117676,10.825803995863236,10.945950508117676,52164733
2013-01-23,10.939624786376953,10.95227237108237,10.882713995821884,10.939624786376953,46065374
2013-01-24,10.971244682421952,11.059774086075231,10.94595099129818,10.996539115905762,82546675
2013-01-25,11.047128677368164,11.053452100971569,10.977570275370574,11.047128677368164,56354565
2013-01-28,11.059769686676304,11.066092364582152,10.958593477707412,11.00285816192627,38270928
2013-01-29,10.977570275370574,11.059775524574974,10.964923428163763,11.047128677368164,46096888
2013-01-30,11.021832807029536,11.040803817732401,10.971244682421952,10.996539115905762,39875044
2013-01-31,10.977570361556204,11.009187479821458,10.93962907727776,10.990217208862305,43701239
2013-02-01,11.047130530178748,11.167276341154283,11.047130530178748,11.135659217834473,71294104
2013-02-04,11.059776789009556,11.085070486314937,10.983894954733193,11.009188652038574,61435148
2013-02-05,11.066095839590657,11.15462523582864,11.047126315196765,11.116683959960938,58311731
2013-02-06,11.05345395484271,11.141982642498434,11.040807105514787,11.135659217834473,36912889
2013-02-07,11.160949570700815,11.17359641539632,11.01550937198254,11.104037284851074,62169070
2013-02-08,11.123010072734932,11.141980342811385,11.097716379299662,11.12933349609375,54945808
2013-02-11,11.129332812768656,11.198890465444908,11.11036254385695,11.179920196533203,34986990
2013-02-12,11.192566069598403,11.281094719979597,11.154624795229353,11.268447875976562,68228421
2013-02-13,11.293743606954333,11.300067030099722,11.198890775053359,11.243155479431152,49634536
2013-02-14,11.198887634852701,11.28741701878439,11.186241534468007,11.28109359741211,38606376
2013-02-15,11.306389447706488,11.31271212751435,11.192566363965703,11.230506896972656,78615969
2013-02-19,11.268448584516255,11.344329653305735,11.25580173971801,11.338006973266602,54735061
2013-02-20,11.331684748253368,11.33800817132067,11.160950840716108,11.16727352142334,67902699
2013-02-21,11.148302324946112,11.148302324946112,11.03447923448195,11.078743934631348,64595863
2013-02-22,11.154627153467578,11.217862129211426,11.135656883452455,11.217862129211426,53303285
2013-02-25,11.287418981131772,11.287418981131772,10.908009921034234,10.91433334350586,88097007
2013-02-26,10.977566114555266,11.002859799381849,10.851096205702653,10.97124195098877,91502446
2013-02-27,10.952277863514663,11.167275775927866,10.94595369681054,11.141982078552246,77002374
2013-02-28,11.141981861712818,11.217863694723121,11.097717892166926,11.123011589050293,76742387
2013-03-01,11.040802599110894,11.186242791739796,10.977567635920943,11.154624938964844,63689232
2013-03-04,11.123010084156922,11.255803459548657,11.1103632374263,11.249479293823242,44648986
2013-03-05,11.319037837893072,11.413889925724451,11.300066826438746,11.344330787658691,81640166
2013-03-06,11.426536911135114,11.464478192146402,11.369625360798219,11.420212745666504,81642628
2013-03-07,11.445506758513329,11.515065152502972,11.445506758513329,11.50241756439209,58971794
2013-03-08,11.571979833585445,11.58462668276012,11.458156706292874,11.534038543701172,75238474
2013-03-11,11.540361915201366,11.641538192853838,11.508744792410122,11.622567176818848,60897570
2013-03-12,11.609914496607736,11.622561339372341,11.527709276277932,11.559327125549316,40250869
2013-03-13,11.5719730738063,11.603590178273826,11.534031806085455,11.590943336486816,29836732
2013-03-14,11.635209349399924,11.685797467893297,11.616239083349889,11.666827201843262,82792382
2013-03-15,11.66809801032974,11.718856709694817,11.610995311515069,11.706167221069336,61508885
2013-03-18,11.55389434030816,11.642721524558223,11.52851461276292,11.591962814331055,50767302
2013-03-19,11.642716960716184,11.655406447082983,11.458717173808555,11.528510093688965,80060793
2013-03-20,11.591958150178366,11.630027353747003,11.57292392082555,11.604647636413574,77461167
2013-03-21,11.541199056163146,11.585613746156847,11.465062141418457,11.465062141418457,70564736
2013-03-22,11.528510354400415,11.55389007257098,11.471407664458473,11.534855842590332,54333878
2013-03-25,11.579273584592558,11.61099805852501,11.439688431825086,11.50313663482666,61043567
2013-03-26,11.547544740488403,11.58561394337176,11.50313153946465,11.579268455505371,59791763
2013-03-27,11.49678938891532,11.534858602849503,11.458720174981135,11.52216911315918,39216336
2013-03-28,11.515821022934135,11.560234971683869,11.490442794147642,11.553890228271484,31685325
2013-04-01,11.547546722504691,11.591959931151509,11.458718815484804,11.496788024902344,27318475
2013-04-02,11.528513464653594,11.57927216982577,11.522169464478212,11.566582679748535,49287270
2013-04-03,11.572920617445714,11.572920617445714,11.331818213208088,11.376232147216797,109156340
2013-04-04,11.38258288091396,11.484100291631783,11.38258288091396,11.477755546569824,68118247
2013-04-05,11.293751445351832,11.45871548872411,11.274716473737843,11.439682006835938,73523198
2013-04-08,11.42699387029771,11.560234971683869,11.382579921547975,11.553890228271484,51458508
2013-04-09,11.585616111755371,11.66175304204601,11.541201412692894,11.585616111755371,62398898
2013-04-10,11.63002627614781,11.756922616468136,11.63002627614781,11.744233131408691,82560708
2013-04-11,11.750580195919701,11.83306261519654,11.712511730805684,11.769615173339844,60166233
2013-04-12,11.693475930833971,11.750578620850849,11.655406725959683,11.718854904174805,56836255
2013-04-15,11.69982306230092,11.75692725733531,11.458720516411113,11.471410751342773,88256176
2013-04-16,11.58561567085723,11.661752598250429,11.509477253737819,11.649063110351562,55160987
2013-04-17,11.541203394611225,11.55389363003537,11.338170055910593,11.433341979980469,97644397
2013-04-18,11.426994138611152,11.433338882172515,11.262029316289588,11.312788009643555,75975843
2013-04-19,11.350859105966252,11.477755496376988,11.338169615897826,11.471410751342773,66982034
2013-04-22,11.496787922520044,11.503133411419062,11.36989229693891,11.484098434448242,53919154
2013-04-23,11.572926943839233,11.69982258420129,11.560237454289346,11.69347858428955,92145028
2013-04-24,11.706165037736778,11.782302700152282,11.693475551478029,11.76326847076416,46441322
2013-04-25,11.807685099401883,11.902857763688775,11.7823061195191,11.833064079284668,44356254
2013-04-26,11.814025616270929,11.839405331933836,11.731543961171104,11.782301902770996,29434318
2013-04-29,11.833064079284668,11.852099059059983,11.7823061195191,11.833064079284668,36910920
2013-04-30,11.82671673533613,11.87112993757378,11.775958045058657,11.864785194396973,50558770
2013-05-01,11.845752757296534,11.85844299123134,11.725201866252863,11.731547355651855,49923082
2013-05-02,11.76961662957771,11.852099059059983,11.750581649802395,11.833064079284668,54011356
2013-05-03,11.95361619228046,12.017064389339112,11.940925956978125,11.9599609375,50393078
2013-05-06,11.99168302454437,12.099545168260185,11.9853390250552,12.086854934692383,29340516
2013-05-07,12.131268655442685,12.188371350003301,12.061474983475744,12.15030288696289,48645304
2013-05-08,12.150301072106139,12.264507189031812,12.112231869888927,12.25181770324707,77939657
2013-05-09,12.258166302958372,12.258166302958372,12.131270660322448,12.162994384765625,46510750
2013-05-10,12.175679730646287,12.213748931884766,12.13761052940781,12.213748931884766,65637289
2013-05-13,12.194715017215724,12.27719741967954,12.162990557890883,12.25181770324707,38763821
2013-05-14,12.277196919629281,12.537333602210103,12.264506689498427,12.461195945739746,42067209
2013-05-15,12.461201815799752,12.607131709986309,12.429477342822697,12.575407981872559,58081658
2013-05-16,12.550026225745778,12.619818412171512,12.461199061795343,12.49292278289795,46165208
2013-05-17,12.550026802098966,12.664233693039517,12.543682057587066,12.65788745880127,59018818
2013-05-20,12.64519478515081,12.746712161500936,12.63250529932279,12.68326473236084,40420254
2013-05-21,12.708643012253129,12.778435180508268,12.676919299409882,12.714987754821777,44609840
2013-05-22,12.7403719423229,12.911681551554198,12.530993862090538,12.581751823425293,118123067
2013-05-23,12.404092143518037,12.569056936757354,12.366022943998155,12.505609512329102,73706248
2013-05-24,12.442162598849173,12.524645753594882,12.38505990768175,12.518301010131836,62105304
2013-05-28,12.689610655252595,12.759402833796514,12.5880932694626,12.645195960998535,58804501
2013-05-29,12.575403782454615,12.708644885764572,12.550024808438645,12.645195960998535,59443390
2013-05-30,12.664236567449883,12.84189094383177,12.638857583641999,12.797477722167969,68429074
2013-05-31,12.765749039490155,12.816508483062197,12.58174996707299,12.588094711303711,73854091
2013-06-03,12.638852344065372,12.651541830708748,12.404093861710795,12.60078239440918,123404549
2013-06-04,12.619816432919354,12.689610098125147,12.454852364195107,12.486576080322266,77242788
2013-06-05,12.461201556078057,12.511960264865428,12.239133229320334,12.283546447753906,108448023
2013-06-06,12.270855138657693,12.4611997097604,12.194718204052425,12.454854965209961,87829880
2013-06-07,12.524644566363554,12.689609370491594,12.486575364330864,12.670575141906738,65529331
2013-06-10,12.734023581094338,12.746713067824611,12.63250619752607,12.676920890808105,81226304
2013-06-11,12.550025060386263,12.600783009437194,12.44850841742133,12.46754264831543,86971873
2013-06-12,12.550025473707649,12.556370217547974,12.308922973186068,12.334301948547363,79029954
2013-06-13,12.327960428825135,12.5817517232038,12.296235213517123,12.569062232971191,85934756
2013-06-14,12.550025291985506,12.58174901072777,12.385060464799563,12.404094696044922,54618855
2013-06-17,12.499267245159203,12.58175041280698,12.454854778833901,12.52464771270752,56877616
2013-06-18,12.537335961205164,12.638853352175545,12.524646473549641,12.607128143310547,42143039
2013-06-19,12.6134703004398,12.626159785493037,12.423127279778305,12.435816764831543,75429279
2013-06-20,12.321613582068569,12.366026792992203,12.118579526113901,12.16933822631836,126575852
2013-06-21,12.269353573484075,12.275724640489262,12.033650269587977,12.180169105529785,105462601
2013-06-24,12.027278551104509,12.090982486915392,11.836167491537415,11.96357536315918,96897057
2013-06-25,12.084608861402481,12.243868273562773,12.05275653025124,12.18653392791748,80205190
2013-06-26,12.30120490721344,12.352168204012079,12.231131402430423,12.307575225830078,82233016
2013-06-27,12.390386657347157,12.485942905656444,12.37127570683143,12.46683120727539,52961682
2013-06-28,12.422241781661782,12.447723054743735,12.320315193602985,12.390389442443848,63374219
2013-07-01,12.479572178299712,12.740758167202983,12.422239325202712,12.428608894348145,73513720
2013-07-02,12.434982525912615,12.568760706482617,12.38401923144178,12.441352844238281,74272877
2013-07-03,12.358537351545769,12.434981915567146,12.320314695602347,12.403129577636719,30829533
2013-07-05,12.543281818677197,12.626096725463867,12.46046691189053,12.626096725463867,46578332
2013-07-08,12.708905132774518,12.766239481811338,12.67705354760445,12.721647262573242,58673522
2013-07-09,12.798093020563606,12.836316424333047,12.708907072742807,12.829944610595703,93151001
2013-07-10,12.7917228468853,12.817204119198482,12.683425943823337,12.753500938415527,71055905
2013-07-11,12.925499051136862,12.925499051136862,12.778980261949071,12.874536514282227,74407918
2013-07-12,12.906386521032776,12.970089684308533,12.874534939394898,12.963719367980957,53045513
2013-07-15,13.046538400905815,13.052908718905707,12.944611817176632,13.02105712890625,32258971
2013-07-16,13.021055854505269,13.05927775876375,12.912758963375461,12.970091819763184,44604916
2013-07-17,12.995577034129381,13.065650538475893,12.963723945513545,13.02742862701416,46074484
2013-07-18,13.065645654141226,13.205794106173565,13.059275337945689,13.199423789978027,57946248
2013-07-19,13.193060371079985,13.205801010131836,13.122985360563534,13.205801010131836,40687012
2013-07-22,13.212166876880692,13.294981002807617,13.19305592474371,13.294981002807617,32787439
2013-07-23,13.3332044943364,13.3332044943364,13.231277919842054,13.2440185546875,37173861
2013-07-24,13.294982056263915,13.294982056263915,13.122981977671502,13.148463249206543,45179670
2013-07-25,13.116611571132243,13.167575609588749,13.04016775704381,13.161205291748047,46240669
2013-07-26,13.097500706136463,13.148463249206543,13.014686573647584,13.148463249206543,37870484
2013-07-29,13.122982396356939,13.122982396356939,13.001944856972933,13.052908897399902,35602736
2013-07-30,13.091131535735608,13.12935344638845,13.008317395987783,13.046539306640625,29564312
2013-07-31,13.052908897399902,13.173946436783908,13.033797943138893,13.052908897399902,56247221
2013-08-01,13.173946686752325,13.27587177807835,13.161206050336572,13.263131141662598,41956665
2013-08-02,13.250392185561925,13.269503142609063,13.21217027146765,13.256762504577637,38756558
2013-08-05,13.244021918599078,13.275873513802827,13.205800004354579,13.231281280517578,25892854
2013-08-06,13.205794315434115,13.21853494802708,13.097497442663382,13.110238075256348,31125712
2013-08-07,13.052908718905707,13.059279036905597,12.957352453176414,13.02105712890625,47522016
2013-08-08,13.091130805921923,13.129352714443941,12.95735263036391,13.052908897399902,53167013
2013-08-09,13.021057630203662,13.084760812655082,12.98283572073281,13.008316993713379,25617110
2013-08-12,12.950986132975569,12.99557986847123,12.912764213177617,12.957356452941895,33403185
2013-08-13,12.98920404317587,13.059279036905597,12.893649273177502,13.02105712890625,37451082
2013-08-14,13.001943406645251,13.065648076140164,12.96372150238677,12.970091819763184,37419446
2013-08-15,12.874536507409095,12.874536507409095,12.734388035402953,12.778980255126953,76359915
2013-08-16,12.753500938415527,12.842685391511663,12.728019666102346,12.753500938415527,40227972
2013-08-19,12.728021013477404,12.740761650982705,12.581502186435339,12.587872505187988,47041926
2013-08-20,12.613354249881077,12.740762125409468,12.562391697962182,12.708909034729004,52458696
2013-08-21,12.65157682396725,12.759873748176885,12.562392353455627,12.619725227355957,57591843
2013-08-22,12.670682917380791,12.785350116889429,12.657942283627682,12.766239166259766,39774718
2013-08-23,12.791720889333812,12.804461523540668,12.715277084092667,12.778980255126953,31125096
2013-08-26,12.798092619149882,12.82994420818295,12.696166038513184,12.696166038513184,36845430
2013-08-27,12.54327857666655,12.58787155242546,12.364908169361895,12.390389442443848,89691891
2013-08-28,12.358541581031226,12.492319052952439,12.326689980065632,12.409504890441895,63150423
2013-08-29,12.38401923144178,12.52416698247195,12.371278594790446,12.441352844238281,33458334
2013-08-30,12.447721868837176,12.473203887356926,12.345795290489024,12.384017944335938,32457777
2013-09-03,12.530535058213774,12.600609290938186,12.41586785998644,12.485942840576172,52539203
2013-09-04,12.49868707058988,12.638834828499842,12.466834729532428,12.581501960754395,38645768
2013-09-05,12.606981504135794,12.689797130793725,12.581500233081313,12.613351821899414,37273449
2013-09-06,12.683425317299237,12.689797130793725,12.473204083234332,12.613351821899414,48118067
2013-09-09,12.664313321183757,12.759869575500488,12.632461734988429,12.759869575500488,40325837
2013-09-10,12.86180008837744,12.931873599480223,12.855428273455075,12.912762641906738,45371583
2013-09-11,12.88727896173219,12.931871187754108,12.85542587598561,12.925500869750977,39921576
2013-09-12,12.912760240410082,12.93187119442934,12.817203974582863,12.829944610595703,42265400
2013-09-13,12.849059780155665,12.887281696284763,12.810836368295329,12.868170738220215,36197555
2013-09-16,13.021057630203662,13.065649857919656,12.98283572073281,13.008316993713379,48338416
2013-09-17,13.02743115303849,13.072023391723633,13.00194837805849,13.072023391723633,42906382
2013-09-18,13.046542745777685,13.263135125636369,13.008320825049346,13.186691284179688,62847843
2013-09-19,13.244022902505982,13.256763541533992,13.110244696980603,13.135725975036621,49697070
2013-09-20,13.16834039010358,13.1747358309737,13.046827013571278,13.06601333618164,54032652
2013-09-23,12.989267715023916,13.00205859791719,12.861357384461362,12.88054370880127,62269273
2013-09-24,12.867751275660227,12.912520862022877,12.78461054687037,12.797401428222656,49559198
2013-09-25,12.816585696959912,12.906121852081702,12.752631300444348,12.867749214172363,48181217
2013-09-26,12.886937034756441,12.950891431272005,12.810190257308356,12.867749214172363,35533800
2013-09-27,12.791007488302004,12.854961902567137,12.765425722595952,12.82298469543457,60591420
2013-09-30,12.669490762549472,12.797401074163144,12.656699881551065,12.733445167541504,49069260
2013-10-01,12.752634839742925,12.848566461140623,12.739843956889898,12.82298469543457,50421391
2013-10-02,12.733444272172804,12.8293773745448,12.701467071925306,12.8165864944458,46893960
2013-10-03,12.784613270649785,12.803799596765888,12.618330276013603,12.720657348632812,57469112
2013-10-04,12.727051572407046,12.829380136861083,12.714260689554019,12.82298469543457,36588767
2013-10-07,12.714262623267249,12.759030720061626,12.663099084073677,12.67588996887207,35878480
2013-10-08,12.675883458804195,12.695069776148095,12.496809661965182,12.515995979309082,90449818
2013-10-09,12.547975340421395,12.611930489593007,12.458438431907028,12.560766220092773,96983596
2013-10-10,12.72705329132492,12.925315005583741,12.720657849034637,12.918919563293457,94071174
2013-10-11,12.886944073624319,13.002062050229943,12.84856991312555,12.98927116394043,47829520
2013-10-14,12.906123166629381,13.072407617765496,12.886938347350059,13.05321979522705,45458737
2013-10-15,13.05322035069211,13.091594495772407,12.931706979764982,12.95728874206543,57169733
2013-10-16,13.046829528400018,13.24508973521892,13.040432584667165,13.232298851013184,92827371
2013-10-17,13.142757471562053,13.366600885603038,13.142757471562053,13.347413063049316,65763713
2013-10-18,13.385791029227411,13.40497735563078,13.289857895580566,13.373000144958496,51511564
2013-10-21,13.379391766219145,13.404973527451357,13.33462218243321,13.347413063049316,35925381
2013-10-22,13.40497735563078,13.456140892706436,13.353813818555127,13.373000144958496,38892953
2013-10-23,13.309041730052654,13.328228052863656,13.232296438808651,13.264273643493652,44094297
2013-10-24,13.30904238206669,13.30904238206669,13.21950620456228,13.28346061706543,34263777
2013-10-25,13.296251945895943,13.341021537780762,13.264274738570954,13.341021537780762,34527334
2013-10-28,13.334625652166054,13.341022595768184,13.283462116388634,13.309043884277344,26414798
2013-10-29,13.33462218243321,13.360203943665422,13.302644980892945,13.347413063049316,27109328
2013-10-30,13.3665997751477,13.38578609447792,13.251480357536941,13.296248435974121,43636119
2013-10-31,13.277061998333501,13.289852877773003,13.149151702309057,13.155547142028809,60161063
2013-11-01,13.155551401277778,13.206716437230433,13.117178750535722,13.187528610229492,41068991
2013-11-04,13.206715786820384,13.219506669771139,13.155550753387528,13.193924903869629,23064878
2013-11-05,13.149156979717526,13.174738748863762,13.104388883711612,13.123575210571289,31916014
2013-11-06,13.187528610229492,13.219507320811118,13.155551401277778,13.187528610229492,35278244
2013-11-07,13.225903759147306,13.245090085963986,13.034038989350474,13.040432929992676,55046504
2013-11-08,13.053222166966362,13.341021537780762,13.040431284036366,13.341021537780762,78709894
2013-11-11,13.341019124370826,13.37299632591109,13.289854100276838,13.347413063049316,28828050
2013-11-12,13.315438843511986,13.328229726992621,13.181133065335423,13.219507217407227,35299294
2013-11-13,13.161947755870246,13.385791237315972,13.142761429168615,13.334626197814941,52414257
2013-11-14,13.334625720503542,13.45614062022761,13.302648510478777,13.449745178222656,43016187
2013-11-15,13.462534499823605,13.526490414080623,13.436952734772712,13.513699531555176,45884171
2013-11-18,13.56486084046107,13.603233481754032,13.475323175814623,13.50730037689209,52683107
2013-11-19,13.513699329152946,13.596840064323102,13.488117564485206,13.526490211486816,35699492
2013-11-20,13.558469944991955,13.59684259914728,13.443350480895937,13.488120079040527,39271362
2013-11-21,13.526487268104697,13.699165643666657,13.520091828329418,13.67997932434082,45735589
2013-11-22,13.692773010008903,13.750331979782212,13.66719124566521,13.743936538696289,34106702
2013-11-25,13.788705277820508,13.820682484761063,13.737541746715623,13.763123512268066,34048598
2013-11-26,13.76951724677377,13.820680771536377,13.743935484392466,13.750330924987793,34307478
2013-11-27,13.78231038416339,13.807893652362369,13.75033317595201,13.788705825805664,19686029
2013-11-29,13.839869758488211,13.839869758488211,13.731145757597469,13.737541198730469,14792804
2013-12-02,13.756729534387237,13.833474839209103,13.69277511370235,13.731147766113281,37823829
2013-12-03,13.660798794816527,13.692776007245692,13.520097558498119,13.590447425842285,34143508
2013-12-04,13.532882249802318,13.686372799213467,13.50729898993774,13.622418403625488,53872745
2013-12-05,13.56486295929796,13.596840165370278,13.481720721880155,13.494511604309082,45227309
2013-12-06,13.654396063610267,13.718351962992491,13.590441665857483,13.67997932434082,37371314
2013-12-09,13.72475031646447,13.769518404395464,13.711959434198473,13.737541198730469,27234152
2013-12-10,13.705561532215881,13.769515932062786,13.686373710632324,13.686373710632324,37960839
2013-12-11,13.69277262678691,13.699168067693842,13.475324632691784,13.500907897949219,79264090
2013-12-12,13.494510955412583,13.564862307018549,13.468929191784852,13.500907897949219,48718056
2013-12-13,13.545676737868792,13.577653944182407,13.481720823611774,13.513699531555176,89187304
2013-12-16,13.571259092297606,13.628818066161807,13.571259092297606,13.596840858459473,84071637
2013-12-17,13.596838041538538,13.596838041538538,13.494509496461102,13.50730037689209,33255096
2013-12-18,13.552067809213373,13.833468635664161,13.430552962774792,13.820677757263184,122031246
2013-12-19,13.801494598388672,13.839868744003537,13.75672651373925,13.801494598388672,56205614
2013-12-20,13.827838184176334,13.924222387411842,13.821412671206671,13.88566780090332,81181865
2013-12-23,13.949926376342773,13.982053945652252,13.930649834757086,13.949926376342773,36429968
2013-12-24,13.975629806518555,13.982055321012503,13.937076719554861,13.975629806518555,9107923
2013-12-26,14.020604796528227,14.020604796528227,13.975626206656237,14.007755279541016,18352240
2013-12-27,14.014185221491337,14.02061073705268,13.97563212812328,14.001334190368652,14700479
2013-12-30,14.00133186449435,14.027033922470144,13.956353263036709,13.975629806518555,19989840
2013-12-31,14.00132802099683,14.05273363152798,13.994902508266746,14.046306610107422,22770053
2014-01-02,14.020605192112848,14.033456218153146,13.930648009830769,13.96920108795166,43679450
2014-01-03,13.988473678548809,14.110559900161448,13.982048167342361,14.065581321716309,30349074
2014-01-06,14.136269343649412,14.174822431066076,14.052737654246638,14.078439712524414,42798546
2014-01-07,14.155550065893536,14.155550065893536,14.03989076950241,14.084869384765625,58506229
2014-01-08,14.110570025424439,14.149123120327515,14.072016930521364,14.129846572875977,44270453
2014-01-09,14.174820290234013,14.200523853320671,14.091288613447084,14.181245803833008,35872817
2014-01-10,14.174820822526716,14.194097364047572,14.091289142603003,14.15554428100586,44795967
2014-01-13,14.13626937231255,14.161971430642438,13.91780036781757,13.943502426147461,52459804
2014-01-14,14.020608100101148,14.078439237967675,13.949927442219769,14.059161186218262,38581263
2014-01-15,14.12341707386971,14.239077834650642,14.116991559864701,14.226226806640625,75928326
2014-01-16,14.187675195464347,14.194099201445471,14.104141996036693,14.136269569396973,57911287
2014-01-17,14.155543702365634,14.181245756676146,14.059159490010542,14.091288566589355,70660016
2014-01-21,14.168401168701775,14.181252201697502,14.020612780559565,14.104146003723145,51099056
2014-01-22,14.12984268136376,14.142693709458806,14.072013054936056,14.110566139221191,22301904
2014-01-23,14.046305819959823,14.052732841018843,13.81498586599876,13.879240989685059,64648058
2014-01-24,13.808565059095475,13.808565059095475,13.564393997192383,13.564393997192383,86803719
2014-01-27,13.58367141203425,13.647926561737307,13.40375548417469,13.48086166381836,79350014
2014-01-28,13.551545233577619,13.673630030593436,13.53869269362164,13.660778999328613,43538500
2014-01-29,13.51298549445843,13.635071753757277,13.468006902129071,13.500134468078613,79334380
2014-01-30,13.622222862509357,13.718605575464904,13.577244263130101,13.692903518676758,56607904
2014-01-31,13.487283256737173,13.660773619176078,13.461581204330011,13.532261848449707,65974214
2014-02-03,13.519415730323178,13.551544816186809,13.172434879477738,13.19171142578125,129496030
2014-02-04,13.255968651217433,13.39090448106683,13.21098853257646,13.320223808288574,67895066
2014-02-05,13.300941811754528,13.352345916351116,13.210983120019947,13.307367324829102,58062823
2014-02-06,13.333074059896079,13.519415513195078,13.32664854456477,13.51298999786377,49232368
2014-02-07,13.570813720854005,13.69289996762727,13.525835133139276,13.680048942565918,63056129
2014-02-10,13.68647800447972,13.70575454707083,13.61579734831232,13.692903518676758,53244320
2014-02-11,13.737883000362402,13.872820301038464,13.673626352631027,13.83426570892334,46243500
2014-02-12,13.853542250635527,13.898520847963965,13.78286159769084,13.83426570892334,47764154
2014-02-13,13.712178950722365,13.892094822563516,13.712178950722365,13.88566780090332,39783458
2014-02-14,13.86639364143371,13.91779926270264,13.84069158514464,13.904948234558105,37421046
2014-02-18,13.917801588116491,13.956354678991625,13.866395958258607,13.930652618408203,26168844
2014-02-19,13.885667501907152,13.969200677404633,13.731455193955803,13.73788070678711,78908823
2014-02-20,13.750734191966117,13.808565332827367,13.67362801573903,13.776437759399414,39164019
2014-02-21,13.802138328552246,13.853542440489205,13.750732707924515,13.802138328552246,53100785
2014-02-24,13.808564014783302,13.975628889353048,13.802138500711035,13.904948234558105,51914224
2014-02-25,13.89852015685004,13.904947179125264,13.789286425912703,13.82141399383545,49380703
2014-02-26,13.853542440489205,13.866393468473445,13.731457674638927,13.802138328552246,52231699
2014-02-27,13.782864989723041,13.879247722004253,13.737886381325144,13.872823715209961,47711837
2014-02-28,13.879245771631824,14.020608601137132,13.853543713301933,13.943502426147461,69264062
2014-03-03,13.814989167211152,13.853542250635527,13.744308514266464,13.83426570892334,61089483
2014-03-04,13.994905718200803,14.116991996765137,13.969203661385325,14.116991996765137,61500268
2014-03-05,14.123412505112304,14.264775276184082,14.091284945480147,14.264775276184082,58700112
2014-03-06,14.264780539932385,14.341886711501978,14.258355025634918,14.309759140014648,53457898
2014-03-07,14.399715954565556,14.451120062182996,14.31618277099657,14.374013900756836,81544764
2014-03-10,14.341885167974532,14.45754592157192,14.290481059127105,14.380439758300781,29071542
2014-03-11,14.399722233145177,14.412573265652856,14.251933850615568,14.284061431884766,55578050
2014-03-12,14.194097539125552,14.26477970093126,14.155544455608304,14.258354187011719,39319248
2014-03-13,14.303333339908729,14.322609882415945,14.065587806962258,14.097715377807617,70116160
2014-03-14,14.04630684788365,14.161967587673553,13.994902745172803,14.007755279541016,54433958
2014-03-17,14.123416711804431,14.206948391728142,14.11056568412386,14.15554428100586,46338656
2014-03-18,14.194097727924806,14.239077834650642,14.168395671904772,14.226226806640625,44158186
2014-03-19,14.239079400580257,14.322611091831693,14.116993112367991,14.219802856445312,69971394
2014-03-20,14.194097414670921,14.476823042033296,14.194097414670921,14.444695472717285,112214267
2014-03-21,14.543365563650093,14.607860314008889,14.427277738710412,14.446625709533691,82702027
2014-03-24,14.491779211387266,14.5304751750272,14.356341824365433,14.440184593200684,68496287
2014-03-25,14.485325306817998,14.51112260775946,14.356337287829108,14.427281379699707,42096507
2014-03-26,14.511125092714085,14.517574419053865,14.278947830200197,14.278947830200195,62505872
2014-03-27,14.246699582456865,14.311194359675815,14.12416238287633,14.201554298400879,81009033
2014-03-28,14.240247504818912,14.349886018970116,14.207999368728364,14.259593963623047,48922771
2014-03-31,14.362790806363419,14.45308290030141,14.349892152126852,14.407936096191406,41048557
2014-04-01,14.446629729906666,14.478876356919427,14.395033612404635,14.433731079101562,51651775
2014-04-02,14.446628740205714,14.498223339891517,14.420831440362813,14.46597671508789,44565278
2014-04-03,14.47888055684062,14.498228538660587,14.39503778800537,14.440184593200684,46626833
2014-04-04,14.517572650504341,14.549820792556563,14.285395416274584,14.298294067382812,60202301
2014-04-07,14.285397203932817,14.291846530293993,14.066117079089173,14.079015731811523,72897112
2014-04-08,14.091912251235138,14.13060819938605,13.982272217192776,14.098360061645508,56290676
2014-04-09,14.143504835600277,14.23379536843389,14.07256075980692,14.22089672088623,44907126
2014-04-10,14.233802294475918,14.233802294475918,13.88553561266318,13.891984939575195,94458692
2014-04-11,13.73074780293431,13.891982461252468,13.666254545319727,13.724298477172852,98050873
2014-04-14,13.885537033907125,13.904885016623519,13.692055692461071,13.833942413330078,69247689
2014-04-15,13.866184124391792,13.988722819005137,13.762994919901889,13.962924003601074,103855038
2014-04-16,14.027420749078168,14.07901535859988,13.943579508605382,14.072566032409668,49363100
2014-04-17,14.091912251235138,14.13060819938605,14.027417490035505,14.098360061645508,58956037
2014-04-21,14.104815880075598,14.117714534012878,14.053219750044496,14.085466384887695,37683618
2014-04-22,14.104817084659453,14.220904980009141,14.053220950221922,14.182209014892578,33032777
2014-04-23,14.169306509487742,14.227350441389733,14.149958532187076,14.214451789855957,32197667
2014-04-24,14.278945227869668,14.278945227869668,14.149957210300247,14.208001136779785,36918798
2014-04-25,14.175755409391734,14.188654060538012,14.066115360366702,14.091914176940918,35205738
2014-04-28,14.09191273019016,14.130608679656266,13.872632654652557,14.00806999206543,54068967
2014-04-29,14.040317240018982,14.149957282655867,14.02741858962424,14.143507957458496,34182162
2014-04-30,14.10481407405274,14.195104640052621,14.091915421767045,14.162858009338379,46774307
2014-05-01,14.162858547719443,14.208003832435518,14.117713263003369,14.188655853271484,33615533
2014-05-02,14.195107669931433,14.311197079563234,14.149962377295443,14.182209014892578,34600209
2014-05-05,14.053218568975502,14.137061326803439,14.00162395756253,14.124162673950195,23206197
2014-05-06,14.085466613416383,14.085466613416383,13.924233436584473,13.924233436584473,73906286
2014-05-07,13.995174447317723,14.12416248843783,13.956478489266242,14.111262321472168,50411420
2014-05-08,14.091914678311289,14.227350520165839,14.091914678311289,14.149958610534668,35858291
2014-05-09,14.143507957458496,14.16285593305061,14.053215890413727,14.143507957458496,29373014
2014-05-12,14.214454372668124,14.291847810215119,14.182207737974368,14.285398483276367,25643084
2014-05-13,14.29184706427908,14.330543023891927,14.253151104666234,14.272499084472656,28989311
2014-05-14,14.25959731736724,14.2724974834063,14.143509451551255,14.169306755065918,31432723
2014-05-15,14.104811380012196,14.124159354745247,13.904879279207647,14.00806999206543,49008449
2014-05-16,14.014523297808042,14.027421951293945,13.917781882381835,14.027421951293945,41206002
2014-05-19,13.988721541884594,14.111258711029144,13.982272217192776,14.098360061645508,24674780
2014-05-20,14.072562659593324,14.104810797097182,13.96292262635566,14.014518737792969,24000561
2014-05-21,14.066120861262135,14.162862296973955,14.059673047449078,14.104818344116211,39055814
2014-05-22,14.124161473915258,14.195104058580581,14.085464004361535,14.169306755065918,22555244
2014-05-23,14.188654486788405,14.220901115622844,14.156407857953965,14.214451789855957,20383390
2014-05-27,14.246703020632781,14.395039075468132,14.246703020632781,14.336995124816895,28444963
2014-05-28,14.304744140295462,14.349889421532898,14.278946836731214,14.311193466186523,40448075
2014-05-29,14.3434419631958,14.356340616657365,14.278948695887985,14.3434419631958,18361350
2014-05-30,14.311196235141868,14.388589675090564,14.304746908002977,14.375689506530762,33521607
2014-06-02,14.388591345066553,14.427287312391039,14.317647224022792,14.414388656616211,24982776
2014-06-03,14.37568563619698,14.433731079101562,14.349888334586772,14.433731079101562,19306758
2014-06-04,14.388583291532075,14.48532315569635,14.388583291532075,14.472424507141113,24081684
2014-06-05,14.498225280269546,14.614314659381003,14.433732022030801,14.607865333557129,38203470
2014-06-06,14.64656022068161,14.723953639207394,14.620762919266886,14.704604148864746,36753598
2014-06-09,14.711057205950993,14.788449121860737,14.69815855329937,14.7691011428833,39739634
2014-06-10,14.730401957893806,14.762648582458496,14.70460314396055,14.762648582458496,26550947
2014-06-11,14.7046047672259,14.71105560713246,14.620763534102332,14.665908813476562,25320439
2014-06-12,14.659461898153827,14.665911224839112,14.549823344503976,14.575620651245117,36993766
2014-06-13,14.614311250198051,14.646557871795029,14.536917844083945,14.582064628601074,34428485
2014-06-16,14.55627085042165,14.55627085042165,14.472429605278236,14.511125564575195,41736316
2014-06-17,14.491774195055793,14.672356810482166,14.485324870014907,14.65945816040039,30098442
2014-06-18,14.653004584569462,14.769093915909815,14.59496067603983,14.74329662322998,38125793
2014-06-19,14.749748637107562,14.762647285800503,14.672355230668549,14.72395133972168,28443117
2014-06-20,14.788699504134756,14.801649202101533,14.736899191993173,14.782224655151367,30669011
2014-06-23,14.782226695134375,14.82755064427291,14.730426375844223,14.814600944519043,23893956
2014-06-24,14.782228780313881,14.846977288216635,14.698054199765405,14.71747875213623,27761266
2014-06-25,14.646259426921713,14.74985706809619,14.633309721774902,14.730432510375977,31616881
2014-06-26,14.711009864302959,14.73043442454733,14.568561568902046,14.678635597229004,32902784
2014-06-27,14.633309366649716,14.736907005310059,14.633309366649716,14.736907005310059,22087464
2014-06-30,14.704529647585133,14.749853604957291,14.685105094425637,14.723954200744629,45984497
2014-07-01,14.75632729562664,14.87934944328838,14.75632729562664,14.814600944519043,34924332
2014-07-02,14.808127758929839,14.859926563766983,14.795178057720552,14.801652908325195,21714471
2014-07-03,14.905258415503587,14.937632682378164,14.872882628353505,14.918208122253418,27225904
2014-07-07,14.898775683101084,14.898775683101084,14.80812777454052,14.8534517288208,30418995
2014-07-08,14.827553337870238,14.84050303997657,14.691579945478802,14.723954200744629,42234379
2014-07-09,14.743378524840052,14.77575277960289,14.711004270077215,14.762803077697754,23890756
2014-07-10,14.600930852989325,14.711004843750375,14.542657192143768,14.665680885314941,31814580
2014-07-11,14.646256812476668,14.704530475235112,14.575031926607968,14.691580772399902,26102370
2014-07-14,14.834023447018476,14.840498296001865,14.762798587926728,14.782224655151367,26266093
2014-07-15,14.85992766018464,14.91820284020103,14.808128851525597,14.88582706451416,36321394
2014-07-16,14.898780107331621,14.918206185209506,14.814607024387115,14.859930992126465,32831509
2014-07-17,14.788704578486113,14.853453090536734,14.652731182904818,14.665680885314941,42034342
2014-07-18,14.711005499041693,14.84697890067983,14.711005499041693,14.834029197692871,25827980
2014-07-21,14.756331211169664,14.814604875524788,14.730430284514522,14.795180320739746,18265332
2014-07-22,14.834031701063735,14.86640596399457,14.808132290719067,14.840506553649902,15999553
2014-07-23,14.84697771706249,14.89877652488087,14.8210783131533,14.87287712097168,17625827
2014-07-24,14.911725787176534,14.931151859810608,14.879351533244574,14.905252456665039,25123971
2014-07-25,14.846974838340607,14.8922987863937,14.808125740009384,14.821075439453125,44700318
2014-07-28,14.808129195386273,14.866402856480873,14.730429460318472,14.827553749084473,51911024
2014-07-29,14.846975497219525,14.885824597274793,14.743376376797428,14.74985122680664,34997453
2014-07-30,14.808126094642109,14.872874593411446,14.723951525967289,14.814600944519043,49021005
2014-07-31,14.71100345143994,14.74985255499347,14.50380671221292,14.510281562805176,61818850
2014-08-01,14.471436948446385,14.529710621853798,14.322513818352112,14.387262344360352,61016238
2014-08-04,14.43905419183556,14.523228755269544,14.374305697097562,14.503804206848145,32232135
2014-08-05,14.432581398725818,14.477906871775009,14.29660954040266,14.354883193969727,49123055
2014-08-06,14.309568373684206,14.490865820762135,14.309568373684206,14.413166046142578,45635509
2014-08-07,14.47790915500842,14.510283412095696,14.309561497879548,14.348410606384277,49004387
2014-08-08,14.3419340392675,14.497331974971493,14.309559786053098,14.490857124328613,62985100
2014-08-11,14.516753905795744,14.568552701586142,14.490854507900545,14.503804206848145,28040580
2014-08-12,14.458480394461866,14.575027686069848,14.458480394461866,14.536178588867188,27079046
2014-08-13,14.568555007760127,14.633305033022516,14.555605306762615,14.600929260253906,27864301
2014-08-14,14.620357406806248,14.691580772399902,14.613881035113598,14.691580772399902,26959269
2014-08-15,14.75632706428908,14.75632706428908,14.536179131375267,14.620353698730469,48988876
2014-08-18,14.691575249109452,14.795174353118144,14.685100400126062,14.782224655151367,30915826
2014-08-19,14.814605115982335,14.846979374482874,14.795180560882011,14.808130264282227,24872847
2014-08-20,14.78223062525148,14.89877795402245,14.76280455018123,14.846979141235352,32671479
2014-08-21,14.879351801059265,15.047699444810464,14.853452397447532,15.02180004119873,46030414
2014-08-22,15.021800027880671,15.060649133263828,14.950576668011546,14.970001220703125,30347351
2014-08-25,15.041224524321885,15.144823658564464,15.041224524321885,15.099499702453613,33893123
2014-08-26,15.086550127979447,15.177198040965866,15.080075277051845,15.131874084472656,17016729
2014-08-27,15.17072306205638,15.17072306205638,15.07359877868678,15.099499702453613,21784145
2014-08-28,15.028273115319474,15.07359706628139,14.995898864632391,15.05417251586914,25850015
2014-08-29,15.099502089301254,15.144826052576672,15.060651457647165,15.125401496887207,28003280
2014-09-02,15.170725108823818,15.196624515809969,15.099501739611908,15.183674812316895,36352415
2014-09-03,15.241952392456806,15.254900577708609,15.125403522436974,15.157777786254883,24151728
2014-09-04,15.170722007751467,15.267844764096502,15.118923204367446,15.170722007751465,31148855
2014-09-05,15.151297343978483,15.196621296602952,15.060647918454741,15.190146446228027,30005256
2014-09-08,15.177194485581035,15.2548926785108,15.144820238526966,15.196619033813477,26755908
2014-09-09,15.164253935018726,15.164253935018726,15.015330788453394,15.041230201721191,38428619
2014-09-10,15.047695464863892,15.138344873804135,15.047695464863892,15.11892032623291,38567107
2014-09-11,15.067129847564738,15.170727491782046,15.054178621762214,15.157777786254883,36650440
2014-09-12,15.157776593546286,15.216051784108428,15.086553218751188,15.144826889038086,42971009
2014-09-15,15.14482438426429,15.177198640180473,15.093025574798398,15.138349533081055,25694294
2014-09-16,15.099505412347499,15.23547733209798,15.09303055902605,15.203103065490723,39350392
2014-09-17,15.235474707475731,15.352023567459423,15.183675889827526,15.26784896850586,54889305
2014-09-18,15.345548515394235,15.455622521738308,15.326123959029141,15.41677188873291,63655749
2014-09-19,15.499995098621461,15.526001548234442,15.3374532619819,15.376462936401367,62190612
2014-09-22,15.343952533025718,15.382962201492637,15.252928446711365,15.272433280944824,39775087
2014-09-23,15.239924782848052,15.317944117524021,15.161905448172082,15.168405532836914,39927485
2014-09-24,15.200915841557391,15.259430345359219,15.135898199663789,15.252928733825684,44279193
2014-09-25,15.200918276638928,15.226924726939126,14.999366760253906,14.999366760253906,66656804
2014-09-26,15.044874098323483,15.181409453111339,15.018867654851144,15.142399787902832,49182020
2014-09-29,14.992864116118918,15.122896358673252,14.986360977432824,15.090388298034668,47184969
2014-09-30,15.12289419284693,15.155403775388027,15.031871636094698,15.064379692077637,40730589
2014-10-01,15.031869456870757,15.064377508140888,14.856324453454109,14.882330894470215,63257889
2014-10-02,14.888837648253958,14.979861749813644,14.784810321694097,14.921345710754395,69509769
2014-10-03,15.057878300914458,15.161905608138126,15.005865410581716,15.135897636413574,62092379
2014-10-06,15.23992690353053,15.23992690353053,15.070883461651519,15.090388298034668,40801003
2014-10-07,15.051380700021104,15.051380700021104,14.830324330648915,14.836824417114258,63099706
2014-10-08,14.843322010415829,15.116391181945803,14.797809209695819,15.1163911819458,72327897
2014-10-09,15.103392253439742,15.103392253439742,14.784810190642428,14.797813415527344,110277904
2014-10-10,14.76530230876496,14.934345723971184,14.674278226780933,14.680781364440918,76225243
2014-10-13,14.687280744312776,14.778304821929618,14.537743696144783,14.55074691772461,70603882
2014-10-14,14.589756680255874,14.72629203431727,14.544245404421433,14.609261512756348,78074944
2014-10-15,14.401211146069564,14.472728878678911,14.01110984307077,14.329691886901855,134405258
2014-10-16,14.082629102238476,14.440220818401935,14.069625878127686,14.329691886901855,101397347
2014-10-17,14.518240961774058,14.583257079068522,14.414213647544633,14.511737823486328,65796704
2014-10-20,14.479224804830888,14.609258521433704,14.479224804830888,14.5962553024292,60934746
2014-10-21,14.726292483259174,14.888834285609743,14.687281290510866,14.869329452514648,62988547
2014-10-22,14.895332714587616,14.908335933873165,14.73279094696045,14.73279094696045,56880817
2014-10-23,14.901837093733983,14.97335481309606,14.849824206925199,14.87583065032959,99572513
2014-10-24,14.901836971755886,15.02536910347366,14.875830528564368,15.018867492675781,32770205
2014-10-27,14.966856220652812,15.044875558642714,14.940848248097948,15.038373947143555,27325984
2014-10-28,15.07738508686531,15.20741885609088,15.07738508686531,15.20091724395752,44604546
2014-10-29,15.226920255840902,15.265929919836747,15.122892958627281,15.239923477172852,55631844
2014-10-30,15.226920039326394,15.395963440796097,15.181408765311708,15.324445724487305,41918628
2014-10-31,15.499989509582521,15.519494339759136,15.434971882435907,15.49998950958252,46879927
2014-11-03,15.539003084221624,15.59751758949132,15.493491802345195,15.558507919311523,60885014
2014-11-04,15.49999300188895,15.571510728650217,15.441478498175186,15.565009117126465,36701526
2014-11-05,15.701547790718738,15.701547790718738,15.578017145765363,15.669039726257324,30312760
2014-11-06,15.643024015770091,15.701538497166618,15.597511225904029,15.695036888122559,33192561
2014-11-07,15.701539993286133,15.740549651267514,15.623520677323368,15.701539993286133,35459694
2014-11-10,15.701543583785822,15.786066055297852,15.682038750334927,15.786066055297852,37733474
2014-11-11,15.792562376116653,15.805567121876033,15.73404788970947,15.734047889709473,47698542
2014-11-12,15.682035164295442,15.721044822276824,15.643025506314059,15.701539993286133,23048629
2014-11-13,15.714541715254734,15.747049760475027,15.630019271124322,15.695036888122559,36133543
2014-11-14,15.688544317176177,15.721052381124215,15.623528189280103,15.643033027648926,14073777
2014-11-17,15.59752021156314,15.662537866017747,15.584516985983925,15.643033027648926,19907978
2014-11-18,15.636522406726034,15.747049760475027,15.630019271124322,15.695036888122559,15630130
2014-11-19,15.669040141506967,15.68854498070072,15.597520871237947,15.662538528442383,27164231
2014-11-20,15.584517645108779,15.682043367636135,15.558511192850444,15.662538528442383,19798912
2014-11-21,15.838077634292157,15.838077634292157,15.721047116710007,15.740551948547363,25110061
2014-11-24,15.792570036432663,15.883594141553608,15.786069950236728,15.844584465026855,23038411
2014-11-25,15.877085709736981,15.877085709736981,15.779560033747957,15.831574440002441,28864242
2014-11-26,15.83157987258819,15.857586321360577,15.8120750360089,15.85108470916748,10769280
2014-11-28,15.864089012145998,15.935608277691017,15.844584174240582,15.864089012145996,9621496
2014-12-01,15.779560785264136,15.825073583724134,15.714544682546913,15.753554344177246,33654309
2014-12-02,15.740553438110332,15.916098467816756,15.740553438110332,15.903095245361328,26767603
2014-12-03,15.91610096759643,15.987620228892242,15.883592906352154,15.974617004394531,17814417
2014-12-04,15.955114732771854,16.013629252419005,15.890097073271926,15.994124412536621,20925400
2014-12-05,16.078647109749962,16.195677688154113,16.05914226777574,16.137163162231445,37209929
2014-12-08,16.117659043807492,16.299705770298118,16.111157429524216,16.21518325805664,52915889
2014-12-09,16.00712122263069,16.176164627075195,15.961609947815104,16.176164627075195,55516992
2014-12-10,16.13065571681414,16.182668609942112,15.942105926108706,15.968113899230957,63708559
2014-12-11,16.01362365081477,16.150159008789704,15.981115595715528,16.007122039794922,71819494
2014-12-12,15.883585076957909,15.98111073917644,15.675532060990383,15.695036888122559,48320689
2014-12-15,15.786065865866279,15.812072310155399,15.473985481280593,15.55200481414795,45935750
2014-12-16,15.467480971593671,15.714545223540508,15.395963256142636,15.402464866638184,45497391
2014-12-17,15.473983575935247,15.76005595444897,15.441475524576635,15.753554344177246,53873361
2014-12-18,15.99412452772691,16.13065993444558,15.909602027735865,16.117656707763672,46183796
2014-12-19,16.167321385247664,16.213065178063005,16.075832265259727,16.128110885620117,49107421
2014-12-22,16.173856496931613,16.239206314086914,16.134647527252888,16.239206314086914,19475282
2014-12-23,16.298010911215563,16.38949999176895,16.265336787573847,16.330686569213867,22928360
2014-12-24,16.38296424854486,16.38296424854486,16.29800999748269,16.304546356201172,9773278
2014-12-26,16.356824951096964,16.363359775458935,16.29800999748269,16.304546356201172,18149002
2014-12-29,16.291478648319007,16.42871152355064,16.258804519539297,16.36336326599121,22126486
2014-12-30,16.33722280410213,16.38296658114894,16.291477492698597,16.34375762939453,20298451
2014-12-31,16.402567693252298,16.415637341156827,16.14117166644887,16.160776138305664,29869969
2015-01-02,16.245730384041522,16.27186967985058,16.036614483212627,16.160776138305664,40511471
2015-01-05,16.056228357715163,16.088902496610704,15.781762522277985,15.820971488952637,50770502
2015-01-06,15.82097280714704,15.873251433735733,15.507299513257442,15.579182624816895,57454463
2015-01-07,15.709871375498324,15.78175598565203,15.61838382448392,15.742547035217285,36287049
2015-01-08,15.925527478232938,16.017016585472376,15.892853345060653,15.977806091308594,37995923
2015-01-09,16.010480483317924,16.017016844415092,15.755620706096812,15.762155532836914,36300590
2015-01-12,15.762159243420548,15.801368213091388,15.585717345544339,15.631461143493652,38356360
2015-01-13,15.736020038940413,15.8405772921178,15.468089008958485,15.579182624816895,45785445
2015-01-14,15.3308509290142,15.415805203035703,15.154409089200072,15.3569917678833,71356023
2015-01-15,15.30470566900008,15.383125086378282,15.141333545014842,15.167472839355469,58038203
2015-01-16,15.128269663192587,15.356991644551124,15.069456228512514,15.350455284118652,89499855
2015-01-20,15.396206384416383,15.455021381407946,15.232835654877698,15.285114288330078,39330942
2015-01-21,15.278565586324225,15.40272876239202,15.180541703248338,15.324309349060059,49251571
2015-01-22,15.415801368865335,15.722941189206413,15.31124264246522,15.703336715698242,97345387
2015-01-23,15.690272828558232,15.722946963070617,15.53343391418457,15.53343391418457,34069402
2015-01-26,15.507293525718708,15.618385564325807,15.468083036559356,15.61185073852539,27588310
2015-01-27,15.396198806202436,15.546501337754757,15.383130688629281,15.441944122314453,35186781
2015-01-28,15.520362074183845,15.520362074183845,15.134802776292942,15.160942077636719,85405918
2015-01-29,15.141346511978398,15.317788434237814,15.082533049344473,15.285114288330078,50409450
2015-01-30,15.108666894029028,15.285108752384911,15.030247437894701,15.036782264709473,64531113
2015-02-02,15.075990000312494,15.298175605700948,14.958361604821286,15.278571128845215,62984977
2015-02-03,15.33738757275315,15.546503567989525,15.33738757275315,15.53343391418457,66155787
2015-02-04,15.500757466918676,15.62492069389737,15.468083337281355,15.494222640991211,37523958
2015-02-05,15.539967115940332,15.677198452991206,15.526895930435838,15.6510591506958,30264135
2015-02-06,15.794827255548112,15.93206013049955,15.73601382386471,15.775222778320312,83237512
2015-02-09,15.703341361098042,15.775224451892626,15.657597576046943,15.696805000305176,37354080
2015-02-10,15.814436661173529,15.853647162205489,15.703344588928683,15.820971488952637,39742220
2015-02-11,15.801367005615312,15.866716817763706,15.7164142444869,15.820971488952637,36080733
2015-02-12,15.847108024262413,15.997410571211965,15.814433891090127,15.977806091308594,40635310
2015-02-13,15.984343328685293,16.030088656382798,15.905925397244896,15.964738845825195,23270085
2015-02-17,15.938596008707055,16.056224414197988,15.925526356358834,16.01701545715332,17869196
2015-02-18,15.997416667759953,15.997416667759953,15.879789743512601,15.918998718261719,36387868
2015-02-19,15.87978749853399,15.918996467740003,15.814437682166558,15.85364818572998,21550255
2015-02-20,15.827502847235426,15.997409866604782,15.729480452035974,15.971270561218262,40206183
2015-02-23,15.95166567391167,15.95166567391167,15.84710692068469,15.932061195373535,23616735
2015-02-24,15.971270016645798,16.06275911673609,15.938595886026738,16.010478973388672,33958612
2015-02-25,15.997409321141047,16.075828768983712,15.990874495017234,16.010478973388672,32659415
2015-02-26,16.030085532694905,16.036620359041535,15.91899195044522,15.971270561218262,33480738
2015-02-27,15.951667381072248,15.98434151546595,15.899388766042325,15.912458419799805,28937856
2015-03-02,15.918992928260439,16.04315617083004,15.886318794520298,16.030086517333984,27137641
2015-03-03,15.98434829711914,16.030093639035723,15.905930341303998,15.98434829711914,31729394
2015-03-04,15.918994250589998,15.93859873246255,15.827505134160887,15.886320114135742,47685247
2015-03-05,15.912459774707854,15.984342876494674,15.860179620869303,15.951668739318848,25112031
2015-03-06,16.01048252057593,16.115041296079262,15.80790133149815,15.834040641784668,74347599
2015-03-09,15.847108866191897,15.938597978291995,15.840574039210257,15.905923843383789,26666907
2015-03-10,15.768683097902247,15.775217921632983,15.566102027893068,15.566102027893066,49650662
2015-03-11,15.611851601583046,15.72294518068849,15.592247123098014,15.664130210876465,36531648
2015-03-12,15.794830673934912,16.017017865983714,15.775226192464222,16.003948211669922,50418806
2015-03-13,15.964733957665345,15.997408085761187,15.801361782829334,15.892850875854492,40917578
2015-03-16,15.958203437771227,16.101971174540086,15.958203437771227,16.08890151977539,39676730
2015-03-17,16.036622499492964,16.088901117243772,15.938598556853018,16.049692153930664,22247248
2015-03-18,16.01048384916528,16.193462105069415,15.951670396140127,16.14118194580078,58915168
2015-03-19,16.141178749024593,16.141178749024593,15.918993102798495,15.990876197814941,42486734
2015-03-20,16.070237913752912,16.221101451551675,16.017764175417305,16.207983016967773,47450742
2015-03-23,16.175188586059306,16.2539007417029,16.11615562438965,16.11615562438965,26417014
2015-03-24,16.103031794603123,16.103031794603123,15.978405154961314,15.984964370727539,22615686
2015-03-25,16.004650598890024,16.044005914587654,15.72916030883789,15.72916030883789,40570806
2015-03-26,15.66356532626528,15.788192010528961,15.597973145118123,15.71604061126709,40238682
2015-03-27,15.716040736332882,15.735716850749524,15.637328578245832,15.696361541748047,30154207
2015-03-30,15.814428453904808,15.965292006534066,15.80786923596806,15.925936698913574,43422048
2015-03-31,15.847232064109889,15.893146611456507,15.78163985361472,15.814435958862305,26132160
2015-04-01,15.775075570814801,15.860345417097973,15.689804184447349,15.801312446594238,32823015
2015-04-02,15.761959901898818,15.906262744036049,15.761959901898818,15.880025863647461,26472163
2015-04-06,15.748841118861556,15.945619257576768,15.716045019089774,15.906262397766113,19432443
2015-04-07,15.939059968538798,15.952178408390653,15.820992469787598,15.820992469787598,22346466
2015-04-08,15.834111322967434,15.945619604703479,15.834111322967434,15.880025863647461,22778055
2015-04-09,15.85378863813126,15.919380837674826,15.794755658542051,15.906262397766113,25595691
2015-04-10,15.91281632445685,15.939053193007531,15.873459481546975,15.899696350097656,18165005
2015-04-13,15.873456489806788,16.011201563820293,15.860338058003936,15.958727836608887,38112499
2015-04-14,15.945609404806035,15.998083132017442,15.866897273905362,15.958727836608887,32499016
2015-04-15,15.991531983022421,16.08336105196543,15.952176667761133,16.01776885986328,45762179
2015-04-16,16.011212153806063,16.096483557007577,15.925942290689136,16.044008255004883,27839065
2015-04-17,15.965293153691766,15.965293153691766,15.768513521281976,15.827548027038574,49064829
2015-04-20,15.886586340602188,15.952180086847614,15.880027119986112,15.893145561218262,19100196
2015-04-21,15.95218114098693,15.971858804135481,15.801317516763271,15.814435958862305,26714793
2015-04-22,15.827546889778306,15.965292006534066,15.775073146284317,15.925936698913574,26511555
2015-04-23,15.899701752713511,15.991532363928195,15.87346487524771,15.952177047729492,26294652
2015-04-24,15.919375940892785,15.94561435272382,15.866902197398796,15.925936698913574,23031271
2015-04-27,15.945616424278844,16.011208612167657,15.840667383572502,15.866904258728027,29486759
2015-04-28,15.840660410299659,15.958727836608887,15.7750682512854,15.958727836608887,31748721
2015-04-29,15.86690565588126,16.024328460760447,15.801313462216756,15.952177047729492,49893538
2015-04-30,15.906258647935168,15.991530027323963,15.768513521281976,15.827548027038574,42838185
2015-05-01,15.912823936771058,15.984975359800943,15.893144735860133,15.96529769897461,22565584
2015-05-04,16.030882507405757,16.12927230623923,16.004645638405865,16.122713088989258,27367961
2015-05-05,16.07680916759544,16.168638269637505,15.965300860745176,15.978419303894043,37717594
2015-05-06,16.044000667210252,16.07023753576093,15.788189658757265,15.899696350097656,36626312
2015-05-07,15.83410714459294,16.05056289076403,15.83410714459294,16.011207580566406,39290812
2015-05-08,16.096486905422974,16.24079132080078,16.096486905422974,16.24079132080078,40714217
2015-05-11,16.24078193693643,16.27357802600808,16.155510565266113,16.181747436523438,38354636
2015-05-12,16.10959465448931,16.162068392489097,15.99152720390592,16.122713088989258,48760649
2015-05-13,16.122720869916538,16.18831307407148,16.096483988254562,16.12928009033203,29430379
2015-05-14,16.20798682274209,16.280139769979574,16.17519072858153,16.27358055114746,26445450
2015-05-15,16.280141541701045,16.28670076124698,16.148955610697968,16.20142936706543,28494942
2015-05-18,16.207989177052916,16.30637901391058,16.188311517698278,16.29326057434082,19841750
2015-05-19,16.3260587958772,16.437567086802233,16.312940354601864,16.38509178161621,32513049
2015-05-20,16.41788644407568,16.424445663522462,16.312937392842752,16.339174270629883,37350263
2015-05-21,16.306377258019005,16.339173353411873,16.286699600783283,16.29981803894043,23172098
2015-05-22,16.267027804284062,16.34573846158508,16.267027804284062,16.30638313293457,16231966
2015-05-26,16.28013584307249,16.28013584307249,16.10959465448931,16.122713088989258,54832187
2015-05-27,16.168632117284638,16.31949569617615,16.148954460048916,16.29981803894043,31773341
2015-05-28,16.26045845632782,16.29325454311218,16.18174630796145,16.280136108398438,21900598
2015-05-29,16.280138079642228,16.280138079642228,16.096478431327895,16.135833740234375,31521478
2015-06-01,16.22110388516703,16.2407830800792,16.10303795619875,16.14895248413086,23062170
2015-06-02,16.135842271603863,16.234230595890104,16.07024851532813,16.17519760131836,26426862
2015-06-03,16.234220816043656,16.35884749181332,16.201424727705316,16.31293296813965,40898498
2015-06-04,16.26702233596062,16.306377651381442,16.142395630377006,16.16863250732422,37471271
2015-06-05,16.28670059251152,16.36541276633165,16.21454917825377,16.26046371459961,52402931
2015-06-08,16.286701761838337,16.306379421685055,16.155515822775705,16.16207504272461,28272131
2015-06-09,16.1751924888817,16.273582322155114,16.109600293422368,16.20142936706543,31163011
2015-06-10,16.293260324450934,16.490038455063797,16.26702344571381,16.431005477905273,53968148
2015-06-11,16.503158417677394,16.52939683892078,16.437566214780414,16.496599197387695,60034147
2015-06-12,16.457238381759996,16.490034472260227,16.371967006375318,16.424442291259766,42206558
2015-06-15,16.31949501315748,16.411325616498445,16.24734360631291,16.352291107177734,40678641
2015-06-16,16.358854721700556,16.457244570283493,16.306380957168138,16.44412612915039,36228207
2015-06-17,16.49659369036027,16.51627134466041,16.38508544257541,16.424442291259766,55448179
2015-06-18,16.49660327245903,16.601552363103824,16.424451831449154,16.575315475463867,70136594
2015-06-19,16.529186612504905,16.548950294143243,16.298608779907227,16.298608779907227,47071470
2015-06-22,16.535776313462353,16.614832595472272,16.52918841886296,16.548952102661133,40678518
2015-06-23,16.595065894232338,16.634594805142935,16.55553853013884,16.581890106201172,33542288
2015-06-24,16.55554206415512,16.581893645842573,16.443546295166016,16.443546295166016,26541099
2015-06-25,16.48966372132079,16.496251616986914,16.33155267851639,16.344728469848633,43711579
2015-06-26,16.417192195807957,16.443543773454245,16.351313251692236,16.397428512573242,30737208
2015-06-29,16.219566715458967,16.292033611616475,15.995576580517346,16.00216293334961,52912442
2015-06-30,16.16026137599393,16.199788739061162,16.008738270752477,16.06144142150879,77383245
2015-07-01,16.311790019681176,16.344729500088025,16.206382135561686,16.305200576782227,52375111
2015-07-02,16.298615191704386,16.338142570530945,16.166855715464852,16.23273468017578,24081438
2015-07-06,16.048269288029406,16.206380323117468,16.028505601995576,16.166852951049805,33223951
2015-07-07,16.140507856900793,16.21297628858057,15.8967540610027,16.199800491333008,63077548
2015-07-08,15.98239204295005,16.08779837973076,15.890159951449355,15.916511535644531,56789354
2015-07-09,16.140503557403644,16.166856691697017,16.008745620025607,16.041685104370117,31236625
2015-07-10,16.265674162531248,16.27226205900234,16.16026781899376,16.23273468017578,36120618
2015-07-13,16.37107737217419,16.430368423461914,16.338137899236564,16.430368423461914,41191230
2015-07-14,16.377666147872333,16.502837698586706,16.34472667316258,16.469898223876953,27691961
2015-07-15,16.548956689131234,16.634600889476456,16.489665621304464,16.608247756958008,62160945
2015-07-16,16.733421834297044,16.77294921875,16.713658142070567,16.77294921875,39781365
2015-07-17,16.75976518496267,16.779530414290612,16.654357331421238,16.726825714111328,22286763
2015-07-20,16.772946968790876,16.799300101709008,16.70048010701465,16.74659538269043,25354045
2015-07-21,16.753178837609536,16.819057779312224,16.687298349089716,16.726825714111328,24390172
2015-07-22,16.733417520578545,16.87176487731713,16.71365383344696,16.852001190185547,36459143
2015-07-23,16.865174697382326,16.87835048701885,16.674124200835447,16.707063674926758,36561685
2015-07-24,16.687299436065565,16.70047522526435,16.52260052426357,16.548952102661133,32149658
2015-07-27,16.43695786486667,16.47648523239182,16.37107737217419,16.430368423461914,34805048
2015-07-28,16.56213484829822,16.56213484829822,16.390847969952816,16.49625587463379,29677194
2015-07-29,16.548953939592863,16.667537602361897,16.509426567608987,16.66094970703125,33091373
2015-07-30,16.634598125708663,16.67412549769254,16.5687176255848,16.66094970703125,20597954
2015-07-31,16.641188785901655,16.680716164452836,16.562132481981628,16.608247756958008,24137571
2015-08-03,16.608245589772828,16.628010823286946,16.476487678461787,16.588481903076172,42025601
2015-08-04,16.60166271755096,16.64777799616675,16.53578220128205,16.5621337890625,30678613
2015-08-05,16.674128887529566,16.726832060889247,16.581896787332404,16.628013610839844,24771536
2015-08-06,16.641188269136038,16.667539854018518,16.50942879790602,16.5687198638916,23921408
2015-08-07,16.555544859571572,16.621423824913922,16.463314308092286,16.601661682128906,30673812
2015-08-10,16.71365797299924,16.766362698554595,16.66754269160395,16.75977325439453,30165778
2015-08-11,16.601661407350473,16.660952475177243,16.54236879270604,16.608247756958008,65448208
2015-08-12,16.469905323949266,16.48308111951317,16.206386319035236,16.456727981567383,77509300
2015-08-13,16.496258033829424,16.575312812574225,16.390850115351604,16.516021728515625,27547564
2015-08-14,16.496254215419544,16.634601593017578,16.489666318715717,16.634601593017578,33603346
2015-08-17,16.562131711838298,16.674127492676476,16.502840646768576,16.667539596557617,28771055
2015-08-18,16.64776965597991,16.693884911492916,16.61483018775634,16.654356002807617,20245642
2015-08-19,16.608244456622778,16.647773374136566,16.44354553190362,16.502838134765625,57382080
2015-08-20,16.331555198105505,16.35131888815296,16.15367889404297,16.15367889404297,67731590
2015-08-21,15.949446667415566,16.068030310780674,15.573933601379395,15.573933601379395,127715881
2015-08-24,14.618682623831313,15.435589411213565,12.200900966231266,14.908553123474121,143651668
2015-08-25,15.455356001768706,15.468531795426376,14.65821275139092,14.710917472839355,84936661
2015-08-26,15.05348805248362,15.264302253723145,14.776793349919759,15.264302253723145,146056427
2015-08-27,15.461938721517756,15.672752896271875,15.336767176862995,15.639813423156738,96219884
2015-08-28,15.580526180039977,15.62005355744018,15.468530397255115,15.567350387573242,40348364
2015-08-31,15.468533091946554,15.534412065756655,15.422417810279486,15.435593605041504,58845124
2015-09-01,15.10619092373112,15.185245667609417,14.822908331199084,14.934904098510742,86294454
2015-09-02,15.132547463236044,15.178664292426067,14.941496889447954,15.139135360717773,52533664
2015-09-03,15.185249247279165,15.382889247200055,15.158897659774452,15.224778175354004,60273576
2015-09-04,15.007373649803435,15.05349047218854,14.822911000716063,14.921730995178223,54210039
2015-09-08,15.21159865941698,15.317004983643555,15.106190788373016,15.303829193115234,49726245
2015-09-09,15.442182107662271,15.508062630872374,15.060080950951871,15.09302043914795,43741739
2015-09-10,15.079841185593203,15.277479616262983,15.033724365876767,15.165485382080078,43653476
2015-09-11,15.093015940503314,15.231363296508789,15.06007646212522,15.231363296508789,26809949
2015-09-14,15.1984281539917,15.24454343687696,15.139135529178438,15.1984281539917,31837353
2015-09-15,15.257714801583141,15.461941113305741,15.198423740804234,15.415825843811035,41048311
2015-09-16,15.429001387685597,15.540997158622895,15.349946641248062,15.51464557647705,28008328
2015-09-17,15.501473308221787,15.606881218095452,15.264307444528491,15.297246932983398,75221486
2015-09-18,15.087384813819934,15.160206054988365,14.974841341268565,15.001321792602539,85290820
2015-09-21,15.100622565014948,15.233024799988657,15.074140563638485,15.173443794250488,47097445
2015-09-22,14.94836381534105,15.03442529901877,14.868920891410108,14.981464385986328,65335941
2015-09-23,14.988083839416504,15.041044750114343,14.902020805150302,14.988083839416504,34891095
2015-09-24,14.815958100194866,14.90863968625262,14.749755412914386,14.882159233093262,51271027
2015-09-25,15.094003370932091,15.199926730640568,15.027802242603029,15.100625038146973,55416173
2015-09-28,14.994700258741956,15.021180707566415,14.703412212909246,14.74975299835205,58422891
2015-09-29,14.762994401300816,14.82257697029418,14.64383237207799,14.77623462677002,48264309
2015-09-30,14.974841341268565,15.001321792602539,14.822577191716233,15.001321792602539,49086741
2015-10-01,14.994702926613405,15.067524173837091,14.849058877783925,15.007943153381348,48512971
2015-10-02,14.68355162246672,15.027800559997559,14.551147826251366,15.027800559997559,75346063
2015-10-05,15.133725402038507,15.365430902505917,15.127105289293208,15.34557056427002,47975517
2015-10-06,15.312472491098816,15.365433401675235,15.246269798496087,15.272751808166504,36684908
2015-10-07,15.372051168219304,15.477974527580086,15.279369588862842,15.391911506652832,38597020
2015-10-08,15.332329254660925,15.497833615972864,15.299228693274907,15.484593391418457,37237011
2015-10-09,15.517697793265715,15.530938021096935,15.31909282141519,15.385293960571289,58339183
2015-10-12,15.378673479832852,15.42501583051896,15.338952797286638,15.398533821105957,25312191
2015-10-13,15.345567607924345,15.444869279973215,15.279366493225098,15.279366493225098,42452020
2015-10-14,15.28598731655747,15.312467763670353,15.133723191276667,15.153583526611328,44763838
2015-10-15,15.239646387038125,15.517692633421808,15.226404609227746,15.497832298278809,55652525
2015-10-16,15.544174702847927,15.616997493688858,15.511074140821082,15.590517044067383,36542235
2015-10-19,15.491212866446357,15.610374882534154,15.48459275444148,15.577274322509766,32690313
2015-10-20,15.577276884280327,15.689820361253433,15.564036658093142,15.669960021972656,23941473
2015-10-21,15.689817244112033,15.742779692720605,15.530933007049772,15.557415008544922,29215200
2015-10-22,15.59052322085447,15.868569606420635,15.583903105826288,15.808988571166992,61204335
2015-10-23,15.93476121681269,15.98772210016515,15.861940002203056,15.981101989746094,45903498
2015-10-26,15.98111110545299,15.98111110545299,15.855327381361812,15.914908409118652,24485698
2015-10-27,15.835464843559356,15.855325183391798,15.76926371078455,15.822224617004395,28664204
2015-10-28,15.855326111412575,16.21943547174968,15.855326111412575,16.192955017089844,112058299
2015-10-29,16.186335931295705,16.2525386265315,16.093654334100773,16.173095703125,48479611
2015-10-30,16.13337103833207,16.146611263236263,15.921525885483064,15.941386222839355,62867662
2015-11-02,15.981102715705845,16.226049921100802,15.974482604986061,16.159847259521484,73531446
2015-11-03,16.153230235364305,16.23929324554791,16.08040744915021,16.186330795288086,42479225
2015-11-04,16.186330636343516,16.22605286224377,16.093649069467034,16.139989852905273,40100564
2015-11-05,16.139990893137373,16.23267246598724,16.113510443751696,16.206192016601562,45236788
2015-11-06,16.5107165395197,16.53057842642513,16.31211165989892,16.371692657470703,85556100
2015-11-09,16.391561535802968,16.431282217792724,16.10027342578041,16.192955017089844,59169369
2015-11-10,16.153230314519238,16.272393885210555,16.126749866450453,16.26577377319336,41119339
2015-11-11,16.33859454851561,16.33859454851561,16.19957064566015,16.212812423706055,27576370
2015-11-12,16.173093872733464,16.179713986069586,15.96124869159552,15.96786880493164,66597469
2015-11-13,15.88842442567094,16.00096789639105,15.789122734784328,15.835463523864746,53877793
2015-11-16,15.789124916088381,16.027450561523438,15.75602434788659,16.027450561523438,53560564
2015-11-17,16.093647937497067,16.139988717675863,15.961244154033142,15.994344711303711,46013180
2015-11-18,16.087029777561703,16.298874924173944,16.034067325122265,16.279014587402344,83572836
2015-11-19,16.285637782637654,16.3385986907211,16.226056761043775,16.305498123168945,35613076
2015-11-20,16.351836274210207,16.398178615673388,16.28563514980835,16.33197593688965,44189330
2015-11-23,16.325354781348125,16.37831723186748,16.24591343714177,16.26577377319336,31828859
2015-11-24,16.166473831234878,16.27239719946558,16.08041080310079,16.21943473815918,35916887
2015-11-25,16.226056993145196,16.265777674775954,16.18633475713228,16.232675552368164,24226080
2015-11-27,16.25915205022666,16.292252607033053,16.179709159509688,16.27239227294922,23191055
2015-11-30,16.32535640017398,16.32535640017398,16.23267326836097,16.2591552734375,30361138
2015-12-01,16.3187331687817,16.444516839924084,16.2856326117394,16.437896728515625,38268343
2015-12-02,16.477625752445487,16.477625752445487,16.212819607447464,16.245920181274414,43846620
2015-12-03,16.338591061138025,16.338591061138025,15.928141106393632,15.981101989746094,59308595
2015-12-04,16.08040460006931,16.43127513624046,16.04068393519837,16.404794692993164,52547451
2015-12-07,16.38493711740737,16.398178896896717,16.17309196130648,16.252534866333008,31381144
2015-12-08,16.07378997224092,16.192951995978184,16.007587293560558,16.04730796813965,35697769
2015-12-09,15.974487065946969,16.153231659677992,15.769262021942003,15.861945152282715,66624798
2015-12-10,15.855323721142234,16.02744820486471,15.802362819806683,15.875184059143066,58161303
2015-12-11,15.636855467611914,15.736157138684382,15.43825057108534,15.524312019348145,89542078
2015-12-14,15.537553118828127,15.66333679699861,15.385288993544222,15.557415008544922,71948873
2015-12-15,15.716303125049023,16.00759125277136,15.703062896914577,15.921529769897461,93332943
2015-12-16,16.06716314395092,16.232667455911752,15.91489905259645,16.179706573486328,102205375
2015-12-17,16.239290807609528,16.239290807609528,15.928142482273863,15.948002815246582,70913355
2015-12-18,15.834757187322436,15.854743527089486,15.521660804748535,15.521660804748535,113598773
2015-12-21,15.648231751700449,15.72817242198739,15.534984684632311,15.674878120422363,50728156
2015-12-22,15.768142578414789,15.854744844195915,15.628247573150665,15.821436882019043,57087748
2015-12-23,15.921359016939897,16.034607640003323,15.874727875022463,16.00796127319336,40627924
2015-12-24,16.02795022488231,16.08124297238932,15.95467113293868,15.99464225769043,13844688
2015-12-28,15.92802192110742,15.987976251370057,15.848081249969358,15.981314659118652,16747016
2015-12-29,16.114549701383037,16.167842444795177,16.061256957970897,16.147857666015625,38040239
2015-12-30,16.114547947359444,16.14119431616513,16.007962472136697,16.034608840942383,19339133
2015-12-31,15.874725341796875,16.061251443822602,15.841417388599574,15.874725341796875,59154720
2016-01-04,15.548308793742121,15.581616756625534,15.38842900778045,15.568293571472168,93387476
2016-01-05,15.594939299535667,15.67487840716374,15.48835225857701,15.628247261047363,52096536
2016-01-06,15.401752827425861,15.48169194163923,15.308488963388909,15.388429641723633,77248574
2016-01-07,15.068669129703586,15.20856413509293,14.895466162107553,14.95542049407959,92006910
2016-01-08,15.08865111999865,15.101974302420395,14.688950954983357,14.722260475158691,83028242
2016-01-11,14.802196166549933,14.828842525267223,14.595685322370338,14.742241859436035,70986600
2016-01-12,14.895465616511752,14.92211198530109,14.66230676136264,14.855494499206543,80633578
2016-01-13,14.915450443039756,14.982066365236127,14.402503149764078,14.46911907196045,125524947
2016-01-14,14.502424977905639,14.715597462846349,14.362529996996708,14.595688819885254,95264013
2016-01-15,14.102722294428666,14.33588107574398,14.07607749819807,14.269265174865723,94362797
2016-01-19,14.422485781293505,14.475780081024853,14.162682131072613,14.26260757446289,83779398
2016-01-20,13.969495418641907,14.116052016374054,13.676382223177614,13.982818603515625,107682217
2016-01-21,13.996137640658636,14.176002147272547,13.876227448209097,13.922860145568848,91494814
2016-01-22,14.102725338883978,14.235960297644281,14.076080536901378,14.176004409790039,59334200
2016-01-25,14.116048375394573,14.169341101143548,13.85624320912662,13.889551162719727,78982191
2016-01-26,13.942847594164705,14.162681685765863,13.922862818939244,14.122712135314941,63973716
2016-01-27,14.076081109409172,14.315899978217011,13.969494076538407,14.069417953491211,77206350
2016-01-28,14.156021337538228,14.222637260808204,13.982818372915059,14.076082229614258,79906672
2016-01-29,14.176005886054002,14.475780664180085,14.129374740516543,14.46911907196045,100518905
2016-02-01,14.402502493567313,14.482441596560829,14.302577050704283,14.409162521362305,84561575
2016-02-02,14.202655496696401,14.22263871159456,13.976158206232068,14.009466171264648,86157444
2016-02-03,14.08940266114146,14.08940266114146,13.623086597007998,14.022785186767578,151930266
2016-02-04,13.936179841742767,14.242616054644335,13.936179841742767,14.142690658569336,97011048
2016-02-05,14.156020355838496,14.229299430474903,13.916199920455325,13.956171035766602,81506726
2016-02-08,13.756321815827306,13.802952959221914,13.416575935874606,13.603103637695312,132312804
2016-02-09,13.336636080359138,13.676380377019775,13.336636080359138,13.58311653137207,168924221
2016-02-10,13.68970552674694,13.842923718244412,13.50317937277638,13.509840965270996,80836939
2016-02-11,13.150110361002028,13.243372645420981,13.010215370252505,13.096816062927246,155436893
2016-02-12,13.409917812606139,13.649738311767578,13.349963469876549,13.649738311767578,119640644
2016-02-16,13.882895826905305,13.929528547066768,13.743002358785596,13.869572639465332,97496185
2016-02-17,14.002804287693367,14.122714523443857,14.002804287693367,14.056097030639648,79846353
2016-02-18,14.109387714667676,14.109387714667676,13.909538415815508,13.976154327392578,79491948
2016-02-19,13.862905713590601,14.036108647811941,13.84292094011748,13.976154327392578,91481888
2016-02-22,14.142694974775832,14.25594201888622,14.142694974775832,14.195987701416016,52408225
2016-02-23,14.122713720580643,14.142698498049382,13.916201225161133,13.942849159240723,71553352
2016-02-24,13.74299975450409,13.949510684811655,13.62308952614562,13.909541130065918,89023089
2016-02-25,13.909541700816577,14.116052639597912,13.909541700816577,14.102727890014648,87713797
2016-02-26,14.195996447877373,14.329229910686736,14.122718903599239,14.202659606933594,100096303
2016-02-29,14.189329051969302,14.262608130410852,14.042772459207406,14.04943561553955,70846020
2016-03-01,14.149361258557246,14.549059969169369,14.149361258557246,14.522415161132812,100224943
2016-03-02,14.535734443482738,14.688952622851057,14.515749667580932,14.682291030883789,89863616
2016-03-03,14.668970286705147,14.7888805261807,14.609015949028075,14.782218933105469,76643660
2016-03-04,14.855492944658183,14.915448832281331,14.728921142032693,14.842169761657715,70707286
2016-03-07,14.742245116766293,14.855492166336944,14.695612414586835,14.8355073928833,48251261
2016-03-08,14.702274280295116,14.76223016589665,14.57570248193742,14.595688819885254,94684581
2016-03-09,14.64898579959748,14.6889553588459,14.562383523771127,14.615677833557129,59913509
2016-03-10,14.708938218865717,14.77555413516883,14.429148242150504,14.602351188659668,94740222
2016-03-11,14.748914498948336,15.002056660536372,14.748914498948336,14.982071876525879,79284278
2016-03-14,14.93544006347656,14.97540962975709,14.842176178033617,14.935440063476562,55347853
2016-03-15,14.835508127798223,14.928771972656248,14.782215395948512,14.92877197265625,75699114
2016-03-16,14.8488416967921,14.988736779868326,14.782225735385387,14.895474433898926,72379969
2016-03-17,14.895467116367078,15.121962838003975,14.788880066356054,15.075331687927246,65859485
2016-03-18,15.169010023108784,15.269377440464995,15.1288630561663,15.20915699005127,65031268
2016-03-21,15.16231482753401,15.282757267377809,15.122167871273904,15.182388305664062,47484348
2016-03-22,15.075332291798732,15.195774764456692,15.041876485800385,15.135554313659668,43482367
2016-03-23,15.108787649908836,15.135552291131015,15.015109834567502,15.021800994873047,55912266
2016-03-24,14.887974944657143,14.928123474121094,14.787607548656183,14.928123474121094,48500785
2016-03-28,14.948194119412529,15.021798441325267,14.9013560052357,14.974960327148438,36121356
2016-03-29,14.9147451922497,15.008423034808189,14.827760083004966,15.001731872558594,44438115
2016-03-30,15.082021531913366,15.202463989229866,15.068639211218612,15.088712692260742,37636102
2016-03-31,15.048562823488991,15.148931780376712,15.021798187269173,15.055253982543945,39946073
2016-04-01,14.981646131486919,15.209147032951646,14.92142414943532,15.18907356262207,45753316
2016-04-04,15.175694789680978,15.20915058136911,15.08201700189097,15.115472793579102,38544826
2016-04-05,14.97496102241259,15.001725660327704,14.874592059167405,14.90135669708252,61644172
2016-04-06,14.874593083405045,14.995035533380015,14.827754963828406,14.981653213500977,38129610
2016-04-07,14.874590442499855,14.887972760002935,14.620324838878007,14.700618743896484,51315220
2016-04-08,14.800991037196352,14.901358441124946,14.72738670325169,14.754151344299316,55956828
2016-04-11,14.821063222360086,14.9415056676093,14.800989743329144,14.814372062683105,45423161
2016-04-12,14.834451245254561,15.028496521556974,14.800995434006587,15.001731872558594,48225902
2016-04-13,15.155625376424084,15.3563617514141,15.142243056162325,15.342979431152344,69649488
2016-04-14,15.269370411182727,15.456725979459316,15.269370411182727,15.37643051147461,52055051
2016-04-15,15.416582391349227,15.436655869955022,15.29613994865093,15.322904586791992,53901797
2016-04-18,15.249303842821387,15.450040226413863,15.235919950922408,15.436657905578613,52434076
2016-04-19,15.4834977630186,15.630704879760742,15.4834977630186,15.630704879760742,57169363
2016-04-20,15.624012691644111,15.777909388374079,15.617321530916723,15.75114631652832,74743119
2016-04-21,15.744448098661199,15.811361253683337,15.570477980368098,15.610623359680176,63436754
2016-04-22,15.624010620313618,15.79129118738519,15.624010620313618,15.757835388183594,46728145
2016-04-25,15.690921217684718,15.737760904642318,15.6106257336599,15.72437858581543,38189682
2016-04-26,15.73776390396741,15.844822474985886,15.717688850837655,15.824748992919922,41664795
2016-04-27,15.811365946644223,15.905042191990646,15.757836663589126,15.851512908935547,56916147
2016-04-28,15.717691381645153,15.844825026263997,15.630706278686606,15.684235572814941,74850832
2016-04-29,15.597244262695312,15.657464694624052,15.456728350464832,15.597244262695312,60318138
2016-05-02,15.610628213666246,15.757836886275527,15.57717241128402,15.737763404846191,43564598
2016-05-03,15.557096068374346,15.570479957929225,15.403199405722946,15.537022590637207,44142060
2016-05-04,15.3563620016696,15.496877937771634,15.342979681189757,15.416584014892578,46466680
2016-05-05,15.450035836003314,15.5102562626492,15.369740362745516,15.409887313842773,47043157
2016-05-06,15.296141832510397,15.483495893635709,15.296141832510397,15.476804733276367,38964104
2016-05-09,15.450040226413863,15.523642991007737,15.37643589075626,15.436657905578613,31989258
2016-05-10,15.510256962344119,15.664155186222844,15.50356580352606,15.657464027404785,37549070
2016-05-11,15.610625652753317,15.65077418008939,15.476802465178016,15.490184783935547,31961192
2016-05-12,15.543714834602364,15.610626431728925,15.403200480636583,15.49687671661377,35254978
2016-05-13,15.463423762571614,15.570483908731559,15.282760846033106,15.309525489807129,45538875
2016-05-16,15.309528061416186,15.456735197964198,15.296145737281288,15.389822006225586,33796243
2016-05-17,15.349670724778088,15.416583897732473,15.235919430500205,15.30283260345459,45457629
2016-05-18,15.255991141088916,15.583862665505231,15.255991141088916,15.570480346679688,96899150
2016-05-19,15.496874543104331,15.57047886068376,15.329594002686246,15.423270225524902,66203303
2016-05-20,15.503557454032077,15.617308663741339,15.476792833174017,15.530322074890137,35765351
2016-05-23,15.496874270307647,15.570478586591394,15.450036159712825,15.516947746276855,38575724
2016-05-24,15.624012691644111,15.784602120165271,15.603939209461942,15.75114631652832,47386483
2016-05-25,15.818052461698493,15.99871531001745,15.811361303281615,15.91841983795166,51504178
2016-05-26,15.925117974313533,15.945191456379497,15.804675510853958,15.824748992919922,36198417
2016-05-27,15.851516436576832,15.938503111963348,15.83144295096396,15.93181037902832,37026264
2016-05-31,16.012100610580312,16.012100610580312,15.838128888259966,15.8916597366333,40884834
2016-06-01,15.77790504041501,15.945187154628984,15.710993451580116,15.925113677978516,38452378
2016-06-02,15.884971852570649,15.958576202392578,15.831442558928542,15.958576202392578,28227076
2016-06-03,15.764524409141577,15.777906728340202,15.563788050098688,15.73106861114502,86083215
2016-06-06,15.73776390396741,15.898351760495123,15.724381582590102,15.824748992919922,46925474
2016-06-07,15.83813126891244,15.884969393598807,15.777909251823324,15.791293144226074,26503799
2016-06-08,15.764524665572777,15.844820153134169,15.764524665572777,15.804673194885254,30469958
2016-06-09,15.710993352622665,15.737759559051401,15.610624398939141,15.690919876098633,39571234
2016-06-10,15.510259036039082,15.57048104451655,15.450038598625175,15.49687671661377,47349676
2016-06-13,15.409895492427934,15.590560010377311,15.383130844158135,15.389822006225586,56062079
2016-06-14,15.329594001711158,15.409887906996326,15.0820179849552,15.162313461303711,66888232
2016-06-15,15.202461783794115,15.356360020521336,15.169005986910694,15.182388305664062,58034633
2016-06-16,15.06195045668205,15.23592222456568,14.974965358272216,15.222539901733398,71488109
2016-06-17,15.243390588870673,15.283752218489111,15.142484935360317,15.209755897521973,46524537
2016-06-20,15.45192804625632,15.532652889092764,15.290479940047767,15.29720687866211,70566829
2016-06-21,15.35775105875096,15.418293506883565,15.290480092472603,15.384658813476562,40308110
2016-06-22,15.38466302563862,15.499022593997253,15.337572862511662,15.371209144592285,54005201
2016-06-23,15.55282993491402,15.694095611572266,15.546102997930296,15.694095611572266,73745517
2016-06-24,14.873404944300669,15.196301155344317,14.799408619857651,14.853225708007812,165914672
2016-06-27,14.631234996191443,14.651415813907839,14.3419750294586,14.429425239562988,140642119
2016-06-28,14.691775366954758,14.799407958984375,14.563961960069134,14.799407958984375,109722231
2016-06-29,14.927219847516843,15.135756492614746,14.89358515951139,15.135756492614746,100009025
2016-06-30,15.18284721771071,15.377931594848631,15.108850893562366,15.377931594848633,72707045
2016-07-01,15.317387694505136,15.404839475955924,15.27029912420474,15.29720687866211,45095346
2016-07-05,15.149204666143964,15.189567856023201,14.99448358008682,15.0684814453125,59557011
2016-07-06,14.940671668064923,15.1290274744567,14.907036984684941,15.108846664428711,58561132
2016-07-07,15.15594562222563,15.256851321077972,15.055041502838256,15.129037857055664,65731461
2016-07-08,15.337566260921704,15.43847190480223,15.31738544803842,15.418291091918945,55327418
2016-07-11,15.499014808030568,15.552830305181564,15.451924668559451,15.50574016571045,42557517
2016-07-12,15.620102757459483,15.721008413983776,15.599921942047486,15.700827598571777,55059306
2016-07-13,15.687373721630447,15.734462290925109,15.613375818988818,15.700827598571777,57377156
2016-07-14,16.01026844628302,16.01026844628302,15.808458731365105,15.8488187789917,67039521
2016-07-15,15.90936583524489,15.922819713509353,15.721009960077943,15.821915626525879,62710956
2016-07-18,15.828641313835869,15.89591228601511,15.81518743529292,15.875731468200684,38953149
2016-07-19,15.801733834686555,15.889185626218408,15.78155301651717,15.882458686828613,30777585
2016-07-20,15.943001304960184,15.943001304960184,15.84209721307768,15.909366607666016,31817657
2016-07-21,15.889186883918814,15.916094643607863,15.808463604851665,15.828642845153809,36524509
2016-07-22,15.84881961096926,15.936271387054125,15.821913437627154,15.929544448852539,23484772
2016-07-25,15.90263720147691,15.93627189355385,15.848820114689518,15.895910263061523,37096308
2016-07-26,15.855551091995348,15.929547426042518,15.84209721307768,15.909366607666016,34484126
2016-07-27,15.882456666087693,15.949726051426891,15.848820393953776,15.902637481689453,50709937
2016-07-28,15.862275664988774,15.969908270454496,15.8084617314526,15.936273574829102,33001387
2016-07-29,15.875731910371849,15.983362941713187,15.875731910371849,15.909366607666016,54440606
2016-08-01,15.92281689207184,15.990086271474384,15.835366698848532,15.869001388549805,39409726
2016-08-02,15.821909725231027,15.882452154839848,15.694094770462444,15.734457969665527,39709475
2016-08-03,15.734462161627928,15.90263720147691,15.734462161627928,15.895910263061523,33511513
2016-08-04,15.882449925638502,15.909357668354641,15.82190750452719,15.855542182922363,31363295
2016-08-05,16.02372726899943,16.158266067504883,15.97663868952252,16.158266067504883,51542339
2016-08-08,16.20535166081161,16.225532474901758,16.131353763016854,16.178443908691406,45019886
2016-08-09,16.17171785666463,16.218808009518337,16.151538618962242,16.1919002532959,32239890
2016-08-10,16.178442616204173,16.205350366174727,16.03717534939468,16.064083099365234,33545242
2016-08-11,16.09771728515625,16.138078908854247,16.037174849609254,16.09771728515625,25139605
2016-08-12,15.99008654748646,16.07753832168349,15.983359609430089,16.050630569458008,28861534
2016-08-15,16.111177488027973,16.171719947355427,16.09772360817743,16.158266067504883,26275941
2016-08-16,16.13134932658767,16.158257071307727,16.077533837147552,16.117897033691406,27637427
2016-08-17,16.11790085996346,16.178443299955926,16.077537653837677,16.171714782714844,25676567
2016-08-18,16.14481218765434,16.191902346595892,16.111177488027973,16.158266067504883,26595016
2016-08-19,16.111175634504292,16.164992727179687,16.050633182141993,16.151538848876953,31510153
2016-08-22,16.124629512807022,16.164992727179687,16.084267877898824,16.151538848876953,32517481
2016-08-23,16.212077988840626,16.25243961550227,16.171714782714844,16.171714782714844,29855443
2016-08-24,16.178443347028573,16.218804973807654,16.124626265192322,16.164989471435547,24299201
2016-08-25,16.14480847807388,16.225533318093714,16.124627662934994,16.198625564575195,27249662
2016-08-26,16.24571879639836,16.339895960745753,16.117906930498332,16.21881103515625,64953346
2016-08-29,16.25916933357526,16.420617447293385,16.238988516793547,16.360074996948242,40451522
2016-08-30,16.38698350634162,16.50806999206543,16.366802688631733,16.50806999206543,39359132
2016-08-31,16.514791770141045,16.53497258154408,16.386978385124525,16.52151870727539,56386078
2016-09-01,16.561886765828838,16.57534064532554,16.32644071570736,16.454254150390625,62960480
2016-09-02,16.474432329050394,16.575336399428316,16.45424993551061,16.528247833251953,66918391
2016-09-06,16.52151786176185,16.54842560892218,16.37352367291612,16.5013370513916,60299920
2016-09-07,16.440801938712145,16.51479986291524,16.407167236558358,16.494617462158203,38671003
2016-09-08,16.494614996404028,16.54170515184466,16.447526420427923,16.48116111755371,72066064
2016-09-09,16.38697995050522,16.447522390497685,16.171714782714844,16.171714782714844,66476831
2016-09-12,16.09772094452858,16.41389022762996,16.023724617594564,16.353347778320312,87153077
2016-09-13,16.16498874121889,16.205350366174727,16.00353908246741,16.064083099365234,83230864
2016-09-14,16.064083320457627,16.17171432182119,15.976633131849729,16.02372169494629,82876829
2016-09-15,15.990082087343598,16.16498558695151,15.956447406443527,16.117897033691406,68626527
2016-09-16,16.053007301305776,16.059764809106785,15.917823817980786,15.965137481689453,75235766
2016-09-19,15.95877792294875,16.1834326297259,15.95877792294875,16.066944122314453,50396100
2016-09-20,16.183429837419737,16.208390409189185,16.0503014979327,16.07526206970215,39903200
2016-09-21,16.150143894536136,16.191745897601194,16.017015580310314,16.175106048583984,64029700
2016-09-22,16.25831168310067,16.274951532160223,16.17510608974413,16.20838737487793,38355700
2016-09-23,16.15014526162962,16.2333508618177,16.1002225363227,16.12518310546875,59009500
2016-09-26,16.025331324973095,16.033652040406768,15.825638915607556,15.867240905761719,54189000
2016-09-27,15.809002001128333,16.00869446754293,15.759079281278344,15.992053031921387,47620000
2016-09-28,16.058623401283974,16.09190628540589,15.908855183781137,16.066944122314453,42936400
2016-09-29,16.058623275330536,16.141828897967454,15.759085255658979,15.842290878295898,62580800
2016-09-30,15.925494006402847,16.141827978124937,15.900533431944826,16.058622360229492,47336900
2016-10-03,16.008702018111098,16.06694548324262,15.942137831244299,15.983739852905273,33170500
2016-10-04,16.025344153906197,16.166793255485928,15.967100686258446,16.05030632019043,68471600
2016-10-05,16.116872830512875,16.3415260113557,16.091910660634472,16.308244705200195,58651900
2016-10-06,16.349843805664925,16.358164527467114,16.191753265454153,16.333202362060547,53337300
2016-10-07,16.266633656190656,16.35815998357558,16.216710926260227,16.324878692626953,55532800
2016-10-10,16.4080810546875,16.48296593551994,16.39144120440292,16.4080810546875,37997400
2016-10-11,16.35816342827399,16.408086168717134,16.150150158243022,16.258317947387695,78581200
2016-10-12,16.241674423217773,16.349840611483557,16.216712262687928,16.241674423217773,51378700
2016-10-13,16.10854790249841,16.116868623619304,15.900534635521998,16.083585739135742,73171100
2016-10-14,16.274958993048372,16.3248833241578,16.108549317063222,16.158472061157227,76176500
2016-10-17,16.166791363329363,16.200072660797645,16.041983720546572,16.083585739135742,41236100
2016-10-18,16.249993922517408,16.266633774605367,16.150146874914736,16.216711044311523,45958700
2016-10-19,16.266637484691678,16.399765853849104,16.24999762880851,16.358163833618164,49835900
2016-10-20,16.34152239071965,16.458010903993905,16.29159964903945,16.358163833618164,56238200
2016-10-21,16.22502875340253,16.366477785502525,16.200066599379703,16.349836349487305,39543100
2016-10-24,16.42472335721522,16.482966803816446,16.39144206787805,16.399761199951172,33808700
2016-10-25,16.43304230526276,16.441363023454027,16.341515992173548,16.383119583129883,36177800
2016-10-26,16.30823325657332,16.50792571436631,16.29159182167026,16.48296356201172,40419200
2016-10-27,16.574495105910945,16.5994572661557,16.449687478717347,16.524572372436523,45545800
2016-10-28,16.557854147944106,16.574495588591905,16.324880326935435,16.449687957763672,55749900
2016-10-31,16.53289042812228,16.53289042812228,16.42472267150879,16.42472267150879,38579100
2016-11-01,16.48297148132633,16.524575088572615,16.22503546446074,16.358163833618164,62758900
2016-11-02,16.324877252402047,16.333196384144042,16.17510748880889,16.24999237060547,66529900
2016-11-03,16.266632080078125,16.41640184237283,16.241671511038884,16.266632080078125,53462100
2016-11-04,16.274954494156837,16.3498393831051,16.141826155363265,16.216711044311523,64891400
2016-11-07,16.49128801595962,16.63273707065515,16.47464657728604,16.62441635131836,59001800
2016-11-08,16.57450416475732,16.715953309423554,16.466337918608296,16.632747650146484,63290400
2016-11-09,17.090373384834912,17.42319434538833,16.732590257109166,17.339988708496094,268936600
2016-11-10,17.606240735241553,18.055550101242705,17.539676561057874,17.98066520690918,241635500
2016-11-11,17.86417880887157,18.05555222075285,17.80593534800064,18.030590057373047,134954500
2016-11-14,18.205322165134852,18.579746716236258,18.180361586405045,18.471580505371094,261730900
2016-11-15,18.313491684079857,18.471582241292527,18.13044054579164,18.454940795898438,122754500
2016-11-16,18.288535717738444,18.3301393453317,18.138765832434974,18.188690185546875,117887700
2016-11-17,18.188676322440156,18.45493298803609,18.14707272655647,18.438291549682617,98536400
2016-11-18,18.421650111329143,18.5048557160816,18.35508594493016,18.438291549682617,92344300
2016-11-21,18.538133254696323,18.55477310124341,18.3800428098906,18.504850387573242,71943900
2016-11-22,18.588062763090175,18.596383482912522,18.405011688043682,18.5131778717041,98286500
2016-11-23,18.58806993694654,18.646313411166332,18.446620819406043,18.62135124206543,101948400
2016-11-25,18.66295034096597,18.67959178300616,18.571423996760196,18.64630889892578,33114800
2016-11-28,18.51318305148059,18.621349265404678,18.380054671105338,18.429977416992188,99791400
2016-11-29,18.463258597013333,18.538143502421537,18.39669441298552,18.47989845275879,74645700
2016-11-30,18.737831980557644,18.779433991399237,18.662947091430784,18.729511260986328,98843700
2016-12-01,18.829355735621103,19.095613986912937,18.804395165229458,19.05401039123535,120088300
2016-12-02,19.00409119027062,19.012411910950323,18.762795051604915,18.84600067138672,82108300
2016-12-05,19.01240856057762,19.137216174749085,18.962485832312016,19.07065200805664,95145700
2016-12-06,19.195466472703572,19.253709940968516,19.0040946235429,19.237070083618164,79142600
2016-12-07,19.286990547077387,19.553247277357254,19.22042636450742,19.536605834960938,120172500
2016-12-08,19.644771096465472,19.836142898359604,19.528282601691362,19.719655990600586,116856500
2016-12-09,19.71965325642653,19.761255264282227,19.578204207896334,19.761255264282227,95677300
2016-12-12,19.703015515792796,19.78622113413278,19.51996283804179,19.569887161254883,85143200
2016-12-13,19.61980628967285,19.73629318171959,19.453395083593335,19.61980628967285,113420700
2016-12-14,19.470044417928495,19.82782754519254,19.39515950352367,19.528287887573242,142995800
2016-12-15,19.628130342707564,19.861105753389054,19.553245445953337,19.69469451904297,110426000
2016-12-16,19.792486372909128,19.800844877610093,19.499945085262336,19.525020599365234,83096500
2016-12-19,19.550097833785603,19.5835318582579,19.37457398797213,19.533382415771484,73717600
2016-12-20,19.65039200957092,19.775766372680664,19.65039200957092,19.775766372680664,60793600
2016-12-21,19.775765880228906,19.78412438345762,19.65875002346992,19.725616455078125,37738000
2016-12-22,19.717261281151412,19.717261281151412,19.60860231505235,19.67547035217285,37796100
2016-12-23,19.675469935378505,19.70890235900879,19.616960404137505,19.70890235900879,18276700
2016-12-27,19.750697504455154,19.759056010702942,19.70890656743828,19.73398208618164,38241100
2016-12-28,19.767414210189447,19.784131222425597,19.516665403535335,19.533382415771484,30834400
2016-12-29,19.550099418471323,19.583533445653703,19.307709098287688,19.391292572021484,39251800
2016-12-30,19.46651660614667,19.499949037504848,19.366216123627964,19.433082580566406,44761200
2017-01-03,19.73398363656564,19.78413308377025,19.44144227179807,19.650400161743164,71259900
2017-01-04,19.708899840348646,19.834274202828247,19.650391910806267,19.809200286865234,45092200
2017-01-05,19.750690073413946,19.775765582722844,19.424716423505572,19.608598709106445,62201100
2017-01-06,19.683827262591162,19.759052210129973,19.575169890713855,19.67547035217285,38060800
2017-01-09,19.625316227073707,19.667108743678344,19.4999418657028,19.541732788085938,34022400
2017-01-10,19.57517001398406,19.750693829865437,19.483228056586142,19.583528518676758,46212100
2017-01-11,19.608601899674504,19.70890235900879,19.47486901670993,19.70890235900879,48001200
2017-01-12,19.616957723752783,19.642033233715562,19.374567504331896,19.541732788085938,57418100
2017-01-13,19.67547568245656,19.884433572401655,19.566816686920692,19.650400161743164,72479700
2017-01-17,19.508302878192012,19.516661382588016,19.173970673460445,19.182329177856445,96657800
2017-01-18,19.282625189780262,19.36620862715449,19.098742902934134,19.34113311767578,68289100
2017-01-19,19.382931310957414,19.43308075038271,19.190688870420228,19.257556915283203,56729700
2017-01-20,19.31606250994053,19.416361376586774,19.24919606743579,19.34949493408203,74805200
2017-01-23,19.26592158113129,19.382939112518688,19.157264152938613,19.224130630493164,46651200
2017-01-24,19.3160627837301,19.54173603399375,19.232479330859007,19.46651268005371,45229500
2017-01-25,19.675470314502565,19.800844695419958,19.583528357859663,19.7924861907959,92850100
2017-01-26,19.82591909874249,19.892785543144488,19.733978734078363,19.842636108398438,70704400
2017-01-27,19.842637138805266,19.850995644067286,19.70890424305667,19.767412185668945,43944500
2017-01-30,19.64203272151831,19.650391224621274,19.43307492660854,19.608598709106445,46168800
2017-01-31,19.508306108160042,19.658756023754496,19.37457320412541,19.483230590820312,56477300
2017-02-01,19.633677064876792,19.733977522432337,19.449794752616935,19.508302688598633,72132200
2017-02-02,19.399648554986143,19.525024556690045,19.30770817308459,19.433082580566406,39396500
2017-02-03,19.767408358997177,19.842633297571084,19.591884565139097,19.825916290283203,86346600
2017-02-06,19.70890656743828,19.876073503949897,19.692189554942708,19.73398208618164,34952100
2017-02-07,19.85099526750748,19.859353772610945,19.658754432793277,19.683828353881836,50838500
2017-02-08,19.683825571451365,19.683825571451365,19.458152342445448,19.550092697143555,54341100
2017-02-09,19.550090660473746,19.842631890379113,19.49994123638814,19.817556381225586,76813700
2017-02-10,19.9345683970317,19.942926897804966,19.800835573101455,19.876060485839844,55078700
2017-02-13,20.001444827046615,20.193685658455667,19.968010807207573,20.101743698120117,76687000
2017-02-14,20.085028507993172,20.360852797875744,20.05159448777864,20.335777282714844,75954300
2017-02-15,20.436073294135127,20.53637214447022,20.285623424411003,20.49458122253418,76869400
2017-02-16,20.469504906289483,20.50293891789812,20.319055042493467,20.444429397583008,64048200
2017-02-17,20.293986308323543,20.45279312133789,20.2689107932162,20.45279312133789,54156600
2017-02-21,20.561451461322136,20.603242390996183,20.486226512531424,20.55309295654297,55216100
2017-02-22,20.469506603690565,20.628314983557672,20.43607418353102,20.569807052612305,50438900
2017-02-23,20.57816555620758,20.6199564799624,20.45278959650002,20.569807052612305,53509400
2017-02-24,20.352493267239012,20.461150639017223,20.31905924870925,20.411001205444336,61686800
2017-02-27,20.436079082162397,20.561453477701285,20.427720576563548,20.51966094970703,39655000
2017-02-28,20.44443490676179,20.51965985893073,20.377568459747383,20.511302947998047,48913000
2017-03-01,20.90414510174249,21.13817848553534,20.87906958390761,21.096385955810547,92150000
2017-03-02,21.13817873996314,21.14653565178669,20.762053939022792,20.77041244506836,69446200
2017-03-03,20.787126605032523,20.92085949496852,20.7787681001338,20.870708465576172,57652800
2017-03-06,20.74534077661836,20.778774807004933,20.61996635111334,20.7119083404541,49017200
2017-03-07,20.745332838559214,20.745332838559214,20.603241452231206,20.653390884399414,53726500
2017-03-08,20.879061357692862,20.945927784685594,20.65338656875937,20.661745071411133,104601000
2017-03-09,20.745331312621396,20.845631763801844,20.645032455662534,20.73697280883789,60804100
2017-03-10,20.837272666613405,20.853989673704344,20.58652234291396,20.720256805419922,62148600
2017-03-13,20.74533692693166,20.795486368983035,20.645038042828915,20.77041244506836,49418400
2017-03-14,20.686832817664172,20.728623761425073,20.561458392159153,20.7119083404541,49511100
2017-03-15,20.745337066163543,20.828920532958147,20.586528638675997,20.678470611572266,86455100
2017-03-16,20.762057791811646,20.870715202123375,20.70354983285746,20.7119083404541,89233700
2017-03-17,20.76054584337649,20.768934134695506,20.50890350341797,20.50890350341797,83056800
2017-03-20,20.466961916246856,20.525678355202377,20.341140747070312,20.341140747070312,78676400
2017-03-21,20.433412638142425,20.45018762264803,19.720423799801885,19.770751953125,192257000
2017-03-22,19.628155259330264,19.82108119087663,19.48555748386051,19.72881317138672,133199500
2017-03-23,19.703647215393133,19.997231042933727,19.661707354274398,19.770751953125,85238900
2017-03-24,19.804310486089488,19.904966819999242,19.61138291293923,19.745594024658203,97583400
2017-03-27,19.326190962409004,19.678489768587824,19.27586119018024,19.670103073120117,103963000
2017-03-28,19.602992894179412,20.014009654403626,19.602992894179412,19.93851661682129,82301100
2017-03-29,19.904968317983588,19.938521498414328,19.795923681391074,19.812700271606445,76524100
2017-03-30,19.82947337544804,20.123057276672235,19.804310092422583,20.072729110717773,92566000
2017-03-31,19.997232159168288,20.055948607973296,19.90496253967285,19.90496253967285,70540000
2017-04-03,19.93852062539179,19.988848793930547,19.62816011961158,19.863027572631836,93489100
2017-04-04,19.77914745518843,19.879805398429454,19.74559587404391,19.83786392211914,105795900
2017-04-05,20.022401682125963,20.097893133885993,19.68687629699707,19.68687629699707,104651200
2017-04-06,19.67010245458319,19.896580022875902,19.56944451319466,19.812700271606445,80802100
2017-04-07,19.661708429983495,19.863022654193166,19.628155259330264,19.72881317138672,61525700
2017-04-10,19.728817544846848,19.85463876288188,19.611383021431035,19.67848777770996,60429000
2017-04-11,19.577830180044387,19.65332322597517,19.418455794201236,19.619770050048828,83801200
2017-04-12,19.59461298888995,19.611387982275346,19.41007366251464,19.460403442382812,74023000
2017-04-13,19.384904562752908,19.602995410440325,19.20875358581543,19.20875358581543,120159300
2017-04-17,19.259077833640617,19.55266166888946,19.200361386571487,19.544273376464844,86681200
2017-04-18,19.410069379797065,19.502339022625964,19.24230828363064,19.3597412109375,74890400
2017-04-19,19.485555380190757,19.561048406107027,19.27585288595736,19.30101776123047,55583800
2017-04-20,19.44361334166786,19.670092394028266,19.36812032421439,19.628150939941406,85720400
2017-04-21,19.57782780941892,19.65332084620846,19.41845344287397,19.426841735839844,94675300
2017-04-24,19.871415867372235,19.97207220444975,19.787534519871883,19.863027572631836,98770600
2017-04-25,20.039173126220703,20.139831043932155,20.014009846720334,20.039173126220703,71026100
2017-04-26,20.014017328119472,20.206943342621766,19.980464143038766,20.02240562438965,71691200
2017-04-27,20.06434526583835,20.06434526583835,19.812702780358748,19.93013572692871,68871800
2017-04-28,19.938517843998085,19.955294431138572,19.73720359802246,19.73720359802246,64091900
2017-05-01,19.83786268841064,19.963683909709353,19.75398134091029,19.863027572631836,69086600
2017-05-02,19.86302880790533,19.888192093787787,19.728819283519783,19.83786392211914,76511500
2017-05-03,19.77075333153502,19.99723243713379,19.753976745956606,19.99723243713379,78115400
2017-05-04,20.123054230468735,20.190158974884298,19.94690487634162,20.030784606933594,64482800
2017-05-05,20.08950205791179,20.097888750797736,19.930127694723407,19.99723243713379,46881500
2017-05-08,20.02240259561189,20.055954175713342,19.946909540504016,19.98046112060547,45893000
2017-05-09,20.030783729955477,20.09788847143309,19.837857798195238,19.90496253967285,65737900
2017-05-10,19.871418159976557,19.972074508666992,19.837864977143866,19.972074508666992,51192700
2017-05-11,19.896572964901065,19.930126133429386,19.686870461308462,19.84624481201172,77266700
2017-05-12,19.75398086134703,19.770757450420547,19.653324526713128,19.76236915588379,55787200
2017-05-15,19.804312143493853,19.955298256897947,19.795923848315436,19.91335678100586,52192100
2017-05-16,19.955299517154465,19.988851100083338,19.85464156856021,19.972074508666992,51529600
2017-05-17,19.552664809604714,19.70365089769411,19.267469220969947,19.34296226501465,141192800
2017-05-18,19.317800696865657,19.53589155456985,19.292635813317776,19.41845703125,101656900
2017-05-19,19.45201027469835,19.695264416864493,19.443621980154195,19.586219787597656,69775600
2017-05-22,19.69526354793806,19.69526354793806,19.50233758164487,19.636547088623047,79181900
2017-05-23,19.65332898521503,19.846255003616356,19.56105932428224,19.787538528442383,65577800
2017-05-24,19.81269555219908,19.82947053851493,19.695261048568216,19.779142379760742,59441200
2017-05-25,19.82108696681043,19.904968317983588,19.76237050096033,19.812700271606445,49362400
2017-05-26,19.762364567327896,19.863022478493974,19.762364567327896,19.804306030273438,42601700
2017-05-30,19.745596131559505,19.770759417770137,19.628161596262814,19.670103073120117,46584200
2017-05-31,19.670103023975013,19.67848971942177,19.37651908632242,19.50234031677246,115877900
2017-06-01,19.61138291293923,19.762369013707442,19.477173401123842,19.745594024658203,81187600
2017-06-02,19.602998310052186,19.770759417770137,19.561056833194883,19.670103073120117,83704500
2017-06-05,19.678484641316405,19.82947071885544,19.678484641316405,19.703649520874023,44055800
2017-06-06,19.552665298099633,19.670099813938343,19.510725428095192,19.619770050048828,60397300
2017-06-07,19.65331906207002,19.82108010644811,19.619765893252513,19.770751953125,83049100
2017-06-08,19.77075333153502,20.139830214743764,19.753976745956606,19.99723243713379,77987000
2017-06-09,20.123052758489028,20.408248301369248,20.1062761736365,20.374696731567383,133216200
2017-06-12,20.41663932800293,20.559237118539812,20.29920641811493,20.41663932800293,86644400
2017-06-13,20.52568244934082,20.592787192946833,20.46696599867347,20.52568244934082,94978600
2017-06-14,20.349533993497612,20.584401406413466,20.240487780396077,20.559236526489258,117605800
2017-06-15,20.408252302999305,20.584403278683983,20.39147571485724,20.475357055664062,59547700
2017-06-16,20.469458693321478,20.51998093351501,20.393676939053183,20.452619552612305,53818800
2017-06-19,20.587346130853373,20.705228167780316,20.562085006073755,20.663127899169922,58041300
2017-06-20,20.595763074418294,20.612603822778826,20.477881047938872,20.48630142211914,45689600
2017-06-21,20.519989350297397,20.519989350297397,20.309484747880006,20.317903518676758,51938200
2017-06-22,20.242117323415993,20.301058337612044,20.166335560586163,20.19159507751465,58380200
2017-06-23,20.27579427103733,20.284214644131758,20.048449015553643,20.11581039428711,85352600
2017-06-26,20.15791935926099,20.30948291629658,20.090557956803227,20.22528076171875,60302300
2017-06-27,20.30105731783646,20.47788035154232,20.250535074472978,20.326316833496094,75943400
2017-06-28,20.46103909438329,20.67996399210865,20.444199953036772,20.646284103393555,90097600
2017-06-29,21.067298503721243,21.067298503721243,20.637868972856236,20.789432525634766,119176700
2017-06-30,20.941000700851458,20.94941947251084,20.730496076864714,20.77259635925293,72754900
2017-07-03,20.890469097165738,21.21043688197962,20.8652095814324,21.075714111328125,61454400
2017-07-05,21.13465328569743,21.15991279923519,20.98308978038297,21.109392166137695,78100200
2017-07-06,21.100974919987166,21.193597432743648,20.949411392211914,20.949411392211914,97648100
2017-07-07,21.05887610571834,21.13465787483066,20.949412836546184,21.09255599975586,59432400
2017-07-10,21.058878513182574,21.117819539003147,20.991517111384418,21.067298889160156,55022500
2017-07-11,21.050455756355277,21.058876131380497,20.823110448741282,20.882051467895508,49857200
2017-07-12,20.882050002758714,20.966252141080766,20.82310898773994,20.949411392211914,47818600
2017-07-13,20.949410108573,21.075714111328125,20.932570966758146,21.075714111328125,48875900
2017-07-14,20.81468330596853,21.016767422800637,20.70522167827598,20.98308753967285,61742300
2017-07-17,20.92415180445978,20.96625207046791,20.831529292015244,20.91573143005371,43257000
2017-07-18,20.77258980461228,20.915732967996387,20.74732867953662,20.882051467895508,63210700
2017-07-19,20.924153913127956,20.983094933888104,20.814690640839938,20.890472412109375,48259400
2017-07-20,20.907312592971167,20.999935112226275,20.839951198791724,20.882051467895508,40163500
2017-07-21,20.823110448741282,20.94941286207495,20.823110448741282,20.882051467895508,39108400
2017-07-24,20.87363103729006,20.999933440569684,20.87363103729006,20.974672317504883,26364800
2017-07-25,21.210442991639106,21.319904672065547,21.17676148626323,21.235702514648438,75786800
2017-07-26,21.260960288010413,21.29464178807025,21.04203535568842,21.09255599975586,56086500
2017-07-27,21.134656218204242,21.143076592559176,20.882049805622803,20.974672317504883,67826200
2017-07-28,20.94099242610734,21.033613331967228,20.856790288580193,20.974672317504883,43735800
2017-07-31,21.050456098825137,21.202019639700254,21.025194973338504,21.126237869262695,43039300
2017-08-01,21.269379231874865,21.29464035522,21.16833634451653,21.277799606323242,60987500
2017-08-02,21.303057287410237,21.328318408577967,21.202016014783453,21.311477661132812,43341500
2017-08-03,21.27780439636828,21.31148429572158,21.20202261529514,21.235702514648438,40816800
2017-08-04,21.42936364804786,21.46304354062653,21.336741132917588,21.378841400146484,50792900
2017-08-07,21.378845151173522,21.38726552730115,21.311483748175036,21.345165252685547,39486800
2017-08-08,21.311481978148162,21.54724767207259,21.27780208245747,21.286222457885742,52736500
2017-08-09,21.10939778593682,21.30306160271989,21.10939778593682,21.286222457885742,46567000
2017-08-10,21.15149265964327,21.202013289462705,20.907306671142578,20.907306671142578,71130300
2017-08-11,20.907312725206786,21.01677438918234,20.7725899359958,20.823110580444336,50477800
2017-08-14,20.991510153569546,21.168333172421768,20.98308978038297,21.109392166137695,49472900
2017-08-15,21.286221785300025,21.311481304764314,21.126237869262695,21.126237869262695,48535000
2017-08-16,21.218855910301393,21.252535797817398,21.050451654655348,21.08413314819336,35084100
2017-08-17,21.033614626821823,21.067296126315032,20.71364841174779,20.722068786621094,76613100
2017-08-18,20.62103025505254,20.882055507236775,20.612609878398512,20.730493545532227,71725900
2017-08-21,20.71364881121361,20.738908330298358,20.587346397722893,20.671546936035156,45047200
2017-08-22,20.75575207942662,20.915736016176623,20.730492556692052,20.898895263671875,42644000
2017-08-23,20.74732557831722,20.949409730648895,20.73048643680614,20.831527709960938,36612700
2017-08-24,20.924150215371238,20.924150215371238,20.789427447150118,20.831527709960938,31067200
2017-08-25,20.873633267622452,20.983094933888104,20.865212892367804,20.890472412109375,37177300
2017-08-28,20.90731036367917,20.91573073780655,20.705226202688547,20.755746841430664,36486900
2017-08-29,20.519984240726984,20.722068416005072,20.503143491281577,20.688386917114258,42814200
2017-08-30,20.722075699182504,20.865218907734402,20.705234943818084,20.77259635925293,35176100
2017-08-31,20.839949921675156,20.865211045202763,20.730488265099975,20.797849655151367,44225200
2017-09-01,20.82311285330952,20.97467640922079,20.772592203346598,20.856794357299805,42132600
2017-09-05,20.69681266646153,20.73049417409888,20.35158524329208,20.410526275634766,96579200
2017-09-06,20.486303529313933,20.56208529870899,20.39368100982612,20.461042404174805,77593900
2017-09-07,20.4947263476654,20.511567099765845,20.03161690706081,20.107397079467773,87667800
2017-09-08,20.124230714586414,20.36841671561834,20.082130455246677,20.292634963989258,68639500
2017-09-11,20.52840047783555,20.70522511316152,20.48630021543616,20.646284103393555,73305700
2017-09-12,20.72206972508357,20.907313162618667,20.705228974574283,20.890472412109375,66350600
2017-09-13,20.856789081998578,20.932570840786756,20.781007323210396,20.924150466918945,51049400
2017-09-14,20.93257371804683,20.983094362175834,20.839951198791724,20.882051467895508,47163200
2017-09-15,20.850768274509264,20.960688070270898,20.825401795628796,20.943777084350586,59250200
2017-09-18,21.01987886436756,21.19743941178787,21.002967875264474,21.188983917236328,44010400
2017-09-19,21.188979220407578,21.400361699178223,21.155158862418848,21.34963035583496,58443300
2017-09-20,21.366545119072338,21.552561152701237,21.265080801725276,21.476463317871094,70595500
2017-09-21,21.42572657565845,21.577922207032096,21.408815591568,21.527189254760742,51050100
2017-09-22,21.442640400552563,21.52719210676614,21.38345356111489,21.501827239990234,42306600
2017-09-25,21.476463317871094,21.552561152701237,21.332723142383113,21.476463317871094,39774600
2017-09-26,21.510279779357592,21.54410013465472,21.40881548802582,21.468002319335938,46811000
2017-09-27,21.738573585251473,21.840037885790583,21.64556639020433,21.730119705200195,65919100
2017-09-28,21.80621445436007,21.814668333219974,21.654018831359913,21.76393699645996,37718900
2017-09-29,21.76394172807783,21.865406036376953,21.7301213671251,21.865406036376953,42740800
2017-10-02,21.823128634327535,22.051422119140625,21.823128634327535,22.051422119140625,52774000
2017-10-03,22.034510793814484,22.127519607543945,21.992234939966792,22.127519607543945,48062900
2017-10-04,22.068335669149295,22.135978011833128,22.017604315316586,22.026058197021484,39283800
2017-10-05,22.051419863806185,22.330444668022217,21.992233028475557,22.25434684753418,61260400
2017-10-06,22.313533033612398,22.37271986722088,22.16133739706473,22.279712677001953,66077800
2017-10-09,22.338903899260497,22.338903899260497,22.14443237556427,22.19516372680664,31340200
2017-10-10,22.22898280691116,22.2966251373291,22.169794356665136,22.2966251373291,35822500
2017-10-11,22.245891354955475,22.279713325270297,22.161338041888733,22.25434684753418,33748600
2017-10-12,22.313533161155163,22.321988653536174,22.059874840605996,22.085241317749023,53834800
2017-10-13,21.97532102173134,22.169792503840057,21.890767712595306,22.09369468688965,69561400
2017-10-16,22.110603335910323,22.245887971150946,22.102147844617775,22.2374324798584,42000700
2017-10-17,22.31353562228242,22.321991115596045,22.076788260382624,22.127519607543945,37844200
2017-10-18,22.220522895434996,22.279709721191264,22.127514104835125,22.245887756347656,52201500
2017-10-19,22.085243511891285,22.271259524593123,22.05142153900708,22.26280403137207,34671600
2017-10-20,22.49955464109871,22.541830497560714,22.42345680929067,22.524919509887695,56083800
2017-10-23,22.533370005374465,22.575647465179035,22.45727219044643,22.508005142211914,43555200
2017-10-24,22.584103986077313,22.7109347676062,22.56719461289779,22.668657302856445,61259200
2017-10-25,22.736301798334207,22.761668279599064,22.406545605493736,22.533374786376953,68653500
2017-10-26,22.61792046256337,22.761660582348274,22.61792046256337,22.66019630432129,41832600
2017-10-27,22.617923090406116,22.68556541270974,22.499549429554822,22.64328956604004,56694400
2017-10-30,22.617925762301166,22.651747733808513,22.491096594589344,22.550283432006836,48157500
2017-10-31,22.550290983213408,22.634844327575003,22.46573763885181,22.491104125976562,39890800
2017-11-01,22.58410635402272,22.685570667340293,22.49955464109871,22.524919509887695,40921900
2017-11-02,22.55027972551854,22.770117666021427,22.44036156162715,22.736295700073242,51098300
2017-11-03,22.660198937075815,22.677109920831764,22.57564724373642,22.64328956604004,42387000
2017-11-06,22.584107481583487,22.66020531719088,22.54183162301077,22.617929458618164,33642100
2017-11-07,22.634840141926105,22.702482482362736,22.245895474875017,22.305082321166992,70325500
2017-11-08,22.262806066036656,22.27126156003048,22.1190658935828,22.19516372680664,55844900
2017-11-09,22.051420095087273,22.195160244992227,21.89076895984754,22.119062423706055,94577000
2017-11-10,22.135975440855155,22.178251295352183,22.034511132253623,22.051422119140625,53209600
2017-11-13,21.916134695569397,22.135972659314803,21.89922371080738,22.085241317749023,50579200
2017-11-14,22.000690122580867,22.085243441802618,21.92459229655334,22.0767879486084,54101800
2017-11-15,21.88230738330235,22.21206505476758,21.865398015389164,22.135967254638672,64952300
2017-11-16,22.237435444350588,22.288168398869125,22.127517268334316,22.144428253173828,53648100
2017-11-17,22.034509109752495,22.16979376699006,22.009144244470654,22.119062423706055,41938700
2017-11-20,22.161339197787672,22.254348008284307,22.09369686635023,22.22052764892578,35232400
2017-11-21,22.296621537669775,22.321986399531266,22.237433096979384,22.288166046142578,35972400
2017-11-22,22.288165317975935,22.347352144012554,22.178245544433594,22.178245544433594,30959400
2017-11-24,22.262806721287845,22.305082579780674,22.152888521574113,22.169797897338867,12172500
2017-11-27,22.15288543701172,22.27125911448582,22.13597445088102,22.15288543701172,42346400
2017-11-28,22.178248234713863,22.753208807762498,22.161337250160607,22.727842330932617,86507000
2017-11-29,22.947684123159394,23.268986432432754,22.88849728006181,23.116790771484375,135340600
2017-11-30,23.319715184701668,23.57337351621843,23.150608555210265,23.268983840942383,135241700
2017-12-01,23.302808326087085,23.429637514306652,22.787036078964768,23.319719314575195,148119600
2017-12-04,23.708655262260436,23.843939894944146,23.674833297729492,23.674833297729492,99820400
2017-12-05,23.7762994985983,23.80166436132475,23.488819227750653,23.548006057739258,77706200
2017-12-06,23.463455200195312,23.59873985791755,23.395812871334194,23.463455200195312,60299100
2017-12-07,23.53955078125,23.624104087458665,23.319712830195545,23.53955078125,59625500
2017-12-08,23.65792972227335,23.68329620361328,23.48882468483544,23.68329620361328,55001600
2017-12-11,23.683294199570845,23.71711455910839,23.556465029044357,23.624107360839844,43278400
2017-12-12,23.71711494355363,23.953863915035647,23.641017117460137,23.860855102539062,69517100
2017-12-13,23.835487822238207,23.88621916359035,23.548007533375603,23.564918518066406,97335300
2017-12-14,23.649468956087944,23.68329092366759,23.3873551582264,23.412721633911133,76970000
2017-12-15,23.555426119620062,23.784779741693825,23.470480153643532,23.623382568359375,111826100
2017-12-18,23.818764586011277,23.954677516641617,23.776290782558085,23.835752487182617,61275500
2017-12-19,23.97166486723451,23.98865438822557,23.73381805419922,23.73381805419922,57366300
2017-12-20,23.929191731260776,23.971663911835794,23.674355407391012,23.691343307495117,69680300
2017-12-21,23.81876067287715,23.963166720264027,23.793276394991995,23.89521026611328,46123500
2017-12-22,23.963168165522063,23.997147204751606,23.716826611946967,23.827255249023438,43020300
2017-12-26,23.827256694304918,23.90370791699889,23.665861108804187,23.759300231933594,33710100
2017-12-27,23.776287650096492,23.793277169239445,23.708331193734402,23.78478240966797,29421000
2017-12-28,23.844250094416356,23.8867239029401,23.784788382693243,23.87822914123535,28129700
2017-12-29,23.954677164897678,23.954677164897678,23.70833396911621,23.70833396911621,55169800
2018-01-02,23.861235073637264,23.861235073637264,23.606398751866934,23.716827392578125,55436100
2018-01-03,23.759305630372914,23.861241157195977,23.682854390308172,23.84425163269043,56906200
2018-01-04,23.980165155950043,24.243497931388728,23.937692963891042,24.06511116027832,62247000
2018-01-05,24.19252024253915,24.19252024253915,23.980156121828216,24.133058547973633,37989500
2018-01-08,24.107576086461147,24.150049885929075,24.014136968051265,24.099082946777344,44252100
2018-01-09,24.201017078854854,24.413381217792022,24.158544899151337,24.28596305847168,51418700
2018-01-10,24.362415665212044,24.591769337173094,24.31994186288043,24.48983383178711,64670900
2018-01-11,24.591769118471294,24.6342413002153,24.472844093210295,24.60875701904297,42361700
2018-01-12,24.753163419944883,24.84660415918159,24.6002609812702,24.829614639282227,44537500
2018-01-16,25.04197830707935,25.084452106030053,24.62574479862102,24.76165771484375,67563800
2018-01-17,24.829616612697645,25.016498106024077,24.625747218331473,24.94854164123535,54312000
2018-01-18,25.03348563188728,25.0419803923848,24.880584803561618,24.914562225341797,49247400
2018-01-19,24.999510068713114,25.101443961841902,24.94854312214872,25.09295082092285,60727800
2018-01-22,25.10144342551558,25.305314447837215,25.067466001935294,25.29681968688965,46868900
2018-01-23,25.23735777793523,25.364777579096405,25.118434358408884,25.322303771972656,60862000
2018-01-24,25.441226278781738,25.551654925889068,25.28832382877935,25.4921932220459,66371000
2018-01-25,25.594122036675266,25.594122036675266,25.356275268435862,25.441221237182617,45423700
2018-01-26,25.517672722460965,25.63659610786428,25.398747716848042,25.628101348876953,33871900
2018-01-29,25.645093842654923,25.764017241857857,25.50918092350591,25.526168823242188,41037700
2018-01-30,25.339291037493783,25.500688249765954,25.194883346557617,25.194883346557617,67316900
2018-01-31,25.262836456298828,25.3902546089754,25.17789048111121,25.262836456298828,49504500
2018-02-01,25.211875053297778,25.52617312420803,25.20338029189344,25.500690460205078,60824200
2018-02-02,25.449720920910053,25.51767900955228,24.92305869561288,24.940048217773438,73086000
2018-02-05,24.404890301529772,24.81262912365682,23.445004955246088,23.682851791381836,147871500
2018-02-06,23.13920062177759,24.175537226305458,23.079738911219202,24.11607551574707,159006400
2018-02-07,24.07359685340812,24.472840817069194,23.97166136257462,24.133058547973633,102699400
2018-02-08,24.17554031870991,24.218014131834707,23.05425757558016,23.071247100830078,135270500
2018-02-09,23.41951778381572,23.69134363171946,22.73145840378315,23.512958526611328,149504900
2018-02-12,23.750810868120137,24.082100115137425,23.538446672431466,23.84425163269043,83571800
2018-02-13,23.708331928880565,23.99714728242745,23.640375470411286,23.94618034362793,43365500
2018-02-14,23.929188687573166,24.523808861249325,23.844242717018055,24.51531410217285,57379700
2018-02-15,24.719190143874467,24.75316756915882,24.37940778998064,24.651233673095703,66976000
2018-02-16,24.532308264954303,24.829618427716753,24.498330840181186,24.61725425720215,47508200
2018-02-20,24.566288193956176,24.812629798108503,24.464352675548596,24.540803909301758,58236100
2018-02-21,24.54929332404544,24.97402158785318,24.523810665151213,24.574777603149414,44578800
2018-02-22,24.634241740512437,24.770154668774335,24.31144894094291,24.37091064453125,47602700
2018-02-23,24.447365834698854,24.736181259155273,24.43887107277835,24.736181259155273,41187300
2018-02-26,24.914564923225825,25.109939575195312,24.753167696715778,25.109939575195312,55124200
2018-02-27,25.126927640231084,25.288324857377287,24.85510177148589,24.87209129333496,72752100
2018-02-28,24.99950655523464,25.09294729431204,24.52381134033203,24.52381134033203,65254700
2018-03-01,24.53230435988175,24.72768059701466,23.96316840868975,24.099082946777344,82467900
2018-03-02,23.929194663390323,24.226504824475416,23.691346210480248,24.15854835510254,78991200
2018-03-05,23.971665342893633,24.634242092803227,23.963170582229544,24.498329162597656,58952100
2018-03-06,24.634238819024485,24.651228338094832,24.34542347566742,24.60025978088379,49746100
2018-03-07,24.294453996977868,24.608751965848853,24.268969721038513,24.557785034179688,41530200
2018-03-08,24.617251583479657,24.66822014541861,24.37091001494753,24.634241104125977,50803000
2018-03-09,24.89757545464048,25.245852572461505,24.79564155782998,25.228864669799805,54595700
2018-03-12,25.22886498630334,25.322304122850177,25.10144518337658,25.143918991088867,51784500
2018-03-13,25.262838057591157,25.288322337825687,24.804132354838366,24.86359405517578,47049400
2018-03-14,24.974026043371726,24.974026043371726,24.50682551791569,24.583276748657227,57278900
2018-03-15,24.67671453924664,24.727683103775078,24.515318945536432,24.59177017211914,47451600
2018-03-16,24.64718398983056,24.851795492683824,24.613082885742188,24.613082885742188,61278200
2018-03-19,24.578979136736276,24.664234332584854,24.203857250667095,24.434045791625977,52145000
2018-03-20,24.527823733000204,24.59602755629163,24.43404286618421,24.49372100830078,37146500
2018-03-21,24.53635306927877,24.809168403084925,24.399945402375696,24.485198974609375,53291400
2018-03-22,24.16123448393394,24.25501537757438,23.49624579705312,23.581501007080078,85160300
2018-03-23,23.60707848677848,23.641179595744035,22.822733467275846,22.865360260009766,89289500
2018-03-26,23.325733722306435,23.675278570755847,23.10407085785672,23.607074737548828,84145000
2018-03-27,23.683804615615944,23.786109553938267,22.959137860384164,23.146697998046875,78827400
2018-03-28,23.206371253328868,23.419508393655168,22.89092919626605,23.189321517944336,84244500
2018-03-29,23.29163118776122,23.666753086595996,23.18932625014752,23.50476837158203,58290000
2018-04-02,23.5047717387836,23.530348789904924,22.63517151395332,22.984716415405273,74363900
2018-04-03,23.12965093132624,23.351313840361573,22.925039390549305,23.300161361694336,75160400
2018-04-04,22.88240713769556,23.61559953683322,22.865355773504543,23.547395706176758,70327000
2018-04-05,23.760537607405354,23.905470979648307,23.65823102801295,23.734960556030273,45378300
2018-04-06,23.462138219896797,23.615597230413144,22.950608726878123,23.163745880126953,88521000
2018-04-09,23.2916259765625,23.76052865172201,23.24899919977859,23.2916259765625,54633200
2018-04-10,23.666753271411874,23.77758389237681,23.487717190028295,23.641176223754883,67801500
2018-04-11,23.428032765022863,23.5388649824183,23.300150813195792,23.35982894897461,52480800
2018-04-12,23.538875080639862,23.922521100705932,23.521823712785917,23.769062042236328,63289100
2018-04-13,24.058923137879297,24.075974501726453,23.283103970016697,23.410985946655273,70103900
2018-04-16,23.547398860269304,23.683806539853567,23.445092287527206,23.513296127319336,44633600
2018-04-17,23.71790764669573,23.743484696408206,23.428040921052222,23.513296127319336,50750100
2018-04-18,23.572972687845848,23.666753571000942,23.351309817002345,23.402463912963867,66795500
2018-04-19,23.44508488864595,23.8116810216274,23.428033527552095,23.760528564453125,76142000
2018-04-20,23.803164777944215,23.90547135895993,23.666757087328552,23.769062042236328,49800400
2018-04-23,23.83726375967979,23.862840809177534,23.66675497468487,23.743484497070312,45689200
2018-04-24,23.87136598215116,24.01629934065853,23.42804022364535,23.590024948120117,69592900
2018-04-25,23.56444947513752,23.692333102337987,23.334262523613983,23.572975158691406,51819000
2018-04-26,23.555923956239628,23.709383009066574,23.462144688707063,23.581501007080078,33456200
2018-04-27,23.53887106977688,23.675278737149608,23.50476833987987,23.6156005859375,47185200
2018-04-30,23.675279253661195,23.803161241349606,23.393938230303615,23.402463912963867,41731400
2018-05-01,23.351307799297775,23.428037310502432,23.163747675301696,23.410985946655273,46372400
2018-05-02,23.325734079272458,23.419513335049974,23.112596893975326,23.146697998046875,45430300
2018-05-03,23.03587013876015,23.0699712469198,22.558441615662083,22.95061492919922,68947900
2018-05-04,22.8142080579415,23.376890184558906,22.73747852921113,23.249008178710938,40575600
2018-05-07,23.334260077789537,23.496243170011265,23.240479194634442,23.402463912963867,36873600
2018-05-08,23.419510256263774,23.7264282830979,23.410984574839773,23.564443588256836,47718500
2018-05-09,23.675277429092365,23.973669794774423,23.590022235167837,23.913990020751953,43817000
2018-05-10,23.87136080351443,24.161227457645698,23.837258078977854,24.110074996948242,41445500
2018-05-11,24.12713203831973,24.255015667945077,24.041878453380033,24.09303092956543,25894000
2018-05-14,24.16122487215581,24.203851647157638,24.033342921043097,24.075969696044922,31292900
2018-05-15,24.041871857524,24.161228144580654,23.93956530711297,24.03334617614746,54655800
2018-05-16,24.00776588037766,24.144173511712186,23.95661342515402,24.075969696044922,31984900
2018-05-17,24.05040147374042,24.110081257175395,23.871367001758983,24.024826049804688,45070400
2018-05-18,24.024826919382864,24.033352603039305,23.820215389951958,23.8287410736084,33266100
2018-05-21,23.965145493420184,24.09302747862056,23.956619810925805,23.99924659729004,29647900
2018-05-22,24.016296744440535,24.297637748057955,24.016296744440535,24.161230087280273,52841400
2018-05-23,23.99924676312542,24.07597627999738,23.752008473510624,24.00777244567871,44968500
2018-05-24,23.93104585977121,23.94809722696617,23.581500962813926,23.820215225219727,43245200
2018-05-25,23.70938176440665,23.786111286792092,23.63265224202121,23.743484497070312,39312500
2018-05-29,23.410990459055654,23.445093193323174,22.780104510077354,22.95061492919922,126469700
2018-05-30,23.172274702109,23.462141399903896,23.112596551287872,23.36836051940918,65843700
2018-05-31,23.31720889737111,23.351310002174845,23.104071707497713,23.17227554321289,66686900
2018-06-01,23.453614689566827,23.555919621888496,23.359833813182313,23.428037643432617,62934300
2018-06-04,23.538871101525043,23.59002357033189,23.462141585260934,23.50476837158203,44196900
2018-06-05,23.42803933483693,23.46214206547795,23.283105981828015,23.402463912963867,44996800
2018-06-06,23.538874333720976,23.84579081481339,23.513297282751658,23.8287410736084,61960000
2018-06-07,23.931045318515295,24.024826209858624,23.743485161936476,23.90546989440918,65166100
2018-06-08,23.87989131935261,23.96514652184734,23.752009328664375,23.9395694732666,47713400
2018-06-11,24.016296359601007,24.101551552747818,23.88841438293457,23.88841438293457,47319600
2018-06-12,23.95662307623923,24.016301235726424,23.70938312852612,23.8287410736084,55517200
2018-06-13,23.83726375967979,24.02482553711433,23.717907447572564,23.743484497070312,61095800
2018-06-14,23.786105867156227,23.82873427327297,23.45361242998274,23.52181625366211,70635500
2018-06-15,23.37540627614319,23.598029395258617,23.212721469720098,23.520967483520508,63387600
2018-06-18,23.315470596902202,23.51240587616999,23.23840868185792,23.47815704345703,49824600
2018-06-19,23.238401268499928,23.478149553616163,23.229838654765253,23.418212890625,50214700
2018-06-20,23.632275405450056,23.632275405450056,23.332590431081055,23.358278274536133,42833600
2018-06-21,23.28121323505934,23.42677439535495,23.127089461434398,23.289775848388672,75190900
2018-06-22,23.452467789474465,23.478155637334797,23.161345379665377,23.178470611572266,61389400
2018-06-25,23.075719803090365,23.118531244727283,22.7760348121765,22.930158615112305,80746100
2018-06-26,22.947287249253822,22.972975099766046,22.70754051041509,22.85310173034668,56387800
2018-06-27,22.844530859632847,23.01577823505171,22.561971138697725,22.570533752441406,78099200
2018-06-28,22.570536076548077,22.86165844120399,22.52772300342118,22.767471313476562,78544800
2018-06-29,23.050031063507095,23.178467016584293,22.733220854975045,22.767471313476562,77149900
2018-07-02,22.579097040765895,22.887342978989736,22.561971812766892,22.878780364990234,66202800
2018-07-03,22.938720688608804,23.007219973502057,22.621910475257653,22.67328453063965,30717800
2018-07-05,22.79315824718044,22.84453229972951,22.647597070665007,22.724658966064453,40668500
2018-07-06,22.66472090376506,22.93015704988086,22.579098026335913,22.835969924926758,41285000
2018-07-09,22.95584355949855,23.38396448483949,22.930157349195195,23.358278274536133,73447400
2018-07-10,23.375399770650755,23.45246166094215,23.204152395787773,23.27265167236328,51260600
2018-07-11,23.144219024134365,23.281217596767164,23.109968564400262,23.16134262084961,46023700
2018-07-12,23.30690307794012,23.32402830727044,23.067156399922677,23.20415496826172,64876800
2018-07-13,23.10996871240047,23.17846799915555,22.86165941034524,23.10140609741211,64146900
2018-07-16,23.169905150489363,23.529526810614556,23.15278155383716,23.512401580810547,55812000
2018-07-17,23.538087844848633,23.632274969293878,23.409651896247105,23.538087844848633,55502200
2018-07-18,23.632273348048074,23.95764450439394,23.59802289308978,23.914833068847656,59109200
2018-07-19,23.794964165384776,23.80352514756393,23.520965374247126,23.55521583557129,61765100
2018-07-20,23.512399858689292,23.666523649333268,23.426776982244135,23.598024368286133,51562300
2018-07-23,23.59802801873569,23.957649708152033,23.589465403136263,23.92340087890625,81516200
2018-07-24,24.01758379388389,24.137458766195365,23.931960913427954,23.991897583007812,63133700
2018-07-25,23.974770831178112,24.08608154859328,23.84633488549856,24.043270111083984,44197200
2018-07-26,24.10321495561503,24.197402109877274,24.009029434505,24.03471565246582,40056800
2018-07-27,24.026140082651224,24.20595167719947,23.949078204009307,24.086076736450195,63149400
2018-07-30,24.103206634521484,24.283018263932345,24.068957811346625,24.103206634521484,56474100
2018-07-31,24.171707739353778,24.180270354082012,23.88058537120091,23.931961059570312,84500100
2018-08-01,24.08608322522321,24.20595819826671,23.872022756472678,23.931961059570312,64046900
2018-08-02,23.77783835968323,23.983336223202826,23.7007764567194,23.940523147583008,38330700
2018-08-03,23.90627703689336,24.077526092529297,23.90627703689336,24.077526092529297,34894300
2018-08-06,24.111772186844547,24.265895992791933,24.060398129246035,24.20595932006836,38230100
2018-08-07,24.27446074004553,24.454270774009725,24.25733550829123,24.317272186279297,44608600
2018-08-08,24.283017502031452,24.420016056735733,24.26589227440552,24.3772029876709,47522000
2018-08-09,24.317266274211477,24.377202937627604,24.23164176940918,24.23164176940918,29357800
2018-08-10,23.9148364090055,24.034709751798932,23.82921189280227,23.949085235595703,83301400
2018-08-13,23.949085301142492,24.009023605855063,23.70933861489946,23.7179012298584,74413500
2018-08-14,23.803524571903278,23.983336223202826,23.73502528406341,23.940523147583008,43659000
2018-08-15,23.743586967121345,23.8720229226353,23.640838855970895,23.75214958190918,55681100
2018-08-16,23.863464222072054,24.137461388866605,23.863464222072054,24.06896209716797,49534200
2018-08-17,24.00046507641425,24.15458727245541,24.00046507641425,24.120338439941406,43193100
2018-08-20,24.120335327403268,24.240208675461716,24.086084866156924,24.197397232055664,30053700
2018-08-21,24.214518308762614,24.41145352768991,24.163142625706417,24.291580200195312,47940000
2018-08-22,24.18883408981824,24.300144820140325,24.17170885956812,24.20595932006836,27323300
2018-08-23,24.197392369097667,24.22308020986993,24.06039381794869,24.094642639160156,31767800
2018-08-24,24.188826131595032,24.23163755998335,24.13745209089879,24.18026351928711,22064500
2018-08-27,24.27445625078371,24.591264813888493,24.26589363649011,24.50564193725586,52254500
2018-08-28,24.574137059308736,24.591260651846103,24.437138520101346,24.479949951171875,28896800
2018-08-29,24.479956200235268,24.539892872294768,24.351520241086078,24.471393585205078,34015300
2018-08-30,24.36008000528403,24.45426549329004,24.24020504204203,24.283018112182617,43264100
2018-08-31,24.197395179200207,24.274457077314835,24.120333281085575,24.25733184814453,34107800
2018-09-04,24.205955610866347,24.402890829109797,24.146018947327175,24.3772029876709,43145600
2018-09-05,24.36008024774321,24.522765016441742,24.342955019516527,24.394329071044922,32727700
2018-09-06,24.36008000528403,24.428579284357326,24.2059562190812,24.283018112182617,38328900
2018-09-07,24.33439374625916,24.351518975429464,24.154582106274443,24.25733184814453,43644300
2018-09-10,24.317266274211477,24.35151672939303,24.205955561174605,24.23164176940918,29927200
2018-09-11,24.163144720859595,24.325831131674008,24.077521841311555,24.25733184814453,32065200
2018-09-12,24.257338795988804,24.30871286506266,24.017590418390466,24.03471565246582,47963400
2018-09-13,24.094645164085595,24.21452013376655,23.94908398409222,24.000459671020508,44977100
2018-09-14,24.034710483831894,24.19739690625784,24.026147868635597,24.171709060668945,34151000
2018-09-17,24.171710218139957,24.240209509838593,24.043274250349004,24.06896209716797,26907900
2018-09-18,24.12890227395213,24.21452680928607,24.026152504920965,24.188838958740234,36405600
2018-09-19,24.17170215937644,24.676884879659667,24.17170215937644,24.599822998046875,75551800
2018-09-20,24.77964162958192,24.89095236062879,24.719704956468078,24.81389045715332,78555500
2018-09-21,24.898172986104655,24.941174354695306,24.683162862357282,24.71756362915039,64710000
2018-09-24,24.691765126168562,24.726167537959896,24.42515299637484,24.442354202270508,47985100
2018-09-25,24.536957775854205,24.55415734035831,24.33914720028373,24.347747802734375,32964400
2018-09-26,24.382150425577894,24.41655119528387,23.995131513903168,24.055334091186523,60288100
2018-09-27,24.08112863023286,24.167132989134466,23.943522312148982,23.969324111938477,57492200
2018-09-28,23.874726772057958,23.88332737473243,23.685518434411254,23.719919204711914,66454900
2018-10-01,23.857521247392043,23.98652698335865,23.737116112542797,23.81451988220215,49855000
2018-10-02,23.780117477732688,23.857521247392043,23.625309938413984,23.81451988220215,47629500
2018-10-03,23.96933044399791,24.141337566844115,23.900527266780003,24.03813362121582,79591400
2018-10-04,24.029529083910745,24.3821455144573,24.01232788232387,24.201536178588867,94700800
2018-10-05,24.26174251972303,24.34774690064582,24.020932221615762,24.081134796142578,58148700
2018-10-08,24.01232795988205,24.321943027858328,23.995126758239618,24.244539260864258,56594900
2018-10-09,24.132733566694966,24.253140340170596,23.977926029652664,24.149934768676758,47963500
2018-10-10,24.14133632072281,24.20153889263132,23.401700973510742,23.401700973510742,101604400
2018-10-11,23.26409457819328,23.41030152698254,22.636265414732307,22.705068588256836,178628200
2018-10-12,23.117886510406308,23.152288915701885,22.38685344224197,22.73086929321289,137933000
2018-10-15,22.739466913499164,22.90287339604042,22.627660751342773,22.627660751342773,82196400
2018-10-16,22.782473704918825,23.023285646631848,22.627666145274535,23.006084442138672,75137300
2018-10-17,22.954483187359024,23.384503470761945,22.842676995051836,23.238296508789062,79472100
2018-10-18,23.109287609553082,23.281294715287196,22.782471319983404,22.851274490356445,81706000
2018-10-19,22.834075071088446,23.117888376093713,22.722270525648778,22.937280654907227,73614300
2018-10-22,22.963084311226375,23.014686287095074,22.447059631347656,22.447059631347656,58645800
2018-10-23,21.99123438150101,22.395454449057993,21.862228640100756,22.266447067260742,93698200
2018-10-24,22.23204358514469,22.23204358514469,21.621414077882402,21.70741844177246,98050700
2018-10-25,21.81063123074068,22.223450345672703,21.784829420908423,22.0428409576416,72439400
2018-10-26,21.776228519698865,21.948237302099205,21.51821698649568,21.724626541137695,115308900
2018-10-29,21.99123357354253,22.300848653845467,21.681618493239593,21.913829803466797,97946100
2018-10-30,22.034236302141757,22.309448974327644,21.879428763937966,22.292247772216797,82719100
2018-10-31,22.50725698626836,22.885675215739475,22.47285458340878,22.60186195373535,93781100
2018-11-01,22.6620672199529,22.79967356700196,22.550261037727378,22.705068588256836,62346600
2018-11-02,22.928683908793033,23.057689679963506,22.515864784888556,22.6878719329834,73034200
2018-11-05,22.78246974070379,23.117884967971772,22.78246974070379,23.049081802368164,58705800
2018-11-06,23.031880677646498,23.16948699951172,22.920074515883037,23.16948699951172,51010900
2018-11-07,23.298496013902913,23.49630492449019,23.066284697788987,23.470504760742188,59990800
2018-11-08,23.332895499577592,23.668312373481957,23.255493372180933,23.539306640625,46730100
2018-11-09,23.479102849220173,23.547906017319693,23.203890176822096,23.324296951293945,47051200
2018-11-12,23.27269568275687,23.37590126547202,22.816875263457415,22.85987663269043,47135500
2018-11-13,22.894278725727553,23.212492790631213,22.877077522111932,22.988882064819336,69820600
2018-11-14,23.16949068803748,23.203891453781928,22.429855359966243,22.67926788330078,104274200
2018-11-15,22.52446557311391,23.03188969889108,22.386859197350343,23.01468849182129,93998000
2018-11-16,22.894280329249685,23.14369123755674,22.76527293349388,23.04048728942871,80518300
2018-11-19,23.023286451895956,23.13509100421779,22.825477514497294,23.03188705444336,65491300
2018-11-20,22.76527204268978,22.8598770251029,22.455658570023672,22.52446174621582,103778300
2018-11-21,22.653468407241796,22.86847854653574,22.47285903722835,22.541662216186523,48618000
2018-11-23,22.42125795307388,22.550263713691425,22.30085279521714,22.361055374145508,24252300
2018-11-26,22.593262838317997,22.902876282424163,22.58466223703769,22.81687355041504,50168800
2018-11-27,22.77387335174698,22.902879106062425,22.722271378100235,22.834075927734375,47174300
2018-11-28,22.902875985755276,23.272693634033203,22.70506708006144,23.272693634033203,61375300
2018-11-29,23.100684308347425,23.229690032669897,22.98027754396924,23.07488250732422,43664100
2018-11-30,23.006083201137873,23.28989649837715,22.971680794007266,23.19529151916504,45435200
2018-12-03,23.530707371198385,23.62531070576827,23.178090915918037,23.34149742126465,65332700
2018-12-04,23.221093527974986,23.229694129832996,22.214846076146856,22.326650619506836,110918600
2018-12-06,21.827832156936452,22.025642763847483,21.440814827722594,22.01704216003418,134687100
2018-12-07,21.96543108857378,22.275044495751825,21.492407916957063,21.595613479614258,86740000
2018-12-10,21.50961540313058,21.569817982108038,20.89898572979371,21.294605255126953,101121800
2018-12-11,21.5612135720057,21.69021930994826,21.010788215239057,21.088191986083984,92308200
2018-12-12,21.380604005088003,21.518210332296555,21.1053913506709,21.208595275878906,86748900
2018-12-13,21.19999607616322,21.31180224965574,20.976385369575098,21.053789138793945,67232900
2018-12-14,20.847383499145508,21.13979742809336,20.804382126228504,20.847383499145508,66817000
2018-12-17,20.726974600807353,21.045188639899152,20.54636525828755,20.64097023010254,101180400
2018-12-18,20.761377035495048,20.984987761162486,20.434562368994676,20.563568115234375,90844000
2018-12-19,20.520569309038855,20.976389778697563,20.142150984471577,20.305559158325195,129331700
2018-12-20,20.10774157977092,20.425957213930914,20.013138261828782,20.124942779541016,107016900
2018-12-21,20.103314180612674,20.48409201746605,19.67926684779605,19.722537994384766,118502300
2018-12-24,19.462915076231358,19.68792007516544,19.281181221683863,19.30714225769043,71752700
2018-12-26,19.359068072858758,20.189854256540684,19.082137694339362,20.18120002746582,108133500
2018-12-27,19.843685858857732,20.423505783081055,19.653296192303188,20.423505783081055,98005000
2018-12-28,20.518705304924985,20.68313234485093,20.328317230175422,20.414857864379883,76348400
2018-12-31,20.527360500026074,20.700441776585258,20.35428087409227,20.613901138305664,56435400
2019-01-02,20.31100705279761,20.83024916341747,20.25042910917324,20.78697967529297,62945000
2019-01-03,20.631209639679508,20.683133362506823,20.26774027863753,20.319664001464844,65729700
2019-01-04,20.665826286639952,21.037949901475105,20.61390256034043,20.994680404663086,64638400
2019-01-07,20.95140559575495,21.211027483131996,20.82159547737903,21.020639419555664,48167000
2019-01-08,21.211029886259237,21.24564515145616,20.795636800143793,21.037948608398438,90114700
2019-01-09,21.089872392865274,21.219682516166092,20.94275381295761,21.141796112060547,61037100
2019-01-10,21.020643424397605,21.21968575387047,20.9514095874065,21.150453567504883,48630500
2019-01-11,21.04659880716912,21.245641083156926,20.92544292624177,21.20237159729004,44961600
2019-01-14,20.994681664282645,21.41872903085892,20.968718974262448,21.349496841430664,50610600
2019-01-15,21.262952048811197,21.57449766584515,21.202374101193545,21.539880752563477,59156500
2019-01-16,21.790842499581593,22.128349059222707,21.73026456842804,21.998538970947266,72982400
2019-01-17,21.912004852609016,22.197587791659597,21.78219472588154,22.119701385498047,55771300
2019-01-18,22.275473758986735,22.526441429590985,22.093739915273545,22.500478744506836,58400200
2019-01-22,22.310088339681133,22.42258999536533,22.12835286434499,22.240856170654297,79651700
2019-01-23,22.32739694670561,22.353359631171344,22.015852986243022,22.26681900024414,44072000
2019-01-24,22.18893288603224,22.379322606673092,22.119700710515186,22.318744659423828,25496900
2019-01-25,22.474516059422687,22.647597325399776,22.41393811151829,22.500478744506836,63140000
2019-01-28,22.284127227953547,22.457208488032403,22.249510315687687,22.431245803833008,66894900
2019-01-29,22.422591395762826,22.509132025107522,22.344704994415117,22.35335922241211,29442100
2019-01-30,22.42259160973227,22.621633903686803,22.26681880555038,22.483169555664062,62076800
2019-01-31,22.292787865985545,22.48317598631543,22.258170943766093,22.44856071472168,64021500
2019-02-01,22.483169003797325,22.6475960320228,22.457207970821063,22.543746948242188,42920300
2019-02-04,22.55240208696431,22.64759694672254,22.431246193181295,22.63894271850586,30362500
2019-02-05,22.682210849705573,22.699519305101706,22.4918227922236,22.5783634185791,39094900
2019-02-06,22.509134908783466,22.673561960540844,22.47451799236068,22.552404403686523,51542800
2019-02-07,22.483169194501873,22.543747139460564,22.145662557946192,22.327396392822266,80395700
2019-02-08,22.20624483348208,22.31009393839581,21.929316087879503,22.21489906311035,54911100
2019-02-11,22.284128189086914,22.327397680660265,22.171626520621025,22.284128189086914,53115700
2019-02-12,22.448558292688272,22.699524349199116,22.439904063067136,22.61298370361328,37671300
2019-02-13,22.716828678456412,22.872601482065864,22.664904960795003,22.673559188842773,42969600
2019-02-14,22.500482254102916,22.569714441167445,22.266823003775567,22.39663314819336,47630100
2019-02-15,22.578367181841433,22.872604370117188,22.3966316711415,22.872604370117188,46880800
2019-02-19,22.760100343482183,22.97645111347964,22.690868163108014,22.90721893310547,23868300
2019-02-20,22.898561841479236,23.062988868295932,22.846638125346395,23.05433464050293,27509100
2019-02-21,23.011066258603538,23.088952661860397,22.85529345208982,22.93317985534668,46619900
2019-02-22,22.93318029851521,23.002412474900808,22.81202440249673,22.898563385009766,26343700
2019-02-25,23.002413383991826,23.210109921357116,22.96779811974362,22.993759155273438,33835900
2019-02-26,22.829337050769958,23.097613247214557,22.81203024021362,22.924531936645508,35659700
2019-02-27,22.88125441728728,23.054334016587788,22.855291734610898,23.011064529418945,42542400
2019-02-28,23.01972313454893,23.062992629946166,22.941836722333548,22.950490951538086,39835900
2019-03-01,23.149536111954575,23.313963185766067,23.028380189475392,23.097612380981445,82657300
2019-03-04,23.158187500570616,23.313960325001375,22.760101210289182,22.950490951538086,76611900
2019-03-05,22.993760868567573,23.0024150979308,22.69086944335653,22.863950729370117,39868100
2019-03-06,22.863944040111218,22.941830430967716,22.699517031566938,22.716825485229492,43158900
2019-03-07,22.630288131766378,22.630288131766378,22.353359435720897,22.483169555664062,62622100
2019-03-08,22.232207898426047,22.491828189163574,22.223553668651387,22.474519729614258,55826400
2019-03-11,22.587015966967567,22.777404010294486,22.483166892936953,22.708171844482422,63343500
2019-03-12,22.742790698697007,22.837983903193194,22.708173787516447,22.76009750366211,32521100
2019-03-13,22.846642296841445,23.002415124307202,22.777410112481718,22.915874481201172,42817500
2019-03-14,22.88125689831066,23.08895343036696,22.872602669813485,23.002412796020508,37665700
2019-03-15,23.006759919185892,23.232911858330144,22.98936310569743,23.163326263427734,70020400
2019-03-18,23.206823805987998,23.46776943405249,23.206823805987998,23.398183822631836,43980700
2019-03-19,23.528661061567007,23.572153113791625,23.15463936674824,23.215526580810547,45029300
2019-03-20,23.1633336949318,23.172032104466748,22.711028012478387,22.73712158203125,65860300
2019-03-21,22.580549546205788,22.76321279612128,22.42398317934468,22.667531967163086,104914100
2019-03-22,22.397884231766795,22.519658605431406,21.945577045224795,22.041257858276367,121855900
2019-03-25,22.015163216674225,22.20652484780204,21.815104837814648,21.94557762145996,72835600
2019-03-26,22.119541490214047,22.258712674672893,21.989068712165306,22.206523895263672,51171500
2019-03-27,22.154334032576667,22.26741165979539,22.006464437864707,22.110843658447266,73148100
2019-03-28,22.154334534021217,22.310902538913126,22.04995697012759,22.302204132080078,52089300
2019-03-29,22.493572627787273,22.510967787709703,22.276117367763195,22.36309814453125,50234400
2019-04-01,22.545756490846628,22.928478129253502,22.537058083263332,22.911081314086914,62485300
2019-04-02,22.85019400855439,23.015458774675707,22.815400378390997,22.89368438720703,41002400
2019-04-03,23.050252604488207,23.154631836830866,22.867591021703078,22.96327018737793,52030900
2019-04-04,22.963274373292037,23.198126444584865,22.963274373292037,23.102445602416992,54378900
2019-04-05,23.14593595739442,23.2242199754393,23.067651939349542,23.137237548828125,37088800
2019-04-08,23.076345514088306,23.172024670171965,23.02415507362291,23.163326263427734,34998000
2019-04-09,23.058952025424887,23.058952025424887,22.867592026614297,22.971969604492188,65954800
2019-04-10,22.971973602314513,23.07635285740926,22.858897596759515,23.04155921936035,48232700
2019-04-11,23.12853440863838,23.26770559912398,23.05894881339558,23.180723190307617,62205000
2019-04-12,23.519954750108443,23.77220191427266,23.398178712429512,23.606935501098633,84627600
2019-04-15,23.615636320599666,23.624334728397617,23.406879510603787,23.459068298339844,40030400
2019-04-16,23.511257968184598,23.815693935794382,23.493861153163582,23.789600372314453,56093400
2019-04-17,23.876583886451368,23.885280635310245,23.659128665842708,23.850488662719727,58834000
2019-04-18,23.806999995507063,23.876585604747547,23.746111135751324,23.78090476989746,52495700
2019-04-22,23.711315155029297,23.780900752514466,23.633031150477045,23.711315155029297,39324100
2019-04-23,23.702620048924917,23.885281645617667,23.606939216913432,23.859188079833984,54250300
2019-04-24,23.780899141327435,23.937467139824257,23.728710361512295,23.833087921142578,39505200
2019-04-25,23.72001508023996,23.972262265123863,23.659127885924935,23.876583099365234,44532300
2019-04-26,23.876584689073674,24.111435074346357,23.841791056261883,24.094039916992188,41527900
2019-04-29,24.181017440649335,24.468058236676093,24.120130250439342,24.33758544921875,61643200
2019-04-30,24.372379302978516,24.4071712723985,24.163622509304044,24.372379302978516,38800300
2019-05-01,24.398473272210655,24.47675727852568,24.154924505054172,24.172321319580078,67969500
2019-05-02,24.15491966562974,24.31148764689149,24.02444690092869,24.198410034179688,50972900
2019-05-03,24.302798484534023,24.459366525343803,24.25930644039139,24.415874481201172,34598900
2019-05-06,23.98965903747549,24.33758704654751,23.946168658485842,24.2506046295166,42517000
2019-05-07,24.02445350282732,24.259303880205405,23.68522223052268,23.850488662719727,60090800
2019-05-08,23.754805846168196,23.998356270120148,23.69391865494309,23.798297882080078,44254200
2019-05-09,23.51126241251527,23.798303278414927,23.398184752555213,23.746112823486328,56468300
2019-05-10,23.615632941262493,23.946165754079633,23.40687616113918,23.902673721313477,63453600
2019-05-13,23.424276662566825,23.476465451052302,23.12853742939634,23.20682144165039,54962500
2019-05-14,23.259009700400995,23.589542557734877,23.232914477226753,23.389482498168945,52398400
2019-05-15,23.154630170388373,23.4155757438873,23.067647759538232,23.302499771118164,49061700
2019-05-16,23.380781696019664,23.66782248533397,23.36338654140324,23.537349700927734,44872600
2019-05-17,23.302502633977358,23.606938620777484,23.267709001742087,23.38078498840332,62711500
2019-05-20,23.293805340326518,23.511260575045224,23.293805340326518,23.40688133239746,44357300
2019-05-21,23.502562955733996,23.650432586669922,23.502562955733996,23.650432586669922,36851400
2019-05-22,23.52865614453056,23.580846596293302,23.441675376362948,23.511260986328125,25867600
2019-05-23,23.28510241269754,23.293800819484325,22.980664811366,23.180723190307617,51832900
2019-05-24,23.26771103825093,23.372090285040848,23.1981254267416,23.363391876220703,30582000
2019-05-28,23.293806270108778,23.363391881634232,23.093746185302734,23.093746185302734,35177700
2019-05-29,22.911081708801575,23.093743294042827,22.806702475055403,23.05025291442871,39700600
2019-05-30,23.102442406365395,23.2329152082386,22.858893618615856,22.971969604492188,40641200
2019-05-31,22.67622747857634,22.789305109092165,22.60664188250948,22.624038696289062,49259200
2019-06-03,22.589244583735606,22.867588621078443,22.545754209271866,22.771907806396484,63329300
2019-06-04,23.05025289216195,23.415577721343187,22.98936569714035,23.389482498168945,45454400
2019-06-05,23.43297213702333,23.554746514595625,23.232912097945537,23.537349700927734,46599700
2019-06-06,23.546050325499756,23.72001516046099,23.415577528804643,23.62433433532715,37297600
2019-06-07,23.62433054019086,23.7026145374423,23.554744949195285,23.58953857421875,33054800
2019-06-10,23.728713178792496,23.963563545369816,23.728713178792496,23.789600372314453,37081400
2019-06-11,23.920072264530287,24.0157530844849,23.728712283672596,23.798297882080078,34273400
2019-06-12,23.77220284173556,23.815693218927414,23.51125726048134,23.563446044921875,36866000
2019-06-13,23.606935726888356,23.720013358739507,23.54604853699227,23.6417293548584,31020000
2019-06-14,23.667826817568294,23.772206059630072,23.48516521777489,23.69392204284668,29724100
2019-06-17,23.68522588482338,23.754811499792176,23.45037381215922,23.476469039916992,40981600
2019-06-18,23.42427555213112,23.885279536826843,23.42427555213112,23.789600372314453,46237400
2019-06-19,23.833095255982084,23.99836171181883,23.72001925507394,23.746112823486328,58118500
2019-06-20,23.876583886451368,23.94616949068407,23.589543061610005,23.850488662719727,50583800
2019-06-21,23.867095522161776,24.0244612583416,23.762186143044904,23.797155380249023,65322300
2019-06-24,23.75345301703288,23.91956154652407,23.674770117142586,23.700998306274414,48377800
2019-06-25,23.700991608734807,23.735960850190278,23.508654944463203,23.6223087310791,47748500
2019-06-26,23.67476253628126,23.78841465111642,23.56985148085256,23.578594207763672,31448000
2019-06-27,23.666019163061122,23.85835581484367,23.666019163061122,23.788414001464844,59459800
2019-06-28,24.06818183905423,24.21680489197266,23.81464770922073,24.129379272460938,76728100
2019-07-01,24.40913447051614,24.52278658325021,24.28673963103258,24.417877197265625,48971100
2019-07-02,24.382910248079998,24.461593134092485,24.225544476055024,24.3566837310791,56626800
2019-07-03,24.435362931127937,24.557757772015815,24.3654227838342,24.549015045166016,23706800
2019-07-05,24.627702155233415,24.715127771263806,24.505307293293825,24.618959426879883,40683100
2019-07-08,24.487820229983736,24.592729628333338,24.426622803028998,24.496562957763672,26286700
2019-07-09,24.33045699505604,24.583991124524527,24.312971537677868,24.5402774810791,25895800
2019-07-10,24.549014854194628,24.680152420912155,24.417877287477097,24.45284652709961,36566700
2019-07-11,24.487818271175033,24.627698569455198,24.444104635772053,24.592727661132812,40907500
2019-07-12,24.627702966301193,24.758840560913086,24.566505533315972,24.758840560913086,31109900
2019-07-15,24.76758247388007,24.785067930587132,24.549019267556556,24.618959426879883,28346100
2019-07-16,24.662667720876335,24.706381356120865,24.505303636510074,24.557758331298828,47287700
2019-07-17,24.470329550681942,24.549012416399925,24.31296381924597,24.34793472290039,35062600
2019-07-18,24.312969094845528,24.57524592665098,24.28674257891836,24.531532287597656,46369800
2019-07-19,24.59272729292874,24.63644092767724,24.409135029499037,24.426620483398438,29338500
2019-07-22,24.374163425255315,24.522786444144263,24.330451459260466,24.479074478149414,26683300
2019-07-23,24.540279710933966,24.767585674989377,24.531536981450472,24.732616424560547,45307600
2019-07-24,24.680156205268165,24.98614501953125,24.662670749023444,24.98614501953125,36374200
2019-07-25,24.977403060091152,25.01237397365683,24.758839852820483,24.811294555664062,34180400
2019-07-26,24.863748444789387,25.099795417782165,24.81129207967564,25.082311630249023,33642800
2019-07-29,25.038591868531753,25.108532004072174,24.863742363432884,24.889968872070312,35955100
2019-07-30,24.697642976576496,24.846266027560517,24.645188272554186,24.820037841796875,30726100
2019-07-31,24.82003431315163,24.942430828475967,24.6539274961121,24.69763946533203,64485400
2019-08-01,24.680154510216337,24.846262998122963,24.103147833808872,24.138118743896484,107976300
2019-08-02,24.09440835765425,24.251774139274353,23.80590498051906,24.129379272460938,66036400
2019-08-05,23.596079662330137,23.709733444673535,23.150210594877237,23.325061798095703,85527900
2019-08-06,23.473692336314148,23.718482098190442,23.24638636635388,23.700998306274414,53445000
2019-08-07,23.255121511102967,23.491170133783502,22.94039001419559,23.386259078979492,82354600
2019-08-08,23.613567242180004,23.84087315982744,23.499913449603884,23.832130432128906,66653200
2019-08-09,23.70099188243817,23.875841426744156,23.517397943286436,23.753446578979492,53782700
2019-08-12,23.473683130325334,23.561108725639368,23.228891796946947,23.298831939697266,56837600
2019-08-13,23.255120320436493,23.753444053355814,23.167694723826802,23.58733558654785,72255900
2019-08-14,23.062785927661015,23.18518244187472,22.695599720029342,22.713085174560547,92067300
2019-08-15,22.826740264892578,22.97536330188459,22.660631772370955,22.826740264892578,59504500
2019-08-16,22.9403937316449,23.29009452515223,22.9403937316449,23.228897094726562,48451800
2019-08-19,23.58733969555001,23.631053335222216,23.421232867310184,23.46494483947754,38297700
2019-08-20,23.333807192696792,23.37751916474655,23.12398672534923,23.15021324157715,40579300
2019-08-21,23.298835108277196,23.333806018160576,23.193925713636585,23.255123138427734,44913500
2019-08-22,23.37751612293592,23.473684449938073,23.22889310279833,23.412487030029297,43896700
2019-08-23,23.246380623723436,23.421231839731163,22.660631217853766,22.817996978759766,86245300
2019-08-26,22.966623709130374,23.054049331207437,22.82674338080909,23.036563873291016,34175500
2019-08-27,23.12398868165748,23.193928843356996,22.756802415858782,22.896682739257812,54240800
2019-08-28,22.77427988442184,23.141466048304284,22.756796099478503,23.106496810913086,51870400
2019-08-29,23.316321244732173,23.53488443537739,23.272609273605052,23.456201553344727,49818300
2019-08-30,23.587342019111823,23.65728218197222,23.44746169339102,23.534887313842773,40561000
2019-09-03,23.342550744928324,23.368777262082403,23.089016629072837,23.29009437561035,59997200
2019-09-04,23.464947941888703,23.561116294377573,23.412493234851624,23.51740264892578,43945700
2019-09-05,23.849612686596355,24.19931341007923,23.84086996007121,23.99823570251465,68639200
2019-09-06,24.024467384548963,24.094407544296363,23.902072521867247,23.989498138427734,35660800
2019-09-09,24.155604318211136,24.45285040592389,24.103149616704442,24.3566837310791,67797700
2019-09-10,24.435365995222813,24.549018123512404,24.21680279908488,24.444107055664062,77540100
2019-09-11,24.461593568019218,24.610216614512034,24.243030362441836,24.5839900970459,53285900
2019-09-12,24.514048302086,24.811292707730946,24.435365419928427,24.715126037597656,72872200
2019-09-13,24.90746307373047,25.00363141920013,24.793810938861288,24.90746307373047,56248700
2019-09-16,24.697642976576496,24.855008756148397,24.66267206222497,24.820037841796875,36693600
2019-09-17,24.7326117586638,24.846263885498047,24.64518614782716,24.846263885498047,40868800
2019-09-18,24.750098957322738,24.99489036789594,24.68015879251683,24.933692932128906,57268900
2019-09-19,24.916206188758586,25.06482923974261,24.811295113208995,24.820037841796875,42335000
2019-09-20,24.858697536524772,24.955354461193128,24.656593037296684,24.67416763305664,82921100
2019-09-23,24.55115355954254,24.78840394413052,24.507217061651417,24.718107223510742,35827300
2019-09-24,24.788399173089147,24.841122960410708,24.410555419985478,24.480852127075195,61659700
2019-09-25,24.533574077123575,24.726889601348145,24.436915477008448,24.682954788208008,53544400
2019-09-26,24.647805776272588,24.67416766995194,24.533574255673468,24.568721771240234,53107500
2019-09-27,24.77083020807479,24.85870152496734,24.5335781552667,24.66538429260254,73386900
2019-09-30,24.72689304125379,24.753254938408645,24.58629960843973,24.60387420654297,30608000
2019-10-01,24.71810828746864,24.735682887381568,24.085437774658203,24.085437774658203,54786200
2019-10-02,23.93605335182932,23.94484065043642,23.540634970544883,23.59335708618164,78141700
2019-10-03,23.55820965588172,23.69001579284668,23.241875262367014,23.69001579284668,81128700
2019-10-04,23.71637861750111,24.146946242283487,23.698804018284026,24.129371643066406,40697200
2019-10-07,24.03270954942655,24.22602507137089,23.979987439079125,24.00634765625,36922900
2019-10-08,23.769097351717086,23.777884650073315,23.514272403409613,23.53184700012207,60008900
2019-10-09,23.68123106548042,23.865759329011123,23.663656466285296,23.751527786254883,45131000
2019-10-10,23.81303227578349,24.173303104641736,23.81303227578349,23.997560501098633,54305400
2019-10-11,24.375411613390064,24.595089081076715,24.28754029111419,24.296327590942383,78702500
2019-10-14,24.21724299250435,24.384198333256986,24.1908827696528,24.33147621154785,35821000
2019-10-15,24.472064668325107,24.832335499292437,24.37540606820998,24.682954788208008,65130200
2019-10-16,24.68295602136855,24.744465433240027,24.559937197625594,24.62144660949707,44595200
2019-10-17,24.753258192522015,24.823554918170395,24.577515540397997,24.639026641845703,32013600
2019-10-18,24.56872320577225,24.797187936315918,24.56872320577225,24.700531005859375,40523700
2019-10-21,24.911418226050987,25.078373524230667,24.90263092867252,25.043224334716797,44145400
2019-10-22,24.999296622521403,25.139890068487983,24.89385070004343,24.97293472290039,50423000
2019-10-23,24.920208748747296,25.07837677001953,24.911421450231526,25.07837677001953,30615400
2019-10-24,25.104733740360466,25.148670227252808,24.946565739559254,25.043224334716797,33469600
2019-10-25,25.0168656913627,25.245330424855315,24.805975554909324,25.16624641418457,28330200
2019-10-28,25.262904548035902,25.41228526805582,25.254117249681105,25.298053741455078,50104600
2019-10-29,25.245328723117037,25.482580739136573,25.218968505340893,25.359561920166016,48458100
2019-10-30,25.35956793193,25.412290055986354,25.166250683713194,25.34199333190918,51106700
2019-10-31,25.254114951959668,25.26290224951496,25.01686294598374,25.21896743774414,56795500
2019-11-01,25.41229102127587,25.614393901173884,25.359568895216857,25.58803367614746,42302300
2019-11-04,25.807706832885742,25.851641651239675,25.737410117915918,25.807706832885742,37319100
2019-11-05,25.886792846659883,26.02738797257,25.842858022067183,25.904367446899414,39516100
2019-11-06,25.88678643176901,26.03616714477539,25.851638916005825,26.03616714477539,40179900
2019-11-07,26.19434108043233,26.387658326874856,26.132831656930108,26.229490280151367,61738600
2019-11-08,26.203126618973222,26.22948851699044,26.04495858288188,26.220701217651367,53808800
2019-11-11,26.06253266081142,26.20312609541546,26.027385140163382,26.15040397644043,19702400
2019-11-12,26.1591904690255,26.264634703724347,26.08889375389097,26.185550689697266,44640600
2019-11-13,25.983447454126015,26.106466284767958,25.878003221006026,26.018596649169922,43495400
2019-11-14,25.948302643942352,26.071321487426758,25.895578845872425,26.071321487426758,46158400
2019-11-15,26.159187602451045,26.185547820234206,26.062529001230896,26.141613006591797,30097000
2019-11-18,26.14161192076921,26.203121327716,26.062527918693156,26.194334030151367,25440500
2019-11-19,26.255846398306698,26.33493040930207,26.17676406331715,26.247060775756836,30770900
2019-11-20,26.141613292340413,26.19433540448874,25.939510465767054,26.124038696289062,46719500
2019-11-21,26.17676697266582,26.22070179432146,26.00981163356357,26.09768295288086,37192700
2019-11-22,26.132828523753624,26.317358448142308,26.132828523753624,26.290996551513672,35195000
2019-11-25,26.326142791310833,26.49309810983147,26.317357168867574,26.457950592041016,50094100
2019-11-26,26.45795293161382,26.45795293161382,26.299784897556073,26.431591033935547,33516200
2019-11-27,26.501887698917642,26.54582251895458,26.414016382837808,26.537036895751953,31012300
2019-11-29,26.484308100399637,26.57217939988982,26.440373288657362,26.49309539794922,19444200
2019-12-02,26.537038924585037,26.589761047861312,26.299786855832675,26.326147079467773,52427800
2019-12-03,26.018599800578695,26.027387100404002,25.790135033138927,25.957090377807617,66912000
2019-12-04,25.983447558114012,26.273421714363284,25.965872960521722,26.203125,41793900
2019-12-05,26.308574155713067,26.370083578869735,26.211915533034826,26.326147079467773,44933500
2019-12-06,26.616120054354543,26.76549910806561,26.607332755429322,26.677629470825195,40811300
2019-12-09,26.624903099485703,26.73034900037333,26.607330179342547,26.616117477416992,21627500
2019-12-10,26.545822523033586,26.677630335176563,26.47552580536011,26.624906539916992,37362100
2019-12-11,26.61612024779193,26.66005506673144,26.537036232896078,26.563396453857422,24490200
2019-12-12,26.598546964199077,27.160920719243293,26.580972365352448,27.081836700439453,68427500
2019-12-13,27.055476388929044,27.213642750009,26.827011632694457,26.985177993774414,48135700
2019-12-16,27.204855540353876,27.257579336893766,27.0554764781755,27.081836700439453,45914900
2019-12-17,27.09940554065548,27.275148139764443,27.090618243099467,27.18727684020996,30911900
2019-12-18,27.275150237914783,27.275150237914783,27.07304573059082,27.07304573059082,39079700
2019-12-19,27.08183317199632,27.14334258393958,27.037898356609926,27.064258575439453,36946900
2019-12-20,27.202033176524935,27.272687742520933,27.06072404453294,27.096052169799805,97416000
2019-12-23,27.166714044273693,27.17554607796643,26.99890877318803,27.034236907958984,38293100
2019-12-24,27.087220138483087,27.10488420111652,27.025397603803807,27.096052169799805,12315900
2019-12-26,27.122551876130824,27.246198654174805,27.122551876130824,27.246198654174805,15891300
2019-12-27,27.290352055820055,27.299184087217895,27.157874953927955,27.175539016723633,19417400
2019-12-30,27.29918383647108,27.343342308516927,27.069556075849654,27.096052169799805,18819300
2019-12-31,27.07839305232164,27.193207795869107,27.043066605141064,27.184375762939453,15788100
2020-01-02,27.28152222783569,27.44932746887207,27.202035623373085,27.44932746887207,28843300
2020-01-03,27.096062040577806,27.272697677645226,27.016575414309045,27.15788459777832,51363600
2020-01-06,26.91058712322556,27.157878985461817,26.901755090516623,27.140214920043945,27956100
2020-01-07,27.07839414886387,27.122552630762307,26.963581085205078,26.963581085205078,39627500
2020-01-08,26.990073733068,27.290356107019885,26.990073733068,27.140214920043945,47966600
2020-01-09,27.33451955406839,27.361013970839796,27.228536833368178,27.30802345275879,27705300
2020-01-10,27.325684683727786,27.334516716580836,27.06956078460343,27.104888916015625,33458200
2020-01-13,27.166710595447874,27.31685178008757,27.09605601941378,27.290355682373047,27542700
2020-01-14,27.29036005673843,27.44933329943142,27.202041401404745,27.237369537353516,37575400
2020-01-15,27.10488902610499,27.193207670456175,26.99890631597596,27.08722496032715,41457300
2020-01-16,27.219698988327934,27.325681686401367,27.157876449675864,27.325681686401367,34444000
2020-01-17,27.405170440673828,27.466992984180198,27.299187734278643,27.405170440673828,38819400
2020-01-21,27.272687993024377,27.396334748056383,27.175539016723633,27.175539016723633,41276500
2020-01-22,27.26385598715924,27.32567851864447,27.219695832857187,27.255023956298828,27391000
2020-01-23,27.11372118404026,27.246198308908994,26.928251861593598,27.184375762939453,43072300
2020-01-24,27.193207976769887,27.193207976769887,26.672129822220125,26.839933395385742,58924900
2020-01-27,26.3100259553635,26.548484117532524,26.27469782198254,26.42483901977539,50289300
2020-01-28,26.566150106674268,26.848768456021084,26.52199162129067,26.73395538330078,34257900
2020-01-29,26.822269528660055,26.919418517076814,26.645632247749294,26.689790725708008,41167500
2020-01-30,26.45133528178935,27.043068043239078,26.433671214990703,27.02540397644043,51210000
2020-01-31,26.79577747866923,26.831103929464675,26.36301792806121,26.460166931152344,58958800
2020-02-03,26.645631790161133,26.91058602243923,26.627967725465812,26.645631790161133,40168200
2020-02-04,27.007737084439682,27.157878267446105,26.89292403133498,26.90175437927246,79273300
2020-02-05,27.26386274467528,27.46699445119923,27.202038513328887,27.44049835205078,51086900
2020-02-06,27.59063807119294,27.61713416892623,27.35217824520725,27.405170440673828,37044400
2020-02-07,27.255032934677782,27.387510072149396,27.193210382826905,27.30802345275879,27982500
2020-02-10,27.219706921399585,27.38751220703125,27.210874886941255,27.38751220703125,17723700
2020-02-11,27.458161189634676,27.608302375682268,27.458161189634676,27.484657287597656,27997400
2020-02-12,27.62596610706553,27.714283063465313,27.46699289028518,27.5023193359375,26964200
2020-02-13,27.4140014831657,27.555310630230437,27.334514877374545,27.493486404418945,22758700
2020-02-14,27.466991775011117,27.546478380173806,27.396337202037383,27.5288143157959,22080200
2020-02-18,27.449328899584252,27.519983475618346,27.131382465161842,27.290355682373047,37768900
2020-02-19,27.387505386389346,27.564140977951315,27.352177257354207,27.493486404418945,25643300
2020-02-20,27.396339871341418,27.625967677013826,27.255030711625793,27.44049835205078,50344300
2020-02-21,27.308016118615733,27.369838653862864,27.025397852035855,27.175539016723633,51128200
2020-02-24,26.318852810418047,26.548480593297512,26.168711632556004,26.2923583984375,70455400
2020-02-25,26.30118999348434,26.354180501102622,25.27669786199556,25.40034294128418,111826900
2020-02-26,25.568146885219363,25.80660499968841,25.214872360229492,25.214872360229492,95015700
2020-02-27,24.676140078983032,25.073571524354897,24.119733697108753,24.13739776611328,143536200
2020-02-28,23.31603187870558,23.713464919832354,22.936262902637324,23.483837127685547,192063500
2020-03-02,23.527999662942456,24.68497085571289,23.280709447632578,24.68497085571289,127115500
2020-03-03,24.60548027517437,24.949921125105977,23.519163845053633,23.75762367248535,256525000
2020-03-04,24.07556968879531,24.55248765079564,23.66930461753626,24.543657302856445,124408000
2020-03-05,23.73112827769987,23.79295081902439,23.09523543084673,23.360191345214844,130265700
2020-03-06,22.300372444358047,22.82145058871203,22.10607277602901,22.565326690673828,160606600
2020-03-09,20.313210066151804,21.09041040574699,19.889282608190793,20.145404815673828,134165700
2020-03-10,21.081574936467174,21.34652911219472,20.171896013270818,21.32886505126953,149282300
2020-03-11,20.675311879579176,20.887275576770065,19.889279625262407,20.171897888183594,146915400
2020-03-12,18.493850541339814,19.615491552804617,17.928612335463132,17.990436553955078,161437500
2020-03-13,19.34171193097711,20.392700420857093,18.458528722397897,20.357372283935547,160945700
2020-03-16,17.08958944950421,18.847123218112525,16.718652564174867,17.56650733947754,110661600
2020-03-17,17.97278061097469,18.714654722652575,17.25740260490619,18.520353317260742,122295100
2020-03-18,17.354543660177466,17.70781648351593,16.14458402967601,16.948280334472656,145056400
2020-03-19,16.5950079535973,17.566507822546196,15.994443295640552,17.319217681884766,105652800
2020-03-20,17.504689084805623,17.593007733289085,16.48902883859107,16.700992584228516,157840900
2020-03-23,16.423991880288792,16.566499261993606,15.577852814947214,15.729267120361328,144547900
2020-03-24,16.664471023404243,17.77781093781089,16.54868441978758,17.679838180541992,158551100
2020-03-25,17.938136709151163,18.90896949677115,17.270132590999193,18.160804748535156,162949600
2020-03-26,18.401284297480103,19.434463732858344,18.374563524577834,19.30086326599121,129753900
2020-03-27,18.517076856367353,19.300867687337625,18.303314021825692,18.713024139404297,109305600
2020-03-30,18.739740550094883,19.17616964614039,18.347844376551574,19.06928825378418,67297200
2020-03-31,18.891154297633925,19.104917095149865,18.38347147588352,18.543792724609375,83819900
2020-04-01,17.56405394932889,17.760002906930076,17.252320060094796,17.412639617919922,79185000
2020-04-02,17.305762772463574,17.99158083975392,17.24341598431401,17.84907341003418,68398300
2020-04-03,17.679839858320076,17.93813385958657,17.243410774315134,17.4927978515625,68418100
2020-04-06,18.365656363486412,18.900058174632697,18.232054211877916,18.74864387512207,69015100
2020-04-07,19.772914247837875,19.79072639238058,18.926775375070775,18.93568229675293,70950900
2020-04-08,19.22070465050432,19.888708753323733,19.00694354146078,19.764015197753906,80003400
2020-04-09,20.28060473214512,21.073302381264234,20.244977031643366,20.82391357421875,147845500
2020-04-13,20.761566183876695,20.77938003360136,19.888707933234695,20.066843032836914,66236300
2020-04-14,20.54780477860845,20.610151552897005,19.781826240041216,20.155908584594727,96169000
2020-04-15,19.354306151227412,19.47009448649168,19.185079659414058,19.283052444458008,63482000
2020-04-16,19.238515115125004,19.274141110951202,18.75755143030644,18.94459342956543,68907600
2020-04-17,19.68385041210563,20.05793269862789,19.523529189478673,19.9421443939209,88698600
2020-04-20,19.550256572022505,19.91543205870998,19.37212144244801,19.594789505004883,59063100
2020-04-21,18.998035974036373,19.336490627208878,18.8911545737164,18.96240997314453,71957900
2020-04-22,19.35430719904051,19.40774875612759,19.122732214797228,19.167266845703125,47507800
2020-04-23,19.220701441157715,19.47009020947835,19.060380211438876,19.087100982666016,71740200
2020-04-24,19.29195507982862,19.443369385393453,18.998033392417128,19.363208770751953,33825300
2020-04-27,19.559158451064203,20.12918974882065,19.523532450541918,20.022308349609375,109435100
2020-04-28,20.62796685453724,20.779381187964024,20.19153770497117,20.23607063293457,46452300
2020-04-29,20.859541274720502,21.073302381264234,20.645780168176774,20.82391357421875,70064400
2020-04-30,20.405293911292045,20.627961895220437,20.20043977379518,20.29841423034668,56745700
2020-05-01,19.817453956680705,19.870893806286933,19.51462531087509,19.648225784301758,37534300
2020-05-04,19.38993594701368,19.496815669293422,19.096014162510553,19.470096588134766,50177200
2020-05-05,19.737289198803374,19.844170574451276,19.40774154663086,19.40774154663086,65123000
2020-05-06,19.585874528423705,19.63931436580212,18.97131045269563,18.989124298095703,63738400
2020-05-07,19.23852004139991,19.75510985432426,19.23852004139991,19.434467315673828,61339000
2020-05-08,19.80854612785399,19.879799823684245,19.60369196469477,19.85308074951172,42218300
2020-05-11,19.57697631041451,19.639323098214785,19.363215167032465,19.470096588134766,54994900
2020-05-12,19.55025342784883,19.621507128454738,18.944596123287496,18.96240997314453,62202700
2020-05-13,18.802090238862817,18.8288093169816,18.258779666149362,18.401287078857422,86848300
2020-05-14,18.080645007023367,18.89115657430785,17.893604660183442,18.87334442138672,103763100
2020-05-15,18.695204033771827,18.908965097994724,18.525975887537143,18.74864387512207,70285000
2020-05-18,19.443368477927738,19.861983680211853,19.30976802603467,19.710569381713867,79548500
2020-05-19,19.594781974769283,19.692756428266122,19.220699705479905,19.22960662841797,56673200
2020-05-20,19.55024960710966,19.77291759033951,19.532435760734018,19.657129287719727,50402600
2020-05-21,19.594789505004883,19.781829862117856,19.487908087495683,19.594789505004883,49939900
2020-05-22,19.585877730354007,19.61259850282247,19.327583725113854,19.523530960083008,37584500
2020-05-26,20.262788706709244,20.75265764426569,20.24497485837066,20.538896560668945,108349200
2020-05-27,21.456293837160292,21.465200763186377,20.966424797482542,21.42957305908203,121521200
2020-05-28,21.670052486428293,21.678959411435496,21.02876917530991,21.091115951538086,101590100
2020-05-29,20.84172288333382,21.037671795754257,20.636868746550533,20.850629806518555,86969000
2020-06-01,20.93079469905293,21.18909042779507,20.78828729658218,21.091115951538086,52619200
2020-06-02,21.2781518844509,21.411754033136333,21.108925440740624,21.260339736938477,52572800
2020-06-03,21.73239519842646,22.15101210136715,21.678955357199406,22.053037643432617,77622900
2020-06-04,22.01741444393386,22.53400421142578,21.83928103721177,22.53400421142578,97575100
2020-06-05,23.852196680038983,23.896729600339274,23.291072370852064,23.371232986450195,135859300
2020-06-08,23.754223510637306,23.87001012901793,23.487022576637642,23.816570281982422,80298400
2020-06-09,23.255451440619996,23.51374549251114,23.086223248732594,23.30889129638672,92833100
2020-06-10,23.175289138573344,23.299982692656595,22.41821749130591,22.436031341552734,110848900
2020-06-11,21.376127432333444,21.696769887441476,20.565616069763227,20.601242065429688,233116600
2020-06-12,21.429566511366534,21.429566511366534,20.681401941998153,21.224712371826172,127502900
2020-06-15,20.494364180453214,21.58989039990719,20.4498295584294,21.51863670349121,92469500
2020-06-16,22.373687457941408,22.373687457941408,21.331600867248156,21.857097625732422,108121300
2020-06-17,21.919440208472658,21.919440208472658,21.491916323335808,21.527544021606445,56320900
2020-06-18,21.313776085808456,21.705672146859147,21.251429332672995,21.500816345214844,61206500
2020-06-19,21.910529954335185,21.91943687754933,21.117830776495317,21.358312606811523,99903900
2020-06-22,21.22565488752733,21.404924593268987,21.09120218080636,21.252544403076172,47929500
2020-06-23,21.575237069650754,21.709689806301338,21.333221117884122,21.35114860534668,47218900
2020-06-24,21.073273595619895,21.08223733688719,20.53546108719402,20.59820556640625,90217500
2020-06-25,20.52650062985381,21.18980220282229,20.49064736870749,21.14498519897461,110208900
2020-06-26,20.786442275893204,20.84918675982096,20.185885243120627,20.239665985107422,123959100
2020-06-29,20.454789005367356,20.598205445484485,20.284481341606206,20.46375274658203,69107100
2020-06-30,20.356188709651573,20.885037451570454,20.338262937631338,20.741621017456055,60653100
2020-07-01,20.83126047659581,20.929859933970402,20.499610553959734,20.562355041503906,60500300
2020-07-02,21.01949593811936,21.091204169107854,20.544427839283642,20.589244842529297,50841900
2020-07-06,21.046387071347695,21.207731030868462,20.867117334948457,20.983642578125,60271700
2020-07-07,20.81333025402424,20.82229399530281,20.49960785756847,20.553388595581055,43810900
2020-07-08,20.54442621534539,20.8222953747542,20.47271799002508,20.76851463317871,53046100
2020-07-09,20.759549244550012,20.804366240697977,20.158992264009676,20.329299926757812,71163700
2020-07-10,20.32034277163121,21.055352688498626,20.32034277163121,21.028461456298828,94440600
2020-07-13,21.2973629976924,21.431815703693275,20.99260261893899,21.118091583251953,102487100
2020-07-14,21.028459485087076,21.288402909673188,20.84022600631165,21.225658416748047,102468300
2020-07-15,21.736574022701003,21.74553776353952,21.413886191149487,21.64693832397461,90561800
2020-07-16,21.45870489534206,21.871026715961218,21.378032937454183,21.64693832397461,74678500
2020-07-17,21.691758851496484,21.709684625021534,21.458706699081855,21.467670440673828,47033200
2020-07-20,21.351142570705015,21.49455901055196,21.288398091979328,21.369070053100586,40127600
2020-07-21,21.51249030928,21.897922700866726,21.485599080916117,21.790359497070312,46491300
2020-07-22,21.682798002933023,21.808286982646237,21.611089770288455,21.790359497070312,44437400
2020-07-23,21.745538374200006,21.933771808118546,21.673830155136923,21.80828285217285,49916100
2020-07-24,21.826209559290113,21.942734770007682,21.68279312625676,21.754501342773438,41245600
2020-07-27,21.65590542989605,21.673832914358805,21.387000001590753,21.575233459472656,43060200
2020-07-28,21.494564534266587,21.62005523362562,21.422856295915395,21.521455764770508,35370500
2020-07-29,21.485597307150222,21.95170163568975,21.449744048617404,21.9248104095459,36491600
2020-07-30,21.512485192638238,21.57522966757137,21.252541842591008,21.530412673950195,53994600
2020-07-31,21.521451636309465,21.56626863555949,21.252544511832507,21.539379119873047,50115900
2020-08-03,21.629016595204206,21.77243477710819,21.476636379736725,21.602127075195312,42982100
2020-08-04,21.51248550415039,21.548340467293507,21.395960293252756,21.51248550415039,30754400
2020-08-05,21.65590267295645,21.862063589055463,21.629011449685745,21.80828285217285,34860700
2020-08-06,21.736573837921167,21.888954011563047,21.646938139956756,21.799318313598633,33115400
2020-08-07,21.6917645160189,22.28335793830493,21.646945796355205,22.265430450439453,63302800
2020-08-10,22.39091809771742,22.507445052166013,22.292320339713893,22.426773071289062,45436100
2020-08-11,22.848054287890488,23.054215216662243,22.632929617477494,22.686710357666016,73758600
2020-08-12,23.090070531461535,23.09903427323796,22.462622284383222,22.623966217041016,58793600
2020-08-13,22.453659539468063,22.64189470581209,22.34609805269348,22.48055076599121,35222500
2020-08-14,22.37298203322401,22.67774235310216,22.346092523013844,22.570180892944336,28276900
2020-08-17,22.48951074547497,22.507438226824313,22.184750401171033,22.193714141845703,53397000
2020-08-18,22.21164261079641,22.26542334757698,22.032371208649444,22.0502986907959,35502500
2020-08-19,22.13097751047302,22.35506597778538,21.978597284314244,22.04134178161621,59847200
2020-08-20,21.790357757533602,21.960665437590865,21.772431983047827,21.835176467895508,45586100
2020-08-21,21.799323239858275,21.987558419087218,21.718651264425745,21.790359497070312,35349200
2020-08-24,21.91584732597966,22.31024169921875,21.862064876271592,22.31024169921875,51010900
2020-08-25,22.498478428971094,22.561222915030942,22.22957129058159,22.372987747192383,55236900
2020-08-26,22.319211204376543,22.372991958313634,22.184758464704146,22.265430450439453,30646600
2020-08-27,22.247499176562773,22.74945678375915,22.247499176562773,22.641895294189453,66463900
2020-08-28,22.803241286578015,22.81220502979053,22.543297862392723,22.73153305053711,49170600
2020-08-31,22.713601322951785,22.713601322951785,22.462621688842773,22.462621688842773,52259000
2020-09-01,22.346099914716476,22.606041620797594,22.274391681005223,22.52536964416504,42036100
2020-09-02,22.51640498475312,22.92872685308782,22.453658791622274,22.848054885864258,48432500
2020-09-03,22.98250803882747,23.31415965600682,22.355061482323997,22.498477935791016,98405500
2020-09-04,22.901835544506607,23.0273262206548,22.310242260115945,22.668785095214844,111105500
2020-09-08,22.444693913990385,22.498474648768415,22.00547916605046,22.086151123046875,84687600
2020-09-09,22.29231592564163,22.471585629025153,22.14889776941235,22.31024169921875,52321200
2020-09-10,22.38195553913384,22.53433576556122,21.951706091453946,21.996524810791016,55515300
2020-09-11,22.032375747080465,22.26542793401423,21.960667513382315,22.148900985717773,69285700
2020-09-14,22.34609567493914,22.65085603780386,22.283351196053843,22.453657150268555,51021000
2020-09-15,22.498480120948,22.516407606787322,22.1309752095376,22.148900985717773,48459900
2020-09-16,22.193718508462936,22.65085911486132,22.148899796271493,22.399879455566406,62119900
2020-09-17,22.095121824020282,22.301282796994915,22.032377328737503,22.16683006286621,47334200
2020-09-18,22.166826277847658,22.346097699181254,22.07719056718086,22.12200927734375,61707200
2020-09-21,21.657849132023223,21.78402830692713,21.23424466931041,21.567720413208008,72307300
2020-09-22,21.51364158920988,21.720936417169074,21.207205009156226,21.387460708618164,84561500
2020-09-23,21.432528838988897,21.585747149863312,20.9097843170166,20.9097843170166,54282500
2020-09-24,20.91879516041034,21.252270906658058,20.675449852675346,20.95484733581543,56512300
2020-09-25,20.80162971478307,21.243258563692173,20.756566213102253,21.17115592956543,46026600
2020-09-28,21.468579848584277,21.82909302489999,21.468579848584277,21.675874710083008,62803500
2020-09-29,21.61278189108462,21.64883406286275,21.28832094039229,21.405487060546875,53250800
2020-09-30,21.495617352481187,21.874156588691932,21.486604308873517,21.693899154663086,66732200
2020-10-01,21.78403031451697,21.928235590286164,21.558709356244787,21.72995376586914,65766100
2020-10-02,21.441536701593737,22.027370671345388,21.387458450309364,21.90118980407715,63368100
2020-10-05,22.108496590341634,22.333817584751326,22.054418313958116,22.261714935302734,58911700
2020-10-06,22.45098198394899,22.604200316888555,21.955276522765903,22.036392211914062,88404900
2020-10-07,22.24368485207281,22.514069309225253,22.24368485207281,22.405916213989258,53815200
2020-10-08,22.532093410428562,22.766427388184496,22.47801686758098,22.712350845336914,57646300
2020-10-09,22.838531185729128,22.86557031806618,22.559133694495827,22.739389419555664,52031600
2020-10-12,22.721358881882665,23.063847614833982,22.721358881882665,22.991744995117188,45931400
2020-10-13,22.919647531433473,22.99175016737057,22.47801867143595,22.550121307373047,60377800
2020-10-14,22.56814477562593,22.649258727456996,22.306771676289234,22.333810806274414,48982200
2020-10-15,22.12651335728269,22.51406560949395,22.09046290448234,22.50505256652832,41637200
2020-10-16,22.550121866950093,22.667288008606917,22.414929636096073,22.523082733154297,40103600
2020-10-19,22.604198175205756,22.61321121970855,22.144543219938043,22.18059539794922,42989000
2020-10-20,22.32479892436635,22.62222249342748,22.315785880569063,22.360849380493164,67293900
2020-10-21,22.324798535026734,22.469003795143745,22.243682861328125,22.243682861328125,44307200
2020-10-22,22.234670391850074,22.712351402736694,22.225657347977233,22.685312271118164,39511800
2020-10-23,22.829518406156282,22.901621040828193,22.577158325273395,22.757415771484375,45092700
2020-10-26,22.432951620583342,22.469003795143745,22.036388014792703,22.243682861328125,54015100
2020-10-27,22.234667626469818,22.234667626469818,21.820076255194504,21.838102340698242,46083300
2020-10-28,21.3784502715567,21.567720755982954,21.153129330468808,21.27931022644043,89288300
2020-10-29,21.225230166492054,21.59475634107697,20.954845747695064,21.441539764404297,60908400
2020-10-30,21.315360559154808,21.540681498932475,21.153129207464914,21.50463104248047,66221600
2020-11-02,21.865144247988354,22.009349512222318,21.594758088252913,21.910207748413086,65136000
2020-11-03,22.315786407322644,22.62222302741435,22.288747275292536,22.396902084350586,79834200
2020-11-04,22.00033634487518,22.532093898402465,21.80205453743168,22.135528564453125,87397400
2020-11-05,22.324799920363798,22.8385314062924,22.324799920363798,22.676300048828125,65942300
2020-11-06,22.784454504275427,22.81149191738889,22.42393961818038,22.496042251586914,60783500
2020-11-09,24.316632670114966,24.73122404653423,24.028222174725297,24.343671798706055,162966800
2020-11-10,24.370710508488493,24.559979248187087,24.145389597954665,24.469850540161133,85851200
2020-11-11,24.605044531490233,24.62307061821837,24.22650530551059,24.370712280273438,65062400
2020-11-12,24.073282916163002,24.127361167159,23.748822005496805,23.965129852294922,62733800
2020-11-13,24.190461348243286,24.46084584553681,24.127371746812308,24.361705780029297,45031800
2020-11-16,24.974570354473162,24.992596440941725,24.659122436584433,24.902467727661133,67556100
2020-11-17,24.623069924366494,24.911480427640598,24.451825543399167,24.866416931152344,63679700
2020-11-18,24.983585926576016,25.181869459676257,24.623072756024307,24.6320858001709,71578400
2020-11-19,24.505908555620042,24.740242564751,24.35269023115221,24.71320343017578,47194800
2020-11-20,24.58702164910017,24.68616169396937,24.442816384688278,24.49689292907715,39974700
2020-11-23,24.812341525221523,25.02864941256014,24.68616063497729,24.956546783447266,51870500
2020-11-24,25.38916452826874,25.857832513401164,25.326074937782145,25.830793380737305,60983200
2020-11-25,25.686588887890842,25.758691524778563,25.434228799252583,25.740665435791016,45204600
2020-11-27,25.740663481007587,25.767702612435514,25.560407762008396,25.659547805786133,26981200
2020-11-30,25.506333570854498,25.578436213776744,25.082730758569145,25.12779426574707,72524200
2020-12-01,25.59645073451337,25.749668996350326,25.497310719721334,25.515335083007812,53972100
2020-12-02,25.479296684921486,25.839809907042405,25.434231457742218,25.79474639892578,57471800
2020-12-03,25.812764034905193,25.956969286123265,25.650532697519317,25.80375099182129,49566000
2020-12-04,25.97500019685096,26.164270698643385,25.956974107335014,26.119205474853516,52713100
2020-12-07,25.96598127200373,26.01104648558842,25.78572557485134,25.93894386291504,34631600
2020-12-08,25.695599569868165,25.99302313456697,25.695599569868165,25.929933547973633,31628500
2020-12-09,26.07413518081827,26.092161265640502,25.76769861508863,25.866840362548828,47589600
2020-12-10,25.66856017675929,25.93894632676409,25.58744450366408,25.911907196044922,41298300
2020-12-11,25.623496264926402,25.713624980141866,25.443238834495475,25.65053367614746,48216300
2020-12-14,25.99302558242442,25.99302558242442,25.335088804473177,25.353113174438477,38302900
2020-12-15,25.551396364980658,25.85783299799762,25.407191092862377,25.785730361938477,38604200
2020-12-16,25.830793380737305,25.848819469179876,25.704614199764116,25.830793380737305,55602800
2020-12-17,25.87585203146317,25.947956371715023,25.758685916678086,25.902891159057617,38510900
2020-12-18,25.93894342016101,25.93894342016101,25.524352057569175,25.677570343017578,56080100
2020-12-21,25.9784088468934,26.150571788705115,25.57971635522328,26.023714065551758,77688100
2020-12-22,26.041829426807585,26.07807497403706,25.751871962103035,25.769994735717773,42317900
2020-12-23,25.924042305974655,26.340855849217437,25.91498091656286,26.195877075195312,52681400
2020-12-24,26.25023965432633,26.259301042347325,26.01464875062956,26.232118606567383,16071000
2020-12-28,26.413341056371173,26.56738119542856,26.268362305291642,26.35897445678711,32824800
2020-12-29,26.467711237624812,26.47677262682887,26.24118169237318,26.26836585998535,23607000
2020-12-30,26.35897573160231,26.46770893602917,26.295547740972786,26.386159896850586,16616700
2020-12-31,26.34991537993994,26.748607844519185,26.277425998042187,26.71236228942871,26239300
2021-01-04,26.812033053144585,26.821094440976154,26.123383132492418,26.349912643432617,47086300
2021-01-05,26.34085450626417,26.585506823059475,26.204937128583406,26.467710494995117,35265400
2021-01-06,26.975136595102814,27.85407054110716,26.975136595102814,27.6366024017334,102254900
2021-01-07,28.044351151268334,28.325247230922198,27.98092144322007,28.035289764404297,64342700
2021-01-08,28.171210088799267,28.18027147662119,27.64566169310874,28.017169952392578,54266400
2021-01-11,27.745335489056863,28.153087575139807,27.62753917455868,28.1077823638916,56590400
2021-01-12,28.270883438304196,28.53365677025817,28.189332676732928,28.39773941040039,60546600
2021-01-13,28.35243716054842,28.45210897976798,28.171212842958557,28.379619598388672,55394700
2021-01-14,28.461168329249983,28.651454021913796,28.352435129113278,28.506473541259766,49828800
2021-01-15,28.089656357305696,28.261819251156762,27.82688132309708,28.035289764404297,68732700
2021-01-19,28.180271738858547,28.252761113825496,27.935619450238967,28.1077823638916,97457200
2021-01-20,28.198394887712425,28.198394887712425,27.890314607956494,27.989986419677734,56113100
2021-01-21,27.971863477401502,28.026230073592984,27.69096565246582,27.69096565246582,43713800
2021-01-22,27.410075962013458,27.600359957297716,27.36477074264578,27.491626739501953,37928000
2021-01-25,27.21979081225975,27.328524025443826,26.94795432273303,27.292280197143555,68321500
2021-01-26,27.401011190418767,27.43725674406585,27.056687072187124,27.07480812072754,55504600
2021-01-27,26.703300664844296,26.730484830922094,26.223059162118794,26.27742576599121,84059200
2021-01-28,26.612689209582932,27.074807917126225,26.531138442773383,26.7667293548584,62985900
2021-01-29,26.694237297656873,26.766728401824846,26.114322290577476,26.232118606567383,78260700
2021-02-01,26.522078022092256,26.612690180551432,26.2955484900859,26.576444625854492,41947400
2021-02-02,26.884519384273805,27.355701128481098,26.875457997467958,27.219783782958984,54263000
2021-02-03,27.183543009102998,27.382888368987828,27.129176407004064,27.37382698059082,46195200
2021-02-04,27.464441338950135,27.989989810144248,27.455379949826394,27.980928421020508,63061800
2021-02-05,28.180272111660184,28.207454547455498,27.92655843177793,27.989986419677734,38461900
2021-02-08,28.080601488847858,28.35243797302246,28.080601488847858,28.35243797302246,48756300
2021-02-09,28.261822254799256,28.45210621431879,28.162148716984447,28.361494064331055,33572000
2021-02-10,28.506472812998226,28.542718364306523,28.225576703490958,28.361494064331055,38899600
2021-02-11,28.379618671906965,28.488353604567752,28.080599767443697,28.270885467529297,31909500
2021-02-12,28.243700837964667,28.58802495054406,28.2165166731756,28.560842514038086,38271800
2021-02-16,28.850797130339462,29.18605982101448,28.723941163952475,29.05014419555664,71330600
2021-02-17,28.959531051915203,29.23136576624805,28.859859245077406,29.19512367248535,60460900
2021-02-18,28.98671493379868,29.1770006146143,28.787369593771654,29.022958755493164,45188200
2021-02-19,29.213248268480083,29.466960223462216,29.17700271589231,29.367286682128906,54361800
2021-02-22,29.267615612640306,29.74786058357283,29.258555952011285,29.639123916625977,65930200
2021-02-23,29.847527360359976,29.85659047654842,29.512264649274737,29.820344924926758,94331400
2021-02-24,29.865649245450342,30.48180977837786,29.84752647018001,30.400259017944336,66000600
2021-02-25,30.644913339802073,30.66303611627915,29.765977691777845,29.8475284576416,92189400
2021-02-26,29.80221897963906,29.892832849056397,29.16793571998045,29.27667236328125,103105700
2021-03-01,29.77503910416166,30.373076867412514,29.77503910416166,30.191852569580078,67590700
2021-03-02,30.15560608166165,30.327770714707405,30.05593254812271,30.083118438720703,49987000
2021-03-03,30.200919364637627,30.771771305986505,30.164673809342535,30.31871223449707,72541700
2021-03-04,30.237159742073356,30.52711725479504,29.53944839690986,29.974388122558594,101311800
2021-03-05,30.481812411579202,30.62679116970005,29.702550290467318,30.54524040222168,109299800
2021-03-08,30.771764445638905,31.33356005776525,30.644908486954126,30.934865951538086,90538200
2021-03-09,30.690212807987816,31.107029675806675,30.37307292041801,30.65397071838379,117224600
2021-03-10,30.798956198816335,31.39699401546489,30.744587867642363,31.279197692871094,73269300
2021-03-11,31.116091917534174,31.433231831435076,30.934867628205453,31.188579559326172,50904800
2021-03-12,31.551029162909522,31.66882547328464,31.406050418050114,31.50572395324707,68126000
2021-03-15,31.623512028577743,31.632571685524645,31.034534086643173,31.324491500854492,57836400
2021-03-16,31.161400175722758,31.197645728449288,30.75364634896469,30.99829864501953,67373600
2021-03-17,31.224831686488344,31.387933235587422,30.880509266449444,31.206708908081055,64051100
2021-03-18,31.523848157386958,31.976907187680304,31.261073090240952,31.36980628967285,96690500
2021-03-19,31.125153314935666,31.152339206621132,30.681157410676523,31.007360458374023,98510500
2021-03-22,30.780737122603888,30.84444623627891,30.498594282124287,30.607812881469727,68170600
2021-03-23,30.42578077792946,30.635111187358838,30.070829063162876,30.180044174194336,70441900
2021-03-24,30.39848136709506,30.762532936398568,30.289262771606445,30.289262771606445,63357100
2021-03-25,30.271064919232966,30.844450493331315,30.0344315317644,30.7989444732666,60532600
2021-03-26,31.117488501104436,31.3359222469339,30.899058227161575,31.281312942504883,53779900
2021-03-29,30.844445838651936,31.208500888004302,30.68972469940325,31.008270263671875,71777800
2021-03-30,31.172086729379206,31.372317302585834,31.13568053936248,31.226696014404297,55011400
2021-03-31,31.162996153556087,31.290414384492045,30.97186533526575,30.990068435668945,51138300
2021-04-01,30.944561727045194,31.372325897216797,30.944561727045194,31.372325897216797,51690100
2021-04-05,31.709076915199482,31.77278603395667,31.51794955892792,31.618064880371094,51790700
2021-04-06,31.545244364857407,31.699968950550563,31.445129069153428,31.554344177246094,41336800
2021-04-07,31.64536110041188,31.781879123767798,31.490636507678822,31.709070205688477,38660800
2021-04-08,31.590751954869795,31.754576361167537,31.372321727730043,31.718170166015625,39927400
2021-04-09,31.93660926493324,32.00941819566185,31.754581730282037,31.99121856689453,40133700
2021-04-12,32.05493382266041,32.136846055347625,31.98212140609973,32.127742767333984,44435500
2021-04-13,31.945701775448107,31.982107968431947,31.65445917534868,31.8273868560791,39950900
2021-04-14,31.745484580966327,32.24605773936595,31.69997856145486,32.018524169921875,44065300
2021-04-15,32.09133041266057,32.127736613968096,31.69087261393708,31.99121856689453,55483500
2021-04-16,32.273359647649045,32.337068767350544,32.07313247368146,32.218753814697266,39115700
2021-04-19,32.20965500002119,32.30067052072205,32.01852761438007,32.127742767333984,31172300
2021-04-20,31.936607262932842,31.954810362445517,31.417831078423475,31.52704620361328,50227700
2021-04-21,31.41782631935563,31.991211715548502,31.32681083557899,31.963905334472656,39680000
2021-04-22,31.927508239526567,31.973014253491694,31.554349898108104,31.608959197998047,43611200
2021-04-23,31.608961440175836,32.337068130924976,31.554352136412188,32.2005500793457,50437700
2021-04-26,32.3188614971393,32.62830724087032,32.29155858418503,32.327964782714844,43749700
2021-04-27,32.37347896171773,32.62831547194106,32.300670018176945,32.58280944824219,50852400
2021-04-28,32.71022415161133,32.80123966101348,32.61011229909898,32.71022415161133,35771700
2021-04-29,32.96505671923389,33.32000844664794,32.93775033658873,33.29270553588867,48573000
2021-04-30,33.11067962111081,33.22899455467796,32.94685520490977,33.001461029052734,43940900
2021-05-03,33.283609257192026,33.34731837696491,33.037872592973756,33.16529083251953,33317300
2021-05-04,33.01966863985908,33.429229736328125,32.80123836966662,33.429229736328125,66939700
2021-05-05,33.529353838689,33.82969640684005,33.529353838689,33.70227813720703,38954200
2021-05-06,33.83878766695922,34.211942526189624,33.63855704477688,34.202842712402344,43332900
2021-05-07,33.811490332392516,34.39397572369892,33.72957810724713,34.38487243652344,64616700
2021-05-10,34.566893449704246,34.8217298922176,34.33026010621129,34.35756301879883,56341100
2021-05-11,34.01171614154107,34.321161927155835,33.62035813409044,33.747779846191406,82723700
2021-05-12,34.0117123497403,34.13913057574938,33.2654026214989,33.40192413330078,97911900
2021-05-13,33.274502545484715,34.148230411460254,33.256299447624485,33.938899993896484,66882600
2021-05-14,34.13003530206148,34.56689933730146,34.0936290978198,34.475887298583984,44850200
2021-05-17,34.366661231527075,34.57599512456762,34.23014320306243,34.539588928222656,40376700
2021-05-18,34.51229142948318,34.630609862119904,34.039024642710025,34.05722427368164,40299200
2021-05-19,33.66586488781529,33.86609204678227,33.30180982660673,33.8478889465332,63573900
2021-05-20,33.90250270186372,34.10273335902616,33.62946310602473,33.86609649658203,59216100
2021-05-21,34.002612090220005,34.38486676323768,33.98440899075923,34.202842712402344,44950300
2021-05-24,34.348465258252546,34.448577101019275,34.17553754316584,34.36666488647461,29159600
2021-05-25,34.41217092164866,34.67610716703575,33.97530697851699,34.02081298828125,38755900
2021-05-26,34.14822881288958,34.27564702006048,33.87518930153968,34.12092590332031,38601900
2021-05-27,34.43037458939651,34.603298818115185,34.23014397685884,34.51228332519531,39789500
2021-05-28,34.66700842125662,34.66700842125662,34.32115648700446,34.57599639892578,39265000
2021-06-01,34.92184211945744,35.02195741929262,34.69430860960869,34.78532409667969,35710700
2021-06-02,34.8945446034187,34.930950803874914,34.64880795816879,34.839935302734375,37537500
2021-06-03,34.730713360649595,35.131171071457096,34.621498252590406,34.92184066772461,54877500
2021-06-04,34.967349862745024,35.04016225601606,34.70341361685256,35.01285934448242,27250900
2021-06-07,35.0674634268852,35.0674634268852,34.72161499167291,34.78532409667969,37401800
2021-06-08,34.59419773666983,34.803531647777916,34.33936128403218,34.694313049316406,47747700
2021-06-09,34.557795701669725,34.603301715997574,34.27565285781891,34.36666488647461,40776200
2021-06-10,34.65790559051216,34.748917604919626,33.938898872281484,33.96620178222656,53775500
2021-06-11,34.0299257627496,34.20285352635865,34.02082594608522,34.18465042114258,40416700
2021-06-14,34.120927490273885,34.175533311952115,33.62945426385435,33.829681396484375,50613400
2021-06-15,33.83878517585268,34.06631869453276,33.67496076465214,33.893394470214844,51315100
2021-06-16,33.78418222275653,34.084528190294215,33.43833370920519,33.85699462890625,84961100
2021-06-17,34.02991651868231,34.048119618953606,32.75573074666951,32.85584259033203,97659900
2021-06-18,32.41896993016656,32.528188502587625,32.01851224694567,32.06401824951172,180960000
2021-06-21,32.38291934582073,32.83065313385617,32.328097218953516,32.8123779296875,89831400
2021-06-22,32.88547796252213,32.99512569928186,32.556531266604246,32.86720275878906,42576400
2021-06-23,32.89460957040201,33.08649395634284,32.848923309792994,32.93115997314453,48094900
2021-06-24,33.12305103111294,33.42458668602011,32.96771701662546,33.342350006103516,42942800
2021-06-25,33.5159575715957,33.83576493013355,33.32407315647299,33.74439239501953,56845000
2021-06-28,33.68043304614499,33.70784411127912,33.30580005154284,33.497684478759766,70250700
2021-06-29,33.6712987930852,33.854047388109116,33.287529880610535,33.378902435302734,61051200
2021-06-30,33.27837926700596,33.598190071432334,33.26924340888559,33.525089263916016,42414100
2021-07-01,33.68956533378636,33.808352412837316,33.51595613028008,33.790077209472656,36615600
2021-07-02,33.790082822468804,33.82663323526965,33.61647359012365,33.75353240966797,27018400
2021-07-06,33.67129448859917,33.68956969432924,33.004265164827444,33.22356414794922,49225300
2021-07-07,33.022535137900704,33.342345959042014,32.9494378122023,33.26924514770508,43747100
2021-07-08,32.7392770869765,32.93116148170748,32.44687733727991,32.60221481323242,75084200
2021-07-09,33.07736377796506,33.58905556166639,32.97685189598406,33.54336929321289,70546500
2021-07-12,33.342351244177884,33.936279745061434,33.19615308396849,33.872318267822266,62953400
2021-07-13,33.76267391372822,33.81749605079438,33.378901526067914,33.5068244934082,44476200
2021-07-14,33.52509159281131,33.74439054495601,32.98598529966245,33.35148239135742,69632700
2021-07-15,33.02254137037412,33.671295508057966,33.02254137037412,33.46113586425781,53977600
2021-07-16,33.63475499826618,33.63475499826618,32.93117510749698,33.0042724609375,56160700
2021-07-19,32.36463581440451,32.53824846651787,31.889494570825548,32.08137893676758,89972200
2021-07-20,32.044843787709475,33.095645600458155,31.980882301956726,32.876346588134766,70635800
2021-07-21,33.14131990856632,33.60732534869434,33.113908849040634,33.44285202026367,59975000
2021-07-22,33.32407592330236,33.40631260598843,32.940303575554324,33.07736587524414,35292300
2021-07-23,33.39717213444133,33.4885481597004,33.04081435002832,33.13218688964844,36766900
2021-07-26,33.06821684334033,33.38802762039212,33.04994164302554,33.324066162109375,25396000
2021-07-27,33.06823132243411,33.461139587143904,32.912897280201655,33.31494140625,38988400
2021-07-28,33.43371848757466,33.479404751840974,33.04081034073494,33.26924514770508,42908200
2021-07-29,33.48854839570779,33.780944707319556,33.342350239901904,33.63474655151367,41434200
2021-07-30,33.54337164721666,33.790081696945755,33.287525737411265,33.3697624206543,52385300
2021-08-02,33.59820144645935,33.98197035893401,33.333216157956635,33.378902435302734,47589900
2021-08-03,33.49768649134054,33.799222168488626,33.00426637544687,33.75353240966797,42169600
2021-08-04,33.43372165507774,33.82662983914149,33.28752350419161,33.470272064208984,52346400
2021-08-05,33.680435840248926,33.908870697021484,33.67129649402002,33.908870697021484,37168200
2021-08-06,34.228676285701916,34.65813490904717,34.21954042559715,34.594173431396484,58081000
2021-08-09,34.54848805603755,34.8500202462663,34.3566001324674,34.685546875,48015600
2021-08-10,34.658132465468164,35.151552531675414,34.62158205634788,35.05104064941406,40907400
2021-08-11,35.15155845576225,35.462230014364366,34.98708507264116,35.45309066772461,48372100
2021-08-12,35.48964062848803,35.56273797247267,35.270341625255334,35.517051696777344,44566400
2021-08-13,35.544456201070325,35.59014246384857,35.16982326926722,35.25205993652344,43077200
2021-08-16,35.02363529423115,35.197244537392436,34.712963737347124,35.16069412231445,48011800
2021-08-17,34.923121737512716,35.178967659632754,34.56676392152002,34.91398239135742,52414800
2021-08-18,34.77691238522434,35.02362236748428,34.45710159978896,34.48451614379883,39550400
2021-08-19,34.10989603572559,34.484529078423606,34.00938413647793,34.22867965698242,48961300
2021-08-20,34.22867171858651,34.49365693957627,34.10074878035384,34.4388313293457,33898600
2021-08-23,34.61244774288245,34.86829364687429,34.61244774288245,34.72209548950195,28807400
2021-08-24,34.786052836543256,35.01448764817574,34.75864177455171,34.9322509765625,37677300
2021-08-25,35.02364116745272,35.562744194879414,34.95054032503824,35.343448638916016,47904800
2021-08-26,35.49877742199483,35.54446718452992,35.13328372119062,35.16983413696289,38484300
2021-08-27,35.21551825622177,35.64497341549521,35.20637891001892,35.63583755493164,38511100
2021-08-30,35.654112902932354,35.67238810977117,35.115006500924856,35.13328170776367,30096500
2021-08-31,35.10586479858651,35.352574845893834,34.959666639327246,35.08759307861328,49876200
2021-09-01,35.11500098324124,35.13327618720844,34.76777907914195,34.886566162109375,43976200
2021-09-02,34.96879018146556,35.1332634720065,34.868278338841925,35.005340576171875,29611500
2021-09-03,34.94139401943891,35.014491354366385,34.70381983823692,34.78605651855469,34847500
2021-09-07,34.904851643175896,34.904851643175896,34.575904846191406,34.575904846191406,39214900
2021-09-08,34.49365997314453,34.658133332662295,34.31091140860935,34.49365997314453,32523900
2021-09-09,34.44797527024648,34.923120165393776,34.42056071865397,34.594173431396484,33421000
2021-09-10,34.78605581770072,34.82260622724755,34.32918615528212,34.33832550048828,39350500
2021-09-13,34.58503732928886,34.786061126838256,34.48452891615359,34.73123550415039,40357300
2021-09-14,34.85002094294876,34.97794390412668,34.15558051699462,34.265228271484375,45670600
2021-09-15,34.246951491550554,34.67641011489581,34.21040107985328,34.594173431396484,36371300
2021-09-16,34.722094807403764,34.895704026610765,34.33832595895495,34.49365997314453,42630200
2021-09-17,34.447973243489855,34.66726872949299,34.24694947662122,34.33832550048828,82987200
2021-09-20,33.57847959644894,33.67024774919419,33.06456883917594,33.541770935058594,95008800
2021-09-21,33.752829859623276,33.881306633306984,33.41328360049783,33.49587631225586,45837600
2021-09-22,33.918008403912665,34.29426323655872,33.844594619867216,34.0556640625,58347800
2021-09-23,34.38604584610364,35.05596303076345,34.33098286490272,34.890777587890625,71805000
2021-09-24,34.863244626756355,35.19361198125053,34.81735706296335,35.07431411743164,48066100
2021-09-27,35.3863320524012,35.65246102902813,35.322093661415764,35.551517486572266,58794500
2021-09-28,35.54234436528107,35.716705240551846,34.909135764921615,34.964195251464844,96152700
2021-09-29,35.07431482239959,35.14772862463066,34.826536676001595,34.991722106933594,49882500
2021-09-30,35.19361088740448,35.20278980016964,34.4319256621831,34.44110107421875,73319300
2021-10-01,34.53288019859453,35.24868151764717,34.40440339781383,35.01008224487305,70444000
2021-10-04,34.95501924579235,35.41386696311662,34.6521780720078,34.70724105834961,69772700
2021-10-05,34.96419094987508,35.56069431939561,34.8357141627734,35.38633346557617,56058400
2021-10-06,35.065134086463146,35.450567905512685,34.80818054091646,35.42303466796875,63405900
2021-10-07,35.790116014733,36.010364422837036,35.58822193236511,35.63410949707031,53295600
2021-10-08,35.67081598188302,35.93694846391578,35.50563054480956,35.8084716796875,38607500
2021-10-11,35.891070185203134,36.157202710146386,35.43222245284458,35.45057678222656,50748300
2021-10-12,35.40469983238707,35.57906074550093,35.24868975161691,35.340457916259766,58527700
2021-10-13,35.33127646203325,35.367985121909385,34.633829428039206,35.1385612487793,72105100
2021-10-14,35.53317207726716,35.73506271357166,35.193622210302514,35.725887298583984,51893500
2021-10-15,36.07461948204269,36.44169566419642,35.955318059995356,36.258155822753906,58411100
2021-10-18,36.18472981445395,36.47839206168458,36.08378276058153,36.2673225402832,56312700
2021-10-19,36.432502274628526,36.62521743774414,36.2948465862719,36.62521743774414,33082600
2021-10-20,36.56099119895905,36.91889190673828,36.46004412738424,36.91889190673828,44670200
2021-10-21,36.90970953967776,36.99230226443471,36.57015972638248,36.76287841796875,35067600
2021-10-22,36.93724048060679,37.34102520323751,36.900531823804855,37.27678680419922,41458200
2021-10-25,37.36855551262667,37.41443957966192,37.139131676720524,37.230899810791016,33121000
2021-10-26,37.322665055281654,37.49702939753791,37.20336719037223,37.258426666259766,41586900
2021-10-27,37.166663673248685,37.3318491251882,36.634398661281324,36.643577575683594,62449500
2021-10-28,36.7903974470906,37.111589338329814,36.76286771376411,37.09323501586914,44566600
2021-10-29,37.13912980582011,37.21254360923227,36.87299732940035,36.9464111328125,42092000
2021-11-01,37.20337020667782,37.28596292793507,36.81793634056734,36.96476745605469,37503800
2021-11-02,36.9555981924859,37.166667737326264,36.854651127403436,37.05654525756836,31436800
2021-11-03,36.93724119259507,37.33185050899674,36.86382387757603,37.19419479370117,42946800
2021-11-04,37.056546171015725,37.14831432295432,36.42333402015538,36.707820892333984,48279700
2021-11-05,37.00147365718099,37.15748367620455,36.60686440408162,36.726165771484375,57866300
2021-11-08,36.95558836170107,37.194187587827024,36.8362869982733,36.92805862426758,32864600
2021-11-09,36.735341184024726,36.85464255142748,36.487563036678864,36.726165771484375,48420400
2021-11-10,36.68947127729402,36.89136543838398,36.570169863856215,36.66194152832031,60695100
2021-11-11,36.71699084809149,36.88217629760539,36.56098431284508,36.76287841796875,31438900
2021-11-12,36.81794481062154,36.85465347312077,36.51510709682972,36.84547805786133,39218800
2021-11-15,36.94642162863811,37.03819328488619,36.77206073286287,36.84547805786133,30081100
2021-11-16,36.891350496181836,37.02900268602777,36.70781074232429,36.80875778198242,32599500
2021-11-17,36.75369943579767,36.75369943579767,36.28567633019303,36.38662338256836,53557200
2021-11-18,36.423327966670676,36.49674527660422,36.03789759170962,36.20308303833008,42990100
2021-11-19,35.89106439822422,36.01954118245251,35.533163784808345,35.8084716796875,71858100
2021-11-22,36.285675977969944,36.67110635522888,35.99201373794503,36.31320571899414,81965800
2021-11-23,36.55181183541864,36.90971250453795,36.39580178691026,36.882179260253906,61571200
2021-11-24,36.80876616494047,36.94641838613581,36.66193502856052,36.79958724975586,40410300
2021-11-26,35.64327890623584,35.799285397622626,35.17525593134641,35.57904052734375,76492200
2021-11-29,35.99200428263604,36.12048104130409,35.423030778921635,35.68916320800781,79316500
2021-11-30,35.257851426869465,35.40468603424243,34.780652955826184,34.83571243286133,121263700
2021-12-01,35.450575011851605,35.679998866573634,34.450286865234375,34.450286865234375,101946500
2021-12-02,34.771477767301235,35.67081882942185,34.64300097281688,35.47810363769531,98076400
2021-12-03,35.523985033106676,35.61575666563778,34.62464403868079,34.89995193481445,97178200
2021-12-06,35.450574787333515,35.771766781618076,35.17526686355673,35.432220458984375,69716600
2021-12-07,35.84518095337666,36.166372919510465,35.670816599706995,36.065425872802734,115475500
2021-12-08,36.0837768537934,36.230607953372974,35.78093924247971,35.87270736694336,53033200
2021-12-09,35.69835377565755,35.98283711967253,35.56987347431017,35.79929733276367,45521100
2021-12-10,36.04707185810139,36.05625077191603,35.60657851470627,35.836002349853516,38900900
2021-12-13,35.75341446520341,35.762593380259595,35.331275391608834,35.45057678222656,44343000
2021-12-14,35.39550768820208,35.927772646270576,35.36797794924329,35.66164016723633,51734400
2021-12-15,35.75340958717271,35.87271096151351,35.312916244295025,35.76258850097656,70424900
2021-12-16,36.17555254219848,36.46921830348972,35.9920162548956,36.21226119995117,71156600
2021-12-17,35.97366274129874,36.01954681416434,35.193619499662056,35.41386795043945,97654400
2021-12-20,34.864297865395656,34.910401759355125,34.311040585377164,34.725982666015625,85242300
2021-12-21,35.07638242310215,35.601974610155565,35.07638242310215,35.44521713256836,57667900
2021-12-22,35.34378679865516,35.63885594682145,35.288460014310836,35.61119079589844,49702700
2021-12-23,35.81405078124886,36.11833928972222,35.777166259766766,35.79560852050781,39057300
2021-12-27,35.906255856347975,36.16444396972656,35.72184029786495,36.16444396972656,36120300
2021-12-28,36.09989581260716,36.41340716909025,36.09067292469527,36.182884216308594,34055200
2021-12-29,36.2566527153664,36.35808338573642,36.09067589430663,36.13677978515625,27150500
2021-12-30,36.247430991081515,36.450288801151004,35.96158125836842,36.07223129272461,30089100
2021-12-31,35.998471057763865,36.18289015375172,35.93392490179337,36.0076904296875,28497800
2022-01-03,36.27509449004566,36.58860586813203,36.25665223045218,36.45029067993164,49884400
2022-01-04,36.87445972246449,37.52914418219211,36.856017460817014,37.409271240234375,74210200
2022-01-05,37.519925582833366,37.71356759352301,36.948229476397934,36.97589111328125,76288400
2022-01-06,37.363166405311965,37.5475854996475,37.021993367167305,37.519920349121094,57725200
2022-01-07,37.60290533286672,38.05473189686571,37.47381303386739,37.962520599365234,62185500
2022-01-10,38.20227327947896,38.22993491491966,37.43693520226784,37.83343505859375,73620000
2022-01-11,37.97175152516292,38.183832278052115,37.62135555549717,38.16539001464844,60706300
2022-01-12,38.26682325775529,38.41435785732607,38.008638587882025,38.19305419921875,51560600
2022-01-13,38.248370677138276,38.45123201589764,37.9164170382598,38.045509338378906,51659600
2022-01-14,37.43693308260721,37.68589833998314,37.19719071485729,37.649017333984375,81135500
2022-01-18,37.40005551298019,37.43693652236763,36.57939061844745,36.809913635253906,82526700
2022-01-19,37.08652672265615,37.104968977474776,36.16443508672736,36.19209671020508,85975100
2022-01-20,36.29354351277027,36.76380890878089,35.88782076111201,35.96158981323242,80314000
2022-01-21,35.81405341724035,35.91548410003085,35.07638052081198,35.223915100097656,117914300
2022-01-24,34.6153253817242,35.39910196771519,33.95141819147241,35.32533645629883,169153300
2022-01-25,34.92885063803788,35.73106980092576,34.357150988621406,35.47288513183594,97364900
2022-01-26,35.86014781577053,36.15521689618951,35.1409173719369,35.56507873535156,106682000
2022-01-27,35.9062669298644,36.27510519558303,35.011839939375676,35.24236297607422,91498900
2022-01-28,35.10404226409839,35.712622845227294,34.66143852486845,35.70340347290039,79753600
2022-01-31,35.45443393629007,36.044572184126665,35.24235322331764,36.016910552978516,58740900
2022-02-01,36.063019862086634,36.60705430057702,35.878600752555634,36.51484298706055,64601500
2022-02-02,36.496401394821234,36.82835154507969,36.265878405265774,36.7638053894043,46649400
2022-02-03,36.75458544963349,36.88367775898969,36.30275884938516,36.35808563232422,50677000
2022-02-04,36.42263727060208,37.289402562133354,36.40419500684582,36.97589111328125,77792400
2022-02-07,37.02199787361626,37.32628642643256,36.809913602938664,37.086544036865234,52710400
2022-02-08,37.34472825285738,37.69512421889587,37.252520454295585,37.60291290283203,56921200
2022-02-09,37.80578209193011,38.09163195453595,37.713574274316755,37.84266662597656,67505300
2022-02-10,37.66745416649896,38.16538465597939,37.35394276765961,37.51070022583008,67260800
2022-02-11,37.3908343128901,37.84266099395808,36.76381139742961,36.98511505126953,77962800
2022-02-14,36.96666737165209,37.0957596851884,36.265879019240025,36.570167541503906,71521600
2022-02-15,37.01276937898007,37.26173462131645,36.88367707202822,37.06809616088867,55439600
2022-02-16,36.88367960980283,37.26173718510324,36.83757571379094,37.095760345458984,41168800
2022-02-17,36.7084790727455,36.82834848475234,36.0722334232415,36.17366409301758,59107800
2022-02-18,36.136778821953065,36.4687324552246,35.98002489374223,36.16444396972656,47816500
2022-02-22,35.99846850515842,36.33042215089782,35.67573423068893,35.98002624511719,60719700
2022-02-23,36.24743083494015,36.35808086881969,35.26079286555304,35.35300064086914,64169800
2022-02-24,34.181944964402646,35.03949067549244,33.93297974013452,34.92884063720703,143075700
2022-02-25,35.15935687568081,36.145994695595604,35.150133989045734,36.05378341674805,99127100
2022-02-28,35.19624764425004,35.74950491848143,35.15014375077283,35.51898193359375,107370200
2022-03-01,35.17780542553232,35.27923257416124,33.97908320854072,34.2096061706543,129873100
2022-03-02,34.495460737556265,35.29767977308035,34.477018475906064,35.09482192993164,88182500
2022-03-03,35.25157652896317,35.43599563137048,34.689099849496685,34.984169006347656,71952600
2022-03-04,34.36637137339026,34.375590746255845,33.9329869811648,34.32948684692383,105904100
2022-03-07,34.01596195702712,34.052846468909394,33.05698575309207,33.0754280090332,116046200
2022-03-08,33.21375144517397,33.81310908384012,32.725043852222846,32.881797790527344,114915000
2022-03-09,33.979087185806364,34.37558700845228,33.84077550284953,34.08974075317383,88716400
2022-03-10,33.527267134491495,34.02519768025174,33.425836447299375,33.80389404296875,71547300
2022-03-11,34.09896719510366,34.311047966944884,33.545713313561556,33.56415557861328,76788200
2022-03-14,34.07129254046216,34.541557808373355,33.83154670387916,33.988304138183594,70969700
2022-03-15,34.32948493259568,34.523123409493444,34.03441577232238,34.46780014038086,51828700
2022-03-16,34.91040107523827,35.491319976748215,34.79975102840356,35.43599319458008,87007600
2022-03-17,35.23313219775452,35.88781663122459,35.002609212659294,35.878597259521484,58266400
2022-03-18,35.86938201558391,36.053797610880935,35.52820542578,35.96158981323242,82342500
2022-03-21,36.12080678644245,36.231889774201015,35.74127000794154,35.92641067504883,46828600
2022-03-22,36.35223431016142,36.74102656046353,36.30595002292518,36.50960159301758,61053100
2022-03-23,36.27817490922654,36.36148803481607,35.815324996232384,35.833839416503906,42142600
2022-03-24,36.0837788071478,36.157836488262355,35.82458398577608,36.12080764770508,30421500
2022-03-25,36.24115215472613,36.65771428077426,36.18560888999612,36.58366012573242,48613100
2022-03-28,36.472571338539694,36.50959664455146,36.065261191031695,36.48182678222656,44761000
2022-03-29,36.92616595686678,37.0372489486247,36.352233046308804,36.56514358520508,67968600
2022-03-30,36.56513347354923,36.583647888933044,36.09302824068473,36.305938720703125,47405300
2022-03-31,36.259659893957796,36.40777525369946,35.463561022933575,35.472816467285156,66619600
2022-04-01,35.71350153092116,35.78755568188161,35.130309642824756,35.3802490234375,68422500
2022-04-04,35.29693518316971,35.5098457183667,34.97293812688026,35.222877502441406,134312400
2022-04-05,35.08402647792125,35.46356328328861,34.91740021885609,35.00071334838867,56165700
2022-04-06,34.72299237615117,34.90813301271538,34.63042382350103,34.7600212097168,55835100
2022-04-07,34.732250917267336,34.889618161063915,34.23237226415371,34.722991943359375,53346900
2022-04-08,34.86184993359362,35.232131219437996,34.76928137776455,35.07476043701172,44672300
2022-04-11,34.982195246977895,35.32470317401655,34.86185328781021,34.917396545410156,54435500
2022-04-12,34.88961654537438,35.213613523135535,34.38974144667315,34.5378532409668,67215400
2022-04-13,34.213856263205635,34.556367656661465,34.14905757390615,34.5378532409668,57445600
2022-04-14,34.4638011656607,34.70448507744878,34.13980766663554,34.14906311035156,68544200
2022-04-18,33.93615652716084,34.51008944823801,33.92690108237164,34.35272216796875,52748400
2022-04-19,34.44529605854557,34.880376187363765,34.43604061232753,34.824832916259766,41519100
2022-04-20,35.09328347815985,35.31545301051463,34.98220047761492,35.065513610839844,54635800
2022-04-21,35.30618061593319,35.47280681905746,34.445279743545626,34.51007843017578,54998100
2022-04-22,34.45454286851093,34.46379831146044,33.44553008634226,33.4825553894043,73170900
2022-04-25,33.204856278075695,33.61216651682538,32.70498098792893,33.538108825683594,91392800
2022-04-26,33.15856676080386,33.51033367575714,32.67720243804266,32.695716857910156,81457500
2022-04-27,32.64944288019634,33.001209906190546,32.54761530441388,32.6679573059082,81603000
2022-04-28,33.00120148909869,33.20485305745579,32.510578161033784,33.08451461791992,62680000
2022-04-29,32.917885656187465,33.03822408583796,31.871843909419546,31.945898056030273,74631700
2022-05-02,32.094007256712864,32.20509376444389,31.325678333526113,31.955154418945312,104408800
2022-05-03,32.17732732484247,32.6957205458106,32.06624432437249,32.371726989746094,73896300
2022-05-04,32.42726942876782,33.41776813278921,32.31618641903357,33.36222839355469,87794900
2022-05-05,32.97343585271571,33.038234575798484,31.992196028167605,32.3902473449707,101093900
2022-05-06,32.260637491057544,32.30692530732254,31.69596356402931,32.1588134765625,99281900
2022-05-09,31.72373060653432,31.918126705000674,31.242366316571726,31.390478134155273,85922800
2022-05-10,31.677451393662636,31.88110296838164,30.723978104864038,31.112773895263672,107581200
2022-05-11,31.149795035087678,31.779271087673663,30.779513757826287,30.82579803466797,110212200
2022-05-12,30.566603842620804,30.881341874919688,30.00192647309069,30.59437370300293,114304100
2022-05-13,30.964653598369082,31.297906033062244,30.760998547997957,31.038707733154297,64036200
2022-05-16,30.91837259298987,31.057225434622715,30.538835842503957,30.779516220092773,55662200
2022-05-17,31.381223771593252,31.695961836209307,31.20533855440921,31.603389739990234,62859300
2022-05-18,31.30716147019598,31.353445745836606,30.61288674179495,30.73322868347168,74279300
2022-05-19,30.316670525124664,30.751750590909793,30.270386238209483,30.52958106994629,71525400
2022-05-20,30.742489048530963,30.8998598484237,29.835303681914922,30.474035263061523,77984600
2022-05-23,31.057226508956532,31.695961608861246,30.899859243409466,31.464536666870117,78189300
2022-05-24,31.279397969543684,31.501563950286165,30.751749351199543,31.399736404418945,77871200
2022-05-25,31.32567995904661,31.84407309489887,31.233111395731434,31.649673461914062,72192600
2022-05-26,31.99218918991918,32.49206444238705,31.964415792201937,32.3809814453125,50803200
2022-05-27,32.51983643770548,32.99194180336164,32.46429317593107,32.92714309692383,43862500
2022-05-31,32.65869041704801,33.08451504274927,32.48280871228462,32.83457565307617,64778900
2022-06-01,32.75126223910472,32.83457536827311,32.001444076589266,32.30692672729492,48642400
2022-06-02,32.33469324736076,32.77902871319199,32.08475388571862,32.751258850097656,45334700
2022-06-03,32.44578200193271,32.58463840463067,32.24213041757806,32.27915573120117,36699400
2022-06-06,32.547608701428985,32.880861234103854,32.36246801313573,32.371726989746094,32829600
2022-06-07,32.14955326967933,32.649432003576486,32.12178340599542,32.62166213989258,32031400
2022-06-08,32.37172272210637,32.46429128841701,31.927387247539293,32.047725677490234,38251800
2022-06-09,32.01069732963676,32.029208216129334,31.223850465666164,31.24236488342285,49715100
2022-06-10,30.566608689859788,30.677691680267813,30.08524435640555,30.113014221191406,74190900
2022-06-13,29.353940603903013,29.714962970658753,29.039204287777686,29.215085983276367,104065100
2022-06-14,29.335430441468734,29.53908378464699,28.742981302494126,28.965150833129883,75592200
2022-06-15,29.270629953573952,29.705708246252666,28.789265609142817,29.289142608642578,87858800
2022-06-16,28.696691987070107,28.705949196361146,28.307898025007095,28.548580169677734,100838500
2022-06-17,28.61338255169132,28.95589227701306,28.3541859550794,28.63189697265625,116937700
2022-06-21,29.287061521891047,29.389431865491428,29.026485047336056,29.203304290771484,58065800
2022-06-22,28.868277669830242,29.408045516346704,28.83105144418711,29.138160705566406,48035800
2022-06-23,29.156773682169224,29.212611245328915,28.55186171864753,29.026485443115234,69348900
2022-06-24,29.14746474115239,30.124630004200487,29.100933738166855,30.096712112426758,65489300
2022-06-27,30.32937557438226,30.32937557438226,29.854753587157237,29.994346618652344,47244800
2022-06-28,30.301452610754914,30.58994695765269,29.677925814066537,29.6965389251709,42459900
2022-06-29,29.72445823832918,29.836135128583273,29.42665556437687,29.529024124145508,64507500
2022-06-30,29.063709098930442,29.529026254308942,28.71006884186218,29.268449783325195,75294300
2022-07-01,29.175387889910837,29.76168676270282,28.979953748950713,29.668622970581055,77308400
2022-07-05,29.203303175423194,29.584864866530676,28.868276038784582,29.566251754760742,51536800
2022-07-06,29.501106863868102,29.733765429750203,29.212608964142625,29.49180030822754,48001700
2022-07-07,29.74307048103456,30.003650491253847,29.715152588902786,29.919893264770508,33120100
2022-07-08,30.003651023724117,30.09671303254027,29.73376622803397,29.85474967956543,29062200
2022-07-11,29.68723410573421,29.83613722823303,29.529026202183033,29.612783432006836,30564300
2022-07-12,29.38943240472644,29.966426476909618,29.370819291904112,29.426658630371094,38211000
2022-07-13,29.110242911241404,29.361512835017983,28.803133648808565,29.166080474853516,51441600
2022-07-14,28.5704758960881,28.700764139997407,28.263366624698882,28.60770034790039,57782300
2022-07-15,29.017174920976107,29.74306846797675,28.942724255256966,29.5755558013916,59650200
2022-07-18,29.994345666677855,30.19908636647877,29.333596108341997,29.463884353637695,38671600
2022-07-19,29.854747407272978,30.441044408349264,29.770988410634203,30.34798240661621,40568000
2022-07-20,30.282834652313817,30.515493178745075,30.189769111688886,30.459653854370117,38507700
2022-07-21,30.375904552331235,30.655094146728516,30.143245965318787,30.655094146728516,40561800
2022-07-22,30.701625264925127,30.859831382328544,30.245612923425572,30.478271484375,25741200
2022-07-25,30.664405087151483,30.81330645350428,30.450359594899876,30.673709869384766,24699300
2022-07-26,30.52480266287905,30.70162544227832,30.171160654168432,30.24561309814453,26357800
2022-07-27,30.366599968310435,30.859835039955215,30.264229621345294,30.710933685302734,44817200
2022-07-28,30.738844527915777,30.943585174875285,30.24560956942697,30.934280395507812,40974600
2022-07-29,31.0087438329736,31.47406112164378,30.980825931681924,31.37169075012207,38724000
2022-08-01,31.07388064621666,31.287926122550267,30.897061396224988,31.111106872558594,35131300
2022-08-02,30.96220366801849,31.166944350582362,30.729545092409772,30.76677131652832,36806900
2022-08-03,30.99942951620203,31.30653698623537,30.822606728827363,31.232088088989258,27314900
2022-08-04,31.204163856410375,31.28792107712905,31.07387563531194,31.129714965820312,24505800
2022-08-05,31.045961822509465,31.501970656243707,30.934286696913684,31.353069305419922,34366100
2022-08-08,31.585721411702963,31.688091735046097,31.306531879913734,31.334449768066406,24369100
2022-08-09,31.390295898972756,31.576423477208515,31.334456560475545,31.492666244506836,26425400
2022-08-10,32.04174122040724,32.32093081770645,31.976597099373706,32.199947357177734,45366000
2022-08-11,32.497747593954244,32.78624550092005,32.46052492054581,32.581504821777344,46985200
2022-08-12,32.73971128315408,33.10265805140119,32.572196843949605,33.093353271484375,36370300
2022-08-15,32.75832485713761,33.17711096108142,32.69318074653388,33.08404541015625,25366000
2022-08-16,32.935143451449555,33.474912986271214,32.935143451449555,33.326011657714844,41300800
2022-08-17,32.94445521118361,33.30740201544488,32.92584209941533,33.15850067138672,33158000
2022-08-18,33.13058798334015,33.242266683460564,32.97238181663642,33.19573211669922,15966200
2022-08-19,33.000294147604514,33.000294147604514,32.42330182804303,32.534976959228516,33587400
2022-08-22,32.060351066935596,32.06965584752589,31.734626944867674,31.818384170532227,36810100
2022-08-23,31.781160646622908,32.01381920611477,31.688095092773438,31.688095092773438,23244000
2022-08-24,31.6322558743014,31.957976402171433,31.567108218639895,31.855606079101562,20682200
2022-08-25,31.92075551314657,32.37676787837339,31.8369982848432,32.348846435546875,26402600
2022-08-26,32.488444565138145,32.497749346470016,31.353069537883524,31.380990982055664,38230600
2022-08-29,31.148329954505417,31.38098852052332,30.971507172275498,31.157634735107422,34872100
2022-08-30,31.260002795681114,31.36237312528802,30.80399047745609,30.9901180267334,41870700
2022-08-31,31.148327851063492,31.26000296118605,30.710928640459176,30.75745964050293,39768200
2022-09-01,30.627174921177755,30.897059722403487,30.2549197781017,30.850528717041016,40604600
2022-09-02,31.204169815648797,31.464749857697893,30.45966301712662,30.608564376831055,43208800
2022-09-06,30.76676958546764,30.84121847942781,30.227000016382696,30.53411102294922,45877100
2022-09-07,30.44104710212222,31.194862163182258,30.394516097138098,31.139022827148438,35023000
2022-09-08,30.980814633956857,31.70670820354333,30.85052640865548,31.688095092773438,50760900
2022-09-09,31.827685985952392,32.060344504051336,31.818377657179575,31.976587295532227,41327100
2022-09-12,32.10688294077044,32.40468562896764,32.0324304936771,32.2371711730957,41969600
2022-09-13,31.604344913069763,31.71602360257916,30.934290526456753,31.036657333374023,60771600
2022-09-14,31.101796289553157,31.250701184142066,30.664400587006536,30.94359016418457,39233200
2022-09-15,30.980817261828502,31.446134420281602,30.89706003130342,31.045961380004883,47653000
2022-09-16,30.738849873395345,30.822607102618008,30.44104718062324,30.76677131652832,53893300
2022-09-19,30.40471778063058,31.134429865361593,30.40471778063058,31.115718841552734,36491400
2022-09-20,30.863133934312373,30.928620743854765,30.376657942880723,30.657316207885742,42193600
2022-09-21,30.853773477055732,30.966036057809244,30.002441471418454,30.02115249633789,49644600
2022-09-22,30.086640201899822,30.13341598122033,29.459835123344345,29.515966415405273,52299500
2022-09-23,29.2259556132759,29.291442424699213,28.62721701239788,29.04820442199707,56801000
2022-09-26,28.83302830769014,29.104332807672343,28.383974429493556,28.58979034423828,49969700
2022-09-27,28.814319030332946,28.964003665473772,28.17816022317524,28.46817398071289,60630400
2022-09-28,28.552369118549706,29.197883377579664,28.477526808036895,29.029489517211914,46088700
2022-09-29,28.720765870576002,28.833028448482583,28.309132254695037,28.66463279724121,41860000
2022-09-30,28.683349168920266,29.038851562121742,28.327848560100623,28.402690887451172,37984300
2022-10-03,28.68334296345051,29.31950350049155,28.34655167104491,29.169818878173828,47086100
2022-10-04,29.618876686054136,30.28310206291957,29.581456417686493,30.255037307739258,53441800
2022-10-05,29.787270037989593,30.18954815184971,29.68436118531425,30.02115249633789,41766800
2022-10-06,29.852757905730368,30.058575618422967,29.534677608279637,29.60016441345215,34717900
2022-10-07,29.338217797083644,29.4317693581819,28.739477456641232,28.898517608642578,36380700
2022-10-10,29.05755755572359,29.179177439304276,28.59914812892467,28.76754379272461,31011700
2022-10-11,28.580440299670073,28.879811393454098,28.281070990267885,28.402690887451172,50431900
2022-10-12,28.412042481820563,28.71141174992312,28.23429130974157,28.337200164794922,48265700
2022-10-13,27.766528453907014,29.58145700766825,27.68233061792344,29.506614685058594,83086100
2022-10-14,29.768558999550145,30.114704038494747,28.945293531665925,29.010780334472656,60886900
2022-10-17,29.628235111558592,29.93695993956003,29.54403726897803,29.74049949645996,47222200
2022-10-18,30.516984410768945,30.55440646336047,29.871470063000285,30.217615127563477,48150700
2022-10-19,29.95566898305532,30.208262494061376,29.553390825019402,29.721786499023438,35205700
2022-10-20,29.684363560371906,29.983732845509333,29.16046731138141,29.244665145874023,43124400
2022-10-21,29.328858853999265,30.142770544788885,29.11368743362758,30.114702224731445,54487300
2022-10-24,30.29246165097768,30.657317770962905,30.198906512030412,30.516986846923828,40117200
2022-10-25,30.35794717867453,30.9379747405379,30.301814097682527,30.8818416595459,33950300
2022-10-26,30.97538941304139,31.302823385557893,30.89119159599963,30.95667839050293,38012100
2022-10-27,31.24669634000727,31.555419314224373,31.15314121996957,31.209274291992188,41232200
2022-10-28,31.293473475262175,32.023185599445654,31.237340400800722,31.985763549804688,36421300
2022-10-31,31.77994719120472,32.00447233581817,31.74252514418153,31.7893009185791,40083800
2022-11-01,32.05125020581223,32.13544803273806,31.733169922843867,31.87350082397461,38946100
2022-11-02,31.808017078595014,32.369333599535445,31.44316098310739,31.47122573852539,58039800
2022-11-03,31.078298592170995,31.396378841274807,30.94732500173343,31.153139114379883,40828100
2022-11-04,31.602203642780147,31.892219240243353,31.274769555937727,31.72382354736328,41825600
2022-11-07,31.95769138289675,32.06060021115343,31.75187372638339,32.04188919067383,30060300
2022-11-08,32.05125095151374,32.388042267052825,31.892212590710916,32.22900390625,34839600
2022-11-09,32.01382745918119,32.13544375060822,31.620903129631124,31.686389923095703,42126200
2022-11-10,32.64999508039836,33.33293148213564,32.56579724627934,33.286155700683594,67677700
2022-11-11,33.45454810881288,33.70714161350041,33.332931789668194,33.557456970214844,46076100
2022-11-14,33.46390077813351,33.49196552962941,33.052268958220886,33.0803337097168,38002700
2022-11-15,33.4358360455405,33.56680964427933,32.81838653094104,33.155174255371094,57802100
2022-11-16,33.136463037169,33.220660859973606,32.88387313751808,32.99613571166992,32852400
2022-11-17,32.612572177041784,32.83709734966027,32.519017047814685,32.818389892578125,35706900
2022-11-18,33.258090661677,33.304866447749056,32.81839399008325,33.08969497680664,39455400
2022-11-21,33.042915609777104,33.25808705740076,33.005493557469514,33.19260025024414,24630900
2022-11-22,33.37035030138043,33.56681429547468,33.37035030138043,33.52939224243164,29582300
2022-11-23,33.47325951458361,33.75392134659202,33.47325951458361,33.66972351074219,27916900
2022-11-25,33.70714974189384,33.82876965913026,33.64166291771214,33.7819938659668,11266500
2022-11-28,33.594882407251376,33.73521333580117,33.145828432161316,33.201961517333984,34196600
2022-11-29,33.16453973751725,33.47326278663575,33.127117680422955,33.39842224121094,31489600
2022-11-30,33.3516362159039,33.97843942037964,32.874514056328536,33.969085693359375,58607000
2022-12-01,34.1374884518179,34.1374884518179,33.510681547810805,33.77262878417969,58157600
2022-12-02,33.41712222939129,33.64164736025077,33.31421339076294,33.613582611083984,40483300
2022-12-05,33.36099135408919,33.417124424873265,32.603210957936916,32.78096389770508,53402000
2022-12-06,32.743548872335715,32.930655579644636,32.22900810380887,32.4909553527832,45102200
2022-12-07,32.35997772216797,32.72483379343163,32.28513362100457,32.35997772216797,37775900
2022-12-08,32.45354072126656,32.612582707927025,32.27579127148316,32.38805389404297,46600900
2022-12-09,32.26643740114671,32.53773844043572,32.25708010086105,32.303855895996094,40885600
2022-12-12,32.3225602322747,32.771614196326766,32.17287557759067,32.734195709228516,72570900
2022-12-13,33.585524108423954,33.585524108423954,32.603214879737436,32.818389892578125,55659000
2022-12-14,32.7341911298785,33.05227142267967,32.26642620333345,32.40675354003906,54685100
2022-12-15,31.90156342403507,32.03254058834175,31.564775707820637,31.77058982849121,70330100
2022-12-16,31.43380577724632,31.62091248626543,31.237345338719898,31.527360916137695,59619300
2022-12-19,31.442630767822266,31.76270558130816,31.244934860124303,31.442630767822266,37456800
2022-12-20,31.565004958444973,31.790941565860454,31.452038450307505,31.574420928955078,45446400
2022-12-21,31.875677248202624,32.15809540186106,31.856848892473174,32.06395721435547,31318100
2022-12-22,31.856845702975104,31.885086438170994,31.263765125872276,31.781532287597656,25605100
2022-12-23,31.76270919597944,32.007470626550806,31.60266997545311,31.96040153503418,17116200
2022-12-27,32.026298372742495,32.10160819950958,31.81919006463552,31.950984954833984,25601100
2022-12-28,32.00747001650178,32.09219581607347,31.800361708406218,31.8380184173584,24395100
2022-12-29,32.00746608212468,32.336953267101926,31.93215267347789,32.28047180175781,26624200
2022-12-30,32.04512034610887,32.261640992768164,31.93215024174172,32.195743560791016,24735700
2023-01-03,32.43109832623967,32.657031392876064,32.073366781067136,32.3087158203125,37396500
2023-01-04,32.63820472084799,33.06183373155014,32.54406653675486,32.82648468017578,44669300
2023-01-05,32.71352097984261,32.71352097984261,32.35578938519081,32.58172607421875,45585700
2023-01-06,32.79824009542822,33.410148993671655,32.57230345251247,33.30659484863281,41229700
2023-01-09,33.41956075032552,33.607840684048526,33.09948594033874,33.18421173095703,48726600
2023-01-10,33.1277249507456,33.40073066088969,33.014758432842854,33.37248992919922,34663700
2023-01-11,33.457214403473806,33.68314743041992,33.39131697135279,33.68314743041992,32014700
2023-01-12,33.79611518019918,33.94673838471509,33.53252187894099,33.74904251098633,56642400
2023-01-13,33.31600848944253,34.05029632219142,33.193625986937306,34.00322723388672,65920900
2023-01-17,33.91850142378849,33.93732977733047,33.673740010025305,33.77729415893555,65345200
2023-01-18,33.58901418423055,33.79612248186342,33.118316119531286,33.14655685424805,53693000
2023-01-19,32.741757430697476,32.93003738170242,32.53465271661928,32.76058578491211,61169500
2023-01-20,32.85472545631663,33.29717918308948,32.704102223366924,33.278350830078125,42330100
2023-01-23,33.30660530074541,33.805544238534935,33.20305112320971,33.66433334350586,44997300
2023-01-24,33.60783761848479,33.8337706454309,33.23127778538697,33.68314743041992,34333500
2023-01-25,33.39132294806468,33.95615920767072,33.381906975424485,33.946746826171875,38458700
2023-01-26,34.03147217325609,34.18209541323113,33.80553551772288,34.1256103515625,29944200
2023-01-27,34.078541262409296,34.32330268069074,34.03147217325609,34.1256103515625,30787400
2023-01-30,33.94674148960972,34.20091884381716,33.899668816091435,33.956153869628906,31595000
2023-01-31,34.0220465550823,34.4268470710884,33.86201097910515,34.41743469238281,30282100
2023-02-01,34.05970325218526,34.71868108692592,33.98438985797934,34.41743469238281,51418700
2023-02-02,34.60571959591098,34.65279227455844,34.23857568576438,34.51158142089844,42107300
2023-02-03,34.23857423998323,34.73751660167638,34.2291618593359,34.445682525634766,43155000
2023-02-06,34.2479917259404,34.44568404854393,34.1726783128679,34.43627166748047,32273600
2023-02-07,34.2197522258589,34.935215386371695,34.2197522258589,34.831661224365234,33000500
2023-02-08,34.57748077561096,34.92579635180721,34.53041168549925,34.624549865722656,34555500
2023-02-09,34.76575808788593,34.86931223295498,34.16326516145631,34.23857498168945,44329600
2023-02-10,34.069129305419,34.379791794500434,33.95616275990835,34.3515510559082,28108900
2023-02-13,34.33272372476301,34.7469367980957,34.30447939418584,34.7469367980957,32209000
2023-02-14,34.68103347252452,34.9069701231731,34.342130292122256,34.558650970458984,33525300
2023-02-15,34.285647198296516,34.615138016427714,34.23857810746104,34.596309661865234,28510000
2023-02-16,34.26682182346481,34.51158324612695,34.182096025016115,34.24799346923828,34379100
2023-02-17,34.07853656212643,34.30446959535651,33.9749824255873,34.25740051269531,35889800
2023-02-21,33.96557386198625,34.01264294993628,33.4007340331623,33.55135726928711,36425200
2023-02-22,33.55135528246744,33.683150157379465,33.334834617806116,33.51369857788086,31065200
2023-02-23,33.65490911802553,33.814944724349594,33.231280173136874,33.54194259643555,42357600
2023-02-24,33.250111779871325,33.673740766225954,33.19362671797693,33.570186614990234,48732600
2023-02-27,33.88085060648241,33.937332079799056,33.49487831053885,33.56077575683594,31664600
2023-02-28,33.607838671346265,33.79611859379358,33.523112885802014,33.62666702270508,32531400
2023-03-01,33.47604546443529,33.664321805086175,33.381903702968835,33.51369857788086,32790300
2023-03-02,33.31601150238487,33.39132492339638,32.95827993486331,33.353668212890625,38401900
2023-03-03,33.485459693208064,33.89026031200385,33.41956225211491,33.8808479309082,33091600
2023-03-06,33.899672162676104,34.11619642704135,33.805533988627765,33.909088134765625,30111100
2023-03-07,33.786712354392726,33.81495309399493,32.94887022886988,33.03359603881836,53804400
2023-03-08,32.995931080526006,33.174798629691125,32.74175371419213,32.91120529174805,50860300
2023-03-09,32.72292154249052,32.779406592129526,31.414381750548166,31.574420928955078,107108500
2023-03-10,31.207281857942835,31.743877342604705,30.62361369581079,31.000173568725586,166569400
2023-03-13,29.89874014844533,30.425921458105822,29.53159624652095,29.776357650756836,165965900
2023-03-14,30.915444456572793,30.924856836371287,30.002290992638923,30.378849029541016,128115500
2023-03-15,29.522182926342865,29.69163451539809,29.14562304152209,29.569252014160156,132235000
2023-03-16,29.37155994989741,30.4447509626258,29.08914003378899,30.13408851623535,133892600
2023-03-17,29.85167034126169,29.85167034126169,29.08913998074364,29.164451599121094,136760600
2023-03-20,29.394347335330384,29.744393466312548,29.347044633203094,29.488954544067383,75384500
2023-03-21,30.160657988509175,30.312030583551113,30.094433493199542,30.236343383789062,115899200
2023-03-22,30.23634528427576,30.321491584877723,29.517334886164946,29.5362548828125,67874100
2023-03-23,29.593022462460883,29.895764084872567,29.129449127582685,29.337583541870117,82366300
2023-03-24,28.978073635092635,29.347041529699652,28.751017440824903,29.31865882873535,76619100
2023-03-27,29.82007679136809,29.886301291517693,29.555176986287403,29.7254695892334,61393300
2023-03-28,29.687626437598365,29.820077244392035,29.536255633676156,29.71600914001465,42980100
2023-03-29,30.03767034397329,30.16065843644889,29.90522135138692,30.151199340820312,52147200
2023-03-30,30.36879793680159,30.38771974020785,29.91468728642885,30.084978103637695,45061700
2023-03-31,30.255269843255416,30.425562459981975,30.14174263509267,30.41610336303711,49034400
2023-04-03,30.387717845464376,30.595854060990458,30.293112443296934,30.472864151000977,51213500
2023-04-04,30.548550054048956,30.59585275311063,29.990369543606153,30.189043045043945,45939300
2023-04-05,29.961984947569338,30.236343832852842,29.95252404745857,30.151199340820312,57965300
2023-04-06,30.094435941786692,30.321492146100436,30.06605504404892,30.264728546142578,36762300
2023-04-10,30.151200100354114,30.340412693889323,30.084973797910447,30.33095359802246,27900700
2023-04-11,30.40663939382212,30.72830281105648,30.387717591753663,30.595853805541992,53912600
2023-04-12,30.74722021820257,30.90805009934881,30.453937741509524,30.529624938964844,63645800
2023-04-13,30.548550500972766,30.822911212094805,30.340414291298853,30.80398941040039,58550300
2023-04-14,31.125653216729738,31.362170327467915,30.955360608281076,31.106731414794922,65276200
2023-04-17,31.087803349547123,31.475691188650714,30.95535437165282,31.466228485107422,69670600
2023-04-18,31.53246161680548,31.627067013557202,31.29594451596163,31.560842514038086,49507500
2023-04-19,31.51353601394327,31.72166858348134,31.45677061736155,31.63652229309082,39478900
2023-04-20,31.428396314940162,31.627069831197232,31.41893360904323,31.54192352294922,39291800
2023-04-21,31.447321844744355,31.46624004085056,31.248644695976218,31.42840003967285,41545000
2023-04-24,31.409468492089584,31.52299567833972,31.277019506637057,31.352703094482422,32774200
2023-04-25,31.154031230280953,31.21079663082892,30.80398694931273,30.813446044921875,58534300
2023-04-26,30.728300689161905,30.898593287054027,30.387715493377662,30.520164489746094,54294200
2023-04-27,30.633697887532115,31.068888515001014,30.633697887532115,31.012123107910156,46398800
2023-04-28,30.860749463653285,31.409470854908236,30.794524965945197,31.381086349487305,54598700
2023-05-01,31.466237040037583,31.627070563324647,31.258104422030446,31.295948028564453,31950600
2023-05-02,31.172958646498692,31.182417743811964,30.302573726112172,30.586397171020508,76096700
2023-05-03,30.624231260158762,30.77560205071854,30.207962488360455,30.236343383789062,65642400
2023-05-04,29.97144723909333,30.132278939478553,29.574098438405265,29.84845733642578,76076600
2023-05-05,30.340417333295285,30.63369987551689,30.293114628798904,30.586397171020508,55019400
2023-05-08,30.756681895159204,30.86074999591378,30.59585200051269,30.633695602416992,34323600
2023-05-09,30.406637294139507,30.643154390215845,30.34041279595529,30.520164489746094,29736200
2023-05-10,30.71883864615822,30.78506313798899,30.084971012824123,30.349872589111328,39706100
2023-05-11,30.16065854247295,30.349874740871265,30.028209549420982,30.302568435668945,36693200
2023-05-12,30.501245883611613,30.501245883611613,29.98090719662275,30.179580688476562,36253000
2023-05-15,30.2363436978041,30.482323490621024,30.179580101875214,30.42555809020996,33208500
2023-05-16,30.36879904487719,30.453945358829614,30.122822809550797,30.14174461364746,31241400
2023-05-17,30.37825868748075,30.832371113103896,30.312034184304338,30.747224807739258,46818800
2023-05-18,30.69045601117837,31.012119394918507,30.576928819553718,30.974279403686523,42232500
2023-05-19,31.049967429113153,31.14457283414948,30.699923099720902,30.84183120727539,40132900
2023-05-22,30.945900421489775,31.01212492916924,30.709383291501688,30.898597717285156,35286200
2023-05-23,30.76614338165247,30.926973269929462,30.520163587980825,30.539085388183594,42217200
2023-05-24,30.312037241552314,30.34041814321475,30.075520103791696,30.14174461364746,46610700
2023-05-25,30.066053944107693,30.236344737751324,29.95252494386303,30.132278442382812,41658900
2023-05-26,30.19850424518003,30.453941348921028,30.151201545649336,30.378257751464844,44183000
2023-05-30,30.425560800364902,30.491785302261242,30.17012188920844,30.36879539489746,57900500
2023-05-31,30.1890404742998,30.217423174009262,29.7916917007781,30.047130584716797,67667900
2023-06-01,30.21742639376464,30.4350198967938,30.009290182682037,30.36879539489746,48643400
2023-06-02,30.662076008747093,31.144569293930896,30.662076008747093,31.031042098999023,65752900
2023-06-05,31.068884130919333,31.068884130919333,30.72829895436319,30.870210647583008,53591100
2023-06-06,30.841822461957758,31.30539747670296,30.822904273486714,31.258094787597656,46236100
2023-06-07,31.286480955322737,31.447314456159845,31.09726655802915,31.381086349487305,48467100
2023-06-08,31.277019506637057,31.400005788006297,31.10672692277976,31.352703094482422,36261200
2023-06-09,31.29594666902056,31.494620181245992,31.277024866575545,31.362171173095703,34021700
2023-06-12,31.390546692887195,31.475692984815844,31.116186017898862,31.352703094482422,33655200
2023-06-13,31.32432820386316,31.674372533787267,31.286484598205185,31.54192352294922,46054400
2023-06-14,31.61759778925782,31.778431261330887,31.314856251317256,31.41892433166504,57195400
2023-06-15,31.314868291026634,31.910892501923776,31.286487388734216,31.835208892822266,52241800
2023-06-16,31.977108789775972,32.00549329373401,31.73113261224664,31.76897621154785,49861100
2023-06-20,31.559905105953245,31.616925211327974,31.341333473086653,31.531396865844727,50683100
2023-06-21,31.455368099029197,31.645431479946442,31.360338221149306,31.49338150024414,35967600
2023-06-22,31.436372707771163,31.445874247818686,31.14177421408098,31.246309280395508,38690000
2023-06-23,31.00872522200021,31.21779169117218,30.904190174835378,31.11326026916504,35529600
2023-06-26,31.06574246578859,31.30332080603672,30.961211041211946,31.046735763549805,25728300
2023-06-27,31.103756029288448,31.360341073087188,31.08474932695249,31.293819427490234,34348100
2023-06-28,31.25580400585658,31.26530916899008,31.075245783053237,31.217790603637695,36663200
2023-06-29,31.379346826214665,31.759469985961914,31.341333422692635,31.759469985961914,47471000
2023-06-30,31.9685468542823,32.168111827324076,31.911530362075197,32.03506851196289,44762300
2023-07-03,32.03506010322534,32.31065182708237,31.987545163805247,32.21562194824219,19128000
2023-07-05,32.025567111134514,32.234633625401905,31.930533581777997,32.14910888671875,39831600
2023-07-06,31.883009991151166,31.91152185481222,31.597916730643025,31.87350845336914,45808400
2023-07-07,31.74047558093087,32.187120506287265,31.74047558093087,31.92103385925293,33488700
2023-07-10,31.930528823356994,32.24413398576103,31.90202058137769,32.063575744628906,27254400
2023-07-11,32.17761229121312,32.48171228907941,32.11109064325225,32.44369888305664,33744600
2023-07-12,32.709783662112834,32.88084035457734,32.56723883516423,32.652767181396484,46546000
2023-07-13,32.70028209723471,32.81431868373281,32.64326199140681,32.76680374145508,40453700
2023-07-14,33.00437914818673,33.01388431089313,32.50071427946949,32.5482292175293,47552700
2023-07-17,32.510224498249045,32.956873010626374,32.510224498249045,32.86184310913086,38568900
2023-07-18,32.93786156944097,33.26096826329068,32.890346625524984,33.232460021972656,47160800
2023-07-19,33.23245898738698,33.5080471035833,33.222953823804986,33.375003814697266,45599800
2023-07-20,33.317985605281365,33.631587109220376,33.3084804421925,33.62208557128906,45591500
2023-07-21,33.67910954803852,33.69811625329064,33.42252446487234,33.508052825927734,30615700
2023-07-24,33.52705766751285,33.9356927448229,33.517556127994126,33.83115768432617,32299800
2023-07-25,33.73612491456836,33.812151724874134,33.58407491911465,33.61258316040039,36218600
2023-07-26,33.57457451008626,33.91668429249967,33.527055939467374,33.81215286254883,35638700
2023-07-27,33.81215951325729,33.89768425681453,33.33700271487083,33.384517669677734,44072800
2023-07-28,33.65059566517739,33.66009720363246,33.27046887413509,33.45103073120117,32422700
2023-07-31,33.51755340888465,33.679104943704175,33.432025059522005,33.5745735168457,28627000
2023-08-01,33.50804824497888,33.6030817582473,33.39401165421464,33.5745735168457,26480300
2023-08-02,33.28947448730469,33.41301623412605,33.09941472315814,33.28947448730469,48923800
2023-08-03,33.08991527185199,33.384513757385065,32.994885373374615,33.30848693847656,31861600
2023-08-04,33.2799729726952,33.6030796471935,33.14692968763548,33.175437927246094,36195700
2023-08-07,33.38451295256774,33.69811451010954,33.375007787854194,33.64109802246094,33119300
2023-08-08,33.20395105603176,33.36550622964821,32.94736598628199,33.336997985839844,37254800
2023-08-09,33.31799306741429,33.41302296864119,33.05190281869395,33.08991622924805,38304200
2023-08-10,33.26096810343752,33.5080479857079,33.032891298515935,33.1184196472168,38097500
2023-08-11,33.01389106584913,33.241964265265096,32.93786424927171,33.18494415283203,27518700
2023-08-14,33.08991140603579,33.18494129341105,32.96636965232168,33.1184196472168,23773800
2023-08-15,32.842831429145434,32.88084120889133,32.47220616907089,32.51021957397461,57472100
2023-08-16,32.45320598003861,32.70978742307934,32.42469411124442,32.46270751953125,33566500
2023-08-17,32.567237844638704,32.61475278550975,32.20611776873506,32.301151275634766,38205400
2023-08-18,32.07307721798323,32.386682379745984,32.04456897606223,32.291648864746094,40860000
2023-08-21,32.33916758208938,32.40568923777022,31.997054138497475,32.253639221191406,32308300
2023-08-22,32.26313860467024,32.30115200829234,31.90201852057563,31.949533462524414,43133000
2023-08-23,32.00655657129077,32.27264317129833,31.959041624883426,32.26314163208008,30240500
2023-08-24,32.21563054468908,32.60525895215461,32.14910888671875,32.14910888671875,35784900
2023-08-25,32.28214457425482,32.424689396867954,32.03506108147321,32.301151275634766,40347200
2023-08-28,32.40568933490938,32.59575276249222,32.377181089577384,32.48171615600586,34905300
2023-08-29,32.45320705095441,32.785815321544455,32.40568847644875,32.77631378173828,43394300
2023-08-30,32.82382665675157,32.98537819935497,32.72879313890425,32.79531478881836,33799900
2023-08-31,32.890347465593564,32.89984900455631,32.63376241170425,32.671775817871094,27999700
2023-09-01,32.87134734900029,33.070912333626524,32.84283910124187,32.96637725830078,41075700
2023-09-05,32.928356970071,33.0614002507327,32.62425700708497,32.633758544921875,38612300
2023-09-06,32.54823588589787,32.68127918978573,32.377179173711156,32.6147575378418,35672800
2023-09-07,32.48170564582309,32.67176901190667,32.434190710591494,32.52922058105469,47632600
2023-09-08,32.55773549532182,32.66227054936761,32.43419736341128,32.59574890136719,39720800
2023-09-11,32.747802734375,32.91885945644786,32.66227437333857,32.747802734375,28965100
2023-09-12,32.73830402591613,33.20395565671068,32.70029061213246,32.96637725830078,48615200
2023-09-13,33.11842728827677,33.156440702060436,32.84283910124187,32.96637725830078,31994900
2023-09-14,33.194446480605194,33.31798823440625,33.032891321764154,33.270469665527344,65685500
2023-09-15,33.051900068319114,33.29898359120165,33.03289336462368,33.09941864013672,51800200
2023-09-18,33.05646360488431,33.237828967144324,32.95146126412639,33.190101623535156,32458700
2023-09-19,33.218739332013435,33.28555834542335,32.94191562425056,33.151920318603516,36112900
2023-09-20,33.26646776535272,33.37147011595962,32.91328101988128,32.922828674316406,31618000
2023-09-21,32.80827266674328,32.80827266674328,32.378719329833984,32.378719329833984,48103300
2023-09-22,32.42644660741495,32.455082279484486,32.130531311035156,32.130531311035156,41688300
2023-09-25,32.06372348672769,32.2259972068096,31.95872113073895,32.2069091796875,40141700
2023-09-26,31.968268234290964,32.11145028341781,31.720080189623037,31.777355194091797,46165400
2023-09-27,31.863259897847154,31.863259897847154,31.45279821295952,31.72962188720703,49360900
2023-09-28,31.758256522106457,32.073259873806734,31.748708869452244,31.95871353149414,63638100
2023-09-29,32.11144679203743,32.15917413655713,31.58643871959479,31.66280174255371,52860500
2023-10-02,31.557798481496178,31.63416149342172,31.223699835404904,31.39552116394043,49350600
2023-10-03,31.242795456338527,31.328706131488833,30.775062390469127,30.899152755737305,52921800
2023-10-04,30.9086976331224,31.14733797139866,30.746420309586004,31.128246307373047,40136000
2023-10-05,31.042340157663908,31.32870787699922,30.975521144531108,31.271432876586914,41407800
2023-10-06,31.1377900744861,31.720073077931247,31.032787743850083,31.538707733154297,54057800
2023-10-09,31.252337167234366,31.624615474975716,31.22369785338811,31.557796478271484,61396600
2023-10-10,31.653255831420648,31.987350864380257,31.64371181963441,31.786893844604492,44743400
2023-10-11,31.882348592410622,32.00643893852382,31.59597729187285,31.834617614746094,35746400
2023-10-12,31.930085936225503,31.930085936225503,31.4146218033358,31.634170532226562,41991200
2023-10-13,31.834621060139753,32.13053640341931,31.52916170511177,31.70098304748535,53213800
2023-10-16,31.9396292436748,32.187817290924876,31.872810225114414,32.03508758544922,45589300
2023-10-17,31.89190122858671,32.39781768467184,31.88235721528995,32.18781661987305,41925200
2023-10-18,32.02554063874723,32.05417996259454,31.567351512188655,31.634170532226562,46942100
2023-10-19,31.576889510247067,31.748707193967284,31.195063534205225,31.214155197143555,66656200
2023-10-20,31.20461048266038,31.261885476867356,30.708238123621403,30.73687744140625,59921300
2023-10-23,30.670057282789912,30.889605956954256,30.517325791326357,30.545963287353516,55913700
2023-10-24,30.689152896587462,30.899153945089182,30.59369456421118,30.755971908569336,35825000
2023-10-25,30.641420364379883,30.851425043653492,30.555509690255484,30.641420364379883,59240100
2023-10-26,30.565056208006414,30.880059573849575,30.517327045998837,30.574600219726562,56046100
2023-10-27,30.53642017642975,30.574601687187005,29.935047271721704,30.020957946777344,73057300
2023-10-30,30.230962245352885,30.631878141118598,30.1545973995252,30.555511474609375,48978100
2023-10-31,30.6127828049614,30.899150487318156,30.55550781194499,30.889606475830078,41050100
2023-11-01,30.9468774350488,31.214157091040043,30.88005843139164,31.090063095092773,51764100
2023-11-02,31.37643015551115,31.844166813256614,31.319158805712235,31.825075149536133,47417000
2023-11-03,32.13054030820638,32.39781636599693,32.120996295298085,32.245086669921875,58801300
2023-11-06,32.330993037509785,32.37872037840921,31.977806345218774,32.149627685546875,40599700
2023-11-07,32.05417847370993,32.178268852951604,31.996903470039165,32.101905822753906,27442000
2023-11-08,32.09235215818495,32.16871881544476,31.939622485027954,32.140079498291016,30165800
2023-11-09,32.245079533874176,32.292810511942044,31.949167861482746,32.006439208984375,34336600
2023-11-10,32.15917029682721,32.39781063229558,31.968260941542546,32.36917495727539,35146100
2023-11-13,32.25463408053954,32.407363775460865,32.20690673363222,32.32145309448242,28327300
2023-11-14,32.67464099476195,33.113738428126425,32.64600531387048,32.932373046875,54296300
2023-11-15,32.989637232166174,33.20918587685473,32.980089580757664,33.11372756958008,35000200
2023-11-16,33.209184537516805,33.28554753889469,33.10418222443052,33.24736785888672,33222500
2023-11-17,33.37146592572918,33.428740921058555,33.28555525341652,33.419193267822266,31336100
2023-11-20,33.37146456665366,33.62919657309534,33.304645562172034,33.552833557128906,37285400
2023-11-21,33.50510168089951,33.6196516638342,33.47646600584711,33.53374099731445,27285700
2023-11-22,33.61011009947605,33.73420411611945,33.552838738996954,33.66738510131836,32719200
2023-11-24,33.667378500082826,33.82965217810721,33.65783084763287,33.77238082885742,13168500
2023-11-27,33.648292901254834,33.71511191499792,33.58147388751175,33.6578369140625,35017000
2023-11-28,33.61964923912223,33.76283124542022,33.56237425178567,33.648284912109375,39329300
2023-11-29,33.74374289662843,34.08738557166915,33.74374289662843,33.88692855834961,36651300
2023-11-30,33.96330128020864,34.268760681152344,33.85829892837863,34.268760681152344,37334500
2023-12-01,34.21147828238625,34.56466495562257,34.15420329157934,34.52648162841797,51267600
2023-12-04,34.32603060466234,34.621945980023675,34.2878472708035,34.48830795288086,41366600
2023-12-05,34.38330154963482,34.39284556129217,34.1637528678889,34.31648254394531,39510900
2023-12-06,34.507399148381474,34.631489519682724,34.09693741841435,34.1446647644043,35616100
2023-12-07,34.23057514673796,34.32602983788967,34.1446644681562,34.30693817138672,26050900
2023-12-08,34.26875924523722,34.54557931230599,34.230575911378374,34.48830795288086,33213100
2023-12-11,34.49785000801463,34.765126047133144,34.49785000801463,34.698307037353516,31165700
2023-12-12,34.784213920139884,34.95603525265595,34.64103190395152,34.94649124145508,37245700
2023-12-13,34.956030635021996,35.54786120944752,34.88921164135493,35.50967788696289,56989000
2023-12-14,35.796054067775096,35.996511096627536,35.67196006075852,35.86287307739258,66865700
2023-12-15,35.566951887498035,35.738773210158215,35.500132888837115,35.652862548828125,69246200
2023-12-18,35.829374957548524,35.89652476786267,35.73344770263981,35.771820068359375,43434000
2023-12-19,35.752635098347554,36.050015453677055,35.65670418079433,36.04042053222656,32509000
2023-12-20,35.94449083379594,36.030826824037334,35.39769744873047,35.39769744873047,52985700
2023-12-21,35.551183671896474,35.752633098404,35.41688039483466,35.743038177490234,27522200
2023-12-22,35.848559700518784,35.963676793053715,35.68548264184605,35.81978225708008,30331400
2023-12-26,35.848563163678136,36.030830081438026,35.79100827124062,35.963680267333984,17837600
2023-12-27,35.886938192457116,36.07879638671875,35.82937963636142,36.07879638671875,32640800
2023-12-28,36.02123779672481,36.26105962447849,36.011646533746564,36.18431854248047,25308000
2023-12-29,36.17471696399932,36.23227550945014,35.963676282793024,36.06919479370117,30218300
2024-01-02,35.97326989176301,36.24186913594996,35.90612008071627,36.22268295288086,31351900
2024-01-03,36.05960881894346,36.11716737283254,35.85815936941748,35.915714263916016,46909000
2024-01-04,36.040422275034224,36.34739390726811,35.9924586436334,36.059608459472656,36904200
2024-01-05,36.059603195546494,36.40494714624446,36.04041701390883,36.21308898925781,44852300
2024-01-08,36.222681958484834,36.4625037511796,36.03082745184115,36.443321228027344,39098300
2024-01-09,36.25146135253314,36.26105261365698,36.097975558821815,36.21308898925781,36338100
2024-01-10,36.155531861959254,36.29942640018866,36.0404184270098,36.27064895629883,37095500
2024-01-11,36.222680898888164,36.27064818353608,35.84855949873067,36.13634490966797,49043500
2024-01-12,36.30901657732788,36.44331985004645,35.92530391915915,36.06919479370117,41333900
2024-01-16,35.76222371081261,35.88693206469709,35.61833283422904,35.81978225708008,44042100
2024-01-17,35.5128179343703,35.896530676555834,35.4936317483524,35.75263977050781,38715900
2024-01-18,35.70466612962451,35.84855699534994,35.44565818005101,35.81018829345703,42064900
2024-01-19,35.94449382632988,36.43372870550197,35.829376723497305,36.385765075683594,59417700
2024-01-22,36.53925878885194,36.74070827328957,36.47210896070606,36.55844497680664,51828800
2024-01-23,36.53925242070284,36.64477460636747,36.46250768225927,36.61599349975586,46255500
2024-01-24,36.76947880152646,36.96133330706951,36.731106436661804,36.759883880615234,43975500
2024-01-25,36.90378521812068,36.98052630259824,36.711927017840566,36.94215393066406,50693800
2024-01-26,36.884592183245424,37.14360015662111,36.8462198184364,37.07645034790039,38620200
2024-01-29,36.96133418764558,37.201155984678095,36.86540693258867,37.17237854003906,44175600
2024-01-30,37.21075317365825,37.68080187523096,37.19156698959951,37.642433166503906,43229300
2024-01-31,37.56568501648865,37.843879170973906,37.16278616603975,37.181968688964844,65780900
2024-02-01,37.11482409781901,37.26830991852614,36.692739005722046,37.239532470703125,63445600
2024-02-02,37.11481505994317,37.5656811494628,37.095628879603005,37.393009185791016,61778400
2024-02-05,37.18196980178867,37.297086899125226,37.00930147456426,37.17237854003906,37351300
2024-02-06,37.124414262725494,37.30667750789959,37.07645063603654,37.249122619628906,41055700
2024-02-07,37.45057216136396,37.575276859256846,37.19156418518694,37.527313232421875,39018700
2024-02-08,37.35464174756472,37.498536289383,37.14360105479218,37.3834228515625,47331500
2024-02-09,37.33545934353871,37.50813134744125,37.23953207887756,37.488948822021484,50680400
2024-02-12,37.488945136816994,37.82469418951711,37.40260914335265,37.66161346435547,39952700
2024-02-13,37.37383005392811,37.46976097372094,36.85581406521809,37.153194427490234,62948300
2024-02-14,37.373833294605674,37.536914042698974,37.229942391525306,37.50813293457031,58722500
2024-02-15,37.62324873967506,38.22759709849522,37.61365381750233,38.150856018066406,58107900
2024-02-16,38.11247922568807,38.189223956602234,37.93980724052138,38.01655197143555,37900000
2024-02-20,37.74796048695532,38.04534092008512,37.71918303385579,37.911041259765625,39952200
2024-02-21,37.86306506102606,38.02614212036133,37.72876544524641,38.02614212036133,40242400
2024-02-22,38.23718418774492,38.60171430843159,38.170034383853945,38.467411041259766,55188200
2024-02-23,38.611307614826885,38.822351957887896,38.582530171460405,38.659271240234375,42190500
2024-02-26,38.62089683006628,38.87990478481287,38.40026123736878,38.467411041259766,38370000
2024-02-27,38.505791009261095,38.58253574851848,38.31393282050823,38.572940826416016,42599500
2024-02-28,38.49620318070841,38.85113848296033,38.486608257750014,38.71683883666992,40040800
2024-02-29,38.812764364010235,38.89910036979772,38.53457016098491,38.69765090942383,37629700
2024-03-01,38.688061093464206,38.774393443090325,38.52498033892505,38.649688720703125,40794900
2024-03-04,38.58253221653984,38.85113146057101,38.57293729531573,38.745609283447266,53413200
2024-03-05,38.61131630845339,38.975846530529104,38.61131630845339,38.755210876464844,50770200
2024-03-06,38.8127628524957,39.07177085977142,38.640090847645226,38.95665740966797,58459500
2024-03-07,39.100543053389,39.17728778273928,38.75520274948308,38.89909362792969,35505100
2024-03-08,38.95665629610537,39.16770066475458,38.91828392737089,38.96624755859375,47266600
2024-03-11,38.822356963677805,39.07177004359033,38.75520714757095,39.03339767456055,36233100
2024-03-12,39.11973886382196,39.311597075027414,38.985439213795445,39.19648361206055,53199300
2024-03-13,39.27321620646393,39.49385182084185,39.244438761794264,39.48426055908203,43471400
2024-03-14,39.49385588606017,39.57060062559911,38.95665734684989,39.167701721191406,65563400
2024-03-15,38.947058956221575,39.311589117786596,38.870317882907514,39.12932586669922,67568000
2024-03-18,39.26701860323671,39.40182387058159,39.07444174884005,39.35367965698242,39140600
2024-03-19,39.38256977018231,39.56551925412966,39.36331134979289,39.546260833740234,36748300
2024-03-20,39.49811911586136,40.04697127556216,39.43071647682219,40.01808547973633,52255300
2024-03-21,40.11436925450452,40.44175503744867,40.066225042664946,40.34546661376953,49209200
2024-03-22,40.39361690018309,40.48027796379396,39.85439209625227,39.883277893066406,32033000
2024-03-25,39.85438779453318,39.921790428603316,39.729209899902344,39.729209899902344,31784000
2024-03-26,39.8736524909916,39.98919935713249,39.73884720163245,39.8640251159668,30135500
2024-03-27,40.056596727725925,40.345469364796465,39.95068092372398,40.335838317871094,36670300
2024-03-28,40.383978472080734,40.65359266135696,40.31657584305363,40.55730056762695,41490200
2024-04-01,40.59582148733368,40.63433832869884,40.258808308308936,40.335838317871094,37537700
2024-04-02,40.210657785428666,40.26843304369099,40.05659410323039,40.12399673461914,36359800
2024-04-03,40.13362975148503,40.40324029027798,39.99882448208856,40.10474395751953,39715900
2024-04-04,40.44175657636944,40.51879025677843,39.60403550434599,39.65217971801758,52657500
2024-04-05,39.806243638219904,40.13362943553462,39.67143836988468,40.0277099609375,47540300
2024-04-08,40.03734347374251,40.26843718421774,40.01808505234152,40.20103454589844,35165700
2024-04-09,40.220284493755045,40.32620395256138,39.65217403820361,39.96992874145508,51953600
2024-04-10,39.58477518658057,39.7388388668448,39.24775836069965,39.3729362487793,59492800
2024-04-11,39.35368359619642,39.41145886219942,38.85297564367568,39.09370040893555,56870800
2024-04-12,38.8337174476298,38.99740851035506,38.42929796784538,38.573734283447266,81234800
2024-04-15,39.074445416425526,39.22850911830433,38.26561006326972,38.38115692138672,71800600
2024-04-16,38.41003899784683,38.49670005133409,38.0633947838978,38.12117004394531,66751300
2024-04-17,38.29449431674438,38.467816433521484,38.06339693665215,38.21746063232422,41561900
2024-04-18,38.39078520519717,38.6892852416698,38.265610969758605,38.352272033691406,48893400
2024-04-19,38.56410420732638,38.958892650317345,38.487074197389894,38.88186264038086,55513600
2024-04-22,39.09369649574528,39.57514597807302,38.93000543487451,39.35367965698242,50701200
2024-04-23,39.53662798368825,39.70031902457241,39.430708522801986,39.60403060913086,36488600
2024-04-24,39.49811769652475,39.652181390673576,39.3921982180784,39.59440612792969,33957500
2024-04-25,39.401824935597624,39.50774441227958,39.02629491693845,39.363311767578125,50365700
2024-04-26,39.29591461713084,39.52700835017721,39.209253548946286,39.3055419921875,35796900
2024-04-29,39.29590484081851,39.46922693406732,39.103324329078966,39.24775695800781,36596100
2024-04-30,39.16110240174216,39.247763462729324,38.862606048583984,38.862606048583984,34481600
2024-05-01,38.833720252644376,39.334424523716486,38.7855723618539,38.862606048583984,54717600
2024-05-02,39.132214936847916,39.18999019943141,38.679651229531025,38.958892822265625,37085100
2024-05-03,39.18998378157292,39.27664482467222,38.85296698144561,39.04554748535156,45012600
2024-05-06,39.34405292940346,39.546260833740234,39.25739187423512,39.546260833740234,42335600
2024-05-07,39.642551577382186,39.758102106466104,39.57514893866739,39.681068420410156,42601200
2024-05-08,39.64254734003818,39.892903119791455,39.536631542784946,39.82550048828125,28390900
2024-05-09,39.72920831941307,40.12399673461914,39.71958094628664,40.12399673461914,31594800
2024-05-10,40.26843368133635,40.355094733518136,40.22028946860601,40.2780647277832,34306800
2024-05-13,40.39361768665029,40.46102032930792,40.114376068115234,40.114376068115234,29570100
2024-05-14,40.26844131890981,40.345475012423435,40.11437760505123,40.316585540771484,30638300
2024-05-15,40.41287007463394,40.65359481194166,40.40323902816756,40.61507797241211,36138300
2024-05-16,40.65359481194166,40.80765849689188,40.595819552647335,40.61507797241211,36032700
2024-05-17,40.682488255374444,40.9135856628418,40.634344033492944,40.9135856628418,29813200
2024-05-20,40.826920871385674,40.8846924631081,40.33584030273497,40.355098724365234,35719600
2024-05-21,40.43212849439872,40.65359481194166,40.41287007463394,40.61507797241211,33413400
2024-05-22,40.52841993445518,40.701742052061434,40.297322553257416,40.38398361206055,38661100
2024-05-23,40.34546679407536,40.38397995981838,39.67143680580536,39.82550048828125,51768500
2024-05-24,39.90252842423024,40.0758505171759,39.90252842423024,40.06622314453125,23477300
2024-05-28,39.97957027643584,39.97957027643584,39.4788623136291,39.62329864501953,31004900
2024-05-29,39.3055419921875,39.430719906936,39.18999512566431,39.3055419921875,40620200
2024-05-30,39.34405762969931,39.60404082626363,39.24776551624852,39.51737976074219,32769300
2024-05-31,39.59440771724697,40.13363250499641,39.478860860289366,40.095115661621094,38664000
2024-06-03,40.08547796473377,40.13362216997087,39.49810911060588,39.84475326538086,37855000
2024-06-04,39.63292221967487,39.96030802269111,39.47885852844182,39.661808013916016,27586400
2024-06-05,39.786990198214745,39.82550704346548,39.488490157274335,39.77736282348633,23817300
2024-06-06,39.844755831873435,39.9603026665186,39.60403111701489,39.758094787597656,39040200
2024-06-07,39.767733161352126,40.162521656007804,39.690703141334964,39.94105529785156,42273300
2024-06-10,39.76772888346271,39.835131521165344,39.52700412790523,39.7869873046875,31615200
2024-06-11,39.59440239859606,39.61366081769677,39.14184240581692,39.33441925048828,54584900
2024-06-12,39.73884640188901,39.78699062238143,39.23813842779702,39.29591369628906,46399800
2024-06-13,39.29590683028453,39.30553420343344,38.997406838317445,39.26701736450195,39497900
2024-06-14,38.9974093842863,39.218875712848984,38.87223148617064,39.141845703125,29083000
2024-06-17,39.045550803547115,39.498114475211025,38.97814817242711,39.48848342895508,36076900
2024-06-18,39.440341999361465,39.73884201049805,39.40182515795645,39.73884201049805,38900300
2024-06-20,39.65218356297259,40.05659940483062,39.613666719033226,39.95068359375,42869100
2024-06-21,39.85438336686311,39.89290020295785,39.565514442487924,39.79661178588867,42530600
2024-06-24,39.96385798688561,40.45687928393626,39.86718830125595,40.205535888671875,45252000
2024-06-25,40.12819265879845,40.25386618609588,39.789845109588086,39.90584945678711,32845400
2024-06-26,39.72218001541134,39.741514690045776,39.46116743941463,39.654510498046875,37978500
2024-06-27,39.53850495365658,39.654509310276396,39.36449657487084,39.60617446899414,25466100
2024-06-28,39.69317745876253,39.99285567828272,39.57716941793674,39.741512298583984,44045100
2024-07-01,39.90584527855546,40.16685779820844,39.66416742936322,39.82851028442383,36131100
2024-07-02,39.751174130320464,40.29253387451172,39.731839458630255,40.29253387451172,27033100
2024-07-03,40.33120153173592,40.36986718578826,40.14752400221383,40.1668586730957,21113200
2024-07-05,40.25386571851287,40.25386571851287,39.92518366550715,40.157196044921875,21421100
2024-07-08,40.21520055838913,40.45687845522491,40.00252651681783,40.05086135864258,27779300
2024-07-09,40.08952855415263,40.621219161094146,40.04119002721189,40.360206604003906,33140000
2024-07-10,40.166864384100585,40.5245466269927,40.14752971046967,40.5148811340332,28445400
2024-07-11,40.5535531968074,40.901569970043624,40.427879653647175,40.833900451660156,45836600
2024-07-12,40.78556071872515,41.14324666274088,40.679225541335896,40.96923828125,39041200
2024-07-15,41.11423651300923,41.607261414324924,41.085236349771186,41.5685920715332,46561200
2024-07-16,41.59759203989369,42.061613088085984,41.52025704238405,42.04228210449219,52243100
2024-07-17,41.993949986718334,42.43864011913491,41.926280470685555,42.36130142211914,54773300
2024-07-18,42.21629336673648,42.641648826487696,41.752272246045024,41.84894561767578,58731300
2024-07-19,41.829612413464325,41.91661660713377,41.37525677011144,41.42359161376953,47220000
2024-07-22,41.52025867003662,41.73293268730886,41.32691563711597,41.65559768676758,29071100
2024-07-23,41.76194071398088,41.945614585375004,41.66526734400081,41.73293685913086,23800400
2024-07-24,41.60726885596533,41.69427304895203,41.16258239746094,41.16258239746094,47786900
2024-07-25,41.23991441898476,41.92627873182913,41.230248926114676,41.31725311279297,44862000
2024-07-26,41.539598783548676,42.09062410254111,41.520264108952716,41.96495056152344,32636300
2024-07-29,42.061621804382916,42.09062566120696,41.69427403659271,41.90694808959961,35195700
2024-07-30,42.16795753278037,42.53530896091123,42.148622858909064,42.39030075073242,31418700
2024-07-31,42.486970777867015,42.641644468958134,42.25495839737449,42.28396224975586,38694800
2024-08-01,42.43863834358625,42.49663867620941,41.500926963918296,41.684600830078125,47060900
2024-08-02,41.21091064464372,41.35591515127113,40.4085383613348,40.65988540649414,78599800
2024-08-05,39.770511990761044,39.85751617648711,39.306490896126,39.480499267578125,107913600
2024-08-06,39.65450916099306,40.592220566729196,39.548170297945205,40.1185302734375,57668900
2024-08-07,40.56321020689558,40.94989624911024,40.10885834816148,40.1668586730957,43912600
2024-08-08,40.42787764732347,40.86289859227986,40.369873625425285,40.8145637512207,41260500
2024-08-09,40.80489741008534,41.094910164334905,40.64055820150508,40.98857498168945,23838800
2024-08-12,41.06591073924023,41.17224961152454,40.688893783113926,40.77589797973633,20509300
2024-08-13,41.01757287023996,41.14324640892187,40.71789095114067,41.11424255371094,24922000
2024-08-14,41.21091483023542,41.69427061017532,41.18191097579491,41.6169319152832,30673000
2024-08-15,42.013285641201534,42.23562886874139,41.86828111248188,42.00362014770508,33329000
2024-08-16,41.95527936623426,42.31296157836914,41.95527936623426,42.31296157836914,25338900
2024-08-19,42.32262826372752,42.55464064617703,42.32262826372752,42.54497146606445,24458600
2024-08-20,42.49664164389431,42.53531099348475,42.32263325844944,42.409637451171875,19620400
2024-08-21,42.477307574159184,42.52564610569186,42.119625304632976,42.34196853637695,19914100
2024-08-22,42.39030181110589,42.58364486694336,42.35163615010805,42.58364486694336,24738700
2024-08-23,42.70931091405908,43.05732761597283,42.62230673858064,42.95098876953125,32762500
2024-08-26,43.096003409300366,43.31834662709381,42.98966454694003,43.086334228515625,23716300
2024-08-27,43.173342446116145,43.328016163699004,43.09600743118087,43.30868148803711,21583500
2024-08-28,43.19267295721103,43.65669406521946,43.15400360961567,43.415016174316406,24726200
2024-08-29,43.56002650407241,43.94670893571052,43.26034457719037,43.80170440673828,33726600
2024-08-30,43.927375526052394,44.2560576306523,43.72436696701746,44.21739196777344,28967700
2024-09-03,43.98537588798839,44.35272731257928,43.68569397743899,43.88870620727539,39893900
2024-09-04,43.966034769353996,44.24638196512252,43.71469142371727,43.937034606933594,32006100
2024-09-05,44.12071541547656,44.140050089380395,43.260342709171645,43.45368576049805,39523500
2024-09-06,43.45368809154134,43.695365996735994,42.71898519463077,42.81565856933594,51331300
2024-09-09,43.22167336136397,43.695363652728055,43.16367302736443,43.45368576049805,41010900
2024-09-10,43.59869369100189,43.637363041832074,42.51597768174277,43.009002685546875,59115000
2024-09-11,42.844657660677406,42.87365782850374,41.935950087568905,42.80598831176758,59397500
2024-09-12,42.88332569601038,43.03799939919974,42.53530894190632,42.90266036987305,37732700
2024-09-13,43.0283317565918,43.20234013986429,42.93166207153468,43.0283317565918,32912300
2024-09-16,43.21201424202763,43.59869671400401,43.21201424202763,43.58903121948242,37063700
2024-09-17,43.685698377750214,43.966045642853054,43.63736353252511,43.821041107177734,27893300
2024-09-18,43.84036552767321,44.16904758876355,43.58902215752731,43.685691833496094,41783900
2024-09-19,44.130382650934926,44.285056347635354,43.830700750203945,44.16904830932617,46457700
2024-09-20,44.07237565875601,44.140045166015625,43.83069779348266,44.140045166015625,48699200
2024-09-23,44.135199020178646,44.30983477830313,44.00906969939611,44.08668518066406,31615300
2024-09-24,43.95086011908509,43.95086011908509,43.562775268131816,43.71800994873047,40341400
2024-09-25,43.7374110494976,43.79562173662258,43.32021718669863,43.45604705810547,32546900
2024-09-26,43.582175232716814,43.76651895563655,43.43664480529698,43.67919921875,31445200
2024-09-27,43.77621551074521,44.08668483555936,43.708300577260005,43.80532455444336,23226100
2024-09-30,43.69860846314536,43.98967304869317,43.504564172417815,43.97026824951172,23593400
2024-10-01,43.85384040040806,43.96056493865763,43.44634704537214,43.7374153137207,32703000
2024-10-02,43.71800425685134,43.88293946428818,43.494854663861716,43.785919189453125,37709400
2024-10-03,43.62098118767564,43.708300917276794,43.33961720328455,43.55306625366211,23545700
2024-10-04,43.97996266104309,44.32923786491314,43.80532320856498,44.29043197631836,40432000
2024-10-07,44.29043933136846,44.309840428344586,43.56277605889967,43.74711608886719,26599300
2024-10-08,43.91204702805032,44.10609128862345,43.83443154447292,43.999366760253906,28763000
2024-10-09,43.999367031735986,44.494180084304865,43.91204729899362,44.4068603515625,28334300
2024-10-10,44.45537426947189,44.494183865341235,44.08669051088666,44.271034240722656,34127400
2024-10-11,44.55239215483702,45.212140444681,44.52328681004838,45.124820709228516,52850300
2024-10-14,45.20243653490886,45.45469147351793,45.076307215061185,45.40618133544922,35850800
2024-10-15,45.71664968888687,45.97860887019466,45.44498996060599,45.503204345703125,42356800
2024-10-16,45.67784839114241,46.08533802452188,45.59052865526301,46.06593322753906,44973700
2024-10-17,46.25997349625651,46.38610281519536,46.16295322081818,46.19205856323242,45823400
2024-10-18,46.1920587912217,46.29878331538238,45.93980015209894,46.201759338378906,34279600
2024-10-21,46.12414866562235,46.23087320090749,45.74576436858354,45.83308410644531,26207400
2024-10-22,45.60022014402808,45.82336971336855,45.38677112070856,45.74575424194336,30018700
2024-10-23,45.69725070676096,45.813679491765534,45.48380533642596,45.70695495605469,20697200
2024-10-24,45.716645201708786,45.80396492024079,45.4643902932196,45.74575424194336,19617500
2024-10-25,45.93010271292215,46.007718198690704,45.13452455309017,45.241249084472656,25526500
2024-10-28,45.47410000412798,45.842783745688564,45.46439945615197,45.80397415161133,31415900
2024-10-29,45.68754480488166,45.81367412331342,45.48380000662854,45.522605895996094,27930900
2024-10-30,45.58082238597024,46.017421046016075,45.54201279372474,45.726356506347656,28704300
2024-10-31,45.66813925026779,45.80396911351124,45.09571075439453,45.09571075439453,53417100
2024-11-01,45.24124931175679,45.60022880004868,45.134524779838145,45.25094985961914,40139900
2024-11-04,45.22184596933435,45.26065556420503,44.659117946969516,44.90167236328125,41705600
2024-11-05,44.94047864565675,45.338267711044104,44.85315891417727,45.31886291503906,35221800
2024-11-06,47.579466678201314,48.200405280676044,47.24959258300086,48.074275970458984,153473400
2024-11-07,47.967555946755546,47.967555946755546,47.210787416747706,47.2981071472168,70611400
2024-11-08,47.637682556999565,47.996665732858176,47.39512815762363,47.72500228881836,60376500
2024-11-11,48.20041092237014,48.64671013250091,48.19070667370974,48.40415573120117,63654700
2024-11-12,48.384750653677955,48.452665589560134,48.11309091014923,48.25862503051758,58512400
2024-11-13,48.355646107656725,48.63701010443048,48.21011198488782,48.2877311706543,31880700
2024-11-14,48.394455877327246,48.50118040760278,48.07428228650064,48.16160202026367,38252800
2024-11-15,48.1616045608726,48.520584062574514,48.132499215111736,48.3847541809082,40741500
2024-11-18,48.42356035323003,48.61760461378903,48.21981554513198,48.5302848815918,27141600
2024-11-19,48.14219096757126,48.394449588365795,47.94814672874916,48.210105895996094,27014700
2024-11-20,48.40414983533567,48.4332551755988,47.83172136994947,48.0645751953125,33932500
2024-11-21,48.307131770475415,48.89896505672735,48.18100245510546,48.675811767578125,50881800
2024-11-22,48.64671055899172,49.26764923958904,48.63701001133272,49.219139099121094,42050800
2024-11-25,49.490800426915996,49.72365429011855,49.34527000086516,49.53931427001953,47492500
2024-11-26,49.558714171536124,49.73334992532894,49.24824115090632,49.636329650878906,28418400
2024-11-27,49.70424731741398,50.08263159010453,49.684842521239275,49.73335266113281,31803700
2024-11-29,49.90799058318508,50.034119903879315,49.72365057685222,49.810970306396484,15178400
2024-12-02,49.888586937138335,49.95650557375891,49.190032785774505,49.316162109375,55483600
2024-12-03,49.60722365394255,49.60722365394255,48.94747543334961,48.94747543334961,46924300
2024-12-04,48.89896757296623,48.93777346338864,48.598198790402826,48.76313400268555,41017400
2024-12-05,48.84075739231705,49.16092729712445,48.801947797465644,48.90867233276367,33599300
2024-12-06,48.89897155761719,49.06390678334006,48.76313797626778,48.89897155761719,23439400
2024-12-09,48.93777346586583,48.98628730579742,48.21011027992822,48.229515075683594,41998300
2024-12-10,48.26832825768809,48.491477873844495,47.91904931028272,48.219818115234375,38861800
2024-12-11,48.4138574722401,48.43325856638312,48.10338815074428,48.31683349609375,35035900
2024-12-12,48.44296441500575,48.481774006746484,48.103389739990234,48.103389739990234,23107300
2024-12-13,48.297425319589536,48.316830113460284,47.957850679566356,48.0645751953125,39160400
2024-12-16,48.09368948810766,48.15190388055639,47.88994466616711,47.977264404296875,35242800
2024-12-17,47.79291854023877,47.80262278908935,47.47274864881358,47.6376838684082,46103300
2024-12-18,47.725004909440116,47.83172944319969,46.17265814862797,46.21146774291992,72399500
2024-12-19,46.73537562114164,47.0846545164742,46.36669563258935,46.37639617919922,63641000
2024-12-20,46.279380323054056,47.43393793623056,46.18235634227047,47.06525421142578,56066100
2024-12-23,46.82751510549117,47.21725497913441,46.64238522740557,47.178279876708984,43033300
2024-12-24,47.27571730813042,47.753149300517165,47.18802518671056,47.733665466308594,18350500
2024-12-26,47.51930501064249,47.87007348812341,47.490075543142495,47.8505859375,20805600
2024-12-27,47.59725092961811,47.909044302140295,47.2464861731833,47.49981689453125,33852400
2024-12-30,47.01264064918754,47.25622946084136,46.63264269770682,47.0418701171875,34819800
2024-12-31,47.158799821636514,47.32443844491321,46.924952905213985,47.09059524536133,25170500
2025-01-02,47.33417358648147,47.519299721493,46.71058318655196,46.97365951538086,35879100
2025-01-03,47.246483816452994,47.373147312373696,46.84699834553154,47.34391784667969,25198100
2025-01-06,47.548533822989604,47.76289316002331,47.11007323217984,47.1977653503418,54289900
2025-01-07,47.40238865601094,47.50956462096435,46.88597779966513,47.09059524536133,57682700
2025-01-08,47.100335695696806,47.256232396163966,46.78854229476248,47.246490478515625,36422000
2025-01-10,46.866483132653684,46.90545823228621,45.94084867603682,46.10648727416992,53128700
2025-01-13,45.87264296571568,46.45725457813869,45.83366786705548,46.437767028808594,36002800
2025-01-14,46.62289831091872,47.05161700969432,46.515722353095214,47.01264190673828,39353300
2025-01-15,48.01622592232132,48.337764941542204,47.75314955665068,48.211097717285156,61176900
2025-01-16,48.19160817876644,48.571606118996804,48.19160817876644,48.53263473510742,33830400
2025-01-17,48.63006683901982,49.02955231376627,48.454682609436496,48.94186019897461,43693100
2025-01-21,49.10750828353682,49.409556045751714,49.09776264915349,49.351097106933594,33267500
2025-01-22,49.35109160024983,49.360833516675676,48.922372940111615,49.117244720458984,37226400
2025-01-23,49.19520088413083,49.48750673165814,49.185455249653295,49.39981460571289,32048800
2025-01-24,49.234169902742224,49.59468402365617,49.1854528833099,49.545963287353516,39088700
2025-01-27,49.45826993792936,50.12083179299922,49.321860800156784,50.09160232543945,61707400
2025-01-28,50.0331395321745,50.22801132138661,49.799296358616154,50.003910064697266,39885300
2025-01-29,49.86750126590187,50.41314153602654,49.85775563209647,49.964935302734375,43612200
2025-01-30,50.422887630750274,50.70545156459472,50.111094226808326,50.44237518310547,64250500
2025-01-31,50.50083102233218,50.63724015353211,50.1208293780137,50.150062561035156,40424200
2025-02-03,49.44852649685384,50.08185886484238,49.11724557953016,49.9454460144043,77416200
2025-02-04,50.0039097808211,50.072114349127595,49.69211640659989,49.82852554321289,41742700
2025-02-05,50.042885728171576,50.36442102464447,49.828526385942794,50.354679107666016,34758600
2025-02-06,50.64698009850735,50.79313485731534,50.432620776754284,50.77364730834961,34355900
2025-02-07,50.8321117186792,50.91980384004426,50.45211376505407,50.4910888671875,40601400
2025-02-10,50.57877994141022,50.646984510296505,49.87724298501384,50.09160232543945,37921500
2025-02-11,50.01365564229311,50.315703384206095,49.7116041835099,50.21826934814453,45162900
2025-02-12,49.96493081600043,50.0623685609535,49.61416236790921,50.04288101196289,45473100
2025-02-13,50.17929659787299,50.44237296780862,49.96493724825054,50.374168395996094,36372200
2025-02-14,50.44237011169861,50.68595891634258,50.422882561302664,50.47159957885742,29574300
2025-02-18,50.54954736885982,50.86134072657968,50.42288015576425,50.83210754394531,33496800
2025-02-19,50.70544578158597,50.91005948267324,50.56903664752779,50.85159683227539,31748500
2025-02-20,50.77365383730332,50.812628940246555,49.7310939932293,50.07211685180664,47078900
2025-02-21,50.091602597696756,50.179294717722925,49.351094252819294,49.44852828979492,51789900
2025-02-24,49.68237130779441,50.091598691423755,49.3803198697323,49.66288375854492,56673900
2025-02-25,49.9551886395062,50.09159776485943,49.019808594052684,49.65313720703125,50132800
2025-02-26,49.6628885942355,50.00391144713211,49.44852924848886,49.545963287353516,31250500
2025-02-27,49.72134505551227,50.471599011405026,49.68237367202873,49.818782806396484,44378600
2025-02-28,50.07211260355378,50.91980057786187,49.85775327242319,50.841854095458984,63537100
2025-03-03,50.9782634226761,51.290056787222674,50.05262524554779,50.41313934326172,76100100
2025-03-04,49.906477272499,49.96493620891062,48.366994187907316,48.63981246948242,99342400
2025-03-05,48.65930216398745,49.15622544659733,48.289049827503376,48.92237854003906,75561700
2025-03-06,48.347509728765864,48.678790684809215,47.801873130720736,48.11366653442383,55477700
2025-03-07,47.93827887814548,48.06494610093259,47.01264065046181,47.860328674316406,87351400
2025-03-10,47.05161241573913,47.36340577520421,46.24289583427844,46.788536071777344,78221400
2025-03-11,46.720334273384765,46.84700149469032,46.0675143329979,46.38905334472656,72972200
2025-03-12,46.885975117738546,46.95417969011236,46.00905759427361,46.45726013183594,60700100
2025-03-13,46.574182137499555,46.847004146282025,46.06751694046978,46.20392608642578,49986300
2025-03-14,46.6423825058551,47.35366135769996,46.398793705214935,47.27571487426758,49535700
2025-03-17,47.09058458109508,48.06493969793757,47.08083894847957,47.831092834472656,43570500
2025-03-18,47.87007034559751,48.02596702348041,47.59724837164994,47.77263259887695,32714200
2025-03-19,47.8018704304678,48.55212442726974,47.606998634943736,48.298789978027344,44290700
2025-03-20,48.02596631939478,48.69827003599535,47.93827420706689,48.36698913574219,46326000
2025-03-21,48.12340386070683,48.36699266641349,47.772635385790025,48.19160842895508,53382800
2025-03-24,48.68935457529644,49.15874335774645,48.56222728097546,49.04139709472656,43158200
2025-03-25,49.21742430714053,49.393441857773944,48.972950720231324,49.31521224975586,24873700
2025-03-26,49.46189697896092,49.78460016791792,48.98272711612074,49.16852569580078,39729200
2025-03-27,49.080509417508075,49.33476400298322,48.6893539688569,49.07073211669922,32299800
2025-03-28,48.92405014353396,49.188082049524596,47.9363785518244,48.12217712402344,45365400
2025-03-31,47.643014521111084,48.95339311570166,47.50610990725954,48.708919525146484,38042300
2025-04-01,48.523114547187554,48.865379793412664,48.11240072816232,48.65024185180664,37959100
2025-04-02,48.25908225194058,49.21742194944305,48.180852647669994,49.051177978515625,41792100
2025-04-03,47.134504687834756,47.574557856601665,46.547765886022006,46.63577651977539,101160600
2025-04-04,45.05158831754729,45.384072515588514,43.11535812790862,43.22292709350586,128135300
2025-04-07,41.89299607954111,44.64088067560768,41.27692156547359,43.11536407470703,179993200
2025-04-08,44.7875620548587,45.19827963605756,42.28415481848855,42.949119567871094,98804200
2025-04-09,42.284154736158605,46.557552142724454,42.11791075135838,46.185951232910156,177242900
2025-04-10,45.501419753182155,45.56987205450069,43.55541222077702,44.89512634277344,93318200
2025-04-11,44.59197814536148,45.931696008934246,44.36706290623782,45.63832473754883,63647400
2025-04-14,46.30329147335608,46.567323369800675,45.833902678689206,46.10771560668945,52008900
2025-04-15,46.37174522857958,46.84113776835333,46.18594665726502,46.22506332397461,41840100
2025-04-16,46.127274668812206,46.293518647996564,45.15916135195185,45.50142288208008,47934300
2025-04-17,45.47208115974643,46.16638515958485,45.403628862881824,45.61876678466797,61866600
2025-04-21,45.38407092648966,45.52097552141231,44.14214481053785,44.640872955322266,43082300
2025-04-22,45.3156196892979,46.23483894126477,45.17871509117204,46.11749267578125,38154800
2025-04-23,46.97804122172213,47.65278691928079,46.5086524238069,46.66511535644531,50290900
2025-04-24,46.49887245560247,47.271409835209504,46.31307388458599,47.18339920043945,26817900
2025-04-25,46.9486998037654,47.1638377256224,46.645554983370964,46.95848083496094,28113000
2025-04-28,47.15406508898956,47.49632660727976,46.772686902788834,47.105167388916016,33922800
2025-04-29,47.114946292284124,47.682123029876955,46.89980835886756,47.594112396240234,42475300
2025-04-30,47.08560892677123,47.84836523666651,46.44997618161151,47.68212127685547,33759900
2025-05-01,47.50610777890931,47.985273905922305,47.36919944082053,47.67234802246094,34420200
2025-05-02,48.395983153573,48.83603253703794,48.239520238694986,48.660011291503906,35032100
2025-05-05,48.24930754630964,48.728477420842204,48.01461126012878,48.34709548950195,24139900
2025-05-06,47.91682120872362,48.46444336547107,47.887485573130796,48.07328414916992,28949100
2025-05-07,48.22975286790399,48.62091213106896,48.17107785931788,48.35688018798828,30070100
2025-05-08,48.73825416551107,49.256536973169545,48.63068519100742,48.7578125,31294200
2025-05-09,48.85560044207376,48.93383378002946,48.620907888948395,48.7578125,22075000
2025-05-12,49.98017967841489,50.06819031711006,49.43255751204819,49.7454833984375,44274100
2025-05-13,49.8726142833373,50.185540192175615,49.784603638328335,49.95084762573242,33986100
2025-05-14,49.980178297055105,50.03884956764978,49.66725241931449,49.813934326171875,38764200
2025-05-15,49.745483003247145,50.22465286130772,49.706370065537314,50.146419525146484,34742500
2025-05-16,50.13664001731645,50.52779548979954,50.02907105001315,50.44956588745117,53401000
2025-05-19,50.18553337602917,50.62558654130645,50.107303774630196,50.47890090942383,26348400
2025-05-20,50.24420623330931,50.3811108277002,49.98017434539671,50.2050895690918,26903000
2025-05-21,49.89216899035735,50.03885090112363,49.13918991123718,49.178306579589844,40022000
2025-05-22,49.07073493865312,49.40321914083079,48.86537803652383,49.11962890625,33662800
2025-05-23,48.49378064230848,49.17830742881753,48.474222307794406,48.94361114501953,33645600
2025-05-27,49.324991184214596,49.833496709458586,49.1489698973851,49.804161071777344,38636400
2025-05-28,49.76503959771363,49.89216689934641,49.393438724678944,49.47167205810547,31730200
2025-05-29,49.637910998241,49.73570266246728,49.246755532447544,49.725921630859375,34098400
2025-05-30,49.559683070714534,49.92150291464297,49.3445451325227,49.833492279052734,37953200
2025-06-02,49.491226603756395,49.872604749096105,49.17830075474072,49.85304641723633,30142300
2025-06-03,49.69659299331936,49.99974159954383,49.29565643947208,49.95084762573242,33705400
2025-06-04,50.01929028432894,50.07796154943405,49.65746674111903,49.6672477722168,24600500
2025-06-05,49.67703164398083,49.7552649816298,49.33477011769376,49.53034973144531,42014400
2025-06-06,50.03885055311019,50.30288246709816,49.92150427923912,50.146419525146484,34982800
2025-06-09,50.20509238859471,50.22465072180186,49.5694596156596,49.87260818481445,28322100
2025-06-10,49.862833553449114,49.95084419240875,49.755264580235014,49.9312858581543,27728600
2025-06-11,49.98017715226845,50.20509238859471,49.686809614902494,49.87260818481445,39368400
2025-06-12,49.57924064744849,49.882385486232714,49.383661045747644,49.87260818481445,25500900
2025-06-13,49.23697663076101,49.34454560087793,48.708916542578194,48.85559844970703,54921900
2025-06-16,49.20764129003055,49.7552634455542,49.19786398831171,49.41299819946289,35632400
2025-06-17,49.15874542443473,49.36410232594558,48.98272415731954,49.12940979003906,31130700
2025-06-18,49.10985565185547,49.6476968004841,49.04140334550478,49.10985565185547,45728200
2025-06-20,49.25653480895365,49.46189544687887,49.10985290228788,49.24675750732422,44456100
2025-06-23,49.25853017006556,49.886526759003765,48.90528115299909,49.86690139770508,43022700
2025-06-24,50.35752586280253,50.799087148709745,50.318275138909655,50.61265182495117,41225000
2025-06-25,50.622463445415406,50.63227425496829,50.337901307365414,50.445838928222656,33123900
2025-06-26,50.47527591149188,50.85796486699846,50.4458397392049,50.8187141418457,37866000
2025-06-27,50.779465085273614,51.25046257311781,50.73040354879813,50.96590042114258,38954100
2025-06-30,51.20139731926836,51.456519536311426,51.16214659567557,51.38783264160156,42472900
2025-07-01,51.26027622261048,51.78033523776175,51.23083630671996,51.67239761352539,33844800
2025-07-02,51.76070735957481,51.77051816895807,51.35839679807019,51.63314437866211,40791100
2025-07-03,51.76070476587591,52.27095292080341,51.71164323510795,52.19245147705078,25904800
2025-07-07,52.13358170119608,52.25133012946075,51.4368944546721,51.692020416259766,34049000
2025-07-08,51.574273187500054,51.61352016906438,51.201398788975474,51.2308349609375,53715000
2025-07-09,51.495772182058246,51.51539754458718,51.162148505376614,51.417274475097656,36634900
2025-07-10,51.29952249695376,51.770519969991796,51.29952249695376,51.721458435058594,27992600
2025-07-11,51.378027851903774,51.42708939056546,51.10328024087396,51.18177795410156,30289900
2025-07-14,51.17196093487036,51.593896853846665,51.04439795530299,51.564456939697266,27636500
2025-07-15,51.358397414134124,51.466335034420005,50.681339263916016,50.681339263916016,47704600
2025-07-16,50.956090149548245,51.083653140256665,50.367344219310716,51.03458786010742,46726500
2025-07-17,50.89721090139984,51.61351977790318,50.83833855792196,51.52520751953125,48213900
2025-07-18,51.593900078910046,51.66258697762715,51.44671172842753,51.554649353027344,29791300
2025-07-21,51.584083776359805,51.94714362057332,51.387833896757456,51.4074592590332,36871400
2025-07-22,51.51539590228524,51.760707311343744,51.48595973100784,51.692020416259766,32289100
2025-07-23,51.80977208937304,52.10414505004883,51.57427521809453,52.10414505004883,32111300
2025-07-24,52.123768565764536,52.43776687844374,52.01583094393947,52.07470703125,32371900
2025-07-25,52.10413956230879,52.486828488352344,51.996205691181245,52.43776321411133,28964700
2025-07-28,52.37889453428836,52.43776687844374,51.966769409424934,52.07470703125,29119300
2025-07-29,52.25132996026429,52.300391493286114,51.69202024887443,51.80976867675781,37883200
2025-07-30,51.79014474005538,52.035456155069895,51.45652106590943,51.711647033691406,37260100
2025-07-31,51.49577025990422,51.996207627824695,51.28970957577462,51.38783264160156,46179400
2025-08-01,50.750025833034776,50.78927281394088,50.092589306052744,50.43602752685547,63060800
2025-08-04,50.63227489816868,50.93646240234375,50.524341019095424,50.93646240234375,40053100
2025-08-05,51.073838401008736,51.113089127723086,50.39678020938516,50.730403900146484,33551000
2025-08-06,50.838341836027176,51.054213347957514,50.69115348153142,50.97571563720703,34198700
2025-08-07,51.20139598114371,51.270082874058474,50.25940109846556,50.406585693359375,43119400
2025-08-08,50.70096184513628,50.99533853992275,50.53415187836876,50.877586364746094,39484400
2025-08-11,50.98551897648722,51.0542058670125,50.750022135587656,50.85795974731445,29351200
2025-08-12,51.07383612499254,51.56445895759219,51.06402531532881,51.47614669799805,37510000
2025-08-13,51.67239999554463,51.91771142806111,51.50559001814802,51.77052307128906,41154900
2025-08-14,51.721454250019875,52.05507790098774,51.54482974402778,52.01582717895508,35841500
2025-08-15,52.133583240122256,52.16301941226859,51.43689597303284,51.47614669799805,46108500
2025-08-18,51.40745849882119,51.574272204120646,51.30933543204862,51.51539611816406,25405100
2025-08-19,51.466333165131545,51.87845452599448,51.466333165131545,51.61351776123047,24870800
2025-08-20,51.65277006693124,52.01582990688656,51.525207085212585,51.878456115722656,39138800
2025-08-21,51.73127239607118,51.80977010243516,51.368208806778,51.711647033691406,29037000
2025-08-22,51.97658459768835,52.67326812851581,51.95695923501157,52.565330505371094,47249800
2025-08-25,52.46720333644667,52.57514095115938,52.24151729802686,52.261138916015625,24756500
2025-08-26,52.104146202532895,52.68308132670128,52.104146202532895,52.663455963134766,27907000
2025-08-27,52.53589215153565,52.92838815930851,52.506452237165284,52.77138900756836,39530100
2025-08-28,52.879327170661114,52.89895253272507,52.69289184578615,52.8400764465332,28837300
2025-08-29,52.88914668785748,53.12464356842037,52.791019868326764,52.97745895385742,36062400
2025-09-02,52.69289092599556,52.69289092599556,52.123766665540536,52.58495330810547,38733100
2025-09-03,52.49664306640625,52.59476613562345,52.133583218516414,52.49664306640625,36420100
2025-09-04,52.68307898302888,53.06576794081845,52.56533055002335,53.046142578125,32730000
2025-09-05,53.09520341903498,53.23257721293774,51.878457150036716,52.07470703125,58377100
2025-09-08,52.0943310894705,52.17282879409749,51.849019679884215,52.113956451416016,49490900
2025-09-09,51.98639254859916,52.5849529762817,51.96676718700162,52.33964157104492,38884500
2025-09-10,52.172831897625315,52.39852170184642,51.937335026580655,52.163021087646484,32915900
2025-09-11,52.19245801248735,53.05595528611738,52.182647202367214,53.01670455932617,36635400
2025-09-12,52.94801095443211,53.055948567862586,52.702699557782786,52.791011810302734,25705900
2025-09-15,52.87932805488653,53.07557793565262,52.61439127732559,52.67326736450195,31922000
2025-09-16,52.60458063856599,52.66345298277844,52.27095696312659,52.555519104003906,28482500
2025-09-17,52.6634548655609,53.31108062029241,52.64383324555869,53.06576919555664,47976100
2025-09-18,53.09520846748423,53.47789371350165,52.97746002482244,53.11483383178711,36609100
2025-09-19,53.24238527202464,53.389573611119495,52.90876161414392,53.232574462890625,46731400
2025-09-22,52.86634778851671,53.22075965444836,52.80727789236914,53.16168975830078,32393000
2025-09-23,53.112471664560076,53.644089512923195,52.79743970008058,52.925418853759766,28698900
2025-09-24,52.994333985125394,53.12231313486428,52.66945516930254,52.777748107910156,23893400
2025-09-25,52.63992691040039,52.87619902035106,52.41349790691539,52.63992691040039,24757500
2025-09-26,52.87619568477934,53.26014065583701,52.80728267743449,53.023868560791016,30686100
2025-09-29,53.201077501463075,53.30937044923096,52.90573548830904,53.28968048095703,20713800
2025-09-30,53.22076711404707,53.397973071850664,52.59069939992461,53.033714294433594,32442200
2025-10-01,52.777746913573765,52.925416026579356,52.54147107509694,52.561161041259766,33210100
2025-10-02,52.48240955576636,52.64976864967905,52.236290590263664,52.521785736083984,32443400
2025-10-03,52.590701584356026,53.132166342067215,52.55132540191323,52.88604736328125,32111600
2025-10-06,53.09278106836869,53.23060708176102,52.47256025262598,52.86635208129883,32001300
2025-10-07,53.043557527037144,53.21091661158025,52.689145635678585,52.935264587402344,31250500
2025-10-08,53.09278018969004,53.11247015634554,52.5119393175229,52.679298400878906,26848700
2025-10-09,52.79744121723404,52.97464717178049,52.364269437019445,52.492252349853516,33922400
2025-10-10,52.630079579583004,52.84666547467281,51.35026168823242,51.35026168823242,73596200
2025-10-13,51.73420583352405,52.00001476710897,51.52746680367268,51.842498779296875,39651900
2025-10-14,51.635757313947266,52.817129044555045,51.43886139959977,52.41349411010742,62588700
2025-10-15,52.60054316322508,52.925418229742824,52.0393922483949,52.41349411010742,39526600
2025-10-16,52.26582522777147,52.29535830276244,50.73988834710569,50.95647048950195,85420100
2025-10-17,51.094297308933584,51.54715529145529,50.92693446423287,51.36994934082031,52288900
2025-10-20,51.54715316607413,52.07877099605951,51.478240160943855,51.97047805786133,39479600
2025-10-21,51.842498276118796,52.30520312884722,51.842498276118796,51.91141128540039,31213600
2025-10-22,51.96063100337225,52.00001093629352,51.31087713207973,51.616065979003906,53727500
2025-10-23,51.77358446047261,51.8621874360943,51.47824246022606,51.724361419677734,29483700
2025-10-24,52.02954520245948,52.45287010238677,51.99016902411153,52.2855110168457,31947800
2025-10-27,52.5414742627336,52.600544164805775,52.37411517341168,52.502098083496094,27154100
2025-10-28,52.50209557535729,52.5710085800774,52.118146863446114,52.16737365722656,33648000
2025-10-29,51.635757261803796,51.76374016932201,51.06475948632039,51.28134536743164,61846300
2025-10-30,51.21243136377221,52.00001124955668,51.21243136377221,51.41917037963867,48568700
2025-10-31,51.20258729971075,51.684982118560676,51.133674290657524,51.55699920654297,40425800
2025-11-03,51.51762190414465,51.52746501001891,50.84817804037701,51.340415954589844,38693200
2025-11-04,51.14351916759868,51.72436004670587,51.03522622743811,51.60622024536133,44675200
2025-11-05,51.675135196552404,52.00001025017351,51.369946353655074,51.783424377441406,38036300
2025-11-06,51.69482440765696,51.88187721968294,51.360102473769565,51.596378326416016,42625700
2025-11-07,51.46839441662144,51.9803222911799,51.28134536370626,51.96063232421875,46218700
2025-11-10,52.10830988187439,52.32489578243536,51.832657830598635,52.14768981933594,42010600
2025-11-11,52.24613089676024,52.511939815916534,52.05908184497345,52.38395690917969,29995800
2025-11-12,52.39380755329858,53.053404590495326,52.39380755329858,52.83681869506836,46052700
2025-11-13,52.738372658441335,52.92542172390808,52.05908565234664,52.15753173828125,50455300
2025-11-14,51.99016934192747,51.99016934192747,51.45855149846986,51.63575744628906,46154600
2025-11-17,51.65544908242338,51.67513905009255,50.45438734294587,50.651283264160156,70048500
2025-11-18,50.483918236770194,50.94662306832214,50.3559390856629,50.5725212097168,66043600
2025-11-19,50.582368941194474,50.84817786460784,50.395316130934745,50.75957489013672,46003900
2025-11-20,51.222274773043885,51.576686662617654,50.28702576558519,50.316558837890625,70096400
2025-11-21,50.661123685063615,51.163208445321885,50.34609173000935,50.867862701416016,68942900
2025-11-24,50.93678064815287,51.16320963640207,50.533145711625636,51.084449768066406,43789100
2025-11-25,51.301036508982676,51.8424974686809,51.10414059032588,51.724361419677734,50989800
2025-11-26,51.85234255322192,52.3248942782207,51.78342954238407,52.12799835205078,35268500
2025-11-28,52.275665336624726,52.71868021347285,52.20675232861249,52.502098083496094,16136100
2025-12-01,52.24612989289464,52.57100870633578,52.01970091177374,52.06892395019531,29296300
2025-12-02,52.16737196226884,52.31504107238101,51.82280319438649,52.01969909667969,29771500
2025-12-03,52.11815046243853,52.76790437715164,52.05908431458656,52.71868133544922,32018000
2025-12-04,52.75805995366763,53.07309191926982,52.63992390543613,52.82697296142578,33678700
2025-12-05,52.708838409282585,53.09278339354083,52.62023543172473,52.84666442871094,28532300
2025-12-08,52.86635472147993,52.87619782772358,52.452872905176164,52.6497688293457,31164200
2025-12-09,52.669459123455866,53.11247401671125,52.42334015558925,52.45287322998047,46335400
2025-12-10,52.452871089061844,53.240454758470904,52.38395808131014,53.053401947021484,45437500
2025-12-11,53.12231560927535,54.12648142021435,53.09278253572568,54.0181884765625,51786500
2025-12-12,54.3036895651559,54.35291260821865,53.86067466663621,54.09695053100586,64428900
2025-12-15,54.323374886008686,54.451357791404625,53.96896299751354,54.13632583618164,35356800
2025-12-16,54.185551330579706,54.303687380272656,53.634243506217096,53.7917594909668,37342300
2025-12-17,53.94927666649069,54.21508560077477,53.73269452985274,53.781917572021484,41112400
2025-12-18,53.91974259279371,54.16586155455259,53.51610764572823,53.69331359863281,35021600
2025-12-19,53.71300305752547,54.16586104155833,53.71300305752547,53.98865509033203,46595300
2025-12-22,54.08843431294006,54.77009541607737,54.078556805040726,54.651546478271484,37987800
2025-12-23,54.64167063256249,54.88864979218943,54.64167063256249,54.76021957397461,24732900
2025-12-24,54.83924817847691,55.21465753737746,54.74045802705173,55.05659103393555,15685800
2025-12-26,55.03683057925717,55.125743220281926,54.77009265618292,54.94791793823242,20410100
2025-12-29,54.91828441478681,55.00719706029192,54.59227012506715,54.651546478271484,34223800
2025-12-30,54.7305798523215,54.7305798523215,54.47371943198218,54.51323699951172,16160900
2025-12-31,54.55275566600397,54.592269465726844,54.088433659684846,54.108192443847656,22996200
2026-01-02,54.167468088825146,54.33541209911129,53.68338730466606,54.266258239746094,36087100
2026-01-05,54.15759097243102,55.82716877029293,54.15759097243102,55.45176315307617,58044100
2026-01-06,55.36285143827208,55.83705099061194,55.31345635818308,55.718502044677734,38950800
2026-01-07,55.55054891218603,55.65922033910139,54.86888782781153,54.93804168701172,44720900
2026-01-08,54.77997747656132,55.570310020916004,54.74045990719288,55.22454071044922,35358300
2026-01-09,55.30357018110121,55.48139546854869,55.046713526234115,55.05659103393555,29544900
2026-01-12,54.365053463784214,54.69106777573045,54.17735065207771,54.62191390991211,42021600
2026-01-13,54.48360373601784,54.56263510686631,53.495687104493335,53.5747184753418,77045100
2026-01-14,53.3968916558986,53.52532186953939,53.0412410757258,53.49568557739258,59754600
2026-01-15,53.56483891152433,54.03903842422513,53.554957635170695,53.7130241394043,48490800
2026-01-16,53.713026922485156,54.098313810980095,53.633995550574795,53.78218078613281,44363200
2026-01-20,52.96221273298222,53.45617106286476,52.45837312608436,52.557167053222656,57030800
2026-01-21,52.725109416884614,53.17955393021078,52.59668296855163,52.814022064208984,49360300
2026-01-22,53.00172734775736,53.39689172846199,52.99184607129315,53.159793853759766,46919300
2026-01-23,52.843664603551424,52.86341962068061,52.24103482882932,52.42873764038086,47057500
2026-01-26,52.45837004607347,52.902933270586516,52.44849253824107,52.764625549316406,31072700
2026-01-27,52.67571401137107,52.78438544282492,52.20151448479297,52.359580993652344,38633700
2026-01-28,52.29042457658237,52.56704001141974,52.12247679928635,52.349700927734375,45450800
2026-01-29,52.675714654354955,52.98197016777201,52.34970412461682,52.90293502807617,51975400
2026-01-30,52.73498934807103,53.01160479108782,52.379338767847855,52.79426193237305,42767000
2026-02-02,52.80414652415815,53.436412587095234,52.55716735778566,53.37713623046875,48031500
2026-02-03,53.070881463935606,53.51544092329188,52.51764680596403,52.883174896240234,66887100
2026-02-04,52.86341635374665,53.525322444759944,52.7547486918396,53.307979583740234,59506400
2026-02-05,53.288219727375676,53.406772432057906,52.53740477406857,52.64607620239258,64475000
2026-02-06,53.17955417324381,53.693267506129146,53.17955417324381,53.60435485839844,53073800
2026-02-09,53.42653093998523,53.73278267065766,53.248705652483885,53.2882194519043,31699900
2026-02-10,53.05112403070443,53.60435493416378,52.47813057371824,52.90293502807617,57920800
2026-02-11,53.021481121675265,53.27834154329003,52.05332332401021,52.10272216796875,60339900
2026-02-12,52.260788728433674,52.46825030632079,50.80855014601845,51.065406799316406,94645100
2026-02-13,50.92710405067073,51.302513443913895,50.630729800680044,51.02589797973633,56449300
2026-02-17,51.19383882951498,51.77670978472246,51.19383882951498,51.56924819946289,54064700
2026-02-18,51.71743478533753,52.142239243576384,51.64828092177334,51.95453643798828,45224000
2026-02-19,51.50997040825114,51.74707204807605,51.11480603334658,51.51985168457031,47344400
2026-02-20,51.41118397148268,51.86562473133057,51.09505094127518,51.85574722290039,52934100
2026-02-23,51.55936552762475,51.835984735754764,50.02809556529435,50.117008209228516,94600400
2026-02-24,49.840396160789126,50.561574869055484,49.63293456702819,50.363990783691406,64114100
2026-02-25,50.62084798559949,51.26299151118295,50.5516903568355,51.24323272705078,47652800
2026-02-26,51.44081901846387,52.02368998539335,51.35190637033555,51.865623474121094,60884300
2026-02-27,51.25311501860283,51.430940310711925,50.393624850541244,50.80855178833008,81998700
2026-03-02,49.998461257348,51.00613667238333,49.850272255377,50.68012237548828,70107200
2026-03-03,49.68232792645167,50.92710121453215,49.474866339872065,50.591209411621094,94738700
2026-03-04,50.70976441031891,51.02589744279609,50.462785243158436,50.877708435058594,51472400
2026-03-05,50.62085082037784,51.193840517887594,50.29483651684414,50.61096954345703,58430700
2026-03-06,49.830516004362146,50.0083413083284,49.14885485156022,49.958946228027344,75632700
2026-03-09,49.31679430024638,49.90954651464329,48.58573813500704,49.72184371948242,78178700
2026-03-10,49.721842753889035,50.077489553297305,49.14884933462643,49.45510482788086,70834200
2026-03-11,49.37607200642154,49.5143797296598,48.625257036584024,49.04018020629883,56301200
2026-03-12,48.38815639517633,48.62525804608063,48.2004535909708,48.23997116088867,67871700
2026-03-13,48.51658679375658,48.86235611031813,48.259726356936945,48.29924392700195,47595200
2026-03-16,48.65489340551803,49.148851714203495,48.516585682062555,48.704288482666016,45720100
2026-03-17,49.0994588527437,49.58353590668259,48.911752275066874,48.961151123046875,46974000
2026-03-18,48.77344504733445,49.10933686659923,48.328881791160036,48.37828063964844,49239100
2026-03-19,48.18069409405338,48.58573975821898,47.93371493862063,48.39803695678711,58374000
2026-03-20,48.368397211877046,48.743806585799284,48.20045319401356,48.4869499206543,82914000
2026-03-23,49.35184619383661,49.51072522279646,48.87520910695705,48.92485809326172,81044800
2026-03-24,48.4581506499726,49.24261753474188,48.43829029729775,48.93478775024414,43296400
2026-03-25,49.2426144028228,49.600093152283904,48.64681901237078,48.99436569213867,40438800
2026-03-26,48.76597906660724,49.14331818089529,48.53759069921508,48.706398010253906,45035700
2026-03-27,48.44822073253361,48.497869718557645,47.33606374812615,47.4750862121582,64823900
2026-03-30,47.89214221101713,48.378711364894436,47.75312353504499,48.02123260498047,58128900
2026-03-31,48.57730622318041,49.11352435106704,48.170178486371974,49.02415466308594,85361900
2026-04-01,49.45114484370942,49.500793830694064,48.795768366777395,49.093666076660156,61558300
2026-04-02,48.487943395826,49.461077955523486,48.259551232531976,49.18303680419922,39519800
2026-04-06,49.16317540552319,49.65967285121328,49.10359813634432,49.53058624267578,27345800
2026-04-07,49.272405449650996,49.669604921393024,49.153247123318344,49.53058624267578,31750000
2026-04-08,50.83140704116497,51.119376468298135,50.60301867108605,50.841339111328125,48175400
2026-04-09,50.583157285814806,51.178956480266194,50.444138610168594,50.970428466796875,30330500
2026-04-10,50.87112532067675,50.93070637489056,50.28525821215233,50.41434860229492,35427500
2026-04-13,50.14624088018934,51.30804305859156,50.06679947244826,51.29811477661133,33635900
2026-04-14,51.149161603958746,51.546361047866654,51.07965226947106,51.41727066040039,36498400
2026-04-15,51.70524456587593,51.96342536326861,51.45699583883101,51.804542541503906,33804700
2026-04-16,51.725100767735945,52.04285880981583,51.55628967714526,51.66551971435547,25432000
2026-04-17,52.0031401966674,52.60886767245796,51.93363085891846,52.062721252441406,45183400
2026-04-20,51.97335259482058,52.390408629595825,51.89391118554441,52.261322021484375,26160600
2026-04-21,52.34075964962904,52.817396741423735,51.834333923339344,51.933631896972656,34150100
2026-04-22,52.112370238455384,52.28118133582828,51.705242493935216,51.844261169433594,31838400
2026-04-23,51.715174930002455,51.80454083233424,50.940636351353454,51.4371337890625,44647900
2026-04-24,51.21867819835163,51.30804410191534,50.960497405917955,51.05979537963867,27225300
2026-04-27,50.95056980950622,51.53643695348366,50.910849104293355,51.44706726074219,25764300
2026-04-28,51.83433638886967,52.03293613355769,51.43713689949364,51.486785888671875,24337500
2026-04-29,51.76482529580525,51.93363261089743,51.33783718495747,51.55629348754883,22153100
2026-04-30,51.14916436350409,51.88398223798544,50.84133837644386,51.76482391357422,31406400
2026-05-01,52.03293437387072,52.24146239415221,51.55629348754883,51.55629348754883,39618200
2026-05-04,51.41727346556605,51.82440121319468,51.129307830395675,51.21867752075195,44456300
2026-05-05,51.20874682512496,51.40734656324415,51.02007915729796,51.228607177734375,27419600
2026-05-06,51.55629385465878,51.874055710461,51.41727517348124,51.47685623168945,39084600
2026-05-07,51.417273100401495,51.71517459145662,51.059794341515186,51.18888473510742,36983100
2026-05-08,51.31797795668509,51.377559015774416,50.7817597888062,50.88106155395508,29627700
2026-05-11,50.90091359975721,51.099513324447216,50.603015906709544,50.821475982666016,30759200
2026-05-12,50.82147805517408,51.337835845235375,50.4540710116982,51.21867752075195,44193700
2026-05-13,50.781759464810484,50.97043092340209,50.603020076657906,50.6328125,33440200
2026-05-14,50.91084567290208,51.129305748873676,50.74203458111275,50.93070602416992,37059700
2026-05-15,50.96049498950601,51.139234364107864,50.682457645891894,50.742034912109375,29789800
2026-05-18,50.65266626419981,51.437133114607974,50.61294934856473,51.37755584716797,32974600
2026-05-19,51.268324754203576,51.42720377740803,50.69238592760324,50.742034912109375,35956300
2026-05-20,50.87112667994005,51.3477637624621,50.4242782313335,51.29811477661133,42148400
2026-05-21,51.099517110187215,51.46692795387472,50.85126838292671,51.36762619018555,33344200
2026-05-22,51.536432073339405,51.804537338201165,51.47685102116202,51.576148986816406,23308000
2026-05-26,51.635736644181655,51.8641250247816,51.357699274403465,51.486785888671875,24530200
2026-05-27,51.37755722908971,51.62580595136639,50.94063705357883,51.05979537963867,45239100
2026-05-28,50.83140530351509,51.139235072476644,50.66259799626101,50.91084671020508,40564600
2026-05-29,50.92077602758113,51.42720553559165,50.81154598514848,51.21867752075195,34240300
2026-06-01,50.871129110451804,51.238536168871185,50.83140840468349,51.06972885131836,34507600
2026-06-02,50.871125646912795,51.298113734913336,50.62287693472526,51.09951400756836,30988800
2026-06-03,50.781758061637035,50.80161841399133,50.166102290553496,50.513648986816406,44906700
2026-06-04,51.178957450874094,51.933631899255126,51.119376393906556,51.82440185546875,57368100
2026-06-05,52.01307330625921,52.11237127989252,51.69531524506275,51.933631896972656,42101700
2026-06-08,51.874054661712336,52.10244303159736,51.596013517003485,51.6059455871582,39102700
2026-06-09,51.814472870593974,52.33083066005186,51.67545419419663,52.09251022338867,41695100
2026-06-10,52.13222954705454,52.4400593137652,51.84426013187116,51.86412048339844,31128400
2026-06-11,51.9832794826514,52.40033929421478,51.67545349990023,52.25138854980469,41295600
2026-06-12,52.58900762789815,53.174874755188235,52.4400606695548,52.966346740722656,51023300
2026-06-15,53.38340276818279,53.59193457061746,53.10536541556968,53.18480682373047,37492400
2026-06-16,53.63165039695465,54.048710205374704,53.47277137183624,53.969268798828125,37478300
2026-06-17,53.90969189322328,54.505487294416966,53.5224245036499,53.67137145996094,49571900
2026-06-18,54.1678710279867,54.227452085647315,53.085506435655894,53.19473648071289,37816800
2026-06-22,53.43089661488795,53.82948745041152,53.38107371075848,53.510616302490234,27962800
2026-06-23,53.44086503874596,53.83945208467787,53.30135938260759,53.68998336791992,33375300
2026-06-24,53.670053752640015,53.90920522131924,53.35118259357168,53.530548095703125,30809600
2026-06-25,53.72983735362081,54.4871591739985,53.211674593880986,53.261497497558594,31634800
2026-06-26,53.37111375183686,53.749770886219785,53.012382739268496,53.38107681274414,26643000
2026-06-29,53.51061817310585,53.839452392850795,53.49068825050857,53.530548095703125,31628000
2026-06-30,53.47075949142796,53.66008805835578,53.21167809451388,53.420936584472656,27725300
2026-07-01,53.64016063801039,54.88575228795961,53.560440947816495,54.58680725097656,47809800
2026-07-02,55.0850423127827,55.443773305759315,54.81599406805023,55.42384338378906,46246100
2026-07-06,55.65303460551483,55.961942709845694,55.38399014838902,55.942012786865234,32043700
2026-07-07,56.111414448034296,56.39042576337628,55.81246940874608,55.85232925415039,27116500
2026-07-08,55.593246104406056,55.6032091648202,54.75620838359182,54.77613830566406,41648100
2026-07-09,54.875783990502256,55.493596368366646,54.77613818161069,55.3441276550293,26542000
2026-07-10,55.79254202678627,55.83239807004605,55.16476278020594,55.513526916503906,24046300
2026-07-13,55.782574484249054,55.96193998108297,55.41388043019887,55.872257232666016,33391000
2026-07-14,55.40391619665932,56.59968496519211,55.39395313580437,55.98187255859375,43208800
2026-07-15,56.10144566824436,56.61961223705467,55.98186993736319,56.360530853271484,49425400
2026-07-16,56.559824968787424,56.639544660391415,56.19113089822926,56.549861907958984,27591200
2026-07-17,56.23099073135174,56.739190460858175,55.92208262832211,56.061588287353516,42881800
2026-07-20,56.101446653224485,56.18116634270754,55.69289274773385,55.84236526489258,38162600
2026-07-21,55.792541273741165,56.14130540533178,55.523493028838146,55.91211700439453,26399000
2026-07-22,55.942012005688035,56.08151766335903,55.712823596479396,55.85232925415039,25430900
2026-07-23,55.48363371600892,55.66299921432797,55.25444531287768,55.63310623168945,24311000
2026-07-24,55.63310532767597,56.18116487419225,55.49359587472725,56.111412048339844,32212900
2026-07-27,56.559821866857234,56.92851971843889,56.39042323335532,56.67940139770508,29805900
2026-07-28,56.92852215187617,57.3968620300293,56.74915664918125,57.3968620300293,34204400
2026-07-29,57.08795566856241,57.267321164774465,56.39042360565374,56.480106353759766,49038800
2026-07-30,56.61961520653986,56.848803619933804,55.98187287340121,56.798980712890625,33184200
2026-07-31,56.609650353985565,56.91855464862323,56.490070819373535,56.73918914794922,32543500
2026-08-03,57.08795625853551,57.347037643939316,56.79897808929144,57.17763900756836,31019400
2026-08-04,57.0182043806591,57.815382273528236,56.98830759632123,57.67587661743164,31466100
2026-08-05,57.97481761824747,58.20400602394511,57.59615669519553,57.79545211791992,34275600
2026-08-06,58.174114374909635,58.174114374909635,57.3868995277816,57.60612487792969,27704200
2026-08-07,57.40682889198128,57.5861943946762,57.137780637938896,57.3968620300293,20816700
2026-08-10,57.33707662126906,57.815383366028804,57.25735692985372,57.60612487792969,26070800
2026-08-11,57.5762271514467,57.895098309405164,57.51644118510702,57.59615707397461,19797000
2026-08-12,57.626053625316075,57.79545226425209,57.47658110758333,57.71573257446289,18531700
2026-08-13,57.9847820826537,58.104361619929804,57.54633518304032,58.054534912109375,23193500
2026-08-14,58.014677157011846,58.08442998441083,57.855241579922165,57.95488739013672,28130100
2026-08-17,57.75559116606347,58.0644992554273,57.34703726786947,57.37693405151367,45636700
2026-08-18,57.5264041725611,57.775522501976965,57.36696859378471,57.636016845703125,25389400
2026-08-19,57.67587738188062,57.99474854325466,57.21749676131685,57.277286529541016,35648300
2026-08-20,57.26732354009329,57.45665210450607,56.70929710637189,56.7491569519043,30704200
2026-08-21,57.117850948854,57.4965118784522,57.04809811988118,57.277286529541016,27273100
2026-08-24,57.49651236316598,58.17411453710924,57.43672259443776,58.014678955078125,31462900
2026-08-25,57.98477914188422,58.154181577145195,57.66590799447478,58.1043586730957,23685100
2026-08-26,58.04457185129176,58.17411444938548,57.81538344004539,58.054534912109375,20054000
2026-08-27,57.70576960052547,58.024640757673126,57.52640409947441,57.67587661743164,26082100
2026-08-28,57.7755239032212,58.20400774430813,57.71573413426344,57.89509963989258,25142600
2026-08-31,57.65594605756457,57.72569888484175,57.48654361900286,57.506473541259766,25215700
2026-09-01,57.406829673817654,57.775523744936734,56.92852292719839,56.99827575683594,32396200
2026-09-02,57.17763847532133,58.02463925177962,57.11784870944134,57.45664978027344,31321800
2026-09-03,57.79545106481578,58.39333352085078,57.78548800442091,58.353477478027344,32670500
2026-09-04,57.835313672178955,58.17411476045132,57.71573413426344,57.89509963989258,26361500
2026-09-08,57.50647336602296,57.61608603747993,57.05805961971898,57.09791946411133,38239200
2026-09-09,56.92852129076724,57.127816713107485,56.529930446086766,56.858768463134766,27523000
2026-09-10,56.709297254083495,56.90859268102054,56.49007190432834,56.669437408447266,25355100
2026-09-11,57.23742425928145,57.41678975511131,56.75911753748312,57.048095703125,34701500
2026-09-14,57.13778078079858,57.36696919009422,56.55982442594899,56.82887268066406,38162400
2026-09-15,56.769085148194904,56.78901507035499,56.260881636222585,56.649505615234375,30161600
2026-09-16,56.6196144107967,56.649507394353655,55.24448014851529,55.73275375366211,53072800
2026-09-17,56.07155397792784,56.20109657342654,55.36405883548209,55.68292999267578,29191300
2026-09-18,55.46370278260378,55.78257392908079,55.264407365744674,55.66299819946289,36017900
2026-09-21,56.04999923706055,56.209999084472656,55.720001220703125,55.900001525878906,30640800
2026-09-22,56.0,56.04999923706055,54.54999923706055,54.79999923706055,69837400
2026-09-23,54.5,55.08000183105469,54.459999084472656,54.540000915527344,42703400
2026-09-24,54.61000061035156,54.81999969482422,54.25,54.529998779296875,28784400
