Date,Open,High,Low,Close,Volume
2005-01-03,20.75643172837373,20.783000569084635,20.437613241075205,20.457538604736328,421800
2005-01-04,20.47747695031845,20.550540037200363,20.118806263632145,20.20515251159668,1901800
2005-01-05,20.125435285492237,20.205140539122826,20.052373508775563,20.065656661987305,882400
2005-01-06,20.059022092889048,20.231714541365694,20.059022092889048,20.132083892822266,252600
2005-01-07,20.198502289221228,20.225071134597883,19.992598805041254,20.039093017578125,245400
2005-01-10,20.092229280433845,20.178575493471417,20.005883067396276,20.11215591430664,222400
2005-01-11,20.125439797161203,20.125439797161203,19.9261785187229,20.019166946411133,371300
2005-01-12,19.99259417923377,20.12543457476413,19.793331685630253,20.045730590820312,826400
2005-01-13,20.092225764228477,20.092225764228477,19.793332642805186,19.853111267089844,333600
2005-01-14,19.839831345998665,20.025808192408356,19.839831345998665,19.9859561920166,427400
2005-01-18,19.726912817955384,20.07229887202919,19.660491984408566,20.065656661987305,1082900
2005-01-19,19.992597474856822,20.065659261036988,19.899607789097768,19.90625,205900
2005-01-20,19.773411480752422,19.939462968632025,19.726917266845703,19.726917266845703,727400
2005-01-21,19.76676903042936,19.859757457119493,19.587433121636415,19.600717544555664,504700
2005-01-24,19.627279800823178,19.69370063053453,19.521006980033796,19.54093360900879,436900
2005-01-25,19.660496418319397,19.793336848499692,19.600717781332957,19.726917266845703,380300
2005-01-26,19.627283605710087,19.912892342025792,19.627283605710087,19.766767501831055,825500
2005-01-27,19.85975059345901,19.85975059345901,19.660489386025482,19.81989860534668,430700
2005-01-28,19.69370351253547,19.85975497767805,19.680419091274754,19.799976348876953,452700
2005-01-31,19.786694765637332,20.059019088745117,19.786694765637332,20.059019088745117,729500
2005-02-01,20.125436338414758,20.152005179972324,19.95938487929625,20.11879539489746,517700
2005-02-02,20.15864739036172,20.16528960075111,20.00588035202199,20.11879539489746,466400
2005-02-03,20.039092455271774,20.085586666503996,19.985956032881774,20.059019088745117,613600
2005-02-04,20.07894862598755,20.23171571373135,20.07894862598755,20.225074768066406,523500
2005-02-07,20.12543499302668,20.27156107808056,20.12543499302668,20.211782455444336,276500
2005-02-08,20.23171541661521,20.324705123901367,20.198505621288177,20.324705123901367,410300
2005-02-09,20.258280762090322,20.391122454164414,20.10551370301571,20.11215591430664,466400
2005-02-10,20.112164049654446,20.238362314612395,20.09223740772135,20.20515251159668,197600
2005-02-11,20.125439032138672,20.40440557147141,20.125439032138672,20.33798599243164,228000
2005-02-14,20.44425556691403,20.44425556691403,20.29148726570617,20.318056106567383,178900
2005-02-15,20.20514362480254,20.41104710005792,20.20514362480254,20.384479522705078,252800
2005-02-16,20.490750034088197,20.490750034088197,20.291487525692208,20.444255828857422,219400
2005-02-17,20.30477592209831,20.430975408772568,20.258281707763672,20.258281707763672,230400
2005-02-18,20.278208342566657,20.31141813369931,20.19186085862605,20.258281707763672,844300
2005-02-22,20.08558065469677,20.225064513516816,19.92617143523948,19.93281364440918,645700
2005-02-23,19.80661598682531,20.20513970477767,19.79997377705771,19.959383010864258,408900
2005-02-24,20.098866491062868,20.244991302490234,19.946099469997172,20.244991302490234,417900
2005-02-25,20.25827803594604,20.424329495257076,20.185214988450117,20.41104507446289,1288700
2005-02-28,20.391122457316673,20.40440561302832,20.185217707882778,20.29149055480957,202400
2005-03-01,20.391117389758982,20.40440054216953,20.264917940319137,20.357906341552734,192800
2005-03-02,20.35791164163723,20.46418448982095,20.191860157991133,20.41769027709961,222800
2005-03-03,20.357909065289803,20.52396052792165,20.318057068982355,20.464181900024414,400600
2005-03-04,20.543894290633148,20.816218682527854,20.543894290633148,20.749797821044922,1337000
2005-03-07,20.85606466575009,20.92248550803894,20.78964382346124,20.849422454833984,414900
2005-03-08,20.856070772711533,20.902564995866253,20.816218762417854,20.836145401000977,545200
2005-03-09,20.723220819279813,20.81620922297547,20.610305786132812,20.610305786132812,374700
2005-03-10,20.590378487266484,20.743145507477582,20.550526496531404,20.65679931640625,680800
2005-03-11,20.590379978029212,20.77635805971115,20.543885774326736,20.60366439819336,474200
2005-03-14,20.557172088563384,20.723223555298556,20.557172088563384,20.716581344604492,1422200
2005-03-15,20.822852263413626,20.822852263413626,20.60366439819336,20.60366439819336,843300
2005-03-16,20.563807017190275,20.577091434692534,20.31140941900631,20.364545822143555,1068200
2005-03-17,20.42432717109328,20.470821371710077,20.331338769859684,20.357906341552734,401600
2005-03-18,20.489223068171164,20.489223068171164,20.289263688399473,20.382577896118164,657300
2005-03-21,20.455893767880394,20.495885383393233,20.275929591106802,20.449228286743164,407600
2005-03-22,20.495886165983592,20.602531325630203,20.302591019554992,20.335918426513672,444100
2005-03-23,20.26925851967465,20.32924656205438,20.195939518697163,20.209270477294922,1197000
2005-03-24,20.269260177524263,20.462555279071072,20.255929217836147,20.30925178527832,430300
2005-03-28,20.362576701028583,20.395904104092345,20.275927995683677,20.28925895690918,588100
2005-03-29,20.262588466274693,20.329241972906857,19.929322204423762,19.955984115600586,1400000
2005-03-30,20.122628107220446,20.335918426513672,20.075971008788876,20.335918426513672,845400
2005-03-31,20.209275661002213,20.329251776535713,20.209275661002213,20.282594680786133,398600
2005-04-01,20.335910152152195,20.429224311047275,20.02264028206867,20.089292526245117,304400
2005-04-04,20.069307327270508,20.122629911875936,19.9426657120911,20.069307327270508,501700
2005-04-05,20.16261743257387,20.195943564434113,20.069303246316835,20.169282913208008,206900
2005-04-06,20.095966497381433,20.29592712834335,20.095966497381433,20.17595100402832,327100
2005-04-07,20.16927644625139,20.355906030236103,20.16927644625139,20.342575073242188,474400
2005-04-08,20.28259384406543,20.349247380091096,20.135955810546875,20.135955810546875,672400
2005-04-11,20.322587783018577,20.322587783018577,20.122628423367264,20.17595100402832,298000
2005-04-12,20.062640046005406,20.375910043553507,19.935998442183582,20.335918426513672,469900
2005-04-13,20.29592969970032,20.3292558400942,19.962663210518446,19.98265838623047,1041300
2005-04-14,19.962656360638412,20.042639578663014,19.616059025704253,19.68271255493164,1370300
2005-04-15,19.596064414539843,19.709375043409143,19.296125411987305,19.296125411987305,840900
2005-04-18,19.26279987399788,19.46276049970734,19.19614633209473,19.356115341186523,826900
2005-04-19,19.329446056133328,19.489413733006188,19.329446056133328,19.44275665283203,547700
2005-04-20,19.496083559969993,19.529409690009896,19.202808784639437,19.242801666259766,1293900
2005-04-21,19.329444868871708,19.756025314331055,19.329444868871708,19.756025314331055,1572200
2005-04-22,19.862677661536026,19.862677661536026,19.356113833670257,19.522747039794922,494200
2005-04-25,19.702702758648634,19.796018184575374,19.629385039154066,19.756025314331055,654400
2005-04-26,19.629391988047203,19.796025192457417,19.482753954527524,19.502750396728516,554200
2005-04-27,19.342784827181788,19.562740630646463,19.262800320780727,19.5294132232666,1380300
2005-04-28,19.44942529508809,19.569401390084515,19.296123072063903,19.316118240356445,1274900
2005-04-29,19.40277049571532,19.576069178781434,19.26946342526125,19.542741775512695,2476900
2005-05-02,19.65605284042088,19.70937541552432,19.51608155751578,19.64938735961914,971900
2005-05-03,19.66271690632879,19.66271690632879,19.422764699974607,19.509414672851562,1644100
2005-05-04,19.5494123298948,19.76270268092896,19.49608974213626,19.736042022705078,334900
2005-05-05,19.64272619698873,19.782698781975263,19.589403610163085,19.63606071472168,641000
2005-05-06,19.676048046605434,19.796024150877845,19.676048046605434,19.716039657592773,194800
2005-05-09,19.602732246241903,19.849349975585938,19.602732246241903,19.849349975585938,514100
2005-05-10,19.929330211286523,19.929330211286523,19.569403164963376,19.616060256958008,3093200
2005-05-11,19.542735091601383,19.80268239163942,19.536069613227326,19.756025314331055,675000
2005-05-12,19.889339141644925,19.889339141644925,19.522746604861897,19.542741775512695,959100
2005-05-13,19.629386244838745,19.642715931095584,19.302784140999478,19.44275665283203,3046100
2005-05-16,19.39610422707327,19.716039657592773,19.39610422707327,19.716039657592773,388100
2005-05-17,19.796027395094065,19.849349975585938,19.56274062870065,19.849349975585938,1150100
2005-05-18,19.796022825323693,20.215937890848966,19.742700257140957,20.14928436279297,2704400
2005-05-19,20.189281967021234,20.202611658703546,20.04930939821683,20.17595100402832,2282200
2005-05-20,19.642721384905165,20.195943564434113,19.642721384905165,20.169282913208008,3394700
2005-05-23,20.062635387599627,20.37590531240861,20.062635387599627,20.30925178527832,3516900
2005-05-24,20.395915929743584,20.51589210771503,20.169294542755566,20.255943298339844,229800
2005-05-25,20.215942969115485,20.262600069081905,20.029313297939176,20.0826358795166,1765400
2005-05-26,20.162613598006704,20.269258725250026,20.095960075652084,20.229267120361328,867600
2005-05-27,20.24926660809747,20.2625975696751,20.195944033097422,20.215940475463867,132500
2005-05-31,20.142616477616958,20.235931914276637,20.09595939494219,20.162612915039062,188100
2005-06-01,20.275930643467394,20.289261606433755,20.082635494386945,20.235939025878906,769400
2005-06-02,20.182616445324058,20.289261606433755,20.169285482357697,20.235939025878906,103400
2005-06-03,20.202602399287347,20.27592139083364,20.102622765285144,20.142614364624023,148300
2005-06-06,20.135954105756788,20.182612466941794,20.075967326853913,20.15595054626465,587800
2005-06-07,20.21593756798398,20.415896877648155,20.129288872812243,20.242599487304688,305000
2005-06-08,20.22927170713087,20.302589454165787,20.102630113073488,20.1159610748291,158700
2005-06-09,20.009318518651046,20.1492898213081,19.989322073424045,20.122629165649414,496800
2005-06-10,20.029305191892657,20.209269308624805,19.99597906863564,20.095958709716797,1494700
2005-06-13,20.109298903196994,20.242606000069596,20.042645354760694,20.129295349121094,433100
2005-06-14,20.10263232434962,20.162620387538055,20.075971669216223,20.0826358795166,280000
2005-06-15,20.14928388768307,20.14928388768307,19.955990059319777,20.10262680053711,599100
2005-06-16,20.029313692567396,20.20927788567845,20.029313692567396,20.122629165649414,556900
2005-06-17,20.085874486650994,20.366515503507365,20.085874486650994,20.286333084106445,1386000
2005-06-20,20.15937232142129,20.286329281900255,20.15937232142129,20.212827682495117,553900
2005-06-21,20.239558549009185,20.272967675958864,20.17273902063333,20.206148147583008,2044500
2005-06-22,20.186101296322548,20.28633122309374,20.105918884277344,20.105918884277344,534400
2005-06-23,20.072516990814414,20.072516990814414,19.698328018188477,19.698328018188477,1745800
2005-06-24,19.73173722504249,19.7451001147308,19.457778232041118,19.57137107849121,810300
2005-06-27,19.604769389067464,19.604769389067464,19.46444829176956,19.544631958007812,536400
2005-06-28,19.611453348187222,19.89877637425387,19.611453348187222,19.885412216186523,720300
2005-06-29,19.905466152531528,19.912146959673013,19.75846290588379,19.75846290588379,812800
2005-06-30,19.811916422142303,19.87205387657711,19.604777009353885,19.63150405883789,1053700
2005-07-01,19.778511733601725,19.778511733601725,19.63819055024777,19.698328018188477,508900
2005-07-05,19.705007527414633,19.79187331397498,19.571369718480124,19.75846290588379,877100
2005-07-06,19.64486506013263,19.758457869736,19.537954330444336,19.537954330444336,868200
2005-07-07,19.26400166999475,19.618144373416758,19.26400166999475,19.584733963012695,808800
2005-07-08,19.591406482984656,19.92550277709961,19.591406482984656,19.92550277709961,1711200
2005-07-11,19.845324801512636,20.045782112850542,19.845324801512636,19.95891761779785,727600
2005-07-12,19.91214627760754,19.938874603164948,19.845328012667437,19.852008819580078,496600
2005-07-13,19.811916946074316,19.95223810162524,19.811916946074316,19.912145614624023,822300
2005-07-14,20.05246669473078,20.139331200619935,20.032420451305594,20.092557907104492,853400
2005-07-15,20.085873289781766,20.32642308260389,19.985644634264716,20.065828323364258,657800
2005-07-18,19.9589137990613,20.119279872344105,19.945549641002003,20.025732040405273,821100
2005-07-19,20.139333696476918,20.212835323668294,20.112606643074397,20.19278907775879,1048900
2005-07-20,20.306374212788,20.446695331926698,20.045779487285714,20.42664909362793,448100
2005-07-21,20.44001135036012,20.50683086399483,20.306372323090706,20.31973648071289,975500
2005-07-22,20.3130613685998,20.44670044170293,20.299697206394157,20.379880905151367,694400
2005-07-25,20.34647055430782,20.473426264220258,20.232877731323242,20.232877731323242,721100
2005-07-26,20.32642300700712,20.37987837471584,20.26628555902525,20.333105087280273,438900
2005-07-27,20.39992332388273,20.41996828895651,20.319739640158357,20.413286209106445,1142900
2005-07-28,20.500157027465477,20.55361240497024,20.406610435451327,20.526884078979492,1007400
2005-07-29,20.526882865983485,20.546929109291952,20.379880905151367,20.379880905151367,666900
2005-08-01,20.433331820554255,20.453378059488248,20.33310317483704,20.366512298583984,505800
2005-08-02,20.313063923813427,20.393247632657076,20.27965478857338,20.339792251586914,977900
2005-08-03,20.34646671000853,20.34646671000853,20.252918872329136,20.299692153930664,1268000
2005-08-04,20.313057612974628,20.313057612974628,20.14600943971912,20.16605567932129,417500
2005-08-05,20.07919757592251,20.186108345635375,20.04578843831608,20.059152603149414,631600
2005-08-08,20.092555385264692,20.172739074424832,20.012372970581055,20.012372970581055,697200
2005-08-09,20.065835258902663,20.21283725283888,20.065835258902663,20.159381866455078,464700
2005-08-10,20.2462476784652,20.37988679015869,20.079199426086852,20.146018981933594,401700
2005-08-11,20.092555301968776,20.32642301370012,20.092555301968776,20.313058853149414,438400
2005-08-12,20.33309744756744,20.379870717428982,20.159367249170266,20.226186752319336,866100
2005-08-15,20.172742167690146,20.31306205214125,20.08587638490705,20.26628875732422,585000
2005-08-16,20.206141784595737,20.23955217550086,20.019047418955335,20.032411575317383,989300
2005-08-17,20.146012009496204,20.18610321933807,19.952236766530046,20.085874557495117,845000
2005-08-18,19.978965749308088,20.105922746322058,19.978965749308088,19.999011993408203,474000
2005-08-19,20.092555368480685,20.17942113787132,20.072510402064772,20.079191207885742,540100
2005-08-22,20.065828308280118,20.25960353887055,20.05914622798714,20.11928367614746,545100
2005-08-23,20.125961951373753,20.14600691398644,19.992322919733287,20.025732040405273,452900
2005-08-24,19.999008854156227,20.12596583124171,19.852005636117298,19.86536979675293,457400
2005-08-25,19.87873839202572,19.938875853825284,19.84532925746009,19.898784637451172,347300
2005-08-26,19.91213990558003,19.91213990558003,19.76513798548608,19.791866302490234,1614100
2005-08-29,19.791871977050377,19.912145614624023,19.68495995285713,19.912145614624023,259200
2005-08-30,19.811911273033623,19.83195751079409,19.598089834827157,19.751773834228516,1653900
2005-08-31,19.718372252052475,19.912147526591347,19.631506463018972,19.898784637451172,1055800
2005-09-01,19.651553380779447,19.952240700064635,19.47782307124543,19.818601608276367,1001200
2005-09-02,19.745091105431907,19.958913811080667,19.745091105431907,19.885412216186523,659400
2005-09-06,19.811914355052863,20.132646562256923,19.811914355052863,20.11928367614746,818400
2005-09-07,20.105927721388916,20.199474334716797,20.052472331704838,20.199474334716797,1976700
2005-09-08,20.079192476775376,20.159376170935687,20.032419186213772,20.085874557495117,200000
2005-09-09,20.085881472328506,20.21952058377721,20.085881472328506,20.199474334716797,270200
2005-09-12,20.14601318583055,20.326425552368164,20.112604054757654,20.326425552368164,713800
2005-09-13,20.27296448057051,20.326419839950358,20.179417920274854,20.23955535888672,620600
2005-09-14,20.246240671339155,20.266286913498377,20.045783347653256,20.085874557495117,1806300
2005-09-15,20.16606337286228,20.16606337286228,20.00569721829298,20.059152603149414,525200
2005-09-16,20.178555527855572,20.232221847896174,20.03097346762042,20.198680877685547,1144900
2005-09-19,20.138299764806252,20.138299764806252,19.84313445779722,19.930341720581055,1704500
2005-09-20,20.165138418963043,20.165138418963043,19.79618263244629,19.79618263244629,631400
2005-09-21,19.722392730555374,19.85655918104119,19.655309505312463,19.729101181030273,601200
2005-09-22,19.70226818407718,19.86997560339191,19.662017482197278,19.809600830078125,3667500
2005-09-23,19.836434285579045,20.00414171278821,19.769351058794154,19.957183837890625,1895400
2005-09-26,19.99071647154894,20.12488286914548,19.84313445779722,19.930341720581055,1362300
2005-09-27,19.829721585818884,20.084637537076624,19.829721585818884,20.03767967224121,1542800
2005-09-28,20.044382095336914,20.091341228558065,19.910216981793127,20.044382095336914,151800
2005-09-29,20.071224346608084,20.15172447227296,19.8565590508432,20.138307571411133,1069300
2005-09-30,20.124887067379365,20.232219696044922,20.09805327046005,20.232219696044922,261400
2005-10-03,20.299302000309726,20.299302000309726,20.07792830365672,20.111469268798828,906400
2005-10-04,20.185257620113365,20.225507027590087,19.916926104425876,19.930341720581055,1626400
2005-10-05,19.849847748501148,19.91693096366607,19.675431900874713,19.682140350341797,2624400
2005-10-06,19.74922004995038,19.93034303529631,19.67542839845402,19.816303253173828,6168400
2005-10-07,19.903513467458062,19.990720748901367,19.84984715283775,19.990720748901367,2373700
2005-10-10,19.97059601779808,19.97059601779808,19.802888630237476,19.836429595947266,390800
2005-10-11,19.755934982929876,19.903517054859396,19.70226865863677,19.729101181030273,406000
2005-10-12,19.722392730555374,19.86997608199099,19.60835163149426,19.729101181030273,1061300
2005-10-13,19.78947781315894,19.78947781315894,19.574812495838888,19.7022705078125,4903400
2005-10-14,19.77605619060797,19.910222621661962,19.708972975080975,19.876680374145508,1830300
2005-10-17,20.044385935353482,20.044385935353482,19.769345928466365,19.916929244995117,3865500
2005-10-18,19.930344868274148,19.930344868274148,19.735804968490715,19.77605438232422,1170200
2005-10-19,19.75593120372289,20.03767967224121,19.655305745354607,20.03767967224121,1481000
2005-10-20,19.92363739297876,20.15171953370959,19.72238776788967,19.78276252746582,450500
2005-10-21,19.802890125760232,19.863264892202043,19.615057376885048,19.64859962463379,1035300
2005-10-24,19.655300862431584,19.970591498580994,19.655300862431584,19.95046615600586,2441700
2005-10-25,19.98400832344728,20.05109023945106,19.78275873691934,19.923633575439453,526800
2005-10-26,19.836430993800807,19.963888975590333,19.749223709106445,19.749223709106445,1256200
2005-10-27,19.85656047621765,19.85656047621765,19.534562509456162,19.574811935424805,810300
2005-10-28,19.68213796680799,19.890094757080078,19.588222244653963,19.890094757080078,844200
2005-10-31,19.9370495632375,20.017549655253028,19.89680015698252,19.943758010864258,1339700
2005-11-01,20.024255714238766,20.024255714238766,19.856548382091887,19.883380889892578,694100
2005-11-02,19.863262992288725,20.104760755450883,19.776054435989387,20.084636688232422,880200
2005-11-03,20.191971738913924,20.265762126761217,20.138305420704096,20.171846389770508,726200
2005-11-04,20.22551018646807,20.238927084224333,20.098052216795164,20.185260772705078,662900
2005-11-07,20.259048461914062,20.292589420227923,20.13829896477529,20.259048461914062,297900
2005-11-08,20.124885255597746,20.198676910976776,20.09805146109419,20.131593704223633,269500
2005-11-09,20.1584349024114,20.29260137370952,20.10476856979341,20.178560256958008,562000
2005-11-10,20.232215431169795,20.46029753888171,20.165132232518246,20.44017219543457,282500
2005-11-11,20.35967726362921,20.513967754299948,20.35967726362921,20.480426788330078,502200
2005-11-14,20.473715893280865,20.53409064841845,20.453590548399777,20.520673751831055,198900
2005-11-15,20.621302056619793,20.6280105062601,20.460303103770183,20.51396942138672,840000
2005-11-16,20.560930936668946,20.634722616296326,20.554222485838622,20.587764739990234,885400
2005-11-17,20.661545726134158,20.809129018145846,20.540797504723113,20.78229522705078,426600
2005-11-18,20.862800259606185,21.04392455385803,20.862800259606185,20.996965408325195,786600
2005-11-21,21.00367475058384,21.151258083806383,20.963425332207667,21.11771583557129,1097900
2005-11-22,21.272001344072763,21.272001344072763,21.03721205908748,21.171377182006836,1308700
2005-11-23,21.17137978168827,21.258588337824747,21.16467133279271,21.198213577270508,559600
2005-11-25,21.332386086337195,21.332386086337195,21.16467864452792,21.20492935180664,394300
2005-11-28,21.21833804053372,21.272004353194184,21.077464449614677,21.09088134765625,1541200
2005-11-29,20.96343388428126,21.292140374046017,20.956725431897517,21.137849807739258,564000
2005-11-30,21.29884845187067,21.29884845187067,21.07747464512597,21.104307174682617,300700
2005-12-01,21.258582006785186,21.372623045035425,21.131124074739525,21.339080810546875,530100
2005-12-02,21.198210225189136,21.318959727203442,21.198210225189136,21.25858497619629,248500
2005-12-05,21.111009978480677,21.198218555095718,21.090885906574208,21.14455223083496,2599100
2005-12-06,21.312256323892598,21.392755157952152,21.198215242719982,21.23175621032715,829000
2005-12-07,21.39945906964656,21.446416926141595,21.010378042180463,21.07746124267578,749800
2005-12-08,21.24517609951616,21.24517609951616,20.909761258209944,20.983552932739258,477000
2005-12-09,20.862797012353283,21.19150330288532,20.856088564035606,21.09758758544922,2306800
2005-12-12,21.231765208719395,21.265307470048253,21.043933663303555,21.104307174682617,1050700
2005-12-13,21.26530462246289,21.26530462246289,21.017097039891983,21.12442970275879,2426700
2005-12-14,21.151259110727405,21.37263284180326,21.151259110727405,21.30554962158203,711000
2005-12-15,21.39945555312085,21.40616400001856,21.258582006785186,21.339080810546875,793100
2005-12-16,21.487555759522927,21.487555759522927,21.339086931316054,21.37282943725586,380300
2005-12-19,21.325586317056075,21.332335074702765,21.102882463490864,21.163619995117188,521600
2005-12-20,21.16362588423385,21.244608424141024,21.13663084613528,21.177122116088867,476300
2005-12-21,21.278348363891325,21.37282840571807,21.224359584676893,21.285097122192383,447200
2005-12-22,21.386329712462626,21.474061011536293,21.325592164183067,21.447067260742188,794700
2005-12-23,21.460561422135513,21.528047723401425,21.440316432791633,21.48755645751953,318600
2005-12-27,21.52129547075708,21.61577550487485,21.27159786996185,21.29859161376953,304500
2005-12-28,21.258107076293463,21.37283341993901,21.22436456406597,21.33234214782715,534000
2005-12-29,21.35934028221157,21.4605691268563,21.325597763061523,21.325597763061523,392500
2005-12-30,21.19061739631718,21.271601214862553,21.18386863750555,21.20411491394043,806400
2006-01-03,21.035395794379564,21.38632346250737,21.001653293949303,21.3458309173584,1256500
2006-01-04,21.426822997680866,21.453818038208414,21.3390916903551,21.39982795715332,3369000
2006-01-05,21.45381381504303,21.45381381504303,21.305343695756505,21.36608123779297,386200
2006-01-06,21.52130104082167,21.52130104082167,21.345837155480083,21.447067260742188,458700
2006-01-09,21.359339178457393,21.62928317929206,21.339094182891376,21.622535705566406,960100
2006-01-10,21.46056227414235,21.57528860469092,21.46056227414235,21.561792373657227,760900
2006-01-11,21.53479750477848,21.60903256841528,21.501054996140404,21.575288772583008,592100
2006-01-12,21.588788248736606,21.588788248736606,21.3863306041595,21.4133243560791,1296900
2006-01-13,21.19735949442315,21.399817046378505,21.19735949442315,21.339080810546875,903100
2006-01-17,21.507811322939208,21.507811322939208,21.163632207514052,21.231117248535156,886200
2006-01-18,21.07590114763367,21.291856384080823,21.07590114763367,21.258113861083984,928400
2006-01-19,21.35258809284191,21.39308065395451,21.21761675071642,21.359336853027344,1295100
2006-01-20,21.278352140784822,21.32559217008327,20.853189302710277,20.893680572509766,2775400
2006-01-23,20.920682124030364,20.99491721443728,20.88693960322431,20.907184600830078,1260300
2006-01-24,21.001656934612164,21.123130729535067,20.967913141138492,21.062393188476562,1639900
2006-01-25,21.183873295089676,21.183873295089676,20.994913155595032,21.05565071105957,883900
2006-01-26,21.06238513317029,21.291837692260742,21.06238513317029,21.291837692260742,822500
2006-01-27,21.379572063499204,21.379572063499204,21.210857007805167,21.339080810546875,578500
2006-01-30,21.264854554669583,21.386329650878906,21.21761452552024,21.386329650878906,1174500
2006-01-31,21.32559771729365,21.3930840426435,21.244613869434907,21.264860153198242,749200
2006-02-01,21.19736830812686,21.48755853053047,21.19736830812686,21.447067260742188,1824600
2006-02-02,21.33909523980254,21.49431288707098,21.204122589102834,21.264860153198242,979100
2006-02-03,21.237856301039542,21.325588873770847,21.163622532413893,21.21761131286621,766900
2006-02-06,21.18386016882919,21.298586448374415,21.17711141271552,21.291837692260742,543800
2006-02-07,21.28510114828131,21.33234117813016,21.109637260846807,21.13663101196289,649500
2006-02-08,21.143372071268892,21.278344639276046,21.089383301504792,21.237852096557617,968100
2006-02-09,21.210867990530986,21.453818208429016,21.210867990530986,21.359336853027344,501600
2006-02-10,21.52804469348739,21.56853595367044,21.312089589585874,21.50105094909668,961900
2006-02-13,21.480807537272558,21.56853882722316,21.312092428972523,21.528047561645508,387800
2006-02-14,21.54828672671533,21.818231840664016,21.44705795258142,21.784486770629883,664500
2006-02-15,21.73050696928201,21.851982056034092,21.68326694381046,21.845232009887695,772700
2006-02-16,21.946471727958897,21.946471727958897,21.76425901795164,21.90597915649414,657800
2006-02-17,21.899229096713164,21.993709177922053,21.831741485571715,21.9599666595459,923400
2006-02-21,22.00045502725043,22.007205075060693,21.811494878786128,21.87223243713379,1011100
2006-02-22,21.966711935921364,22.12192956443506,21.966711935921364,22.1016845703125,1452400
2006-02-23,22.04094808305638,22.135428159398003,22.000455518457546,22.027450561523438,521800
2006-02-24,21.986955646102697,22.108428163910627,21.919468053555594,22.040943145751953,581400
2006-02-27,22.236651125269834,22.250148642457656,21.97345597607777,22.182661056518555,1078600
2006-02-28,22.196156817371552,22.196156817371552,21.885721669780278,21.92621421813965,626700
2006-03-01,22.03419954031137,22.1016845703125,21.966711935921364,22.1016845703125,526200
2006-03-02,22.040943145751953,22.06118813632187,21.73725541526106,22.040943145751953,676600
2006-03-03,21.946468114992328,22.270400910214217,21.892478028594173,22.094938278198242,860200
2006-03-06,22.229910907682836,22.297398523459297,21.89248055196846,21.980213165283203,703600
2006-03-07,21.93297200030948,22.054447128108485,21.885731958875333,21.993709564208984,2502700
2006-03-08,21.959963571340836,21.993706084971823,21.764253388136844,21.966711044311523,1115200
2006-03-09,22.047688178807448,22.24339831396115,21.919465628735093,21.93971061706543,1567300
2006-03-10,22.02745026702101,22.18266790099116,21.905975149237594,22.169170379638672,1152600
2006-03-13,22.236646957530198,22.25014447218822,22.10167438533762,22.155664443969727,582900
2006-03-14,22.135417464985817,22.432357646470198,22.135417464985817,22.364870071411133,711900
2006-03-15,22.439117220750322,22.715809991774986,22.42561969845776,22.702312469482422,1200800
2006-03-16,22.84402762603296,22.850777672906457,22.709057581226023,22.715805053710938,1058400
2006-03-17,22.848580291787982,22.923094309335365,22.80793557747245,22.889225006103516,1050100
2006-03-20,23.024701989170023,23.099213413548927,22.835029262940242,22.84857749938965,928800
2006-03-21,22.902760807092573,22.9975958382674,22.73341179883443,22.76050567626953,1701800
2006-03-22,22.787600900293775,22.97727095234348,22.70631410428114,22.929853439331055,613500
2006-03-23,22.90953595730778,22.92308418943179,22.74018693184923,22.83502197265625,488100
2006-03-24,22.81470489501953,22.916315361638322,22.767287366347166,22.81470489501953,1006000
2006-03-27,22.83502197265625,22.855345612872796,22.746962339941764,22.83502197265625,483900
2006-03-28,22.83502465575541,22.909538649162286,22.65890278557119,22.67245101928711,944800
2006-03-29,22.740185269805945,22.936630745154634,22.740185269805945,22.902761459350586,1002900
2006-03-30,22.882437820619465,23.01114472436006,22.801151017877576,22.902761459350586,1178300
2006-03-31,22.889211826536492,22.990819677726414,22.88243641935407,22.895984649658203,292500
2006-04-03,23.03824542922285,23.16695237110168,22.923089306554036,22.977279663085938,1188900
2006-04-04,22.902764734718104,23.146625177818706,22.89598932615181,23.133079528808594,334200
2006-04-05,23.234693486844904,23.356625032364562,23.004378632425766,23.146631240844727,801800
2006-04-06,23.1872649812088,23.20081321141954,23.03146420987633,23.112751007080078,1090200
2006-04-07,23.10599150492414,23.261792366077927,22.916321340747732,22.997608184814453,1085700
2006-04-10,22.97050160823338,23.011146304425637,22.88921479990992,22.916311264038086,401600
2006-04-11,23.004366151948883,23.004366151948883,22.774051422481577,22.875661849975586,1090600
2006-04-12,22.95695345317226,23.045015669853672,22.9027631087952,23.03146743774414,632500
2006-04-13,22.956958939408047,23.051794002777303,22.86212387603879,22.93663787841797,648800
2006-04-17,22.97726526908756,23.01113712777047,22.73340494136669,22.82146453857422,841400
2006-04-18,22.95017627701083,23.397257515599197,22.875662306569343,23.370161056518555,914900
2006-04-19,23.30919425501695,23.566605436449375,23.30919425501695,23.519187927246094,618300
2006-04-20,23.586942499912862,23.6750047556692,23.471786351976434,23.607263565063477,862000
2006-04-21,23.67500980481881,23.790165977314498,23.45146770423859,23.63436508178711,1363100
2006-04-24,23.607253930358194,23.71563720703125,23.60048110609288,23.71563720703125,431500
2006-04-25,23.742744716965642,23.742744716965642,23.356628952699086,23.437915802001953,2203900
2006-04-26,23.41758805707799,23.61403358892483,23.41081523159365,23.56661605834961,859200
2006-04-27,23.376950019009218,23.627588562458442,23.309211408600554,23.437915802001953,1407300
2006-04-28,23.370170425169178,23.53951948622113,23.370170425169178,23.390491485595703,2827300
2006-05-01,23.336298056596892,23.580161085847053,23.336298056596892,23.451454162597656,708000
2006-05-02,23.620804896768615,23.661449599248066,23.465004080022883,23.641128540039062,370000
2006-05-03,23.66822259438922,23.708867297160765,23.60725683226263,23.64790153503418,478700
2006-05-04,23.702102028220708,23.979834458879527,23.702102028220708,23.932416915893555,731800
2006-05-05,24.14239054212558,24.203356279214194,24.05432834765082,24.16948699951172,2844500
2006-05-08,24.061111513697583,24.399809588072724,24.061111513697583,24.149173736572266,1278700
2006-05-09,24.31174736519804,24.31174736519804,24.108529037385203,24.149173736572266,1496600
2006-05-10,24.135623938906768,24.271103676686536,24.09497924235452,24.162717819213867,700300
2006-05-11,24.149185334442826,24.16273098994937,23.959512564538993,24.040802001953125,1764800
2006-05-12,23.912081447303652,23.93240508715419,23.641124561886254,23.66144561767578,1244200
2006-05-15,23.525971740648732,23.695320805223567,23.451457738785937,23.668224334716797,958000
2006-05-16,23.783377120534965,23.891760391514126,23.63434915391574,23.66144561767578,582200
2006-05-17,23.553064081880795,23.5733851391674,23.09920732467741,23.173721313476562,3193600
2006-05-18,23.26855395220627,23.26855395220627,22.909534862293825,22.98404884338379,2104200
2006-05-19,23.011155230577742,23.146632435648847,22.862127204125073,23.05857276916504,2165600
2006-05-22,22.889218834101445,23.10598541720951,22.801156602194578,23.011150360107422,1971200
2006-05-23,23.180493737441164,23.194041968574957,22.882437820619465,22.902761459350586,1617500
2006-05-24,22.963734129945987,22.963734129945987,22.59116412160591,22.8418025970459,1713300
2006-05-25,23.017929249815587,23.017929249815587,22.841807323660664,22.997608184814453,1310900
2006-05-26,23.12630844116211,23.146629502535305,23.0043769047995,23.12630844116211,1207400
2006-05-30,23.139864095681833,23.139864095681833,22.80793867715064,22.828262329101562,3879600
2006-05-31,22.828253909156196,23.031472265272754,22.828253909156196,22.990827560424805,1454600
2006-06-01,22.93663613979643,23.255013186169904,22.93663613979643,23.227916717529297,1210600
2006-06-02,23.26179313659668,23.370176460296435,23.12631333595642,23.26179313659668,2147000
2006-06-05,23.26177987770037,23.26177987770037,22.726636391430063,22.76050567626953,916000
2006-06-06,22.76728607123718,22.943407941421402,22.489553740214248,22.67245101928711,3365600
2006-06-07,22.753743122523787,22.807933485912873,22.421817779541016,22.421817779541016,2196200
2006-06-08,22.42859094380914,22.47600847604902,21.90699550510873,22.43536376953125,3012400
2006-06-09,22.550518172602676,22.550518172602676,22.245689392089844,22.245689392089844,6334500
2006-06-12,22.29310443733884,22.340521955252346,21.954406404207553,21.967954635620117,1532300
2006-06-13,21.8528045650232,22.137312368587992,21.8528045650232,21.900224685668945,1823700
2006-06-14,21.900217534616075,22.096660443149602,21.886669302292884,22.089887619018555,2045000
2006-06-15,22.19827515863761,22.6589048098854,22.171178688785016,22.591163635253906,1427900
2006-06-16,22.642094236046105,22.642094236046105,22.458729635551762,22.5877628326416,856100
2006-06-19,22.587771517328456,22.7168073546947,22.309329444482994,22.41119956970215,1026200
2006-06-20,22.42477985933347,22.519857250302106,22.322909745773018,22.384031295776367,1223900
2006-06-21,22.465523706081523,22.71679998526476,22.411192299412683,22.64888572692871,726900
2006-06-22,22.67604863467336,22.67604863467336,22.42477238646842,22.513059616088867,1854900
2006-06-23,22.540224088009595,22.730381408738523,22.39081791038588,22.574182510375977,488600
2006-06-26,22.580979706452595,22.642101258908678,22.472319456604524,22.635311126708984,1871100
2006-06-27,22.580974991898678,22.703218071288408,22.390820242032067,22.424776077270508,1026700
2006-06-28,22.479110092019532,22.52664879047572,22.2889552981948,22.492692947387695,515900
2006-06-29,22.662472778146075,22.988453506573958,22.580978243705243,22.968080520629883,1282400
2006-06-30,23.097111801205322,23.097111801205322,22.940912877258448,22.961288452148438,929000
2006-07-03,23.03598720153515,23.09031860648087,22.98844851753963,23.04277992248535,661200
2006-07-05,22.886587768572127,22.95449945411762,22.79830050483119,22.873004913330078,1263900
2006-07-06,22.879792577811898,23.022411247138226,22.866209724034896,22.934123992919922,806400
2006-07-07,22.818661604502644,22.818661604502644,22.547012413177253,22.59455108642578,1305500
2006-07-10,22.59456386881218,22.73038983664718,22.57419088036963,22.655685424804688,1221400
2006-07-11,22.55381473629112,22.730389267252903,22.445154482878024,22.716806411743164,1683400
2006-07-12,22.777923835395843,22.777923835395843,22.41798470632528,22.485898971557617,922500
2006-07-13,22.336498622300095,22.35008148048112,22.030890789890265,22.04447364807129,2140100
2006-07-14,22.044468820608017,22.044468820608017,21.55549769116351,21.732070922851562,4097700
2006-07-17,21.772816851542242,21.806772690113824,21.5894522144584,21.657363891601562,1746100
2006-07-18,21.73206967322904,21.766025513960546,21.49437490211164,21.759235382080078,1558400
2006-07-19,21.813558522676445,22.221036277225394,21.779602690796676,22.200660705566406,2387200
2006-07-20,22.146330532231666,22.31611227186464,21.732062673021,21.74564552307129,3451700
2006-07-21,21.745654169831045,21.759237025282307,21.433254971113993,21.52833366394043,2855000
2006-07-24,21.603035918959932,21.915435105250776,21.603035918959932,21.881479263305664,2052500
2006-07-25,21.766019244919093,21.867889328437602,21.494368711310884,21.820350646972656,5472000
2006-07-26,21.799972097297417,21.82034766561547,21.40607984888273,21.54190444946289,2504700
2006-07-27,21.630194154369928,21.69810711012486,21.446829562431187,21.50115966796875,5677500
2006-07-28,21.623402463282446,21.79997433260869,21.52832510359418,21.74564552307129,1563500
2006-07-31,21.759233997980726,21.759233997980726,21.609825199468464,21.657363891601562,748400
2006-08-01,21.501167312888693,21.63020184516918,21.426462905463303,21.521541595458984,1862300
2006-08-02,21.507956388421512,21.71169401051542,21.494373534859996,21.657363891601562,1221000
2006-08-03,21.63019401067561,21.90863466629048,21.501159525131637,21.833932876586914,2952200
2006-08-04,21.98334729837827,22.125965982914938,21.636993557451483,21.77281951904297,1513800
2006-08-07,21.664154071660295,21.799978713462437,21.575868119255514,21.684528350830078,868300
2006-08-08,21.684527459288013,21.732066146730855,21.392502613188185,21.49437141418457,2577700
2006-08-09,21.562291031776454,21.630204018502088,21.141231550343505,21.161605834960938,1754100
2006-08-10,21.18876099412826,21.36533285820287,21.07330936279834,21.331377029418945,1934800
2006-08-11,21.243092181390544,21.385708223958755,21.134431969338983,21.209135055541992,1118100
2006-08-14,21.304213757874674,21.569072863396904,21.24309222654925,21.2498836517334,2420600
2006-08-15,21.494370335652793,21.664152093904917,21.433248799055466,21.636987686157227,1506600
2006-08-16,21.901846883883053,22.173498734212334,21.772813679841867,22.11916732788086,4211200
2006-08-17,22.037682959155557,22.22783778756907,22.037682959155557,22.146343231201172,803100
2006-08-18,22.227828801464952,22.26178463700206,22.024091197578134,22.092002868652344,1281800
2006-08-21,22.010509952963226,22.01730008430095,21.874684010229362,21.89505958557129,1914100
2006-08-22,21.820348978109397,22.024086538900324,21.820348978109397,21.96296501159668,1178200
2006-08-23,21.888267417183915,21.983344802303073,21.704902778455057,21.79998016357422,1701400
2006-08-24,21.89505868292142,21.89505868292142,21.609823955873015,21.684528350830078,1357300
2006-08-25,21.603027470204957,21.691314697265625,21.528324388074967,21.691314697265625,918800
2006-08-28,21.69131801290604,21.854308347010694,21.643779327375356,21.779603958129883,2617600
2006-08-29,21.847513136050278,21.847513136050278,21.650566990534422,21.833932876586914,833200
2006-08-30,21.759235505873555,21.874685883150406,21.759235505873555,21.854312896728516,697400
2006-08-31,21.78640127644961,21.929017363135095,21.78640127644961,21.901851654052734,602800
2006-09-01,22.030878732099847,22.071627284340703,21.901845535999623,22.05804443359375,791200
2006-09-05,21.990134742559942,22.13275080219668,21.9561789079794,22.1055850982666,1600500
2006-09-06,22.06483880681333,22.06483880681333,21.87468147277832,21.87468147277832,2513800
2006-09-07,21.766019244919093,21.881472178950993,21.732063413967538,21.820350646972656,1184100
2006-09-08,21.813571975174128,21.86111068725586,21.786408847317077,21.86111068725586,1063700
2006-09-11,21.732070449949564,21.895062118216643,21.670948898182495,21.881479263305664,835600
2006-09-12,21.92901189787293,22.09879365132689,21.847514790936977,22.0852108001709,3449600
2006-09-13,22.085215556199042,22.350074734118135,22.071632702118,22.309326171875,2139500
2006-09-14,22.180290883107265,22.275368262175466,22.159917899211013,22.207456588745117,1588500
2006-09-15,22.24701002903288,22.431151754612166,22.24701002903288,22.322031021118164,1908100
2006-09-18,22.287935026921776,22.43115552590379,22.287935026921776,22.376596450805664,472500
2006-09-19,22.376598596693047,22.376598596693047,22.151535561014676,22.28793716430664,1592700
2006-09-20,22.274296336215766,22.478897436587623,22.274296336215766,22.41069793701172,1442900
2006-09-21,22.499360021254653,22.499360021254653,22.11061453711988,22.199275970458984,1396300
2006-09-22,22.110615886562613,22.158358662539186,22.01513553789822,22.09015655517578,2069200
2006-09-25,22.267477492639955,22.38341716259003,22.07651421030432,22.356136322021484,1061700
2006-09-26,22.403869851431306,22.697132296506403,22.369770111650258,22.635751724243164,3463500
2006-09-27,22.744868578564496,22.819889554291066,22.676669110618306,22.690309524536133,1907100
2006-09-28,22.813075856386455,22.881275339902608,22.68349319540482,22.84717559814453,1211500
2006-09-29,22.935834490956417,22.963112720383133,22.731233461218192,22.738052368164062,861400
2006-10-02,22.908559087855,22.929018415183496,22.710776918200015,22.806257247924805,2924900
2006-10-03,22.758511123628065,23.038133131020416,22.758511123628065,22.949474334716797,1645800
2006-10-04,22.901742513356243,23.290485382080078,22.89492100245561,23.290485382080078,3151900
2006-10-05,23.256377767898798,23.481440747093078,23.208637608974595,23.40641975402832,983600
2006-10-06,23.33139798451635,23.40641897508448,23.256376993948216,23.358678817749023,2477300
2006-10-09,23.365501510879962,23.433703605011655,23.229102525904324,23.385963439941406,373400
2006-10-10,23.33822310806959,23.515543348256916,23.33822310806959,23.420063018798828,1492200
2006-10-11,23.420060974865105,23.433701392403517,23.249559658100406,23.4268798828125,966300
2006-10-12,23.481438123822244,23.631480093189555,23.440516877182997,23.624658584594727,2358600
2006-10-13,23.576931139020544,23.61785240771644,23.501910113900394,23.570112228393555,592300
2006-10-16,23.501909510375185,23.80881251360156,23.501909510375185,23.726972579956055,1319900
2006-10-17,23.651947086374985,23.665587506345197,23.460986410080213,23.59738540649414,2131300
2006-10-18,23.801983522673545,23.904282745994113,23.46779981588199,23.535999298095703,2943200
2006-10-19,23.467801080296365,23.542822075759574,23.426879827777267,23.481441497802734,1457500
2006-10-20,23.454167593559855,23.522369701245598,23.297306648349238,23.379146575927734,4171800
2006-10-23,23.249560398202604,23.583744134422673,23.249560398202604,23.501901626586914,1401300
2006-10-24,23.433697372415462,23.54281809235976,23.433697372415462,23.51553726196289,807000
2006-10-25,23.56328013163858,23.576920548410023,23.413240750439716,23.535999298095703,1918900
2006-10-26,23.536003250139636,23.556465179554397,23.358683005623195,23.529184341430664,1976800
2006-10-27,23.522361215501626,23.522361215501626,23.304117151283673,23.358678817749023,1352600
2006-10-30,23.19500282928955,23.495086874481945,22.98358281742491,23.433706283569336,739000
2006-10-31,23.43370826207633,23.51554818965483,23.27002580527494,23.379146575927734,1387100
2006-11-01,23.46780374981848,23.48826307758352,23.181362754532252,23.263202667236328,1483300
2006-11-02,23.119987275650544,23.222286538712492,23.106346853580053,23.181367874145508,1618600
2006-11-03,23.235923063367423,23.283663231784324,23.04496238969981,23.133621215820312,1376000
2006-11-06,23.19500699411439,23.399610734990564,23.181369172924306,23.33823013305664,1522400
2006-11-07,23.25637625460881,23.651940518976936,23.25637625460881,23.60420036315918,3315900
2006-11-08,23.46097595005261,23.699676688996842,23.46097595005261,23.638296127319336,899100
2006-11-09,23.590570840344416,23.65877035110688,23.426888372212108,23.49509048461914,1534000
2006-11-10,23.420063590579637,23.57692450732524,23.420063590579637,23.529184341430664,1413900
2006-11-13,23.529168609946055,23.75423147152509,23.529168609946055,23.71331024169922,1261500
2006-11-14,23.78152382706684,23.849725917320434,23.542823015288587,23.788345336914062,1344200
2006-11-15,23.829260395290085,24.047501847897088,23.795160656128367,24.02022361755371,2041200
2006-11-16,24.122525338008032,24.211186750342733,24.05432585260817,24.12934684753418,1200700
2006-11-17,24.12251865429614,24.15661838754794,24.061138093785754,24.142980575561523,848400
2006-11-20,24.177082284928918,24.177082284928918,24.040680739130057,24.061140060424805,595700
2006-11-21,24.149799481554734,24.21118004206512,24.006579040911454,24.142980575561523,2369300
2006-11-22,24.265750915137225,24.265750915137225,24.17026798345821,24.23847007751465,1154900
2006-11-24,24.06796607982219,24.22482697631718,24.040685245220388,24.19072723388672,108600
2006-11-27,24.115714314417914,24.122533224529803,23.774711572645362,23.801992416381836,1635300
2006-11-28,23.679231257307972,23.77471160888672,23.631491081518597,23.77471160888672,1699400
2006-11-29,23.77470327370358,23.96566390991211,23.76106285659675,23.96566390991211,1002100
2006-11-30,23.89746729385632,24.054328206943765,23.80198696429386,23.9520263671875,693400
2006-12-01,23.877002906918122,24.013404478670097,23.65194252492441,23.815622329711914,742100
2006-12-04,23.870184942180426,24.13616658670173,23.842904106423447,24.122526168823242,1575200
2006-12-05,24.108881890644245,24.197543291836162,24.040682413815553,24.17708396911621,896000
2006-12-06,24.15662142055336,24.183902251237217,24.095243453979492,24.095243453979492,2713600
2006-12-07,24.0611421035407,24.245283815758814,24.054323196411133,24.054323196411133,483800
2006-12-08,24.040682756240205,24.102063326917616,23.979302185562798,24.08160400390625,991700
2006-12-11,23.992945821729048,24.102066561841117,23.97248649597168,23.97248649597168,286000
2006-12-12,23.972484291091547,24.040683771772542,23.822442311621256,24.013402938842773,2599200
2006-12-13,24.033871905737602,24.108890315808008,23.84290862092478,23.931570053100586,1596000
2006-12-14,23.986131559530403,24.12253317629557,23.842911032666976,24.067974090576172,1107700
2006-12-15,24.159404827899706,24.24190633116307,24.11815538760578,24.20065689086914,2519200
2006-12-18,24.276281225350832,24.324407314593266,24.17315239258838,24.2281551361084,978700
2006-12-19,24.145662475389912,24.296917469149285,24.08378567091348,24.23504066467285,579000
2006-12-20,24.14565181069705,24.358783514796478,24.14565181069705,24.269405364990234,428800
2006-12-21,24.303788294529856,24.393166472009792,24.166286634008188,24.22128677368164,879900
2006-12-22,24.248778869518357,24.248778869518357,24.015022464394992,24.070022583007812,357500
2006-12-26,24.08378366353069,24.186912536621094,24.076909629240216,24.186912536621094,696600
2006-12-27,24.3106632232666,24.331287946343725,24.17315894984207,24.3106632232666,1033200
2006-12-28,24.358782717955695,24.37940743543812,24.20752779595081,24.2281551361084,231300
2006-12-29,24.255652900841813,24.262529554840327,24.070022583007812,24.070022583007812,252000
2007-01-03,24.15253594342081,24.44816923435931,24.07690845652825,24.22128677368164,3095700
2007-01-04,24.1181583404541,24.19378319781042,23.946278657717713,24.1181583404541,1706700
2007-01-05,24.118160117460693,24.118160117460693,23.9050283510009,24.035655975341797,3413800
2007-01-08,23.973783150712645,24.166290224864415,23.89128161760557,24.125038146972656,1669600
2007-01-09,24.200654777210072,24.228156150121087,24.015024444073635,24.111276626586914,1043200
2007-01-10,23.99440058762076,24.19377899169922,23.973773245858915,24.19377899169922,2762800
2007-01-11,24.131911495875517,24.420670787555476,24.131911495875517,24.393169403076172,2450300
2007-01-12,24.406911313332227,24.489412814408457,24.3450345318562,24.4619140625,1241300
2007-01-16,24.37254255898993,24.64067447768156,24.37254255898993,24.592548370361328,1560600
2007-01-17,24.647551766639562,24.723179266037064,24.565050232149783,24.613176345825195,1659600
2007-01-18,24.558176600472706,24.681930215578515,24.496299792919803,24.503173828125,1329300
2007-01-19,24.510047285408863,24.620050193063225,24.468795211534907,24.48941993713379,1531000
2007-01-22,24.461919924946688,24.489418683445386,24.15253594342081,24.22128677368164,1188600
2007-01-23,24.166291026863167,24.551299942590976,24.166291026863167,24.503173828125,1829300
2007-01-24,24.5650453467961,24.5650453467961,24.406916344356596,24.434417724609375,2334300
2007-01-25,24.530673532507294,24.530673532507294,24.228166173364027,24.303791046142578,2087600
2007-01-26,24.379406795621005,24.379406795621005,24.02877349424604,24.20752716064453,1771100
2007-01-29,24.200665918411158,24.296918145235836,24.118164384372356,24.262542724609375,2823500
2007-01-30,24.33815935608435,24.33815935608435,24.138778333731707,24.248781204223633,1692500
2007-01-31,24.200657775282714,24.599417241191222,24.200657775282714,24.571918487548828,1263600
2007-02-01,24.716302419365782,24.881305469575576,24.413792456187494,24.785053253173828,2036800
2007-02-02,24.750676162758033,24.963807929434036,24.750676162758033,24.881303787231445,2448900
2007-02-05,24.943182606766214,24.977560646811863,24.681927336617672,24.929431915283203,1521100
2007-02-06,24.908795093401647,24.943170494077975,24.846918323114274,24.936296463012695,2814600
2007-02-07,24.99131244145192,24.99131244145192,24.881309515864253,24.915687561035156,1130400
2007-02-08,24.94317763970459,24.94317763970459,24.73004852084996,24.743799209594727,2209000
2007-02-09,24.76442823885963,24.7988036553629,24.571923808300376,24.64754867553711,3604600
2007-02-12,24.66130323987251,24.70255531976101,24.578801702772086,24.688804626464844,2738100
2007-02-13,24.626916252427375,24.888174057006836,24.626916252427375,24.888174057006836,4795200
2007-02-14,24.9844240342031,25.286931249888443,24.92942129171025,25.25255584716797,2329000
2007-02-15,25.328192320872997,25.328192320872997,24.922556129988216,25.307567596435547,1417900
2007-02-16,25.30067988801423,25.30067988801423,25.135676919239028,25.20442771911621,971800
2007-02-20,25.17694164980305,25.29382122783038,25.094440115280314,25.245695114135742,1537800
2007-02-21,25.094430205233202,25.32131261391816,25.094430205233202,25.314435958862305,2347400
2007-02-22,25.36256502035874,25.40381708749299,25.10130717386003,25.231937408447266,1525100
2007-02-23,25.170065591544944,25.170065591544944,25.00505991308609,25.163188934326172,1953000
2007-02-26,25.128815097902972,25.16319051813162,24.922559953854638,25.01881217956543,1548900
2007-02-27,24.888173136456164,24.888173136456164,24.06315031539334,24.269405364990234,4292800
2007-02-28,24.29689598083496,24.496276910333876,24.12501641182019,24.29689598083496,3121100
2007-03-01,23.97377276853356,24.386285500777394,23.43750910155942,24.25565528869629,4232900
2007-03-02,24.303779281413696,24.303779281413696,23.953145980834957,23.95314598083496,3170500
2007-03-05,23.801891537721975,24.090650693375263,23.61626121394668,23.89126968383789,4517300
2007-03-06,24.056279769903156,24.166282653808594,23.905024821029816,24.166282653808594,5726800
2007-03-07,24.118151292972232,24.235028184196388,24.070022583007812,24.070022583007812,2483100
2007-03-08,24.193778457640015,24.743795432774935,24.193778457640015,24.248781204223633,2759100
2007-03-09,24.475663840811983,24.475663840811983,24.24190738583305,24.37253761291504,1306900
2007-03-12,24.510047285408863,24.551296736606627,24.23503870493487,24.48941993713379,1513400
2007-03-13,24.4894241526611,24.4894241526611,23.980661600686588,24.076913833618164,2573800
2007-03-14,24.166294146280542,24.200669572096817,23.75378116845462,24.173168182373047,3341700
2007-03-15,24.035651261666914,24.290035049298492,24.035651261666914,24.20065689086914,2479500
2007-03-16,24.315038382238793,24.377049068206755,24.108336971795925,24.287477493286133,1633400
2007-03-19,24.370143366669115,24.501056198925756,24.342585122085694,24.459714889526367,3446800
2007-03-20,24.51484533116882,24.556184026882146,24.432162683041295,24.5217342376709,1330600
2007-03-21,24.54241093711928,24.935144434140422,24.507961137588712,24.859355926513672,3295000
2007-03-22,24.935141496060893,24.935141496060893,24.756000982599144,24.907583236694336,2537800
2007-03-23,24.831787180660175,25.052268981933597,24.72843518640996,25.052268981933594,3497400
2007-03-26,24.776675007699897,25.12806982150208,24.693994957302905,24.845577239990234,2302400
2007-03-27,24.74221977448777,24.824899806735406,24.631978855373973,24.728439331054688,2552300
2007-03-28,24.790448642338998,24.790448642338998,24.39771522542772,24.52862548828125,4467300
2007-03-29,24.549295120380073,24.652644488013827,24.370152011120865,24.5217342376709,4731400
2007-03-30,24.680205063371314,24.728435293336524,24.328813012431866,24.494173049926758,5669400
2007-04-02,24.55618036161725,24.55618036161725,24.397709252218604,24.535511016845703,4166400
2007-04-03,24.65265333077658,24.762894272805628,24.625095066532854,24.707775115966797,3728000
2007-04-04,24.52863019431833,24.735334245698656,24.52863019431833,24.611312866210938,2915700
2007-04-05,24.597529793329258,24.693990271881972,24.5492995540529,24.687101364135742,2503000
2007-04-09,24.804234729540212,24.845576066962575,24.65954399108887,24.659543991088867,2472000
2007-04-10,24.714659608864334,24.776670291947415,24.59063824269817,24.65264892578125,3088600
2007-04-11,24.74910761910123,24.7766685047837,24.521736883097667,24.55618667602539,4280500
2007-04-12,24.459727419942652,24.852460861206055,24.459727419942652,24.852460861206055,3867800
2007-04-13,24.873135504554956,24.90758793487583,24.728444759272367,24.845577239990234,3796500
2007-04-16,25.004042844235414,25.059161989399144,24.97648195747814,25.045381546020508,1429000
2007-04-17,25.0384926385066,25.059161989399144,24.928251719828314,25.045381546020508,1527900
2007-04-18,24.873121246386635,25.252076735874027,24.873121246386635,25.114274978637695,1542700
2007-04-19,25.09361794940299,25.29343048496279,25.024718343931355,25.196969985961914,3395400
2007-04-20,25.56213211557761,25.631034321070103,25.369211196899414,25.369211196899414,1695200
2007-04-23,25.445011720931614,25.575922017265768,25.424342365813423,25.465681076049805,2643200
2007-04-24,25.569020402511175,25.631031065402592,25.376099508337894,25.389877319335938,4669400
2007-04-25,25.582805208058527,26.08577950253117,25.382992745934317,25.651704788208008,2316400
2007-04-26,25.6792674296148,25.741278107334796,25.60347630925139,25.63792610168457,724100
2007-04-27,25.631036534223803,26.051330824792636,25.61725609193541,25.9341983795166,3192900
2007-04-30,26.13400718921551,26.18223741629329,25.63103294372559,25.631032943725586,1713900
2007-05-01,25.7964053582864,25.83774669921168,25.67238396386206,25.78951644897461,3308800
2007-05-02,25.720604897226455,26.113338254392197,25.720604897226455,25.954864501953125,2236900
2007-05-03,26.11334711809486,26.16846627075437,26.0651168738861,26.140905380249023,2078500
2007-05-04,26.285589460365248,26.45784102267865,26.106446363683165,26.16845703125,3364100
2007-05-07,26.251153079851978,26.28560551603897,26.168473015377295,26.237375259399414,1978800
2007-05-08,26.11334040874114,26.23047022076768,26.071999083605036,26.223581314086914,1202500
2007-05-09,26.202907012395954,26.38205011040678,26.127115903879854,26.292478561401367,2064100
2007-05-10,26.19601083269299,26.320032134310573,26.009978880266623,26.113330841064453,3222600
2007-05-11,26.113344356426555,26.313154220581055,25.97554254682452,26.313154220581055,1681400
2007-05-14,26.37515868942517,26.37515868942517,26.11333820405292,26.19601821899414,3746800
2007-05-15,26.244259462425596,26.499191148702955,26.209809660769423,26.264928817749023,2981300
2007-05-16,26.368284516711075,26.423403681353182,26.196032856132888,26.395845413208008,2150400
2007-05-17,26.457835995019447,26.499174679975102,26.3200342456845,26.444055557250977,2809300
2007-05-18,26.40961586698217,26.5267456902398,26.35449409484863,26.354494094848633,2837700
2007-05-21,26.52674616348759,26.554307050046056,26.388944359046064,26.50607681274414,4293200
2007-05-22,26.678329727403263,26.678329727403263,26.39583719711902,26.450956344604492,1107900
2007-05-23,26.41650453148783,26.63698636129367,26.41650453148783,26.581867218017578,4071100
2007-05-24,26.664539929638266,26.69210080788823,26.32003683656374,26.368267059326172,3748200
2007-05-25,26.499170619774798,26.58874213737084,26.423379537835793,26.526731491088867,2288500
2007-05-29,26.35447924214025,26.69898223876953,26.35447924214025,26.69898223876953,5165600
2007-05-30,26.57496902809805,26.829900587161205,26.430278356333833,26.816120147705078,3556000
2007-05-31,26.912589010093882,27.009049478675653,26.878136589871268,26.960819244384766,4611600
2007-06-01,27.133078791755732,27.16752859373377,26.933266260591132,27.064176559448242,5356800
2007-06-04,26.89190568904115,27.119278950519213,26.89190568904115,27.071048736572266,5474900
2007-06-05,27.043506030279953,27.14685806008014,26.878143308269912,26.988384246826172,4470400
2007-06-06,26.843672866550005,26.87812264054308,26.616302255516302,26.69898223876953,6151500
2007-06-07,26.512971595035705,26.72656457066621,26.22359010710217,26.264928817749023,5776000
2007-06-08,26.388936966199694,26.685209842825508,26.23046585541032,26.630090713500977,3031400
2007-06-11,26.561189260148033,26.802343014201863,26.561189260148033,26.664541244506836,2960600
2007-06-12,26.64388055927219,26.699002341844604,26.320049285888672,26.320049285888672,3105200
2007-06-13,26.56119791007961,26.94704246520996,26.485406780647665,26.94704246520996,3294500
2007-06-14,26.947056056598544,27.201987833708806,26.947056056598544,27.084857940673828,2121200
2007-06-15,27.354941214540816,27.36875715816381,27.230600357055664,27.230600357055664,1733200
2007-06-18,27.285849124468918,27.382558041518664,27.13387646332197,27.216772079467773,1543100
2007-06-19,27.16841800962182,27.424006241927007,27.057890519846183,27.299665451049805,3627800
2007-06-20,27.499995362975284,27.541440540724636,27.147695541381836,27.147695541381836,2117900
2007-06-21,27.140788659452664,27.292758701776414,26.96809339330973,27.202959060668945,2777700
2007-06-22,27.19604886414182,27.258219263277347,26.933553965676758,27.044078826904297,3238300
2007-06-25,27.099333520893442,27.22367428971169,26.81611346638964,26.974992752075195,2682100
2007-06-26,26.968101031474827,27.050994044867416,26.74014195074348,26.747051239013672,7165100
2007-06-27,26.601979594373972,27.00954055786133,26.539809188583668,27.009540557861328,2196800
2007-06-28,26.836844411590892,27.057894150562557,26.836844411590892,26.87138557434082,2308900
2007-06-29,27.050990689879395,27.18223816439986,26.802309045422888,26.968097686767578,4411100
2007-07-02,26.98881899679271,27.25822322045017,26.864478180470662,27.161514282226562,3608300
2007-07-03,27.334214005353783,27.396384423608136,27.285859528391658,27.354936599731445,1674400
2007-07-05,27.354934085011053,27.96973155795125,27.2236866074824,27.32730484008789,1979200
2007-07-06,27.375673337026246,27.51383017290359,27.285870998437602,27.493104934692383,1566500
2007-07-09,27.54144565272983,27.714140952394764,27.500000467287784,27.70032501220703,2363400
2007-07-10,27.54835704932457,27.755590897762865,27.175334541062824,27.237504959106445,2392000
2007-07-11,27.216778533606497,27.52762794494629,27.209869246395712,27.52762794494629,3833200
2007-07-12,27.77630325830776,28.294389006083254,27.582885422376766,27.935182571411133,3015000
2007-07-13,27.976639804528624,28.246044062508386,27.976639804528624,28.128612518310547,3053200
2007-07-16,28.11479628852133,28.398016484399374,28.11479628852133,28.30821418762207,2413700
2007-07-17,28.377293888592458,28.625972915220714,28.315123473155086,28.474002838134766,4281800
2007-07-18,28.39111329847808,28.612163126422804,28.246049842974696,28.41183853149414,4158300
2007-07-19,28.584518821153324,28.729582200263742,28.57070288479227,28.66741180419922,4174700
2007-07-20,28.439459263752607,28.653602373286855,28.13551650016424,28.25295066833496,4509400
2007-07-23,28.45328241944216,28.577623271336027,28.335850856609998,28.43946647644043,1963600
2007-07-24,28.370383335404426,28.46018562816914,28.01808608705229,28.04571533203125,7209600
2007-07-25,28.21841128491296,28.349661400874062,27.831575495017976,28.114795684814453,8328900
2007-07-26,27.721048460033536,28.038807158584113,27.196053307095124,27.52762794494629,8378000
2007-07-27,27.451653429564224,27.63816208481224,26.97501258691169,27.016460418701172,7651900
2007-07-30,27.237501772734824,27.638153481495888,27.147699482705896,27.596708297729492,6668400
2007-07-31,27.707233571638806,28.038808222066244,27.15460915425974,27.22368621826172,9482400
2007-08-01,27.078622550779684,27.831574135926708,27.02335879199555,27.424013137817383,9594300
2007-08-02,27.555261370919887,27.734865956792284,27.403288665200336,27.610525131225586,7948200
2007-08-03,27.658873532177523,27.714134645231017,27.009537666735245,27.044078826904297,5419400
2007-08-06,27.06480837349357,27.45164680480957,26.940467543253472,27.45164680480957,6596400
2007-08-07,27.285858152782364,27.63815541504849,27.113162848017918,27.45164680480957,5377800
2007-08-08,27.527639464208995,27.665796279907227,27.216789922790575,27.665796279907227,7208400
2007-08-09,27.092433892022388,27.306574333161798,26.70559555155544,26.926645278930664,9365300
2007-08-10,26.374032252881705,26.81613189692294,26.02864157658427,26.61580467224121,15654300
2007-08-13,26.9542701689788,27.126965388435256,26.781574949522337,26.974992752075195,6220100
2007-08-14,27.113159537861197,27.113159537861197,26.284221649169922,26.284221649169922,4621200
2007-08-15,26.242789944223084,26.56054879694757,25.807596868026003,25.9733829498291,7857900
2007-08-16,25.579623565734217,25.987184524536133,24.89575174502371,25.987184524536133,14361500
2007-08-17,26.65723661121439,26.80920926143077,25.93882380034445,26.249675750732422,11701500
2007-08-20,26.36712195659464,26.705605965891284,26.228967799449862,26.629619598388672,11070500
2007-08-21,26.58126401746015,26.747052688350266,26.443107230905312,26.526002883911133,4968200
2007-08-22,26.698696962368576,27.078626131322974,26.69178767404643,27.002639770507812,4456300
2007-08-23,27.140794656541157,27.21678101205346,26.67106321802985,26.857574462890625,3297300
2007-08-24,26.767787728644628,27.19607159446857,26.767787728644628,27.07863998413086,4095000
2007-08-27,27.14770793335174,27.20987836347503,27.016460418701172,27.016460418701172,3444800
2007-08-28,26.975005117069,26.988821057172952,26.33257839540126,26.367116928100586,4981900
2007-08-29,26.52600451861788,26.995736040779363,26.491463343509373,26.988826751708984,3397500
2007-08-30,26.74704222980383,27.0302623456927,26.643424021623794,26.823028564453125,2472300
2007-08-31,27.10626213469232,27.32040267304423,26.968105333584173,27.230600357055664,4389100
2007-09-04,27.18915057446741,27.47237078315472,27.03717785537424,27.354936599731445,5069600
2007-09-05,27.092455932721663,27.182255645877767,26.905944579429924,27.07863998413086,2298500
2007-09-06,27.099338328512047,27.299665451049805,26.8644726829796,27.299665451049805,3230200
2007-09-07,26.961196468163102,26.995737645324635,26.643437665203027,26.74014663696289,6721600
2007-09-10,26.850663914546647,26.91283432658165,26.394748437997,26.7608642578125,5932500
2007-09-11,26.69178767404643,27.07171684300083,26.69178767404643,27.002639770507812,4543200
2007-09-12,26.926646952727026,27.209867098226916,26.843753958588728,26.981910705566406,3671400
2007-09-13,27.216784146135613,27.38947947032398,27.064811417610958,27.265138626098633,3566100
2007-09-14,27.216786667102575,27.361850120428205,27.05099798107202,27.313495635986328,2426700
2007-09-17,27.2789672860134,27.313505839929036,27.07863998413086,27.07863998413086,2308200
2007-09-18,27.223686444974042,28.059531047915655,27.223686444974042,27.955915451049805,5280900
2007-09-19,28.27367326002114,28.349659609698488,28.087162029482478,28.25295066833496,3263700
2007-09-20,28.156239606999893,28.19078077393685,27.98354431279937,28.018085479736328,7924500
2007-09-21,28.326340043432626,28.326340043432626,28.1180586571421,28.208314895629883,2176200
2007-09-24,28.249974212162265,28.2777457744687,27.91672340981092,27.93755340576172,4150100
2007-09-25,27.944495354284328,28.18748990668392,27.80564018929514,28.04863739013672,10901000
2007-09-26,28.222199390249596,28.374937654076778,28.159714712361666,28.243026733398438,7758200
2007-09-27,28.423540502778213,28.458256277438092,28.263858003421465,28.368000030517578,3595800
2007-09-28,28.486028544981096,28.52074432373047,28.284691329821936,28.52074432373047,3124700
2007-10-01,28.506856504304825,28.909533554282653,28.409656038573182,28.88870620727539,8254500
2007-10-02,28.937289210915136,28.999773866034943,28.597094388942768,28.652637481689453,1351600
2007-10-03,28.59710060358863,28.652643708405797,28.381877693524633,28.458248138427734,3975500
2007-10-04,28.569345759234082,28.569345759234082,28.416604794260646,28.55545997619629,3475100
2007-10-05,28.826222523643743,28.985905035968976,28.67348157774918,28.86787986755371,2919900
2007-10-08,28.826224839820267,28.930364235299773,28.7012554464911,28.81928062438965,849600
2007-10-09,28.951185075084716,29.090040206909183,28.777616822414473,29.09004020690918,1840900
2007-10-10,29.15251831097029,29.15251831097029,28.63875523358716,28.770666122436523,1855000
2007-10-11,28.985915662735508,29.01368723552372,28.43743901816163,28.562408447265625,5550500
2007-10-12,28.56934511977689,28.68737030029297,28.374946810041216,28.68737030029297,4771000
2007-10-15,27.986141631193213,28.978952092862308,27.986141631193213,28.46518898010254,5630200
2007-10-16,28.465196494291316,28.465196494291316,28.208316194321128,28.340227127075195,4872900
2007-10-17,28.430479329179825,28.583217585282213,28.069457058357457,28.416593551635742,7526300
2007-10-18,28.312460808935956,28.49991489445961,28.194435633851878,28.49297332763672,3888600
2007-10-19,28.215250876831703,28.291621321326947,27.55569107707576,27.70149040222168,5618700
2007-10-22,27.409909421971207,27.805644989013672,27.305770016584606,27.805644989013672,9143100
2007-10-23,27.979209616043995,28.02780852849124,27.750100835713,27.99309539794922,5009200
2007-10-24,27.972263278666464,28.104174211605674,27.0835919273888,27.909778594970703,7285900
2007-10-25,28.02780408822003,28.11111876645236,27.639012850235858,27.958377838134766,7023600
2007-10-26,27.44461920911696,28.29163337483434,27.44461920911696,27.979209899902344,4185100
2007-10-29,28.027803977355887,28.159717559814453,27.965319293149637,28.159717559814453,2597100
2007-10-30,28.048633741899245,28.111118425595002,27.90283438098137,27.909778594970703,2207300
2007-10-31,27.840358918229636,28.34023655335909,27.840358918229636,28.152782440185547,5443400
2007-11-01,27.770926762790147,28.062520222547302,27.659843161676665,27.673728942871094,6016400
2007-11-02,28.01391385940896,28.01391385940896,27.548752231141894,27.923660278320312,6475400
2007-11-05,27.750104502495972,28.076411150838258,27.555706178577918,27.805644989013672,7972100
2007-11-06,28.145828934115308,28.2569125116448,27.85423288782451,28.243026733398438,4168900
2007-11-07,28.14583062293178,28.14583062293178,27.54181115095874,27.562641143798828,10259700
2007-11-08,27.694559009445353,27.715386359060812,27.236338778809728,27.569589614868164,8635800
2007-11-09,27.2502007935394,27.354342747667744,27.021089553833008,27.021089553833008,5710900
2007-11-12,26.903075676459768,27.250212136801185,26.729507446289062,26.729507446289062,5374200
2007-11-13,26.93779476271625,27.43072801001829,26.93779476271625,27.409900665283203,4289600
2007-11-14,27.576525951894073,27.66677954007088,27.222445218937036,27.319643020629883,5033000
2007-11-15,27.514047477210266,27.514047477210266,26.826715848401182,26.93779945373535,3506800
2007-11-16,26.95166659846101,27.055808565141337,26.618416012900283,26.944725036621094,7695300
2007-11-19,26.673971507068284,26.771171966766225,26.437921193127025,26.555946350097656,7974300
2007-11-20,26.410150687349986,26.910025543539966,26.243523969658774,26.597604751586914,7125500
2007-11-21,26.2574012733352,26.451796840848868,26.11854616149359,26.15325927734375,4936700
2007-11-23,26.132438562077493,26.58371712785129,26.132438562077493,26.500402450561523,1069100
2007-11-26,26.771172888963864,26.812827581827584,26.08384132385254,26.08384132385254,3644400
2007-11-27,26.042187149925194,26.694805667544138,26.042187149925194,26.604549407958984,6404300
2007-11-28,26.555938805744145,27.416838379401252,26.555938805744145,27.250211715698242,5381200
2007-11-29,26.93084681274519,27.38212261515077,26.93084681274519,27.250211715698242,3274500
2007-11-30,27.74314407481253,27.74314407481253,27.159954740727542,27.354352951049805,6791800
2007-12-03,27.527938884897875,27.527938884897875,27.07666015625,27.07666015625,3348700
2007-12-04,27.00028391139244,27.1321975123783,26.937799218410202,27.014169692993164,3114000
2007-12-05,27.451550715464393,27.465436491081974,27.243269378082477,27.458492279052734,2815800
2007-12-06,27.562653575342846,27.923676048917695,27.36825522899162,27.77093505859375,2220100
2007-12-07,27.895897856067855,28.027808812842643,27.882012074021752,27.979209899902344,3432400
2007-12-10,28.034744049379842,28.180540741506324,27.92366047702996,28.111114501953125,2496100
2007-12-11,28.340243151208302,28.340243151208302,27.21552085876465,27.21552085876465,8748500
2007-12-12,27.770922533108834,28.02086125965746,27.215504612134968,27.562641143798828,4597700
2007-12-13,27.201613055300797,27.76397507058679,27.201613055300797,27.70149040222168,3178300
2007-12-14,27.26409094800355,27.708425079978127,27.26409094800355,27.3960018157959,5105000
2007-12-17,27.229383367622994,27.271038045675585,26.812818048010964,26.903074264526367,5244200
2007-12-18,26.889192089879426,27.08358767599956,26.639253394329987,26.979448318481445,5743700
2007-12-19,27.22245295345444,27.22245295345444,26.687862243812962,26.889202117919922,3489600
2007-12-20,26.923897048339363,27.111351013183594,26.77115884058662,27.111351013183594,3717500
2007-12-21,27.680598696944998,27.680598696944998,27.27599189741269,27.58991050720215,2760800
2007-12-24,27.924761935142207,27.924761935142207,27.61084592129255,27.896860122680664,891200
2007-12-26,27.861983419931526,27.861983419931526,27.617825883169818,27.792224884033203,2219400
2007-12-27,27.61781940836672,27.875929124019603,27.415515976125597,27.471324920654297,2491000
2007-12-28,27.589911062604248,27.666647019999363,27.37365808570883,27.443416595458984,1541400
2007-12-31,27.582943026900473,27.582943026900473,27.241119858784977,27.317855834960938,2378300
2008-01-02,27.241112733384536,27.352727943777193,26.662109661071543,26.864410400390625,7781500
2008-01-03,27.038810904297986,27.073692821730013,26.85046238797176,26.88534164428711,5334700
2008-01-04,26.606298026434512,26.724890672324985,26.194716480902137,26.33423614501953,12500300
2008-01-07,26.320294977434635,26.438887673180968,25.83895472804833,26.006376266479492,8542800
2008-01-08,26.12496006451316,26.187743785321135,25.29481946037259,25.427364349365234,10547800
2008-01-09,25.35761315604687,25.671531883572225,25.050671878642923,25.50411033630371,11917100
2008-01-10,25.420388649474194,26.11798441257727,25.329703116274782,25.859874725341797,14380500
2008-01-11,25.720353642789135,25.89475257408763,25.280870251920817,25.420387268066406,8847000
2008-01-14,25.51805525121865,25.769187500041266,25.462246310735797,25.73430824279785,4419800
2008-01-15,25.45526731415292,25.57385730139244,25.057635331761507,25.197154998779297,13396100
2008-01-16,24.98787791469489,25.385507253249546,24.87626270845352,24.90416717529297,8588100
2008-01-17,25.190183850145132,25.225063106656723,24.060079440246074,24.241453170776367,12869100
2008-01-18,24.33213516061133,24.806500379307355,24.157736261417675,24.192615509033203,8143000
2008-01-22,22.82533320870811,24.53444062367245,22.602102787297667,24.276330947875977,10142800
2008-01-23,23.543857227672227,25.008807279614054,23.543857227672227,24.939048767089844,11973300
2008-01-24,25.1832056586286,25.2320371485264,24.862312250409758,25.085542678833008,7188500
2008-01-25,25.469222763031173,25.469222763031173,24.939051099362743,24.97393035888672,16852000
2008-01-28,25.127406558427072,25.42039558149104,24.91812830465033,25.34366226196289,11629800
2008-01-29,25.636647329326912,25.636647329326912,25.399464635345606,25.5668888092041,5274000
2008-01-30,25.643623388669017,26.159845510977156,25.434345156804618,25.671527862548828,6795200
2008-01-31,25.322725227746854,26.152865874507885,25.21111001403738,25.81104278564453,9121000
2008-02-01,26.055207083484724,26.40400505065918,25.978473766044882,26.40400505065918,8863300
2008-02-04,26.50166457560455,26.50166457560455,26.117984771728516,26.117984771728516,7162900
2008-02-05,25.511077044919478,25.859874929220936,25.413414063093736,25.455270767211914,8321600
2008-02-06,25.60873612062585,25.755230571019556,25.28784275468261,25.413410186767578,5560400
2008-02-07,25.273892804443634,25.53200247765278,25.155302808496582,25.420387268066406,7200500
2008-02-08,25.322734352736518,25.483181113940724,25.078576816364368,25.232046127319336,7242700
2008-02-11,25.14135104154513,25.545955185890733,25.071589871060333,25.483171463012695,5167400
2008-02-12,25.685476384409114,25.91568426894526,25.497125204638646,25.74128532409668,10940000
2008-02-13,25.748244989673882,26.201683044433597,25.545941693789384,26.201683044433594,5794700
2008-02-14,26.292382895807275,26.299360343542208,25.685475337581796,25.81104278564453,6746200
2008-02-15,25.54595998850838,25.762215665992294,25.490153702745566,25.65060043334961,6852500
2008-02-19,25.825004144871436,25.99940314423352,25.566894370928463,25.776172637939453,5918700
2008-02-20,25.69245323242238,25.908706215869678,25.392486841398725,25.859874725341797,4769600
2008-02-21,26.111008170443498,26.124960404261877,25.46921872038053,25.657569885253906,6813000
2008-02-22,25.65757517386701,25.915687561035153,25.245993505296163,25.915687561035156,6112500
2008-02-25,26.006369554541855,26.152866689256655,25.59478794220667,26.117984771728516,5766900
2008-02-26,25.98544029260875,26.35516516870471,25.915681785800007,26.138912200927734,6428700
2008-02-27,25.84592671203081,26.38307585668404,25.84592671203081,26.1877498626709,2573900
2008-02-28,26.09705644063307,26.12496090880875,25.831969315197274,25.999393463134766,3924300
2008-02-29,25.79708629165744,25.80406373824025,25.287841796875,25.287841796875,6461700
2008-03-03,25.113446071919594,25.657569885253906,25.106471285568656,25.657569885253906,3710200
2008-03-04,25.280869780118675,25.504100195125407,25.092518618497408,25.357603073120117,4853500
2008-03-05,25.378540409054903,25.831976162070156,25.378540409054903,25.692459106445312,4740900
2008-03-06,25.720355273931467,25.720355273931467,25.204135894775394,25.20413589477539,5262400
2008-03-07,25.120423517601793,25.308774702414652,24.68791486791122,24.841386795043945,7012900
2008-03-10,24.813486813874245,24.911149817495172,24.339121372472093,24.443761825561523,5628000
2008-03-11,24.841380992954477,25.273889541625977,24.618150602600405,25.273889541625977,9575100
2008-03-12,25.19715694883957,25.587811514499688,25.19715694883957,25.225061416625977,7534700
2008-03-13,24.708838422029352,25.573858261108402,24.708838422029352,25.5738582611084,7434800
2008-03-14,25.811044985935947,25.818019773148848,24.757676483076995,25.16925811767578,14902900
2008-03-17,24.50654252082768,25.28087432636852,24.50654252082768,25.043691635131836,9241100
2008-03-18,25.49711717586558,26.362136840820312,25.37154976222512,26.362136840820312,9586500
2008-03-19,25.9296333577475,26.208672728732598,25.336678020800008,25.39946174621582,5599300
2008-03-20,25.43519536828437,25.820576589801306,25.239001875061753,25.666425704956055,3951700
2008-03-24,25.95371273715032,26.248003005981445,25.792553398561445,26.248003005981445,6765200
2008-03-25,26.198947234560496,26.465211692841923,25.98873957715321,26.409154891967773,6335700
2008-03-26,26.184950862871457,26.269036121433746,26.030799901381663,26.198965072631836,3638200
2008-03-27,26.360102894160246,26.360102894160246,25.869616645862255,25.911659240722656,7984500
2008-03-28,26.121876385756288,26.149904792541072,25.792551961311048,25.81357192993164,3255600
2008-03-31,25.92568817033867,26.20596694946289,25.764528807870033,26.20596694946289,4198900
2008-04-01,26.402154479593914,26.89964665997594,26.240995153819565,26.801549911499023,14301000
2008-04-02,26.78753862152995,26.99774634440242,26.682436096561826,26.920669555664062,5795300
2008-04-03,26.584333773488765,26.829578317616978,26.584333773488765,26.801549911499023,4375800
2008-04-04,26.80856064037932,27.07482520192904,26.64039551840633,26.906660079956055,5045000
2008-04-07,27.095838132330513,27.13788073836602,26.72447113429187,26.73848533630371,6896600
2008-04-08,26.612363071720992,26.724474027015127,26.500252116426854,26.71746826171875,4186700
2008-04-09,26.514274452157895,26.710468015863228,26.26903249752623,26.45821762084961,5800600
2008-04-10,26.444203339967142,26.654411089671363,26.24100135698055,26.57032585144043,2775100
2008-04-11,25.827591554744817,25.918682559448108,25.456224442169436,25.52629280090332,6944500
2008-04-14,25.638391371145733,25.659411334006144,25.491246285252327,25.540294647216797,3620600
2008-04-15,25.70145498440974,25.71546918453525,25.379136400329045,25.659412384033203,4748200
2008-04-16,25.827582136581125,26.374122619628906,25.827582136581125,26.374122619628906,7933100
2008-04-17,26.198945857599774,26.247994219319086,25.98873821124056,26.065814971923828,5176600
2008-04-18,26.577332777293577,26.892645720358487,26.514270188680598,26.850603103637695,7603500
2008-04-21,26.66142658426514,26.759523391723633,26.542309796047693,26.759523391723633,7976300
2008-04-22,26.591350346065383,26.605364553411455,26.233994741082366,26.332094192504883,3361800
2008-04-23,26.458216560749314,26.626384374999365,26.26202300490486,26.346105575561523,4164200
2008-04-24,26.51426887512207,26.829581802565883,26.240998562316193,26.51426887512207,4105400
2008-04-25,26.850605010719715,26.962715990334836,26.52127783869053,26.885639190673828,2686500
2008-04-28,26.96971704441187,27.039785385131832,26.808555049471394,27.039785385131836,11001600
2008-04-29,26.9346894201255,26.969726275413507,26.73149009331367,26.78754425048828,5396000
2008-04-30,26.89965164469171,27.172921972641078,26.7174723170376,26.976728439331055,7494100
2008-05-01,26.815570221265077,27.242994156625354,26.724479217105543,27.15190315246582,10939000
2008-05-02,27.37611859221004,27.495237980524923,27.053799943958303,27.257001876831055,8936500
2008-05-05,27.285022617586982,27.313051018290086,26.99773819271868,27.186925888061523,3242900
2008-05-06,27.02577532438753,27.383130866461126,26.920670124263236,27.29203987121582,3398400
2008-05-07,27.34810018928052,27.3691228378112,26.81557364838808,26.871627807617188,5733600
2008-05-08,26.927675255454037,27.123868753787534,26.83658427139808,26.962709426879883,6928200
2008-05-09,26.738491214297504,26.878630592287358,26.703457038034117,26.79454803466797,4176400
2008-05-12,26.93467752993911,27.221961975097656,26.731478292828623,27.221961975097656,3550200
2008-05-13,26.983730016212203,27.44618803931088,26.983730016212203,27.40414810180664,3191600
2008-05-14,27.397135934868835,27.67741462045274,27.397135934868835,27.432172775268555,2979500
2008-05-15,27.432174876967657,27.60033996285335,27.334075458442513,27.593334197998047,3619100
2008-05-16,27.649400582111742,27.649400582111742,27.348101774101533,27.52327537536621,2605700
2008-05-19,27.572312827483046,28.006745110724456,27.460201874083708,27.831571578979492,6566900
2008-05-20,27.579320634762233,27.579320634762233,27.249993547275043,27.390132904052734,4368400
2008-05-21,27.355087462345804,27.502232523515033,26.83657285778567,26.927663803100586,8489100
2008-05-22,26.927692363289555,27.01177496271855,26.766532933993293,26.8646297454834,6620600
2008-05-23,26.773530764688026,26.773530764688026,26.381143635077947,26.47924041748047,4037400
2008-05-27,26.47223873862196,26.759523391723633,26.388156142648615,26.759523391723633,3903600
2008-05-28,26.906667701448082,26.96973030828496,26.689451461690574,26.941701889038086,5651000
2008-05-29,27.00475685466845,27.271018743361342,26.717472321020335,27.046796798706055,7581300
2008-05-30,27.16591743476695,27.341091003982932,27.025778044806856,27.2149658203125,4003200
2008-06-02,27.09584701813261,27.28503479793099,26.801556698181752,26.983736038208008,5004300
2008-06-03,27.00475393506033,27.102850691124274,26.556310094233076,26.892642974853516,5398300
2008-06-04,26.647404848146593,26.899655237774276,26.58434225073967,26.78754425048828,4411600
2008-06-05,26.801556698181752,27.046798631474132,26.654411538206322,26.983736038208008,6498400
2008-06-06,26.73148521993639,26.829581981810662,25.93269157409668,25.93269157409668,11162200
2008-06-09,26.128896696767132,26.269036121433746,25.988757272100514,26.198965072631836,7946800
2008-06-10,25.93969348853369,26.339088874526915,25.93969348853369,26.044795989990234,4217900
2008-06-11,26.030791671170782,26.030791671170782,25.505270999528864,25.554319381713867,6568200
2008-06-12,25.673435132606063,26.15691584264636,25.526289991696522,25.64540672302246,7316900
2008-06-13,25.757517187161838,26.037795931670964,25.722483012332248,25.939699172973633,8574500
2008-06-16,25.995748304384463,26.107859245978343,25.715472286867616,25.7995548248291,5626000
2008-06-17,26.01678156458681,26.030795772124126,25.610377564815092,25.743511199951172,3678400
2008-06-18,25.449215774730046,25.624389342933274,25.344110564633496,25.37213897705078,6784300
2008-06-19,25.386147004040463,25.806565069156544,25.344104395648092,25.701459884643555,6266300
2008-06-20,25.448741092480244,25.62473514516557,25.20938907340996,25.272747039794922,5842300
2008-06-23,25.462810721815732,25.483931828000696,25.251618458153402,25.322017669677734,3460300
2008-06-24,25.117862387273174,25.25865811591374,24.906670137039907,25.019306182861328,6387500
2008-06-25,25.05450672691296,25.05450672691296,24.639160766572523,24.836273193359375,8762400
2008-06-26,24.60396490891879,24.60396490891879,23.794391330370235,24.42797088623047,10217700
2008-06-27,23.991512666381688,23.991512666381688,23.590243720260172,23.724000930786133,9277200
2008-06-30,23.68879726513791,24.090063434516747,23.646557731614337,23.94222640991211,5948100
2008-07-01,23.583195047290907,24.047819081102908,23.49167741906053,23.928144454956055,12149100
2008-07-02,24.026708441928857,24.054865448963483,23.160818038760166,23.196016311645508,12311600
2008-07-03,23.477598805862126,23.60431470221004,23.196010013776487,23.519838333129883,5800600
2008-07-07,23.57615920518251,23.808469906320497,23.231209757486074,23.491680145263672,7051500
2008-07-08,23.407208339348504,24.03374671936035,23.407208339348504,24.03374671936035,12327600
2008-07-09,24.026706642893963,24.132301453643432,23.34384892113269,23.364967346191406,9153300
2008-07-10,23.583205139132872,23.78735890275728,23.3579329466702,23.724000930786133,9592300
2008-07-11,23.526889361514016,23.78736255598536,23.196022288589592,23.294578552246094,9542500
2008-07-14,23.54800564504407,23.857754222300734,23.15377798588959,23.400171279907227,7401600
2008-07-15,23.294567759278994,23.329766024925664,22.527233752177235,22.9355411529541,9592400
2008-07-16,23.05521457814006,23.646554540386905,22.76658451832049,23.46352195739746,9211200
2008-07-17,23.81551447216707,24.111183166503906,23.555041362825495,24.111183166503906,10626300
2008-07-18,24.040780870054643,24.14637565612793,23.794387664973133,24.14637565612793,7400600
2008-07-21,24.10414158912077,24.167499542236328,23.815511510584454,24.167499542236328,7538200
2008-07-22,23.991504536615853,24.491326876431486,23.991504536615853,24.463167190551758,6980700
2008-07-23,24.639162267655582,24.78699659675218,24.371650611107764,24.653242111206055,8744400
2008-07-24,24.850353766166485,24.88555203120465,24.026703085360435,24.040782928466797,9031900
2008-07-25,24.3857268704999,24.3857268704999,24.11117667525739,24.26605224609375,8323800
2008-07-28,24.35757188133595,24.35757188133595,23.63247736079207,23.709915161132812,7177100
2008-07-29,23.850709682019055,24.60396385192871,23.843668417558842,24.60396385192871,6799400
2008-07-30,24.603968968422144,24.977075498735854,24.526531155989613,24.89259910583496,9428100
2008-07-31,24.72364139829754,24.81515904884504,24.12526275073469,24.132301330566406,17874300
2008-08-01,24.35757374511794,24.42797297147616,23.97038739924336,24.111183166503906,8000000
2008-08-04,24.061904095647865,24.160460323181304,23.843670530783967,24.005584716796875,7557100
2008-08-05,24.2308546071702,24.702519962074444,24.2308546071702,24.674360275268555,9724900
2008-08-06,24.674363109592694,25.146028518676758,24.420931270139267,25.146028518676758,6915000
2008-08-07,24.51244463256518,24.709557057460486,24.301252365112305,24.301252365112305,10655800
2008-08-08,24.399819604066273,25.265710171745873,24.30830192881203,25.138994216918945,11684800
2008-08-11,25.21642664766552,25.420580385143296,24.991154484054192,25.202346801757812,12795800
2008-08-12,25.19529402861896,25.202332604879864,24.843306135574675,24.955942153930664,7227600
2008-08-13,24.836271697536187,24.913709484954406,24.44204686770561,24.864431381225586,11052000
2008-08-14,24.68843060328975,25.153054514690023,24.561714746957445,24.955942153930664,9603900
2008-08-15,25.05451643699696,25.244590358829882,24.9418803372578,25.096755981445312,6119200
2008-08-18,25.18122095125005,25.202339371157098,24.63915912817556,24.815153121948242,6234800
2008-08-19,24.786994213594625,24.786994213594625,24.29421047852933,24.50540542602539,6894300
2008-08-20,24.40686009771438,24.533576062467624,24.083031603547997,24.308303833007812,9990500
2008-08-21,24.153416510624403,24.4772448124916,24.075978724209378,24.364608764648438,8100500
2008-08-22,24.540603328021163,24.843313217163086,24.44908569781528,24.843313217163086,6478600
2008-08-25,24.709560122552098,24.709560122552098,24.22381757861112,24.456130981445312,5858300
2008-08-26,24.315328870490422,24.45612459128716,24.139334890858247,24.44908332824707,7859300
2008-08-27,24.23789022736148,24.63211769447419,24.23789022736148,24.519481658935547,5629600
2008-08-28,24.575802601391732,25.181222404584403,24.575802601391732,25.068586349487305,8421000
2008-08-29,25.04043896164812,25.167154921544178,24.77292719237236,24.794048309326172,3775700
2008-09-02,25.174185286824564,25.45577681367384,24.639164608357923,24.80107879638672,10442600
2008-09-03,24.794041758091616,24.857399721298815,24.427973824611804,24.6180477142334,9961700
2008-09-04,24.392767323272835,24.399805901051845,23.597273761490502,23.77326774597168,11476900
2008-09-05,23.5268738952334,23.787346918472952,23.329761497499696,23.766225814819336,12674700
2008-09-08,24.223813443854823,24.512443489183546,23.892943872823636,24.14637565612793,15606400
2008-09-09,23.9985440825458,24.33645227035453,23.414242661542506,23.43536376953125,11434900
2008-09-10,23.548007765731445,23.83663794123523,23.372013690778978,23.53392791748047,9732300
2008-09-11,23.32975817695892,24.075973510742188,23.259361669346468,24.075973510742188,8516300
2008-09-12,23.83663071897256,24.054861587099694,23.632477009374696,24.012624740600586,10793300
2008-09-15,22.977778500825398,23.702872993759428,22.977778500825398,23.04817771911621,16085600
2008-09-16,22.520194217096183,23.372005956191483,22.470916107253803,23.118574142456055,18499300
2008-09-17,22.780663835953508,22.787702414367466,22.12596593978701,22.337158203125,15598500
2008-09-18,22.280846564766854,23.125617203047085,21.513512395790613,22.794750213623047,30949600
2008-09-19,24.77382106155269,24.77382106155269,23.428955409586944,23.43603515625,15910100
2008-09-22,23.35817090293755,23.627144536038596,22.791912754407857,22.813146591186523,5309400
2008-09-23,22.96179473615167,23.06796934753113,22.296441578553654,22.310598373413086,12016100
2008-09-24,22.544178396236404,22.56541223686554,21.92129296983589,22.261049270629883,8931100
2008-09-25,22.204423746834216,22.600804528062444,21.94252845830277,22.438005447387695,11687900
2008-09-26,21.96376333812207,22.37430090752313,21.68771125951252,22.34598731994629,14531000
2008-09-29,21.970836849683767,22.18318330902906,20.73214602001588,21.588611602783203,16947400
2008-09-30,21.234702351426517,21.800960540771484,21.064824894623026,21.800960540771484,10050300
2008-10-01,21.4541238749314,21.4541238749314,20.79584798900192,21.28424644470215,21014600
2008-10-02,20.972808991858326,20.972808991858326,19.684570482039845,20.010169982910156,14679300
2008-10-03,20.172970607085354,20.477334941027415,19.52177290541539,19.691650390625,18081900
2008-10-06,19.019213738442104,19.259872431963945,18.099042586469675,19.17493438720703,20767300
2008-10-07,19.5146949151817,19.663338561632205,18.27600371171465,18.537899017333984,15985000
2008-10-08,17.716816806212094,18.934272335798664,17.716816806212094,18.254762649536133,19232000
2008-10-09,18.700695315527437,18.700695315527437,16.98776253885674,17.214265823364258,15437500
2008-10-10,16.216237014150895,17.638962475832958,15.713682954337608,16.662166595458984,23376100
2008-10-13,17.830069641270242,18.729004223172964,17.41245377838929,18.44587516784668,7824200
2008-10-14,19.677493916947295,19.677493916947295,17.73805757492258,18.43880271911621,17373800
2008-10-15,18.00702897054799,18.00702897054799,16.57014687906685,16.704633712768555,15899300
2008-10-16,16.591383119444075,17.39830147262875,15.897715067515065,17.044389724731445,20528200
2008-10-17,16.44981961054314,17.822997714841794,16.44981961054314,16.67632293701172,12076100
2008-10-20,17.27089105954842,17.638959559440167,16.966526775025088,17.504472732543945,13286900
2008-10-21,17.504471724455577,17.766366967006,17.115169408571752,17.348751068115234,11165500
2008-10-22,16.71170476719287,16.88158215878269,15.805690661981657,16.548904418945312,20321500
2008-10-23,16.44981774234813,16.704634630719053,15.515490951742967,16.59138298034668,19569400
2008-10-24,15.3243730139991,16.081743671609516,15.26066881382012,15.635815620422363,17650200
2008-10-27,15.430554826200973,16.110066223262063,15.034173965454102,15.034173965454102,11494200
2008-10-28,15.685365245764327,16.796647683427896,15.140340945105796,16.57722282409668,12324100
2008-10-29,16.87450970775888,17.63895891414776,16.61261445970683,16.648006439208984,15938400
2008-10-30,17.129328540506066,17.575256733266315,16.88159005560987,17.249658584594727,14639300
2008-10-31,17.362911129544166,17.907934204411532,17.0514684081441,17.822996139526367,12745900
2008-11-03,17.759294937711065,17.830077570537046,17.4266183185153,17.518634796142578,8841400
2008-11-04,18.063656146461593,18.658227997838924,17.872543476361837,18.2830810546875,15205500
2008-11-05,18.502509207217813,18.53082280037478,17.47616575647356,17.518634796142578,15585600
2008-11-06,17.341676763998315,17.646041102805622,16.386114713111684,16.69755744934082,13678700
2008-11-07,16.945296479287492,17.030234550825647,16.47813303562874,16.867435455322266,11548100
2008-11-10,17.377067701130834,17.41953808639524,16.648010304953623,16.874513626098633,9504100
2008-11-11,16.591382660852226,16.81080756046504,16.159609908330694,16.499364852905273,15414600
2008-11-12,16.22331952956085,16.22331952956085,15.54380806415206,15.7136869430542,11420800
2008-11-13,15.876485835955238,16.612621783262682,14.7935150869569,16.55599594116211,24198500
2008-11-14,16.407347400555324,16.676319711190928,15.706602363568457,15.855244636535645,17514300
2008-11-17,15.501334013721337,16.01096778572207,15.317299746061755,15.536725997924805,17211600
2008-11-18,15.451790320909863,15.756154708299904,15.055409452480882,15.550885200500488,14682100
2008-11-19,15.720758437305925,15.720758437305925,14.51745936238053,14.545771598815918,23026400
2008-11-20,14.397124582530704,14.913835215565268,13.618518760797905,14.156464576721191,20907100
2008-11-21,14.198935526175042,14.694412393865163,13.583129989258362,14.574082374572754,27855900
2008-11-24,14.779352963021598,15.685367460205583,14.729805537796848,15.303143501281738,20405600
2008-11-25,15.749074896787478,15.841091369570972,15.126190730853846,15.522571563720703,14812300
2008-11-26,15.260678869109897,16.11006786444981,15.154505582209056,16.01097297668457,11156400
2008-11-28,15.968499566188797,16.456898213777542,15.933108927260971,16.357803344726562,4169300
2008-12-01,16.12421248661928,16.12421248661928,14.963381556240323,15.01292896270752,11050100
2008-12-02,15.331453335455167,15.741990815949626,15.133262315536305,15.706600189208984,13488200
2008-12-03,15.480104450304593,16.11714549124912,15.239444291492978,15.975580215454102,18149000
2008-12-04,15.756152628657164,16.187925432855202,15.381005655332125,15.657057762145996,16593900
2008-12-05,15.366850746950371,16.088831191780784,15.034174118481362,16.039283752441406,19686300
2008-12-08,16.669234603327656,16.952364942715164,16.209149826921227,16.45688819885254,17034400
2008-12-09,16.442739653259608,16.60553873495932,15.996811440328614,16.166688919067383,15503800
2008-12-10,16.379039518264378,16.612621278591632,16.152536156742983,16.428586959838867,10248800
2008-12-11,16.117133704713602,16.33655850666962,15.6145785582221,15.720751762390137,12010700
2008-12-12,15.37392285209496,15.83400911491828,15.2182021993348,15.763226509094238,10671300
2008-12-15,15.975578039221249,15.975578039221249,15.480102341566667,15.756153106689453,10048800
2008-12-16,16.53474998474121,16.640923192164227,15.74906581969285,16.53474998474121,14467100
2008-12-17,16.435657389673146,16.725864849671137,16.230389324095338,16.541831970214844,10329300
2008-12-18,16.605533410449524,16.676316008077684,15.91894531860761,15.961414337158203,12514900
2008-12-19,16.18082493216015,16.459559158315223,16.052178575962966,16.137943267822266,13077000
2008-12-22,16.259447928952248,16.259447928952248,15.6662461469508,15.887803077697754,10035200
2008-12-23,15.980713099481758,16.13794681204139,15.737714676227169,15.837772369384766,6315900
2008-12-24,15.852070418463187,16.002156993263483,15.816334545998249,15.937833786010742,2207000
2008-12-26,16.059329986572266,16.12365318165095,15.880654747616786,16.059329986572266,1231300
2008-12-29,15.987864590701134,16.066480786623632,15.623366857366726,15.759159088134766,3072500
2008-12-30,15.995010103285006,16.416683863582847,15.930688258072276,16.34521484375,4754000
2008-12-31,16.45242389700912,16.824068892128192,16.33807180053933,16.738304138183594,6279000
2009-01-02,16.809777804472752,17.45300881285525,16.631102448634014,17.352951049804688,6659500
2009-01-05,17.28147294302419,17.481588380055967,17.06706179353906,17.21714973449707,11182100
2009-01-06,17.453000779428283,17.681704911522267,17.31720718980342,17.5959415435791,13437000
2009-01-07,17.338643344559426,17.338643344559426,16.802617689747677,16.809764862060547,10726200
2009-01-08,16.802621617921364,16.988444051947013,16.68826956054928,16.974149703979492,11184400
2009-01-09,17.045619972108287,17.074207304677273,16.58106457159388,16.60250473022461,6161400
2009-01-12,16.595362947746587,16.63109882904766,16.159396101349387,16.238012313842773,8466900
2009-01-13,16.230855239972787,16.30232559580767,15.730565475495895,15.959269523620605,19223500
2009-01-14,15.716277958277418,15.730572308290078,15.287457000187377,15.366074562072754,15643100
2009-01-15,15.401805981901735,15.623364273065858,14.865780232696096,15.509012222290039,14149200
2009-01-16,15.666246528729552,15.766304236050276,15.16595526575788,15.594776153564453,9030200
2009-01-20,15.494713177714182,15.609065193822632,14.865775725934144,14.872922897338867,13048000
2009-01-21,15.187401973542734,15.323195596409596,14.701404892279848,15.251725196838379,16046100
2009-01-22,15.037305053353682,15.351772414806925,14.772865165167012,15.201685905456543,17930200
2009-01-23,14.787169594679638,15.06590265256719,14.679964677275539,14.74428653717041,19148400
2009-01-26,14.751425488239787,15.208834971001885,14.65136780287795,14.915807723999023,19811700
2009-01-27,15.044453416715944,15.287451832045061,14.987277399178726,15.187394142150879,14817400
2009-01-28,15.594781465515624,15.794898311505625,15.473282195304638,15.623370170593262,17246000
2009-01-29,15.530453062115646,15.530453062115646,15.001574463246415,15.051603317260742,11543100
2009-01-30,15.094481863918507,15.17309802687092,14.579896402931517,14.729984283447266,7888000
2009-02-02,14.50842358126701,14.529865092889693,14.186809086027138,14.394071578979492,9383500
2009-02-03,14.42266843607394,14.729990127608813,14.372639577114153,14.658519744873047,9087600
2009-02-04,14.815747181478613,14.994422380569818,14.579895973205566,14.579895973205566,10417600
2009-02-05,14.472692835817199,14.937248135688163,14.322606305181369,14.751425743103027,11882400
2009-02-06,14.901516368981547,15.230278180088172,14.801457300362316,15.108778953552246,12767200
2009-02-09,15.144512500261598,15.523303106013788,15.044453446982331,15.394658088684082,8462300
2009-02-10,15.316042937859647,15.4018062960991,14.522724376632707,14.587047576904297,8791200
2009-02-11,14.672807712040443,14.851482909572034,14.544161351708324,14.701395034790039,6449700
2009-02-12,14.501289027060091,14.579905237650133,14.079615180207817,14.537023544311523,12775200
2009-02-13,14.622786930988742,14.837198124050692,14.508434839962815,14.537023544311523,8666900
2009-02-17,14.036729844625546,14.165376266938281,13.779438363184305,13.800878524780273,15837300
2009-02-18,14.029581635623398,14.051023158823211,13.672231094731282,13.822319030761719,11520600
2009-02-19,14.008144580759529,14.051026273480508,13.515000343322754,13.515000343322754,12493300
2009-02-20,13.386352598592685,13.529293377990879,13.057590714434863,13.30773639678955,16660800
2009-02-23,13.464969391683853,13.53643977728582,12.700239401066515,12.793149948120117,11756700
2009-02-24,12.764558730171156,13.257701378176414,12.607323657024141,13.071880340576172,10561700
2009-02-25,13.100471995549666,13.100471995549666,12.628769346663827,12.757415771484375,14156700
2009-02-26,13.014706590507721,13.029000939906783,12.535858154296875,12.535858154296875,8399100
2009-02-27,12.328591782785342,12.607324726003371,12.199945389551198,12.221386909484863,12092200
2009-03-02,12.071299107998806,12.078446281376152,11.420921325683594,11.420921325683594,9658600
2009-03-03,11.749686570520891,11.785421080566044,11.27798326777506,11.335159301757812,10174000
2009-03-04,11.649628639221191,11.864039810220643,11.328013927498484,11.649628639221191,10929900
2009-03-05,11.47094848725526,11.499537176555487,10.992099528538203,11.199362754821777,13470200
2009-03-06,11.33516162084561,11.456661569907034,10.820577209720796,11.077869415283203,13881200
2009-03-09,11.06357396602245,11.320866827664378,10.83486980597821,10.97780990600586,9734800
2009-03-10,11.17077678426706,11.871184123239138,11.17077678426706,11.80686092376709,10318500
2009-03-11,11.999831657868176,12.171359751632691,11.792567692579317,11.92121410369873,9343000
2009-03-12,12.057011250493975,12.450096411081523,11.742542304113227,12.30715560913086,8489700
2009-03-13,12.507270453632742,12.614475356312735,12.128478343433517,12.328595161437988,8099600
2009-03-16,12.500123360751834,12.893209824081724,12.442947321400036,12.464388847351074,11528100
2009-03-17,12.564446010012205,12.828886032104492,12.350036212887616,12.828886032104492,8405900
2009-03-18,12.735970039350315,13.23626122324459,12.457237119766143,13.071880340576172,12541000
2009-03-19,13.221971270549021,13.279147308002404,12.9217967331227,12.943238258361816,8776900
2009-03-20,13.02477007131803,13.053634489567763,12.461927678760402,12.548518180847168,12500500
2009-03-23,12.866021501463939,13.515455853279292,12.764998777677285,13.457728385925293,8470900
2009-03-24,13.277338072297425,13.703078922896541,13.255691118887723,13.34949779510498,14721600
2009-03-25,13.464944491385966,13.86903676286397,13.096931370879942,13.457728385925293,10733600
2009-03-26,13.659778717822194,14.179326057434082,13.63813039588063,14.179326057434082,16530500
2009-03-27,14.006147788253514,14.063875287649935,13.782453900133904,13.912341117858887,10115000
2009-03-30,13.457734387963708,13.486598822679701,13.053641936263807,13.219608306884766,8718200
2009-03-31,13.414432783598647,13.616479602293522,13.1763068148621,13.298977851867676,10759600
2009-04-01,13.176311611094082,13.602052342947685,13.082503584709064,13.594836235046387,8653300
2009-04-02,13.8834699024872,14.518473462189654,13.854606855045168,14.32364273071289,13177000
2009-04-03,14.33086143791281,14.410235865034604,14.150462885577882,14.338077545166016,11174400
2009-04-06,14.186552642589065,14.496838604595753,14.027802293430351,14.374167442321777,7783300
2009-04-07,14.150455596886175,14.273126604341163,13.955624930399251,13.962841033935547,9263800
2009-04-08,14.107169602256352,14.179329315644448,13.883475729452108,14.085522651672363,11783600
2009-04-09,14.381378098488922,14.893709514797557,14.381378098488922,14.778254508972168,18412800
2009-04-13,14.58341819245185,14.95143140140564,14.482395444385533,14.821545600891113,13678000
2009-04-14,14.648360609139107,14.936999368523049,14.547337869153692,14.60506534576416,13458100
2009-04-15,14.554553785894353,14.900918641038515,14.496826310036992,14.742168426513672,10098200
2009-04-16,14.965864708587164,15.341094052134787,14.763817821369564,15.240071296691895,15534200
2009-04-17,15.34830788960009,15.398819259850107,15.131828818959365,15.232852935791016,9920500
2009-04-20,14.987514050375326,15.009160998680422,14.51126191901646,14.561773300170898,11248100
2009-04-21,14.453531105287427,14.9514300704329,14.417450572524396,14.915350914001465,3242900
2009-04-22,14.727735731191892,15.499841211625062,14.727735731191892,15.146260261535645,13736400
2009-04-23,15.27614333532088,15.362735211271836,14.929778584179406,15.312222480773926,8470900
2009-04-24,15.50705631728073,15.730750092427074,15.355522224019758,15.629727363586426,9277200
2009-04-27,15.507060280363772,15.651379681017701,15.28336644804881,15.319445610046387,7980500
2009-04-28,15.175118602909254,15.391596199415803,15.009150977501175,15.1390380859375,9556200
2009-04-29,15.283367879956193,15.838995835299569,15.283367879956193,15.6441650390625,14356600
2009-04-30,15.976101975078166,16.1059892067995,15.622520831132476,15.701896667480469,11382600
2009-05-01,15.716325082347794,16.048257815186844,15.629733156723887,15.875075340270996,9052100
2009-05-04,16.084338394670482,16.481214728557486,15.918370651537183,16.394622802734375,9579800
2009-05-05,16.336900552533095,16.517299194239804,16.250309975260024,16.445140838623047,9942600
2009-05-06,16.603883709947947,16.76263394805622,16.38018987981088,16.704906463623047,18727800
2009-05-07,16.863655416023363,16.87808625260481,16.243084024079234,16.365755081176758,17176100
2009-05-08,16.50285801744443,16.964677810668945,16.50285801744443,16.964677810668945,9326800
2009-05-11,16.6183138966985,16.755415795285174,16.437915357822913,16.459562301635742,10456900
2009-05-12,16.64718238737093,16.64718238737093,15.990531601382934,16.2791690826416,12735500
2009-05-13,15.882285470929464,16.055467880662224,15.550351486693081,15.608078956604004,12479500
2009-05-14,15.572006677825836,15.925587759149343,15.572006677825836,15.723542213439941,10311200
2009-05-15,15.781265694857744,16.012175617697572,15.608081876396167,15.730752944946289,17495800
2009-05-18,15.81012324471039,16.30802345275879,15.81012324471039,16.30802345275879,10524600
2009-05-19,16.271948580318405,16.38740354165028,16.113198352570002,16.18535804748535,19701800
2009-05-20,16.445138910701118,16.661616704837744,16.199796676635742,16.199796676635742,13316600
2009-05-21,15.954450526506598,16.05547328879641,15.550356724683532,15.709108352661133,20545700
2009-05-22,15.694670073102719,15.867852474266845,15.564782928146778,15.651374816894531,8858200
2009-05-26,15.759625014039171,16.24309341550432,15.521498868620958,16.221445083618164,16082300
2009-05-27,16.22143302069296,16.293592696986863,15.694669723510742,15.694669723510742,10835700
2009-05-28,15.83899098156562,15.940013714731547,15.492624768952492,15.846205711364746,10851400
2009-05-29,15.990528808954277,16.250303184888672,15.824562458254784,16.228654861450195,10999600
2009-06-01,16.57501514388735,17.015187963068904,16.430697156979498,16.979108810424805,19477000
2009-06-02,16.88529977163654,17.137857953587257,16.863652831915662,17.007970809936523,10763500
2009-06-03,16.78427949276948,16.928597491799515,16.524505167651224,16.676040649414062,15375500
2009-06-04,16.784278082951186,17.015187963068904,16.63995871971189,16.979108810424805,7971400
2009-06-05,17.35433824571093,17.375986565052553,17.029621713576002,17.123428344726562,12146000
2009-06-08,17.116214314781484,17.260533708571018,16.827576903534155,17.16672706604004,8434700
2009-06-09,17.202807360955916,17.224455684351714,16.950249093332282,17.130647659301758,10302600
2009-06-10,17.383202689126467,17.412065738612995,16.719336034957458,17.02240562438965,12810100
2009-06-11,16.986326987186022,17.217236895456182,16.95746256048644,16.993541717529297,10526900
2009-06-12,16.97911036199407,17.029621730844173,16.762631297353035,17.02240562438965,8454700
2009-06-15,16.943030619183872,16.943030619183872,16.351323625657887,16.502859115600586,8953300
2009-06-16,16.575024761383744,16.639968374891183,16.199796676635742,16.199796676635742,9303600
2009-06-17,16.120411270424214,16.26473063170269,15.990524120539868,16.077116012573242,17690700
2009-06-18,16.19978722256149,16.207001952000965,15.896717661839984,16.0915470123291,12271900
2009-06-19,16.33707876892762,16.446040779073353,16.024719990456614,16.126419067382812,8822300
2009-06-22,15.995667485955277,16.017459061279617,15.52349775171977,15.588873863220215,11339600
2009-06-23,15.538019709931604,15.596132866865085,15.312831400005233,15.443586349487305,14739300
2009-06-24,15.603407001478505,15.908501613709776,15.465389032882515,15.545293807983398,13853900
2009-06-25,15.48717583273748,16.061044653653354,15.48717583273748,16.024723052978516,18079300
2009-06-26,16.031980928466936,16.126415666732587,15.915754624083698,15.959339141845703,11819300
2009-06-29,16.090094798935425,16.235378378663484,15.944812604734267,16.119152069091797,6238800
2009-06-30,16.119153458674766,16.191795254801022,15.814059023366104,15.95207691192627,8985100
2009-07-01,15.806800112632633,16.249913973615644,15.799535791982215,16.017459869384766,14009300
2009-07-02,15.988399248057073,15.988399248057073,15.487172355500778,15.516229629516602,13736200
2009-07-06,15.320105478238885,15.523502349853517,15.254727961845889,15.523502349853516,13749300
2009-07-07,15.429054345096985,15.47263885689913,14.956884874914927,14.993205070495605,13589900
2009-07-08,14.964147326267115,15.087637915589024,14.738959093571802,14.935090065002441,18108100
2009-07-09,15.029528923078033,15.138490911814594,14.949622818092022,15.073113441467285,10261300
2009-07-10,14.93509945098632,15.116703291440283,14.6808537972453,15.051325798034668,13920900
2009-07-13,15.145753616984996,15.465376617380775,14.942356910273734,15.436319351196289,9447400
2009-07-14,15.610662578572516,15.661511421203615,15.429058777445995,15.661511421203613,7456600
2009-07-15,15.915754109563622,16.18452829571527,15.814056442897655,16.14820671081543,12194400
2009-07-16,16.140944769401703,16.525945312842254,16.053775723866444,16.4460391998291,9079900
2009-07-17,16.409734945907314,16.409734945907314,16.13369613383062,16.257186889648438,8516800
2009-07-20,16.46057569624071,16.634915256089478,16.366142287562166,16.58406639099121,11225700
2009-07-21,16.78745822574358,16.925476136803134,16.40245761338135,16.591325759887695,11590000
2009-07-22,16.51868879504173,16.75114154027101,16.482368573172526,16.642179489135742,8604600
2009-07-23,16.569531563853154,17.07802279611138,16.547739992959922,16.99085235595703,12070000
2009-07-24,16.88915430312031,17.027173586448242,16.73660776801611,17.005380630493164,7254100
2009-07-27,17.012643032829452,17.128869347110495,16.867359447214668,17.09981346130371,8301500
2009-07-28,17.02717583012084,17.208779663761764,16.88189220899718,17.085289001464844,6436600
2009-07-29,16.954531785458432,17.012644949144857,16.77292797574746,17.005380630493164,11747600
2009-07-30,17.310477554599807,17.528401603116798,17.27415734168941,17.281421661376953,13001100
2009-07-31,17.325010179264446,17.506614056645567,17.281425636640716,17.3468017578125,10541300
2009-08-03,17.57198464184633,17.81170161014524,17.426701042956715,17.724531173706055,14748700
2009-08-04,17.6954766888468,17.862551870953276,17.579250354726884,17.855287551879883,8211800
2009-08-05,17.913409310943997,17.913409310943997,17.571994463901117,17.710012435913086,10111800
2009-08-06,17.848020251613622,17.906133408966813,17.659152143834007,17.80443572998047,20333600
2009-08-07,18.073210092021032,18.400097495739253,17.956983767482793,18.24755096435547,13530300
2009-08-10,18.196696562572622,18.218489512999124,17.935188085088424,18.073205947875977,13115200
2009-08-11,17.927919359422773,18.051409943750457,17.70999406533052,17.833484649658203,12985000
2009-08-12,17.768113035834208,18.327453006532494,17.768113035834208,18.145849227905273,9455200
2009-08-13,18.283870759838603,18.29113507814969,18.029625161058735,18.225757598876953,8606100
2009-08-14,18.25481447781225,18.25481447781225,17.760853275580143,17.964248657226562,14117600
2009-08-17,17.542918095048964,17.586502597467188,17.317729882774074,17.433956146240234,15285100
2009-08-18,17.506613012948492,17.70274552135384,17.44849983107219,17.64463233947754,10463000
2009-08-19,17.46302574809638,17.789911825572393,17.412175509552384,17.695478439331055,8428000
2009-08-20,17.724528736946972,17.94971703729273,17.644624015517316,17.91339683532715,8648100
2009-08-21,18.145854658009835,18.392835981693587,17.848024482778364,18.378307342529297,8875000
2009-08-24,18.37831119172321,18.567179383834066,18.305670751742372,18.41463279724121,7054500
2009-08-25,18.55265041380919,18.661612449245336,18.400102455776622,18.516328811645508,8624800
2009-08-26,18.509065102913617,18.509065102913617,18.247556486329835,18.32746124267578,6914900
2009-08-27,18.320190248066904,18.567171518858757,18.174908044118574,18.494529724121094,8669600
2009-08-28,18.690671601094007,18.690671601094007,18.27661496299749,18.392841339111328,7591200
2009-08-31,18.26208247735368,18.269346797523383,18.036894094202548,18.17491340637207,8582000
2009-09-01,18.131324380101113,18.436418847339695,17.826231298389693,17.869815826416016,14918300
2009-09-02,17.84075898281729,17.891607831000755,17.695476757368425,17.79717445373535,10319500
2009-09-03,17.927934841276716,18.06595417483719,17.71727368028822,18.029632568359375,14405100
2009-09-04,18.044155840020974,18.414627802656266,17.98604267248174,18.385570526123047,8476400
2009-09-08,18.65435314751459,18.705202018696497,18.487277889194658,18.545391082763672,17735000
2009-09-09,18.639822023748426,18.959445238633805,18.610766123592104,18.857746124267578,12228700
2009-09-10,18.901325093233673,19.075664586561874,18.705192643666773,19.01755142211914,10479300
2009-09-11,19.17009286904739,19.279056235781134,19.061130887840413,19.141036987304688,10885000
2009-09-14,19.01754698417156,19.358961572408994,18.923112248035014,19.322641372680664,10257300
2009-09-15,19.395292407246234,19.63500944214355,19.27906605005526,19.555103302001953,12286200
2009-09-16,19.707639699963234,19.8238673826661,19.496980055904064,19.802074432373047,13884200
2009-09-17,19.831135568395844,20.012739379042426,19.62774018720903,19.83839988708496,12503700
2009-09-18,19.972770161871537,19.972770161871537,19.687965549107005,19.72447967529297,9784500
2009-09-21,19.644144406284553,19.79750090692772,19.49809212167369,19.60763168334961,8399100
2009-09-22,19.83402293330099,19.921655459469704,19.717180493657207,19.841325759887695,9695500
2009-09-23,19.928963790977658,19.994686462668895,19.6149491253687,19.673370361328125,8334000
2009-09-24,19.680665249433556,19.731783636164455,19.24250546008481,19.3520450592041,11069300
2009-09-25,19.271713600885995,19.337437632899054,19.03802877278243,19.081844329833984,8350800
2009-09-28,19.198688272550076,19.556518342223537,19.198688272550076,19.47618865966797,5896700
2009-09-29,19.549211623785748,19.65144836822497,19.41046076142454,19.432369232177734,12950800
2009-09-30,19.512710941629503,19.512710941629503,19.052643881995863,19.235210418701172,16520100
2009-10-01,19.081846030366357,19.249808234296736,18.709411672930415,18.75322723388672,23754600
2009-10-02,18.483030058126538,18.66559653825426,18.446517319249676,18.51224136352539,17744200
2009-10-05,18.599873624619704,18.90658538559341,18.53414957634878,18.89198112487793,11587400
2009-10-06,18.972308636025154,19.257113297512902,18.94309872295076,19.074546813964844,13054800
2009-10-07,19.081842717141498,19.081842717141498,18.906579110876137,19.001514434814453,8720100
2009-10-08,19.213291443129513,19.366647974528597,19.118357508736842,19.33743667602539,13050700
2009-10-09,19.213303250711338,19.388566970825195,19.154882010673386,19.388566970825195,9427600
2009-10-12,19.483493135295884,19.534611522026783,19.2571111113998,19.3520450592041,5634600
2009-10-13,19.344743057128962,19.36665153503418,19.162176586533704,19.36665153503418,8033400
2009-10-14,19.709872608023137,19.928953170776367,19.527306168831142,19.928953170776367,16827100
2009-10-15,19.804811986232945,19.914351593573265,19.717179464637685,19.89974594116211,7673500
2009-10-16,19.768300599436152,19.85593313319654,19.556524181562338,19.760997772216797,8309500
2009-10-19,19.84862923532643,20.06040564177686,19.782905186769316,19.972774505615234,7929700
2009-10-20,20.023887979459115,20.023887979459115,19.702570642465776,19.83401870727539,11172300
2009-10-21,19.826724381534568,20.082317795690496,19.6441578561192,19.695276260375977,11200900
2009-10-22,19.658755085153057,19.90704556471089,19.498097113092115,19.83401870727539,11423000
2009-10-23,19.93626177162953,19.93626177162953,19.432379221132567,19.483497619628906,12069300
2009-10-26,19.585730588200395,19.804811186910616,19.249808953531662,19.330137252807617,10952500
2009-10-27,19.300926516364676,19.446978849718583,19.067241668701172,19.067241668701172,13816500
2009-10-28,19.05263591062597,19.169478333802278,18.672897338867188,18.672897338867188,17674100
2009-10-29,18.71671345896879,19.11836051940918,18.71671345896879,19.11836051940918,12108400
2009-10-30,19.052639896171623,19.11106111998068,18.45382200391083,18.468427658081055,19261100
2009-11-02,18.556057219980737,18.83355905413829,18.40270204284503,18.68020248413086,19853300
2009-11-03,18.6801971268923,19.001514434814453,18.65828865378238,19.001514434814453,17826500
2009-11-04,19.16217415747442,19.27901657241433,18.928489327594598,18.965002059936523,12721200
2009-11-05,19.14756727817761,19.45427894592285,19.023422046164743,19.45427894592285,14457600
2009-11-06,19.403166961575234,19.666063161392696,19.381259873504998,19.629549026489258,9245300
2009-11-09,19.85592212074704,20.12611961364746,19.753683989251034,20.12611961364746,9692400
2009-11-10,19.99467169732785,20.155331022229277,19.89243495811502,20.00927734375,10369500
2009-11-11,20.191845706032115,20.301385279092262,20.053094837291273,20.162635803222656,8986300
2009-11-12,20.104216785256114,20.22105919490928,19.87783339779064,19.928953170776367,11062300
2009-11-13,19.950863549446115,20.162641322488938,19.83402112048167,20.082311630249023,7949700
2009-11-16,20.118819604279764,20.571584953988346,20.118819604279764,20.542373657226562,9420500
2009-11-17,20.556983483897746,20.556983483897746,20.315995808116487,20.5058650970459,7449100
2009-11-18,20.520469400287038,20.52777222548205,20.3013888230512,20.396324157714844,5710800
2009-11-19,20.301395107588572,20.301395107588572,19.936262092035744,20.089618682861328,10683300
2009-11-20,19.943555290686156,20.096911807470775,19.899739739978223,20.0530948638916,10487600
2009-11-23,20.308694265162845,20.498563566084623,20.228365963409846,20.41823387145996,12004600
2009-11-24,20.352514756338902,20.359816190871214,20.118828458019646,20.250276565551758,8763900
2009-11-25,20.315997091298875,20.46935365441217,20.23566739667421,20.41823387145996,6123400
2009-11-27,19.768296217097294,20.22106165422281,19.746389133167575,20.023889541625977,10091300
2009-11-30,20.045803110999124,20.191855481497107,19.936262092035744,20.089618682861328,12897200
2009-12-01,20.35251122197902,20.491260739948594,20.23566739667421,20.41823387145996,8460800
2009-12-02,20.418231083728518,20.549679150486927,20.286784409841587,20.35980987548828,6255100
2009-12-03,20.42553145981835,20.549676686552612,20.221057951929904,20.264873504638672,6783000
2009-12-04,20.63001355253466,20.717646081373616,20.286789049731645,20.571592330932617,11692100
2009-12-07,20.53507598677041,20.651918409473865,20.48395620807504,20.49856185913086,6715500
2009-12-08,20.352501933653905,20.432830198747283,20.053091770205953,20.184539794921875,12208700
2009-12-09,20.28678089699453,20.29408372086894,20.075003183250296,20.279478073120117,9893200
2009-12-10,20.410931976577157,20.52777440636777,20.315996631827513,20.367115020751953,6255800
2009-12-11,20.48395980209366,20.6154078989162,20.37442018569881,20.571592330932617,6521800
2009-12-14,20.673826929936546,20.849090576171875,20.673826929936546,20.849090576171875,5908000
2009-12-15,20.76876521391202,20.856396352992007,20.68113268196019,20.790672302246094,5982400
2009-12-16,20.754155648938966,20.849089597198592,20.651918874986816,20.70303726196289,6433900
2009-12-17,20.615407394798712,20.62271022142936,20.45474938753969,20.47665786743164,8512500
2009-12-18,20.602345299763325,20.63174499144933,20.34509133838459,20.470043182373047,9836400
2009-12-21,20.617041283511295,20.68319233206374,20.558240507233684,20.624391555786133,8727800
2009-12-22,20.631743774741985,20.756695611361707,20.594993811821396,20.64644432067871,5726100
2009-12-23,20.653793518365493,20.712594297129872,20.565591649258344,20.68319320678711,2992900
2009-12-24,20.76405143737793,20.808151685060864,20.705250639826822,20.76405143737793,1277600
2009-12-28,20.80079293005961,20.80079293005961,20.64644142513457,20.727293014526367,6078400
2009-12-29,20.82284844628693,20.82284844628693,20.75669738583768,20.78609848022461,2883100
2009-12-30,20.668494063536876,20.764044803308565,20.653793518365493,20.68319320678711,5471000
2009-12-31,20.756695334929244,20.756695334929244,20.41124092154421,20.425941467285156,3117000
2010-01-04,20.6464443717751,20.81549644470215,20.550892224871134,20.81549644470215,7471500
2010-01-05,20.786097012371208,20.911048850849244,20.712595683515676,20.88899803161621,8256700
2010-01-06,20.83753950057589,20.955141020705504,20.8301892303277,20.933090209960938,5356700
2010-01-07,20.89634740269026,21.190351303500293,20.822846077007455,21.160951614379883,12118200
2010-01-08,21.16829684007297,21.506402319224186,21.15359769900452,21.499052047729492,8065000
2010-01-11,21.646054384121953,21.763655922621474,21.535801715097843,21.734254837036133,11895500
2010-01-12,21.55050533363372,21.61665638372106,21.403504090489385,21.5578556060791,12020700
2010-01-13,21.521103406827663,21.69015544972084,21.440251820260936,21.646055221557617,10978200
2010-01-14,21.616654134834814,21.66075436299804,21.55785336331019,21.646055221557617,4762700
2010-01-15,21.57255989766004,21.6387109592364,21.307955651354593,21.366756439208984,7251000
2010-01-19,21.440257415106977,21.631360322910655,21.34470666216581,21.601959228515625,11941300
2010-01-20,21.36674899395325,21.410849218996955,21.0727451571271,21.271198272705078,9810400
2010-01-21,21.256498258500297,21.35204898212242,20.76404129386109,20.77874183654785,17492900
2010-01-22,20.800794476124082,20.918396032023495,20.4553400809097,20.462690353393555,16216200
2010-01-25,20.705241045692613,20.734640729884514,20.477388236001833,20.594989776611328,12695500
2010-01-26,20.477388569114023,20.712591654159137,20.396536982909403,20.50678825378418,12708200
2010-01-27,20.43329349854248,20.60969727087486,20.22749143402373,20.565595626831055,22437800
2010-01-28,20.594991302413845,20.690542035517687,20.139284247349785,20.330387115478516,21371000
2010-01-29,20.367135644341502,20.565588770613473,20.07313179167245,20.124582290649414,17136200
2010-02-01,20.352440140501624,20.43329033823443,20.212787759805035,20.425941467285156,16144100
2010-02-02,20.543543353805806,20.852247809634914,20.499441715886487,20.81549644470215,20403200
2010-02-03,20.756695181843146,20.88164701587724,20.63909362062532,20.69054412841797,13675400
2010-02-04,20.550886704981846,20.58763806004334,20.080480575561523,20.080480575561523,20628100
2010-02-05,20.12459315787723,20.234845888845143,19.59538593730241,19.992292404174805,30821300
2010-02-08,20.043736419817765,20.08048638358787,19.77178192138672,19.77178192138672,17888900
2010-02-09,19.99228418782211,20.33773858403915,19.926133137196555,20.15398597717285,22723500
2010-02-10,20.16868391999049,20.220134418967454,19.940829707491137,20.124582290649414,12709800
2010-02-11,20.10253647059034,20.447990883975375,19.992285181375642,20.425941467285156,11507900
2010-02-12,20.153987067841943,20.337739684652348,20.051086051042905,20.264238357543945,16638900
2010-02-16,20.477390160165093,20.7640437670961,20.425939656554,20.741992950439453,10497000
2010-02-17,20.89633895924856,20.940439176070495,20.764036906862138,20.91838836669922,14974300
2010-02-18,20.793445671381722,21.14625034019674,20.793445671381722,21.109498977661133,7602300
2010-02-19,21.080098341068297,21.31530144302883,21.013947293401763,21.212400436401367,12076500
2010-02-22,21.315292663437425,21.3299932017352,21.17564035344958,21.22709083557129,7382700
2010-02-23,21.175645495179076,21.307947568142747,20.896342209305313,20.955142974853516,16110200
2010-02-24,21.02864586150072,21.212398442878612,20.955144548565375,21.168296813964844,9011200
2010-02-25,20.786096037831093,21.160951535690387,20.690543894222415,21.116849899291992,12357000
2010-02-26,21.087443526234875,21.263845810151032,21.006591953719695,21.197694778442383,9004200
2010-03-01,21.285902118223476,21.506406096024797,21.205051921425394,21.477005004882812,11493900
2010-03-02,21.57255657714343,21.616656810765836,21.47700443538688,21.513755798339844,7327500
2010-03-03,21.587253483578536,21.756305518903307,21.491701357928246,21.54315185546875,5641200
2010-03-04,21.609303863154114,21.67545490635944,21.499052591785563,21.646055221557617,7479600
2010-03-05,21.79305596579673,21.984158819491224,21.756306010129727,21.976808547973633,9905300
2010-03-08,22.013565199858228,22.03561461779297,21.84451171813793,21.873912811279297,6773200
2010-03-09,21.82245732269839,22.116461177446034,21.771006823357673,22.050310134887695,7609900
2010-03-10,22.050304005108597,22.18260605344654,21.969452441808613,22.094404220581055,7923000
2010-03-11,22.02826171420918,22.182614630928185,21.895961016634324,22.175264358520508,7902700
2010-03-12,22.270823236083466,22.322275161743164,22.079721691319662,22.322275161743164,9897200
2010-03-15,22.248773812722366,22.373725685481237,22.138522490151978,22.322275161743164,13020600
2010-03-16,22.336967856122257,22.62362289428711,22.336967856122257,22.62362289428711,14118500
2010-03-17,22.689767141410325,22.76326704522051,22.586864752618624,22.66036605834961,10825000
2010-03-18,22.689770244899975,22.822070931006778,22.60156838557445,22.814722061157227,10298400
2010-03-19,22.7232723236084,22.951907368986152,22.634769614909104,22.7232723236084,8777800
2010-03-22,22.553638977936053,22.82652535368566,22.538888058873898,22.789648056030273,6434400
2010-03-23,22.848653497835155,23.047786712646484,22.79702668067487,23.047786712646484,8871300
2010-03-24,22.966653895071452,23.062533458202875,22.841273901786142,22.885526657104492,8390200
2010-03-25,23.09941075294851,23.173163942907912,22.82652577884135,22.870777130126953,10004200
2010-03-26,22.94452997184739,23.0699099708579,22.804399053723866,22.929779052734375,13362400
2010-03-29,23.069909959956842,23.165788120696007,23.003532230704696,23.136287689208984,17198200
2010-03-30,23.19528501957724,23.29853861788205,23.07728050530753,23.173158645629883,10610500
2010-03-31,23.136292490192126,23.18054384996774,22.974035159805926,23.04041290283203,11457200
2010-04-01,23.239544526643588,23.298546804510625,23.01828492959824,23.187917709350586,12537700
2010-04-05,23.283786959865974,23.416542385869697,23.195284280346645,23.357540130615234,11007700
2010-04-06,23.31329666223478,23.4017993716357,23.23954346658388,23.36492347717285,9108500
2010-04-07,23.30590991346761,23.357536703399553,23.114152260345733,23.23215675354004,10235200
2010-04-08,23.143662346264254,23.35017099896517,23.06253510251309,23.305919647216797,9100600
2010-04-09,23.372293392395196,23.44604657054835,23.298540214242042,23.438671112060547,6284600
2010-04-12,23.44604597442804,23.578800003658575,23.44604597442804,23.490297317504883,6771300
2010-04-13,23.431297747859045,23.586178169771475,23.3427936448198,23.527175903320312,8688200
2010-04-14,23.659933701271697,23.85169001981288,23.586179106871164,23.829565048217773,13028000
2010-04-15,23.814813895972815,24.1098238303338,23.792686111144437,24.058197021484375,6788800
2010-04-16,23.96968596565869,24.028689620029724,23.46816615730129,23.667299270629883,26511600
2010-04-19,23.645184198113242,23.711561930322944,23.401798242194246,23.623056411743164,16021200
2010-04-20,23.84431397559625,23.969692555430257,23.770559387355775,23.89594078063965,13103000
2010-04-21,23.940192485049966,24.1098238303338,23.86644070482224,24.058197021484375,19373000
2010-04-22,23.940190613541855,24.29420419517031,23.741057446354,24.27945327758789,11770200
2010-04-23,24.32370827962844,24.449089683948493,24.154076931919054,24.42696189880371,15681200
2010-04-26,24.589218586891203,24.633471342638472,24.44171221451701,24.478588104248047,13312200
2010-04-27,24.35320914465368,24.537591403943804,23.800062366783305,23.888565063476562,31528700
2010-04-28,23.97706837516383,24.13932566780492,23.851689786086677,24.058197021484375,17520400
2010-04-29,24.25733190042412,24.603971481323242,24.190954168197695,24.603971481323242,14211400
2010-04-30,24.581843982772813,24.677720731232277,24.013946290616843,24.021320343017578,18401800
2010-05-03,24.03606369476593,24.57445938093315,24.03606369476593,24.500707626342773,16977700
2010-05-04,24.22782881512158,24.33845930096054,23.54192796192538,23.726308822631836,24814700
2010-05-05,23.29854159679994,23.696807938425554,23.261665708897546,23.423921585083008,28450700
2010-05-06,23.269039631003736,23.54930144170484,20.97532537355491,22.64951515197754,52085700
2010-05-07,22.730646052332755,22.75277243118475,21.830861079894646,22.147998809814453,48211400
2010-05-10,23.42391941881467,23.505048052767016,23.06253040523803,23.41654396057129,28537400
2010-05-11,23.305911170450127,23.689425090653824,23.12152896404898,23.350162506103516,21220600
2010-05-12,23.394418414760047,23.903313797785977,23.394418414760047,23.866437911987305,23705400
2010-05-13,23.76319162510624,23.89594710562811,23.49030520328625,23.4976806640625,15827900
2010-05-14,23.350168634916145,23.416546359180956,22.819148247522634,23.003530502319336,24135200
2010-05-17,23.07728403022413,23.180537644300305,22.472509043810142,22.944528579711914,30408700
2010-05-18,23.143663803903095,23.313296575285065,22.575767434977156,22.65689468383789,33891300
2010-05-19,22.420883783867062,22.693770162830326,22.01524335195622,22.3692569732666,42144400
2010-05-20,21.978368749576266,22.022621512711606,21.314592776524012,21.395721435546875,44338900
2010-05-21,21.01957807140343,21.786608963973887,20.938449425186352,21.698104858398438,39374700
2010-05-24,21.62435430589061,21.727607936036474,21.344093849755318,21.373594284057617,24343600
2010-05-25,20.724566906167677,21.366216401803634,20.58443599062216,21.358840942382812,30028300
2010-05-26,21.661222995431075,21.882481088272087,21.336709906769563,21.403087615966797,29128700
2010-05-27,21.94148939450582,22.133247117684977,21.705480321893024,22.125871658325195,21078000
2010-05-28,22.125869543154568,22.140620460463982,21.61697414977904,21.83085823059082,25026100
2010-06-01,21.616976380160438,21.956240479656778,21.314589577742527,21.344091415405273,27979600
2010-06-02,21.39571780116874,21.89723777770996,21.3219646151965,21.89723777770996,20844100
2010-06-03,22.111121175072668,22.118496634577703,21.79398344998147,22.000492095947266,21686700
2010-06-04,21.417845933504402,21.580101830555144,20.872073156635718,20.967952728271484,26172400
2010-06-07,20.94582540021536,21.04908042704962,20.41480497386443,20.429555892944336,30321200
2010-06-08,20.518054550515505,20.702436782503206,20.20829234450717,20.643434524536133,34376900
2010-06-09,20.78356541472973,21.14495442061865,20.55493184094792,20.643434524536133,30023200
2010-06-10,20.945827342627375,21.439971923828125,20.931076422179544,21.439971923828125,23492500
2010-06-11,21.218710140830147,21.535847842978885,21.1080810697079,21.513721466064453,14729700
2010-06-14,21.757103270166972,21.889858701637177,21.454716523695858,21.491592407226562,18225100
2010-06-15,21.668603529708438,22.177498983583988,21.616976719712742,22.140623092651367,17459700
2010-06-16,22.059490980226872,22.25124867775732,21.978362344845763,22.08161735534668,15416900
2010-06-17,22.221750592537596,22.221750592537596,21.830861079894646,22.147998809814453,22397500
2010-06-18,22.20505992427449,22.271764158002043,22.086474934013193,22.23470687866211,16529300
2010-06-21,22.55341676371512,22.679413560694073,22.160602887570064,22.27177619934082,17337100
2010-06-22,22.24953483171056,22.38294332600295,21.69366704792219,21.730724334716797,17664300
2010-06-23,21.701080717332324,21.864134772827654,21.44908718652,21.649198532104492,19311200
2010-06-24,21.597312019048413,21.66401625439212,21.219321823315607,21.271203994750977,17170800
2010-06-25,21.315676310546124,21.478730347913533,21.11556357356464,21.434261322021484,18163500
2010-06-28,21.419438309908035,21.56767028431157,21.22673730864139,21.286029815673828,11263100
2010-06-29,20.98956926154483,20.99698100232903,20.285470850786158,20.463348388671875,31116800
2010-06-30,20.42628677035868,20.707927225394116,20.28546795648577,20.329936981201172,25416200
2010-07-01,20.307704338640686,20.411467294335036,19.900068497465348,20.270647048950195,26089500
2010-07-02,20.13724081372578,20.366999145719852,19.922304551091376,20.01865577697754,15578900
2010-07-06,20.381809652382533,20.463337343358223,19.855589063542986,20.055700302124023,16259000
2010-07-07,20.070531145498013,20.78204258790356,20.063119405992826,20.752395629882812,17141500
2010-07-08,20.915453578597695,21.108154600919455,20.75239951985391,21.019216537475586,17010400
2010-07-09,21.05627218970161,21.22673797607422,21.004391421122545,21.22673797607422,12659400
2010-07-12,21.100740865925363,21.234149362128594,20.937686822590802,21.115564346313477,14684600
2010-07-13,21.352736510007222,21.60473004718704,21.352736510007222,21.48614501953125,15580100
2010-07-14,21.456496466529504,21.664019529061058,21.352733521618887,21.530611038208008,15997600
2010-07-15,21.56026018571797,21.58249540766484,21.197093375788956,21.523202896118164,23101600
2010-07-16,21.41202791609831,21.41202791609831,20.74498681663214,20.804279327392578,21563500
2010-07-19,20.856154957024525,20.996975165488383,20.678277468586053,20.92285919189453,17957000
2010-07-20,20.65604503109383,21.30085079258908,20.55969383496116,21.24897003173828,17312400
2010-07-21,21.419432825254972,21.508372269852263,21.026620596865264,21.197086334228516,31327200
2010-07-22,21.44166848597333,21.967889185386312,21.44166848597333,21.84930419921875,24158500
2010-07-23,21.871546799142383,22.35329864481657,21.81225428603856,22.28659439086914,25468500
2010-07-26,22.405175633299876,22.679404343621563,22.323649325078385,22.649757385253906,17556400
2010-07-27,22.827637575757585,22.83504931622005,22.442236967224108,22.494117736816406,14145200
2010-07-28,22.419998603672116,22.523760128314525,22.345882623079785,22.43482208251953,15190500
2010-07-29,22.553409239173572,22.664582513853354,22.175418974346403,22.360708236694336,17623300
2010-07-30,22.16058815917954,22.53116656121814,22.064238396653046,22.44964027404785,17135700
2010-08-02,22.760932021742452,22.92398747528872,22.657170488500185,22.89434051513672,15965800
2010-08-03,22.827639517290987,22.901755514574383,22.664585454183577,22.775758743286133,11147100
2010-08-04,22.82763435669274,22.99810153600089,22.783165333833757,22.975866317749023,9579300
2010-08-05,22.7757540250918,23.02033577590823,22.753520220064257,22.990690231323242,20032500
2010-08-06,22.709052778734712,22.946222821283644,22.51635176575246,22.864696502685547,13396300
2010-08-09,23.087041716029677,23.087041716029677,22.85728342743242,22.983280181884766,8554800
2010-08-10,22.75352024304167,22.93880949123046,22.58305306033795,22.827634811401367,15325000
2010-08-11,22.412590261364862,22.449648964100454,21.8418989620414,21.97530746459961,33035000
2010-08-12,21.61213951804248,21.89377998937604,21.604727777886872,21.819664001464844,16303800
2010-08-13,21.701081922402906,21.901193279099672,21.678846698927675,21.790019989013672,8189100
2010-08-16,21.619551491575354,21.8344863038286,21.449085707090898,21.745548248291016,10913000
2010-08-17,21.960481616427383,22.3681188207107,21.916012591582867,22.123537063598633,17148200
2010-08-18,22.145772265480243,22.3162394631476,21.967894741242258,22.20506477355957,9109800
2010-08-19,22.056833830359874,22.15318362421278,21.597315840424407,21.730724334716797,19386600
2010-08-20,21.649196251174974,21.66401973110686,21.37496894065936,21.619550704956055,13057800
2010-08-23,21.752952207164288,21.84930196847171,21.352726859477155,21.382373809814453,15057000
2010-08-24,21.078511214152176,21.11556850878259,20.74498990789772,20.94510269165039,26300800
2010-08-25,20.759802854043,21.01179628783066,20.507809420255334,20.90803337097168,31736800
2010-08-26,21.056272610814172,21.211916333309063,20.796867349085993,20.878395080566406,19824100
2010-08-27,20.982157846158756,21.35273640924564,20.73757605106721,21.30085563659668,19744200
2010-08-30,21.197094696488886,21.32309146808151,20.959924635525134,20.974746704101562,15607300
2010-08-31,20.85615457914693,21.07109075731037,20.744981327592733,20.893213272094727,20418200
2010-09-01,21.204501437959944,21.790014711205085,21.189677959233553,21.723310470581055,31329300
2010-09-02,21.812246491622815,22.03459298289732,21.74554226151156,21.997535705566406,13831600
2010-09-03,22.31624596783397,22.49412354391929,22.175425689982767,22.33106803894043,15635200
2010-09-07,22.190241307687817,22.242122072280555,22.064244559257673,22.123537063598633,15112700
2010-09-08,22.160595279295716,22.479293033628412,22.123537992643254,22.353296279907227,12996100
2010-09-09,22.568239554032832,22.664589377628722,22.197660917110426,22.33106803894043,10075600
2010-09-10,22.390355368231898,22.57564464369351,22.345886337941707,22.53117561340332,10923700
2010-09-13,22.775754771332203,22.849870755690215,22.63493595606128,22.753520965576172,12911800
2010-09-14,22.679405429242752,22.820225660940356,22.6052894434206,22.686817169189453,14376800
2010-09-15,22.5978777034739,22.738697935171505,22.486704431563098,22.686817169189453,14647100
2010-09-16,22.63493553669692,22.694228040355835,22.53117259506022,22.657169342041016,17618900
2010-09-17,22.78007980577731,22.90671863228568,22.586396811067516,22.86947250366211,16835100
2010-09-20,22.99612227471936,23.24939862742924,22.847134847619987,23.2121524810791,16996000
2010-09-21,23.20469650084799,23.435625669731152,23.152551342150087,23.2568416595459,23612800
2010-09-22,23.197253760332313,23.368589730012523,23.040818238577966,23.137659072875977,20258000
2010-09-23,22.921625595246837,23.10040963212284,22.72794253341886,22.794986724853516,17938700
2010-09-24,23.23450083357356,23.450531038186934,23.0780638942989,23.420734405517578,17403000
2010-09-27,23.435621100524703,23.45052012034755,23.234490016311135,23.27173614501953,10058400
2010-09-28,23.30154516878602,23.450531174698884,22.97377368241867,23.398386001586914,19118100
2010-09-29,23.323885993916015,23.472873380471874,23.24939230063809,23.39093017578125,12394700
2010-09-30,23.539911364407704,23.770840474002796,23.204690543343336,23.301532745361328,23180400
2010-10-01,23.495226641297133,23.547371810827137,23.24194888570914,23.323890686035156,13619600
2010-10-04,23.21214852752777,23.428180117941874,22.936523681443276,23.078060150146484,14881500
2010-10-05,23.353677380773725,23.79318848286255,23.301532236601936,23.696346282958984,15091600
2010-10-06,23.688897553971174,23.897480979226202,23.58460726219232,23.8378849029541,13307400
2010-10-07,23.957083961876684,23.957083961876684,23.644211538384482,23.785749435424805,9573800
2010-10-08,23.830438654135442,24.07626681899984,23.73359785863989,23.986875534057617,12642400
2010-10-11,24.009223517806607,24.05392058275169,23.860236143020813,23.919832229614258,7427400
2010-10-12,23.845335938457712,23.986875216246784,23.56971115588071,23.904932022094727,12817500
2010-10-13,24.053916936652808,24.41893296576608,24.053916936652808,24.29974365234375,27458300
2010-10-14,24.277405835478525,24.299752952267397,23.99433004212612,24.15821647644043,11352700
2010-10-15,24.24760067885227,24.269950630789328,23.875133685807846,24.00922203063965,17888500
2010-10-18,23.99432945251465,24.106070717110136,23.93473619530922,23.99432945251465,8869900
2010-10-19,23.83044290273483,23.882589485905058,23.52502001984049,23.674007415771484,21185500
2010-10-20,23.77829289278978,24.113512334020466,23.73359725146212,24.00922203063965,17689100
2010-10-21,24.120964365377077,24.336993071505596,23.986876014429573,24.20290756225586,17234400
2010-10-22,24.314648708860787,24.314648708860787,24.0613709997394,24.195459365844727,11714700
2010-10-25,24.28484715272945,24.545575756560726,24.247601021238605,24.27739906311035,12218800
2010-10-26,24.106073316568576,24.262508830512626,23.994332039923563,24.165666580200195,14680400
2010-10-27,24.001774555164275,24.039020687082058,23.74104736919322,23.986875534057617,15778300
2010-10-28,24.09861407958147,24.18055727532849,23.741047516741478,23.934730529785156,13483400
2010-10-29,23.897484967810865,24.009223366924648,23.82298986003721,23.97197723388672,9145200
2010-11-01,24.06881945314357,24.2997471829974,23.845336971520407,23.97197723388672,9119800
2010-11-02,24.158210498040766,24.25505271632458,24.098614412420645,24.20290756225586,8589600
2010-11-03,24.19546481641513,24.277408041016606,23.927288023791643,24.240161895751953,16252000
2010-11-04,24.530672704059292,24.798849353435386,24.485975648597538,24.754152297973633,17072300
2010-11-05,24.783961200019316,24.97764284186749,24.73181603330256,24.90315055847168,12831400
2010-11-08,24.761606789805175,24.85844616135598,24.687111686653456,24.798852920532227,10578000
2010-11-09,24.910600372827655,24.910600372827655,24.478539984195564,24.575382232666016,10906400
2010-11-10,24.59026779338439,24.62751676326419,24.344441074022782,24.567920684814453,11871200
2010-11-11,24.389145462187066,24.471085832133706,24.269956111166717,24.4263916015625,9974800
2010-11-12,24.269952720445303,24.37424303280557,24.02412311985506,24.143312454223633,14176900
2010-11-15,24.180561630917065,24.41894032964824,24.173113539824698,24.21780776977539,17186800
2010-11-16,24.053923518038836,24.1358667262554,23.703803570821943,23.830442428588867,25695300
2010-11-17,23.830441219549563,23.91238300275972,23.71870139091825,23.845338821411133,15984900
2010-11-18,24.12096724093941,24.389143974804902,24.12096724093941,24.329547882080078,18907900
2010-11-19,24.255060526353287,24.411496038931038,24.150767342936103,24.40404510498047,11092400
2010-11-22,24.299751122963258,24.396593357922125,24.024126283755376,24.351896286010742,8655600
2010-11-23,24.09862205230079,24.12097201234273,23.890041369900487,24.016681671142578,14588600
2010-11-24,24.173114014331322,24.59027532445043,24.173114014331322,24.56048011779785,11936700
2010-11-26,24.33699643372637,24.493434759242675,24.29230220503442,24.359346389770508,5191000
2010-11-29,24.21780791197485,24.418940473028687,24.016678192619274,24.351896286010742,8081700
2010-11-30,24.1209628901488,24.42638570602797,24.068817739269257,24.29229736328125,14234300
2010-12-01,24.66476546020209,24.970188289822236,24.66476546020209,24.91804313659668,16577100
2010-12-02,24.955297998929144,25.357563185994202,24.925499946176462,25.305418014526367,12706300
2010-12-03,25.17877375735883,25.394805343344302,25.074483430799848,25.357559204101562,10594000
2010-12-06,25.283064806081413,25.42460411762421,25.193673501005886,25.342660903930664,16351000
2010-12-07,25.59593582379257,25.648080982831537,25.402251368763803,25.40970230102539,19222200
2010-12-08,25.439505680590837,25.51399796863733,25.245821184952135,25.320316314697266,18080400
2010-12-09,25.476749121378788,25.521443352784903,25.305414603692558,25.394805908203125,10672900
2010-12-10,25.491645963089585,25.670428556802918,25.394803733837644,25.625734329223633,9182700
2010-12-13,25.811973828455045,25.819421920875786,25.625740259250318,25.640636444091797,9198600
2010-12-14,25.707672939995057,25.85666031905815,25.670426805653758,25.75982093811035,9619400
2010-12-15,25.73747414018324,25.87901344641337,25.610836699554437,25.65553092956543,11470800
2010-12-16,25.64809183517717,25.938615798950195,25.610845683203568,25.938615798950195,9357600
2010-12-17,25.996259895480794,25.996259895480794,25.749174265743928,25.861486434936523,8233700
2010-12-20,25.92139065339247,25.966316103560064,25.726719415101893,25.85400390625,7327400
2010-12-21,25.95133794692738,26.08611142559823,25.87646506154024,26.063650131225586,7127700
2010-12-22,26.101083401350675,26.13851983949387,26.04118281534784,26.123544692993164,5748600
2010-12-23,26.108576737761222,26.12355188838664,25.988778388975803,26.07114028930664,4177700
2010-12-27,26.003742381523026,26.13102967911177,25.9064053723336,26.11605453491211,3151000
2010-12-28,26.138518284059984,26.16846857527914,25.98876968418119,26.10108184814453,3581300
2010-12-29,26.183445278995997,26.205906570638486,26.108569546492454,26.123544692993164,3893400
2010-12-30,26.093585566464956,26.175947416228112,26.048662998387726,26.07861328125,4316100
2010-12-31,26.063639898374195,26.145998897478066,25.98876418616653,26.108562469482422,4004300
2011-01-03,26.243330475299302,26.44549057218404,26.243330475299302,26.29574203491211,6400800
2011-01-04,26.370624370624974,26.370624370624974,26.003740504754237,26.258312225341797,10059600
2011-01-05,26.15349835404715,26.46796790240803,26.123548057188728,26.393095016479492,9908900
2011-01-06,26.430521647716006,26.497908362522917,26.265800788578574,26.348159790039062,9881700
2011-01-07,26.43802256937832,26.580282206470336,26.22837333087387,26.400583267211914,11827900
2011-01-10,26.318228069970747,26.49792417923953,26.228377159118192,26.438026428222656,9419200
2011-01-11,26.61770693607906,26.662632365173234,26.393085503041153,26.53534507751465,7217300
2011-01-12,26.73002017321441,26.834843322501992,26.677608598570618,26.75248146057129,7173200
2011-01-13,26.77494546281159,26.864796333782877,26.707558737691574,26.782434463500977,9859400
2011-01-14,26.759977872460727,26.909723637938548,26.70756342708262,26.88726234436035,9937400
2011-01-18,26.962129950506128,27.08941725371253,26.93218251700183,27.081928253173828,9008500
2011-01-19,27.059461174016004,27.059461174016004,26.70006634291344,26.79740333557129,11443600
2011-01-20,26.685091365691505,26.789914501715316,26.490420235392467,26.662630081176758,19478600
2011-01-21,27.022031784735354,27.08941851162864,26.797410313830063,26.879772186279297,13339300
2011-01-24,26.902233627854567,27.17178053694415,26.849822046222368,27.13434410095215,9585400
2011-01-25,27.074446525461482,27.126858112914867,26.857311173887584,27.10439682006836,12919300
2011-01-26,27.096901563817905,27.343987152966537,27.089415420002783,27.261625289916992,15748300
2011-01-27,27.291580097030838,27.44132870408105,27.239168512995832,27.358966827392578,9505800
2011-01-28,27.433831977406015,27.568605400177123,26.789915147769907,26.827354431152344,18193600
2011-01-31,26.894744626925977,27.16429153601556,26.857308190933974,27.13434410095215,11530400
2011-02-01,27.30654900896578,27.553631726402326,27.239162293989185,27.51619529724121,13750600
2011-02-02,27.448818563708276,27.568616894316996,27.40389311864844,27.42635726928711,13112900
2011-02-03,27.47126975613666,27.47126975613666,27.254137325403857,27.441322326660156,10043600
2011-02-04,27.51621210090881,27.561137557067212,27.336513132493394,27.538673400878906,8689400
2011-02-07,27.613533298689877,27.868105024913667,27.613533298689877,27.800718307495117,9793100
2011-02-08,27.905539831545934,27.995387830803356,27.7707664045516,27.98790168762207,10042000
2011-02-09,27.920515721187495,28.01036372284896,27.838153862907625,27.98041343688965,12441700
2011-02-10,27.853139619346063,28.167609173098274,27.800728027054028,28.130172729492188,13896800
2011-02-11,28.017849085822366,28.399708080626134,27.98790165691368,28.339807510375977,11181900
2011-02-14,28.377243119490277,28.377243119490277,28.220005571057104,28.309856414794922,6367100
2011-02-15,28.249961594330436,28.257450594272132,28.06277658282052,28.205036163330078,8727900
2011-02-16,28.354782652938518,28.452119651486825,28.152622512668827,28.339807510375977,11612500
2011-02-17,28.302376697101465,28.43715015068618,28.22001482477559,28.40719985961914,10252100
2011-02-18,28.42217796387642,28.519514991868512,28.37725537881642,28.482078552246094,10110800
2011-02-22,28.175087329036174,28.22000990158269,27.568606893710033,27.65845489501953,13824200
2011-02-23,27.635989947356244,27.635989947356244,26.887250037803145,27.171772003173828,52702100
2011-02-24,27.119365616396948,27.501221786448706,27.029514753618134,27.329011917114258,19511100
2011-02-25,27.53117586552423,27.61353773963904,27.40388855383306,27.576101303100586,12152100
2011-02-28,27.72584207127069,27.853129360108305,27.56860735230938,27.710866928100586,10364700
2011-03-01,27.853140397692716,27.86811554679714,27.059474632464145,27.119375228881836,19055200
2011-03-02,27.066952039894062,27.44132203847508,27.05197689720485,27.25413703918457,22821600
2011-03-03,27.606056722784956,27.9879159120822,27.55364512522931,27.913040161132812,21478900
2011-03-04,27.8606207063236,27.905546144223358,27.358966169419674,27.583587646484375,19858700
2011-03-07,27.718357087172564,27.80820509373475,27.029514753618134,27.329011917114258,22908200
2011-03-08,27.38143765666401,27.875606232713523,27.27661445208049,27.755807876586914,15960000
2011-03-09,27.680936255235064,27.80073461690192,27.44133953190135,27.695911407470703,19656900
2011-03-10,27.343990427480943,27.46378873638554,27.051982228039556,27.13434410095215,31661700
2011-03-11,27.029513432840936,27.576096157945496,27.022027289416823,27.456295013427734,17054000
2011-03-14,27.276601335389014,27.35896320116102,26.92469258389653,27.22418975830078,26080600
2011-03-15,26.49790704867104,27.15679902120013,26.340672340656603,26.969614028930664,30467800
2011-03-16,26.879775492612485,26.999573815578835,26.26580873038277,26.467966079711914,31432000
2011-03-17,26.902233476504737,27.164291383191415,26.715048441380834,26.879772186279297,29099100
2011-03-18,27.306165973598453,27.35880775857997,26.97527147512935,27.05047607421875,18417600
2011-03-21,27.58442192458611,27.77994818797723,27.4640974081694,27.644582748413086,11446200
2011-03-22,27.659621718808367,27.659621718808367,27.373852805470513,27.426494598388672,11715200
2011-03-23,27.336245000135712,27.59193490003607,27.2084014845666,27.516733169555664,13553600
2011-03-24,27.644577265818416,27.825065439029647,27.50921472186273,27.802505493164062,17907900
2011-03-25,27.870195297506168,28.035639723926156,27.772430725919637,27.9002742767334,13925100
2011-03-28,27.983001584776495,28.073247140551956,27.87019894320212,27.877717971801758,9109400
2011-03-29,27.8701958283315,28.103322982788086,27.71226755775671,28.103322982788086,10837300
2011-03-30,28.268769194209785,28.3138919653195,28.140922777113694,28.216127395629883,14796000
2011-03-31,28.178526402248917,28.404134519322966,28.178526402248917,28.328929901123047,12774900
2011-04-01,28.46429103329963,28.73502188028285,28.46429103329963,28.562055587768555,19057800
2011-04-04,28.67487122892705,28.67487122892705,28.479342050673523,28.599666595458984,10353200
2011-04-05,28.554552298926925,28.689917797023412,28.434227730481606,28.494388580322266,14542800
2011-04-06,28.68239674581933,28.6899186452493,28.374064850764523,28.524471282958984,13959500
2011-04-07,28.471811305393853,28.592135800665094,28.261244155859746,28.389087677001953,13420600
2011-04-08,28.55454464369344,28.562063672121234,27.98300094523123,28.140926361083984,16274600
2011-04-11,28.208610839343393,28.313897325197004,28.01308453171351,28.11836814880371,12334800
2011-04-12,27.937871070853216,28.05819556411715,27.757382896576214,27.90778923034668,15018800
2011-04-13,28.04317003178152,28.050689061652914,27.667155425408794,27.82508087158203,14807200
2011-04-14,27.682196353915355,27.87020365710172,27.426506306831346,27.82508087158203,14015700
2011-04-15,27.892750645987917,28.02059417570371,27.810027012048312,27.922832489013672,17703200
2011-04-18,27.637065061957564,27.637065061957564,27.253531543761582,27.524259567260742,18507800
2011-04-19,27.591939624832346,27.810028696837694,27.591939624832346,27.76490592956543,15654800
2011-04-20,28.178526520753223,28.351492840196162,28.11836282594027,28.216127395629883,18107300
2011-04-21,28.419173618467205,28.419173618467205,28.163483670528347,28.29884910583496,9687800
2011-04-25,28.283810117913024,28.32893002025987,28.13340374964351,28.216127395629883,9685500
2011-04-26,28.456772827136803,28.84030629224169,28.396609139956624,28.757585525512695,13200000
2011-04-27,28.83279710919415,28.945602626787352,28.569588059827993,28.885438919067383,15930800
2011-04-28,28.88542979142616,29.050877066612134,28.83278799818745,28.98319435119629,17612900
2011-04-29,29.065916663002163,29.23136106187913,29.058394767875402,29.103517532348633,17245700
2011-05-02,29.29904824348038,29.314089167265802,29.00575740157193,29.058399200439453,15333800
2011-05-03,29.01327681708662,29.065918611453043,28.795187743989928,28.938072204589844,16555100
2011-05-04,28.93055935570858,28.968160235605144,28.441739310763516,28.51694107055664,28869800
2011-05-05,28.359015622510874,28.742552055818003,28.22365016002168,28.38157844543457,34700000
2011-05-06,28.89295642624901,28.96816105693766,28.524463776546295,28.62974739074707,26364600
2011-05-09,28.622230806652002,28.87039893721197,28.554548067633178,28.75007438659668,10785700
2011-05-10,28.847814601976392,29.02078081801922,28.847814601976392,29.013261795043945,15172600
2011-05-11,28.953122323585543,28.99072320739593,28.52446593686731,28.622230529785156,21193700
2011-05-12,28.51693909571215,28.76511004961707,28.351494661871918,28.68238639831543,18091100
2011-05-13,28.712465045297105,28.78766679149499,28.261248830584343,28.336450576782227,20598400
2011-05-16,28.201086899086118,28.48685871625047,28.163486023639916,28.231168746948242,17250800
2011-05-17,28.07323474614074,28.125876529386616,27.73482123330152,27.847623825073242,33836400
2011-05-18,27.93787533445511,28.26124799734478,27.757387132633788,28.223644256591797,21985800
2011-05-19,28.351481528697207,28.562048639006044,28.268757915715383,28.404123306274414,18019800
2011-05-20,28.366534854570745,28.366534854570745,28.01308030586176,28.103322982788086,17170400
2011-05-23,27.72731383212629,27.86267930801653,27.561869370632067,27.704753875732422,25500000
2011-05-24,27.847633816264956,27.86267474098332,27.50922305077254,27.561864852905273,20280700
2011-05-25,27.44905601206006,27.93035406943387,27.388892320506976,27.79498863220215,20894300
2011-05-26,27.682181164072084,27.960431016852013,27.606976562805745,27.90778923034668,17458000
2011-05-27,28.00555670732908,28.118359317885783,27.945393020022166,28.04315757751465,14888700
2011-05-31,28.26876726048623,28.38157274616263,28.0431591578961,28.29884910583496,21659500
2011-06-01,28.178524393901554,28.246207111076156,27.28360814806378,27.37385368347168,35595200
2011-06-02,27.44905046461845,27.697221338975616,27.29864413489551,27.516733169555664,32240700
2011-06-03,27.125686812299374,27.366335871774655,27.05800408502426,27.14824676513672,21335300
2011-06-06,27.035438555066655,27.200882956349588,26.900073128440855,26.952714920043945,22799800
2011-06-07,27.08056568940912,27.16328934654185,26.922640272390236,26.937681198120117,16404900
2011-06-08,26.86999709524959,26.915119870136134,26.659429883305275,26.70454978942871,29280100
2011-06-09,26.809827282382663,27.020394423783145,26.734622682766673,26.907588958740234,20611200
2011-06-10,26.764708937199693,26.81735073123258,26.44133627741902,26.47893714904785,23679800
2011-06-13,26.606793825715716,26.666954669792297,26.35862281339504,26.486469268798828,22249700
2011-06-14,26.77974543495309,27.103118041304917,26.757185489455754,26.990312576293945,20142100
2011-06-15,26.749660487964327,26.90758582562589,26.51653055944358,26.584213256835938,28389000
2011-06-16,26.576715825065026,26.85496586541085,26.45639125069136,26.674480438232422,25782000
2011-06-17,26.950311466348708,27.01077344823395,26.700912998537014,26.791603088378906,28587900
2011-06-20,26.670693769958547,27.071244486149073,26.670693769958547,27.025897979736328,15241400
2011-06-21,27.20728489550019,27.50958921420081,27.169497576409526,27.449127197265625,20737900
2011-06-22,27.36598048426264,27.60782267219257,27.275290384535488,27.297962188720703,14254500
2011-06-23,26.8974209921071,27.260184400598135,26.70092522696136,27.237512588500977,22866400
2011-06-24,27.237512954781824,27.282856579585907,26.88230585121737,26.92765235900879,12507900
2011-06-27,26.904979082296435,27.25262989438732,26.82940444831308,27.139265060424805,11199400
2011-06-28,27.25262042210122,27.57003723409064,27.169486623822138,27.562480926513672,13263900
2011-06-29,27.758980384825612,27.79676769378607,27.486907147531316,27.706077575683594,19847200
2011-06-30,27.76653985703329,28.219993335115376,27.72874966470403,28.144418716430664,18578500
2011-07-01,28.129298486955463,28.71123217855026,28.11418298916238,28.65077018737793,23998200
2011-07-05,28.628098211329696,28.635654518687932,28.401371511759393,28.492061614990234,19248800
2011-07-06,28.439162168219564,28.718791701232114,28.416487477498134,28.643217086791992,19802800
2011-07-07,28.95307959275241,29.04376971286102,28.801927470580093,28.945520401000977,30538300
2011-07-08,28.560078516482186,28.59786581739825,28.393810932867982,28.58275032043457,21673800
2011-07-11,28.25022482102352,28.310683940412382,27.947920575118335,28.053726196289062,20456200
2011-07-12,27.947921989873358,28.053727616400085,27.751426238179018,27.781654357910156,31263100
2011-07-13,27.978155261321497,28.219997536704017,27.819446808661844,27.895021438598633,15477200
2011-07-14,27.895022420755303,28.068846382119954,27.509587181727152,27.59271812438965,20189500
2011-07-15,27.706071338531174,27.71362764542745,27.350864371695444,27.615381240844727,17199600
2011-07-18,27.46424667039882,27.547380514204665,27.139270489878538,27.305538177490234,17277300
2011-07-19,27.471789044700603,27.72874675746943,27.411329932689082,27.660728454589844,15177900
2011-07-20,27.78921581862935,27.81944682381547,27.615391863290192,27.713638305664062,9926400
2011-07-21,27.887456959282535,28.22754557735783,27.842110464812134,28.12929916381836,18054300
2011-07-22,28.008374741261235,28.031046544315533,27.736301572665077,27.834550857543945,20127000
2011-07-25,27.58515681762856,27.985707487219138,27.5473695081744,27.819442749023438,13278600
2011-07-26,27.72120451353141,27.74387633166462,27.237519840102546,27.305538177490234,24912000
2011-07-27,27.17704997746202,27.192165479521364,26.489310490191553,26.56488800048828,42181100
2011-07-28,26.595117341982597,26.83695962005502,26.277700433132804,26.338159561157227,32606300
2011-07-29,26.081200232967188,26.46663832283137,25.83935796924296,26.209680557250977,27382200
2011-08-01,26.572438361892313,26.617784857919723,25.741106115629243,26.043407440185547,36471600
2011-08-02,25.786455390436934,26.020741346872672,25.136503219604492,25.136503219604492,43640200
2011-08-03,25.15917482420113,25.37834525172514,24.690602968876654,25.363229751586914,49331300
2011-08-04,24.940006198883015,24.992909011696224,23.957521682797157,24.002866744995117,49619600
2011-08-05,24.34295687372013,24.494109003038048,23.405817419832232,24.002866744995117,67180800
2011-08-08,23.141296819779452,23.564520644244084,22.294847729357055,22.30996322631836,64519200
2011-08-09,22.612271163199164,23.413373947143555,21.93964725001417,23.413373947143555,55589000
2011-08-10,22.959914697627827,23.088393544175652,22.204157115933132,22.21927261352539,45042000
2011-08-11,22.41577098426086,23.624983469435055,22.257062575337716,23.277334213256836,40559500
2011-08-12,23.57964231456135,23.859271874089302,23.322684564917903,23.730792999267578,29823800
2011-08-15,23.874389641384365,24.138905166597393,23.829044575817278,24.086002349853516,36619200
2011-08-16,23.813923224877833,24.017978132055287,23.5418500153079,23.74590492248535,29966700
2011-08-17,23.949959090519396,24.085995691106003,23.488946486641062,23.67032814025879,28800600
2011-08-18,22.98258835271798,23.00526159950957,22.143696960840956,22.36286735534668,36126900
2011-08-19,22.01521873474121,22.71807354873641,21.98498917965722,22.01521873474121,36632900
2011-08-22,22.597154291937528,22.597154291937528,22.022778283474057,22.09835433959961,26082800
2011-08-23,22.181491855070604,22.876789093017578,22.04545521959282,22.876789093017578,30759300
2011-08-24,22.808767639287723,23.38314366483728,22.74074933090071,23.337797164916992,19658800
2011-08-25,23.496505254522553,23.617426362177437,22.816323663590506,22.899456024169922,23237000
2011-08-26,22.75586819513074,23.466279500989025,22.36287378668129,23.37558937072754,24837300
2011-08-29,23.640103256350574,24.138903262728423,23.640103256350574,24.116230010986328,22386300
2011-08-30,24.040649125637824,24.49410397909062,23.85170972349026,24.320280075073242,25620800
2011-08-31,24.539454094558856,24.856870953171743,24.27493716272787,24.48655128479004,32650500
2011-09-01,24.52434182765175,24.773740409017556,24.063329096323148,24.086002349853516,39363900
2011-09-02,23.556970590823962,23.65521847017959,23.224436756516237,23.315128326416016,30905300
2011-09-06,22.665172407082423,23.12618504821484,22.483790738807382,23.07328224182129,25692100
2011-09-07,23.488943694095095,23.813919658751185,23.390695850625917,23.79124641418457,26052400
2011-09-08,23.519186151496562,23.85171858494448,23.337802989532893,23.436052322387695,24264700
2011-09-09,23.156415164267994,23.26977997098203,22.665172953982964,22.808767318725586,34468600
2011-09-12,22.476231900135332,22.87678396576931,22.28729249131628,22.854110717773438,30422400
2011-09-13,22.937244147781552,23.43604406367325,22.80120754499413,23.277334213256836,41508700
2011-09-14,23.41337444512481,24.025539252553948,22.929689952681187,23.685447692871094,35106900
2011-09-15,23.942401707850042,24.184243916374868,23.82148060358763,24.16912841796875,32996200
2011-09-16,24.266422820808884,24.47161997731637,24.046025552805492,24.29682159423828,30668200
2011-09-19,23.932009600566936,24.17520540318284,23.68121374792412,24.06880760192871,25728600
2011-09-20,24.18280905474665,24.35000728111685,23.87121420504415,23.894014358520508,24276800
2011-09-21,23.833218635690734,23.863617394892906,22.883233855244665,22.90603256225586,39438900
2011-09-22,22.282838896922705,22.389236709940224,21.77364708531367,22.047243118286133,49906200
2011-09-23,21.933248214005,22.48803895611734,21.933248214005,22.27524185180664,40959900
2011-09-26,22.51084335205901,22.883237267577588,22.15364809362706,22.837636947631836,28701200
2011-09-27,23.40002328957538,23.650819186641613,23.088426981524286,23.24042510986328,31931700
2011-09-28,23.278428205477976,23.49122533444136,22.617239559391994,22.64763832092285,22879400
2011-09-29,23.126428219012638,23.270826302101394,22.48803837221795,22.974430084228516,25937500
2011-09-30,22.579236260951387,22.716034293359655,22.199242370733597,22.20684242248535,35514500
2011-10-03,22.039645450748463,22.427239389519368,21.553253739143393,21.58365249633789,31693400
2011-10-04,21.279659842444772,22.184045791625977,21.028863909427002,22.184045791625977,37532700
2011-10-05,22.168845442131513,22.716036167344033,22.047247503195397,22.655237197875977,26507900
2011-10-06,22.64763591979103,23.141629150740727,22.41204010704814,23.111228942871094,18317500
2011-10-07,23.339221908768568,23.36202206194047,22.830031533983124,23.058027267456055,26463200
2011-10-10,23.483621161394133,23.871215087450466,23.377223340361194,23.863615036010742,19918900
2011-10-11,23.65081792004542,24.02321172001503,23.643217869079326,23.9320125579834,17798900
2011-10-12,24.129611773502912,24.50960565969981,24.04601265467987,24.23600959777832,26361000
2011-10-13,24.091612178989237,24.114410883698053,23.726816958470724,24.030813217163086,14207000
2011-10-14,24.327206490299186,24.494404722251687,24.160011157469867,24.464004516601562,12087800
2011-10-17,24.395598708501844,24.395598708501844,23.72681031565541,23.76481056213379,15218300
2011-10-18,23.78761817145893,24.707202737300392,23.673620288441803,24.448806762695312,22586500
2011-10-19,24.45640917106896,24.5932072155857,24.06881519479212,24.152414321899414,14325500
2011-10-20,24.220814103272293,24.456409937567372,23.970018163651893,24.35761070251465,17668000
2011-10-21,24.585600558377532,24.85919659004214,24.502004347922643,24.82879638671875,17444000
2011-10-24,25.00360134336929,25.383595267134027,24.927600819142203,25.292394638061523,20781300
2011-10-25,24.973200801940248,25.072000032561252,24.57800677857976,24.775602340698242,21930900
2011-10-26,25.10999613163178,25.155593541512253,24.616002931023132,24.95039939880371,19522200
2011-10-27,25.74077574974697,26.280369076748773,25.603977768154653,26.03717041015625,27019600
2011-10-28,26.006773113564137,26.105569400952408,25.87757373133929,26.03717041015625,11953200
2011-10-31,25.77118758472901,25.809186396972564,25.375993559324282,25.398792266845703,14055300
2011-11-01,24.623602189158408,25.011194633453254,24.44120386888128,24.631200790405273,33656400
2011-11-02,25.20879722344884,25.269597646960783,24.87440359150444,25.117599487304688,15434600
2011-11-03,25.451993941166126,25.77118744118229,25.147997646663903,25.73318862915039,18669300
2011-11-04,25.489987997161286,25.581185708846466,25.125194251297593,25.535585403442383,12744600
2011-11-07,25.535593159532333,25.67999272094317,25.140401989154945,25.596393585205078,14388400
2011-11-08,25.70278500207875,25.907982038713392,25.391190146253503,25.885183334350586,16127700
2011-11-09,25.353191558161605,25.353191558161605,24.78320075118539,24.881999969482422,23690600
2011-11-10,25.26199753412608,25.360793867744057,25.011200150810634,25.185997009277344,23184700
2011-11-11,25.45959150135375,25.877584214834876,25.45959150135375,25.786386489868164,13918200
2011-11-14,25.717986815659124,25.816786039676078,25.48238955811819,25.626789093017578,11332300
2011-11-15,25.505184974630925,25.89277737615591,25.43678597446503,25.778778076171875,12431600
2011-11-16,25.47479279045635,25.847185209216114,25.353194851802858,25.398792266845703,14013800
2011-11-17,25.345590759627804,25.398789671156695,24.745202629641263,24.957998275756836,23763800
2011-11-18,25.08719976369359,25.163200294562333,24.882005578157536,25.018800735473633,13851100
2011-11-21,24.638801518218813,24.638801518218813,24.167609923925355,24.441205978393555,18028600
2011-11-22,24.43361246540902,24.464009778474008,24.10681598262712,24.281614303588867,19366600
2011-11-23,24.0840105903003,24.09161064123866,23.704016740751182,23.719215393066406,18880000
2011-11-25,23.620412526747966,24.000406294198584,23.620412526747966,23.681211471557617,7025200
2011-11-28,24.403210367079442,24.63120614262582,24.296811082204247,24.47920799255371,15618000
2011-11-29,24.562809779946058,24.798407083026746,24.433613222824444,24.502012252807617,18321400
2011-11-30,25.31519760696754,25.75598907470703,25.16319944945872,25.75598907470703,23767800
2011-12-01,25.611590557672805,25.81678762052368,25.565990243998108,25.672388076782227,17912100
2011-12-02,25.83958739255533,26.021985755646586,25.588790005695305,25.619190216064453,18373000
2011-12-05,26.03718075699348,26.097981172583463,25.71038867012916,25.892784118652344,17993100
2011-12-06,25.945980845692443,26.08277887011554,25.786384116906543,25.885183334350586,12618300
2011-12-07,25.9003822451369,25.968778355078,25.535585597379672,25.877580642700195,25265900
2011-12-08,25.710385521036628,25.763584428600193,25.17839354627793,25.23919105529785,17456600
2011-12-09,25.421591818912855,25.87758332722924,25.375991508431895,25.81678581237793,22390300
2011-12-12,25.603988472131515,25.603988472131515,25.140398339729796,25.345592498779297,15878100
2011-12-13,25.565973185171472,25.672370946961973,24.897183526474887,25.01118278503418,25786600
2011-12-14,24.80600142026285,25.00359987250577,24.661604781411018,24.71480369567871,19622000
2011-12-15,25.05679323906008,25.094792040963373,24.790795827491515,24.88959503173828,14535100
2011-12-16,25.102291942904028,25.34711746636947,24.895719860251855,24.99517822265625,35073700
2011-12-19,25.048738836545084,25.247658498125574,24.65089659483338,24.735055923461914,16276600
2011-12-20,25.102296576223083,25.630201161406532,25.102296576223083,25.58429527282715,24973900
2011-12-21,25.553686489913627,25.660797278788397,25.23235120473921,25.59193992614746,18990000
2011-12-22,25.622547495711533,25.88267498515964,25.622547495711533,25.836769104003906,12781100
2011-12-23,25.943875948567314,26.08159065246582,25.829112722468533,26.08159065246582,5526300
2011-12-27,25.98213043244582,26.127497580507892,25.92857503638617,26.073942184448242,5313800
2011-12-28,26.104548051078183,26.104548051078183,25.59959499510451,25.660802841186523,10798600
2011-12-29,25.676097752582294,26.00508253856387,25.668445314647872,25.982128143310547,6053600
2011-12-30,25.928575331914345,26.02803660510884,25.82146453857422,25.82146453857422,4281700
2012-01-03,26.326430227099397,26.632463714704205,26.326430227099397,26.387638092041016,19704600
2012-01-04,26.303462522148877,26.54063555621229,26.242254694939067,26.510034561157227,10290300
2012-01-05,26.341716805438086,26.532986893819977,26.12749524038635,26.517684936523438,8828900
2012-01-06,26.57889362577405,26.57889362577405,26.379971093032,26.464130401611328,8702400
2012-01-09,26.540646448511072,26.70131560160063,26.425886103219717,26.66305923461914,15523400
2012-01-10,27.03028659566917,27.09914101626549,26.96907877485084,27.04558563232422,17201200
2012-01-11,26.946131643153432,27.183304690666365,26.930829685483243,27.129749298095703,9828900
2012-01-12,27.213915219942884,27.420487320869707,27.07620048599167,27.366931915283203,9283500
2012-01-13,27.152706146240234,27.19095958459566,26.900228199703935,27.152706146240234,10858400
2012-01-17,27.51994125108524,27.56584420442621,27.252161376213213,27.290414810180664,10633500
2012-01-18,27.19861805925181,27.55055447766766,27.16801413107185,27.535255432128906,15984200
2012-01-19,27.680605489711127,27.833622133433384,27.6117481459636,27.825969696044922,9950600
2012-01-20,27.665302276611328,27.734159617230574,27.558191506436856,27.665302276611328,11160200
2012-01-23,27.619398818280224,27.887178685614984,27.542891952498778,27.634700775146484,13137700
2012-01-24,27.420476825198364,27.672951795102534,27.366921440111128,27.665302276611328,5679000
2012-01-25,27.55820170488179,28.05550231023462,27.435788933874097,27.971345901489258,13684300
2012-01-26,28.147305339401687,28.24676367846617,27.833622528664215,27.917781829833984,11594900
2012-01-27,27.787729414749755,27.994301543748552,27.764777928822483,27.894840240478516,6931100
2012-01-30,27.642364831591237,27.81833303169202,27.54290352942955,27.795381546020508,9735600
2012-01-31,27.917780366856714,28.017238700709274,27.573493661271957,27.71120834350586,18226900
2012-02-01,27.925442258967614,28.170267820630656,27.925442258967614,28.009601593017578,11770900
2012-02-02,28.070807220955576,28.116713109363502,27.94074491495959,28.024904251098633,9223800
2012-02-03,28.338575565936768,28.55279712018485,28.292669696362275,28.50689125061035,11529700
2012-02-06,28.307969905659874,28.506889491105387,28.29266795007951,28.438032150268555,8686800
2012-02-07,28.37683435936641,28.468643197311568,28.139658366245214,28.407438278198242,9038900
2012-02-08,28.468643188476562,28.52219858714048,28.330928472326395,28.468643188476562,10111800
2012-02-09,28.57575557350543,28.598709973172717,28.384485448064158,28.545154571533203,9383900
2012-02-10,28.292674163139544,28.300326601885004,28.101404054206572,28.285024642944336,14726700
2012-02-13,28.529854146035326,28.652266916160915,28.33093157048709,28.62931251525879,16480700
2012-02-14,28.545148148224325,28.55279766735844,28.323274152187036,28.52984619140625,13354100
2012-02-15,28.629321342082402,28.629321342082402,28.08611468958125,28.154972076416016,18457100
2012-02-16,28.15496117276802,28.430390613440764,28.086103812599834,28.415088653564453,12220200
2012-02-17,28.49925958493882,28.60637042916228,28.422752672936813,28.5222110748291,9207600
2012-02-21,28.667577573815304,28.744084483896366,28.51456083510164,28.621671676635742,13518700
2012-02-22,28.59105491638184,28.66756471068451,28.483944122908326,28.591054916381836,9040900
2012-02-23,28.56045239700397,28.713466140364286,28.4380367326356,28.682865142822266,9914900
2012-02-24,28.751716913439594,28.812921815192542,28.62930127283468,28.675207138061523,8444500
2012-02-27,28.48393862590355,28.812923381539974,28.392129809008406,28.69816017150879,13756800
2012-02-28,28.675215976515712,28.72877137651279,28.537501256937404,28.659914016723633,12782300
2012-02-29,28.736425729464415,28.782328693347278,28.430392350342508,28.48394775390625,14362100
2012-03-01,28.52984533833139,28.698161021197674,28.460987993983903,28.58340072631836,15367900
2012-03-02,28.606358774192703,28.652264653821636,28.323279812857013,28.415088653564453,11497300
2012-03-05,28.346222059310477,28.376825969093545,28.116698573036402,28.21615982055664,15998800
2012-03-06,27.810683225790207,27.91014453737571,27.512302209585048,27.581159591674805,27730300
2012-03-07,27.680617208950604,27.910140812433337,27.65766572416762,27.864234924316406,14552900
2012-03-08,28.11671306298412,28.323285182652572,27.99430027931589,28.26207733154297,16027500
2012-03-09,28.32326889038086,28.43802916737184,28.1626027514639,28.32326889038086,17457500
2012-03-12,28.361539663808713,28.40744555381372,28.23147735328783,28.31563377380371,10597700
2012-03-13,28.50689153980464,28.92003561451698,28.361527329168734,28.904733657836914,25778700
2012-03-14,28.85118414668724,28.981249345691545,28.75172578582852,28.83588218688965,12873000
2012-03-15,28.92005202190601,29.203131084713664,28.774687728799698,29.180179595947266,15961100
2012-03-16,29.2777794507066,29.28546463452266,29.093302785392833,29.193227767944336,10822600
2012-03-19,29.177854468155097,29.293152750495842,29.077932417760714,29.193227767944336,13637700
2012-03-20,28.954954045254123,29.02413244740219,28.739733652863666,28.855031967163086,16481000
2012-03-21,28.916522325474354,28.954954119620222,28.770480334856877,28.839658737182617,9452100
2012-03-22,28.624434019965282,28.632119204770284,28.28622724539525,28.516820907592773,20800100
2012-03-23,28.486084630297356,28.60906814420248,28.324666385918295,28.56294822692871,11167800
2012-03-26,28.78585730767349,28.98570442199707,28.78585730767349,28.98570442199707,22876500
2012-03-27,29.001077157532382,29.047197074772843,28.88578176266861,28.89346694946289,11364300
2012-03-28,28.855030613178492,28.924209012080453,28.37078182086477,28.616748809814453,26574800
2012-03-29,28.355406555980785,28.670551922031475,28.247796372279222,28.63212013244629,18527600
2012-03-30,28.801221584387164,28.839653371382553,28.61674490178893,28.762786865234375,12711400
2012-04-02,28.70130810769956,29.047200193747933,28.562951273280213,28.947275161743164,24390700
2012-04-03,28.870408188561047,28.94727178442242,28.609067857610857,28.739736557006836,10447200
2012-04-04,28.463017648596416,28.586001138490822,28.401527369728054,28.532196044921875,13437700
2012-04-05,28.447644308080154,28.57062779781132,28.378465911846515,28.416900634765625,10535800
2012-04-09,27.95570945739746,28.07869294320558,27.87884587832648,27.95570945739746,13811000
2012-04-10,27.92497690044272,27.92497690044272,27.333117723105687,27.38692283630371,21444600
2012-04-11,27.74817918577548,27.817357592044562,27.59445200042918,27.694374084472656,19239100
2012-04-12,27.74818742639509,28.301614840903866,27.69438230911329,28.28624153137207,24078200
2012-04-13,28.109452101244113,28.155572028578195,27.917290135590456,27.924978256225586,17836200
2012-04-16,28.094075596098254,28.2170591228394,27.89422846470335,28.00183868408203,20864200
2012-04-17,28.20167812775449,28.532196815552307,28.078694634538405,28.4630184173584,16312000
2012-04-18,28.32466499455779,28.455336621002168,28.263174706704874,28.340038299560547,13415200
2012-04-19,28.355430831774996,28.416924093483292,27.863496466749044,28.024911880493164,25315800
2012-04-20,28.270857335385223,28.39384083212251,28.147873838647932,28.263172149658203,18231800
2012-04-23,27.909596769015497,27.978775173666442,27.73280816427598,27.948028564453125,25099300
2012-04-24,28.07869474537543,28.340035036010946,28.055636256605695,28.31697654724121,15002500
2012-04-25,28.539892018934047,28.570635700752604,28.286236851861105,28.37078857421875,18132200
2012-04-26,28.309294670832774,28.57063205985875,28.255486637150703,28.539888381958008,14809200
2012-04-27,28.693612503344198,28.78584938208585,28.516820998532896,28.716670989990234,14101000
2012-04-30,28.609053814160784,28.655170776176686,28.340025496388616,28.447635650634766,16463800
2012-05-01,28.386154066971542,28.747419351355354,28.16324557523865,28.532196044921875,17561900
2012-05-02,28.33235316229786,28.562946873423094,28.270859942180135,28.539888381958008,10896500
2012-05-03,28.547566866524537,28.593686770785656,28.23242151780048,28.309288024902344,12904900
2012-05-04,28.17093345757148,28.201677130670216,27.82504147883111,27.901905059814453,20063400
2012-05-07,27.748181914265697,27.96340527279812,27.740496727105935,27.825048446655273,15554200
2012-05-08,27.655938188308962,27.80966828302381,27.379224604253775,27.755863189697266,18180500
2012-05-09,27.417661591249697,27.694375227749283,27.25624628067768,27.433034896850586,31133700
2012-05-10,27.663629881997984,27.77124008256258,27.417659939361407,27.471467971801758,13300000
2012-05-11,27.30236627278278,27.7097486097762,27.294678153882018,27.417661666870117,14050700
2012-05-14,27.171683110183427,27.33310128485866,26.987209385064578,27.10250473022461,23499400
2012-05-15,27.056397816013313,27.26393303298555,26.887294395037838,26.964160919189453,14061700
2012-05-16,27.171702976142075,27.31005983721611,26.902677375253198,26.93342399597168,14807700
2012-05-17,26.91035411747564,26.956474034076805,26.341556473519013,26.356929779052734,23972500
2012-05-18,26.441471047766015,26.610571477517784,26.14938422232997,26.226247787475586,21477400
2012-05-21,26.387673033536824,26.833487108673136,26.372299729958627,26.810428619384766,16473500
2012-05-22,26.910369873046875,27.079473400766886,26.725895962952258,26.910369873046875,14386000
2012-05-23,26.68745915245569,27.11021496054543,26.42611871855595,27.05640983581543,25824400
2012-05-24,27.125578864163785,27.156325476819674,26.725881696112324,27.025653839111328,13768100
2012-05-25,27.03333699577455,27.087145029960126,26.779684790810705,26.841175079345703,8026500
2012-05-29,27.064085345893975,27.286993886998726,27.04102685273084,27.202442169189453,14105300
2012-05-30,26.956472823962898,26.956472823962898,26.69513250593799,26.748937606811523,15655500
2012-05-31,26.672076852433715,26.84117735938792,26.3415580935273,26.649015426635742,17828700
2012-06-01,26.11864897368304,26.249320609804496,25.880367126731173,25.911113739013672,24430500
2012-06-04,25.926484838059434,25.957231447724507,25.426865625713404,25.642086029052734,23893000
2012-06-05,25.57290827024042,25.75738206858086,25.47298325238042,25.718950271606445,17784400
2012-06-06,25.94954529724534,26.410735680723885,25.903428311408298,26.403047561645508,20089700
2012-06-07,26.72588379220784,26.948792353208074,26.510663351053733,26.549095153808594,21550300
2012-06-08,26.54140238966015,26.771999030155953,26.379987087039552,26.748937606811523,12401500
2012-06-11,27.025653259870303,27.04102656586875,26.372303881806914,26.403047561645508,15671400
2012-06-12,26.52603437278661,26.856553162417626,26.38768046592957,26.825809478759766,20210900
2012-06-13,26.71050616506985,26.82580448684707,26.43379253853102,26.55677604675293,22045200
2012-06-14,26.625954025744743,26.871921038238057,26.464538723575647,26.764310836791992,22125000
2012-06-15,26.89096883711667,27.006812788675614,26.844630667286282,26.999088287353516,12906000
2012-06-18,26.883249691080835,27.161269896876895,26.798297845128847,27.060874938964844,13380900
2012-06-19,27.184440662845248,27.57058327752761,27.176716160772365,27.423847198486328,12630300
2012-06-20,27.338889544083422,27.423838417444276,27.08403408590063,27.2771053314209,20907000
2012-06-21,27.36977923247997,27.44700949979828,26.71333816345842,26.744230270385742,16671700
2012-06-22,26.821454659284623,26.898684918159358,26.63610793005155,26.83690071105957,11993100
2012-06-25,26.52027470782014,26.56661288182869,26.234529999853255,26.342649459838867,20371600
2012-06-26,26.388978958129883,26.466209231375576,26.13412642150332,26.388978958129883,13684600
2012-06-27,26.48937746365677,26.70561928779943,26.443042244652727,26.643835067749023,14267600
2012-06-28,26.4584863008334,26.651557576352143,26.3040316372455,26.620668411254883,18115400
2012-06-29,27.20760089477075,27.547405242919922,27.084035409440727,27.547405242919922,18557700
2012-07-02,27.61691668300838,27.66325485428414,27.12265464020358,27.30800437927246,14682400
2012-07-03,27.284832027869527,27.601468778175565,27.26166147323879,27.5937442779541,10841200
2012-07-05,27.43927977196997,27.678689135991217,27.392944566440825,27.56284523010254,8771000
2012-07-06,27.307995942698753,27.307995942698753,27.022251339862006,27.19215202331543,9875000
2012-07-09,26.97591541671495,27.238492435831727,26.94502330951686,27.176708221435547,7220700
2012-07-10,27.33889955507384,27.408405346754186,26.57433584659004,26.736515045166016,32477900
2012-07-11,26.721066059235643,26.767404230624674,26.38898319603299,26.520273208618164,22717500
2012-07-12,26.36581446663708,26.551164198308594,26.15729712326939,26.41987419128418,31597700
2012-07-13,26.473939860648322,26.945034377814967,26.43532618380599,26.929588317871094,23745400
2012-07-16,26.806011538206924,26.82918209141915,26.551159021140172,26.744230270385742,15931600
2012-07-17,26.690174277228582,26.96819444023363,26.504824555858008,26.860074996948242,17282200
2012-07-18,26.775122237866448,27.431566321730386,26.775122237866448,27.362060546875,30367800
2012-07-19,27.431565894633522,27.58602349702219,27.29255434708709,27.49334716796875,14611600
2012-07-20,27.307999160307297,27.416118593253344,27.122649456661506,27.153541564941406,16714900
2012-07-23,26.73651087324294,27.11493189023982,26.643837480807917,27.01453399658203,15299000
2012-07-24,27.037695214416726,27.076311819330613,26.50481965138509,26.713336944580078,22018500
2012-07-25,26.90641673115063,27.045428304100756,26.62839358525038,26.806018829345703,23365000
2012-07-26,27.114930328676913,27.331169213916663,27.00681088605704,27.215328216552734,16735900
2012-07-27,27.253944695827627,27.948999589864865,27.253944695827627,27.809988021850586,18798400
2012-07-30,27.771371233797836,27.933550396259662,27.64780573677447,27.732757568359375,12948400
2012-07-31,27.72503670750758,27.87176981825927,27.64008487379674,27.65553092956543,13125300
2012-08-01,27.79453985247391,27.84087506935674,27.45473254982049,27.470178604125977,17120500
2012-08-02,27.369780884041802,27.485624818992846,27.02997652543699,27.331167221069336,16934400
2012-08-03,27.678696048384314,28.049392515358623,27.670974494212068,27.925827026367188,16954500
2012-08-06,28.049392515358623,28.16523645017781,27.925827026367188,27.925827026367188,14753100
2012-08-07,28.041671935101707,28.342862640851884,28.041671935101707,28.211572647094727,16614200
2012-08-08,28.103450698783632,28.211570127495794,28.026223377141655,28.172956466674805,10220100
2012-08-09,28.157524701542687,28.257922627450498,28.088018898381126,28.196138381958008,12669800
2012-08-10,28.08800226118828,28.342857703835385,28.018496499196633,28.327411651611328,10449000
2012-08-13,28.273359037810483,28.296526648944493,28.072563254535808,28.265634536743164,13026200
2012-08-14,28.404647405317274,28.404647405317274,28.15751638837968,28.227022171020508,9495500
2012-08-15,28.080289563549815,28.33514214053452,28.072565061985156,28.288806915283203,9977000
2012-08-16,28.28109088476265,28.628619908413775,28.23475564563253,28.574560165405273,12786000
2012-08-17,28.574556143868467,28.73673535006914,28.574556143868467,28.71356773376465,8877500
2012-08-20,28.636326532017385,28.70582934731561,28.520482614453936,28.651769638061523,6612400
2012-08-21,28.75216975631392,28.875735236580937,28.512760349406943,28.589990615844727,10171300
2012-08-22,28.481873248946243,28.57454662934117,28.33513720511782,28.45098114013672,10960400
2012-08-23,28.41238020061863,28.41238020061863,28.15752460786248,28.219308853149414,11985000
2012-08-24,28.118902883372563,28.427818129363406,28.111181327938148,28.350587844848633,8736200
2012-08-27,28.404646095615178,28.443262708883825,28.242466925609154,28.265634536743164,5977000
2012-08-28,28.2347525015467,28.304258298537096,28.14980064455458,28.157522201538086,8513600
2012-08-29,28.157507548448628,28.257905413195694,28.04938813073633,28.1497859954834,8432100
2012-08-30,28.049404363318,28.06485042422049,27.840886960186705,27.91039276123047,8604100
2012-08-31,28.09573589794585,28.211576908251626,27.902664601402034,28.080289840698242,9433100
2012-09-04,27.98761140535112,28.04939267718646,27.663250153606214,27.786815643310547,17603100
2012-09-05,27.7945408331774,27.84860055213723,27.60919112100532,27.7095890045166,11777300
2012-09-06,27.864046900177968,28.342862821446236,27.864046900177968,28.33513832092285,12695200
2012-09-07,28.4201024942231,28.605452288848713,28.412380936379762,28.574560165405273,10639100
2012-09-10,28.489596188719627,28.55910196390464,28.381476748661562,28.389198303222656,8961600
2012-09-11,28.381478134848315,28.62088758240837,28.36603207893793,28.543657302856445,10463700
2012-09-12,28.628606106171745,28.713557931667257,28.528208226401265,28.65949821472168,8450400
2012-09-13,28.590001539709025,29.107431265394823,28.458711509617316,28.98386573791504,16405700
2012-09-14,28.868025103580006,29.400900895663952,28.868025103580006,29.16149139404297,12253000
2012-09-17,29.053361543316782,29.122867312756703,28.952966612151876,29.022472381591797,7801500
2012-09-18,28.922075800240474,29.037916790474874,28.898905245366652,29.030195236206055,8073100
2012-09-19,28.97613353829204,29.146037180933437,28.89118171697134,29.099699020385742,9284300
2012-09-20,28.844845770656633,28.85257027102428,28.690391115708117,28.821678161621094,12558200
2012-09-21,28.953812073697016,28.977129631232643,28.635125938604006,28.736173629760742,15043900
2012-09-24,28.557398770084312,28.806129267469032,28.52630671663587,28.736173629760742,11603200
2012-09-25,28.728404346488492,28.77504243512343,28.347537000493332,28.355308532714844,14575300
2012-09-26,28.370861502241215,28.378633036363773,28.14544846635219,28.246496200561523,12515200
2012-09-27,28.35530585268035,28.549626755973197,28.215394565101363,28.51076316833496,13296800
2012-09-28,28.347537544029866,28.510766409728976,28.184305713228746,28.39417266845703,13149000
2012-10-01,28.541854087148533,28.775038568787664,28.43303486005704,28.526308059692383,14698000
2012-10-02,28.627359181577013,28.658448275108338,28.370854145505717,28.479673385620117,10302000
2012-10-03,28.604038863562913,28.681769010712614,28.401946411177555,28.62735939025879,7830300
2012-10-04,28.782811974772365,28.852767620330916,28.68176723737804,28.790586471557617,8888800
2012-10-05,28.98491116478817,29.085955915377525,28.759498170207973,28.88386344909668,10555200
2012-10-08,28.712861808859337,28.86054762494648,28.673998212821466,28.81390953063965,4917400
2012-10-09,28.813905603172586,28.844997661805817,28.464127356303504,28.479673385620117,10963500
2012-10-10,28.370844620231114,28.464117799713208,28.184295296166013,28.21538734436035,14504500
2012-10-11,28.417487501478234,28.53407825428572,28.300893783569336,28.300893783569336,8828800
2012-10-12,28.41748522388443,28.55739648812099,28.223164353011565,28.33198356628418,9760800
2012-10-15,28.331987164142845,28.541854087148533,28.285349081774395,28.526308059692383,9734700
2012-10-16,28.596281241416214,28.852783439025117,28.596281241416214,28.829465866088867,9357800
2012-10-17,28.88386021583577,29.039317538320287,28.829450597731462,29.00045394897461,7774700
2012-10-18,28.87608688899907,29.179227018193945,28.860540861206815,29.08595085144043,15649400
2012-10-19,28.837223746712084,28.930499924494676,28.48744845788426,28.596267700195312,15722900
2012-10-22,28.5107678959353,28.72063486210351,28.269808868460203,28.518539428710938,14300700
2012-10-23,28.17653786549201,28.32422072066048,28.067718607462353,28.230947494506836,13211400
2012-10-24,28.370854079955592,28.37862561204499,28.013304301805263,28.052167892456055,12980200
2012-10-25,28.308678746190896,28.37086288260761,27.97444939081094,28.20763397216797,14927000
2012-10-26,28.160991833616002,28.363087282901702,28.067718607462353,28.230947494506836,10533400
2012-10-31,28.36308479309082,28.588494822749652,28.262037077318293,28.36308479309082,10557300
2012-11-01,28.44081683821502,28.922732005968207,28.331997571151653,28.868322372436523,15309200
2012-11-02,29.031544295029505,29.10149994491327,28.61181336082885,28.62735939025879,13364000
2012-11-05,28.51852989393737,28.829444472851907,28.502983868481525,28.782806396484375,8533000
2012-11-06,28.922723760835453,29.23363840532777,28.868314142814565,29.093727111816406,10045200
2012-11-07,28.852774826011444,28.852774826011444,28.25426592345063,28.40972328186035,17347500
2012-11-08,28.409725704282437,28.49522740695341,28.106585460341883,28.114356994628906,13404000
2012-11-09,27.989980338636855,28.433034705982383,27.98220880750167,28.192075729370117,13425000
2012-11-12,28.269804000854492,28.409715287542827,28.16875926665865,28.269804000854492,7727700
2012-11-13,28.028846889617395,28.479669822996566,28.028846889617395,28.192075729370117,9957900
2012-11-14,28.285351510044904,28.285351510044904,27.453658242900932,27.53138542175293,22260800
2012-11-15,27.414794653474935,27.67907121271426,27.399248624684173,27.53138542175293,15774000
2012-11-16,27.46142708310152,27.679065511137484,27.352604903982336,27.60910987854004,13761100
2012-11-19,27.951123163163587,28.13767256930882,27.87339597357937,28.129898071289062,10984600
2012-11-20,28.145433283899212,28.184296863753232,27.92779486463582,28.153207778930664,8771800
2012-11-21,28.13766611611921,28.254256873756212,28.083256502868302,28.192075729370117,4986700
2012-11-23,28.25425477878452,28.557397842407227,28.25425477878452,28.557397842407227,3286600
2012-11-26,28.448579237207085,28.596265022315258,28.386398089610243,28.580718994140625,7471900
2012-11-27,28.611815612631585,28.76726998896167,28.487450332506217,28.518539428710938,9702800
2012-11-28,28.37086801271181,28.782827613104413,28.254274218399047,28.759510040283203,11098800
2012-11-29,28.91495795883099,29.023777216436475,28.73618304060735,28.9227294921875,10531000
2012-11-30,28.89163329879648,28.977134979008465,28.798360086338846,28.860544204711914,7943400
2012-12-03,29.008224763256624,29.062634380015062,28.54962730407715,28.54962730407715,10585100
2012-12-04,28.619600819112147,28.782829771306606,28.53409909221879,28.658464431762695,7176000
2012-12-05,28.720633760104874,29.07041202363105,28.534084364523565,28.961589813232422,13665100
2012-12-06,28.946045835321375,28.98490942668696,28.767267977856154,28.95381736755371,5501600
2012-12-07,29.117043168788463,29.1636812525845,28.953814323154802,29.140363693237305,6771000
2012-12-10,29.132590469516973,29.319139847749774,29.062634823317392,29.288047790527344,7387800
2012-12-11,29.44351691646241,29.51347259070964,29.288059533123796,29.35024070739746,9455300
2012-12-12,29.497913544089123,29.630050334323375,29.365773788753213,29.396865844726562,6911500
2012-12-13,29.342460089110112,29.52123498682092,29.21032328149423,29.30359649658203,9328400
2012-12-14,29.23364730431875,29.404650707354712,29.225872805033823,29.241418838500977,6747900
2012-12-17,29.381326097763427,29.521237414451534,29.31914493762554,29.513465881347656,9667100
2012-12-18,29.544560253619945,29.925430675959213,29.466833048294944,29.894338607788086,11656700
2012-12-19,29.940965106214314,29.948736637693777,29.715552146988237,29.731098175048828,15895400
2012-12-20,29.769966692850794,29.88656044006348,29.700011037543614,29.886560440063477,7665800
2012-12-21,29.455929372522665,29.74563631245887,29.3619718987658,29.69865608215332,10871700
2012-12-24,29.628168840852517,29.698637649145958,29.557700032559076,29.61250877380371,1647100
2012-12-26,29.698644791638287,29.72213340443429,29.471578245099895,29.510726928710938,6267300
2012-12-27,29.549879738610663,29.573368352312382,29.150555384562114,29.4637508392334,6387000
2012-12-28,29.23667094554766,29.45590587168599,29.111393418204067,29.14271354675293,6626000
2012-12-31,29.064424836371277,29.698644252017658,29.001787541102342,29.675155639648438,13414400
2013-01-02,30.317203600348225,30.46596979012414,30.18409449425142,30.387672424316406,14885700
2013-01-03,30.35635916374145,30.60691437534002,30.325039015578195,30.403339385986328,9592100
2013-01-04,30.520782184032434,30.653891306006294,30.45031335165884,30.630399703979492,6466400
2013-01-07,30.536440249942483,30.55992886357249,30.3876740521971,30.497291564941406,5513800
2013-01-08,30.403335427644908,30.473801271557388,30.160608791261918,30.26239776611328,7543400
2013-01-09,30.3798501799617,30.630405411341897,30.356361560411667,30.567768096923828,6851700
2013-01-10,30.724351836958974,30.740008918275247,30.497285328789282,30.716520309448242,11710300
2013-01-11,30.630393594008535,30.685202343049134,30.544264706415355,30.606904983520508,6999900
2013-01-14,30.661705899785474,30.73217470010055,30.591237099470398,30.724346160888672,6250500
2013-01-15,30.559919305882914,30.841794528698653,30.544259239409566,30.810474395751953,5115200
2013-01-16,30.646051061108654,30.700859805495412,30.60690238466848,30.685199737548828,7569900
2013-01-17,30.83398222452601,31.068877371605776,30.75568185093019,31.014068603515625,11890000
2013-01-18,31.13934033268537,31.28810653413707,30.99840267368764,31.264617919921875,10912700
2013-01-22,31.194127225110332,31.389873504638672,31.13931850579049,31.389873504638672,7550200
2013-01-23,31.319426779404136,31.44470436704762,31.241129407196944,31.397724151611328,6430700
2013-01-24,31.405551723398904,32.03193958268257,31.374231583721492,31.58563804626465,6893000
2013-01-25,31.68742561340332,31.72657429285215,31.54648797790531,31.68742561340332,6908900
2013-01-28,31.812711222995546,31.828371296104986,31.569984570079495,31.710922241210938,5583500
2013-01-29,31.640453472370172,31.78921968694329,31.59347325294277,31.781391143798828,5456100
2013-01-30,31.750058057629158,31.820526864623595,31.47601435645764,31.491674423217773,6991200
2013-01-31,31.382072448730472,31.538667220001123,31.311603606917156,31.38207244873047,9929300
2013-02-01,31.577808116205485,31.72657429285215,31.507339298456483,31.68742561340332,8661400
2013-02-04,31.530822953886457,31.593460233790974,31.37422527384669,31.413373947143555,8989600
2013-02-05,31.58563212264418,31.77354993861333,31.538651921938808,31.703081130981445,8590700
2013-02-06,31.59347318631689,31.73441085744833,31.52300435075117,31.710922241210938,11049500
2013-02-07,31.757897082566412,31.7970457652837,31.436873105319805,31.671768188476562,8007000
2013-02-08,31.718746306882714,31.820535274298667,31.663937552163304,31.797046661376953,7164200
2013-02-11,31.73440027777005,31.820529157731396,31.70308312884528,31.77355194091797,7718700
2013-02-12,31.836192385731085,31.969301482571023,31.828363844435955,31.91448974609375,5780100
2013-02-13,32.07892148861069,32.196367538332446,31.992792593369558,32.08675003051758,6412200
2013-02-14,31.945810179148964,32.149388096931055,31.89100142901983,32.13372802734375,9256100
2013-02-15,32.180700692809445,32.235509435178244,32.047594600443055,32.149383544921875,8009200
2013-02-19,32.274671268557675,32.407777402873144,32.180710834725524,32.3842887878418,8524900
2013-02-20,32.42343124045893,32.431259781679564,31.93798103975385,31.961469650268555,10619200
2013-02-21,31.83617421463676,31.890982932978087,31.585619220261794,31.7265567779541,15582800
2013-02-22,31.844019890038652,32.01627766145042,31.844019890038652,31.977128982543945,9693400
2013-02-25,32.149393393992796,32.18854208098492,31.303767418066855,31.319427490234375,10921300
2013-02-26,31.405554323284672,31.57781211891776,31.29593681219204,31.507343292236328,14203900
2013-02-27,31.51517391204834,32.196370623642,31.46819369554578,32.102413177490234,10214100
2013-02-28,32.157231112145325,32.32948896828542,32.04761356254862,32.07893371582031,11140000
2013-03-01,31.875351117614024,32.14156640839046,31.68743619874465,32.02412033081055,11544800
2013-03-04,31.961469650268555,31.969301178342,31.648274238092675,31.961469650268555,17799700
2013-03-05,32.165048495441965,32.58785843121142,32.165048495441965,32.41560363769531,12343100
2013-03-06,32.61917857070632,32.62700711215359,32.360794887005696,32.41560363769531,11365300
2013-03-07,32.50173566208768,32.564375952874535,32.39211814006416,32.4390983581543,6392600
2013-03-08,32.66615226919976,32.77576974873094,32.52521465641617,32.744449615478516,7986200
2013-03-11,32.71313873286005,32.86973645655262,32.64266990654105,32.85407638549805,6118800
2013-03-12,32.744457949703346,32.83058684464315,32.5252229348406,32.666160583496094,11166800
2013-03-13,32.66615538406323,32.846241687158226,32.59568657095192,32.822750091552734,7192600
2013-03-14,32.88539741638481,33.01067500135406,32.8540772734292,32.97935485839844,5869900
2013-03-15,32.94946999630316,33.03596966184284,32.87082984606481,33.0045166015625,9136300
2013-03-18,32.768604207267394,33.0674308246558,32.62705791462601,32.8000602722168,6696600
2013-03-19,32.83935981026504,32.941590462160285,32.548398877747175,32.768585205078125,12386200
2013-03-20,32.933739780800956,32.97305835340348,32.69782534537099,32.807918548583984,16633100
2013-03-21,32.674241796989456,32.98879647366138,32.41473673857848,32.47764587402344,6847500
2013-03-22,32.72928237915039,32.73714789451519,32.485505399514544,32.72928237915039,6952300
2013-03-25,32.823649404154544,32.83937443469785,32.29677088650183,32.43832015991211,18316700
2013-03-26,32.59559588964904,32.62705194884678,32.48550268227187,32.603458404541016,8772200
2013-03-27,32.454046623074134,32.62705194884678,32.28104129730149,32.603458404541016,6666500
2013-03-28,32.55628277611603,32.847243872959744,32.55628277611603,32.839378356933594,7850900
2013-04-01,32.7921933434378,32.800055858709456,32.375408038478625,32.43832015991211,15500700
2013-04-02,32.548425521348044,32.58774411201215,32.27319238688308,32.33610153198242,11715400
2013-04-03,32.39900386910363,32.44618496369147,32.092314755021526,32.139495849609375,20235400
2013-04-04,32.17095839310618,32.32823573965014,32.139502323834215,32.28105163574219,12607200
2013-04-05,31.856400883424882,32.241730198397775,31.801354266973842,32.2181396484375,12848400
2013-04-08,32.1945364660009,32.4068603515625,32.092308780216015,32.4068603515625,8246300
2013-04-09,32.50122790936997,32.627049135496755,32.28890402781578,32.509090423583984,10682100
2013-04-10,32.6585022899738,32.97305685614011,32.53268106347021,32.94160079956055,11590300
2013-04-11,32.98092259996338,33.1303373834401,32.85510136113901,33.028106689453125,9855000
2013-04-12,32.910153002091846,32.96519961501321,32.72142261488013,32.839378356933594,7438400
2013-04-15,32.61918958075352,32.6585081586361,31.817077992724926,31.84067153930664,29888200
2013-04-16,32.131625039035384,32.29676482709272,32.02939436079368,32.27317428588867,10143300
2013-04-17,32.01367259385559,32.0687192006394,31.557571709101843,31.738439559936523,15939300
2013-04-18,31.848533900202277,31.848533900202277,31.47107015469622,31.596891403198242,16722700
2013-04-19,31.628342513263103,31.785616799404973,31.478927741687716,31.75416374206543,15449100
2013-04-22,31.7777461728256,31.8878393449463,31.478919705773738,31.793474197387695,13880400
2013-04-23,31.92715438500852,32.07656910196159,31.714833576373273,32.021522521972656,11194400
2013-04-24,32.17094643863858,32.40686087088265,32.14735589535861,32.35181427001953,9976300
2013-04-25,32.46190972466224,32.666371113327926,32.36754454517845,32.5169563293457,9845400
2013-04-26,32.47763494831583,32.59559366233958,32.35181371993736,32.42258834838867,7837600
2013-04-29,32.55629259236196,32.66638585139958,32.36755914842866,32.587745666503906,7934300
2013-04-30,32.634914888077525,32.634914888077525,32.34395383625249,32.59559631347656,8112900
2013-05-01,32.398996115852,32.509089309964786,32.163081699922515,32.17094421386719,12152700
2013-05-02,32.28102623977691,32.61130870766265,32.28102623977691,32.57198715209961,7422000
2013-05-03,32.92587537733908,33.31906711626059,32.894422318084686,33.13033676147461,14713900
2013-05-06,33.13819762264967,33.37411205426683,33.091016536215086,33.34265899658203,13657900
2013-05-07,33.42915222293608,33.65720409620665,33.381971145579534,33.64934158325195,14716800
2013-05-08,33.59431231630151,33.86954540885477,33.531400180966074,33.8616828918457,9877400
2013-05-09,33.87741092567956,34.04255078121152,33.76731468884254,33.8616828918457,8065700
2013-05-10,33.91672424011816,33.979633365862576,33.720128347467046,33.963905334472656,9576300
2013-05-13,33.92458445091148,33.940312481232766,33.727988571618006,33.83021926879883,5737800
2013-05-14,33.940312555550264,34.24700164794922,33.845947373230985,34.24700164794922,9893500
2013-05-15,34.089734581908175,34.39642676622683,34.04255347648681,34.3885612487793,12427900
2013-05-16,34.246997896865665,34.44359375505641,34.16049523929138,34.21554183959961,12043500
2013-05-17,34.36495234840184,34.7424159893223,34.34922432172003,34.73455047607422,14377300
2013-05-20,34.63233737362575,34.9468890401639,34.63233737362575,34.836795806884766,14154300
2013-05-21,34.84465359335104,35.03338395144203,34.78960698892325,34.88397216796875,11247100
2013-05-22,34.93903689925105,35.15136091212126,34.45934224052389,34.577301025390625,16560400
2013-05-23,34.15263435334947,34.56155411786213,34.15263435334947,34.482913970947266,10855000
2013-05-24,34.270601720197064,34.42787605407694,34.11332438650156,34.37282943725586,8787600
2013-05-28,34.79746800112201,34.87610514696133,34.49077893260792,34.553688049316406,13685500
2013-05-29,34.38854223440592,34.514363445652805,34.24699299677639,34.357086181640625,9298000
2013-05-30,34.4593270678914,34.71883508040879,34.37282439705227,34.56155776977539,7269400
2013-05-31,34.4750420965614,34.82104964960485,34.199809156619345,34.23126220703125,11180400
2013-06-03,34.37281835342542,34.45145849482275,33.99535467416221,34.39641189575195,25628800
2013-06-04,34.39641309465247,34.57728092644856,33.97176531574959,34.207679748535156,12262700
2013-06-05,34.07400487590788,34.113323458308024,33.547126272336186,33.58644485473633,12775200
2013-06-06,33.64148976838313,33.83022315409895,33.460621898638806,33.79876708984375,13916500
2013-06-07,34.08186062420863,34.45146182496578,33.94817387081808,34.435733795166016,14067500
2013-06-10,34.55369782302198,34.55369782302198,34.223418117297605,34.33351135253906,9390300
2013-06-11,33.99535705715285,34.30991164516236,33.900991880675946,34.01894760131836,9883800
2013-06-12,34.27845386492253,34.30204440790332,33.727984863458076,33.78303146362305,11072600
2013-06-13,33.75157161294169,34.34135911969005,33.6807999919537,34.27845001220703,12985500
2013-06-14,34.247003298869075,34.41214312584235,34.01108883179079,34.05040740966797,8207200
2013-06-17,34.270590826381145,34.43573062435033,34.11331354268039,34.317771911621094,8527400
2013-06-18,34.333500902760974,34.805329767279694,34.32563838827206,34.71883010864258,8798300
2013-06-19,34.648067185444454,34.73456687330702,34.19196319580078,34.19196319580078,13613100
2013-06-20,33.861675253446386,33.924584374775286,33.37411531402595,33.41343688964844,19493200
2013-06-21,33.694828324778676,33.72644210409351,33.19687436506257,33.43399429321289,14635300
2013-06-24,33.12573100570039,33.17315618725246,32.698913417160234,32.872802734375,17405800
2013-06-25,33.16524363057329,33.34703559958243,33.03087683331783,33.244285583496094,8717400
2013-06-26,33.56044604234337,33.71062425289966,33.37865406416576,33.56835174560547,14745100
2013-06-27,33.84499028474902,33.99516547673666,33.74223725068258,33.90031814575195,9177300
2013-06-28,33.829180936842484,33.95564504629238,33.64738896795463,33.70271682739258,13129300
2013-07-01,33.97936054520147,34.255999853833735,33.84499072733556,34.0425910949707,15781300
2013-07-02,33.924031019824604,34.08211192325893,33.568352756025426,33.67900848388672,12916900
2013-07-03,33.54464597094542,33.805479970726154,33.47350969965459,33.69482421875,6081900
2013-07-05,33.95565524704975,34.22439193725586,33.813382704285154,34.22439193725586,5687500
2013-07-08,34.28761154865673,34.53263403847651,34.26389745776245,34.3192253112793,10901800
2013-07-09,34.572162204138344,34.96736294576472,34.56425650082608,34.80137634277344,13045100
2013-07-10,34.80928068090121,34.96736157438047,34.67491086614405,34.79347229003906,9349600
2013-07-11,35.32304569832898,35.37047087881342,35.149159400171555,35.34675979614258,14058700
2013-07-12,35.22029502739469,35.299333978298876,34.95155837312065,35.13335037231445,11366200
2013-07-15,35.23609269694611,35.323034310424056,35.18076182998117,35.259803771972656,11794300
2013-07-16,35.31513584781316,35.362561018680545,35.02268816531969,35.07011032104492,6269200
2013-07-17,35.244006899451335,35.32304585212678,35.10963706173175,35.17287063598633,9605200
2013-07-18,35.251910636163245,35.63130606267878,35.20448846920595,35.5285530090332,10896300
2013-07-19,35.65502332818375,35.90795164628604,35.607598137860805,35.89214324951172,13266600
2013-07-22,35.955366451715356,36.01859700540652,35.852613409931884,35.91584396362305,5960900
2013-07-23,36.034415805337176,36.073935289701275,35.78148748723489,35.89214324951172,6252900
2013-07-24,36.0106868225558,36.073917363087816,35.56015829137581,35.61548614501953,10965000
2013-07-25,35.520654543189785,35.63131332397461,35.31515140916206,35.63131332397461,7031800
2013-07-26,35.45740560530724,35.536444535503,35.30722741673661,35.512733459472656,5800300
2013-07-29,35.362564592023006,35.55225926437664,35.35465888850851,35.41789245605469,8372300
2013-07-30,35.56806945800781,35.75776715511327,35.47322211702639,35.56806945800781,7145100
2013-07-31,35.623409462091054,35.96328248281042,35.623409462091054,35.69454574584961,12300000
2013-08-01,35.90003230611641,36.35056390522185,35.90003230611641,36.303138732910156,12594500
2013-08-02,36.17667484438555,36.37427520751953,36.08182751432108,36.37427520751953,5985800
2013-08-05,36.22409194280496,36.334747639072575,36.17666678077244,36.23199462890625,4468100
2013-08-06,36.16877134353822,36.16877134353822,35.90003471270813,35.9632682800293,8233700
2013-08-07,35.80518687300896,35.923748302496506,35.718242226737075,35.90793991088867,8927600
2013-08-08,36.105534166775605,36.1845730962827,35.923742216795794,36.073917388916016,4971300
2013-08-09,36.0976298882926,36.0976298882926,35.8130879217607,35.955360412597656,5525800
2013-08-12,35.73405569318493,36.04231183545926,35.718247299332035,36.00279235839844,6165300
2013-08-13,36.018604682724735,36.255724586107796,35.884237843026824,36.1608772277832,7791700
2013-08-14,36.12925136311353,36.20038761777759,35.900034207513556,35.90793991088867,10253000
2013-08-15,35.5601640992581,35.61549196193828,35.386274807896186,35.50483322143555,7586200
2013-08-16,35.48112128537819,35.655010572543084,35.402082344926306,35.5522575378418,8138800
2013-08-19,35.44950571833453,35.60758661979954,35.36256408691406,35.36256408691406,5182300
2013-08-20,35.40208923976131,35.57597554564963,35.267719396652765,35.42580032348633,6768600
2013-08-21,35.37045322736171,35.45739784062251,35.14123615879071,35.180755615234375,7865000
2013-08-22,35.25980707253223,35.71823831842799,35.25980707253223,35.66291046142578,9124600
2013-08-23,35.749864914202355,35.749864914202355,35.496936636989595,35.67082595825195,5267700
2013-08-26,35.741963674505875,35.88423621310207,35.55226595132993,35.5917854309082,6568200
2013-08-27,35.180765066960475,35.307229170641016,34.83298953562451,34.87250900268555,14017100
2013-08-28,34.785575204448676,35.04640919557705,34.75396143003496,34.904136657714844,7962900
2013-08-29,34.817191623085364,35.18868135856162,34.801383228475416,35.00688934326172,4614400
2013-08-30,35.08590816043045,35.149141702571605,34.722324338542556,34.809268951416016,8162900
2013-09-03,35.141257251983625,35.37047445813998,34.88042627078123,35.030601501464844,9736700
2013-09-04,34.99108303117137,35.449514441571736,34.967371945416765,35.38628387451172,7486900
2013-09-05,35.43368992114512,35.58386507504364,35.30722282505181,35.473209381103516,4880200
2013-09-06,35.639208542021755,35.74986428446025,35.13335199650702,35.45741653442383,11587200
2013-09-09,35.58386193247788,35.98696521268017,35.57595623209947,35.900020599365234,8454200
2013-09-10,36.192489965824166,36.484937713407945,36.13716209506893,36.42170715332031,14050400
2013-09-11,36.413791830006,36.58768110081341,36.31103880497052,36.57187271118164,11984400
2013-09-12,36.54026558416317,36.635112931866026,36.39009036570509,36.42170715332031,8270400
2013-09-13,36.49284686035446,36.53236935943863,36.30315213138121,36.52446365356445,6506600
2013-09-16,36.990789670039774,37.109351101330944,36.86432555039566,36.998695373535156,15482500
2013-09-17,36.95917224158225,37.204197788243,36.94336686515211,37.15677261352539,7651000
2013-09-18,37.18839148519294,37.70215368715525,37.061927360652724,37.623111724853516,12259900
2013-09-19,37.757489903547906,37.947184624739364,37.717970421228294,37.74958419799805,12368500
2013-09-20,37.8440611895382,37.859942401242996,37.26441059295461,37.288230895996094,11923900
2013-09-23,37.22472642911669,37.327949809764434,36.99445329561114,37.16914367675781,7456100
2013-09-24,37.14530619382309,37.518507128197946,37.129424980761215,37.304115295410156,6755000
2013-09-25,37.343820796995324,37.423226870774904,37.13737106323242,37.13737106323242,8193200
2013-09-26,37.20088892502381,37.38352136071953,37.121485888746115,37.304115295410156,5383000
2013-09-27,37.057960589010065,37.11354634857124,36.91503573124242,37.06590270996094,5966100
2013-09-30,36.684768505601454,36.99444463309744,36.62124364404734,36.85151672363281,7457800
2013-10-01,36.835632832283125,37.16913227315057,36.82769373968166,37.081787109375,11204000
2013-10-02,36.87533062283933,36.96267577777857,36.68476212936425,36.9070930480957,9274700
2013-10-03,36.89916135336566,36.89916135336566,36.26392483702047,36.502140045166016,15708500
2013-10-04,36.533896058548514,36.76416912290986,36.42273058721046,36.74034881591797,9868400
2013-10-07,36.2718713791115,36.7324145776428,36.2718713791115,36.486263275146484,8956500
2013-10-08,36.51803703491499,36.61332134191187,36.0574906645353,36.07337188720703,17558800
2013-10-09,36.22422427058987,36.22422427058987,35.80338264205203,36.05747604370117,14004300
2013-10-10,36.48626723348002,37.002393235602995,36.41480326038202,36.986515045166016,14282100
2013-10-11,36.92298166850459,37.22471871091386,36.899161359299086,37.16119384765625,8039000
2013-10-14,36.986500121267696,37.32793560048713,36.88327375088135,37.304115295410156,9823100
2013-10-15,37.22470989727837,37.3199941405723,36.89121050220242,36.930912017822266,13450200
2013-10-16,37.105606669573035,37.256473658220244,36.89915694673834,37.17707061767578,11994900
2013-10-17,37.03414128528712,37.47086404940922,37.02620219315329,37.46292495727539,10314700
2013-10-18,37.693209691309235,37.947303124803895,37.61380360019674,37.867897033691406,12946800
2013-10-21,37.923483607310175,38.002889706430295,37.89172419669509,37.96318817138672,6115400
2013-10-22,38.09021940489021,38.439597011784294,38.09021940489021,38.21726608276367,8021700
2013-10-23,38.16169033817116,38.25697460676552,37.97906089460186,38.233154296875,8815400
2013-10-24,38.30461219392758,38.5587055559908,38.272849766411724,38.51900100708008,8296900
2013-10-25,38.606352367658516,38.73339906909135,38.38402139740914,38.7175178527832,10031400
2013-10-28,38.59047755758641,38.76516793694324,38.57459936767469,38.66194152832031,6626200
2013-10-29,38.717527465337284,38.77311325073242,38.519016755748936,38.77311325073242,7591100
2013-10-30,38.86045172611471,38.90015628748616,38.48725368729168,38.598419189453125,8914100
2013-10-31,38.53488599068232,38.86838545416121,38.4475408209847,38.60634994506836,9897500
2013-11-01,38.693682960719876,38.9715995978281,38.5666363071659,38.884254455566406,9922600
2013-11-04,39.04306553074972,39.04306553074972,38.900140677490405,39.02718734741211,5477400
2013-11-05,38.87632612500569,39.074836780908335,38.661934253146974,38.987491607666016,6572100
2013-11-06,39.15424225585241,39.201882873952485,38.90014886254472,39.09865951538086,5889600
2013-11-07,39.20982854784164,39.32099403885379,38.62223562944996,38.685760498046875,10880700
2013-11-08,38.65399695494665,39.2098274230957,38.63017664442233,39.2098274230957,8964900
2013-11-11,39.20187893092171,39.22570226660771,39.09071346115994,39.17805862426758,5319400
2013-11-12,39.043080591885804,39.26541462178932,39.003379060163546,39.19395065307617,10837900
2013-11-13,38.98748758823664,39.42421340942383,38.95572818863096,39.42421340942383,9779500
2013-11-14,39.36862355145675,39.66241839062291,39.36862355145675,39.5750732421875,11060700
2013-11-15,39.686243628711054,39.7497684823937,39.53537664476238,39.71006393432617,7836800
2013-11-18,39.90063294349397,40.01974052210209,39.67830202772579,39.77358627319336,6686900
2013-11-19,39.749767404380655,39.83710953227797,39.44008829462386,39.48773193359375,9411800
2013-11-20,39.630667580325195,39.630667580325195,39.22570717140918,39.31304931640625,9381700
2013-11-21,39.479790226182295,39.67035871137388,39.35274355971076,39.63065719604492,6829300
2013-11-22,39.749779050062145,39.98004913330078,39.61479021461496,39.98004913330078,5430400
2013-11-25,40.05944840865399,40.10708902444754,39.79741290566134,39.8927001953125,7895000
2013-11-26,39.90063535851524,40.067383555433956,39.85299171838201,39.97209930419922,8142500
2013-11-27,40.06740696362454,40.19445371583805,40.0277054215016,40.13093185424805,3774500
2013-11-29,40.281785013177334,40.32148654158793,39.97210885092921,40.019752502441406,6964900
2013-12-02,40.003870687219376,40.083273742853514,39.75771636830169,39.85300064086914,6976700
2013-12-03,39.78947910229269,39.78947910229269,39.36863745199909,39.51156234741211,8976000
2013-12-04,39.32099025430547,39.638605479623024,39.011314122282194,39.352752685546875,6776400
2013-12-05,39.35276349437275,39.55127420060722,39.27335739445917,39.36864471435547,6939600
2013-12-06,39.85299171838201,39.987980517576965,39.741826253769524,39.97209930419922,8399500
2013-12-09,40.00386868349737,40.1309153835679,39.987987467359524,40.07533264160156,5566600
2013-12-10,40.003864918256355,40.21825677238994,39.86093701550063,39.98798370361328,10114300
2013-12-11,40.00387053800811,40.00387053800811,39.32099335758492,39.360694885253906,11225000
2013-12-12,39.26542005146083,39.519513524458894,39.24953883076931,39.40040588378906,9293200
2013-12-13,39.46391418317762,39.60684208030755,39.33686750006567,39.51949691772461,6254100
2013-12-16,39.64654590726171,40.02768597877027,39.64654590726171,39.8927001953125,9108300
2013-12-17,40.02768661137968,40.07533025695823,39.813294749824294,39.8768196105957,11324000
2013-12-18,39.98797767087331,40.56762828725345,39.63065796789063,40.54380798339844,21338300
2013-12-19,40.48823471521866,40.60733929135427,40.31354436871443,40.583518981933594,13576700
2013-12-20,40.654539839842705,41.037621132324745,40.56675285060557,40.90992736816406,13806000
2013-12-23,41.12541539783706,41.16532217686702,40.981759517816634,41.069549560546875,6969500
2013-12-24,41.06156761936094,41.269068853612545,41.06156761936094,41.26108932495117,2765300
2013-12-26,41.396766235668906,41.58830842931161,41.26109292536939,41.548404693603516,6725200
2013-12-27,41.73196473049197,41.73196473049197,41.444652959386495,41.500518798828125,4157300
2013-12-30,41.51648290756986,41.548407115781394,41.41273075311238,41.46061706542969,4944000
2013-12-31,41.59628757984274,41.73994346265149,41.52445963843836,41.7080192565918,6575600
2014-01-02,41.48456320160295,41.55639115564425,41.069557583193294,41.125423431396484,9337000
2014-01-03,41.23714828491211,41.42071094935979,41.16532338724983,41.23714828491211,6104000
2014-01-06,41.43666980568607,41.55638405679155,40.99772262573242,40.99772262573242,7486900
2014-01-07,41.213201432884404,41.34887777058118,41.10944929752328,41.25310516357422,7068800
2014-01-08,41.261088736533466,41.2770508380882,41.02166330213152,41.181278228759766,8091500
2014-01-09,41.4207089328015,41.54042013420374,41.11743507588829,41.380802154541016,10795300
2014-01-10,41.45263971759651,41.4765843990042,41.17331047167717,41.44466018676758,12522200
2014-01-13,41.340895972879025,41.58032140596648,40.89396930963832,40.94185256958008,12241300
2014-01-14,41.14936226151922,41.40474982969564,40.989744270293976,41.372825622558594,9435800
2014-01-15,41.47657456939048,41.755903749111056,41.43666779132206,41.668113708496094,6790200
2014-01-16,41.51649050996855,41.62024268342487,41.42870044354094,41.56437683105469,8180600
2014-01-17,41.412730771364004,41.46859661352879,41.261095348982444,41.35686492919922,8662300
2014-01-21,41.556396139754106,41.747938388323846,41.1653351554295,41.39677810668945,11033500
2014-01-22,41.54840451575746,41.58032567751137,41.38080395536504,41.52445983886719,6348800
2014-01-23,41.27706737778563,41.39677862072504,40.893985920350076,41.029659271240234,8550600
2014-01-24,40.750324852057204,40.750324852057204,39.744733489254465,39.752716064453125,25688100
2014-01-27,39.93626221416361,40.09588017510782,39.52125673349243,39.792606353759766,17553000
2014-01-28,39.912314988038965,40.27943718806463,39.912314988038965,40.16770553588867,9909400
2014-01-29,39.75270221267963,40.071935086800444,39.632987982097234,39.73674011230469,15007700
2014-01-30,40.095894078891604,40.22358788303462,39.856465532220575,40.12781524658203,9984800
2014-01-31,39.457427412158445,40.207631278042086,39.457427412158445,39.92829895019531,15208000
2014-02-03,39.832525408616654,40.087913026605115,38.80299236109159,38.81895446777344,23578000
2014-02-04,38.96260069882539,39.20202615061993,38.61144357249073,39.06635284423828,14235900
2014-02-05,38.906732465061566,39.202023735937445,38.619420722821424,39.05038833618164,15364900
2014-02-06,39.21799959039516,39.6489673548845,39.13819209821298,39.593101501464844,13598300
2014-02-07,39.7926197033918,40.311374444918144,39.7926197033918,40.27945327758789,15046600
2014-02-10,40.31935059652181,40.335312699874095,39.936269249446674,40.0240592956543,14047400
2014-02-11,40.167725945108266,40.630614888525244,40.0958979830052,40.47099685668945,10364000
2014-02-12,40.53482941261609,40.74233064161672,40.51886731123765,40.70242691040039,10282600
2014-02-13,40.43108583970242,40.790225585638794,40.29541251593766,40.73435974121094,11396800
2014-02-14,40.686469226210015,41.109454303052274,40.62262385822433,40.99772262573242,9132200
2014-02-18,41.11743282223197,41.197240285459195,40.82214155493973,40.965797424316406,7282200
2014-02-19,40.91792367108824,41.15734917867217,40.5587838874821,40.582725524902344,10443000
2014-02-20,40.72636894571558,41.10147072069461,40.52684724318793,40.965797424316406,15387500
2014-02-21,41.12541116748166,41.20522167287209,40.95781367285097,41.01367950439453,6108500
2014-02-24,41.16531717948493,41.68407175484094,41.10146877635589,41.32493209838867,9311600
2014-02-25,41.26907367861698,41.42071214104863,41.0775345237538,41.189266204833984,7522100
2014-02-26,41.277054246851215,41.39676545170845,41.06954995396295,41.22916793823242,10607400
2014-02-27,41.17330987901948,41.46860122680664,41.10946145546528,41.46860122680664,5723700
2014-02-28,41.48455628090265,41.77186804913677,41.340900396785585,41.548404693603516,12876700
2014-03-03,41.10147596548875,41.404749844479014,40.96580265179782,41.269073486328125,17327500
2014-03-04,41.65216139817512,42.07514959835487,41.59629554909749,41.867645263671875,12361000
2014-03-05,41.95541662959112,42.06714827795875,41.86762660745681,41.923492431640625,11014900
2014-03-06,42.131005330402246,42.25869910398201,42.035232716872635,42.16292953491211,9427300
2014-03-07,42.44226658975053,42.498132435780654,42.19485852557409,42.29861068725586,12752100
2014-03-10,42.17889282580157,42.23475866707071,41.85167730788517,42.115047454833984,8201100
2014-03-11,42.28264663412392,42.28264663412392,41.708023050617506,41.81177520751953,9575600
2014-03-12,41.56437419424436,41.73995127150049,41.420718284559975,41.731971740722656,12433300
2014-03-13,41.89955184151461,41.99532139327522,40.96579186181553,41.1413688659668,17725500
2014-03-14,41.077530730723865,41.2930145433925,40.91791275343675,40.98175811767578,17127600
2014-03-17,41.14935927355185,41.62821016799697,41.14935927355185,41.484554290771484,11471900
2014-03-18,41.55638384449805,41.80379187477087,41.548404315213055,41.7080192565918,7434300
2014-03-19,41.7080145738911,41.77984250723111,41.04560411705279,41.27705001831055,13222700
2014-03-20,41.277066865236534,41.43668185384043,41.085524616666795,41.39677810668945,11205800
2014-03-21,41.64926643217261,41.777516555178586,41.368720243635835,41.40078353881836,13683400
2014-03-24,41.59316373548353,41.625227035708384,41.032068212446916,41.264522552490234,14063100
2014-03-25,41.4809333980302,41.75346525667404,41.424824167520335,41.6412467956543,11722300
2014-03-26,41.905764745989956,41.905764745989956,41.2164192199707,41.2164192199707,9906800
2014-03-27,41.21642189134479,41.28054848290934,40.89579810669456,41.16031265258789,9369500
2014-03-28,41.248485935980334,41.633236319180135,41.24047164075136,41.464908599853516,8982600
2014-03-31,41.68132517315211,42.01798056261246,41.68132517315211,41.94584274291992,7563100
2014-04-01,42.12217297107644,42.378673117446965,41.969876964707346,42.242408752441406,13773800
2014-04-02,42.274479351479705,42.57105712372536,42.25844770734163,42.53899383544922,12812900
2014-04-03,42.60313034057617,42.6271762835254,42.40273932873475,42.60313034057617,9268300
2014-04-04,42.80351942814026,42.87566031146898,42.009969711524455,42.114173889160156,14930600
2014-04-07,42.001943440922844,42.13820781628885,41.42481653884761,41.51298904418945,12402800
2014-04-08,41.448862473859684,41.65727076970826,41.24847152816392,41.51298904418945,9462400
2014-04-09,41.73743517335836,42.07409362674234,41.561090123598945,42.042030334472656,11329100
2014-04-10,41.97791300825458,42.13822644723664,41.208412170410156,41.208412170410156,11634000
2014-04-11,41.08816293539633,41.26450796657514,40.791585157460325,40.79960250854492,11243000
2014-04-14,41.07213936068726,41.25649870772441,40.703417608889055,41.03205871582031,6844900
2014-04-15,41.10419505982284,41.37672690313452,40.67135288562959,41.32061767578125,14535100
2014-04-16,41.44887504410868,41.961875531432405,41.44887504410868,41.953861236572266,9096000
2014-04-17,42.04202504498802,42.40272939333061,41.96988417531951,42.282493591308594,12903800
2014-04-21,42.3546379128479,42.44281043382024,42.138215286204066,42.402732849121094,9673300
2014-04-22,42.53099634397666,42.67527814049391,42.41076049430407,42.42679214477539,11155800
2014-04-23,42.44279639112382,42.67525058628186,42.410733110883534,42.58707809448242,8965000
2014-04-24,42.79549862970794,42.79549862970794,42.31456148472542,42.506935119628906,11864200
2014-04-25,42.31457371622154,42.44282386247058,41.98593252535055,42.09013366699219,6997500
2014-04-28,42.25845565581758,42.39472007003623,41.689342883902626,42.114173889160156,12105400
2014-04-29,42.24243011748946,42.274493416433245,41.929820597098846,42.22639846801758,9382800
2014-04-30,42.23440325541247,42.563044351286074,42.146233789753914,42.506935119628906,13299600
2014-05-01,42.466856373094984,42.61113812419087,42.25043374645115,42.402732849121094,10600400
2014-05-02,42.402734372086755,42.619153948779946,42.330593493947745,42.33860778808594,8701100
2014-05-05,42.21838374637285,42.48290139256269,42.00196410932166,42.42679214477539,5358600
2014-05-06,42.3626364378864,42.37065378647613,42.06605875224057,42.106136322021484,6032300
2014-05-07,42.162274113524056,42.48290100457295,41.98593207539934,42.46686935424805,7959000
2014-05-08,42.41074448324691,42.73137125617987,42.330589318875425,42.458839416503906,8034200
2014-05-09,42.38670464458683,42.51495476066947,42.20234529382577,42.49090576171875,5133400
2014-05-12,42.63518340258595,43.14016952359386,42.61915175741005,43.12413787841797,11275000
2014-05-13,43.18826713888208,43.340563190917315,43.12414055419955,43.19628143310547,8650500
2014-05-14,43.220341187516695,43.23637283881134,42.795513130245524,42.87567138671875,6946900
2014-05-15,42.691297905799814,42.77145614158181,42.21837501672016,42.498924255371094,13016200
2014-05-16,42.49089662025222,42.555023193359375,42.30653730915413,42.555023193359375,7490300
2014-05-19,42.458832266146416,42.7554099936434,42.362642415831445,42.72334671020508,4645800
2014-05-20,42.723360807699564,42.723360807699564,42.009969333274476,42.15425109863281,9782300
2014-05-21,42.27448238712177,42.58709182595333,42.27448238712177,42.57106018066406,7658900
2014-05-22,42.65121841430664,42.779468528113185,42.47487641890009,42.65121841430664,4482100
2014-05-23,42.715346535275366,42.94780083044293,42.65121994720541,42.92375183105469,3732400
2014-05-27,43.05199586147777,43.21230925125868,43.02794992321388,43.14818572998047,6702700
2014-05-28,43.2363536715957,43.35658947414109,43.16421280161317,43.18024444580078,10303800
2014-05-29,43.284460824737685,43.35660171508789,43.0920840978957,43.35660171508789,4218400
2014-05-30,43.32453155517578,43.38064078792458,43.188267149278374,43.32453155517578,6156200
2014-06-02,43.348570306830325,43.573007184774504,43.18023959064906,43.508880615234375,7070700
2014-06-03,43.39666977543187,43.54095152443913,43.29246561054359,43.46079635620117,4007000
2014-06-04,43.36461295908386,43.492863082045645,43.3325527216365,43.45278549194336,3792100
2014-06-05,43.54095915734675,43.95777283224533,43.47683562306,43.893646240234375,5805600
2014-06-06,43.96579278188354,44.33451461791992,43.94976418954355,44.33451461791992,8384300
2014-06-09,44.31846472154007,44.74329257131013,44.26235549827698,44.55893325805664,11160300
2014-06-10,44.4547233581543,44.54289585694858,44.27036406873122,44.4547233581543,3846600
2014-06-11,44.31045415961384,44.31045415961384,44.045939646237166,44.126094818115234,5541500
2014-06-12,44.06999402165424,44.06999402165424,43.452789295338306,43.5329475402832,10181700
2014-06-13,43.564990649155746,43.79744488149967,43.50086713613998,43.68522644042969,6885600
2014-06-16,43.67722664497047,43.74135017926964,43.484849926624534,43.63714599609375,6861400
2014-06-17,43.61309206192213,43.83752897743301,43.484841959098254,43.75737380981445,9600600
2014-06-18,43.90166662873078,44.05396270870118,43.581039761954294,44.0058708190918,12209900
2014-06-19,44.0459468789288,44.134119417107584,43.88563345112412,44.11808776855469,7149000
2014-06-20,44.20666559209769,44.32744698505742,44.15835119190788,44.30329132080078,4304700
2014-06-23,44.41600575804316,44.41600575804316,43.96508073466732,44.04560470581055,5192400
2014-06-24,43.973134664264904,44.14223039613966,43.55441922937829,43.60273361206055,7429900
2014-06-25,43.47390199556657,43.73157258158079,43.45779719998122,43.64299774169922,6506400
2014-06-26,43.69130351933685,43.731567039035056,43.312851621911086,43.610782623291016,6845400
2014-06-27,43.46584962730244,43.86846031640862,43.304804737324815,43.71546936035156,8214600
2014-06-30,43.69936154865922,43.72351720540245,43.49000228463265,43.53026580810547,7963600
2014-07-01,43.57857605514176,43.95703105046057,43.57857605514176,43.79598617553711,8026200
2014-07-02,43.67521086728933,43.85235748971241,43.64300127351207,43.7235221862793,10068000
2014-07-03,43.9087153564539,44.13417940329017,43.9006644952019,44.08586502075195,8550300
2014-07-07,44.07782031594392,44.07782031594392,43.71547007548557,43.77183532714844,9334300
2014-07-08,43.70742319209734,43.71547712744888,43.35312682853798,43.47391128540039,8154200
2014-07-09,43.66714516717349,43.69130082015988,43.42557942228423,43.546363830566406,8600600
2014-07-10,43.05518444355499,43.465845960260054,43.00687005913506,43.2886962890625,10553800
2014-07-11,43.345067228017655,43.55442342981378,43.192073203939984,43.5383186340332,10186800
2014-07-14,43.78794860839844,43.932888732666925,43.699373746714755,43.78794860839844,9399900
2014-07-15,43.85234464258683,44.01338949261698,43.63493455579737,43.81208419799805,6921300
2014-07-16,43.940930129198186,44.06171456395682,43.81209483223767,43.99729537963867,5963700
2014-07-17,43.83625449408559,43.88456888673675,43.296757598689844,43.312862396240234,14896000
2014-07-18,43.46586115550113,43.71548095475546,43.41754675419096,43.67522048950195,6424400
2014-07-21,43.61883716312462,43.70741199925079,43.35311572642166,43.65104675292969,9365700
2014-07-22,43.85234464258683,43.9167638112689,43.739614169068226,43.81208419799805,5319300
2014-07-23,43.82015312396702,43.900677118017214,43.62690168159914,43.634952545166016,7924400
2014-07-24,43.6752102559023,43.683261118395954,43.36922526265351,43.42559051513672,10014600
2014-07-25,43.3209132591774,43.49806296055561,43.24844320603868,43.312862396240234,7514800
2014-07-28,43.30481140872837,43.320916207374765,42.869994131980704,43.095455169677734,13004100
2014-07-29,43.071298306781046,43.13571442789454,42.55595397949219,42.55595397949219,13456500
2014-07-30,42.67674285148107,42.773368578999914,42.33049733355569,42.596221923828125,14834700
2014-07-31,42.266065046307205,42.57204691174446,41.71046041422446,41.734619140625,17185600
2014-08-01,41.62993509996528,41.943970864771856,41.39642022348218,41.69435119628906,15724600
2014-08-04,41.78293681226327,41.89566731371329,41.476951828559095,41.83930206298828,9212400
2014-08-05,41.62189768721605,42.032562367007266,41.46890671001167,41.589691162109375,13501500
2014-08-06,41.42058577116291,41.56552586211186,41.22733436434814,41.38032531738281,31000700
2014-08-07,41.60578234467887,41.75877635478622,41.34006091775236,41.42058181762695,14560100
2014-08-08,41.52526456972585,42.04060573972554,41.38032448170398,42.00839614868164,11882700
2014-08-11,42.19359884424417,42.41905983329959,42.03255396420075,42.177494049072266,7057100
2014-08-12,42.13725136883648,42.34660765101835,42.008412953122225,42.08088302612305,11550900
2014-08-13,42.24191543791644,42.51569084670685,42.24191543791644,42.49153518676758,7600500
2014-08-14,42.49958523037351,42.69283972119084,42.49153436777426,42.676734924316406,7470600
2014-08-15,42.85388601810021,42.90219733862571,42.282176461248255,42.58816146850586,11193000
2014-08-18,42.869998326921056,43.23234558105469,42.85389352669877,43.23234558105469,7944300
2014-08-19,43.320912262146436,43.401436248045115,43.26454700785535,43.33701705932617,6246500
2014-08-20,43.377270729406305,43.86845621566889,43.32895941710212,43.79598617553711,26415100
2014-08-21,43.84431216292053,43.88457262438746,43.6349528486104,43.7557373046875,9971800
2014-08-22,43.707410167025635,43.787934138162726,43.49805398542004,43.60273361206055,5621900
2014-08-25,43.804044920006035,43.86846103404538,43.69936527905677,43.77183532714844,3997800
2014-08-26,43.83625978400243,43.852364583496254,43.61079873444172,43.62690353393555,2874100
2014-08-27,43.72351496125305,43.73961975548047,43.51415877964746,43.60273361206055,3757600
2014-08-28,43.52221383825262,43.54637256776135,43.32090849850892,43.5383186340332,4227200
2014-08-29,43.56248207143664,43.61079646740657,43.32897017010596,43.49806594848633,5453300
2014-09-02,43.59468335494317,43.771833034706326,43.44974326635071,43.64299774169922,7153200
2014-09-03,43.73962272292913,43.795987970711394,43.506107798302224,43.586631774902344,5289400
2014-09-04,43.6671497172948,43.92482028158265,43.52220964092346,43.60273361206055,6924900
2014-09-05,43.562469439658045,43.75572389582366,43.3772689163235,43.74767303466797,9279800
2014-09-08,43.6752023891798,43.86040290993455,43.667148456460936,43.7074089050293,5321100
2014-09-09,43.76378518297057,43.77988998079402,43.49806369807395,43.570533752441406,5796600
2014-09-10,43.54636836810229,43.6590988560188,43.36921870327612,43.60273361206055,5445100
2014-09-11,43.409467877899196,43.66713837526011,43.409467877899196,43.61882400512695,5783900
2014-09-12,43.530276546155825,43.60274660593801,43.35312682853798,43.47391128540039,9045800
2014-09-15,43.41752304511524,43.52220265495309,43.2484273403829,43.457786560058594,7027300
2014-09-16,43.409487315940176,43.755732777750815,43.248442415057745,43.69936752319336,7319400
2014-09-17,43.77183209442869,44.08586792240788,43.66715246121042,43.86845779418945,9715900
2014-09-18,43.97313637879947,44.14223211726735,43.94898072235421,44.077816009521484,8057200
2014-09-19,44.33427905256821,44.35855174222069,43.97021956943351,44.034942626953125,9271200
2014-09-22,43.954044673485626,43.97831427850911,43.49290057488134,43.54144287109375,10709000
2014-09-23,43.379641236095246,43.47672583508391,43.16929744395111,43.18547821044922,8630000
2014-09-24,43.20973242475769,43.46052958688989,43.031747142846804,43.4119873046875,8569800
2014-09-25,43.258289795401375,43.290648241991676,42.7243368495911,42.732425689697266,10761400
2014-09-26,42.853770787808166,43.23400791530832,42.74050853339685,43.12883758544922,5839000
2014-09-29,42.732438411047006,43.13694843242092,42.67580725494798,43.06413650512695,7661600
2014-09-30,43.12075220374084,43.31491830231093,42.92658919133619,42.9994010925293,12380000
2014-10-01,42.86186099120351,42.86186099120351,42.09329170100964,42.19037628173828,20308400
2014-10-02,42.17419960377494,42.327912242238106,41.76159781112139,42.14183807373047,13007000
2014-10-03,42.4573424950167,42.78904036270571,42.392622540576234,42.71622848510742,14246700
2014-10-06,42.9589325779271,43.031744453598066,42.465433294117595,42.58678436279297,12069800
2014-10-07,42.26318086645224,42.35217042081866,41.55124282836914,41.55124282836914,19321900
2014-10-08,41.56742788286575,42.3359971195577,41.268088409037766,42.2955436706543,23937700
2014-10-09,42.20656334601101,42.27937525466874,41.243830852572735,41.31664276123047,23240000
2014-10-10,41.31663413484004,41.397534867050574,40.70178054601062,40.709869384765625,20032100
2014-10-13,40.82313113649791,41.20337136272063,40.04647300674372,40.078834533691406,24625300
2014-10-14,40.394352970680494,41.13864959678936,40.30536031187071,40.63705825805664,22094900
2014-10-15,40.006025143962425,40.734141028846814,39.50443378955337,40.53997802734375,28271700
2014-10-16,39.86849298761595,41.187196067236556,39.7633226403212,40.839317321777344,43949200
2014-10-17,41.63215373855524,41.907220564740676,41.437990735462755,41.64833450317383,24733100
2014-10-20,41.55933700847269,41.77777267617673,41.42989399274047,41.769683837890625,17450100
2014-10-21,42.052831582051,42.74858881841244,42.03665082234907,42.70004653930664,12829700
2014-10-22,42.86995706890415,42.86995706890415,42.10138770425757,42.14183807373047,16417700
2014-10-23,42.73241853978806,43.36345289211699,42.67578741002341,43.072208404541016,23317200
2014-10-24,43.32299915605852,43.47671485588985,42.9508508790777,43.45244216918945,8938000
2014-10-27,43.34727827555846,43.47672130789893,43.06411952057502,43.4362678527832,9692900
2014-10-28,43.69515073149984,44.245284350376025,43.69515073149984,44.204833984375,10066800
2014-10-29,44.35855293188659,44.35855293188659,43.7194266094831,44.051124572753906,12580600
2014-10-30,43.865046712306714,44.39090763672492,43.67897256186657,44.229103088378906,10528600
2014-10-31,44.924863538505726,44.924863538505726,44.536534447788156,44.665977478027344,10174400
2014-11-03,44.73069866840102,44.77114903500568,44.41518148825343,44.609344482421875,11111400
2014-11-04,44.55271385030618,44.78733029986885,44.431359662969584,44.58507537841797,6232600
2014-11-05,44.973407839591864,44.973407839591864,44.60934833636732,44.860145568847656,8110600
2014-11-06,44.94103575971553,45.385995898690005,44.87631579998191,45.32936477661133,5731600
2014-11-07,45.34555027032487,45.42645408614084,45.18374572485794,45.39409255981445,8241600
2014-11-10,45.434546565498955,45.64489033114617,45.377915432972195,45.62062072753906,6131300
2014-11-11,45.68533426762308,45.741965388351716,45.442625937455055,45.56398010253906,9905400
2014-11-12,45.36982564681651,45.70152359590623,45.36982564681651,45.62871170043945,7108400
2014-11-13,45.62871442736971,45.80669667101907,45.36173643264759,45.499271392822266,6437000
2014-11-14,45.466911719885175,45.661074736554845,45.410280582842724,45.555904388427734,5554500
2014-11-17,45.42644901656504,45.604431219167395,45.35363713353895,45.49116897583008,4271100
2014-11-18,45.46690746953349,45.94422921295976,45.46690746953349,45.83096694946289,8658600
2014-11-19,45.80669794154517,45.82287870708307,45.523542260045524,45.69343566894531,5200400
2014-11-20,45.555898954870145,45.871416133950035,45.40218324166138,45.81478500366211,7383100
2014-11-21,46.3487353899923,46.38918575429999,46.15456932068444,46.259742736816406,7509600
2014-11-24,46.38919235517154,46.54290499587901,46.27593008452756,46.381103515625,6706900
2014-11-25,46.494365191647944,46.615716300286486,46.3487413923494,46.51863479614258,8276900
2014-11-26,46.54290781583642,46.55099974203865,46.3406528670992,46.42964553833008,5373800
2014-11-28,46.55098875665826,46.55907759478603,45.97658557847539,46.04130554199219,5866000
2014-12-01,45.89569346319999,45.89569346319999,45.337470905170754,45.45073318481445,16636300
2014-12-02,45.62870655543003,45.88759257986146,45.44262933209039,45.83905029296875,6621000
2014-12-03,45.87142249486145,46.51863770658958,45.87142249486145,46.453914642333984,11434700
2014-12-04,46.405377319163854,46.42155808588637,46.017048176320664,46.219303131103516,6474500
2014-12-05,46.29209682668114,46.50244053899191,46.18692342744352,46.32445526123047,7454600
2014-12-08,46.25165328214534,46.3244651762534,45.66916121544599,45.81478500366211,8838300
2014-12-09,45.30510762645816,45.87951092889959,45.175664585257756,45.822879791259766,10282200
2014-12-10,45.693419822192624,45.782412458705174,44.9005811027894,44.94912338256836,12942200
2014-12-11,44.87632822135385,45.54781303450411,44.81160515754077,45.16757583618164,11749900
2014-12-12,44.79541256778347,44.989578621806814,44.326182823654555,44.3504524230957,13168800
2014-12-15,44.722606075984324,44.74687876451702,43.97021754093793,44.204833984375,16225600
2014-12-16,44.13201896822821,45.11902387686903,44.099657443251324,44.24528121948242,15504600
2014-12-17,44.11585679374225,44.77116406289275,43.80033950768815,44.657901763916016,21899700
2014-12-18,45.50735052187336,45.81477882063614,45.119021501093144,45.78241729736328,14040400
2014-12-19,45.92560293874598,46.21848593015891,45.81170468730642,46.03950119018555,12359000
2014-12-22,46.21036268230117,46.4951115013712,46.14527927738222,46.47883987426758,6987900
2014-12-23,46.71476066754108,46.83679629283981,46.56832226207543,46.64967727661133,5552900
2014-12-24,46.755443090601055,46.828663847919444,46.65781334517988,46.69849395751953,1958200
2014-12-26,46.861203992898176,46.861203992898176,46.69849395751953,46.69849395751953,5733900
2014-12-29,46.64155478273564,46.81240221845733,46.299856807796594,46.771724700927734,3566200
2014-12-30,46.96697431040667,46.96697431040667,46.430023052411286,46.49510955810547,3602800
2014-12-31,46.68222924811404,46.68222924811404,46.00697070798864,46.03137969970703,5572900
2015-01-02,46.259182749920186,46.32426616213589,45.57578985242785,45.97443389892578,10982800
2015-01-05,45.59203880029822,45.77102042247384,44.802882259110866,44.900508880615234,15144700
2015-01-06,44.949350847116854,44.99816573905109,44.06256714970357,44.347312927246094,19209800
2015-01-07,44.762216737999125,44.87611501081797,44.46119943076432,44.68085861206055,11770300
2015-01-08,45.07950148655176,45.600181030253225,44.98187484798146,45.575775146484375,11419800
2015-01-09,45.63272742352403,45.681542297921915,45.01442119862629,45.08763885498047,10168200
2015-01-12,45.120190663692235,45.16086818165928,44.5751050952433,44.77849578857422,11229500
2015-01-13,45.15274122768944,45.5025735251206,44.26595753709587,44.68901062011719,17530900
2015-01-14,44.14390301998144,44.51000679168453,43.91610649691945,44.444923400878906,19597500
2015-01-15,44.623908119653144,44.78662126309072,44.20085829160855,44.2333984375,15614500
2015-01-16,44.06254902903295,44.55882269736901,43.84288676090904,44.52627944946289,16371500
2015-01-20,44.8273143376746,44.94121575007544,44.363583735136295,44.84358596801758,11072100
2015-01-21,44.71339736443882,45.30729765831806,44.68085411733711,45.20967102050781,8943500
2015-01-22,45.429345910980274,46.03138373572795,45.22595521530137,45.933753967285156,10950900
2015-01-23,45.60832548274897,45.876799556419996,45.510695725509166,45.55137634277344,10148500
2015-01-26,45.46188442436085,45.68968098663794,45.23408475858837,45.60832595825195,6037000
2015-01-27,44.75406969637015,45.266614916721124,44.64017144817983,45.00627517700195,12118500
2015-01-28,45.35611795288766,45.40493282937775,44.5588269245209,44.61577606201172,14674000
2015-01-29,44.664584573585074,45.2096699843186,44.363564200035874,45.12831497192383,14215100
2015-01-30,44.6320482668872,44.94120294834719,44.35543683684306,44.396114349365234,14650000
2015-02-02,44.510007140797455,45.10390744022077,44.10322585871341,45.05509567260742,19465900
2015-02-03,45.356112944051645,45.819843357262805,45.282892189150154,45.78730010986328,18896200
2015-02-04,45.64902048885219,45.730375547564584,45.299188150095084,45.43749237060547,10600100
2015-02-05,45.58391258750136,45.8849329912991,45.46188005664656,45.82798385620117,9193900
2015-02-06,45.86867055305739,46.11273876714405,45.616464973186936,45.72222900390625,6192200
2015-02-09,45.47001929971207,45.811717251236516,45.4618850381618,45.600189208984375,7112100
2015-02-10,45.84425673907568,45.93374913231377,45.470018643257646,45.852394104003906,9000400
2015-02-11,45.76291119042572,46.03952268887213,45.67341877864952,45.868675231933594,7058100
2015-02-12,46.023231453859,46.34052033972576,45.97441658545845,46.299842834472656,6249100
2015-02-13,46.37307126578025,46.60086781572175,46.2591729908095,46.511375427246094,5922400
2015-02-17,46.4056029779258,46.665942714123595,46.3567881135783,46.57645034790039,4174400
2015-02-18,46.61714493614265,46.86935050580283,46.53578990257258,46.83680725097656,5806400
2015-02-19,46.690359125487404,47.032057046000475,46.690359125487404,46.918155670166016,5458000
2015-02-20,46.828670411667254,47.36562167276563,46.55205896785928,47.31680679321289,8557400
2015-02-23,47.26799438385344,47.2761317492852,47.03206354575754,47.11341857910156,6238300
2015-02-24,47.10527619223475,47.34934435366443,46.9995121843337,47.30052947998047,4989300
2015-02-25,47.25985288287533,47.37375115350879,47.13781724805655,47.202903747558594,4574100
2015-02-26,47.1622293047378,47.2435843309119,46.88561787085242,46.99137878417969,6443100
2015-02-27,46.950706398757085,47.05647042713056,46.771724700927734,46.771724700927734,7201500
2015-03-02,46.8774774570386,47.2110380082488,46.77171655059045,47.202903747558594,8560200
2015-03-03,47.097146937085824,47.097146937085824,46.71477145279755,46.901893615722656,7716000
2015-03-04,46.69036146618783,46.74731060521248,46.32425764138986,46.53578567504883,6262400
2015-03-05,46.56832504272461,46.61713681296281,46.39747453640573,46.56832504272461,4991000
2015-03-06,46.063923888379826,46.430027761301005,45.87680482077472,45.933753967285156,8247200
2015-03-09,45.933735175705856,46.44628038811227,45.933735175705856,46.364925384521484,6107000
2015-03-10,46.03950569053609,46.03950569053609,45.51068878173828,45.51068878173828,10087800
2015-03-11,45.60832124899498,45.68967626898072,45.42933648083228,45.46187973022461,9394700
2015-03-12,45.55137117685856,46.08832236680113,45.54323381293041,46.04764175415039,8721200
2015-03-13,45.966294314223845,46.006971830085995,45.35612226580494,45.62459945678711,11110500
2015-03-16,45.811718893353394,46.40561931966504,45.811718893353394,46.38121032714844,11142300
2015-03-17,46.137135032856904,46.32425406140505,46.03137412769605,46.19408416748047,8362100
2015-03-18,45.99068714572314,46.88560775808927,45.76289063877287,46.739166259765625,20049500
2015-03-19,46.64153723621781,46.65780575431291,46.2510245250565,46.421875,10568600
2015-03-20,46.63519474132239,46.83951998500855,46.545291135259546,46.68423080444336,10878000
2015-03-23,46.765971113461866,46.765971113461866,46.291934967041016,46.291934967041016,7219200
2015-03-24,46.19385327710853,46.39000377279145,46.05491048472354,46.13664245605469,12607400
2015-03-25,46.25924482877432,46.25924482877432,45.35204315185547,45.35204315185547,9037300
2015-03-26,45.1313559190031,45.39289195308181,44.91068430567004,45.22943115234375,10124000
2015-03-27,45.1558913484931,45.46646667779849,45.115026912000545,45.40108108520508,4969400
2015-03-30,45.605398720318156,46.169338449504124,45.531841499891996,46.038570404052734,5838000
2015-03-31,45.687125395626936,46.50442636429464,45.55635736535033,45.580875396728516,6532200
2015-04-01,45.47464253433064,45.47464253433064,45.008781056056954,45.27849197387695,8788900
2015-04-02,45.164066197947484,45.572716827424145,45.155894557170974,45.303009033203125,6565700
2015-04-06,44.97609529374875,45.81791786049242,44.9679236515167,45.64628219604492,8204900
2015-04-07,45.67078421953189,45.8832811238485,45.540016174316406,45.540016174316406,5257200
2015-04-08,45.523668585641126,45.75251187933056,45.43376497233284,45.6953010559082,6526800
2015-04-09,45.52367331193505,45.997706343471265,45.474634122014876,45.915977478027344,8191200
2015-04-10,46.28375921213946,46.63519891213106,46.20202723670184,46.561641693115234,9486400
2015-04-13,46.43086405585155,46.577978463483966,46.095770820190026,46.12028884887695,6388700
2015-04-14,45.94048746007049,46.21019828071265,45.687126150958456,46.17750549316406,5845700
2015-04-15,46.1938529232719,46.44721735582385,46.1938529232719,46.25923538208008,7345400
2015-04-16,45.989534656865345,46.31645323606214,45.989534656865345,46.16116714477539,7164600
2015-04-17,45.94048956408229,45.94048956408229,45.44193544327853,45.60539627075195,11304100
2015-04-20,45.76885637945432,46.24289245990722,45.76885637945432,46.13664245605469,6734900
2015-04-21,46.21021678475342,46.35733126987559,45.88329501386926,46.07944869995117,8007700
2015-04-22,46.112131941347144,46.324631998064454,45.785213333887896,46.27559280395508,13779300
2015-04-23,46.03857597737259,46.42270540365,46.02222957999279,46.22655487060547,7345200
2015-04-24,46.193852515325986,46.24289169731597,45.90779529701821,46.030391693115234,5148300
2015-04-27,46.09577768605463,46.21019932731038,45.95683489470416,46.01404571533203,8308600
2015-04-28,45.891461756667695,46.112130328047876,45.59723283781875,46.095787048339844,8348800
2015-04-29,46.28375717729941,46.28375717729941,45.59722420258678,45.8669319152832,9978700
2015-04-30,45.65442090864337,45.858746098447355,45.311152968540085,45.4664421081543,12970700
2015-05-01,45.67895594074432,46.06308843827608,45.6135734768967,46.038570404052734,11017900
2015-05-04,46.05491457059907,46.37366461043536,46.05491457059907,46.112125396728516,6096300
2015-05-05,45.956843463498544,46.193861546152995,45.441942864087,45.49098205566406,10026900
2015-05-06,45.703456958833144,45.752496126777885,45.21307775040557,45.4664421081543,8247700
2015-05-07,45.32751819493088,45.809725967972966,45.32751819493088,45.70347595214844,10668300
2015-05-08,46.19386165669426,46.37366890848397,46.06309359659896,46.24290084838867,7025100
2015-05-11,46.22655515167907,46.39818764857575,46.16116956176232,46.20203399658203,5169800
2015-05-12,46.063088632329304,46.30827832886407,45.85058860897801,46.152992248535156,7542400
2015-05-13,46.324617695414915,46.56163571712967,46.1856749138817,46.251060485839844,7704300
2015-05-14,46.45538670216797,46.765961940013504,46.414522277709395,46.716922760009766,8698400
2015-05-15,46.70057775475314,46.8068277557081,46.53711693430455,46.67605972290039,6266300
2015-05-18,46.79866181349266,46.82318296771929,46.56981849242016,46.76597213745117,6643800
2015-05-19,46.59432151843645,46.82316788354205,46.56980348986477,46.635189056396484,6186900
2015-05-20,46.6678872679141,46.6924084187316,46.390004794778186,46.46356201171875,7064400
2015-05-21,46.40634752216423,46.814998002261504,46.40634752216423,46.716922760009766,6276700
2015-05-22,46.69241538252444,46.74145145596082,46.48809009585565,46.50443649291992,5835300
2015-05-26,46.430871391909854,46.430871391909854,45.88327809525736,45.99769973754883,7889900
2015-05-27,46.152995273076776,46.34914579605645,46.00588082196385,46.291934967041016,5498900
2015-05-28,46.17751237611116,46.210205168532745,45.89962987604024,46.07126235961914,5775300
2015-05-29,46.0303894669051,46.046735860111184,45.523663748539306,45.61356735229492,11799000
2015-06-01,45.76069078272106,45.973187700724964,45.49915155768778,45.817901611328125,8712900
2015-06-02,45.66260527979501,46.103948561124135,45.548183640433194,45.90779495239258,6126800
2015-06-03,46.022220813946994,46.291928524949995,45.87510638330685,46.13664245605469,7917000
2015-06-04,45.899628555307444,46.03857136022306,45.54818884127855,45.62174606323242,10183400
2015-06-05,45.53185302522919,45.711660302397455,45.36022050670871,45.654449462890625,9071800
2015-06-08,45.58088348857477,45.6544407135235,45.31117262451065,45.3193473815918,6920500
2015-06-09,45.270304242083355,45.50732229265331,45.19674702355323,45.3111686706543,5631700
2015-06-10,45.47463532430609,45.88328589784264,45.425599250845835,45.76069259643555,7293500
2015-06-11,45.883285426159354,46.046746277444875,45.80972819896869,46.0222282409668,5256700
2015-06-12,45.77702428662654,45.90779231234214,45.62991298573271,45.752506256103516,7799300
2015-06-15,45.409249048378165,45.54818873521405,45.155884591625686,45.36838150024414,8872400
2015-06-16,45.311158559966564,45.48279411007563,45.22125808427321,45.409236907958984,7514400
2015-06-17,45.43375841094358,45.62991200417529,45.16404760996943,45.53183364868164,10321000
2015-06-18,45.42559207599008,46.15298948315355,45.42559207599008,45.98952865600586,9470300
2015-06-19,45.89754204070929,46.070026679647384,45.7661247253418,45.7661247253418,8899800
2015-06-22,46.020740554489116,46.160373204023536,45.94681812432047,46.04538345336914,4913300
2015-06-23,46.11108936973297,46.13572913475221,45.86468231983369,45.930389404296875,3837400
2015-06-24,45.83183766214293,45.90576010729301,45.49508055273396,45.5032958984375,5976600
2015-06-25,45.46223404613779,45.642934087000796,45.15011978149414,45.15011978149414,8323300
2015-06-26,45.281509979726316,45.37185994596804,45.13366515010078,45.23222732543945,6424800
2015-06-29,44.87084232696164,45.04332696221599,44.353385287962695,44.37802505493164,13132800
2015-06-30,44.82153660022619,44.82153660022619,44.32872271497251,44.402645111083984,12494900
2015-07-01,44.846199594828036,44.92833737375881,44.402668121545446,44.62443542480469,10981600
2015-07-02,44.74762944488559,44.780484550621885,44.4601551027813,44.54228973388672,10477800
2015-07-06,44.238406111818065,44.66551326310279,44.16448365999501,44.36982345581055,10782500
2015-07-07,44.304101760432026,44.755851700995805,43.90163761932079,44.73120880126953,16636000
2015-07-08,44.28768167017144,44.419102135568316,43.81950722852227,43.92628479003906,12608900
2015-07-09,44.36159605590165,44.56693579592445,44.03305435180664,44.03305435180664,8918200
2015-07-10,44.46836027173434,44.657272399953804,44.32051545256522,44.49300003051758,8348000
2015-07-13,44.78871607226807,45.01048343175591,44.78871607226807,44.985843658447266,6754600
2015-07-14,44.936547051071685,45.18295410749737,44.854412410008365,45.109031677246094,9130400
2015-07-15,45.117243936162886,45.12545614641338,44.82976957886312,44.92011642456055,7249200
2015-07-16,45.17475570210116,45.26510571482323,45.04333835629724,45.12547302246094,8273000
2015-07-17,45.19938166235718,45.29794699151603,44.994041926463154,45.109031677246094,5506000
2015-07-20,45.109044632840785,45.21582220347885,45.043337527765786,45.11725997924805,5163100
2015-07-21,44.78049333961285,44.93655042263633,44.583365799740506,44.63264846801758,7287400
2015-07-22,44.558721448823476,44.78048873340497,44.32052660983939,44.435516357421875,7549200
2015-07-23,44.27946756425496,44.51766244774676,43.91807069957638,44.024845123291016,11548000
2015-07-24,44.00840675141858,44.04125872271485,43.37596008874599,43.44988250732422,10889100
2015-07-27,43.15419349564532,43.367745411908636,43.088483285573375,43.236328125,11680700
2015-07-28,43.40060174702363,44.13982596510817,43.40060174702363,44.07411575317383,15470300
2015-07-29,43.99199089569964,44.649077494858766,43.96734799413138,44.6162223815918,13128800
2015-07-30,44.37802201418068,44.61621685601244,44.32874248361939,44.57514953613281,5884500
2015-07-31,44.75584778408415,44.76405999445032,44.48479784346745,44.534080505371094,7504200
2015-08-03,44.45194724959698,44.542297238977525,44.098762636510756,44.32052993774414,14268400
2015-08-04,44.29589080810547,44.56693764691027,44.18911326155283,44.29589080810547,8623700
2015-08-05,44.52586218101857,44.82976720922634,44.47658265564945,44.54228973388672,8099700
2015-08-06,44.550507911725695,44.61621499414396,44.22196309992778,44.312313079833984,5672500
2015-08-07,44.22196761251247,44.31231760163834,43.96734520072463,44.09876251220703,8335200
2015-08-10,44.46836448561631,44.98582140174314,44.42729717267437,44.961181640625,9164600
2015-08-11,44.41908875631691,44.61621312856469,44.23838880406028,44.41087341308594,10203200
2015-08-12,44.033046808552555,44.50122108494324,43.72914492268594,44.41908645629883,8130500
2015-08-13,44.44374061285887,44.534090613571784,44.205545726113236,44.38624572753906,4747200
2015-08-14,44.33695202047705,44.69013658996657,44.32052446686876,44.665496826171875,6666200
2015-08-17,44.451949468110726,44.887271881103516,44.24660971226531,44.887271881103516,5611000
2015-08-18,44.64085378785804,44.879048614571154,44.64085378785804,44.80512619018555,3845000
2015-08-19,44.66550794190795,44.780497712547565,44.23018549603994,44.38624572753906,9147300
2015-08-20,44.00840843960914,44.11518283357957,43.45809638391972,43.46630859375,18301100
2015-08-21,42.98171636459368,43.17884076260066,42.26713180541992,42.26713180541992,27372900
2015-08-24,39.351310996007825,41.938593193410206,39.09668856878143,40.7640495300293,66306700
2015-08-25,41.57719183726073,42.29177642550339,40.2055238067745,40.23016357421875,25681300
2015-08-26,41.02688405890514,41.5361257787562,40.36979746341408,41.48684310913086,26147400
2015-08-27,41.87288752094977,42.52176197709639,41.45399574878056,42.48890686035156,21356600
2015-08-28,42.33285208891207,42.56283165232879,42.10286939225878,42.50533676147461,7899900
2015-08-31,42.2096217968036,42.488883871565974,41.97964237049389,42.12748718261719,13446800
2015-09-01,41.24043177188916,41.708606118693034,40.805112534778544,41.01045227050781,14607000
2015-09-02,41.63467601591536,41.93036568219247,41.24042417195758,41.92215347290039,18173200
2015-09-03,42.020737946514714,42.36571045128993,41.831825700209855,41.946815490722656,10907300
2015-09-04,41.61004306801149,41.61004306801149,41.215791159499105,41.3636360168457,10212500
2015-09-08,41.98787961055042,42.5299765337731,41.90574494739775,42.50533676147461,8437800
2015-09-09,42.86671711261348,43.573086222608985,41.98786339666149,42.05357360839844,8866200
2015-09-10,41.93037930097107,42.37391394444459,41.88109976274256,42.078224182128906,9707000
2015-09-11,42.037142623889366,42.308189392089844,41.881085583606364,42.308189392089844,6120100
2015-09-14,42.39035154501907,42.39035154501907,42.00431169350632,42.094661712646484,8436900
2015-09-15,42.26713629647481,42.907798491159966,42.17678629893997,42.825660705566406,7747100
2015-09-16,42.85030167804304,43.21991389050394,42.759954811207024,43.137779235839844,19320900
2015-09-17,43.08027747488581,43.63058646642017,42.842082627847475,42.94886016845703,18977400
2015-09-18,42.28905432935835,42.50376326631151,41.92570486319167,42.00002670288086,20172500
2015-09-21,42.231239565893674,42.48723765774854,42.00827409560024,42.20646667480469,10205200
2015-09-22,41.611906636379636,41.74403401865771,41.32287897207301,41.59539031982422,12687100
2015-09-23,41.603626493230514,41.69446460776145,41.15769564925877,41.306339263916016,7970900
2015-09-24,40.8191243450153,41.149444230150664,40.497064189598454,41.05034637451172,13891600
2015-09-25,41.471511089735834,41.471511089735834,40.95951486999175,41.1329345703125,10210300
2015-09-28,40.90171708059567,40.951266025786076,40.32366180419922,40.32366180419922,14443700
2015-09-29,40.53835314157316,40.73654570148384,40.30713111348059,40.5879020690918,15337800
2015-09-30,40.918226489200066,41.248546434385794,40.68700441766873,41.198997497558594,17662400
2015-10-01,41.14119455288705,41.39719268392584,40.72003958908999,41.10816192626953,10529700
2015-10-02,40.563135587632814,41.628414154052734,40.45578427796106,41.628414154052734,12274600
2015-10-05,42.23950466507314,42.908398010806636,41.87615208204301,42.809303283691406,10410500
2015-10-06,42.734976563808566,43.0322638613222,42.71020367240383,42.768009185791016,11798600
2015-10-07,42.990986547332106,43.52775262724126,42.90840496953948,43.32956314086914,15540400
2015-10-08,43.10658405885907,44.064508009048645,43.090067748491165,43.93238067626953,21823100
2015-10-09,44.39482461535549,44.39482461535549,43.94063710735287,44.081024169921875,33291000
2015-10-12,44.04798997558216,44.13056837402721,43.86631371880628,44.08927917480469,9030800
2015-10-13,43.767235000230386,44.02323316919684,43.602074992838,43.61859130859375,10302500
2015-10-14,43.47820436097314,43.701166732935235,43.08181911041519,43.147884368896484,11827900
2015-10-15,43.4616910341618,43.64336420714481,43.10659812082597,43.61859130859375,13924800
2015-10-16,43.76722375765907,43.76722375765907,43.20568176686841,43.39561462402344,13954700
2015-10-19,43.23045325873039,43.50296766462398,43.16439116498191,43.45341873168945,8112300
2015-10-20,43.30477255940897,43.88283080930119,43.22219415949466,43.74244689941406,11314700
2015-10-21,43.79200255765962,44.246193310134274,43.692907825376395,43.75071334838867,16097800
2015-10-22,43.9241192749079,45.14629784415785,43.85805718611373,44.97288131713867,20908800
2015-10-23,45.2371371608272,45.3032024015206,44.84901489732771,45.13804244995117,13400900
2015-10-26,45.0389518737793,45.27017393710491,44.939854003641734,45.0389518737793,11294900
2015-10-27,44.667335402897784,44.75817352719499,44.45262968651116,44.54346466064453,14483600
2015-10-28,44.70863053180963,44.92333942684578,44.35353771708113,44.898563385009766,13933200
2015-10-29,44.63430515859829,44.939849015530974,44.61778884874193,44.87378692626953,13466100
2015-10-30,44.89030846122324,45.055468428846986,44.79947032152197,44.81598663330078,14763600
2015-11-02,44.824250196078296,45.42708149416418,44.824250196078296,45.336246490478516,15329000
2015-11-03,45.29495991979882,45.49315256718726,45.19586517118723,45.36928176879883,7486400
2015-11-04,45.34449801468536,45.501398258275586,45.15456514607681,45.24540328979492,9670900
2015-11-05,45.22888937700594,45.4188222556918,44.98115097655329,45.3032112121582,11531100
2015-11-06,45.03895649832008,45.3114677937686,44.83250730624876,45.3032112121582,15269300
2015-11-09,45.08024589790436,45.162824315017275,44.526960422720876,44.95637512207031,13570600
2015-11-10,44.774692145129414,45.09675231139938,44.57649957733652,44.9481086730957,18957300
2015-11-11,45.05546552760483,45.245398375584315,44.915078461607024,45.005916595458984,12916000
2015-11-12,44.692119949912716,44.98940728874145,44.386576029523034,44.394832611083984,19057100
2015-11-13,44.22141290773743,44.559989430666164,44.12231818521704,44.19664001464844,13959100
2015-11-16,43.96540939543058,44.79946251892747,43.96540939543058,44.76642990112305,13303900
2015-11-17,44.82424179567244,44.98940175806979,44.54347080464622,44.67559814453125,15564400
2015-11-18,44.71689339725469,45.31146489020796,44.71689339725469,45.29494857788086,10434800
2015-11-19,45.187593482608364,45.534426561891266,45.187593482608364,45.49313735961914,12257400
2015-11-20,45.67482325596942,45.88127246100427,45.550952472882564,45.724369049072266,9014100
2015-11-23,45.76564861474654,45.82345727812456,45.377526333191504,45.49313735961914,9956000
2015-11-24,45.19586152785844,45.526181530156336,45.0389612593577,45.418827056884766,15131400
2015-11-25,45.54269784528773,45.550954427770925,45.3362486313928,45.418827056884766,6406800
2015-11-27,45.3857813420774,45.559197875714226,45.30320294039247,45.50139236450195,4454500
2015-11-30,45.50138949461102,45.534422113267176,45.179329338123196,45.204105377197266,11017800
2015-12-01,45.22063442547303,45.567470742902316,45.16282889759565,45.418827056884766,11475900
2015-12-02,45.34450061286329,45.46837138869734,44.86554012331199,44.95637512207031,13131600
2015-12-03,45.07198885517424,45.09676175002175,44.229675778547715,44.394832611083984,16001400
2015-12-04,44.46088734654031,45.063718463152696,44.36179264042752,45.05546188354492,13891900
2015-12-07,44.91508268363557,45.06372634388147,44.67560088099889,44.83250427246094,9665500
2015-12-08,44.24618612200996,44.460891865437176,44.03147722841851,44.11405563354492,15508600
2015-12-09,43.94890411781891,44.510446160787374,43.692905990824144,43.98193359375,16784000
2015-12-10,43.9406390152641,44.477408098132784,43.9406390152641,44.188377380371094,13231600
2015-12-11,43.82502559453642,43.940636615260814,43.379094671601685,43.445159912109375,24625500
2015-12-14,43.46167070294217,43.66811982806518,43.04877245269615,43.602054595947266,27426200
2015-12-15,43.68464668862326,43.89109586361645,43.50297040657665,43.61032485961914,17052100
2015-12-16,43.858056855089096,44.485660869634685,43.73418610805949,44.386566162109375,19045700
2015-12-17,44.543473962737096,44.60127948114989,43.651615142822266,43.651615142822266,15902700
2015-12-18,43.559399369438914,43.559399369438914,42.952908020694046,42.986141204833984,19378200
2015-12-21,43.36831596578078,43.50124554117595,43.06091691692153,43.31846618652344,9394700
2015-12-22,43.49291857197152,44.01632995601075,43.3932222219178,43.91663360595703,11833500
2015-12-23,44.11603096776003,44.46497298375513,43.99971801885839,44.431739807128906,9604800
2015-12-24,44.273890542421306,44.53143975881846,44.273890542421306,44.41512680053711,2040500
2015-12-28,44.24066423648377,44.40682698954001,44.02465487601429,44.31543731689453,4687600
2015-12-29,44.52313403986339,44.822226321697265,44.47328426979425,44.73914337158203,5054700
2015-12-30,44.656062546746114,44.73914232562854,44.307123672291404,44.36528015136719,10957700
2015-12-31,44.15758353827517,44.406826078098426,43.96649431614347,44.04126739501953,6785400
2016-01-04,43.29354025663379,43.46800971951971,42.96121475364937,43.451393127441406,16404600
2016-01-05,43.55939653622106,43.642476321876295,43.17722445134192,43.56770324707031,8726300
2016-01-06,42.96952176245361,43.25199747032376,42.62888957084173,42.89474868774414,9980000
2016-01-07,42.205171056759106,42.454413562806245,41.61529638627979,41.73160934448242,17225600
2016-01-08,42.13039621262448,42.13039621262448,41.24973918374981,41.30789566040039,17198600
2016-01-11,41.58204804873357,41.61528121590253,40.942323842532836,41.33280563354492,18962400
2016-01-12,41.615292295301046,41.73991512071881,41.13342075092846,41.66514205932617,19297300
2016-01-13,41.856227674667615,41.93930744463969,40.54354575793634,40.65985870361328,18966900
2016-01-14,40.792796811931844,41.43252131691738,40.37739153617168,41.14173889160156,19261200
2016-01-15,39.99521871999077,40.57678672939843,39.89552234301224,40.4189338684082,20434600
2016-01-19,40.85927163851372,40.934044730406306,40.036767627695276,40.4106330871582,14845000
2016-01-20,39.83736805405404,40.23615675323224,38.898551208679265,39.88721466064453,26092600
2016-01-21,39.887214837768376,40.443859578397245,39.59643240039642,40.06168746948242,18593800
2016-01-22,40.57679586572966,40.7014187419811,40.0616941045204,40.4106330871582,12781600
2016-01-25,40.34416176224799,40.418934839100295,39.845673526802415,39.912139892578125,14534000
2016-01-26,40.00352697530748,40.684791334022286,39.99521709547724,40.668174743652344,12038300
2016-01-27,40.45215620349041,40.942334453762044,39.995211129000936,40.21122360229492,16437200
2016-01-28,40.41061829354078,40.551857712873236,40.02844626123687,40.443851470947266,12553000
2016-01-29,40.709711391720404,41.54882853816405,40.6100150267338,41.5322151184082,14570300
2016-02-01,41.19989208371136,41.64022062665028,40.934032982017236,41.432518005371094,15940600
2016-02-02,41.025426434570846,41.0586564483863,40.46878171005921,40.60171127319336,15284800
2016-02-03,40.92571976189561,41.32451155117681,40.16968240892079,41.2580451965332,25732900
2016-02-04,41.19988039420814,42.29654966986473,41.16664722360289,41.9725341796875,18452300
2016-02-05,41.74822278106062,41.98915855873519,41.37435746558115,41.573753356933594,15512300
2016-02-08,41.116823701626686,41.34113980581916,40.68480174928279,41.22482681274414,20001200
2016-02-09,40.74294158055114,41.75652808367827,40.74294158055114,41.47405242919922,15370000
2016-02-10,41.5737540425099,41.96423278352531,41.2414286078723,41.2580451965332,15079400
2016-02-11,40.56018142758887,41.00882000279917,39.9703065431225,40.45217514038086,19179900
2016-02-12,40.693099298258275,41.274667301961266,40.610019513139555,41.266357421875,19249100
2016-02-16,41.78975760000114,42.14700628377413,41.432508916228144,42.0971565246582,15037900
2016-02-17,42.371335749777806,42.903053965825784,42.24671290632694,42.745201110839844,15619900
2016-02-18,42.7701256515897,42.878131907758515,42.56242301934463,42.72027587890625,9587800
2016-02-19,42.35471609446482,42.68704154009213,42.279943027663194,42.63719177246094,12613600
2016-02-22,43.03599258169628,43.56771090970533,43.03599258169628,43.360008239746094,12143800
2016-02-23,43.1772280466235,43.3350809202288,42.8365958262082,42.927982330322266,9727900
2016-02-24,42.42118929885546,43.060913824912454,42.15533016715526,42.95290756225586,17347300
2016-02-25,43.0775248603741,43.534473188872205,42.94459530189029,43.51785659790039,9312700
2016-02-26,43.625862078771654,43.90833780220884,43.567705591824954,43.57601547241211,8312300
2016-02-29,43.57599920151666,43.80031835424835,43.28521370606907,43.30183029174805,13823000
2016-03-01,43.47631463282061,44.21573546472303,43.47631463282061,44.149269104003906,13424800
2016-03-02,44.032960404475546,44.23235633664415,43.95818732607367,44.1825065612793,8877600
2016-03-03,44.157574947958004,44.539746979292815,44.08280188362813,44.498207092285156,9809000
2016-03-04,44.47328188684698,44.94684358461296,44.37358552134107,44.68098449707031,10006900
2016-03-07,44.44834843901155,44.83052039393243,44.381882097656835,44.81390380859375,11754000
2016-03-08,44.44836569131022,44.48159887488679,44.11604019412616,44.1825065612793,12241100
2016-03-09,44.29881098522023,44.44835711316287,44.17418815550462,44.323734283447266,11060100
2016-03-10,44.4234296994213,44.6228224053457,43.88340171307036,44.257266998291016,12693300
2016-03-11,44.664366473337985,45.00499861639169,44.63113646543023,44.896995544433594,11059900
2016-03-14,44.730838781157445,45.05485437873681,44.730838781157445,44.938541412353516,6946700
2016-03-15,44.6145011615011,44.91359329223633,44.4732618023033,44.91359329223633,6948700
2016-03-16,44.81391975749284,45.33733128942549,44.70591666828841,45.07147216796875,11447900
2016-03-17,45.353954713570225,46.20968869160078,45.07978567053643,46.060142517089844,17009400
2016-03-18,46.17954062686637,46.55532414948813,46.12943828088412,46.455116271972656,17059800
2016-03-21,46.396670247981994,46.73069763183594,46.33821537616876,46.73069763183594,7150400
2016-03-22,46.27140401301914,46.605434553729054,46.26305468299949,46.463470458984375,7570500
2016-03-23,46.36326458180079,46.42171945112756,46.121092588560494,46.162845611572266,10833200
2016-03-24,45.89562805323596,46.029239654541016,45.71191409241142,46.029239654541016,10403600
2016-03-28,46.0375834399563,46.1628425005501,45.837164483234474,46.04593276977539,6591700
2016-03-29,45.95407223600794,46.35490694664721,45.69520161059258,46.3465576171875,9271800
2016-03-30,46.75574635440684,46.789146858876585,46.4300651550293,46.4300651550293,8197600
2016-03-31,46.52192609423681,46.58873347770286,46.2630554471843,46.321510314941406,12949100
2016-04-01,46.05427551488293,46.53861618041992,45.72024505306044,46.53861618041992,16184500
2016-04-04,46.379965521159484,46.43842038934317,45.929025236126996,46.01253128051758,12014900
2016-04-05,45.7035560010301,45.937375478407205,45.56159508563728,45.728607177734375,11244900
2016-04-06,45.71190227025382,45.954071044921875,45.30271505520948,45.954071044921875,10962400
2016-04-07,45.569944737921254,45.81211673294476,45.36952895176845,45.51148986816406,13364500
2016-04-08,45.795415727226214,46.196250492441905,45.65345162267291,45.68685531616211,9188900
2016-04-11,45.91232052961448,46.21294736757254,45.686850401145946,45.70355224609375,7710100
2016-04-12,45.720261887806046,46.20460591723486,45.64510516549991,45.97078323364258,10724300
2016-04-13,46.396666010240565,46.7807989000852,46.338211143766436,46.65553665161133,13215500
2016-04-14,46.88099744017626,46.93110296668579,46.672229191379216,46.739036560058594,13195200
2016-04-15,46.82255664454811,46.84760782254954,46.680595721804494,46.80585479736328,10781600
2016-04-18,46.59707394559528,47.00626112762338,46.52191724626565,46.84759521484375,8619000
2016-04-19,47.09812314684381,47.36534627851107,46.99791208330534,47.1816291809082,9318800
2016-04-20,47.19834202969202,47.3570048056289,46.98122119361866,47.106483459472656,13632600
2016-04-21,47.17329157563488,47.265146961714,46.93946888815115,46.98957443237305,11941800
2016-04-22,47.02297740593782,47.181640181874705,46.881013292266516,47.106483459472656,14749400
2016-04-25,47.06471760918094,47.08141945244757,46.65553041302557,46.88100051879883,10224100
2016-04-26,46.9895582740693,47.29853439331055,46.9645071033486,47.29853439331055,10139900
2016-04-27,47.35700030430515,47.74948572682663,47.16493385098972,47.63257598876953,9258100
2016-04-28,47.30689037147286,47.716074389111625,47.0647184182698,47.17327880859375,19554900
2016-04-29,46.90605440746642,47.09812402338092,46.61378009725057,46.897705078125,16369900
2016-05-02,46.98956770842831,47.173284825401254,46.780799415705005,47.1398811340332,10145100
2016-05-03,46.83090546239964,46.83090546239964,46.43006753272355,46.7557487487793,11171400
2016-05-04,46.50521670449513,46.538620390809555,45.97912298002181,46.17953872680664,22102700
2016-05-05,46.3048124942688,46.421722239945765,46.05429115559649,46.15449905395508,12841100
2016-05-06,45.96242783347084,46.49687415016563,45.8789186055177,46.463470458984375,9934400
2016-05-09,46.363271575771314,46.45513015158509,46.154503243667996,46.25471115112305,7765100
2016-05-10,46.388303361625624,47.05636110793564,46.388303361625624,47.048011779785156,14983100
2016-05-11,47.01461836598171,47.16493178992984,46.65553665161133,46.65553665161133,12802000
2016-05-12,46.66388877119343,46.87265705984428,46.27140336915341,46.555328369140625,13992400
2016-05-13,46.48017844198952,46.663895582193796,45.845524153500186,45.97078323364258,13018000
2016-05-16,45.970766306652024,46.68058024163719,45.970766306652024,46.53861618041992,9210800
2016-05-17,46.3883090179534,46.79749622933447,46.15448957462192,46.31315231323242,11830000
2016-05-18,46.18790274859183,46.56368316382447,45.89562519884775,46.15449905395508,13605200
2016-05-19,45.78705654863468,45.954068609056186,45.419622370385305,45.72024917602539,15143100
2016-05-20,45.90396869836002,46.19624300514096,45.895616183565686,45.954071044921875,9397900
2016-05-23,45.89562231310122,46.05428825987362,45.71190837525366,45.87057113647461,7617200
2016-05-24,46.06263263229079,46.48016918740059,46.04593078782027,46.3465576171875,7274500
2016-05-25,46.43006817879978,46.78914990603236,46.43006817879978,46.66389083862305,11092500
2016-05-26,46.68893617726738,46.855951431815214,46.5302734375,46.5302734375,6108400
2016-05-27,46.63048979595604,46.72234836193976,46.58038425481448,46.70564651489258,6250000
2016-05-31,46.764092073369895,46.897703637586055,46.52192011774343,46.69728469848633,11290300
2016-06-01,46.45511161427259,46.76408773053802,46.271394535954975,46.739036560058594,11013000
2016-06-02,46.63883847309993,46.822555602492734,46.530281247141964,46.79750442504883,6113500
2016-06-03,46.697290695473356,46.872658484288415,46.388314510834775,46.7557487487793,11948800
2016-06-06,46.864307001357446,47.24009057774055,46.83090649444119,47.19833755493164,8888100
2016-06-07,47.29018605153941,47.565758491868536,47.206676838143636,47.423797607421875,8372700
2016-06-08,47.5741166677781,47.78288494778688,47.48225811488605,47.724430084228516,9201800
2016-06-09,47.46555460709439,47.74112707056373,47.4154490748495,47.7160758972168,9984700
2016-06-10,47.33195030480605,47.44051071522369,47.03132343629659,47.156585693359375,13734300
2016-06-13,47.13988341609469,47.19833828604294,46.64719009399414,46.64719009399414,18783300
2016-06-14,46.588732455162884,46.79750074558514,46.37996416474063,46.65553665161133,12839000
2016-06-15,46.789158599189115,47.0396831516566,46.63049581010478,46.67224884033203,10429600
2016-06-16,46.45512189429791,46.872658484288415,46.10438950221917,46.7557487487793,15040400
2016-06-17,46.66085975914518,46.95474548537455,46.56849475858333,46.79520797729492,15947800
2016-06-20,47.14787481820183,47.66007520608174,47.14787481820183,47.223445892333984,11778700
2016-06-21,47.257041451113665,47.34940647449287,47.10589926796859,47.18986892700195,8451400
2016-06-22,47.17306959538215,47.36619498437972,47.02192742953804,47.05551528930664,10509100
2016-06-23,47.525724401169015,47.63488332522671,47.34099761020298,47.601295471191406,8840600
2016-06-24,45.947145854626484,46.58529923455634,45.535702541628034,45.66165542602539,34954000
2016-06-27,45.208223230592814,45.44333183540098,44.318164193210514,44.58686065673828,39536900
2016-06-28,45.149457271795626,45.34258270263672,44.83037894108997,45.34258270263672,18523900
2016-06-29,45.821177577360956,46.215826826322875,45.695224735275374,46.148651123046875,14316300
2016-06-30,46.07309144216535,47.0471169585329,46.064696078738436,47.03032302856445,19397800
2016-07-01,47.04711310858951,47.40817456557829,47.01352845451552,47.181461334228516,23322700
2016-07-05,46.921163316239614,47.24863691511486,46.53490936589366,46.75322723388672,14808600
2016-07-06,46.61888920039837,47.02193396428991,46.257827665494794,46.988346099853516,12776400
2016-07-07,47.06391035544069,47.34100539210966,46.912768190551176,47.11429214477539,8697900
2016-07-08,47.52572434276867,48.13869146726046,47.139473631179534,48.05472183227539,16226400
2016-07-11,48.15548595111027,48.46616882014197,48.08831344099146,48.35700988769531,15259700
2016-07-12,48.608914720030526,48.87761117952518,48.51654971149528,48.802040100097656,13635100
2016-07-13,48.92799619239718,48.961584052826886,48.617316491209074,48.91959762573242,13119800
2016-07-14,49.2386807044329,49.43180611610096,49.0875385208466,49.2890625,11795400
2016-07-15,49.44859481960945,49.473784113172165,49.16310441447829,49.28065872192383,6238000
2016-07-18,49.21348487093832,49.33103917519791,49.07913663705385,49.23867416381836,5983600
2016-07-19,49.07913579339415,49.331038327208056,48.995166146713174,49.26386260986328,7393900
2016-07-20,49.24707594443889,49.53256636046605,49.205089516079056,49.356231689453125,5491600
2016-07-21,49.16310048071977,49.28065477875926,48.76005580039248,48.852420806884766,7583300
2016-07-22,48.63411456463678,48.953192880687375,48.4493877105992,48.94479751586914,8747800
2016-07-25,48.827240838512154,48.835636202926125,48.53335183418326,48.68449401855469,11063200
2016-07-26,48.75167063720024,49.16311076641824,48.684494908200946,49.08753967285156,9376000
2016-07-27,49.08753457583467,49.23867674727414,48.709679147235974,48.8944091796875,10760700
2016-07-28,48.701289211726646,48.98677965591999,48.55014702344104,48.877620697021484,6505600
2016-07-29,48.7264761580005,48.902810837903424,48.5585432485538,48.7348747253418,10712400
2016-08-01,48.642502382398305,48.852421690727965,48.49136022415179,48.676090240478516,7949600
2016-08-02,48.566931417742,48.667691789105675,48.08831564987148,48.22266387939453,13473800
2016-08-03,48.222681687048286,48.4745843100372,48.197492385684086,48.45779037475586,6087900
2016-08-04,48.49135371071987,48.66768513728421,48.39898871496311,48.47455978393555,8028700
2016-08-05,48.751659070495364,49.01195695082233,48.68448335743402,48.961578369140625,7380100
2016-08-08,49.05393684772865,49.23027148101519,48.927987198940066,49.02874755859375,6052600
2016-08-09,48.995176587104716,49.15471734823788,48.92800405856063,49.01197052001953,4579800
2016-08-10,49.028753851534304,49.14630815340428,48.852422398729345,48.98677062988281,5293300
2016-08-11,49.121120955784335,49.38981742954971,49.10432702578467,49.305850982666016,8172100
2016-08-12,49.22189501934972,49.27227682335791,49.08754674511003,49.17151641845703,4357400
2016-08-15,49.31425523036544,49.55776245455791,49.28066736431506,49.498985290527344,8643500
2016-08-16,49.43180088952942,49.45699338620678,49.23867549828109,49.28065872192383,4725200
2016-08-17,49.17989751621652,49.473783279880415,49.16310358641936,49.423404693603516,8260500
2016-08-18,49.347825972075476,49.57453918457031,49.31423811768052,49.57453918457031,9830200
2016-08-19,49.2890580374676,49.62492703482771,49.26386554040744,49.55775451660156,8334300
2016-08-22,49.50738664819834,49.624940990489065,49.3478490698203,49.515785217285156,6624700
2016-08-23,49.66691346222308,49.82645099573553,49.55775451660156,49.55775451660156,8326900
2016-08-24,49.49059030842679,49.54936747671621,49.322657372237266,49.40662384033203,8569700
2016-08-25,49.39821243286133,49.52416209410173,49.24707027688133,49.39821243286133,8623200
2016-08-26,49.4905673960981,49.75086845166666,49.10431669669749,49.25545883178711,15676900
2016-08-29,49.26386067548917,49.6165267714726,49.26386067548917,49.608131408691406,7628200
2016-08-30,49.57453751609241,49.60812536935694,49.347824311227825,49.47377395629883,5953800
2016-08-31,49.347831765119,49.38981498648415,49.01195958796887,49.19668960571289,9592200
2016-09-01,49.28065738632328,49.38142096407255,48.860818755044995,49.23867416381836,9397600
2016-09-02,49.46538380597341,49.65011381527659,49.322640219231374,49.482177734375,11405400
2016-09-06,49.406607477415626,49.53256034095902,49.10432316740297,49.33943176269531,11028400
2016-09-07,49.171499198891325,49.4653849449,49.171499198891325,49.39821243286133,6686800
2016-09-08,49.314248464208056,49.38142418709198,49.205089516079056,49.356231689453125,8202800
2016-09-09,48.911192617171544,49.01195297547662,47.96235656738281,47.96235656738281,19609100
2016-09-12,47.702070645895176,48.72647481844042,47.61810099036534,48.57533264160156,18644900
2016-09-13,48.20586648208458,48.37380255768464,47.760838604391516,47.86159896850586,21760600
2016-09-14,47.85320226520206,48.17227727647552,47.676867629050356,47.81961441040039,13591700
2016-09-15,47.72724746524663,48.28982959622256,47.65167639658124,48.19746780395508,14893500
2016-09-16,47.97965057825427,48.16538695566392,47.701041181209774,47.79391098022461,15706400
2016-09-19,48.01342705586445,48.325807928330505,47.903674747763965,48.00498580932617,8810900
2016-09-20,48.258258180006145,48.40178511561911,48.03875037454058,48.04719161987305,8007500
2016-09-21,48.24137369676564,48.73949092018475,48.106291223666574,48.67195129394531,14979800
2016-09-22,48.992770560433144,49.186951415832525,48.92523093363433,49.01810073852539,9377200
2016-09-23,48.95900085610352,48.95900085610352,48.68883269533184,48.731048583984375,11269400
2016-09-26,48.54530452395075,48.705713935998055,48.410222066274116,48.51997756958008,9560400
2016-09-27,48.443988881422875,48.925220292445324,48.36800480491304,48.8576774597168,6882700
2016-09-28,48.89990584696192,49.262940638087564,48.80703925302189,49.237613677978516,7366600
2016-09-29,49.12785701005467,49.4064664472728,48.75638098105099,48.84925079345703,11584200
2016-09-30,49.06875419682268,49.474001615704864,49.01810028235003,49.288265228271484,11206800
2016-10-03,49.1362940119043,49.389573230500815,49.03498296858969,49.330474853515625,12590000
2016-10-04,49.4655605538877,49.49088751121809,48.83236085566621,48.916786193847656,11208500
2016-10-05,49.05186577083113,49.33047516749459,48.942113481800085,49.229164123535156,8430900
2016-10-06,49.18694823631704,49.288262500896494,48.99276739346979,49.229164123535156,7474300
2016-10-07,48.89989564416974,48.91678135425948,48.38489597922213,48.59596252441406,12646100
2016-10-10,48.83235748532826,48.96743994946751,48.58751951263213,48.6466178894043,8706400
2016-10-11,48.54530397858471,48.58751664226822,47.928990071070096,48.14005661010742,13409100
2016-10-12,48.19072037493725,48.36801551919404,48.00498076440905,48.232933044433594,8374300
2016-10-13,47.81923543377692,48.334238313640654,47.70947992971911,48.216041564941406,12266000
2016-10-14,48.53686713366236,48.68039084731977,48.30047039849119,48.31735610961914,7633400
2016-10-17,48.317357610956606,48.44399883804121,48.16538942670315,48.19071960449219,5911200
2016-10-18,48.50310072917449,48.62973874480498,48.24137701054547,48.29203414916992,6044200
2016-10-19,48.418673878319034,48.58752779242245,48.26670567768801,48.44400405883789,7374100
2016-10-20,48.24982434966079,48.39334808671023,48.0894116781107,48.182281494140625,8215300
2016-10-21,47.79392015377392,48.14851048648684,47.61662498741745,48.114742279052734,9850700
2016-10-24,48.35957546985017,48.56220081080777,48.19916602286495,48.20760726928711,9737600
2016-10-25,48.013420289495684,48.23293131600286,47.96276637616335,48.080963134765625,8777500
2016-10-26,47.895212039092364,48.503084618190606,47.7854565521731,48.24980545043945,10043800
2016-10-27,48.376448149511624,48.43554652040576,47.79390568471815,47.9205436706543,8155400
2016-10-28,47.996540681907355,48.519988137455925,47.9627724755982,48.20760726928711,11514100
2016-10-31,48.39334588602542,48.4862156978321,48.266704647994416,48.30047607421875,9590900
2016-11-01,48.34268108444314,48.40178268127844,47.599729148987485,47.88677978515625,19622500
2016-11-02,47.85301486292499,48.06408144110634,47.59129114655677,47.70948791503906,14355900
2016-11-03,47.91210471026555,47.928990419985844,47.50685733883813,47.63349533081055,13887400
2016-11-04,47.625059265476665,48.08096381564449,47.532189462225425,47.675716400146484,8438100
2016-11-07,48.41867315786911,48.866136506678174,48.384904952047314,48.84925079345703,13794100
2016-11-08,48.87458368465817,49.296716904557606,48.76482814571047,49.14474868774414,12073900
2016-11-09,49.051871084392616,50.62220692866109,49.03498859242059,50.37736892700195,36607500
2016-11-10,50.90926261662833,51.534021161611165,50.76573887638483,51.44959259033203,41589600
2016-11-11,51.3145014925692,51.567783943315895,51.103434930693716,51.54245376586914,24055100
2016-11-14,51.922360832772476,51.95613224691316,51.669081667955986,51.7619514465332,17077000
2016-11-15,51.880173575617945,51.95615768432617,51.47492606938103,51.95615768432617,12828400
2016-11-16,51.83795435369323,51.905493985896236,51.48336081761085,51.6606559753418,14472900
2016-11-17,51.618436637065344,51.795731771901885,51.618436637065344,51.77040481567383,10382800
2016-11-18,51.82105999243065,51.82105999243065,51.59310773312345,51.753517150878906,9246400
2016-11-21,51.91393443240133,52.05745815260551,51.81262016101224,52.03213119506836,11767700
2016-11-22,52.175658173689456,52.31074065669069,52.099674075712485,52.26852798461914,8901300
2016-11-23,52.38673348749638,52.71599689341108,52.33607956081472,52.656898498535156,15506800
2016-11-25,52.808852924056616,52.94393539428711,52.72442758789511,52.94393539428711,4172500
2016-11-28,52.8426296355945,52.859515348640855,52.52180752895462,52.58090591430664,15898500
2016-11-29,52.54712764101338,52.791962381725064,52.395159473333116,52.623111724853516,12692400
2016-11-30,52.918610852117105,53.062134574264356,52.67377285720915,52.69065856933594,14903800
2016-12-01,52.7919700171729,53.197217449392376,52.69065896427311,53.036808013916016,24438500
2016-12-02,53.12123267414064,53.214102480034356,52.91016610460775,53.02836608886719,11902500
2016-12-05,53.25631316509742,53.34917974129397,52.87639273294806,52.98614501953125,9448800
2016-12-06,52.95237710101741,53.14655794056655,52.77507875132474,53.087459564208984,10543600
2016-12-07,53.10434886367306,54.09213883865371,53.07057744043778,54.07525634765625,10416800
2016-12-08,54.07526378803216,54.07526378803216,53.661571848029304,53.771324157714844,10688200
2016-12-09,53.771328645364505,54.06682383306246,53.746001682649585,54.01616668701172,7939600
2016-12-12,53.82196044921875,53.923271472996795,53.45892579167643,53.82196044921875,9519600
2016-12-13,53.973935371362735,54.0414782094407,53.56868800475433,53.7459831237793,8280900
2016-12-14,53.6109130485708,53.872636775632884,53.14656720172304,53.205665588378906,19782900
2016-12-15,53.1465546888428,53.64467184525113,53.12122451436795,53.26475143432617,12262100
2016-12-16,53.15772247314453,53.5399661961952,53.064283966499374,53.15772247314453,9523700
2016-12-19,53.28514061977868,53.489006764835416,53.18320916742154,53.45502853393555,5982900
2016-12-20,53.54847462756826,53.786315796844576,53.54847462756826,53.760833740234375,5011400
2016-12-21,53.726852803929575,53.752334859258916,53.5399757572671,53.55696487426758,4649000
2016-12-22,53.52298175539283,53.58244527963881,53.32761178823229,53.45502853393555,4642700
2016-12-23,53.44653317894004,53.56545698892059,53.404062009832515,53.50599670410156,5100800
2016-12-27,53.59943925722601,53.70986690417239,53.506003968640705,53.61642837524414,3499400
2016-12-28,53.684370368581675,53.71834859545397,53.04729319626546,53.0557861328125,8982400
2016-12-29,53.08977808346404,53.3021371957979,52.94537544244161,53.03881072998047,7757200
2016-12-30,53.174723692520445,53.302140463870124,52.682052206677426,52.8519401550293,6932300
2017-01-03,53.24268248080621,53.565469272661986,52.962366867797535,53.16623306274414,21592200
2017-01-04,53.310634204854956,53.58245687051166,53.24268096869814,53.48052215576172,8889300
2017-01-05,53.43803381985586,53.743831385231736,53.038797749466006,53.327606201171875,9850900
2017-01-06,53.336113770297196,53.77782109903577,53.15773289917474,53.63341522216797,12124500
2017-01-09,53.57395534853573,53.57395534853573,53.191708307197885,53.217193603515625,5970500
2017-01-10,53.31062493589942,53.64190784072288,53.20020054130085,53.43804168701172,8237800
2017-01-11,53.47200837132211,53.76930973925428,53.41254809773567,53.718345642089844,11113700
2017-01-12,53.667385465942736,53.718352810250124,52.97934089933341,53.49749755859375,11844600
2017-01-13,53.53149371909479,53.752345804385676,53.514504598634964,53.70138168334961,7130200
2017-01-17,53.41255391398332,53.505992422748754,53.132238387686996,53.28513717651367,10689400
2017-01-18,53.208686707149965,53.5909336714943,53.09825908626335,53.4890022277832,8098600
2017-01-19,54.05811484910401,54.151553341952635,53.565443578186276,53.87973403930664,8833200
2017-01-20,53.86276638643534,53.94770873722457,53.58245403655646,53.888248443603516,11620300
2017-01-23,53.828787368541235,53.93921501523853,53.29364473372043,53.590946197509766,14303700
2017-01-24,53.59943052231697,54.25349687788088,53.53147730166149,54.12608337402344,9199500
2017-01-25,54.49135038140369,54.763169790255525,54.389415672827035,54.695213317871094,12955600
2017-01-26,54.754667741443335,55.08594740794755,54.59327275700301,54.82262420654297,10141800
2017-01-27,54.890570779151844,55.01798102739501,54.68670142059469,54.7801399230957,8697700
2017-01-30,54.50833155911397,54.56779184715184,53.88824338361709,54.31296157836914,13354500
2017-01-31,54.12607727536041,54.12607727536041,53.56544949666622,53.8372688293457,19335200
2017-02-01,53.922231605163816,54.11760162209801,53.47203127224344,53.74385070800781,15358800
2017-02-02,53.65888879785552,53.80329465190185,53.421047673946596,53.641902923583984,9568400
2017-02-03,53.769329719050724,54.10910561466423,53.718365602948865,54.0411491394043,9874200
2017-02-06,54.007175073617354,54.2535091998256,53.930725657802896,54.11759948730469,7109300
2017-02-07,54.304459929652346,54.49983311940149,54.126079094151464,54.211021423339844,13347400
2017-02-08,54.2110395669186,54.2110395669186,53.95620925372363,54.13459014892578,7808400
2017-02-09,54.134575109968296,54.686706761780876,54.134575109968296,54.55080032348633,8176700
2017-02-10,54.80562528407317,55.03497670613626,54.67821502813194,54.984012603759766,7445800
2017-02-13,55.20486840226008,55.63808276971539,55.18788252619833,55.53614807128906,17349600
2017-02-14,55.45970698535672,55.561641693115234,55.25584405052554,55.561641693115234,8578600
2017-02-15,55.578613167243624,55.91838895769815,55.459692612687164,55.85892868041992,7845400
2017-02-16,55.85893346737053,55.88441551971862,55.50216529244297,55.875919342041016,10062400
2017-02-17,55.73151921145579,55.9693603515625,55.56163453443243,55.9693603515625,5194700
2017-02-21,56.05431774585228,56.300655130180076,55.97787156486439,56.249691009521484,9573900
2017-02-22,56.088278877184656,56.18171739034715,55.93538008116282,56.09677505493164,10614700
2017-02-23,56.19021418484828,56.24967446836026,55.54464076337185,55.73151779174805,16800100
2017-02-24,55.4342177863224,55.977856529619174,55.35776514518238,55.9693603515625,12663000
2017-02-27,56.0203342040327,56.215707449213916,55.833463619072326,56.17323303222656,10705400
2017-02-28,56.19872699777754,56.283669359268735,55.84195871041569,55.94389343261719,9629900
2017-03-01,56.42807559781675,57.073649251297134,56.419579416923185,56.88677215576172,16452600
2017-03-02,56.80181464648648,56.95471345837456,56.258175866592254,56.27516174316406,8453900
2017-03-03,56.28365731958777,56.4280599513022,56.071298220942296,56.33462142944336,5862800
2017-03-06,56.062798470062006,56.26666137717953,55.969359954157106,56.19871139526367,7164700
2017-03-07,56.18173328657397,56.26667564602333,55.96087796745636,56.037330627441406,8790800
2017-03-08,56.113776529592535,56.14775476934178,55.748518553146376,55.841957092285156,10729000
2017-03-09,55.80795353451253,55.94386643185081,55.34926370770493,55.58710479736328,9976100
2017-03-10,55.884419582101344,55.92688751220703,55.48518345113369,55.92688751220703,9780500
2017-03-13,55.86742147140167,56.0033343873859,55.73151503610197,55.89291000366211,11620300
2017-03-14,55.70602484409661,55.77398129215812,55.25582471688539,55.366249084472656,10810700
2017-03-15,55.49368575559642,56.1817272177051,55.425729283103095,55.994850158691406,14737200
2017-03-16,56.088286317561234,56.19022102199283,55.69754633826855,55.740020751953125,14152400
2017-03-17,55.90813154994478,56.18972170146504,55.79720505547597,56.04466247558594,10880100
2017-03-20,56.09585094356949,56.164116397416265,55.88252628291231,55.942256927490234,5752600
2017-03-21,56.0958397540034,56.138507281684646,55.012153558497175,55.08894729614258,12661000
2017-03-22,55.10601395269509,55.39613229286919,54.89268934604342,55.28520584106445,12266300
2017-03-23,55.34493923566348,55.575326957891754,55.09748189836605,55.20840835571289,10682500
2017-03-24,55.191354400520204,55.42174216094259,54.82443573751288,55.063358306884766,9924600
2017-03-27,54.53430679925653,54.969487600383125,54.22711881960225,54.867095947265625,11711900
2017-03-28,54.696438801296416,55.6265376579111,54.696438801296416,55.44734573364258,8973000
2017-03-29,55.38760879967634,55.490000453253344,55.242543106857404,55.438804626464844,8301000
2017-03-30,55.413216245590675,55.81426765149435,55.379083518476314,55.746002197265625,12838000
2017-03-31,55.60093335519432,55.788653556567354,55.51559829711914,55.51559829711914,7736100
2017-04-03,55.54118877121121,55.720387161046254,55.0462806554788,55.3961296081543,10474800
2017-04-04,55.38760363503006,55.54119110107422,55.268135866745205,55.54119110107422,9239700
2017-04-05,55.737464423950655,56.21530955783683,55.285217206500995,55.36201095581055,11422600
2017-04-06,55.396137027994975,55.77159045104286,55.29374537454621,55.51559829711914,7633700
2017-04-07,55.5411808563512,55.80570774498525,55.46438713749393,55.575313568115234,7522700
2017-04-10,55.60946249159422,56.03611174780129,55.59239938581238,55.71186065673828,6330900
2017-04-11,55.61799342615795,55.80572012743938,55.268137935560645,55.78865051269531,10172900
2017-04-12,55.73746240756515,55.8398605797585,54.98656200860156,55.020694732666016,11281500
2017-04-13,54.978025541923216,55.15721745524361,54.628170013427734,54.628170013427734,10118300
2017-04-17,54.798826097205946,55.25107322249964,54.73056066051812,55.2254753112793,8852400
2017-04-18,54.95241656531269,55.2681327970685,54.81588570065616,55.04627990722656,7502800
2017-04-19,55.24255142252137,55.43881297167208,54.99509403887566,55.09749221801758,9455300
2017-04-20,55.38762214897612,55.95079590983622,55.36201771925988,55.76306915283203,9492500
2017-04-21,55.780122041511056,55.98491184674732,55.652125971931945,55.81425476074219,10211400
2017-04-24,56.58222450345644,56.68462267263351,56.403032590010014,56.60782241821289,10498300
2017-04-25,56.84674572888025,57.03446592148778,56.693151745728194,56.88087844848633,12385000
2017-04-26,56.974740477979665,57.20513472876333,56.83821609727369,56.88941192626953,12033100
2017-04-27,56.84675849687862,57.060083159717195,56.65049694260022,56.87235641479492,8111400
2017-04-28,56.95767794695443,57.07713922258538,56.53956348224611,56.60782241821289,10386300
2017-05-01,56.72728152377824,56.72728152377824,56.3091606128981,56.437156677246094,11234100
2017-05-02,56.59076286847227,56.74435687681558,56.471301585333215,56.71022415161133,9450900
2017-05-03,56.54809518982552,56.838220098243944,56.4371687158091,56.752891540527344,8729200
2017-05-04,56.90647015266285,56.96620077791975,56.4883492657146,56.81260681152344,8143600
2017-05-05,56.88941658961747,57.11981085928706,56.76995530540054,57.10274124145508,7110800
2017-05-08,57.08566569896893,57.14539632806645,56.86380628654233,56.949134826660156,6078200
2017-05-09,56.991799595585235,57.17099147421178,56.95766687915875,57.02593231201172,5969000
2017-05-10,57.060061396812735,57.060061396812735,56.66754494811513,56.90646743774414,7471400
2017-05-11,56.72728963106564,56.966212179914486,56.38596891407391,56.88941192626953,8400000
2017-05-12,56.744349415206365,56.744349415206365,56.43716143891348,56.573692321777344,7186400
2017-05-15,56.57368682272463,56.88087476915835,56.57368682272463,56.83820724487305,8413500
2017-05-16,56.90648042460836,56.95767625259831,56.556624906274195,56.77848434448242,5848800
2017-05-17,56.240909529363854,56.32623808077694,55.626533542947776,55.64359664916992,15221000
2017-05-18,55.47294058836666,56.053183863086765,55.16575258938829,55.72039794921875,15260100
2017-05-19,55.89959349573244,56.71022456728228,55.89959349573244,56.45423889160156,10322300
2017-05-22,56.88088362820435,56.966212179914486,56.71875482284926,56.88941192626953,6506200
2017-05-23,56.98327125845399,57.06007150667048,56.74434872649287,57.00886917114258,7856000
2017-05-24,57.0771369934082,57.281926813612905,56.88941027899097,57.0771369934082,7877300
2017-05-25,57.20513359024259,57.52938468434819,57.162466060161115,57.45259094238281,6840800
2017-05-26,57.37577784215742,57.5976372306284,57.3587147400364,57.520843505859375,5991000
2017-05-30,57.35874022048462,57.58059970751214,57.28193995144904,57.50379943847656,6092500
2017-05-31,57.5720507426348,57.631781377131254,57.22219523333352,57.61471176147461,10518800
2017-06-01,57.768313843314196,58.126704210644014,57.5805936158532,57.97311019897461,16118000
2017-06-02,58.07549513103273,58.519214006682446,58.066966833149856,58.2034912109375,17769600
2017-06-05,58.13521591348568,58.29734468789551,57.9730936492258,57.99869155883789,16550700
2017-06-06,57.785366344503934,57.89629278834812,57.60617446899414,57.60617446899414,15201400
2017-06-07,57.72564097522091,57.72564097522091,57.28192213914405,57.53791427612305,8342400
2017-06-08,57.50378753156762,57.853643054443964,57.46112000092133,57.72564697265625,7040100
2017-06-09,57.78537334392382,58.03283068107319,57.64884246405492,57.94750213623047,10433700
2017-06-12,58.08403119774847,58.23762519493236,57.77684320338069,58.160831451416016,13889200
2017-06-13,58.24614435584533,58.42533621939638,58.16081582703285,58.39973831176758,6723500
2017-06-14,58.536266575073505,58.536266575073505,58.14375010813599,58.34001159667969,8892800
2017-06-15,57.99869169584847,58.68986129760742,57.98162208263346,58.68986129760742,20188100
2017-06-16,58.80474849122082,58.91620650032698,58.66757795665714,58.88191223144531,12871600
2017-06-19,59.1734082221381,59.319160511251035,59.001943405605026,59.24199676513672,6867000
2017-06-20,59.1134079919098,59.16485268104946,58.59900688726773,58.607582092285156,7242800
2017-06-21,58.69330637438888,58.70188157821629,58.14461106678731,58.213199615478516,7530200
2017-06-22,58.204614002589786,58.29034640263976,58.093162536621094,58.093162536621094,6921700
2017-06-23,58.14460659122005,58.43610463023815,58.01600470756393,58.30750274658203,6979300
2017-06-26,58.478966946658886,58.74473937336862,58.28178306263665,58.32464599609375,7161700
2017-06-27,58.25605681752756,58.31607015648319,57.870257715807526,57.88740158081055,7417200
2017-06-28,58.16174134783987,58.54754693838694,58.14459748515361,58.410369873046875,7314300
2017-06-29,58.4703841187922,58.52182878958093,57.58732800497623,57.91312026977539,9543600
2017-06-30,58.136026691697666,58.67615325122806,58.136026691697666,58.39323043823242,6748500
2017-07-03,58.65901116890871,58.95907788846452,58.57327875488761,58.753318786621094,5553100
2017-07-05,58.90763139436599,59.00193899870432,58.659002850288864,58.924781799316406,7236000
2017-07-06,58.77902505994519,58.856188794439596,58.34178788133933,58.410369873046875,5599900
2017-07-07,58.556108126260355,59.04478985789614,58.50466346858859,58.864749908447266,4166700
2017-07-10,58.82189772411136,59.31057959925285,58.75330918771466,59.036231994628906,7919500
2017-07-11,59.03622893114885,59.079098399412935,58.57326614593926,58.98479080200195,7683500
2017-07-12,59.319148779300576,59.58492115465228,59.241985048447454,59.31057357788086,5821800
2017-07-13,59.370586803983265,59.4991886612096,59.130533492340604,59.267704010009766,3938800
2017-07-14,59.362002432332766,59.65350036641264,59.25055099513346,59.524898529052734,5519200
2017-07-17,59.48204445712519,59.58492726182028,59.31915485922819,59.49061965942383,5113400
2017-07-18,59.39633661061649,59.473500381276914,59.182002251287784,59.35347366333008,6891100
2017-07-19,59.25057886328389,59.41347503662109,59.15627124092702,59.413475036621094,8864600
2017-07-20,59.46490447329041,59.49919874375965,59.00194163340067,59.079105377197266,7428000
2017-07-21,58.787599931569986,58.99335898746188,58.59040953649185,58.9676399230957,7600500
2017-07-24,58.90763120122502,58.99336360280705,58.75331026199219,58.83904266357422,7551700
2017-07-25,59.13912853762354,59.13912853762354,58.59042665994584,58.761898040771484,9077100
2017-07-26,58.93335026760334,58.93335026760334,58.70187212923557,58.83904266357422,6804000
2017-07-27,58.77902440551077,58.77902440551077,58.221760571418066,58.504676818847656,9900900
2017-07-28,58.444674345988844,58.68472771129369,58.3160724600145,58.64186477661133,11435700
2017-07-31,58.9162163038249,58.94193537452499,58.54756102820749,58.56470489501953,6787300
2017-08-01,58.616139915831674,58.71901618167519,58.22176563451791,58.39323043823242,16893700
2017-08-02,58.39324403901707,58.66759171343834,58.298936412719335,58.650447845458984,17642900
2017-08-03,58.538971780594444,58.94192123413086,58.538971780594444,58.94192123413086,13298800
2017-08-04,58.91620471373653,59.07910085074399,58.813321910211386,59.053375244140625,12746000
2017-08-07,59.01051231506056,59.13053898202518,58.91620471373653,59.053375244140625,7753100
2017-08-08,58.96765585822017,59.21628444921882,58.78761581804134,58.873348236083984,9136500
2017-08-09,58.75332201225414,58.967656329556085,58.72760294073219,58.890499114990234,8088200
2017-08-10,58.62470658137584,58.779027515850004,58.11030564678288,58.14459991455078,10779700
2017-08-11,58.17033409734664,58.453256974235266,58.110320748397335,58.17890930175781,10501200
2017-08-14,58.564707206597106,58.85620528161983,58.50469385894013,58.78761672973633,6680900
2017-08-15,58.753307997122185,58.83047173424551,58.56469279633484,58.659000396728516,5055000
2017-08-16,58.658988054148324,58.95905465546194,58.658988054148324,58.82188415527344,7725800
2017-08-17,58.50469401006852,58.66759018597155,57.767383427827085,57.80167770385742,10766200
2017-08-18,57.51017328062762,57.96456088951068,57.441584743938094,57.570186614990234,14111100
2017-08-21,57.630203105265515,57.70736030754431,57.39871841650266,57.66449737548828,7447300
2017-08-22,57.81882021094123,58.376084132627646,57.81882021094123,58.32464599609375,6559200
2017-08-23,58.08460863039743,58.08460863039743,57.77596664428711,57.77596664428711,7027100
2017-08-24,57.92171022102692,57.938860631248,57.570205303074786,57.595924377441406,7917400
2017-08-25,57.86167168582841,58.09315633631605,57.79308969768592,57.87024688720703,7846300
2017-08-28,57.99884505511404,58.058858379023015,57.750216558644944,57.8359489440918,5999200
2017-08-29,57.64734913708724,58.30750241700759,57.51017859200263,58.25605773925781,8150200
2017-08-30,58.298918611931086,58.52182807338738,58.17889194983058,58.49610900878906,5463300
2017-08-31,58.6075583179473,58.81331736814435,58.50467552236764,58.69329071044922,8635000
2017-09-01,58.821887999611846,58.98478411138312,58.74472427368164,58.74472427368164,14501900
2017-09-05,58.59041255266237,58.65900108847802,58.02457348459026,58.153175354003906,16031100
2017-09-06,58.27321296034231,58.40181485389731,58.15318627061472,58.213199615478516,19701400
2017-09-07,58.25606530877219,58.333229064941406,57.99029284622517,58.333229064941406,13887000
2017-09-08,58.050311569909745,58.616157364338605,57.96457914253217,58.530418395996094,8067000
2017-09-11,58.75330918771466,59.05337585824665,58.75330918771466,59.036231994628906,8005600
2017-09-12,59.173408172435266,59.3363043266793,59.07053189898723,59.31916046142578,7606200
2017-09-13,59.27629843504376,59.31916791500941,59.10483359710978,59.233428955078125,5528400
2017-09-14,59.147667979163195,59.53347348969124,59.07051080163427,59.51632308959961,6864900
2017-09-15,59.555961007683955,59.78849765543299,59.426771060768424,59.76266098022461,9989800
2017-09-18,59.89186412984312,60.15885192701663,59.84019076803538,60.09856414794922,6143700
2017-09-19,60.150233392167934,60.23636441711821,60.089945617227535,60.15884780883789,7160000
2017-09-20,60.19327243847145,60.61528667750029,60.19327243847145,60.59806442260742,6676200
2017-09-21,60.56363913459312,60.83924132635394,60.46028584860485,60.778953552246094,4377700
2017-09-22,60.82201409720497,60.994262988911125,60.76172632802041,60.93397521972656,3533900
2017-09-25,61.002877404758635,61.02009966557964,60.51196083543467,60.93397521972656,6917100
2017-09-26,60.95119748054757,61.04593634224816,60.890909711363015,60.93397521972656,3997800
2017-09-27,61.088996905922976,61.2440235242599,60.84784584870409,61.002872467041016,6943700
2017-09-28,60.916740963478844,61.0200876498024,60.71864886323747,60.968414306640625,6124600
2017-09-29,60.93396237870337,61.157891147430576,60.82200127977609,61.14927673339844,6527200
2017-10-02,61.12346083192204,61.57131195068359,61.02872195799414,61.571311950683594,16764700
2017-10-03,61.605755564078116,61.83829879760742,61.519631117571514,61.83829879760742,11793400
2017-10-04,61.821075439453125,61.92442872693645,61.70911430616885,61.821075439453125,14772500
2017-10-05,61.78660499342132,62.02775601781789,61.674643895200795,61.96746826171875,15061300
2017-10-06,61.872716066455844,62.02774263023286,61.71769607355001,61.95884704589844,4445400
2017-10-09,61.98469028005704,62.10526577900894,61.69185937483679,61.786598205566406,7814000
2017-10-10,62.15695361439262,62.17418244447425,61.76939035891032,61.881351470947266,6264300
2017-10-11,61.803853442219676,61.88136348000883,61.70911457100537,61.8469123840332,7294400
2017-10-12,61.75217333957603,62.24308995682079,61.74356549376229,62.1741943359375,12112100
2017-10-13,62.43255488882429,62.544522570176134,62.01054054992626,62.06221389770508,5759000
2017-10-16,62.1138965146974,62.17418428001613,61.94164106316275,62.13111877441406,7215700
2017-10-17,61.95886041861359,62.05359925975119,61.838284906415296,61.96746826171875,5236000
2017-10-18,62.010535093146345,62.174176107876974,61.915796249973106,61.99331283569336,7887700
2017-10-19,61.74355495198567,62.16556930541992,61.62297942243303,62.16556930541992,6962500
2017-10-20,62.18278382190461,62.83734130859375,62.01914937838687,62.83734130859375,9043400
2017-10-23,62.828736829931906,62.83735124543911,62.423951293326155,62.4411735534668,6800600
2017-10-24,62.75123456735486,63.04405902209395,62.71678347193709,62.7943000793457,7921900
2017-10-25,62.75123540744237,62.75123540744237,61.86414104390138,62.1741943359375,11078800
2017-10-26,62.38088666200668,62.553135549325155,62.12250676015512,62.260311126708984,8323300
2017-10-27,62.1741793354562,62.45838930885705,62.13972824788908,62.28614044189453,7534200
2017-10-30,62.17418217275051,62.19140443188346,61.81244902222474,61.85551452636719,9082100
2017-10-31,61.91580427893953,62.079445314890414,61.579914362631435,61.605751037597656,8793300
2017-11-01,61.795240795501805,61.94165302943588,61.53686085372118,61.571311950683594,9104800
2017-11-02,61.53685714316948,61.958878127355774,61.39044491806377,61.9244270324707,6924300
2017-11-03,61.91581673190741,61.98471892625786,61.709116719730986,61.86414337158203,6975000
2017-11-06,61.90719793341902,62.010551217629875,61.81245906561102,61.898590087890625,7134600
2017-11-07,61.89857399252013,62.08804510799386,61.87273075003154,61.99331283569336,5181100
2017-11-08,61.90718731635069,61.95886723503024,61.769389531909624,61.88996505737305,5622700
2017-11-09,61.55408854036921,61.614376316211036,60.865079755712834,61.114845275878906,10442000
2017-11-10,60.985647669769826,61.27847866638183,60.882300964626474,61.20096206665039,5344800
2017-11-13,61.01149640337374,61.1493007986302,60.830633062756064,60.9942741394043,5256800
2017-11-14,60.83061599731445,60.91674700562413,60.641144863303964,60.83061599731445,7062100
2017-11-15,60.54640226151253,60.69281445317497,60.3224734813463,60.486114501953125,10669200
2017-11-16,60.76172194723788,61.13206295149199,60.65836867714131,61.05454635620117,6038900
2017-11-17,60.83923780319614,60.93397666714716,60.67559675257636,60.71866226196289,7745100
2017-11-20,60.7789596999725,61.07179075445487,60.72728633718894,60.9942741394043,6485700
2017-11-21,61.19236633515117,61.44212530260465,61.045947522423845,61.43351745605469,7387900
2017-11-22,61.4765828924567,61.69189735469392,61.40768725840649,61.50242614746094,7037400
2017-11-24,61.657446252230855,61.6660606705656,61.46797504499787,61.50242614746094,3387500
2017-11-27,61.65742438753011,61.68326763336992,61.49378992245282,61.605751037597656,4739300
2017-11-28,61.74355536855301,62.544525146484375,61.6746531880942,62.544525146484375,10065300
2017-11-29,62.56174778242393,63.13018091831747,62.43255783600506,63.09572982788086,12393500
2017-11-30,63.31104469131923,64.30149219348466,63.13018139332142,64.17230224609375,19672700
2017-12-01,64.06034585379527,64.15508472719482,62.66511257441085,63.37995147705078,29693700
2017-12-04,64.04311130158065,64.68044004234625,63.91392135620117,63.91392135620117,19276400
2017-12-05,64.02588510324564,64.20675497673685,63.319654153127175,63.371334075927734,16548300
2017-12-06,63.25076149297424,63.69861256261414,63.181859306606825,63.4660758972168,15569300
2017-12-07,63.38856284244465,64.18953273388908,63.371340580326006,64.0517349243164,10918400
2017-12-08,64.37898962467752,64.37898962467752,64.06032202623864,64.32731628417969,6804500
2017-12-11,64.37902161665168,64.44792381880342,64.08619711382035,64.19815826416016,5911600
2017-12-12,64.3101259081023,64.4479303263203,64.2067791653151,64.2670669555664,9259700
2017-12-13,64.43068416188484,64.8613129966968,64.16369638698129,64.51681518554688,8626600
2017-12-14,64.79242116821956,64.79242116821956,64.06896126654858,64.07757568359375,9214300
2017-12-15,64.46030164873177,64.69410154778343,64.1052645870732,64.52957153320312,8935000
2017-12-18,64.8673252913968,65.06648704476157,64.81536459378471,64.98855590820312,6017300
2017-12-19,65.18767466268282,65.30890519952347,64.83264426381204,65.00582885742188,6211600
2017-12-20,65.3695434323692,65.4474811514714,65.12708227351094,65.22233581542969,5778900
2017-12-21,65.46479908215906,65.52541437382536,65.10976854713402,65.2742919921875,9456400
2017-12-22,65.41281836354656,65.41281836354656,65.11839663353123,65.29158782958984,3730500
2017-12-26,65.36956311902993,65.57739269484493,65.22235545775744,65.36090850830078,4983900
2017-12-27,65.41284701663174,65.54273881893063,65.32625468395631,65.51676177978516,4730300
2017-12-28,65.69857473352782,65.7072293378578,65.40415302210398,65.64661407470703,4629600
2017-12-29,65.78521242566644,65.81118946972127,65.46481346698714,65.52542877197266,4825900
2018-01-02,65.74187836652617,65.92372418582876,65.43880200102186,65.91506958007812,14903900
2018-01-03,66.01899633776762,66.31341818063197,65.86312750485618,66.2701187133789,18155000
2018-01-04,66.55587372360816,66.80699607802262,66.4346431534178,66.75503540039062,16483000
2018-01-05,67.07542864175278,67.24861987508426,66.70307574830262,67.21398162841797,16996200
2018-01-08,67.28323654524635,67.53435882277697,67.19664425113166,67.4910659790039,5727500
2018-01-09,67.57768869726125,68.0972493024293,67.55171165798858,67.92406463623047,8967700
2018-01-10,67.7941594509255,68.14053532152113,67.59499117819769,67.91539001464844,11669500
2018-01-11,68.21846633081718,68.80730332805473,68.04528169904093,68.78132629394531,9448300
2018-01-12,69.09308087564325,69.49141091175692,68.97185028232917,69.42213439941406,7436200
2018-01-16,69.68189612862535,69.79446547089283,68.48689978909012,68.79863739013672,13343700
2018-01-17,68.91986582462576,69.24892584147705,68.70338175314762,69.17964935302734,7814300
2018-01-18,69.17966496294281,69.37017204588132,68.74669672229024,68.80731201171875,7790400
2018-01-19,69.0843931887638,69.09305440113089,68.69472451764602,69.00646209716797,8657700
2018-01-22,68.81595506450796,69.02377791533283,68.49555627261893,69.00646209716797,12175300
2018-01-23,68.99780009357026,69.11036942677424,68.7120395478572,69.04109954833984,8953800
2018-01-24,69.02378449100476,69.34418331341716,68.5561780771745,68.9804916381836,9660000
2018-01-25,69.15366600492113,69.25758072810399,68.46957560874753,69.04975128173828,12499200
2018-01-26,69.25758338063554,69.84642028808594,69.02377689616169,69.84642028808594,8008300
2018-01-29,69.72519157933871,70.10620568516916,69.35283868679625,69.37882232666016,12870300
2018-01-30,68.91985187226685,69.15365832180966,68.51286744979764,68.83325958251953,16742400
2018-01-31,69.46540645749093,69.7251833664007,68.81595427536266,69.04109954833984,15988100
2018-02-01,68.59948385328826,69.5087131250951,68.50423031911271,68.91987609863281,14169300
2018-02-02,68.50422919906521,68.61679855280919,67.51706223063199,67.53437805175781,17929500
2018-02-05,66.82430382693833,67.698901354718,64.03598783625624,64.46895599365234,30309100
2018-02-06,63.256635179132836,65.83712107505748,62.90159820455824,65.64661407470703,31980600
2018-02-07,65.5946605737988,66.8069724535721,65.36951533453147,65.7678451538086,22666800
2018-02-08,65.84581835997707,65.94973312798079,63.20470914738617,63.23068618774414,27282100
2018-02-09,63.96672508144311,64.45164735767118,61.905792194332804,63.914764404296875,40362500
2018-02-12,64.43432928301084,65.41283501520054,64.00136109249976,64.94522857666016,20776900
2018-02-13,64.58152329915666,65.27426829433122,64.50358560584029,65.09242248535156,12974600
2018-02-14,64.77203399691234,65.99300067124955,64.70275751149155,65.91506958007812,13482800
2018-02-15,66.43465044108663,66.9109115600586,65.87179038541858,66.9109115600586,10800400
2018-02-16,66.75505424771319,67.60367508521203,66.7031001619833,66.9282455444336,11161700
2018-02-20,66.61649938440453,66.9195758570854,66.01900104785398,66.2528076171875,11838900
2018-02-21,66.32207278882568,67.48243112418226,66.25280289042037,66.2701187133789,8650500
2018-02-22,66.56454621455487,67.31790679885691,66.50393091919067,66.71175384521484,10545200
2018-02-23,67.02347667747604,67.30057605292863,66.65112377234567,67.26593780517578,6603300
2018-02-26,67.58631411859292,68.30503604859483,67.34384646512612,68.19246673583984,8623300
2018-02-27,68.2184494223813,68.65141750107787,67.32653623731733,67.33519744873047,11019300
2018-02-28,67.68158141365338,67.776828324436,66.37401580810547,66.37401580810547,16203900
2018-03-01,66.40000059725567,66.88492284656579,64.72874315194596,65.07511901855469,35549400
2018-03-02,64.51227029687618,65.24831501250614,64.0619862164605,65.05780792236328,27076400
2018-03-05,64.65081431338143,66.00167297321241,64.40834657366912,65.83714294433594,23038400
2018-03-06,66.18352298146606,66.3047535556541,65.6293241833005,66.1315689086914,18536300
2018-03-07,65.31761097191225,66.27014009973473,65.15308087113966,66.12293243408203,13625400
2018-03-08,66.39999993427858,66.52989170878121,65.82847876909507,66.46927642822266,10849100
2018-03-09,66.91091854117037,67.93272399902344,66.70309560587354,67.93272399902344,13092600
2018-03-12,68.0453024154069,68.0453024154069,66.90226632060418,67.0927734375,11093600
2018-03-13,67.28326296787006,67.62963888692174,66.63381059711236,66.76370239257812,11518800
2018-03-14,67.14472903838515,67.14472903838515,65.8458240555583,66.03633117675781,11626200
2018-03-15,66.2441453527283,66.60783711418573,65.80251586720343,66.2268295288086,8362700
2018-03-16,66.15465709979735,66.81542307610484,66.15465709979735,66.58068084716797,10840000
2018-03-19,66.38940870186913,66.41549043580547,65.52867831598091,66.06771850585938,10845700
2018-03-20,66.19812477351945,66.68500142907266,66.15465080076065,66.29376220703125,7111800
2018-03-21,66.30244496263639,67.05884152386442,66.09377789529466,66.37199401855469,13818700
2018-03-22,65.7112532126453,65.93729931556526,64.0941194719543,64.18106079101562,18793900
2018-03-23,64.27668869737606,64.7722614390314,63.1899057873252,63.242069244384766,15457100
2018-03-26,64.2940981503773,64.85922679983489,63.58116856230432,64.77228546142578,12197000
2018-03-27,65.0765568450268,65.4243286896175,63.502897373919254,63.87675094604492,14726000
2018-03-28,64.0940910877483,64.17233625029321,63.155109338042166,63.65937805175781,21892300
2018-03-29,63.99847335675329,65.07656016002558,63.902835928789166,64.58968353271484,14051800
2018-04-02,64.39840679767096,64.51142983051398,62.407419743090564,63.25946044921875,27498800
2018-04-03,63.58115608451927,64.18106247824883,63.14644284458716,64.13758850097656,20149100
2018-04-04,62.76389706619508,64.48535770938642,62.607400041068836,64.41580200195312,19987600
2018-04-05,64.77227688505384,65.22437576483902,64.58100198596078,65.06787872314453,16496100
2018-04-06,64.42450057934624,64.81574647367363,62.694343748478126,63.26816177368164,18353400
2018-04-09,63.62461759573604,64.09410859885844,62.972547863598756,63.076881408691406,10279200
2018-04-10,64.02455417000812,64.41579336375966,63.589841006641315,64.04194641113281,18459100
2018-04-11,63.46811900269043,64.07671475080762,63.45942288251842,63.572452545166016,10633900
2018-04-12,63.99848249506293,64.74618978416719,63.95500851861833,64.48535919189453,8921500
2018-04-13,64.92008303770457,64.95486089790678,64.0158785720427,64.32887268066406,9904100
2018-04-16,64.79834737647994,65.17220098714861,64.69402045558434,64.97223663330078,8232700
2018-04-17,65.4765074061219,65.78950147588738,65.293928637625,65.51998138427734,8676800
2018-04-18,65.94600848696213,66.43289190980647,65.8503710271105,66.1981430053711,10138200
2018-04-19,66.11117850299935,66.28506111459983,65.57213179392356,66.01554107666016,12515200
2018-04-20,66.29374312433602,66.38068441163057,65.49387266811412,65.7286148071289,11612800
2018-04-23,65.98080094676492,65.99819319778541,65.33742695621159,65.65042114257812,14427800
2018-04-24,65.98076876747633,66.11118405372464,63.016028201629666,63.81589889526367,21104800
2018-04-25,63.885454891563334,64.19844229351668,63.0160284901894,63.998477935791016,14949200
2018-04-26,63.92893370808998,64.09412687662918,63.18992246089593,63.76374053955078,19955400
2018-04-27,63.46810769339821,63.75501990918448,63.22466943752925,63.63330078125,11555800
2018-04-30,63.80717822609755,63.92889734424899,62.78125520653938,62.78995132446289,15867500
2018-05-01,62.6943265916021,62.720408317446896,61.54668422206029,62.5030517578125,21829500
2018-05-02,62.259646989170555,63.45945345630537,61.88579324001126,61.95534896850586,14789300
2018-05-03,61.651042875051075,62.42483201193282,60.8859432281938,62.10314178466797,25826600
2018-05-04,61.642347357997934,63.033428593419906,61.572791637927196,62.82476806640625,11695500
2018-05-07,63.03340878295001,63.42464797728974,62.95516359736066,63.242069244384766,11812600
2018-05-08,63.207307599903935,63.78113230745806,63.076898923821794,63.694190979003906,10341600
2018-05-09,63.89413635806766,64.58968004512339,63.82458729591905,64.38101959228516,14973400
2018-05-10,64.62446761829023,64.95484727110343,64.51143793804574,64.81574249267578,7213700
2018-05-11,64.90268577881965,65.23306544166333,64.78096660655105,64.95484924316406,8060000
2018-05-14,65.11133981316826,65.32869640398087,64.69401887339824,64.8418197631836,5856600
2018-05-15,64.49404304166784,64.67662176823796,64.34624216299625,64.62445831298828,10180500
2018-05-16,64.61578402775291,65.07657906002744,64.54622830845149,64.85922241210938,6281300
2018-05-17,64.83311960082511,65.38955190796393,64.7896456320939,65.11133575439453,7519500
2018-05-18,65.11135430616544,65.61562330106206,65.08527257077394,65.49390411376953,7482900
2018-05-21,66.1633485970766,66.78064055333788,66.07640728255478,66.48503875732422,13744100
2018-05-22,66.59804082907458,66.66759651206563,65.64167340413023,65.66775512695312,8754900
2018-05-23,65.2678425541793,65.60691833496094,65.00701196902543,65.60691833496094,12909000
2018-05-24,65.44170569547629,66.0242262777096,65.36346052315567,65.9285888671875,9371800
2018-05-25,65.79819627292405,66.02424901502349,65.61561750810444,65.80689239501953,8111800
2018-05-29,65.25913740709383,65.42433053039143,64.45057066477908,64.75487518310547,18470400
2018-05-30,65.18087861240582,65.73731080994418,64.96352207795506,65.66775512695312,11431700
2018-05-31,65.53737212265638,65.58084610421284,64.52014463293902,64.7201156616211,14117000
2018-06-01,65.09395342783846,65.54605221272787,65.05047945691595,65.43302917480469,9717100
2018-06-04,65.65038874626974,65.94599053574603,65.24175728053739,65.33739471435547,8788700
2018-06-05,65.33740421130928,65.5460647185158,65.13743319338784,65.4156494140625,7906100
2018-06-06,65.56346633462489,66.03295088464463,65.35479916439515,65.9634017944336,6751900
2018-06-07,66.11987325498629,66.32853371122728,65.82426486154826,66.24159240722656,9952400
2018-06-08,66.14596742697289,66.54590280717349,66.00685600784351,66.4589614868164,6557900
2018-06-11,66.46766678224274,66.78935704058219,66.3807254412102,66.58938598632812,5225300
2018-06-12,66.69369615861066,66.7545557392849,66.35462040439754,66.51981353759766,5802800
2018-06-13,66.54589616069934,66.58936349993766,65.94598983371712,65.98946380615234,8553700
2018-06-14,66.19814553355127,66.38072433664124,65.5634677846955,65.73735046386719,10501500
2018-06-15,65.30261937016743,65.69543421587342,64.84870754067789,65.57322692871094,14757400
2018-06-18,65.07566734727625,65.41610288728263,64.89234975515184,65.30261993408203,8330300
2018-06-19,64.55191169881407,64.5955600113894,63.67899872568719,63.92341995239258,17955400
2018-06-20,64.14165432569496,64.17656498733469,63.74010845905907,63.96706771850586,11975900
2018-06-21,63.731384845900905,63.84486114701143,62.945761754140676,63.16399002075195,15497800
2018-06-22,63.60918815116503,63.79249912649527,63.31239419601181,63.38222885131836,13643900
2018-06-25,62.884665616653606,63.041790253772184,62.16887708306872,62.57914733886719,23091500
2018-06-26,62.8584561982678,63.129057050654545,62.675145298928726,62.8148078918457,11342100
2018-06-27,63.06795404064529,63.731369677995815,62.28233113586133,62.30851745605469,19853200
2018-06-28,62.18632051643881,62.67515632715433,61.81969865325044,62.39582443237305,15329800
2018-06-29,62.65769456961543,63.22508935605908,62.500569961981775,62.526756286621094,14908000
2018-07-02,62.03793293766998,62.675162422631104,61.880808315336985,62.66643142700195,14098700
2018-07-03,62.91082459528539,63.19888741473196,62.299788305364864,62.46563720703125,7083300
2018-07-05,62.68388637775139,62.814824672200025,62.16887085533129,62.771183013916016,8465700
2018-07-06,62.71878382817134,63.181426550145616,62.352162047715815,62.9893913269043,9757500
2018-07-09,63.268742616615434,64.17656635414083,63.207638967747414,64.15911102294922,13034000
2018-07-10,64.18529194383568,64.50827215196368,64.01943634239188,64.35987854003906,9880400
2018-07-11,63.80121390692309,63.80994490247843,63.163991087146925,63.303653717041016,14208000
2018-07-12,63.775016243569986,64.11545175193233,63.38220809078177,64.04562377929688,12705600
2018-07-13,64.01943706332753,64.49081088868839,63.9845264034914,64.37733459472656,18494200
2018-07-16,64.49954714433807,64.64794077003724,63.94961429979499,64.11546325683594,9576100
2018-07-17,64.06307314488356,64.44715692771722,63.88849323984817,64.36859130859375,7326000
2018-07-18,64.59555593671257,65.25897161918414,64.51699697078942,65.0756607055664,13821300
2018-07-19,64.83126357176116,65.18916119778834,64.5693935949652,65.04949188232422,8790000
2018-07-20,64.9621904135373,65.22406700386844,64.7003204830045,64.97965240478516,7922400
2018-07-23,64.8225319855362,64.84871831430753,64.45590340334132,64.57811737060547,7822000
2018-07-24,64.90982038808522,65.22406964528962,64.56065380676938,64.84871673583984,12140400
2018-07-25,64.65664454492178,65.83507537841797,64.55189262157715,65.83507537841797,17949600
2018-07-26,65.6954311627426,66.47232316351207,65.68670016840885,66.34138488769531,15115200
2018-07-27,66.47233547795085,66.63818444223251,66.03587891757009,66.35012817382812,11281500
2018-07-30,66.43741700759213,66.77785258603116,65.62560755289942,65.69544219970703,13423600
2018-07-31,66.19296810181666,67.20554331660827,66.07076086313138,67.14443969726562,17709500
2018-08-01,66.89129490927125,66.93494320630086,66.07076153543433,66.23661041259766,14214600
2018-08-02,65.76526155074184,66.23663536509702,65.56449529228169,66.14934539794922,10812400
2018-08-03,66.09698815977032,66.25411280118811,65.80019421051485,66.21046447753906,11021500
2018-08-06,66.1755192635619,66.33264383876585,65.90491841840922,66.30645751953125,5460300
2018-08-07,66.53342510392476,66.87386061646976,66.35011418638491,66.77783966064453,8381900
2018-08-08,66.73417980181843,66.78655909762092,66.39374434818436,66.48104095458984,4745200
2018-08-09,66.46358450510084,66.63816441286039,66.07077638274356,66.11441802978516,13085900
2018-08-10,65.73034443172887,65.84382071188877,65.34626062226933,65.52957153320312,10684800
2018-08-13,65.80015907277465,65.82635204885635,65.04072926129533,65.2153091430664,13471800
2018-08-14,65.4684623479813,65.93110508300629,65.41608970923777,65.66923522949219,8500500
2018-08-15,65.12802889024454,65.45973337887023,64.58682052057428,65.35498809814453,20329400
2018-08-16,65.87000072931961,66.34137445223473,65.68668983592978,66.18424987792969,10447200
2018-08-17,66.027151534614,66.72548473335536,66.00096520512602,66.5858154296875,13993100
2018-08-20,66.72547997474416,67.16193652788131,66.69056265131736,67.03099822998047,8239300
2018-08-21,67.10956319445555,67.61585443957307,67.10956319445555,67.528564453125,10034000
2018-08-22,67.353960333866,67.43251929556618,66.87385559082031,66.87385559082031,7149700
2018-08-23,66.90879063123191,66.90879063123191,66.5247067350386,66.68183135986328,8336500
2018-08-24,66.8389332681777,67.01351316540476,66.65562237815043,66.9698715209961,6411600
2018-08-27,67.30157497416087,67.83405231040413,67.22301601953289,67.81659698486328,9767500
2018-08-28,67.94751882551205,68.01735343724646,67.62454540088193,67.67691802978516,8440600
2018-08-29,67.72929382324219,67.85150772938522,67.52852762986919,67.72929382324219,6339000
2018-08-30,67.58091571327398,67.74677129686586,67.09208661611515,67.25794219970703,10145600
2018-08-31,67.09211553062035,67.42382018096096,67.03101186714181,67.3016128540039,7192400
2018-09-04,67.0484336578157,67.30157918266237,66.90877106536722,67.24920654296875,8597700
2018-09-05,67.13571957515126,67.74675580688924,66.96113303765796,67.72929382324219,10761300
2018-09-06,67.77294906380828,68.13957084040014,67.65074180494433,67.93880462646484,8083000
2018-09-07,67.75548679871277,68.04354293093469,67.37140307602293,67.72929382324219,11039700
2018-09-10,67.99121647160004,68.34911412165873,67.99121647160004,68.07850646972656,9550200
2018-09-11,67.78168803577528,68.2617861350304,67.62456344733978,68.06101989746094,6945600
2018-09-12,68.02610090143338,68.54984729667825,67.88643164414314,68.27051544189453,10906200
2018-09-13,68.60224337198404,68.92522364494641,68.42766340053355,68.6808090209961,8849000
2018-09-14,68.6982523882752,69.07360525533348,68.47129979688022,69.02123260498047,8478500
2018-09-17,68.98632066629521,69.3442182310873,68.92521701618416,69.04742431640625,8368500
2018-09-18,69.20452200503554,69.83302025287878,68.89900387338835,69.67589569091797,8691000
2018-09-19,69.60606850630481,70.05125592270615,69.52750954683214,69.61479949951172,7938300
2018-09-20,69.93780225674622,70.19094786320082,69.43151104383705,69.71957397460938,11466900
2018-09-21,69.95112762451171,70.17041015625,69.84586960016749,70.17041015625,15133900
2018-09-24,69.73184030841267,69.81955197669566,68.89856942176735,68.96873474121094,11999600
2018-09-25,69.05647517333576,69.14418686965321,68.68807534164493,68.75824737548828,12369600
2018-09-26,68.90735572724635,69.15295114587929,68.58282179204139,68.71438598632812,11426200
2018-09-27,68.88978959960326,69.13538492388463,68.58279544425156,68.81084442138672,8504200
2018-09-28,68.65296709994173,68.9248819700653,68.53016942645547,68.76699829101562,7545400
2018-10-01,69.60905179709705,69.77570867315178,69.1266275200819,69.37222290039062,16832100
2018-10-02,69.3371349665685,69.65290232829334,69.117852448258,69.53009796142578,8523700
2018-10-03,69.81956481933594,70.18795790906964,69.67045428663027,69.81956481933594,10534900
2018-10-04,69.67043687985056,69.95111821504085,69.06521503223331,69.59149169921875,12520900
2018-10-05,69.63535156366342,69.95111890536506,68.87224603922262,69.23187255859375,14165500
2018-10-08,69.20558189407257,69.46871696845402,68.68807153810144,69.40731811523438,9359700
2018-10-09,69.20554538441118,69.31079668184877,68.32841554859347,68.33718872070312,11606800
2018-10-10,68.21439085411042,68.21439085411042,65.95140074905586,66.1355972290039,34050400
2018-10-11,65.7058087757732,66.28471107183951,64.20591064930338,64.3901138305664,54550500
2018-10-12,65.52160812478228,65.61809295984774,64.0743489827419,64.81990814208984,29409800
2018-10-15,64.7760311930803,65.46019133258258,64.72340554910903,64.94268798828125,15201200
2018-10-16,65.18832136181139,66.10053764513164,64.90763994324922,66.03913879394531,12547300
2018-10-17,66.05666554840899,66.26718159017867,65.2058482825117,65.55670166015625,15610600
2018-10-18,65.1532055540717,65.41634719137978,64.03048039323428,64.42518615722656,19139300
2018-10-19,64.39013554325433,64.81115432018672,63.96033689800431,64.18839263916016,17152400
2018-10-22,64.28487216933223,64.4427558705755,63.670877023620754,63.9691047668457,13675500
2018-10-23,62.486751083528844,63.37265442396904,61.98678715713628,62.91654968261719,25139900
2018-10-24,63.10951937689408,63.28494944365158,60.67109833073357,60.78512954711914,22170900
2018-10-25,61.048251744546825,61.6710132933621,60.74125755738034,61.214908599853516,23871500
2018-10-26,60.59214052067839,61.276300833191115,59.7500965443573,60.60968017578125,34330800
2018-10-29,61.451723625444295,61.59206763294702,58.758934882213815,59.60097885131836,23645600
2018-10-30,59.53959326267447,60.8991476968479,59.30277106230746,60.828975677490234,23445800
2018-10-31,61.40787732093352,62.04817851667261,61.258760124965065,61.293846130371094,14205500
2018-11-01,61.54823323840414,62.583247288561104,61.416662351389384,62.372737884521484,22653800
2018-11-02,62.934095997861746,63.09197971194644,61.88154236527896,62.26747512817383,23216400
2018-11-05,62.328849772621666,62.837586730652724,62.15342646597588,62.59199142456055,17524400
2018-11-06,62.53060859312343,63.29371422536946,62.44289691736424,63.249855041503906,15588600
2018-11-07,63.846293076525306,64.32871055812012,63.153359578117794,64.27608489990234,14217700
2018-11-08,64.13577427312289,64.50416741790927,63.90771850598075,64.17086029052734,11967400
2018-11-09,63.723521030913865,63.94280361760526,63.07444644805991,63.52177810668945,23409100
2018-11-12,63.477919166814104,63.52177166452093,62.17099026445691,62.26747512817383,10822300
2018-11-13,62.32885136520238,63.346325307262234,62.15342805407431,62.548133850097656,16032200
2018-11-14,62.969138947142746,63.39015743545572,61.92535251275447,62.33760452270508,18374100
2018-11-15,61.86396946484159,63.49543157961412,61.63591382192448,63.16212463378906,24411600
2018-11-16,62.977957339807666,63.451601806275725,62.59201787175056,63.14460754394531,15156000
2018-11-19,63.03932958372097,63.109494891227946,61.89905801411258,62.1446533203125,14365300
2018-11-20,61.118427358738415,61.451734397025284,60.59215062229586,60.85528564453125,18024900
2018-11-21,61.32016596163709,61.7674974758772,61.17104876491907,61.28507995605469,10846000
2018-11-23,60.82897871784617,61.58331123371394,60.82020554199494,61.16229248046875,6205500
2018-11-26,61.6359281577748,61.978015047701135,61.1622838005846,61.609615325927734,12896300
2018-11-27,61.32016369545279,61.574525515575026,60.899138335995,61.50436019897461,14430900
2018-11-28,61.83768660403763,62.97795867919922,61.38158178915689,62.97795867919922,14139400
2018-11-29,62.83759242452897,63.31124342575556,62.39025425248649,63.01301574707031,12997900
2018-11-30,62.94283115484963,63.72347607740988,62.80248718622503,63.626991271972656,16428000
2018-12-03,64.82869227667022,65.31110984159109,64.09189947450413,64.36380767822266,19554600
2018-12-04,64.15327933755967,64.15327933755967,61.539436024339665,61.62714767456055,20580300
2018-12-06,60.48688838599062,61.2938464384718,59.469420991986354,61.28507995605469,28325800
2018-12-07,61.13597127044884,61.83767809584305,59.46942927108903,59.671165466308594,19238300
2018-12-10,59.609768789238146,60.03079423818356,58.50458284123238,59.82027816772461,25360000
2018-12-11,60.785132087293626,60.90792979316912,59.10981001260595,59.46943664550781,18475700
2018-12-12,60.25881604944799,60.69738096011928,59.75885231896149,59.802711486816406,14776400
2018-12-13,60.25883178419686,60.35531662509616,59.399248082330054,59.636070251464844,15917800
2018-12-14,58.995773364236435,59.59222210966626,58.61860714739152,58.81157684326172,14806200
2018-12-17,58.6624489600055,59.03084862686939,57.487098032877796,57.846717834472656,19796800
2018-12-18,58.44317506859029,58.89051328503519,57.80287385498489,58.13618087768555,15665200
2018-12-19,58.06601269322104,59.29399622977273,56.65383262998239,57.039772033691406,23552900
2018-12-20,56.66260049666394,57.171337537169464,55.37322158466583,55.9959831237793,25709900
2018-12-21,56.13896548659186,56.67732113637554,54.81514144285833,54.938697814941406,28744200
2018-12-24,54.42680997797792,54.673926054338274,53.20889445159587,53.253021240234375,15800200
2018-12-26,53.46483514841036,55.794764628325005,52.88234941177348,55.73298645019531,17549000
2018-12-27,54.91221251417982,56.45667362016642,54.30325140915825,56.43019485473633,13980700
2018-12-28,56.633199663928146,57.10094982048158,56.08601991789779,56.280181884765625,15917200
2018-12-31,56.61553652716048,56.95973020081618,56.24486408630631,56.845001220703125,10068900
2019-01-02,56.00657610505743,57.180368255159365,55.680033816429116,57.13623809814453,14687500
2019-01-03,56.73910043066698,56.73910043066698,55.15051222048956,55.39762496948242,25976200
2019-01-04,56.209556828254705,57.6039828009965,56.209556828254705,57.49808120727539,19883600
2019-01-07,57.73636707913956,58.34532818212909,57.189190884166756,57.9658317565918,15193100
2019-01-08,58.7601318359375,59.12197353422503,58.2041214881865,58.7601318359375,23069500
2019-01-09,58.98958203079065,59.43085660636502,58.777772119843334,59.15726852416992,10036600
2019-01-10,58.94547036947744,60.03100227123524,58.68070287800055,59.96040344238281,8900400
2019-01-11,59.55443831160933,59.933934834647566,59.342621601087224,59.89863204956055,10691300
2019-01-14,59.45734993054474,60.16338534439517,59.27201538190961,59.88979721069336,10105500
2019-01-15,59.83684005956256,60.09277340911462,59.369083315020816,59.7044563293457,12517400
2019-01-16,59.783883373626956,60.06629885987248,59.67798177460758,59.7662353515625,12029900
2019-01-17,59.519130609280396,61.125370164790624,59.43969766606761,60.78999710083008,22922500
2019-01-18,61.319531066308855,62.16677762416433,61.13418977970934,61.94614028930664,20020200
2019-01-22,61.41658146899703,61.43423621959308,60.26044443759223,60.66641616821289,15935300
2019-01-23,61.0636012291821,61.38131958352652,60.07514337863076,60.754703521728516,13243800
2019-01-24,60.97531544600957,61.33716381706567,60.71938212662284,61.063575744628906,10361800
2019-01-25,61.64607091427557,62.09617296929771,61.478391115986696,61.840232849121094,13065900
2019-01-28,60.95769654952861,61.28424230381113,60.70175637454804,61.248939514160156,13144000
2019-01-29,61.513675197456195,62.21088985816168,61.49602717650234,62.096160888671875,12384000
2019-01-30,62.74042137221867,63.367037249274055,62.03438602996945,63.06696701049805,16892500
2019-01-31,63.18169415795158,63.64062351378487,62.92576081461371,63.340553283691406,13867100
2019-02-01,63.52587854026284,63.90537487097871,63.26993852807638,63.437618255615234,11845000
2019-02-04,63.52589684564704,64.29371037014232,63.35821033647391,64.25840759277344,7688400
2019-02-05,64.36432058006012,64.84972538734405,64.1613312788368,64.81442260742188,9079100
2019-02-06,64.70849019169121,65.14093730153371,64.61140926635512,64.83204650878906,15557600
2019-02-07,64.41728351206609,64.7614772644677,63.896582560136814,64.39080810546875,15611400
2019-02-08,63.984816492021714,64.48786926269531,63.67592562113722,64.48786926269531,15977000
2019-02-11,64.67318742490406,64.99090559267407,64.63788465811692,64.83204650878906,7909800
2019-02-12,65.32628515989741,65.97937637928014,65.19390817396977,65.83816528320312,8909700
2019-02-13,66.07645447293432,66.429468731261,65.8999406104556,66.22648620605469,8134200
2019-02-14,65.84698174393989,66.19117531692274,65.6704746364206,65.91758728027344,11703600
2019-02-15,66.3235858062455,66.80898391466194,66.18237467653488,66.80016326904297,9593200
2019-02-19,66.59716774494208,66.98549158212785,66.38535780343923,66.773681640625,7994800
2019-02-20,66.74718366007866,67.12668002905626,66.66775747586512,67.09137725830078,8911400
2019-02-21,66.93253904937514,67.10022557947781,66.59717272248693,66.81781005859375,6782700
2019-02-22,67.05607359917965,67.29435885805152,66.79130621526488,67.2590560913086,9816900
2019-02-25,67.9562967631963,68.07102574932192,67.497374085377,67.52384948730469,10108500
2019-02-26,67.34732925022526,72.9515222193842,67.32085385078811,67.33850860595703,11730800
2019-02-27,67.22376744939841,67.66504202643263,66.97665476358975,67.60326385498047,8033300
2019-02-28,67.61209423790842,67.64739701363861,67.32967876538284,67.3738021850586,8531300
2019-03-01,67.87685192575825,68.04453166971248,67.08255641937102,67.43557739257812,12786600
2019-03-04,67.75329501489463,68.0445378492386,66.6148125412148,67.13551330566406,19150400
2019-03-05,67.17082160302132,67.32085335426945,66.68541683919958,66.70307159423828,13820500
2019-03-06,66.60598997145156,66.72954632221489,66.05880703713107,66.07646179199219,18468400
2019-03-07,65.90879366241222,66.01470202115723,65.10567042522807,65.67932891845703,19104700
2019-03-08,65.05271056306698,65.57341817114708,64.96445697638204,65.54693603515625,14341300
2019-03-11,64.61143295994596,66.1294188218807,64.46140119606832,66.10294342041016,15298200
2019-03-12,66.01467730190373,66.09410349123279,65.43219164689545,65.55574798583984,17995800
2019-03-13,65.79405111905766,66.35005473809802,65.71461818301383,66.1294174194336,13387900
2019-03-14,66.12057760093299,66.28826408622946,65.74108121489884,65.90876770019531,9636500
2019-03-15,65.9868951802634,66.14667002362044,65.55195518473057,65.67622375488281,24900000
2019-03-18,65.57856785780153,66.36856362847357,65.50756210012929,66.3153076171875,10313900
2019-03-19,66.5372133228372,66.76800064693074,65.82710837719686,66.07564544677734,10778100
2019-03-20,65.90699868206416,66.15553577537187,65.25902116983082,65.62295532226562,11259400
2019-03-21,65.42767932088762,66.3952065345062,65.37442330308181,66.25318145751953,10638600
2019-03-22,65.88036893855202,65.92474669139976,64.70868926375383,64.75306701660156,18004400
2019-03-25,64.77082201136949,65.25014642688936,64.61104720619619,64.90396881103516,12372800
2019-03-26,65.36554097111143,65.60520658056554,64.93947931094765,65.33891296386719,10524000
2019-03-27,65.35667220320667,65.71172815299398,64.9217322200849,65.4099349975586,10556100
2019-03-28,65.59634526815202,65.97802927222939,65.40994239715559,65.88926696777344,10030100
2019-03-29,66.32418489185599,66.65260598608141,66.27092888136052,66.59934997558594,10138800
2019-04-01,67.21181390853425,68.08169358904995,67.16742938984137,67.97518157958984,15531000
2019-04-02,68.01071216597735,68.18823675999181,67.77992477605522,67.94857788085938,10397600
2019-04-03,68.22373979081677,68.31250208360547,67.56689069762571,67.74441528320312,12726000
2019-04-04,67.70890933580385,68.40126470385064,67.70003107484382,68.16160583496094,9236600
2019-04-05,68.41900682798092,68.56990337190301,68.25035376587539,68.35687255859375,7531000
2019-04-08,67.84204051703554,68.08169933065895,67.54911892206347,68.06394958496094,8819100
2019-04-09,67.5935198690218,67.6201478801028,67.0254330588638,67.14082336425781,9814500
2019-04-10,67.19408316874804,67.2650957170473,66.7147653980514,67.12307739257812,13974700
2019-04-11,67.14081895346928,67.77104000545717,67.09643442316411,67.70002746582031,9532200
2019-04-12,68.35689110431478,68.59654998779297,68.11722544870733,68.59654998779297,11175100
2019-04-15,68.49890239849245,68.64092747940845,68.11721845869147,68.21485900878906,7368100
2019-04-16,68.44564672001296,68.72081185049703,68.28587188925123,68.63204956054688,7101600
2019-04-17,69.04034425940502,69.22674705335841,68.70304493303131,68.72079467773438,10363900
2019-04-18,69.00485832736825,69.60845140700083,69.00485832736825,69.51081085205078,13192700
2019-04-22,69.244519250259,69.45755009557021,68.96047586580123,69.29777526855469,6477700
2019-04-23,69.50192592662448,70.04338461862255,69.28888833584885,69.90135955810547,13760500
2019-04-24,69.9013715858288,70.07889616989367,69.67058420884143,69.69721221923828,7718000
2019-04-25,68.91608146777298,68.93383798608131,67.98406064828288,68.29473876953125,12555900
2019-04-26,68.33026019525762,68.80957794189453,68.20598485590735,68.80957794189453,12262600
2019-04-29,68.80958549443697,69.19126949911853,68.72970145193908,68.9693603515625,8759000
2019-04-30,69.25337832264397,69.43090963868212,68.65866365120246,69.2445068359375,9546700
2019-05-01,69.45755167315083,69.67946078392767,68.79182434082031,68.79182434082031,16918700
2019-05-02,68.6231246318633,68.9071678298137,68.17930671180805,68.75627136230469,16360900
2019-05-03,68.99597588857424,69.65282488588853,68.99597588857424,69.59069061279297,12904100
2019-05-06,68.13497662585365,69.04924109691892,68.08171383315914,68.92497253417969,11928800
2019-05-07,68.08170993975789,68.2148567556867,67.0076706962879,67.53137969970703,18355800
2019-05-08,67.40711114407436,68.0018259134776,67.30947059720178,67.53137969970703,16464800
2019-05-09,66.82127498263634,67.54913664552197,66.42184126441863,67.43374633789062,14923700
2019-05-10,66.98992238583736,67.86868055442571,66.20879799408902,67.70002746582031,17419800
2019-05-13,66.12892837892866,66.38634381211969,65.3300540642203,65.77387237548828,20011000
2019-05-14,66.01351824768712,66.96328887792345,65.92474919436592,66.45733642578125,11317900
2019-05-15,65.86260548363505,66.82125423627551,65.71170895001396,66.54608917236328,12290000
2019-05-16,66.84788360235471,67.38047076831909,66.71474358299075,67.15856170654297,7450000
2019-05-17,66.43070598634,67.14081782653247,66.33307221113873,66.41295623779297,16305500
2019-05-20,65.99576373852203,66.49284471817646,65.93362946258124,66.24430084228516,11638300
2019-05-21,66.81237594240277,67.10529752313116,66.63485140554575,67.0254135131836,10612300
2019-05-22,66.79463967537838,66.87452370144493,66.47509002685547,66.47509002685547,9114700
2019-05-23,65.74720091443841,65.84484142016667,65.05484588991109,65.4631576538086,16205600
2019-05-24,65.89811902671075,66.01351608339374,65.31228257234004,65.48980712890625,11127400
2019-05-28,65.56969898531528,65.81823607739766,64.87733695035004,64.88621520996094,11263100
2019-05-29,64.60219338708224,64.8862368401679,63.98085044974802,64.59331512451172,14257100
2019-05-30,64.87732688125642,65.16137696769724,64.61991834164134,64.84182739257812,10103500
2019-05-31,64.14945591831965,64.39799970696696,63.900918901798114,63.95418167114258,13718400
2019-06-03,63.84767102433667,64.74418546691037,63.82992128038174,64.38912963867188,17515000
2019-06-04,65.0105019366321,65.95140132680864,64.89511161793212,65.92476654052734,16424700
2019-06-05,66.27093554353289,66.64374119873409,66.04014818797246,66.56385040283203,12865600
2019-06-06,66.63486046880253,66.85676955612,66.07565200672857,66.67924499511719,11387300
2019-06-07,66.92779435561518,67.48700292017851,66.88340982116591,67.21183776855469,9234300
2019-06-10,67.85093520420115,68.03733805373557,67.28284839453562,67.30059814453125,9513900
2019-06-11,67.70004707160902,67.85982194599814,66.45736112872753,66.72364807128906,11936300
2019-06-12,66.6703728932827,66.90116026160482,66.51059806477178,66.86565399169922,5612300
2019-06-13,66.9810480331051,67.24734168621492,66.80352344578449,67.20295715332031,6987000
2019-06-14,67.12304828717444,67.20293229027538,66.65259543778316,66.9366455078125,5966600
2019-06-17,66.97216607771752,67.07868488751134,66.6526164204646,66.70587921142578,7708800
2019-06-18,67.05204524937174,68.09057806926846,67.05204524937174,68.00181579589844,12506300
2019-06-19,68.11722421353436,68.13498073621331,67.62902819393003,67.94857788085938,11171700
2019-06-20,68.74741834902281,69.17348668844575,68.31247852387081,69.08472442626953,14503200
2019-06-21,69.08207810719765,69.3673567821434,68.68982418013479,68.71656799316406,11526800
2019-06-24,68.74329434602919,68.99291227300856,68.55608090079465,68.58282470703125,8388300
2019-06-25,68.58281967664657,68.60956348092157,68.01226251352031,68.06575012207031,9267600
2019-06-26,68.25296487545576,68.43126824337216,68.06575144032705,68.23513793945312,7262700
2019-06-27,68.28865240260558,68.5293603435533,68.01229057563222,68.29756927490234,7573800
2019-06-28,68.39560096739613,69.0642232289884,68.39560096739613,69.01964569091797,11152300
2019-07-01,69.58131211636572,69.9289952450688,68.78788068916339,69.08206939697266,10300100
2019-07-02,69.1533819315237,69.25144708880447,68.83244265343724,68.99291229248047,9237200
2019-07-03,69.21579681633058,69.40301028975588,68.9661788517635,69.37626647949219,8091400
2019-07-05,69.05532936846423,69.09990692138672,68.15491585175107,69.09990692138672,6389000
2019-07-08,68.68088014084846,68.8859204940195,68.35102404028001,68.52932739257812,6039900
2019-07-09,68.11033223732207,68.45801531940042,68.00335021146013,68.37777709960938,10137500
2019-07-10,68.57391566805155,68.87702804369418,68.15491118495746,68.21731567382812,10124800
2019-07-11,68.19948400575295,68.68980981400749,68.09250197443049,68.68089294433594,7393900
2019-07-12,68.91268668889782,69.90224841290481,68.91268668889782,69.88441467285156,12152800
2019-07-15,69.88442264110236,69.88442264110236,69.50107880519623,69.5991439819336,4452300
2019-07-16,69.59020342290957,70.23208188794365,69.59020342290957,70.04486846923828,8115300
2019-07-17,69.6437163493473,69.70612083884397,68.52042873682804,68.54717254638672,11235100
2019-07-18,68.5917427620322,68.77003934107722,68.25296973963671,68.6719741821289,6647900
2019-07-19,69.11770805616595,69.46539107409735,69.00181598404785,69.04638671875,7601700
2019-07-22,69.17122148385121,69.45650694002774,68.87703275993354,69.09990692138672,8448200
2019-07-23,69.60806167918587,70.00031558921143,69.322783016631,69.97357177734375,10284200
2019-07-24,69.40298771115542,70.44603678158512,69.38516077730566,70.27665710449219,8692500
2019-07-25,70.2766759184191,70.49063318978124,69.82201076539293,70.134033203125,8759000
2019-07-26,70.000294586737,70.16968107985029,69.75067668209286,69.98246765136719,6147900
2019-07-29,69.90223592682207,70.02704487858527,69.74176630290114,69.85765838623047,5387500
2019-07-30,69.42083727982882,70.16077423095703,69.18012940770546,70.16077423095703,7071100
2019-07-31,70.19644173494956,70.33908445846184,68.84136986947996,69.37626647949219,12485300
2019-08-01,69.2514506549026,69.78634721206501,67.90528899147384,68.03009796142578,18665700
2019-08-02,67.79832420351573,67.94096013332491,67.12970170368453,67.59327697753906,12992400
2019-08-05,66.52348639310233,66.53239646299022,65.15058065498052,65.72113800048828,14505200
2019-08-06,66.17580431869891,66.76418861530254,65.86377502637588,66.71070098876953,11758600
2019-08-07,65.84593389939197,66.79983490935068,65.36452495956533,66.6750259399414,15604300
2019-08-08,66.96920331811405,67.85178273503635,66.88896511571555,67.80720520019531,9353100
2019-08-09,67.55760309972068,67.62892445148508,66.84440998681214,67.23666381835938,8213600
2019-08-12,66.7641897742967,66.99598082926381,66.0955672247064,66.30952453613281,15560600
2019-08-13,66.22929565616649,67.78049812676174,66.10448665287609,67.10295867919922,14379300
2019-08-14,66.07772015449281,66.21143918241383,64.98117651449284,65.05249786376953,13653800
2019-08-15,65.1594978111439,65.16841468358159,64.35715613285304,64.981201171875,11974400
2019-08-16,65.51607293960733,66.3719087250003,65.44475839200824,66.23818969726562,9575500
2019-08-19,67.02271330917254,67.14752228653059,66.74635154524819,66.86224365234375,4260500
2019-08-20,66.73742234896926,66.88897510754465,66.4164830945873,66.469970703125,4695400
2019-08-21,66.97812343868472,67.1742537389057,66.77308307141942,66.88005828857422,5399200
2019-08-22,67.06728161305449,67.3436433388798,66.47889068527107,66.9781265258789,7692400
2019-08-23,66.55913130387708,67.05836716248994,64.8741966779018,65.18622589111328,26474900
2019-08-26,65.94399478504305,66.05097000812616,65.09706906002482,65.66763305664062,14041900
2019-08-27,66.01531348311674,66.04205728781326,65.17730466087598,65.328857421875,9943300
2019-08-28,65.15056554213393,66.13121032714844,64.87419700337661,66.13121032714844,11921300
2019-08-29,66.86224932963455,67.4149797059949,66.59479761168411,67.26342010498047,10651000
2019-08-30,67.70914408327623,67.98551257285452,67.40603859341412,67.53976440429688,7500200
2019-09-03,66.89790565366239,67.57544497383593,66.20253939419081,66.62154388427734,12787100
2019-09-04,67.15643764662923,67.5397814403455,66.62154106975467,67.46846008300781,9265600
2019-09-05,68.27971542806077,69.18012882068332,68.23514468286042,68.68089294433594,14266800
2019-09-06,68.93942336872232,69.05531546076871,68.61848409674032,68.82352447509766,6940300
2019-09-09,68.98399453829886,69.34059448732927,68.86810244553476,69.02857208251953,8081000
2019-09-10,68.8502788782033,69.6793709096025,68.60957101015718,69.66153717041016,9487400
2019-09-11,69.80420971199013,70.35693343477158,69.4297758462828,70.31236267089844,14262600
2019-09-12,70.50847114245055,70.69569143591428,70.0448958484882,70.35691833496094,18667600
2019-09-13,70.67783752490719,71.13250261921678,70.65109371963807,70.74024200439453,9357700
2019-09-16,70.53520528383916,70.79374008413157,70.37473564233278,70.67784118652344,8011700
2019-09-17,70.50844033005127,70.70457060771892,70.13401350990961,70.64216613769531,6249300
2019-09-18,70.23210488781359,70.57087796728948,69.75069588138443,70.53521728515625,8089600
2019-09-19,70.50846113644117,70.74025215131843,70.14295107603775,70.1786117553711,5076800
2019-09-20,70.25477234882239,70.49675587787772,69.53779272492625,69.7349624633789,10478700
2019-09-23,69.4571643312167,69.85150396836367,69.20622341216944,69.6005630493164,14475100
2019-09-24,69.90525106260213,70.07553527246125,68.85667393769307,69.2061996459961,11798600
2019-09-25,69.3137512968524,69.78875432422876,69.07177455707176,69.6543197631836,10000200
2019-09-26,69.77084347982485,69.9769774365491,69.38546795539669,69.75292205810547,9083000
2019-09-27,69.98592834017657,70.06659182461951,69.15244897256986,69.47508239746094,10226900
2019-09-30,69.55573275810262,69.80667361768522,69.55573275810262,69.57365417480469,6225100
2019-10-01,69.8245890578751,70.12033682375035,67.83497712542227,67.90666961669922,15968900
2019-10-02,67.32412681760273,67.33308410489107,66.13215119636058,66.62506866455078,12341200
2019-10-03,66.47274530389815,67.08217618172509,65.58548795625931,67.06425476074219,16621700
2019-10-04,67.10904587315603,67.84394703707696,67.03735336853921,67.76329040527344,9175800
2019-10-07,67.55713427944977,67.99628747798417,67.27930796669716,67.4227066040039,6505400
2019-10-08,66.74160759710315,67.10009751842507,66.33830387150606,66.38311767578125,11579500
2019-10-09,66.92981722726645,67.21660781376679,66.57132728473431,66.94773864746094,6271500
2019-10-10,66.81330848360433,67.79915066166463,66.81330848360433,67.55716705322266,9321000
2019-10-11,68.45338529744909,69.43923426761427,68.27414375976072,68.82980346679688,16243500
2019-10-14,68.69537353515625,68.89254334250829,68.4802823078753,68.69537353515625,4829300
2019-10-15,68.82083232779301,69.51988382624168,68.67743364214935,69.25101470947266,8973800
2019-10-16,69.12554421670465,69.56469756287748,69.0896945453257,69.21517181396484,8786300
2019-10-17,69.6095038147586,70.07554270031162,69.49299751218314,69.55573272705078,7976200
2019-10-18,69.40337182991266,69.54676366616965,68.8835618935277,68.95526123046875,9694500
2019-10-21,69.21515200303672,69.5198638661039,69.10760301968281,69.36750793457031,8419400
2019-10-22,69.44818383094741,70.12034977892924,69.18827884387937,69.91422271728516,11351500
2019-10-23,69.88731387977634,69.95004907383984,69.6094807309609,69.90523529052734,7370300
2019-10-24,70.0217590006654,70.10242246320084,69.50195590789549,70.00383758544922,8355700
2019-10-25,69.98590322446472,70.60429797863979,69.95006039716058,70.44297790527344,7718500
2019-10-28,70.59535343333174,71.00762127554471,70.58639614283354,70.64016723632812,8138200
2019-10-29,70.35338176667366,71.06139751197452,70.2637609918211,70.8731918334961,10429100
2019-10-30,71.00762392955514,71.18686547298739,70.62224845731184,71.12413024902344,9208200
2019-10-31,70.90903073753248,70.90903073753248,70.00384532250753,70.36233520507812,10693200
2019-11-01,70.85523953308763,71.89485931396484,70.81043257967882,71.89485931396484,19657900
2019-11-04,72.2892013288221,72.75523331883299,72.2892013288221,72.72834777832031,15286500
2019-11-05,72.86277774437303,73.203339298862,72.66560800949149,72.88069915771484,14923700
2019-11-06,72.81800331710349,72.93450966086476,72.50432713187848,72.92555236816406,12253200
2019-11-07,73.31088716640377,73.65144871566486,73.05993952010043,73.17645263671875,10297000
2019-11-08,73.02410646000683,73.2750473022461,72.80005115977532,73.2750473022461,6323400
2019-11-11,72.82694513150945,73.42741176460392,72.71043198582258,73.31090545654297,5801500
2019-11-12,73.42741135290811,73.64250255028615,73.14958493806037,73.30194091796875,8293500
2019-11-13,73.00619465834946,73.26609968570078,72.77317517906435,72.99723052978516,9885400
2019-11-14,72.85381339175161,73.38258055399051,72.8448492662965,73.230224609375,7355000
2019-11-15,73.64249679898069,73.92033002975617,73.57976158641047,73.7679672241211,6150700
2019-11-18,73.63354150495469,73.63354150495469,73.33778685012764,73.49014282226562,5119400
2019-11-19,73.72316862076283,73.78590384044325,73.26609382730489,73.42741394042969,9192800
2019-11-20,73.19438197465728,73.36466618653687,72.55806575871901,72.84485626220703,14726700
2019-11-21,72.85383520960019,73.05100500291428,72.5939301945613,72.81798553466797,6094800
2019-11-22,72.9972423967374,73.21234049148845,72.76422971719877,73.19441223144531,5205100
2019-11-25,73.46324721210415,73.86654398605928,73.27504159508345,73.72315216064453,9190000
2019-11-26,73.79487946755394,74.07271279885546,73.65148757449352,73.93827819824219,6069400
2019-11-27,73.88446725194724,73.89342453956431,73.57974853236367,73.86653900146484,9186200
2019-11-29,73.77694186259706,73.77694186259706,73.40053053354522,73.5260009765625,5645400
2019-12-02,73.5170343705134,73.62458339131447,72.28025140061838,72.31610107421875,18275700
2019-12-03,71.55431322129229,71.59016289777108,71.03451000641627,71.52742767333984,20384400
2019-12-04,71.90383696391159,72.50430358600104,71.73355273110606,71.80525207519531,16090300
2019-12-05,71.93967982892445,71.99345775582717,71.50949743945759,71.82317352294922,18539400
2019-12-06,72.49533511718751,72.82693943552276,72.46844957417052,72.6925048828125,8966700
2019-12-09,72.48637298510012,72.68354275615114,72.3788308100727,72.41468048095703,6951300
2019-12-10,72.40572909588437,72.6208203214168,72.19959516143014,72.32506561279297,9046900
2019-12-11,72.3967443777826,72.84485495881628,72.21750288041906,72.78211975097656,9070300
2019-12-12,72.81798316169446,73.66043340108243,72.62977750265321,73.42741394042969,15561500
2019-12-13,73.39154467944563,73.97408975679093,72.98824792308119,73.230224609375,11754800
2019-12-16,73.48120285348558,73.5977160308827,73.18545493905152,73.19441223144531,8046500
2019-12-17,73.20337467472056,73.36469482325283,73.07790420782077,73.12271118164062,5949600
2019-12-18,73.13166164329203,73.14958989957132,72.68355096307869,72.81798553466797,6679300
2019-12-19,72.8269463210008,73.09580861421573,72.74628284669811,73.01515197753906,5744000
2019-12-20,73.26101633869612,73.52221332378608,73.09890118065654,73.35108947753906,8913300
2019-12-23,73.79242203106186,74.03560164973528,73.66632787743623,73.95454406738281,5675700
2019-12-24,73.93652561253342,74.03560057059744,73.5762605340634,73.65731811523438,4451600
2019-12-26,73.8194520034662,73.83746938325255,73.47719737531246,73.82846069335938,3914200
2019-12-27,74.06263628988802,74.06263628988802,73.66633640597482,73.76541137695312,5300700
2019-12-30,73.84647585893782,73.84647585893782,73.27905204898691,73.42315673828125,7716400
2019-12-31,73.2430023333825,73.57625506497334,73.11690819096768,73.37810516357422,6458200
2020-01-02,73.90050343396831,74.76515197753906,73.70235352097205,74.76515197753906,16121300
2020-01-03,73.90949003148651,74.7110913350971,73.84644296957156,74.62102508544922,17571300
2020-01-06,74.26978878066856,74.65707997877193,74.09865803427361,74.6480712890625,16153100
2020-01-07,74.36886280236138,74.77416450308796,74.11667446665447,74.49495697021484,16675400
2020-01-08,74.5489890524537,75.08039174765642,74.4228948952767,74.74713897705078,10677700
2020-01-09,75.06237030029297,75.14343475214946,74.82819937629823,75.06237030029297,7407200
2020-01-10,75.21548366015763,75.21548366015763,74.40487357355468,74.53096771240234,8856800
2020-01-13,74.76515776790082,75.22449783274958,74.62104623033674,75.14344024658203,7893800
2020-01-14,75.18849371279802,75.63883206144013,75.0533908338818,75.1524658203125,9649400
2020-01-15,75.16147807511528,75.58479728107123,75.09843097241666,75.26956176757812,12014500
2020-01-16,75.65683309443264,76.0531329905114,75.5937860083853,76.01710510253906,9493300
2020-01-17,76.071152758609,76.38638822721843,75.9270480607952,76.026123046875,7013400
2020-01-21,75.68384451004344,75.90000494403301,74.85522378673652,75.1884765625,13005000
2020-01-22,75.39563457285617,75.56676531944429,74.7381445272794,74.79218292236328,7490500
2020-01-23,74.6930980670848,75.70185816208067,74.42289238418464,75.602783203125,10758500
2020-01-24,75.7469092004095,75.80995629463197,74.69311910914075,75.25154113769531,13402200
2020-01-27,73.90951828754697,74.32382869161212,73.82846069335938,73.82846069335938,15013800
2020-01-28,74.0716388193185,74.67509734060502,73.72938419822604,74.30581665039062,14918000
2020-01-29,75.05339656775791,75.2695570675672,74.62106869652095,74.70213317871094,10355100
2020-01-30,73.98158612544965,74.86425234523233,73.82847273038696,74.78318786621094,13158200
2020-01-31,74.37787447129273,74.48595126428674,72.77467124012242,73.05387878417969,19083600
2020-02-03,73.450182215376,74.06264260106076,72.94579862788319,73.02686309814453,15676600
2020-02-04,74.14368733537184,74.58501688518976,74.07163156800101,74.4048843383789,13597200
2020-02-05,75.24250265382274,75.65681294775231,74.8552115507732,75.6478042602539,12835800
2020-02-06,75.95406118780085,76.0171082764806,75.40464789861275,75.8910140991211,8627600
2020-02-07,75.60279554776375,75.79193680803101,75.27855142398644,75.34159851074219,12394500
2020-02-10,75.22451917750834,75.78294123659543,75.13445287678289,75.76493072509766,8074200
2020-02-11,76.15219843574371,76.41338856553118,75.86398223964595,76.0531234741211,6291400
2020-02-12,76.46744639197453,76.85473761333617,76.28730694505211,76.7646713256836,7808900
2020-02-13,76.36836431181514,76.65658052846966,76.071139405748,76.33233642578125,8231500
2020-02-14,76.3143332070155,76.45843789329723,75.92704198468347,76.23326873779297,5319300
2020-02-18,75.91801930339281,76.1341797287876,75.44966369815204,75.80093383789062,10399700
2020-02-19,75.95406523823945,76.17022571500914,75.7378978898521,75.77392578125,4638700
2020-02-20,75.63882857810493,76.18823501625849,75.1164344685492,75.66584777832031,9518700
2020-02-21,75.26054030864968,75.51272867666475,74.94530484863084,75.28755950927734,13184800
2020-02-24,73.14393615722656,73.60328308633672,72.69359791697401,73.14393615722656,18010100
2020-02-25,73.29704703667849,73.51321433226991,69.97355560844841,70.1626968383789,33000700
2020-02-26,70.60403420304709,71.5047107530251,69.47818851557457,69.63130187988281,32619800
2020-02-27,68.26226801737857,69.7123576313694,67.00131963065404,67.04635620117188,42597300
2020-02-28,65.00181518542371,66.35282980717675,64.218231102641,65.8214340209961,79118200
2020-03-02,66.60503038248994,68.29830675174519,65.38010968322244,68.13618469238281,44798900
2020-03-03,68.3162996896363,69.82943623065057,66.06460881738978,66.46991729736328,53823900
2020-03-04,67.51470957559633,69.30705388548691,66.88423877461463,69.21698760986328,32387800
2020-03-05,67.25352269807007,67.748897596054,65.54223571694612,65.83045196533203,28762200
2020-03-06,63.6418155308079,65.51521774460073,63.4526673868582,65.25402069091797,40681300
2020-03-09,60.07511717623124,61.561234710615146,58.616025707824114,59.23748779296875,24792500
2020-03-10,61.28202909658462,62.35383631671977,58.85920714382181,62.308799743652344,18385600
2020-03-11,60.381347068224386,60.930760225480704,58.00356190668895,58.65205001831055,28414900
2020-03-12,53.671322765088306,56.74263006447936,48.726606347713506,52.581504821777344,23659800
2020-03-13,55.688824002296,56.73360849901548,52.77063092618553,56.68857192993164,18660300
2020-03-16,50.63604125085714,53.94152283460444,50.0506000668857,50.257755279541016,18656400
2020-03-17,51.0503448138578,52.842689143026725,49.1859447147684,52.572486877441406,24962200
2020-03-18,48.90674017290964,49.52820924463472,45.358075498407,48.6995849609375,26018900
2020-03-19,48.09612764129486,49.50118081646888,46.19569963045487,48.7356071472168,16868000
2020-03-20,49.09587410818836,49.6813152028008,46.096623173942454,46.29477310180664,22341700
2020-03-23,46.13684059831061,46.13684059831061,43.30490937265793,44.26704025268555,34346400
2020-03-24,46.962819643319406,50.03073994207821,46.844821643372,49.86735916137695,29349700
2020-03-25,50.82041611174459,54.505552013781084,49.59506022653585,52.49052810668945,27753000
2020-03-26,53.488963680165405,56.12120660375041,53.016975126712985,55.80352020263672,22110200
2020-03-27,53.67050182389978,55.885214294380575,52.617605277279786,53.452659606933594,22486700
2020-03-30,53.47988235844186,54.49647463593295,52.626674321514436,54.23324966430664,15759000
2020-03-31,53.779411391096204,54.68708078166323,53.33465186622543,53.56156921386719,12883900
2020-04-01,51.174414908095315,51.79163053589666,50.41197227742807,51.14718246459961,16057100
2020-04-02,50.693328576575,52.526820962034854,50.49364368681056,51.82791519165039,23895100
2020-04-03,51.68270769501633,52.21823291738456,50.57535309642134,51.13810729980469,15912400
2020-04-06,53.44358548792976,54.99569962851161,53.38004889474697,54.678016662597656,19306700
2020-04-07,56.72934592094602,57.35563665341884,54.5146335026867,54.55093765258789,18391000
2020-04-08,55.30429928226188,56.8382593900905,54.850464562048,56.5296516418457,11986700
2020-04-09,57.60977944705571,58.39037570566309,56.86549079640311,57.38286209106445,21132300
2020-04-13,57.019799643151806,57.05610725537708,55.18630677558897,55.703678131103516,11086600
2020-04-14,56.92902866518702,57.34655577864727,56.20289033962327,56.765647888183594,15293600
2020-04-15,55.5221315874316,55.63105440067379,54.26955039750008,55.19537353515625,12758400
2020-04-16,55.11369413177013,55.1318479375923,53.88833820740701,54.70524215698242,16117600
2020-04-17,56.575042377085644,57.46455808385274,56.375353976337216,57.27394485473633,18372500
2020-04-20,56.18474985594742,56.856423423716954,55.56753424841151,55.74906539916992,10475100
2020-04-21,54.54184934110868,55.159064753034556,54.215087833326315,54.43292999267578,9553300
2020-04-22,55.4949107152606,55.64013769163008,54.66893163794341,55.00476837158203,9185000
2020-04-23,55.43137775611641,56.593193643084334,55.42230258433643,55.44045639038086,14256500
2020-04-24,55.92151192194404,56.075814056941695,54.98661355405861,55.88520431518555,7139000
2020-04-27,56.275509775963,57.627938873104284,56.166590403956775,57.27394485473633,9323200
2020-04-28,58.39945154460858,59.00759536465589,57.736856696229914,58.344993591308594,9938600
2020-04-29,59.515883730586644,60.10587023995011,58.92589722122318,59.46142578125,12757000
2020-04-30,58.63544269603505,58.74436551858583,57.854849909325274,58.28145217895508,14309800
2020-05-01,57.25578610605268,57.41008823853553,56.14842835535407,56.520572662353516,9019200
2020-05-04,55.72182980949141,55.81259883658861,55.004770076603066,55.80352020263672,8551700
2020-05-05,56.32088760226679,56.78380095189978,55.95782190670478,56.021358489990234,8691200
2020-05-06,56.32997255949419,56.37535534372384,55.177231835141555,55.24984359741211,7048100
2020-05-07,55.994131663179175,56.611347216212586,55.67644871491982,55.894290924072266,8144500
2020-05-08,56.57504648574287,57.40102566361782,56.55689267867604,57.28302764892578,8661500
2020-05-11,56.71119072862581,57.00164469564306,56.17566557772194,56.56596374511719,8407700
2020-05-12,56.702104557395614,56.91994325915798,54.9684562632336,54.97753143310547,12329000
2020-05-13,54.65078553930011,54.71432213401568,53.098671361274576,53.5978889465332,15434500
2020-05-14,52.80821501780264,54.160640716552734,51.70993568660621,54.160640716552734,14221100
2020-05-15,53.52526423870783,54.30586045647349,53.28019309156159,53.97002029418945,17398000
2020-05-18,56.112122103639564,57.8911532989464,55.95781996743213,57.5280876159668,22117500
2020-05-19,57.419167871136395,57.97284678951458,56.78380202626062,56.792877197265625,12447700
2020-05-20,57.691477603122294,58.40853391313399,57.60978720546469,57.8548583984375,8644000
2020-05-21,57.8639279590026,58.45391449181356,57.55532020472189,57.99100112915039,7682300
2020-05-22,58.09992710722724,58.14530642761563,57.42825014826317,57.945621490478516,7113000
2020-05-26,59.77004446019149,60.8410949133075,59.74281547896334,60.37818145751953,14908000
2020-05-27,61.6852150423625,62.43858234848215,61.07707817234857,62.39319610595703,21918500
2020-05-28,63.019488019544916,63.219176399660796,61.694291499192715,61.80320739746094,17490200
2020-05-29,61.231379689209696,61.8395165529887,60.5869352167765,61.42198944091797,18881500
2020-06-01,61.358447618263526,62.02104930093537,61.12245164464466,61.558135986328125,12919200
2020-06-02,62.021062144547926,62.520276243121344,61.75783714349542,62.356895446777344,10852400
2020-06-03,63.2645515404981,64.96189573449946,63.23732256772801,64.78943634033203,16253300
2020-06-04,64.64420920454435,65.50649227690121,64.48082845215423,65.47926330566406,17880500
2020-06-05,68.22043029464348,69.17347893794924,67.61228657942846,67.88459014892578,19564100
2020-06-08,68.75596663347496,69.46394775616125,68.72873765567455,69.24610900878906,18906200
2020-06-09,67.98445887545134,68.07522445639923,67.2220127605553,67.52154541015625,15074600
2020-06-10,67.20385924725552,67.29462482392591,65.69712435964247,65.90589141845703,16694200
2020-06-11,63.10116659080524,63.618537814001336,61.1859907417558,61.276756286621094,26054800
2020-06-12,63.49148056911974,63.66393999503732,60.94093141723428,62.465816497802734,29161900
2020-06-15,60.47801672408388,63.47332886547075,60.23294900431928,63.083030700683594,18116200
2020-06-16,65.72435734920684,65.79696565234006,63.1647224958624,64.31746673583984,20563200
2020-06-17,64.46268632494696,64.58976642883962,63.70024725140422,63.854549407958984,9448200
2020-06-18,63.25549089457317,64.19038938966239,63.12841771611262,63.618553161621094,8632800
2020-06-19,64.56253746875927,64.63515270022955,62.41136490496669,62.83797073364258,15601300
2020-06-22,62.460529816272846,63.144304387890195,61.940861420072245,62.943729400634766,7932000
2020-06-23,63.58191438496066,63.66397094816002,62.797852342326244,62.95284652709961,8849600
2020-06-24,62.0958313957854,62.30551831093786,60.60976424387214,60.76475143432617,16922800
2020-06-25,60.36360578301891,61.49411089184504,59.83481855499696,61.43941116333008,11623700
2020-06-26,61.193253906566426,61.42117871065801,60.035392006581866,60.29978561401367,21429900
2020-06-29,61.193272937790404,62.27819061279297,60.80124187460195,62.27819061279297,10864700
2020-06-30,61.804100485021756,62.989305480282425,61.621756439487264,62.63374328613281,8868500
2020-07-01,63.253704302960195,63.7642607165004,62.296424069537345,62.35112380981445,9789000
2020-07-02,63.353972948508314,63.8189414696726,62.73401723886013,62.88901138305664,8279800
2020-07-06,63.864533065867086,64.12891971831911,63.32662690974837,63.791595458984375,10815400
2020-07-07,63.171636751804265,63.445142331228936,62.49698130903482,62.56991195678711,6111800
2020-07-08,62.54256209441591,62.96194288077058,62.04113172094766,62.56991195678711,8576500
2020-07-09,62.460517287410035,62.53344794074371,61.010911869383854,61.21148681640625,16782900
2020-07-10,61.15678106657371,62.05936128360196,61.15678106657371,62.004661560058594,9255300
2020-07-13,62.54257713190513,63.32663916838882,61.93174020637217,62.259952545166016,14570100
2020-07-14,62.04115096193113,63.68220581456189,61.78586927063247,63.60926818847656,12689500
2020-07-15,64.78533337261634,65.52381434560117,64.42065931096323,65.23207092285156,15472400
2020-07-16,64.93121946976828,65.56940614058328,64.63035705822134,65.25031280517578,13017100
2020-07-17,65.54206938199059,65.77911317385265,65.20473809956053,65.6423568725586,8605200
2020-07-20,65.26853484593653,65.42352897836508,64.64858613907062,64.84004211425781,9404600
2020-07-21,65.42354637426666,66.17113955241864,65.30502100879332,65.69705200195312,9344300
2020-07-22,65.44176066176054,66.31699096811279,65.42352974016893,66.22582244873047,7620200
2020-07-23,66.1437939277632,66.63610548031907,65.76999383685427,66.0252685546875,7538000
2020-07-24,65.92496732987006,66.28964840324579,65.30501159184519,65.49646759033203,10061400
2020-07-27,65.47820752896683,65.86111935554499,65.0952957023887,65.76995086669922,6198400
2020-07-28,65.459984967584,65.86112776084182,65.25941009309975,65.3141098022461,5964500
2020-07-29,65.65145969582997,66.45375246768567,65.60587195468624,66.3078842163086,6935400
2020-07-30,65.84293185369461,66.0161569657147,65.1591573029388,65.6423568725586,9118700
2020-07-31,65.3779642039053,65.53295143505758,64.30215861615869,65.39620208740234,9836300
2020-08-03,65.47823699372111,65.897617795698,65.06797513144521,65.66969299316406,12737000
2020-08-04,65.43264379529585,65.87026244018702,65.41441287312689,65.83379364013672,6560900
2020-08-05,66.28054516357294,67.17401365719522,66.19849555437746,67.09195709228516,8520900
2020-08-06,67.00988258045179,67.35632572783182,66.91871406332146,67.34721374511719,5880600
2020-08-07,67.30164022545978,68.5233208713517,67.20135274871815,68.49596405029297,12952100
2020-08-10,68.74211563720758,70.24642058943768,68.70564683740481,70.18260192871094,15626800
2020-08-11,71.1672563303022,71.7233935472672,70.4105510785774,70.5564193725586,17263700
2020-08-12,71.22195867139678,71.30400827754715,70.5108273061886,70.78433990478516,12587200
2020-08-13,70.40141115101557,70.88461059909861,70.13701755653919,70.41053009033203,13298800
2020-08-14,70.05498427985044,71.03962138165413,69.94558479457115,70.6840591430664,5909700
2020-08-17,70.82078820280574,70.9666564456182,70.22818238129543,70.35581970214844,5898700
2020-08-18,70.31025453352564,70.52906042419174,69.87263579647959,69.9729232788086,5145500
2020-08-19,70.05496741242254,70.41964850554942,69.63558658982632,69.79058074951172,6297900
2020-08-20,69.24354587519613,69.58087705605662,69.0247400324362,69.4167709350586,10529300
2020-08-21,69.35298143397725,69.89088776174451,69.30739367620001,69.69942474365234,7113600
2020-08-24,70.16436170064571,70.9575424194336,69.84526840770074,70.9575424194336,10171400
2020-08-25,71.44073905982951,71.44073905982951,70.49257120059704,70.86637115478516,12076100
2020-08-26,70.72962155245496,71.14900232573825,70.38317142465083,70.90283966064453,6538500
2020-08-27,71.30399508913584,71.75984469867312,70.92108308649566,71.15812683105469,10260100
2020-08-28,71.40428678880042,71.8692553656671,71.0669555537068,71.8327865600586,10323900
2020-08-31,71.63219375960689,71.89658731760873,70.93930053710938,70.93930053710938,9908100
2020-09-01,70.7113930827152,71.72337982783245,70.45611840029164,71.65956115722656,14431600
2020-09-02,71.91482766552895,73.04533963878258,71.71425969193164,72.84476470947266,15333500
2020-09-03,72.89947846849502,73.17299105306867,70.34672448723472,70.80257415771484,19995100
2020-09-04,71.43163574625034,71.91483524192354,70.02761804887699,70.96666717529297,21632400
2020-09-08,70.4834624993084,70.56551904378216,69.44412597405989,69.63558197021484,14913700
2020-09-09,70.27377591404527,71.29487456506203,70.0914319008545,70.71138763427734,16222000
2020-09-10,70.94841586364541,71.16722167592864,69.58998630197458,69.80879211425781,16547200
2020-09-11,70.07320644354597,71.09431212992833,70.01850671317825,70.7569808959961,16124400
2020-09-14,71.42250589005108,71.9421810671572,71.08518166651352,71.7142562866211,9641800
2020-09-15,72.00599693819309,72.1883339732739,71.64131591231947,71.75983428955078,13583700
2020-09-16,72.32510588674421,73.21856729008272,71.92395597585798,72.48921203613281,10296200
2020-09-17,71.44988106960446,73.08182375234846,71.12166874482276,72.63508605957031,19265500
2020-09-18,72.8629828552961,73.13649533924982,71.76894683090397,71.82364654541016,13358700
2020-09-21,70.52859473429733,70.68419128806667,68.74387440140195,69.43946075439453,23188100
2020-09-22,69.41199752413824,70.26317344709985,69.34793081951734,70.12589263916016,7512500
2020-09-23,70.27232941185616,71.0136737224222,68.7987881896281,68.87200927734375,16388700
2020-09-24,68.76217788534899,69.75064162471251,68.04828973450219,68.97268676757812,12111100
2020-09-25,68.55167968884183,70.24487728883089,68.55167968884183,70.00691223144531,7346900
2020-09-28,70.8855512178095,71.8374045563377,70.8855512178095,71.26995849609375,7409600
2020-09-29,71.14181398303603,71.43469135059867,70.43707323491059,70.638427734375,9633000
2020-09-30,70.91300463248021,71.7458718251437,69.93369526195433,70.45538330078125,12184900
2020-10-01,70.94960681154888,71.26994732369332,69.75064118034192,70.244873046875,14045400
2020-10-02,69.1008347212258,71.44385416735994,69.0733785531459,71.03199768066406,17895400
2020-10-05,71.63604381963343,72.33163023421191,71.63604381963343,72.17604064941406,8880800
2020-10-06,72.47804973338387,72.96312710047872,71.2241650997129,71.2973861694336,12587300
2020-10-07,72.13940818103875,73.09126114785381,72.11195202532942,72.8716049194336,10049900
2020-10-08,73.35669287622103,73.60380529600856,72.70687149393146,73.59465789794922,16341600
2020-10-09,74.05228489424591,74.37261841970717,73.64042151915531,73.86923217773438,12603500
2020-10-12,74.1987450466636,74.55568923551039,73.97908869570007,74.29026794433594,8662000
2020-10-13,73.7685692795238,74.21703630240975,73.24688115578955,73.46653747558594,11004600
2020-10-14,73.58554807971063,74.43672445871394,73.57639369336091,73.87842559814453,10052300
2020-10-15,73.08212918880798,74.1804246333399,72.96315014998481,74.14381408691406,12063800
2020-10-16,74.6014007719578,75.1413903695952,74.49156918372475,74.68376922607422,9422400
2020-10-19,74.73870799047363,75.16886611198869,73.48482321664216,73.75939178466797,8531000
2020-10-20,74.14381408691406,75.08651296344922,73.96991573707827,74.14381408691406,9806800
2020-10-21,73.86924133268857,74.4824522978192,73.39331817626953,73.39331817626953,8009000
2020-10-22,73.55806287537072,74.12550891560916,73.3292521861783,73.99737548828125,6878200
2020-10-23,74.38179084200829,74.6106015775639,73.7228217891177,74.29026794433594,8038300
2020-10-26,73.31091334221891,73.39328878755964,71.6451724876391,72.43228149414062,10692400
2020-10-27,72.22180198459753,72.30417047265777,70.8306292246585,70.84893798828125,8736000
2020-10-28,69.40284002553355,70.18079474921674,68.4418326133245,68.52420806884766,17321800
2020-10-29,68.47845168277335,70.11673678977716,68.31370773394764,69.5218276977539,14272900
2020-10-30,69.15573079122485,69.7231837348171,68.38693033482288,69.43946075439453,15374700
2020-11-02,70.47366771988607,71.45297684915128,69.96113418912914,71.31568908691406,14166800
2020-11-03,72.2858697723753,73.8326251497457,72.1211258110447,73.42076873779297,16357500
2020-11-04,72.81671478292407,74.30856501279766,72.18520200049905,72.66112518310547,23229800
2020-11-05,73.64958465333345,74.85770479489645,73.60381972307998,74.37262725830078,12159300
2020-11-06,74.23532940673684,74.77531920038122,73.91499588654551,74.44583129882812,10091600
2020-11-09,79.50714352270538,80.43153371118512,76.92615913935683,76.98107147216797,25393800
2020-11-10,77.23732865043685,78.64680320541771,76.99936360018101,78.33561706542969,18983800
2020-11-11,78.82984404072646,78.83899842206009,77.28308876720027,77.67664337158203,11081400
2020-11-12,76.88952611284152,77.62171593969344,76.26716091950695,76.78884887695312,10776400
2020-11-13,77.43868802967933,78.58274144344631,77.38377570029785,78.49121856689453,9280200
2020-11-16,80.23016901944249,80.53219376811444,79.10441755813015,80.40406036376953,14364100
2020-11-17,79.80001833265808,80.4589942358903,79.00375461912779,80.19357299804688,11029700
2020-11-18,80.82508095897893,81.16372327326158,79.7817048349972,79.83662414550781,11882700
2020-11-19,79.63526186496345,80.11118495222715,79.11357385386324,80.0379638671875,8451900
2020-11-20,79.84576922287044,80.16610276341763,79.13188105172317,79.31493377685547,7288200
2020-11-23,79.99221494616712,80.79762602418185,79.99221494616712,80.64203643798828,11396000
2020-11-24,81.87759247577645,82.51826640966279,81.4748835449191,82.0514907836914,13977000
2020-11-25,81.98743674840073,82.00573852865386,81.0264291905534,81.42913818359375,9382800
2020-11-27,81.6488066091908,81.91422785021065,81.0538974126117,81.29186248779297,5023100
2020-11-30,81.1088216658494,81.20034455180033,80.11120335556325,80.5688247680664,10379800
2020-12-01,81.46574989390331,81.85015012945018,80.33084398503071,80.3674545288086,14520400
2020-12-02,80.06543847934182,80.67864944320162,79.97390861855845,80.477294921875,13219800
2020-12-03,80.58711267368346,81.41997979780939,80.53219337013076,80.68778991699219,11677400
2020-12-04,80.95322484020694,81.80440094426504,80.92576867277741,81.64881134033203,11754100
2020-12-07,81.60303807019076,81.69456093869118,81.01727634974405,81.25524139404297,7599000
2020-12-08,80.99898977442186,81.79525354362092,80.97153360699234,81.64881134033203,5038200
2020-12-09,81.93252605001518,82.12473316797573,81.24609400307799,81.83185577392578,12047100
2020-12-10,81.26439529435079,81.65794991104396,80.69694234061382,81.05388641357422,11628000
2020-12-11,80.55051430551548,81.41999210249506,80.54135992308208,81.24609375,6577500
2020-12-14,82.03320591469739,82.09727262847008,80.17526423254148,80.19357299804688,6841800
2020-12-15,80.77934505774694,81.63052128409292,80.29426740947174,81.3101806640625,7351300
2020-12-16,81.38338601896153,81.42915095089057,80.63288722146362,80.8067855834961,6805000
2020-12-17,81.28270899530541,81.40169502557352,80.83424198861708,81.30101776123047,9088500
2020-12-18,81.4200123323086,81.51153523113891,80.66951338950084,81.3101806640625,8640000
2020-12-21,79.6890034801343,81.19621047412578,79.39491448159046,80.81941223144531,9071100
2020-12-22,80.78263198238378,80.86534120783743,79.84521869077636,80.44258880615234,11451100
2020-12-23,80.8561559470087,81.29728583924503,80.75506221928096,80.86534118652344,8939400
2020-12-24,80.98481294760529,81.0031904368,80.41501261971214,80.87452697753906,2367400
2020-12-28,81.40757639085147,81.67409559604675,80.8837302321252,80.97563171386719,4849900
2020-12-29,81.38919262432042,81.49947861038935,79.94631761184506,80.4885482788086,6729500
2020-12-30,80.62639855972945,81.22376166190695,80.58044431573124,81.0031967163086,5019300
2020-12-31,80.97562995795609,81.53623809954941,80.56206979326818,81.3800048828125,6761600
2021-01-04,81.48109133432663,81.55460830457771,78.96294754204895,79.41327667236328,16200700
2021-01-05,79.26623692233414,80.4977321941521,79.25704467073793,80.1944580078125,16004600
2021-01-06,80.70911257138434,82.77692746453695,80.46097786932482,82.10603332519531,19500600
2021-01-07,82.56554357697637,82.87801701332475,81.88546423193566,82.55635833740234,10114900
2021-01-08,82.74016216812497,82.96991936930786,81.52704442634457,82.35417175292969,11043300
2021-01-11,81.49027202066682,82.56553390202352,81.42594029302067,82.32659149169922,11911100
2021-01-12,82.30821173081166,83.34671869471072,81.83951212167266,83.14453125,10408000
2021-01-13,83.00666648827824,83.12613768729636,82.29901752056274,82.42768096923828,9230300
2021-01-14,82.85045644484796,83.30997089322578,82.56555271894257,82.71260070800781,10669800
2021-01-15,82.16117523141688,82.35417043592814,80.94805750903657,81.6373291015625,12924800
2021-01-19,82.33578437408563,82.61149581052703,81.87626998777205,81.90384674072266,8933700
2021-01-20,82.33579302427502,82.60231223773336,81.87627858968489,82.40931701660156,8374300
2021-01-21,82.22549792603932,82.4184931093319,81.64650536452915,81.76598358154297,9601500
2021-01-22,81.23295285338925,81.68327498983803,80.66315248875696,81.3432388305664,9728800
2021-01-25,80.96643504310987,81.19619224074164,79.99226676887378,80.79182434082031,18249000
2021-01-26,81.49028402884085,81.61894750309263,80.00146182346067,80.04740905761719,10480800
2021-01-27,78.97215824261905,79.17434573421957,77.86013405045058,78.45750427246094,23140100
2021-01-28,79.2202741606865,80.57124752313996,79.13756494011153,79.62464904785156,17928300
2021-01-29,79.1099993688632,79.50518202624548,77.66712445918992,77.90606689453125,20895000
2021-02-01,78.67807411880378,78.93540111978069,78.06232636480402,78.71483612060547,11318700
2021-02-02,79.64304007913363,80.74587184701961,79.56032384014381,80.387451171875,10443800
2021-02-03,80.29554784591255,80.58963677802535,79.76250946532271,80.44258880615234,9662900
2021-02-04,80.71830252688056,81.44433613233019,80.6080165448616,81.30648040771484,7113900
2021-02-05,81.94062593413832,82.17956841680478,81.5730129455909,81.78438568115234,7481900
2021-02-08,82.11520575337413,82.51958058969296,81.93140283411934,82.48281860351562,8848000
2021-02-09,82.40932537970693,82.96993360772952,81.84871715168433,82.69422912597656,8298500
2021-02-10,83.06182052242707,83.08939727623311,82.18874596600179,82.56554412841797,10982400
2021-02-11,82.77693590452255,82.89640714189795,81.55462573803948,82.39094543457031,8868500
2021-02-12,82.20712404234867,83.05263587425588,82.11522256390731,82.9883041381836,7983500
2021-02-16,83.18132064842416,83.52135690690089,82.72180612690629,82.90560913085938,8227600
2021-02-17,82.54717117745717,82.74016639491398,82.032517264239,82.67583465576172,7266000
2021-02-18,82.25308344389038,82.45527091611665,81.64652102721153,82.26227569580078,6409500
2021-02-19,82.8504626377001,83.86139309736888,82.78613089058395,83.6132583618164,8737200
2021-02-22,83.19048153233462,84.49550772017692,83.11696455926023,83.87975311279297,10552200
2021-02-23,84.03600647784926,84.3484729442815,82.8872203307292,84.13710021972656,16573400
2021-02-24,84.33926955908494,86.07624043495422,83.9624713986166,85.72700500488281,16795900
2021-02-25,85.71780908511599,85.81890280932234,83.79704234846126,84.14627075195312,19945300
2021-02-26,84.34847846889777,84.59662021944352,83.04345900308606,83.2732162475586,18163400
2021-03-01,84.48632844573844,86.03948955598275,84.36685721096356,85.40535736083984,11494000
2021-03-02,85.45130789267472,85.58915661463385,84.78960598073543,85.15721893310547,11530700
2021-03-03,85.23073811513704,86.25086075377985,85.03774288777679,85.2491226196289,17497800
2021-03-04,85.36859120477266,85.6810646667372,82.57474259754886,83.88895416259766,27730400
2021-03-05,84.6885134769211,86.15895829618249,82.96073467910925,85.87406158447266,22816300
2021-03-08,86.45303767710645,88.12566978829393,86.21408822932732,86.77469635009766,16782400
2021-03-09,87.2158248868738,87.66614698586567,86.40707514477775,86.41626739501953,12484800
2021-03-10,86.65524065401142,88.14407007921199,86.53576941453836,87.69374084472656,17276200
2021-03-11,87.9510518439124,88.51165996320904,87.2342105140926,87.758056640625,12211100
2021-03-12,88.07972817937316,89.00794935027271,87.9970189422964,88.9344253540039,10112800
2021-03-15,89.29284259020987,89.70640275026507,88.40138352219903,89.6788330078125,11390900
2021-03-16,89.48584443288992,89.54098392188271,88.30029633810753,88.4013900756836,12538800
2021-03-17,88.5760044860724,89.60531939718219,88.34624725684886,89.42151641845703,14844000
2021-03-18,89.32960627069215,90.54272413816359,89.16418078823541,89.33879852294922,16893400
2021-03-19,89.39394086022449,89.43070285878946,88.16244546065258,88.65872192382812,18430600
2021-03-22,88.83019159040374,88.98690568153886,87.991297867478,88.60894775390625,12319900
2021-03-23,88.00970771031176,88.81171897033116,86.73754027737793,87.06019592285156,16949000
2021-03-24,87.51192040181411,89.06986160750009,87.47504526303422,87.6962890625,14581900
2021-03-25,87.46581240853695,89.23578365476658,86.60848489391736,89.09750366210938,18519500
2021-03-26,89.59531245900172,90.69231785388335,89.24500218678973,90.63700866699219,14396000
2021-03-29,90.53560237007352,91.19012019304635,90.1945126454766,90.65544128417969,12712800
2021-03-30,90.65544281851766,91.27309255007525,90.48029471543087,91.05184173583984,10180500
2021-03-31,91.26389088438829,91.50357579944531,90.45265883070648,90.75686645507812,12291300
2021-04-01,90.91358739279141,91.13483121913728,90.47109270688523,91.06108093261719,11189300
2021-04-05,91.94604511321988,92.49915808646008,91.7801105179265,92.18572998046875,10789200
2021-04-06,92.10277280938885,92.71119501365393,91.8723084678979,91.96449279785156,8203000
2021-04-07,91.98291570506832,92.21338001863411,91.25464763021486,91.5404281616211,8865800
2021-04-08,91.41138494553616,91.79856337312783,90.90436055234663,91.76168823242188,9151600
2021-04-09,91.92761564194673,92.70197243642119,91.79855617620099,92.6558837890625,9655900
2021-04-12,92.52684410622942,93.05230262431634,92.47152787107323,92.99698638916016,7704800
2021-04-13,92.56370628462751,92.83103874536958,91.89074727801916,92.5452651977539,10612000
2021-04-14,92.60979853071056,93.29197107402531,92.55448933437033,92.66510772705078,9331900
2021-04-15,92.97856530206265,93.16293402306026,92.36092235018316,93.03387451171875,12631200
2021-04-16,93.58695180837732,93.84507776526021,92.83102908911037,93.23664855957031,10221900
2021-04-19,93.08914927356867,93.10758332416776,92.38853578618625,92.8494644165039,8140900
2021-04-20,92.64667788544833,92.81261251522847,91.26389164835209,91.82622528076172,13622200
2021-04-21,91.70637526882142,93.11681593508882,91.52199957286948,93.07994079589844,11352800
2021-04-22,93.16288463148399,93.75287266574522,92.5175874168896,92.60977172851562,11778700
2021-04-23,92.72040885846032,93.86350994037767,92.55447426324545,93.62382507324219,8126800
2021-04-26,93.94649112705771,94.41663333772986,93.29196618301363,93.34728240966797,7824800
2021-04-27,93.71601538301029,94.26912834981094,93.39335970526469,94.12162780761719,13774800
2021-04-28,94.0847383192563,94.40739394778015,93.80818539465115,93.92802429199219,7877900
2021-04-29,94.49036912558559,94.71161289862886,93.90038104199505,94.5917739868164,11035300
2021-04-30,94.03867795535969,94.33367205022502,93.6330584374646,93.96492767333984,9861200
2021-05-03,94.67475061125535,95.19099552935909,94.32444733696762,94.93287658691406,9445300
2021-05-04,94.62865444858615,95.36613607798661,94.19538038679164,95.34770202636719,11677400
2021-05-05,95.58738090766005,95.89158845620585,95.33847551050758,95.43988037109375,9989000
2021-05-06,95.68881225889344,96.131299924666,95.264751615474,96.10364532470703,18276400
2021-05-07,95.87316969663833,97.34814013148231,95.5228664162422,97.11767578125,19343000
2021-05-10,97.64314352983418,98.46359613224355,97.16378073025237,97.20986938476562,16335500
2021-05-11,96.24191591541744,96.49081432384322,94.80381355971232,95.77176666259766,25425800
2021-05-12,95.48598285630834,95.83628610581488,93.41180388711777,93.47633361816406,18125700
2021-05-13,93.53165343765552,95.6795829245252,93.47634424281881,95.22787475585938,16457900
2021-05-14,95.9653450802628,96.7950180703657,95.63347588422162,96.5461196899414,11217700
2021-05-17,96.25113677978516,96.5922195245719,95.55052316996307,96.25113677978516,11547700
2021-05-18,96.23267753428472,96.38939157843822,94.81301652870049,94.84989166259766,11195500
2021-05-19,93.7990085888297,94.32446712711419,92.80340071632797,94.31524658203125,16656400
2021-05-20,94.47194300766377,94.85912140130343,93.95569811626422,94.52725219726562,11635300
2021-05-21,95.06192470843095,95.76253117335905,94.65630525689468,94.98817443847656,13420200
2021-05-24,95.5689502335243,95.78098051962992,95.06193290858093,95.57817077636719,7097900
2021-05-25,95.83630435038667,96.2880125537034,95.16335231753729,95.29241180419922,8574700
2021-05-26,95.43066117478979,95.72565521886901,95.06192389460034,95.59659576416016,7615800
2021-05-27,96.46314506014127,97.07157423989698,96.37096073893332,96.9056396484375,11467400
2021-05-28,97.2006336962307,97.20984720510248,96.57377046551855,96.9056396484375,7606300
2021-06-01,97.84594104330264,98.00265510879862,97.09001827849508,97.28360748291016,9456900
2021-06-02,97.36657335521866,97.46797822378898,96.85954901236704,97.00704956054688,7547800
2021-06-03,96.50001938242599,97.33890584152901,96.10362047467913,96.79501342773438,10342300
2021-06-04,97.15454752498232,97.32048213267744,96.61065505338989,97.10845184326172,7118200
2021-06-07,97.29284413792962,97.31127819383511,96.1773973754565,96.43551635742188,8298700
2021-06-08,96.49081325403239,96.89643276437691,96.02067103963911,96.68440246582031,8847800
2021-06-09,96.61987069470455,96.61987069470455,95.6611381661168,95.69801330566406,10967100
2021-06-10,96.3156667980034,96.50003546960178,95.18177907135279,95.22787475585938,10645200
2021-06-11,95.59659585219369,95.89158989654457,94.92364398533674,95.42144775390625,10113500
2021-06-14,95.32926416210596,95.4583236179197,94.46271607317406,94.98817443847656,11312100
2021-06-15,95.12648218465087,95.59662446802126,94.7392966710551,95.3938217163086,8948600
2021-06-16,95.30163436245468,95.41225980433022,94.19540807656013,94.49040222167969,13977900
2021-06-17,94.4351021108778,94.67478004153153,92.15811253715626,93.03387451171875,20842900
2021-06-18,91.93685071168665,92.60980274180669,91.7155998498368,91.82622528076172,21546100
2021-06-21,92.56974122917102,93.96614991185933,92.48651507695223,93.84593200683594,15499900
2021-06-22,93.8829056693965,94.29905754794318,93.30955120695448,93.94763946533203,10646400
2021-06-23,94.13259202567143,94.3915271924086,93.70719752953835,93.73493957519531,9136300
2021-06-24,94.28980609867112,94.61347507234744,93.79042808694719,94.46551513671875,11687400
2021-06-25,94.53949873097156,94.99263529459152,94.3915317397339,94.65046691894531,13039300
2021-06-28,94.61346347779714,94.6874469642723,93.72568280645606,94.15107727050781,11997600
2021-06-29,94.45626140769119,94.85391385995061,93.87365727991981,93.96613311767578,11134200
2021-06-30,93.89215403646945,94.87241066255403,93.87366169023112,94.69670867919922,13677200
2021-07-01,95.25156251676074,95.4272715403136,94.87240242497907,95.37178039550781,13858600
2021-07-02,95.39029253575411,95.68621947757754,94.97414064367271,95.51976013183594,9911600
2021-07-06,95.29781218666295,95.42727977662763,93.56848501291398,94.60423278808594,11564100
2021-07-07,94.39153491043177,95.68621790543287,94.29905906552914,95.54750061035156,14971800
2021-07-08,94.04013356451173,94.81693920825681,93.42978022546451,94.21583557128906,17419300
2021-07-09,95.2238408700057,95.85268655402999,95.1313650161253,95.70471954345703,13341900
2021-07-12,95.22383648737375,95.94515799207994,94.88166808276347,95.83418273925781,10846500
2021-07-13,95.63073711761987,95.71396326427478,94.86317417301264,94.90940856933594,14881700
2021-07-14,95.14984722758554,95.51975765915279,94.567243060299,94.90016174316406,10140000
2021-07-15,94.36378449210267,95.4735086434073,94.31754304602578,95.0851058959961,11071600
2021-07-16,95.40876896130528,95.42726836077546,94.12333586082043,94.24356079101562,17307200
2021-07-19,92.73619765256497,92.93039905704818,91.33978901409405,92.27381134033203,23792700
2021-07-20,92.5512457576931,94.97414551327178,92.4217781549731,94.85392761230469,20937100
2021-07-21,95.19609626426148,96.08387713750442,95.15910451261112,95.76020812988281,14449600
2021-07-22,95.93591070550704,95.94516040733883,95.26083063634648,95.4087905883789,6318700
2021-07-23,95.75094003903287,96.00062549540141,95.34403790448016,95.815673828125,8055800
2021-07-26,95.55675358165068,96.0931233780784,95.14985138360828,95.76944732666016,7488800
2021-07-27,95.15909106184917,95.75094489368577,94.69670481476093,95.24231719970703,12402200
2021-07-28,95.54749817631,95.76019896407682,94.52100009649456,95.02037811279297,11996500
2021-07-29,95.76020468067188,96.04688192631724,95.23308458568738,95.76944732666016,9767700
2021-07-30,95.28855338606327,95.78793135200424,95.12209406408296,95.58448028564453,12824400
2021-08-02,95.95441572475917,96.75896344482875,94.84468427002203,94.92791748046875,15925500
2021-08-03,95.11285127233357,96.21333281732518,94.29905400324108,96.1670913696289,14814100
2021-08-04,95.51052011391069,96.00064849954859,94.84468266343822,94.8631820678711,16180900
2021-08-05,95.25157614440921,95.63073629043734,94.94639949840436,95.30706024169922,12561500
2021-08-06,95.69546195234953,96.15784820499715,95.5752370111704,95.75094604492188,8677100
2021-08-09,95.32554600619919,95.60297350841257,94.9093941696983,95.37178039550781,7469700
2021-08-10,95.54750656889458,96.61099649023319,95.43653131481794,96.34281158447266,12730900
2021-08-11,96.53701494695497,97.60050488987955,96.18560388509563,97.59125518798828,12817200
2021-08-12,97.59123982294662,97.77619855437476,96.90691015529795,97.40628814697266,9265300
2021-08-13,97.41552397457085,97.56349094935827,96.97163716111598,97.10110473632812,8909300
2021-08-16,96.8144327599428,97.44327832577444,96.17633749382502,97.43402862548828,10231100
2021-08-17,96.85142721117802,96.89766160299224,95.4642684585745,96.37979125976562,15569900
2021-08-18,96.00064157195577,96.54626107606379,95.29781947424566,95.3255615234375,11955100
2021-08-19,94.61349517489874,95.30707471819348,94.12336675984344,94.65973663330078,17529700
2021-08-20,94.70596452569451,95.19609287054216,94.4562719748199,94.90940856933594,11753000
2021-08-23,95.35331478016539,96.1023784182079,95.30707332244056,95.68623352050781,8471000
2021-08-24,95.87116444855397,96.59248587770823,95.85267210274806,96.1670913696289,7593200
2021-08-25,96.2410855068431,97.1011243187416,95.94515855304229,96.78670501708984,9404200
2021-08-26,96.67572394560635,96.74045774237159,96.16709621712619,96.36129760742188,9951100
2021-08-27,96.6849688134933,97.29531500170407,96.47226803163761,97.02713012695312,10484200
2021-08-30,97.19360340200843,97.36006276002453,96.68498268145476,96.91617584228516,6528200
2021-08-31,96.85142317771522,97.05486719304288,96.43527133599262,96.6479721069336,9621200
2021-09-01,96.85143005032793,96.85143005032793,95.91740782066731,96.27806854248047,13116800
2021-09-02,96.67571697982545,97.3230549008351,96.65721757896566,97.31381225585938,9633500
2021-09-03,97.04562271669063,97.2305743836628,96.65721292732295,96.7219467163086,9855000
2021-09-07,96.38905845425548,96.45379225890754,94.98340004544559,95.04813385009766,17842300
2021-09-08,94.85392803764705,95.3625558045101,94.456275525951,95.17759704589844,13561600
2021-09-09,95.02037131061559,95.69545831824406,94.48400158460436,94.71519470214844,9406200
2021-09-10,95.16834835348138,95.36254974609453,94.25281843129183,94.28981018066406,9547800
2021-09-13,95.01114161343415,95.25158448182844,93.82743373127072,94.53951263427734,12451000
2021-09-14,94.79843177814797,94.88165791725652,93.18932253417287,93.40202331542969,11493500
2021-09-15,93.44826361387837,94.66896302730632,93.24481253573134,94.42852020263672,9175000
2021-09-16,94.4192849166673,94.65047807613782,93.6239798836523,93.78119659423828,10516200
2021-09-17,93.457520258207,93.67947077058906,92.6437228791719,92.78244018554688,16250700
2021-09-20,91.42139431052092,91.90382599008498,90.71629532201244,91.71827697753906,21453500
2021-09-21,92.16359137249978,92.21926173519208,90.8183434244868,91.23583221435547,14345200
2021-09-22,91.50489602637859,92.58110019800405,91.50489602637859,91.95950317382812,13079900
2021-09-23,92.39556255129698,93.87998337121812,92.35845840121769,93.36971282958984,11439900
2021-09-24,93.12847379628406,93.8242932549246,93.0635309299406,93.56452178955078,8254500
2021-09-27,93.69441407955908,94.49228768089975,93.6016395608957,93.65730285644531,9338000
2021-09-28,93.39754373733281,93.63876318038507,92.35845766555629,92.57183837890625,17057300
2021-09-29,92.98005147170574,93.15632802894501,92.53472382961169,92.67388916015625,12148200
2021-09-30,92.97075707998826,93.0449795215499,90.66991801751023,90.77196502685547,24624300
2021-10-01,91.34717941086427,92.50687853056075,90.43797926483757,92.01516723632812,17051800
2021-10-04,91.85746421508993,92.44195011462382,90.93897727236738,91.51419067382812,20182900
2021-10-05,91.6811768588856,93.00787298610638,91.28224006319707,92.53471374511719,12987900
2021-10-06,91.54201352604494,92.9800433523603,91.11524507368657,92.94293212890625,14702500
2021-10-07,93.65730825371612,94.34385530352182,93.5830928814538,93.66658782958984,9669700
2021-10-08,93.5738079131209,93.88924269222477,93.25836605577499,93.65730285644531,8565100
2021-10-11,93.53669940869275,94.13046483928683,92.89654317829758,92.90582275390625,9984000
2021-10-12,93.01716641848707,93.34188081724902,92.41412134750458,92.59967041015625,10048700
2021-10-13,92.76665535155237,93.18415130566892,91.78323270636415,92.79448699951172,12416600
2021-10-14,93.54596903275274,94.57578239025189,93.3511404351504,94.5479507446289,9752800
2021-10-15,95.19737424153345,95.86536201323142,95.0674885168412,95.45714569091797,11775100
2021-10-18,94.90978486224971,95.62415645128195,94.53867970454476,95.52210235595703,6780200
2021-10-19,95.99525344212871,96.125139174539,95.42931971738034,96.08802795410156,6911200
2021-10-20,96.10657769671394,96.79312464081065,95.88391745772545,96.69107055664062,9258500
2021-10-21,96.48696562915036,96.9322932003266,96.24574623316983,96.88590240478516,7824900
2021-10-22,97.08075734708953,97.59102792353548,96.93231950191478,97.22920227050781,9826300
2021-10-25,97.0807229042901,97.82293310156929,96.7652881713031,97.45182800292969,8093600
2021-10-26,97.3497839025659,97.75800026073728,96.8395134548517,96.84879302978516,12314000
2021-10-27,97.03435856852441,97.09930852586754,95.69838975871444,95.7169418334961,9015100
2021-10-28,95.85610450557529,96.96941299586592,95.85610450557529,96.91374969482422,9260400
2021-10-29,96.73746590379831,97.29412718556286,96.55191686203828,96.94157409667969,6831600
2021-11-01,97.1363946236107,97.40544566652332,96.73745784663566,97.21061706542969,10775200
2021-11-02,97.34979792891026,97.62812859108256,97.07146726673795,97.53534698486328,8833600
2021-11-03,96.98796650591375,97.38690332273681,96.47769601524155,97.32196044921875,11567300
2021-11-04,97.60028284360209,98.06416252836871,97.48895624933314,97.71161651611328,10201200
2021-11-05,98.84347286143652,99.31663206810613,98.37959322931691,98.70430755615234,12906400
2021-11-08,99.57642857692846,99.80836845133018,98.7321640365494,99.112548828125,8928900
2021-11-09,99.29806373243798,99.60422596009025,98.81563207409202,99.36300659179688,10637300
2021-11-10,99.223862484315,99.53930435300762,98.5373225276202,98.8063735961914,10326000
2021-11-11,99.00120021055442,99.00120021055442,98.2961011167962,98.39815521240234,5921200
2021-11-12,98.6764916728763,99.34447958234851,98.36104979196216,99.17748260498047,7929000
2021-11-15,99.57639431725656,99.68772088859134,99.14034637088649,99.36300659179688,7672400
2021-11-16,99.37230459206826,99.87329549069582,99.28880256984262,99.38158416748047,6625000
2021-11-17,99.40012872360012,99.53001445658086,98.44453779742403,98.78781127929688,8164300
2021-11-18,99.11251691825646,99.11251691825646,98.07342406731132,98.58369445800781,9806200
2021-11-19,98.53733107356818,98.6115535289027,97.95284516385537,98.09201049804688,8935600
2021-11-22,98.40743663745603,99.27953271512061,98.16621721801305,98.36104583740234,11911200
2021-11-23,98.472374730134,98.88059110041368,98.01777464029469,98.52803802490234,14090400
2021-11-24,98.20332975573542,98.62082572707503,98.07344400773886,98.41671752929688,10760400
2021-11-26,95.88392932443978,96.28286613604783,95.07678320387257,95.75404357910156,14694100
2021-11-29,96.72818892517186,96.74674099719148,95.4107653080384,95.92103576660156,11693000
2021-11-30,95.1973838594974,95.49426655710876,93.39752852371758,93.49030303955078,21058800
2021-12-01,94.90977158087658,95.29014918256975,92.15432554917665,92.19143676757812,19783600
2021-12-02,92.89654184089855,95.25305145637395,92.58110705716763,94.92833709716797,21919300
2021-12-03,95.11386874070689,95.35508811124421,93.86139525385381,94.81698608398438,19584900
2021-12-06,95.76331931203785,97.02507256890122,95.60560192449043,96.42202758789062,14457500
2021-12-07,97.15497223143585,98.21261745445034,97.11786100347568,97.40546417236328,10563300
2021-12-08,97.45184648872437,97.82295165775949,97.16424334488727,97.64667510986328,10419600
2021-12-09,97.25701256492088,97.84149839647017,97.00651358122691,97.34050750732422,7325800
2021-12-10,97.77655977167898,97.94355674197851,97.2662892851409,97.73944854736328,8304100
2021-12-13,97.51679694141167,97.70234600122886,96.56120583469158,96.72820281982422,12690200
2021-12-14,96.20865211755887,97.14569114380964,95.42933757724622,95.8097152709961,13174200
2021-12-15,96.06947760639541,96.77456957263094,95.42932142928836,96.64468383789062,16908600
2021-12-16,97.26627676388101,97.69305224945091,96.34779708459227,96.69107055664062,11866200
2021-12-17,96.67250873791593,96.78384239345613,95.01182594844869,95.03965759277344,19332600
2021-12-20,93.88024989303052,93.89887905822289,92.71617574157466,93.51705932617188,17968300
2021-12-21,94.2154959530317,95.57513359585205,94.17824473070104,95.37957000732422,10497400
2021-12-22,95.33301818908816,95.81726990445085,95.17469870651959,95.64964294433594,8297000
2021-12-23,95.99421195491726,97.09309823149653,95.97558278983666,96.7764663696289,7047000
2021-12-27,96.92547855289413,97.83810877196062,96.78578822407306,97.80085754394531,5196000
2021-12-28,97.7077356181281,98.54587050834121,97.65186232709571,98.29443359375,5368600
2021-12-29,98.145419909451,98.68555202432701,98.02435875471457,98.47135925292969,5922300
2021-12-30,98.57379247065836,99.05805127062379,98.04297497008298,98.11747741699219,6190400
2021-12-31,97.94984641139847,98.92767144802872,97.8380927456583,98.53653717041016,7726100
2022-01-03,98.74142576715494,98.95561853954314,97.22347561482066,97.72635650634766,10188300
2022-01-04,98.35962109091545,99.87757136601722,98.24786740433396,99.69132232666016,14572600
2022-01-05,99.95207224143337,100.46426064402974,98.70418096167062,98.7414321899414,16196100
2022-01-06,99.08599969814392,99.56094397250368,98.69487246276307,99.19774627685547,10437800
2022-01-07,99.22567255975734,99.83098536774543,99.13254095396472,99.16979217529297,11614900
2022-01-10,98.92767787963326,99.01148780567908,97.28865953360673,98.05229187011719,15670900
2022-01-11,98.15471777994655,98.75072307938535,97.09308289626223,98.63896942138672,11966500
2022-01-12,99.0580512708815,99.45849304183903,98.63898033572445,98.95561218261719,9938000
2022-01-13,99.22567255975734,100.05449269571493,98.82523081165864,99.16979217529297,10995400
2022-01-14,98.26648945334577,98.65762380385674,97.57735948188092,98.57380676269531,14758600
2022-01-18,97.65186063349815,97.84742425366525,96.87891363121003,97.43766784667969,13878100
2022-01-19,97.69841370440734,97.82878943418322,96.27358104909484,96.34808349609375,13367000
2022-01-20,96.53435372940561,97.53080101265293,94.99777428385157,95.11883544921875,16726100
2022-01-21,95.12812392042063,95.84519034220989,93.87092548458865,94.24342346191406,33329600
2022-01-24,92.66962133446503,94.92326729097145,91.30998351512781,94.78357696533203,37356500
2022-01-25,93.13523608189212,94.6345639864434,91.60797153768178,93.85230255126953,28146300
2022-01-26,94.39244413512448,95.44476459658674,92.08291792247006,93.03280639648438,27633700
2022-01-27,93.80573876245903,94.5786784692056,91.59865198490378,92.20397186279297,23186100
2022-01-28,91.81285158949724,92.85586457023965,90.27627941819598,92.84654998779297,22967200
2022-01-31,92.22261836521086,93.91751020959674,92.00843267937908,93.81507110595703,12183200
2022-02-01,94.40177550272018,95.41684491971108,93.83370665479,95.10952758789062,17200700
2022-02-02,94.98845931627447,95.96628453356722,94.59733207133553,95.77071380615234,14199200
2022-02-03,95.11880933950445,95.56581685921583,94.11304774886146,94.24342346191406,14007400
2022-02-04,93.72194463683745,94.1503231045382,92.45543129539813,93.22837829589844,16025200
2022-02-07,93.47049866259312,94.02925282258344,92.97692526457463,93.30287170410156,10452100
2022-02-08,93.54500143527798,94.42038752190794,93.17250336900116,94.23413848876953,10376500
2022-02-09,95.02569125328597,95.65894780436408,94.997754613597,95.52857208251953,13166200
2022-02-10,94.40175089815975,95.69620066214192,93.47979914299286,93.96405792236328,15560000
2022-02-11,93.99200701842844,94.42970005222834,92.07361502001525,92.5299301147461,18726900
2022-02-14,92.66031571004045,92.92106722047336,91.44967557737819,92.18537139892578,15297400
2022-02-15,93.09799278227031,93.97337879244105,93.04211949819799,93.57293701171875,10542100
2022-02-16,93.32150270684647,94.39245242734013,93.08868785912807,94.06651306152344,8222600
2022-02-17,93.32149939823178,93.52637759375146,92.18536184485532,92.34368133544922,10912200
2022-02-18,92.17602945433671,92.87447378396008,91.28201446006884,91.58001708984375,11969700
2022-02-22,91.51484864704169,92.04566616594488,90.20177672341572,90.69534301757812,16809500
2022-02-23,91.0864634021624,91.23546828997262,88.88869104157018,89.02838134765625,16296200
2022-02-24,87.71530357280908,90.36007620755562,86.97960797527062,90.16451263427734,27356100
2022-02-25,90.37872085583861,92.62305214749505,90.33215504734142,92.31573486328125,13511700
2022-02-28,91.45895999545269,93.2097246344384,91.41240130105797,93.02347564697266,18310700
2022-03-01,92.6882535617022,93.27495157274832,91.03992743221343,91.63593292236328,21884800
2022-03-02,92.08291772848392,94.03856795735423,91.95254199388518,93.59156036376953,16881400
2022-03-03,94.28069105477041,94.53213504857229,93.28424387198633,93.69400024414062,14831600
2022-03-04,92.74409506482739,93.6008588800597,92.19465557831936,93.48910522460938,17167400
2022-03-07,93.19113442701826,93.87095696299944,90.95611028886191,90.98404693603516,16533900
2022-03-08,91.20754692145215,92.85587291541843,90.34147540463724,90.42528533935547,22316800
2022-03-09,92.01772710177828,92.76273736709669,91.64522907406352,92.06429290771484,18757400
2022-03-10,90.90952378682236,92.12015645888745,90.82570676598024,91.94322204589844,13317200
2022-03-11,92.4740556955927,93.04212446379398,91.1516620274344,91.2075424194336,10695200
2022-03-14,91.75696855563808,92.51128623994569,90.87227515070802,91.51483917236328,12988000
2022-03-15,92.35299385886631,93.15387751877233,91.79423963461558,92.9676284790039,11204900
2022-03-16,93.55430535637605,94.36450347857772,92.33435798697846,94.1968765258789,15840900
2022-03-17,93.59157109382063,95.45408992155836,93.59157109382063,95.40752410888672,10897900
2022-03-18,95.23989622946509,95.85453084717949,94.53214419717904,95.77071380615234,14921800
2022-03-21,95.54740021065193,96.34160266213532,95.38855401748962,95.9865493774414,10821400
2022-03-22,96.28554470574133,96.75272346291895,96.00523460000191,96.5097885131836,8292000
2022-03-23,96.10803110814928,96.30424536464763,95.56610194529665,95.58479309082031,10475400
2022-03-24,96.07062557092469,96.36027407771282,95.57541729986845,96.31356048583984,7698900
2022-03-25,96.51913162342981,96.94893521364489,96.08932090463281,96.91156005859375,7350200
2022-03-28,96.82746498800971,96.96762003847903,96.05195368209921,96.93959045410156,7940900
2022-03-29,97.57494417728863,97.89262227355611,96.89286013444774,97.83656311035156,12157500
2022-03-30,97.73379472887602,98.32244452613409,97.29464555586829,97.72444915771484,8731200
2022-03-31,97.4721819075778,98.0701701850993,96.20145503569898,96.22014617919922,9441900
2022-04-01,96.6312344683297,96.71533033585817,94.77186535626244,95.4726333618164,11182200
2022-04-04,95.28578391779925,95.42593184424493,94.17389617744863,95.35118865966797,10436500
2022-04-05,94.97743898128259,95.74361182742868,93.80014656403016,93.9963607788086,15332800
2022-04-06,93.21150369885902,93.53852738938163,92.6321994980891,93.26756286621094,15573200
2022-04-07,92.93119632571617,93.92161299703338,92.09027314790816,93.58525085449219,12381300
2022-04-08,93.43574850910828,93.89358168079998,92.84710585979037,93.06200408935547,12923200
2022-04-11,92.76300048828125,93.80948333080251,92.59481587302928,92.76300048828125,11246300
2022-04-12,93.04332135484898,93.95898771081565,92.21174375197677,92.61351776123047,11473900
2022-04-13,92.80038356222796,93.58524754327284,92.79103799153242,93.48246765136719,7661100
2022-04-14,93.78145843092248,94.28601230186389,93.3609933075139,93.37968444824219,8252400
2022-04-18,93.11806231338451,93.99635342579438,92.66022205280163,93.05265045166016,8701000
2022-04-19,93.36099848920504,94.87466018604,93.31428489195463,94.74385070800781,10920100
2022-04-20,95.54740715914645,95.91180604136937,95.12694197525514,95.25775146484375,8623000
2022-04-21,96.20145474619822,96.35095537941999,94.06177505114391,94.28602600097656,11117200
2022-04-22,93.80947314498536,93.86553230112207,91.88469228418721,91.96878814697266,12030400
2022-04-25,91.43620477793277,92.10894316589481,89.87582981776437,91.96878814697266,16391100
2022-04-26,91.28671623311618,91.6324310415885,89.93190083815573,89.95993041992188,14594100
2022-04-27,89.91322754735462,91.10920403585554,89.49276238498398,90.29631042480469,13363100
2022-04-28,90.54857789832323,91.66980391255917,89.44603589527271,91.31475067138672,13461600
2022-04-29,91.17461005924898,91.64178882717474,88.71724517766688,88.894775390625,15135400
2022-05-02,88.80133156784913,89.87584404490468,87.36242026106069,89.08163452148438,19101300
2022-05-03,89.26851408623232,90.25893072935503,88.8947696702258,89.6702880859375,13315900
2022-05-04,89.62355863823072,92.48269708312435,89.38063085076364,92.26779174804688,18468900
2022-05-05,91.38016206199302,91.82864964893481,89.137702741539,89.8571548461914,24943700
2022-05-06,89.4927824184003,89.53015758310535,87.79225163153141,89.24984741210938,24153900
2022-05-09,88.21269445186441,88.55840216243664,86.73640790012317,87.09146118164062,21188700
2022-05-10,88.03516905275637,88.2967880248494,85.66190003242578,86.5215072631836,22935000
2022-05-11,86.45609302441194,87.96040907730547,85.59648588806752,85.73664093017578,21838600
2022-05-12,85.29750427322105,86.43742166058696,84.26971236166547,85.89549255371094,18517400
2022-05-13,86.66166949511518,87.48390163670351,86.10105634727846,86.98869323730469,12837800
2022-05-16,86.73640091980532,87.55863288226612,86.14775118352168,86.8672103881836,10865900
2022-05-17,88.26875594284681,88.96952408195664,87.5306126475546,88.83871459960938,9490500
2022-05-18,88.04449027732852,88.20332930523531,85.27878643507422,85.53106689453125,11173000
2022-05-19,84.63409074838171,85.8487510301731,83.79316770493789,84.76490020751953,14482000
2022-05-20,85.02652791721691,85.20405811379457,82.26083072171305,83.84923553466797,15695100
2022-05-23,84.66212714211872,85.43764551840836,84.24166915084824,85.22274017333984,11989100
2022-05-24,84.78358226427925,85.37223194541572,83.38204626702972,85.17601776123047,9917000
2022-05-25,84.8957157613101,85.99825780218093,84.59672167201876,85.67123413085938,9460100
2022-05-26,86.44674738736899,87.83894510836835,86.26922432084477,87.40914154052734,8028100
2022-05-27,88.10056762985259,89.2217937542318,87.98844216598194,89.20310974121094,8669600
2022-05-31,88.2687367581164,89.10031419883467,87.64271906743289,88.48363494873047,14498300
2022-06-01,89.00687817487243,89.2217763613383,87.22225231454745,87.94171142578125,8713700
2022-06-02,88.549053171252,89.67028639816775,87.7641963281345,89.62356567382812,8432500
2022-06-03,88.82002223831368,89.51145192532576,88.71724234236817,89.27786254882812,6828800
2022-06-06,89.922568242535,90.20287835780378,89.46473504093952,89.65160369873047,8334500
2022-06-07,88.85737899760545,90.95033738171057,88.55838494273328,90.85690307617188,7427700
2022-06-08,90.1748273945022,90.39907115640698,89.00688073873467,89.21244049072266,7028700
2022-06-09,88.83870074257027,89.19375397804855,87.45584869384766,87.45584869384766,6737800
2022-06-10,85.90484378559202,86.10105803475128,84.84901508908062,84.87704467773438,10416600
2022-06-13,83.20453887757036,83.32600278723139,81.81234105909634,82.32624053955078,18353300
2022-06-14,82.68128716681936,83.29796649369682,81.438597199904,82.12067413330078,10512800
2022-06-15,82.76538535876432,83.90530259834895,81.63481368976463,82.91487884521484,13335200
2022-06-16,81.29844030303494,81.34515389642232,79.72871956787658,80.14917755126953,13500700
2022-06-17,80.05574423138438,80.73782828626968,79.01860692229852,79.94361877441406,14253500
2022-06-21,81.20491711900907,81.71168621883805,80.64184272804776,81.40199279785156,9161600
2022-06-22,80.2570576046983,81.60844164851676,80.09752119949145,80.95152282714844,11136800
2022-06-23,80.91401301319218,81.23308593964805,79.53447582672295,80.53862762451172,9744400
2022-06-24,81.30813137055365,83.36335998853733,81.27059213096972,83.35397338867188,9634000
2022-06-27,83.79506663333098,83.79506663333098,82.78152844910626,83.15691375732422,6361300
2022-06-28,83.7106156187653,84.64907546722627,82.12462334358499,82.19031524658203,6476300
2022-06-29,82.34984574725875,82.35923234983109,81.0641532702861,81.7116928100586,6818200
2022-06-30,80.71691155651675,82.32167660052275,80.34152628753722,81.96505737304688,8708500
2022-07-01,81.81492528580849,82.95046077956266,81.18615894098164,82.67830657958984,11717900
2022-07-05,81.28937197881316,81.47706103220479,80.0224458088451,81.43952178955078,10994500
2022-07-06,81.62722646153908,82.41552915932687,80.85768980708373,81.90876007080078,9781700
2022-07-07,82.48122248458658,83.08183611997374,81.93691414005467,82.87537384033203,5865600
2022-07-08,82.65953643901432,83.02553516846112,81.86184708406306,82.5,4912800
2022-07-11,82.02137518257724,82.49999161083083,81.7586076250667,81.94629669189453,7985000
2022-07-12,81.57093538509505,82.8003227619313,81.40201231132494,81.69293975830078,8018000
2022-07-13,80.38847196373699,81.38323708605435,80.18200965686805,80.69815826416016,9498600
2022-07-14,79.54384596678307,80.33214867596,79.09338216162531,80.2383041381836,6825200
2022-07-15,81.36445056950448,81.6178386900752,80.51045599247499,81.49583435058594,7855600
2022-07-18,82.21844917624077,82.53752201532559,80.75445443713852,81.0078353881836,6282000
2022-07-19,81.67413320873762,84.04843471645397,81.65536716814884,83.89828491210938,7326900
2022-07-20,83.92644252910695,84.77105760324346,83.62613574273381,84.54582214355469,8260600
2022-07-21,84.30183578735995,85.17460358665905,83.97337632738271,85.15583038330078,5899300
2022-07-22,85.43736955219805,85.70952371675452,84.48952327700195,84.88367462158203,5969800
2022-07-25,84.97751471918953,85.53120241435957,84.46135910515125,85.28720092773438,6154900
2022-07-26,85.01506640779496,85.6063006402125,84.63030162849002,84.82737731933594,5522200
2022-07-27,85.38106243512198,86.56351644354855,84.81798091505718,86.1412124633789,8662100
2022-07-28,86.57291146035047,88.03690637112011,86.32890992192898,87.94306182861328,8668500
2022-07-29,87.97121280640621,89.94197680117944,87.97121280640621,89.75428771972656,9000600
2022-08-01,89.19121792295557,90.1390643009796,89.02229487696991,89.84813690185547,8599400
2022-08-02,89.51027684447817,90.00766646219087,88.73136079384629,88.90028381347656,10039900
2022-08-03,89.28504801014266,90.01704537091784,88.66566838174779,89.73551177978516,5509400
2022-08-04,89.75428667784523,90.32674767747464,89.547824394716,90.06398010253906,5339300
2022-08-05,89.14427092514774,90.27042668455393,89.14427092514774,90.2047348022461,7857300
2022-08-08,90.90859455285286,91.1619755238369,89.94197503866202,90.17658996582031,5606000
2022-08-09,90.16721694866389,90.30798734696526,89.6604478107069,89.84813690185547,4398000
2022-08-10,91.27459224918444,92.1098208077691,91.07751657175338,91.81889343261719,5967000
2022-08-11,92.41949485396147,93.12333948005521,92.1285675397925,92.30687713623047,5711600
2022-08-12,92.72919611268743,93.72396821456046,92.40073666579117,93.69580841064453,7808200
2022-08-15,93.04827563597793,94.05242717407377,92.90750525664359,93.9210433959961,6558400
2022-08-16,93.47058545690984,94.75627783404245,93.47058545690984,94.34335327148438,5564200
2022-08-17,93.23597105875245,94.02428094084506,93.09520066982026,93.59259033203125,6578800
2022-08-18,93.76150144664533,94.10872691400445,93.44242146163916,93.96795654296875,7003400
2022-08-19,93.3861281864965,93.41428083234834,92.51336036569263,92.75735473632812,6893400
2022-08-22,91.62181588817508,91.76258627200853,90.87105244086192,90.99304962158203,5804800
2022-08-23,91.0305882644926,91.7625856637192,90.88043128009785,91.16197204589844,9874700
2022-08-24,91.2558027722873,91.73441913777195,91.07750033014831,91.46226501464844,6443800
2022-08-25,91.87519454934407,92.8887326167114,91.79072946379092,92.8605728149414,6045900
2022-08-26,93.03890494451922,93.08583079894802,89.57598595617306,89.64167785644531,8006200
2022-08-29,89.06920517610577,89.95135234231614,88.72197254224807,89.23812103271484,6386900
2022-08-30,89.43520629981658,89.55720347511081,87.58643966873068,87.95243835449219,9546600
2022-08-31,88.30907114381931,88.46860760119597,87.11723027534356,87.21107482910156,9683700
2022-09-01,86.63859544586604,87.3893660371336,86.26321015023227,87.33305358886719,8790000
2022-09-02,88.30905603981375,88.42167378099,86.08491114064722,86.48844909667969,9839300
2022-09-06,86.52598790771205,87.06090969007876,85.87845553529749,86.62921905517578,11438600
2022-09-07,86.31953280741158,88.24337104026148,86.30075960247616,88.01814270019531,7934100
2022-09-08,87.48320977679653,88.31843829306202,86.92951485979103,88.28089904785156,6979900
2022-09-09,88.8533584473532,89.61350845985037,88.81581920280189,89.42581939697266,7440000
2022-09-12,89.94197356173987,90.42059001004974,89.49151691852526,89.96074676513672,5874000
2022-09-13,88.02749860637662,88.72195658934439,86.24442423292345,86.57288360595703,11236300
2022-09-14,86.52598125295312,86.7887559825742,85.324753985631,86.40398406982422,8889400
2022-09-15,86.3382802000005,86.94828035078051,85.23089762408362,85.5030517578125,10688800
2022-09-16,83.58859456401579,84.0953635967638,82.99736760574896,83.71997833251953,19141400
2022-09-19,83.14005967650861,84.97882002947507,83.08348486982243,84.85623168945312,8455400
2022-09-20,84.224458202517,84.28103301088352,83.10234320890352,83.80013275146484,6652500
2022-09-21,84.54507841423285,85.20514192596198,82.67803031881616,82.68746185302734,10846700
2022-09-22,82.48944154501693,82.61202271128737,81.32017592180352,81.44276428222656,8925600
2022-09-23,80.63182957348234,80.71669180243508,78.93451305289732,79.9151840209961,13831600
2022-09-26,79.67000775755791,80.34893430850137,78.7176314736284,79.0759506225586,9241600
2022-09-27,79.79260643701593,80.04720032947931,78.14244032105681,78.81193542480469,12179600
2022-09-28,79.15138648082554,80.99013984748748,78.8967854336556,80.54695129394531,11920100
2022-09-29,79.83974097994238,79.91517886357836,78.41588869561419,79.1513900756836,9357400
2022-09-30,78.92506728256397,79.63228117288857,78.02926589914685,78.11412811279297,8935700
2022-10-03,78.98165330363555,81.10329508253794,78.73648379482202,80.47151184082031,8612500
2022-10-04,81.6973515311864,83.290942534381,81.6973515311864,83.27207946777344,9676100
2022-10-05,82.36684556779414,83.52667954968521,81.97080750340284,82.81946563720703,7055800
2022-10-06,82.39515446692991,83.00807478979519,81.6596529571531,81.86710357666016,8813300
2022-10-07,81.08444065373205,81.21645335850604,79.81145688960962,80.30179595947266,7415200
2022-10-10,80.97128476474188,81.40504178895297,79.90574448029835,80.58467102050781,7564300
2022-10-11,80.26405924171904,81.6596238671849,80.04717716381693,80.56580352783203,8661700
2022-10-12,80.51865370254058,80.89583586172718,79.89630925491127,79.93402099609375,6727400
2022-10-13,78.12356109305784,82.12167501273522,78.03869887783951,81.69734954833984,18956100
2022-10-14,82.27255787567545,82.4140021074154,79.73601482070347,79.90574645996094,9432900
2022-10-17,81.32018336786105,82.09340376670697,81.22588960100731,81.65021514892578,9541100
2022-10-18,83.41351350784677,83.83784612489156,82.45170585868401,83.62096405029297,10160500
2022-10-19,83.21551165031467,83.78128139550894,82.36685343544693,83.02692413330078,7705500
2022-10-20,82.78174742633642,83.27207924453843,81.2541627720594,81.3956069946289,8773200
2022-10-21,81.47104845083311,83.80014087643042,81.17872845957665,83.63040924072266,13148200
2022-10-24,84.22445377588603,85.06368029525598,83.98871582787984,84.74308013916016,9388700
2022-10-25,84.64879931702417,85.95007770345632,84.60165603271253,85.88407135009766,9807900
2022-10-26,86.66672910826773,87.42108645562138,85.87464562026994,86.18582153320312,10250400
2022-10-27,87.02503916868334,88.24144808717666,87.01560763451288,87.19477081298828,9223900
2022-10-28,87.373937107458,89.29755288597855,87.14762344421199,89.22212219238281,9161700
2022-10-31,88.78837328969665,89.5332991186847,88.53377219368245,88.967529296875,9144900
2022-11-01,89.62759287533581,89.74074251410492,88.32631447626682,88.88265991210938,9673000
2022-11-02,88.43946745820804,90.25936507541412,87.27020901220521,87.31735229492188,13884600
2022-11-03,86.43097548143703,89.02409323266626,86.3743934748413,88.23200988769531,13331000
2022-11-04,89.45785870594977,89.90104010224736,88.16601187784462,89.64644622802734,11497500
2022-11-07,90.05190767423905,90.7496900753627,89.48613796537792,90.60824584960938,8286900
2022-11-08,90.90055863728958,91.82464740995981,90.30649437499284,91.40032196044922,8951500
2022-11-09,90.85341200474043,91.46633216425916,90.01418540886857,90.1273422241211,9217600
2022-11-10,92.69217533615078,94.03116531749991,92.2584111280751,93.90857696533203,18633600
2022-11-11,94.13488581084984,94.52149233208209,93.46539085425603,93.85199737548828,9975400
2022-11-14,93.5785463891796,94.54036137489409,93.24851465649412,93.27680206298828,8854100
2022-11-15,94.28576521816859,94.4649283941266,93.107075258766,93.91801452636719,10514100
2022-11-16,93.80486691383494,93.993454433738,93.03164657158804,93.23908996582031,9612000
2022-11-17,92.04152793302934,93.11649243471828,91.56062048938384,93.07877349853516,8753800
2022-11-18,93.91801946067685,94.19147640892356,93.16366216351796,93.76715087890625,7661500
2022-11-21,93.52197196157461,94.35176706348209,93.49368455496388,94.06888580322266,7072600
2022-11-22,94.48378414649409,95.01184213965084,94.3894903886937,94.79496002197266,7470200
2022-11-23,94.9081202605031,95.51160896510868,94.84211390825413,95.15328979492188,5649000
2022-11-25,95.36071171045245,95.70960646183337,95.24756210017307,95.5210189819336,2665900
2022-11-28,95.09669805407489,95.18156746637122,93.48425116196542,93.78599548339844,7870200
2022-11-29,93.99344775171859,94.51207418581181,93.71055929782189,94.36119842529297,5563400
2022-11-30,94.34234053401767,95.93592435403066,93.29566334880478,95.91706848144531,18295400
2022-12-01,96.27538235533092,96.52055185046207,95.2098493557309,95.94535064697266,13848600
2022-12-02,94.9175434480546,96.83173468909803,94.9175434480546,96.49227142333984,10767900
2022-12-05,95.61532310060075,95.72847272316213,94.71009014934967,94.87982177734375,11070700
2022-12-06,95.0967033694375,95.14385384492115,93.05049935053147,93.7577133178711,8854500
2022-12-07,93.58797373506103,94.29518764237886,93.45596104789384,93.63512420654297,7173700
2022-12-08,93.97458475913679,94.76666085939566,93.85199641446458,94.19145965576172,6462400
2022-12-09,94.14432857510032,94.54037390094882,93.38997125675012,93.41825866699219,7208000
2022-12-12,93.63512982414274,95.04955772363643,93.55969194290651,95.0212631225586,7043300
2022-12-13,97.3409191407902,97.41634981852262,94.68179530717173,95.37957763671875,17589500
2022-12-14,95.49273698499515,96.44512043069898,94.65351035865237,95.20042419433594,10428900
2022-12-15,93.91800214401152,94.34233478994305,92.41871216651437,92.89961242675781,11588400
2022-12-16,92.02267830158,92.70160486368485,91.59835279734074,92.50358581542969,17357100
2022-12-19,92.25345706976849,93.10615857896393,91.57129007962071,92.01659393310547,8814700
2022-12-20,91.8176257080892,92.72717924526115,91.71340535428408,92.13027954101562,9294200
2022-12-21,93.2103835104128,94.0251933187885,92.89772964833021,93.86412811279297,8220700
2022-12-22,93.2198580895432,93.29565603022908,91.23968568142823,92.67033386230469,11024700
2022-12-23,92.66085514106273,93.35249140131207,92.25345028681727,93.2198486328125,6142400
2022-12-27,93.36197765284699,93.96834672285964,93.00194827642996,93.50409698486328,5213800
2022-12-28,93.67463969648155,93.89254974311292,92.26293014008886,92.2818832397461,6803900
2022-12-29,92.70824137626803,93.70306956110369,92.6324434285969,93.41883087158203,8309000
2022-12-30,92.85981355516849,93.22931942008057,92.17764665733439,93.04930114746094,6874400
2023-01-03,93.58935924404621,93.74095511769038,92.38609771807435,93.24827575683594,11407700
2023-01-04,93.55146897229854,94.3757553477649,93.34302824090544,94.07257080078125,12236000
2023-01-05,93.54199494650635,93.75990498855707,92.8029758736894,93.05879211425781,9649600
2023-01-06,93.99677851659851,95.87273798360083,93.82623674687102,95.60745239257812,16270200
2023-01-09,95.84431249342026,96.70649063665773,95.05792506769981,95.18109130859375,12846700
2023-01-10,94.86842369259008,95.7590314258321,94.81157885123062,95.70218658447266,9166200
2023-01-11,96.26117161818632,96.6401540601986,95.73060053646246,96.62120819091797,7395400
2023-01-12,96.97177235726139,97.56867212268251,96.15696254136085,97.18968963623047,9883200
2023-01-13,96.36539934704723,97.15178670943367,96.11905965660907,97.07598876953125,14206900
2023-01-17,97.01913514778141,97.15177791636063,96.14748060326406,96.25169372558594,9274900
2023-01-18,96.58332258611253,96.80123264118734,94.38523279252355,94.44207763671875,15026000
2023-01-19,93.86412031078109,94.10098343937683,92.49031705632139,92.49978637695312,17155600
2023-01-20,92.57559944740642,93.81676013103933,92.19661693399853,93.78833770751953,12816500
2023-01-23,94.08204912749397,95.3232097606943,93.68411352891555,94.81158447265625,11113600
2023-01-24,94.28100402558526,95.72112870197338,93.78832465815752,95.43689727783203,11341200
2023-01-25,94.39469342840222,95.16213489686966,93.60831331826553,94.90631866455078,11728300
2023-01-26,95.57900257682427,95.57900257682427,94.2430983528618,95.42741394042969,14985500
2023-01-27,95.21897886203588,96.28012829340123,95.14318092511927,95.82534790039062,14187300
2023-01-30,95.22845071936564,96.15695010113515,94.8115693153531,94.88736724853516,10057900
2023-01-31,95.17160425088628,96.52646166509766,94.83052076000166,96.49803924560547,10367500
2023-02-01,96.10959301939978,97.90027783578617,95.67376569552427,97.19915771484375,16673700
2023-02-02,97.5592020477638,98.52560058529193,96.95283292059122,97.9571304321289,13459800
2023-02-03,97.32232937333845,98.25082884614413,97.18968659150907,97.44549560546875,13567600
2023-02-06,96.97176266665598,97.57813169298757,96.82017402431757,97.20862579345703,10260900
2023-02-07,96.92440954139349,97.7676418264427,95.92958136180098,97.51182556152344,10946100
2023-02-08,97.00967105358232,97.42655251034606,96.64016511817437,96.96229553222656,7429700
2023-02-09,97.43601811168752,97.66341193132558,95.8253516459429,96.09063720703125,8882400
2023-02-10,95.87271209943195,96.84858692943283,95.76849175559803,96.77278900146484,7710500
2023-02-13,96.96229472129168,97.71078313581678,96.79176019421243,97.65393829345703,5781400
2023-02-14,97.31284342412945,97.83394517990382,96.38434404100813,97.38864135742188,7722200
2023-02-15,96.8486088219349,98.0234480570564,96.65911395917988,97.99502563476562,6005600
2023-02-16,96.73490725275094,97.72025880622637,96.56436549871694,96.98124694824219,8838600
2023-02-17,96.91491502099348,97.6728726676998,96.53593258339593,97.61602783203125,8779000
2023-02-21,96.88651178849595,97.18969635291243,95.28531446753598,95.38005828857422,9805000
2023-02-22,95.46531846455512,95.9295681779331,94.74525252141541,95.14318084716797,8867100
2023-02-23,95.6263923190274,96.16644001816717,94.57471934251998,95.58849334716797,8995600
2023-02-24,94.60314360513625,95.1905668376532,94.17679281327858,95.03897094726562,9288400
2023-02-27,96.18535608329222,96.61171396322085,95.66426164580727,95.88217163085938,8677600
2023-02-28,95.7590351973297,96.26118392508744,95.56954756634218,95.66429138183594,10854200
2023-03-01,95.57900934865535,96.54541498453486,95.40846760282304,96.04326629638672,10365100
2023-03-02,95.46531285337296,97.36021779242411,95.46531285337296,97.17072296142578,10570200
2023-03-03,97.55918300609066,98.3834620373221,97.00965883294387,98.22239685058594,12097400
2023-03-06,98.28872136410526,98.70560278162463,97.90026959381684,98.04238891601562,9715000
2023-03-07,98.051855193195,98.19397451098257,96.70647440558197,96.78227233886719,11034200
2023-03-08,96.8580701755461,97.24652193339001,96.30854600250957,97.00965881347656,11508800
2023-03-09,97.55918179752868,97.87184284684126,95.43689029294599,95.5790023803711,11018100
2023-03-10,95.42743314859796,95.91063602956429,93.50410540380769,93.79781341552734,27405100
2023-03-13,92.84089199083868,94.13890484720596,92.46190944904984,93.26725006103516,28616500
2023-03-14,94.46100456904479,95.20949285766449,93.15352281527848,94.25257110595703,15383900
2023-03-15,92.53770460635843,92.67982395879534,90.4817339570414,91.93133544921875,34251600
2023-03-16,91.33442299505798,93.39039319758693,91.0786067705655,93.11563110351562,24105200
2023-03-17,92.70824255050422,92.8693077699778,91.15442074601623,91.59024810791016,23170200
2023-03-20,92.00407056721367,93.0315192862472,92.00407056721367,92.8031997680664,14476200
2023-03-21,93.88771977523326,94.2682498586855,93.39301905371163,93.87820434570312,11495200
2023-03-22,93.84967763786861,94.31583213200666,92.04213047155238,92.08018493652344,14178400
2023-03-23,92.22288102409046,93.37400129225868,91.24300220744334,91.81380462646484,15857500
2023-03-24,91.12884037721071,92.26093706261561,90.5580379484377,92.19434356689453,15993200
2023-03-27,92.93637338615291,93.27885624321848,92.356055614911,92.96491241455078,7668400
2023-03-28,92.78417074102411,93.81161948035977,92.78417074102411,93.44059753417969,9909000
2023-03-29,94.28728578180858,94.84857276574895,94.10652890175825,94.80101013183594,9387900
2023-03-30,95.2671597901983,95.45742483255769,94.69635740497402,95.00078582763672,8160100
2023-03-31,95.5620876058814,96.31364697862334,95.36230710297237,96.2565689086914,12006400
2023-04-03,96.04725806732931,96.81784092439794,95.7333142151361,96.42779541015625,11174100
2023-04-04,96.48489623096151,96.48489623096151,93.9162812627271,94.26827239990234,18801900
2023-04-05,93.78307473091932,94.20165928731677,92.75562605420988,93.04103088378906,16606700
2023-04-06,93.06958227662788,93.39303435217532,92.60342050918983,93.01249694824219,10886000
2023-04-10,92.65097870460721,93.8782078667644,92.65097870460721,93.85918426513672,10568900
2023-04-11,94.13505875378007,94.85807894532668,94.05895709531131,94.42046356201172,9753200
2023-04-12,94.93420126708094,95.29570778482771,94.47755496105893,94.73442077636719,11277200
2023-04-13,94.77245869486912,95.2671521200625,93.7640337287454,95.08639526367188,12289300
2023-04-14,94.7629635919599,95.49549208714846,94.41096523247354,94.97225952148438,9255000
2023-04-17,95.21008395243221,95.75234731977994,95.07689696804128,95.72380828857422,8007100
2023-04-18,96.18998875999532,96.7512758806318,95.82848216999969,96.18047332763672,9924700
2023-04-19,95.83798084394917,96.26608815986908,95.67625480062604,96.10435485839844,7734400
2023-04-20,95.54305231229705,96.30412702295953,95.54305231229705,95.93309783935547,9265100
2023-04-21,96.10433230291493,96.24703470806296,95.34326490570186,95.71428680419922,10668600
2023-04-24,95.71428457690511,96.275571497108,95.56206674611715,95.9426040649414,6942000
2023-04-25,95.37182414595905,95.40987861260595,94.10654034800244,94.17313385009766,12306900
2023-04-26,93.5642630922768,93.81161345990516,92.20384695754032,92.39411926269531,16058800
2023-04-27,92.6700217246651,94.33486652418588,92.52731929021957,94.220703125,14421500
2023-04-28,94.10653107359656,95.28619764894945,94.10653107359656,95.13397979736328,10714800
2023-05-01,95.14349614165856,96.18996847785358,95.13398071130635,95.647705078125,8551100
2023-05-02,95.30522287594145,95.47646433282164,93.57378470444041,94.64879608154297,12240400
2023-05-03,94.96274289845155,95.61916971314692,94.22069898174219,94.28729248046875,13371600
2023-05-04,94.19215814138481,94.39193863373323,92.74611754227215,93.25984191894531,15150000
2023-05-05,94.1160449756833,94.95322137137397,94.00188158884735,94.6678237915039,9231300
2023-05-08,95.03886047742627,95.20058652360282,93.9828725742656,94.32535552978516,7610200
2023-05-09,94.09703720733866,94.67734789483404,93.90676486392826,94.53465270996094,8068100
2023-05-10,95.13397828338857,95.24814167026139,93.11713533084799,94.19215393066406,12580500
2023-05-11,93.69744718158371,93.82112599064939,93.09810576969414,93.62134552001953,11573800
2023-05-12,94.03042579734522,94.32534608170332,92.99346886121762,93.68795013427734,8552400
2023-05-15,93.64989115902786,94.46804395828302,93.31691642633477,94.14458465576172,8433600
2023-05-16,93.6974500618518,93.79258258534095,92.86978912353516,92.86978912353516,9416200
2023-05-17,93.4501147671376,94.77247655121393,93.40254487234186,94.46804809570312,12387400
2023-05-18,94.3158234996313,95.30521772388197,94.0494495273612,95.15299987792969,10813000
2023-05-19,95.88553783263426,95.9806703595362,94.43949729439704,94.9246826171875,10028200
2023-05-22,94.96274823723388,95.49549625699731,94.1350799138322,94.90567016601562,9038600
2023-05-23,94.48706597517831,94.7534399503463,93.60231969585811,93.76404571533203,11744600
2023-05-24,93.48814837250411,93.51669466011677,92.42265256229851,92.55583953857422,11654900
2023-05-25,92.62244032672521,93.08859478043,92.03260705805538,92.86027526855469,14259300
2023-05-26,93.13617157146226,93.91626994812577,93.02200817799431,93.55475616455078,10790500
2023-05-30,93.68794537833098,93.91626489483487,92.94589424793686,93.41205596923828,9828300
2023-05-31,93.05053809140347,93.18372507498816,91.83282437968843,92.13725280761719,13021500
2023-06-01,92.35606189727146,93.52620569005452,92.04211804724828,93.31690979003906,12573600
2023-06-02,94.29681332353246,96.31364926252384,94.23972799409961,96.02825164794922,21451300
2023-06-05,96.22801973766873,96.22801973766873,95.23862550023064,95.36229705810547,9655500
2023-06-06,95.1339788051538,96.11385762554343,95.04836170813951,95.9616470336914,10509400
2023-06-07,96.01873497654368,97.56941637766529,95.68576746810007,97.50282287597656,13384300
2023-06-08,97.33156649034203,97.90237614093846,96.87492747964035,97.6740493774414,10074600
2023-06-09,97.69307994655408,97.75967343783965,96.77979466971792,97.41719055175781,9870800
2023-06-12,97.51233756650198,98.2829205456399,97.15083102552991,98.11167907714844,9905000
2023-06-13,98.29242543295287,99.33889773563645,98.16875387492136,99.25328063964844,14474000
2023-06-14,99.52917901963417,99.76701398523994,98.55880829540024,98.9869155883789,14953600
2023-06-15,98.94886434670664,100.68030266240184,98.89177901756133,100.48052215576172,12776600
2023-06-16,100.7944488916279,101.4128212131645,100.1665683979583,100.31877899169922,14448400
2023-06-20,99.67882740823217,99.96537352018326,99.18214845247299,99.57376098632812,9527500
2023-06-21,99.05798268598862,100.41428540776332,98.8478498414829,100.12774658203125,12206200
2023-06-22,99.74570030401557,99.86032022129271,99.22992160702542,99.40184783935547,11641800
2023-06-23,98.5422114019451,99.02933691532903,98.29387919189682,98.64727783203125,11246200
2023-06-26,98.60908065493237,99.65973776941662,98.48491453799649,99.46871185302734,7639200
2023-06-27,99.67883099439631,100.77724808016633,99.5069047784743,100.66262817382812,8210200
2023-06-28,100.69128132862004,100.86320754454204,100.31877574198411,100.66262817382812,7866600
2023-06-29,100.54802317237731,101.66554738511357,100.47161717732962,101.63689422607422,10236000
2023-06-30,102.2577182492787,102.79260386516991,101.81835286680531,102.50605773925781,11431400
2023-07-03,102.11444918684285,102.72574076775435,101.69418349227726,102.52515411376953,6786800
2023-07-05,101.89477050171753,102.31503622780518,101.63688480709075,101.97118377685547,9504700
2023-07-06,101.16887038448459,101.52227635651977,100.61488500794462,101.20707702636719,11209500
2023-07-07,100.91096211389532,102.41053785866639,100.88230896067839,101.43628692626953,9359300
2023-07-10,101.4649463145593,102.87855529785156,101.45539283452932,102.87855529785156,11765400
2023-07-11,103.11733997149507,104.24441012402511,103.08868681894117,104.09159088134766,10283200
2023-07-12,104.93213731485083,104.9512369915705,103.79551343998365,103.9101333618164,13492900
2023-07-13,104.00563186567537,104.28262450623106,103.61402660638669,104.04383850097656,8964900
2023-07-14,103.96742986150767,104.00563649851073,103.21286517683158,103.73819732666016,9288100
2023-07-17,103.55672151630311,104.47365897733985,103.31793549143403,104.12980651855469,6517700
2023-07-18,104.17755455953261,105.06583876054034,104.12979444522786,104.71243286132812,8098000
2023-07-19,104.46409350215397,104.97031861549499,104.0438278440581,104.6646728515625,8563500
2023-07-20,104.83660575584727,105.40013720873539,104.46410018494862,105.13269805908203,10643900
2023-07-21,105.01809154657427,105.24733137879227,104.61693277094962,104.63603973388672,8993400
2023-07-24,104.59782425272923,105.21866932661854,104.53096446244395,104.87481689453125,6754800
2023-07-25,103.92921825166295,104.82705596034775,103.71908540178603,104.74109649658203,8768400
2023-07-26,105.10404928418805,105.58162129622788,104.94167654901544,105.47655487060547,10555200
2023-07-27,105.51477400505286,105.51477400505286,104.3017368699627,104.56918334960938,11837800
2023-07-28,105.40014612314195,105.41925308525907,104.81750766047502,105.21867370605469,7466600
2023-07-31,105.3523978690486,105.62938324724193,105.06585172221044,105.46701049804688,6587200
2023-08-01,105.29507057351726,106.13560194177153,105.123144365208,105.78219604492188,9003600
2023-08-02,105.180464948415,105.63893000959008,104.49276006948162,104.67423248291016,9905900
2023-08-03,104.29218277779181,104.54051498790149,103.85281738240056,104.01519012451172,7991700
2023-08-04,104.41633041091305,104.49274367150767,103.22240054100818,103.38477325439453,10631100
2023-08-07,103.77639774212714,104.79840153738327,103.72863762694386,104.6551284790039,8462600
2023-08-08,104.01518616299875,104.37813827045399,103.3083816223035,104.17755889892578,7669100
2023-08-09,104.18711430834868,104.58827305883143,103.72864195981785,104.12025451660156,7881500
2023-08-10,104.26351359343737,105.01807087599656,103.60446195808059,103.83369445800781,7259200
2023-08-11,103.6140252390432,104.27306964957255,103.55671164326247,104.00563049316406,5720300
2023-08-14,103.929218595073,104.10114481034306,103.633126280452,104.04383850097656,6113000
2023-08-15,103.36567705658534,103.48028966415937,102.60155899929907,102.71617889404297,6911700
2023-08-16,102.52516399211991,103.34658849945887,102.05714542445926,102.14311218261719,10281000
2023-08-17,102.50606102354766,102.67798724716928,101.25482462712802,101.28347778320312,10867800
2023-08-18,100.69129986933052,101.79927063977001,100.62444006678137,101.47451782226562,10763900
2023-08-21,101.45541586894323,101.67509494931787,100.63399129195165,101.35034942626953,6464700
2023-08-22,101.6655346735076,101.91386687891318,100.87276336574088,101.1115493774414,8152300
2023-08-23,101.11153790137867,102.2672611923752,101.11153790137867,102.15264129638672,7643300
2023-08-24,101.76105792940457,102.48696951891863,100.87277358440637,100.91098022460938,9483700
2023-08-25,101.43630220390807,102.11446093897597,100.58622452364531,101.76105499267578,13142500
2023-08-28,102.257719510093,102.93587091013102,102.21951287368893,102.59202575683594,7673700
2023-08-29,102.51561303484155,103.43255045195362,102.20996722913753,103.375244140625,9326500
2023-08-30,103.49940167550965,104.1871065032013,103.42298840861719,103.84325408935547,7849600
2023-08-31,104.01518890769735,104.2539749211277,103.35613717873491,103.375244140625,5593400
2023-09-01,104.09160395846764,104.2444232203439,103.48985853055794,103.919677734375,7034200
2023-09-05,103.73819622369872,103.76684937935366,102.13355392248518,102.17176055908203,8452200
2023-09-06,101.87565677736016,102.49649451251904,101.15929881786609,101.73238372802734,8586600
2023-09-07,101.35034168646469,101.83746722100871,100.76770319873998,101.39810180664062,7561200
2023-09-08,101.43629276588892,101.56046615320447,100.6817353971697,100.89186096191406,6828700
2023-09-11,101.14020364954219,101.34078302712464,100.36653929498547,100.92052459716797,6308000
2023-09-12,100.40473690623412,101.12109488485036,100.29967048639679,100.55755615234375,8099500
2023-09-13,100.42384777314643,100.74860054897984,99.4304970576134,99.88896942138672,10646100
2023-09-14,100.50025898761182,100.89186426221457,100.2805726478316,100.87276458740234,10123900
2023-09-15,100.49070235735105,100.91096806175774,100.00357686244062,100.29012298583984,11446100
2023-09-18,100.28628036409646,100.97678667080632,100.07529151295114,100.4013671875,6446700
2023-09-19,100.15201958812655,100.31505377271338,99.26011679669936,99.9793930053711,7360600
2023-09-20,100.5548243566049,101.01516440381006,99.52865713733473,99.58619689941406,8286700
2023-09-21,99.22175160302446,99.26011387771486,97.91746353097365,97.95582580566406,8931200
2023-09-22,97.77362002527008,98.24355246600611,97.57222354360752,97.62017822265625,10971200
2023-09-25,97.19819580696121,98.14763840844003,97.16942592765221,98.10928344726562,7355500
2023-09-26,97.47632271286437,97.78321363875985,96.49811017309034,96.61318969726562,11490500
2023-09-27,97.198209421397,97.6393647052586,96.56525003737205,97.33247375488281,12676700
2023-09-28,97.2653326355618,98.42576416351262,97.14066071361654,97.7448501586914,9804800
2023-09-29,98.3394741337133,98.4257837929985,96.9009212774276,97.22698974609375,11041900
2023-10-02,96.94884077256613,97.21737670801899,95.83636402168581,96.27751922607422,11079200
2023-10-03,95.9418543012016,96.65153809347711,95.2129857130816,95.60619354248047,12055500
2023-10-04,95.57741757078875,96.08570487541911,94.85814142645779,95.91307830810547,11394500
2023-10-05,95.77882200481113,96.02816582084822,94.95405137181231,95.34725189208984,10336400
2023-10-06,94.98283136980156,97.20779237297671,94.64717056871285,96.65155029296875,13842700
2023-10-09,97.02557787669095,98.28191881458217,96.84336618584732,98.16683197021484,11059700
2023-10-10,98.56003265533133,99.34644113386746,98.1668320744918,98.76143646240234,9658200
2023-10-11,99.02038771611494,99.40400327233351,98.57923238736394,99.35604858398438,7806500
2023-10-12,99.66291526771484,99.66291526771484,97.70648299315174,98.45453643798828,8102200
2023-10-13,98.56001475971097,98.92445270932812,97.1502395841872,97.58180236816406,9598000
2023-10-16,98.46413509553916,99.1642339602438,98.09011197998079,98.61758422851562,8344100
2023-10-17,98.17641523807934,99.56701305643611,98.13805296019177,98.9244613647461,10707200
2023-10-18,98.27231954851774,98.32026690934451,96.37342699185012,96.53646850585938,13582700
2023-10-19,96.72827637666775,97.29410354786894,95.44316559628881,95.64456939697266,12535100
2023-10-20,95.75006831243748,95.94187973745701,94.61841383068193,94.65676879882812,13641000
2023-10-23,94.5129125475385,95.53907981746443,94.16765932430575,94.21560668945312,12076800
2023-10-24,95.4143955786911,95.5774370988616,94.49372280386122,94.92529296875,9324300
2023-10-25,94.78144314084608,94.86775278998729,93.66895888397697,93.70732116699219,10996000
2023-10-26,93.76484244648368,94.42657889352829,93.25655510124601,93.31410217285156,15387400
2023-10-27,93.36205981876563,93.51550893748387,92.18245081526004,92.48934173583984,13062000
2023-10-30,93.10313278956933,93.95667347554166,92.74828715506386,93.64019012451172,11242700
2023-10-31,93.42917807163707,94.43616764197475,93.2853213734666,94.33067321777344,10540200
2023-11-01,94.42659959815708,94.82939260343564,93.78404780637594,94.63758850097656,14715300
2023-11-02,95.68292395982591,96.68032129235823,95.47194239445476,96.58441925048828,10739800
2023-11-03,97.46672764392768,97.96542995788376,97.39001040219775,97.43795776367188,10001200
2023-11-06,97.51467689233607,97.56263156799656,96.71867610425164,97.17901611328125,6899400
2023-11-07,96.51728463640585,97.09270418985739,96.28711827839655,96.93926239013672,7244500
2023-11-08,97.15024310469684,97.46671907654893,96.76662766234064,97.15982818603516,7494200
2023-11-09,97.77362329162831,97.93666481572674,96.76664084967493,96.9488525390625,12232900
2023-11-10,97.48591181341284,98.45453923796683,97.1406586188561,98.34904479980469,9576200
2023-11-13,98.11887282018415,98.6559374192464,97.94624621992428,98.43535614013672,6598000
2023-11-14,99.63414893096824,100.81376524024049,99.63414893096824,100.41096496582031,12873000
2023-11-15,100.68907276355964,101.38917146457403,100.54521606424372,100.62194061279297,8516300
2023-11-16,100.72743817220092,101.1973632421904,100.23832830604933,100.64112854003906,8611100
2023-11-17,101.14941946639097,101.32204605368193,100.83293617021484,101.28368377685547,8034400
2023-11-20,101.17820603283225,101.85912009588341,100.75622823499765,101.59059143066406,7338700
2023-11-21,101.42754534111967,101.7056663737831,101.09188454889018,101.51385498046875,7676500
2023-11-22,101.48508488281117,102.05091934580312,101.28368840790584,101.73443603515625,9059700
2023-11-24,101.77279073663178,102.17558365645401,101.7248360627623,101.98377227783203,4439200
2023-11-27,101.6577145020478,101.74402414377907,101.2549215402551,101.40836334228516,9157900
2023-11-28,101.55221746027814,102.02214257033022,101.02474527368952,101.1686019897461,7976000
2023-11-29,101.73443456758659,102.06050295553251,101.3508191041718,101.55221557617188,9101400
2023-11-30,101.74401573621881,102.72223549614552,101.42753975916591,102.6646957397461,14101600
2023-12-01,102.76061435901299,104.35260885015728,102.6838897935258,104.28547668457031,13279800
2023-12-04,103.4702792870728,104.50603878027843,103.4702792870728,104.45808410644531,11010900
2023-12-05,104.01693631978763,104.17997051546278,103.47987905551349,103.61414337158203,10056300
2023-12-06,104.0840629183282,104.69784470667341,103.9114363330526,104.07447052001953,8336300
2023-12-07,104.3046439472715,104.47727053216475,103.87307382661035,104.17037963867188,8457600
2023-12-08,104.20873861434295,105.00473204244169,104.1703763392644,104.49644470214844,7150000
2023-12-11,104.76498963107854,105.61853026318714,104.70744986792508,105.49385833740234,9380200
2023-12-12,105.64728979514365,106.1939394042608,105.30203664024272,105.97335815429688,6524600
2023-12-13,105.97336834036945,107.35438109271493,105.4171262799129,107.15298461914062,12976800
2023-12-14,107.89142967588454,108.79292485190358,107.74757297294552,108.53398132324219,15473800
2023-12-15,108.27506481833264,108.73539757129458,107.8626794305066,108.39014434814453,13800900
2023-12-18,108.65530511743073,108.73244944951857,108.26959081387996,108.38530731201172,6977200
2023-12-19,108.69386199099614,109.33992912833563,108.62636254913811,109.22421264648438,5249400
2023-12-20,108.44315918712503,109.33994179391217,107.39209527688554,107.4595947265625,8329600
2023-12-21,108.22137719487539,108.61672900791706,107.72959129178088,108.56851196289062,6962100
2023-12-22,108.79031590444747,109.47495537351841,108.65531698699061,109.08924102783203,5500100
2023-12-26,109.17602493195497,110.12101730812049,109.01209873401243,109.86066436767578,5181600
2023-12-27,109.84139616997771,110.28496512837461,109.65818018570232,110.02460479736328,5893900
2023-12-28,109.89922364531857,110.28493792697331,109.75457987008703,110.05350494384766,8240700
2023-12-29,109.9088729133294,110.31386961463572,109.4556591660583,109.91851043701172,7936300
2024-01-02,109.18567000380935,109.87030944072491,108.47209592289266,108.8095932006836,8558700
2024-01-03,108.21175782660406,108.40461133840077,107.12211414997195,107.18962097167969,18631200
2024-01-04,107.38245479127801,108.23102038721623,107.25710076728703,107.32460021972656,10715900
2024-01-05,107.24746043536184,107.94174475098184,107.06424447515967,107.44995880126953,7888100
2024-01-08,107.1606681355383,108.15388488769531,106.68817196200929,108.15388488769531,10855900
2024-01-09,107.42104671414572,107.94176002454068,107.02568745079606,107.81639862060547,8452000
2024-01-10,107.83566945955228,108.50101910865011,107.7392427205268,108.36602020263672,9109100
2024-01-11,108.39496865636012,108.54924998708046,107.22818068775668,108.11532592773438,9081700
2024-01-12,108.48174420166698,108.72281474433736,107.68138823434796,108.10567474365234,6631000
2024-01-16,107.56569285950572,107.65247473467547,106.65926514876351,107.01605224609375,10834200
2024-01-17,106.25424399635614,106.97745555123056,106.02281100183669,106.29281616210938,7604700
2024-01-18,106.68818010544786,107.90317771557964,106.55318118842091,107.72960662841797,9060600
2024-01-19,107.98031865364631,108.71316779244823,107.13174565119716,108.43352508544922,10355700
2024-01-22,108.80960223460865,109.5521036642838,108.80960223460865,109.2724609375,9912900
2024-01-23,109.30137809263971,109.6581651296392,108.71316540409698,109.1856689453125,10275200
2024-01-24,109.62925210124754,109.64853450934703,108.45282657115554,108.51068115234375,9638600
2024-01-25,109.05067027228976,109.57138354218823,108.7710349088509,109.5521011352539,9898900
2024-01-26,109.66782001816138,110.03424461294881,109.06996239382342,109.37853240966797,7031100
2024-01-29,109.27244846943107,110.10173167302617,109.1278046814759,110.09208679199219,5849900
2024-01-30,109.31103781813972,110.28496496277144,109.31103781813972,110.13067626953125,8300000
2024-01-31,110.05353420273215,110.25603259913741,108.83854382430059,108.85782623291016,14462300
2024-02-01,109.5424480261627,110.73815580229855,108.94459781653917,110.709228515625,13946100
2024-02-02,110.47780938566876,111.93387754158026,110.05352287104547,111.45173645019531,12830200
2024-02-05,111.00816420925973,111.23958986627476,110.21745313731013,110.84423065185547,9536700
2024-02-06,110.97923022963799,111.89530269549526,110.71887728354766,111.83744812011719,8722800
2024-02-07,112.21350862352104,112.91743042410502,112.16529157662582,112.5799331665039,7557100
2024-02-08,112.84994333419274,112.91744279310687,112.13637657468776,112.59922790527344,8532300
2024-02-09,112.75351422452613,112.78244151247054,112.14601910702606,112.77279663085938,10106000
2024-02-12,112.70528118785494,113.24528412815302,112.59920957584396,112.93671417236328,8383200
2024-02-13,111.96280275753169,111.99173004537707,110.97923082945437,111.77958679199219,14054200
2024-02-14,112.63777714956291,113.69849322644494,112.5124231390622,113.65027618408203,11889500
2024-02-15,113.78528888991409,114.56635504419133,113.62136269699714,114.49885559082031,11644100
2024-02-16,114.23851075550566,114.61458021621237,113.68887020855821,113.81422424316406,8740900
2024-02-20,113.41887869462025,113.82387546611501,113.18744566214646,113.45745086669922,7392100
2024-02-21,113.47672051869458,113.95886158015115,113.15850565247995,113.91064453125,8873000
2024-02-22,114.5760102793166,115.53064759380146,114.49886593795296,115.3185043334961,10604300
2024-02-23,115.57886033614014,116.17671792407877,115.48243359147624,115.9260025024414,8757400
2024-02-26,115.91635998181172,116.17672029028503,115.62707974192817,115.75243377685547,7951300
2024-02-27,116.00314684092814,116.04171165328246,115.44386142223287,115.9260025024414,6275500
2024-02-28,115.8102893443501,116.62029020811079,115.7138625968972,116.32135772705078,8324000
2024-02-29,116.67815399169922,116.93850696605412,116.10923098701375,116.67815399169922,9662100
2024-03-01,116.63956217736678,117.24705725315874,116.30206491303794,117.17955780029297,10782400
2024-03-04,117.17957241574132,117.94135625417776,117.17957241574132,117.6038589477539,11886600
2024-03-05,117.34349369976759,117.66170120857353,116.14777857234918,116.63956451416016,11999000
2024-03-06,117.10242624661512,117.90277483712114,116.97706485913824,117.24706268310547,8644800
2024-03-07,117.99920127447923,118.34634341329067,117.70991370650688,118.19205474853516,7936800
2024-03-08,118.47171260093585,119.08885262517914,117.60385714281577,117.93171691894531,10157100
2024-03-11,117.56528931077023,117.81600475390037,116.50458031475917,117.32421875,9179300
2024-03-12,117.31456654416895,117.96063380053289,116.77456355293288,117.84491729736328,9125300
2024-03-13,117.66171608629965,118.43314482366841,117.66171608629965,118.16314697265625,8009300
2024-03-14,118.34635949325073,118.47171353273033,116.89029128855763,117.66171264648438,9684800
2024-03-15,117.18920617982461,118.15348831063122,117.13135160618064,117.68099212646484,10739900
2024-03-18,118.10271433319114,118.37354657117803,117.75449934731515,117.8899154663086,7178800
2024-03-19,117.93828585051872,118.91522278445004,117.87057778854083,118.90554809570312,8842400
2024-03-20,118.75078032689923,120.51119728433751,118.62503889409119,120.33709716796875,10400900
2024-03-21,120.8981182109522,121.81702186477298,120.70466869416153,121.52684020996094,9965100
2024-03-22,121.87503123567127,121.97175597501275,121.08187656567172,121.11089324951172,6771100
2024-03-25,121.08189413289739,121.16894419704705,120.25004797054753,120.32743072509766,7658200
2024-03-26,120.32742331171437,120.64662161984862,119.84379219501103,119.89215087890625,7292700
2024-03-27,120.66595698679025,121.82666865124614,120.59824892935741,121.81700134277344,7162900
2024-03-28,121.97178088475216,122.1555630927712,121.60422384834018,121.83636474609375,7287000
2024-04-01,121.96210415694907,122.02981960477283,120.82074168722217,120.89811706542969,6905300
2024-04-02,120.41447253759092,120.8110535927646,120.08560692272754,120.33709716796875,11049400
2024-04-03,120.25004155696959,121.294686548803,120.25004155696959,120.95614624023438,7589900
2024-04-04,121.7492999755622,122.25227308989858,119.5342685755059,119.89215087890625,10659800
2024-04-05,120.27905372308219,121.87503783735347,120.22102035225868,121.55583953857422,10718600
2024-04-08,121.72994682359878,121.9330710007605,121.2559904102214,121.3430404663086,6096100
2024-04-09,121.50750083709512,121.83636649867448,119.6793755592833,121.06256103515625,9042200
2024-04-10,119.56327567084475,120.39512171521689,119.14735264865868,120.02755737304688,14119500
2024-04-11,120.08561163248335,120.65629282640788,119.1667080532886,120.16299438476562,8228700
2024-04-12,119.40851566123413,119.83411339079639,118.37354540221905,118.87652587890625,11604300
2024-04-15,120.50153361251597,120.67564111376498,117.66745490751141,118.02533721923828,10374500
2024-04-16,117.98664959037474,118.31551520503888,117.15480348553291,117.75450134277344,11046200
2024-04-17,118.4122374709776,118.44125415641358,116.4196796883741,117.14512634277344,11084200
2024-04-18,117.70613853501217,118.18976963113154,116.56476885298547,116.73887634277344,9195800
2024-04-19,116.99036664915158,117.63843796773442,116.23590327190254,116.52608489990234,10832100
2024-04-22,117.23216541225985,118.1897602196526,116.68082630177202,117.4062728881836,10484900
2024-04-23,118.23813279811628,119.20539502704635,118.06402530172387,119.04096221923828,9870000
2024-04-24,118.93456893506136,119.14736781717211,117.1064438182017,118.09304809570312,11063800
2024-04-25,117.4353144194903,118.73144230446344,116.65182697147443,118.45093536376953,10321200
2024-04-26,118.151080497815,119.0022685864571,118.13173112101347,118.6443862915039,6958100
2024-04-29,118.8862065895169,119.54393783452223,118.84751521399447,119.43754577636719,6339800
2024-04-30,119.26343522894875,119.43754272453829,117.4933435870594,117.54170227050781,15475900
2024-05-01,117.35792531201506,118.82816061918905,116.96134426504133,117.25152587890625,15569500
2024-05-02,117.81254500832492,118.16076000871409,116.61313450492878,117.9286117553711,11999600
2024-05-03,119.0409674609433,119.17638358858625,118.19944662805459,118.75078582763672,9068500
2024-05-06,119.53427984712472,120.04692769843093,119.42788040104692,119.95020294189453,7157300
2024-05-07,120.17266854761426,120.62728301866781,119.96954434600806,120.27906799316406,5244200
2024-05-08,119.56329594279565,120.44350081642254,119.54394656380886,120.27906799316406,5062500
2024-05-09,120.5112075396046,121.47846984863281,120.37579140671072,121.47846984863281,6682000
2024-05-10,122.01045333735678,122.08783608447928,121.3333727490973,121.56551361083984,6038500
2024-05-13,121.83634408402224,121.97176019971562,120.98515601686034,121.05286407470703,5946900
2024-05-14,121.28502232677691,121.49782121899143,120.76269978578469,121.02386474609375,5105700
2024-05-15,121.66223585171277,121.90405139677647,121.44943699131673,121.81700134277344,8404100
2024-05-16,121.6042158242044,121.83635670663999,121.04320192699491,121.09156799316406,7135900
2024-05-17,121.18829074032932,121.37207293317995,120.62727685240407,121.22698211669922,5714100
2024-05-20,121.25598989840267,121.90405380084393,121.13991577781808,121.45911407470703,4337600
2024-05-21,121.23666117625625,121.25601055612925,120.75302999419753,121.06256103515625,6010000
2024-05-22,120.87876833911538,121.5171576066515,120.54989532643725,121.20763397216797,7910500
2024-05-23,121.49779502751065,121.56550308047153,119.55359610731367,119.77606964111328,9078200
2024-05-24,120.23070177582858,120.64662484248834,119.73739595731924,120.38545989990234,7556800
2024-05-28,120.3370834005192,120.3370834005192,118.51862589937781,118.91520690917969,8525400
2024-05-29,117.90925804050919,117.99630809214347,117.13544536551196,117.23217010498047,16725400
2024-05-30,117.38694735453889,118.12206873148632,117.3579306677532,118.0350112915039,7816300
2024-05-31,118.31553105775905,119.51493431256944,117.35794339188125,119.4665756225586,9703500
2024-06-03,119.85347117832862,119.90182986395666,116.91299299785169,118.00599670410156,15241000
2024-06-04,117.76417874737751,118.22846787366309,117.04840674982817,117.71581268310547,10061500
2024-06-05,118.16075941394625,118.92489009357169,117.46432941667345,118.90554809570312,8666000
2024-06-06,118.7701362142852,119.06031047043054,117.73516587015317,118.19944763183594,6523900
2024-06-07,117.89958995007902,119.10866771015417,117.59974102706038,118.32518768310547,7036200
2024-06-10,118.15109212309316,118.85718947369908,118.09305136660275,118.69275665283203,6642600
2024-06-11,118.0543621524427,118.17042890104386,117.23218332518233,118.01567077636719,11217000
2024-06-12,119.10866336926664,119.834109998873,118.61535759483938,119.13768005371094,11106700
2024-06-13,118.97325566121597,119.04096372291133,117.36759679869002,118.37355041503906,8056100
2024-06-14,117.35793777210972,117.35793777210972,115.7426114865013,117.18383026123047,15315800
2024-06-17,116.77757371865553,118.67340682733868,116.59379153120338,118.47994995117188,12522100
2024-06-18,118.45093385620436,119.12802185673172,118.2284676720331,119.11834716796875,8176500
2024-06-20,118.98291800619408,119.5149077558598,118.72175309558817,119.19571685791016,6350700
2024-06-21,119.17638526690476,119.24409333167974,117.92861603351531,118.94424438476562,8231000
2024-06-24,119.26549947849156,120.55637949341306,119.00344474857144,119.44991302490234,8650600
2024-06-25,119.35285407447175,119.35285407447175,117.87756053683893,118.43079376220703,11365300
2024-06-26,118.27550184153984,118.29491028550817,117.6446200404071,118.11050415039062,7350500
2024-06-27,118.2269635237823,118.45990926924269,117.80961165271951,118.2366714477539,4804100
2024-06-28,118.56668787293802,119.3431515656331,117.71256818450308,118.28521728515625,9796400
2024-07-01,118.83844531746514,119.08109159921105,116.75168581345503,117.01374053955078,10008500
2024-07-02,116.83903205531696,117.69315168530262,116.75168295041934,117.65432739257812,6789000
2024-07-03,117.7902118800889,118.50844280235202,117.58638989154032,118.08139038085938,5467700
2024-07-05,118.05226343429507,118.05226343429507,116.71285865769484,117.65432739257812,6367100
2024-07-08,117.98432526653541,118.61520707793126,117.44079996685987,117.79991912841797,7405600
2024-07-09,117.85814096395418,118.04255448998956,117.25637557713824,117.28549194335938,4617900
2024-07-10,117.45050402210555,118.37255689724635,117.20785774917621,118.33373260498047,6930900
2024-07-11,118.64432702804703,120.26520986132212,118.46962140430983,119.83815002441406,11113900
2024-07-12,120.52725219726562,121.23578254425998,120.22637320037929,120.52725219726562,10565200
2024-07-15,120.88636655537607,121.96371651420256,120.6243044545934,121.39106750488281,9680800
2024-07-16,121.75020238720946,124.53577700110584,121.74049446241145,124.4193115234375,15501400
2024-07-17,123.8757945109643,124.137856678889,122.79844427611367,122.82756805419922,14511200
2024-07-18,122.81783771458429,124.05047751605166,121.69195546003634,121.86666107177734,9267900
2024-07-19,122.13842943631718,122.39078364398904,120.92519802151757,121.19696807861328,9955300
2024-07-22,121.76960541432061,122.51696008600189,120.81843616578743,122.42960357666016,8334900
2024-07-23,121.81815052601735,122.86637691423988,121.7502098582161,122.1966781616211,9432900
2024-07-24,121.59491046806774,121.83755676367132,119.4499181035294,119.56639099121094,11370800
2024-07-25,119.7216648259508,122.39077372213322,119.41107790513954,120.52725219726562,14738900
2024-07-26,121.90547830884184,123.44871235740587,121.70165634110246,122.58489227294922,10620800
2024-07-29,122.97313408427416,122.97313408427416,121.98314050120759,122.37137603759766,8946500
2024-07-30,122.89548146536578,123.59429647986977,122.23548333640959,122.73047637939453,7811200
2024-07-31,124.15724701994971,125.27342879614012,123.54578105892617,124.09901428222656,10947600
2024-08-01,123.7884314712285,124.77842507045027,121.06108955716746,121.7987289428711,17283200
2024-08-02,120.4787321104646,120.69226202845014,117.99403649385557,119.11991882324219,16916300
2024-08-05,116.83903661249539,118.25609002981524,115.66462948043531,117.05256652832031,20012000
2024-08-06,117.74166926790129,120.13901551035646,117.22726037959657,118.45990753173828,13732600
2024-08-07,119.57607636713028,120.57578519858471,117.81931977904651,117.88726043701172,8307700
2024-08-08,118.76078352814558,120.69224564273968,118.7413676809772,120.60489654541016,7976800
2024-08-09,120.4496153610835,120.86696727083692,119.38197317949803,120.62432098388672,5891400
2024-08-12,120.6340140969207,120.8184276219526,119.6246047785492,120.0128402709961,5733400
2024-08-13,120.5757973337741,121.37167686645677,119.71196973131134,121.27461242675781,7808300
2024-08-14,121.2357901740994,121.98313745387438,121.16784210732492,121.76960754394531,5506400
2024-08-15,122.92459670156815,123.75930042771826,122.5848934188271,123.4098892211914,5717400
2024-08-16,123.25459978902724,123.58460257365103,122.6916660587482,123.23519134521484,5448600
2024-08-19,123.34195401231015,124.02136060779974,123.20607269321225,123.98253631591797,3482900
2024-08-20,123.92430809708283,124.08930578986138,123.27401784556022,123.64283752441406,6443300
2024-08-21,123.93401394215024,124.60372003157256,123.78842469597453,124.39019012451172,4989200
2024-08-22,124.60372853102308,124.88519171319149,123.84666588026403,124.23490142822266,6355600
2024-08-23,124.6619535801806,125.76842001036165,124.41930730329919,125.47724151611328,5888000
2024-08-26,125.74901362755922,126.17607347661125,125.07930748335987,125.34136962890625,6226600
2024-08-27,125.15693661346522,125.4869319691632,124.72987683081973,125.41899871826172,4000900
2024-08-28,125.47722901191652,126.12751919196083,124.72987440681106,125.36076354980469,4336300
2024-08-29,125.94311710426703,127.34076201630425,125.30254219454437,126.24401092529297,8226000
2024-08-30,126.69047254103512,127.71929038250043,125.77812017295732,127.59312438964844,8347900
2024-09-03,126.96224737944733,127.1660767874053,124.29313808497551,124.76873016357422,9332600
2024-09-04,124.6910828608253,125.65196754836198,124.41932018737239,124.8948974609375,7809700
2024-09-05,124.63283352525148,124.7784153630928,122.74989610275445,123.43901062011719,8044500
2024-09-06,123.59430375367305,124.49695560277166,121.94431203666494,122.18695831298828,9567300
2024-09-09,123.22549208566866,124.55519643210589,123.18666779033724,124.06019592285156,7283100
2024-09-10,124.54548961676315,124.54548961676315,123.23519378173292,124.27371215820312,6270200
2024-09-11,123.97284662227045,124.65224587211019,121.42991081928388,124.49696350097656,7969700
2024-09-12,124.52607130451142,125.46754003640234,123.83694936706267,125.45782470703125,7012600
2024-09-13,126.00135505449096,127.20487100712361,125.74899346962114,126.72929382324219,7913800
2024-09-16,127.28252846225807,128.14634860234924,126.6128223787132,127.37959289550781,6400800
2024-09-17,127.6319544650746,128.5345915969998,127.36019179245486,128.07843017578125,7820700
2024-09-18,128.28222104752282,129.73809858582257,127.77751268745898,127.97164154052734,9191600
2024-09-19,130.0681160181161,130.41752727901584,129.0587139366028,130.1748809814453,8957800
2024-09-20,129.1654625862333,129.53428965114284,128.5442887353057,129.26251220703125,10907500
2024-09-23,129.76008716522318,130.33460284411825,129.27321904082683,130.13011169433594,8284000
2024-09-24,130.4904103760018,131.10386906615116,130.18855446752778,131.06492614746094,7507900
2024-09-25,131.46412569513984,131.6004481757474,130.3540669650394,130.45144653320312,4422400
2024-09-26,131.5128340768043,131.91206956148199,130.93833317429045,131.10386657714844,6620700
2024-09-27,131.50308730552885,132.13600994296624,131.08437297984165,131.2888641357422,5859200
2024-09-30,131.28887848757992,132.0094487609075,130.51961842342627,131.8828582763672,5321200
2024-10-01,131.81466629414135,132.5839262222979,130.7630294019756,131.95098876953125,9398600
2024-10-02,131.7075653076172,132.21391233894084,131.1525433481966,131.7075653076172,5189700
2024-10-03,131.3278298729099,131.70758649297787,130.54885260161896,131.0357208251953,6361400
2024-10-04,132.0678472184622,132.35022418247144,130.74356537551665,131.95098876953125,5797100
2024-10-07,131.2986024051139,132.17497401182246,130.97726763512452,131.62966918945312,5737800
2024-10-08,132.136037178786,132.33078150290456,131.41548169374346,131.92181396484375,4980600
2024-10-09,131.93152561275184,133.1876387972649,131.74651335392412,133.10000610351562,5064800
2024-10-10,132.5742283318666,132.78845156634551,131.9705164118121,132.41844177246094,5495600
2024-10-11,132.9052724951061,134.8332662024615,132.9052724951061,134.78457641601562,8764800
2024-10-14,134.75538999342177,135.6609726400922,134.22957883519078,135.59280395507812,6817400
2024-10-15,135.73886304674446,136.0991556575738,134.43405969411918,134.5509033203125,7808900
2024-10-16,134.76512200926402,135.88492786877956,134.70670019813164,135.59280395507812,8207800
2024-10-17,135.61227561964597,135.8070199323915,134.95987400002718,135.20330810546875,5065100
2024-10-18,135.5538523625266,135.67069597731714,134.79432429227285,135.61227416992188,4782100
2024-10-21,135.5927738066468,135.78751808646743,134.5898266504362,135.13511657714844,5216700
2024-10-22,134.54114243139497,134.6482540184325,132.8078930106324,133.49925231933594,8579700
2024-10-23,133.36295271843645,133.92770679278445,132.42815917495827,133.10977172851562,8480700
2024-10-24,132.905280988881,132.905280988881,131.81468616333473,132.19444274902344,6720400
2024-10-25,132.7981749574691,133.15845267081787,131.57125758459344,131.84390258789062,6399300
2024-10-28,132.50604342507535,132.81763132885968,132.19444066325354,132.2333984375,7132200
2024-10-29,131.83415029150294,132.57418449260055,131.05515831990564,132.05810546875,11192300
2024-10-30,131.4738593413913,132.5449601932663,131.24988932875186,131.83413696289062,10469000
2024-10-31,130.7922759392019,131.1330747528081,129.90617227935766,130.3151397705078,16640000
2024-11-01,130.97725507837373,131.68809322476483,130.4611760646045,130.49038696289062,7482300
2024-11-04,130.62670679771503,131.33754492972255,129.9840521903884,130.34432983398438,6744400
2024-11-05,130.80199533189395,132.5547235948589,130.4709285650107,132.5255126953125,7469400
2024-11-06,136.97549608859444,137.95896449281278,135.51489150476465,137.7155303955078,17738800
2024-11-07,138.1050182492794,138.1634400487402,136.70283563007368,136.88784790039062,10062400
2024-11-08,137.2870838185254,138.78663115603885,137.02417086200023,138.35818481445312,8270000
2024-11-11,139.13715170904285,139.94535446066666,139.107940814481,139.4292755126953,8237000
2024-11-12,139.76040229538228,139.8967248146102,137.6668747090878,138.2316436767578,7161100
2024-11-13,138.37767290811328,139.302719466434,138.33872999175807,138.5237274169922,6033400
2024-11-14,138.38742190292237,138.57243420889515,136.04072831011416,136.18678283691406,9977100
2024-11-15,135.709648068764,136.52759800169775,135.10593620749057,135.45648193359375,6628500
2024-11-18,135.436971978819,135.82647539517134,134.94037183826043,135.2714385986328,6414200
2024-11-19,134.43404701391785,135.50516301312575,134.20035978357325,135.1546173095703,5554700
2024-11-20,135.4759394440981,135.62199394940927,134.30744396945997,135.3006591796875,6527600
2024-11-21,135.95305961020745,137.47208588504196,135.42724853739435,136.99496459960938,9677300
2024-11-22,137.3552508865332,138.94244593473945,137.2286604030209,138.9034881591797,7924300
2024-11-25,139.61430931614606,140.1498523711934,139.16638410028455,139.7700958251953,7411700
2024-11-26,139.60457204419143,140.1888197819188,139.07876096666652,139.93565368652344,6524900
2024-11-27,140.3640656972199,140.71461131957153,139.38059749524996,139.41954040527344,5561100
2024-11-29,139.6337820099616,140.47119583747508,139.6337820099616,140.2082977294922,3091500
2024-12-02,140.1206730318308,140.32516422944295,138.99115001114683,139.1761474609375,6217500
2024-12-03,139.2248207413027,139.45852281684597,137.84211689158988,138.29977416992188,4528000
2024-12-04,138.3192552481249,138.91323503208864,137.93949865562598,138.9034881591797,5727700
2024-12-05,138.903508380523,139.0203668661764,137.18973745735448,137.2189483642578,5233900
2024-12-06,137.6278908427278,137.93949360364172,136.64442248741338,136.86837768554688,5432800
2024-12-09,136.89759036367028,137.05339174614912,135.60251923063558,135.680419921875,7434200
2024-12-10,135.5148680913999,135.8556817119586,134.5606107550854,135.34933471679688,7382800
2024-12-11,136.0504289981065,136.25490528854243,134.97931318808415,135.03773498535156,6168900
2024-12-12,135.10592076813316,135.3006650697049,134.10297349990284,134.17112731933594,7081600
2024-12-13,134.3269342496249,134.47300362536268,133.68426465567094,133.82058715820312,6709900
2024-12-16,133.96664986692988,134.43403915834602,133.50899259019658,133.93743896484375,6573400
2024-12-17,133.36291129879496,133.6647671317605,132.39890714942314,132.7104949951172,6861700
2024-12-18,132.8955275631448,133.19738344226462,128.87400670223698,128.96163940429688,13428100
2024-12-19,129.58483613218533,130.5293615868243,128.7474222711045,128.79611206054688,12507400
2024-12-20,128.66953494649997,131.2694095060053,128.34820013244345,130.305419921875,11849600
2024-12-23,130.14884944455144,130.4718012217703,129.1897751002754,130.27606201171875,8022300
2024-12-24,130.13902487488835,131.3525390191549,129.89436584898957,131.2938232421875,2972900
2024-12-26,130.99046361520544,131.71464485877252,130.65771595250325,131.39169311523438,4749500
2024-12-27,130.63815249889302,131.3916916258031,129.65951629301182,130.41305541992188,6060000
2024-12-30,128.9940339919524,129.70843423044946,127.849031440015,129.1016845703125,8725500
2024-12-31,129.50291334758575,129.698637575649,128.55363516203758,128.94508361816406,6009800
2025-01-02,129.89437665888988,130.10967781422247,127.91754231673166,128.49493408203125,7227600
2025-01-03,128.94508530660374,130.1585994289681,128.5242789573977,129.88458251953125,7676100
2025-01-06,130.5500318656372,130.96107211214027,129.36589070937768,129.6007537841797,6899500
2025-01-07,129.89436286569097,130.31518414562876,129.03317326861162,129.4735565185547,6841200
2025-01-08,129.2288832532085,130.10964965600664,128.44597148805468,129.98243713378906,8277600
2025-01-10,129.30720392689554,129.42463549062066,128.25027505496016,128.5242919921875,9997300
2025-01-13,127.80011298101459,130.10969528514306,127.66310449402414,130.03140258789062,8365400
2025-01-14,130.95127986315984,131.76354952946625,130.36410722690957,131.5678253173828,6746700
2025-01-15,133.51531803598846,133.72083819062414,132.15501443310123,132.39967346191406,9184200
2025-01-16,132.76178153321067,134.20037784493294,132.61497715341721,134.004638671875,6556500
2025-01-17,134.8658446856722,135.3062279641412,134.2786719586477,134.80712890625,6869200
2025-01-21,135.99127450545214,137.57666015625,135.99127450545214,137.57666015625,12177700
2025-01-22,138.00727717827428,138.15406663097613,137.19500736345051,137.25372314453125,7206000
2025-01-23,138.124710856258,138.86846898267865,137.5571000757778,138.6433868408203,7353400
2025-01-24,138.5748740446875,138.62379390214394,137.7821662812334,138.0561981201172,6457700
2025-01-27,135.96192967787897,136.52954050580817,135.54112324997533,136.2065887451172,10909300
2025-01-28,136.52953922116518,136.64698572664142,134.9050143789203,135.30624389648438,8900000
2025-01-29,135.39431648434416,136.2555061366874,134.76798994954797,134.8462677001953,9100900
2025-01-30,134.6505309293222,136.60780303504492,134.6505309293222,136.35336303710938,8169600
2025-01-31,136.3142384289077,136.75463669326228,135.23774749987408,135.3943328857422,10144700
2025-02-03,133.02598753813075,135.02241338891218,132.43881488357204,134.05355834960938,13906700
2025-02-04,134.1808013295825,134.8071278598953,133.79913383349816,134.0927276611328,7577200
2025-02-05,134.5624534847283,134.79733150661897,133.2510847946402,134.19056701660156,8179200
2025-02-06,134.45481939850265,134.93435648548376,133.867631738232,134.79734802246094,7368300
2025-02-07,135.41389329483755,135.58025966559865,134.12210120836139,134.3961181640625,10408900
2025-02-10,135.26707506848444,135.64874252797176,134.68968338694228,135.5998077392578,5446400
2025-02-11,135.14964366907736,135.71723943381465,134.75818029174013,135.64874267578125,5787700
2025-02-12,133.71106120289562,135.2866659928688,133.4957600564792,134.80712890625,7694300
2025-02-13,134.7973633666556,135.2964624817371,134.37654201123829,134.94415283203125,8539100
2025-02-14,135.13008037996752,135.29644673229518,134.45481905223608,134.6114044189453,5800000
2025-02-18,135.0713663090103,135.92277498545627,134.9343578446075,135.6683349609375,7226600
2025-02-19,135.3355875211598,136.1087184472169,135.12030130489362,135.8053436279297,9454100
2025-02-20,135.64874143066592,135.66831833255335,133.94590935368143,134.91476440429688,9306700
2025-02-21,135.05178324371263,135.05178324371263,131.44061360686072,131.95928955078125,14561200
2025-02-24,132.46818352135904,132.70306156192666,131.18617261546476,131.36231994628906,10876100
2025-02-25,131.3721170092558,132.50732354988824,130.63813992548728,132.03758239746094,9898500
2025-02-26,132.71285919806988,133.4468363675306,131.93974315000492,132.1158905029297,8330400
2025-02-27,132.41926462288924,133.51533241148687,131.47978221346378,131.6559295654297,9624600
2025-02-28,132.01802287967783,133.5447079585213,131.37213430983311,133.41748046875,9888000
2025-03-03,134.19056245810535,134.6994573551808,130.81427127192416,131.51889038085938,12683000
2025-03-04,130.07052428872947,131.13723402641529,127.99580565579764,128.9548797607422,15191300
2025-03-05,129.41484327925454,131.52868590696946,129.27783482252485,130.99044799804688,12117600
2025-03-06,129.63993860714064,130.74580229162504,128.92553836233375,129.86502075195312,12029100
2025-03-07,129.1310309467133,131.7244255822048,128.7200055749362,131.38189697265625,17504500
2025-03-10,129.7084344858374,131.21554258584607,128.29921091108042,129.32676696777344,15123900
2025-03-11,129.03317726194675,129.19954360894945,126.65508374617414,127.34012603759766,13176800
2025-03-12,128.5046978021112,128.68086005680635,126.2342699229369,127.33033752441406,12728100
2025-03-13,127.02697587643871,127.6141486096225,125.51986783571473,126.02876281738281,10596900
2025-03-14,127.23246969673274,128.57321126284734,126.70401279097753,128.32855224609375,8920000
2025-03-17,128.1425968263899,130.69683731587344,128.0055883873402,130.09986877441406,6918300
2025-03-18,129.55184855571537,129.74757278440998,128.32855346037223,129.06253051757812,8051800
2025-03-19,129.48335477602183,131.51891988821947,129.32676939828272,130.77516174316406,8274900
2025-03-20,129.73779358189168,131.0785202463112,129.49313455946174,130.1194610595703,8078300
2025-03-21,128.99403452559855,129.5812222159561,128.18176469148537,129.4246368408203,10036500
2025-03-24,130.9805245737789,132.0505260619115,130.65659579681585,131.82473754882812,8446800
2025-03-25,132.0897795566985,132.4628084071138,131.38299593416002,132.0210723876953,5337100
2025-03-26,132.227197302132,132.8947217666351,130.75473404714464,131.14739990234375,6899300
2025-03-27,131.10813797049374,131.5498739921686,129.84182604453616,130.450439453125,8414000
2025-03-28,130.01851475909555,130.36209554266856,127.6920273885942,127.76073455810547,10196800
2025-03-31,126.769286697746,129.42954393552466,126.0625030396894,128.6638641357422,9650200
2025-04-01,128.36935746955677,129.66511741272447,127.26990799623728,129.3902587890625,8722200
2025-04-02,127.91780808363696,131.05906050603386,127.86872297199403,130.60751342773438,6398000
2025-04-03,126.22937045830244,127.32881993876431,123.45132864595544,123.5396728515625,15962200
2025-04-04,120.00577061087941,120.42787709746864,115.62764687218036,115.77489471435547,28516400
2025-04-07,112.54529508300166,119.56403926847223,110.68017315066635,115.23499298095703,42518300
2025-04-08,118.81798904792834,119.43642102240496,112.5354766102483,114.28279876708984,21272000
2025-04-09,113.11463470184577,125.2084663811715,113.11463470184577,124.43296813964844,36610700
2025-04-10,122.17520144457693,122.68565964164662,117.70873341156785,121.22300720214844,26234000
2025-04-11,120.94815207018685,124.00106035323365,119.75054721454319,123.36299133300781,13750300
2025-04-14,124.85507737981068,125.47350928730911,123.60838755618363,124.64893341064453,8060500
2025-04-15,124.44278263052121,125.46369145195874,123.84398775834724,124.0304946899414,6230200
2025-04-16,123.4316946608239,124.109030211244,121.37024742963543,122.33226013183594,8043500
2025-04-17,122.42060591700185,124.16792794965976,122.38133932769833,122.9997787475586,7850400
2025-04-21,121.8119819823302,122.06721106177697,118.91614036969344,120.2413558959961,9083500
2025-04-22,121.22299996175325,122.88197776913773,120.85979712061182,122.34207153320312,7493200
2025-04-23,125.6796463501671,126.75945873313204,123.51021804415332,123.87342834472656,9718300
2025-04-24,123.82436219977993,126.88708145871051,123.45134081267177,126.65149688720703,7145400
2025-04-25,126.34716667922262,127.12265738073725,125.74836437349474,126.64164733886719,5826900
2025-04-28,126.85764549864987,127.90801007579405,125.8661920486791,127.06379699707031,6202200
2025-04-29,126.68093566404315,128.14357303372387,126.57295441713559,127.88835144042969,5040600
2025-04-30,127.03434117831837,129.1743143295788,125.50297400667154,128.8111114501953,7532300
2025-05-01,129.36081451037543,130.71548560858892,128.84054531615445,129.78292846679688,9338700
2025-05-02,131.43210038233397,132.62970530904232,131.24558592968154,132.10943603515625,7227600
2025-05-05,131.3044852043417,132.9634632970149,131.2161409810889,132.1781463623047,4523400
2025-05-06,130.79401712879653,131.7658333576605,130.51915850056508,131.01979064941406,5404100
2025-05-07,131.41244300447485,132.26648194610806,130.97070698841466,131.6873016357422,5304600
2025-05-08,132.70822904256227,134.82858007109505,132.46281845996376,133.50335693359375,7914800
2025-05-09,133.7684097576403,134.0530794539061,132.71804523351813,133.61134338378906,4541200
2025-05-12,137.73422204094447,137.77349611909776,136.42863604778066,137.7244110107422,8321800
2025-05-13,138.16614742897826,139.56988866424896,138.00908107325407,138.68641662597656,9795200
2025-05-14,138.59808629214126,138.8238598394256,137.62625496981948,138.0189208984375,6517700
2025-05-15,138.41156900834403,139.76624022160115,138.2152435374002,139.55027770996094,5761900
2025-05-16,139.76622506225516,141.14051818847656,139.30485201730832,141.14051818847656,5384200
2025-05-19,139.776074090968,141.73935907853894,139.776074090968,141.62156677246094,5459200
2025-05-20,141.0521725891401,141.80804129042866,140.56135148052937,141.11106872558594,6825700
2025-05-21,140.3552229710197,140.7576999407628,138.51955651787674,138.7257080078125,9600200
2025-05-22,138.47045450205613,139.5502669772093,137.95018530366565,138.69622802734375,8993200
2025-05-23,137.12560315871426,138.74530681902826,137.0667070225096,138.2446746826172,8233100
2025-05-27,139.8741842147696,140.79691518025635,139.09867858992808,140.6791229248047,11862100
2025-05-28,140.8951131099342,141.15033470653532,139.78585255720847,139.98219299316406,9058300
2025-05-29,140.5613642978074,140.65951954127704,139.1183489086148,140.10980224609375,12106600
2025-05-30,139.9723621369701,140.6889717503132,138.96127183723587,140.19815063476562,14254700
2025-06-02,140.0116428269694,140.08034999748176,138.2544947622635,140.02145385742188,12641300
2025-06-03,139.99201196733713,141.18961679699757,139.9331158246773,141.1012725830078,10896800
2025-06-04,141.44481164455541,141.9160106540223,141.1699530450349,141.17977905273438,7975800
2025-06-05,141.6215407897472,141.70007397228295,140.54172825322158,141.08163452148438,13814300
2025-06-06,142.33811606324275,142.88783328731344,141.81784690627077,142.26939392089844,11289200
2025-06-09,142.6424320788753,142.8485835407307,141.85711528794187,142.1417999267578,9162800
2025-06-10,142.4166592473061,142.4166592473061,140.77731848932024,141.5233612060547,15625600
2025-06-11,141.65098293176052,142.03382281892723,140.21777862315025,141.5920867919922,15837000
2025-06-12,140.49263451593038,141.33684745301628,140.33558313917436,141.21905517578125,13097400
2025-06-13,140.21777968858765,141.2779551484909,139.60916626812696,140.03126525878906,14060500
2025-06-16,140.86566784263698,141.87675819749938,140.69879045169267,140.9932861328125,13711000
2025-06-17,140.47302701862625,140.94421115508703,139.73679525223653,139.93312072753906,12654200
2025-06-18,140.07051874793316,141.0227128179123,139.51097554078922,139.59933471679688,14008800
2025-06-20,140.4533813112001,140.78713609648833,139.28522458401858,139.75640869140625,13985200
2025-06-23,140.01437542860077,141.72763694474818,139.1085176804658,141.64886474609375,15902400
2025-06-24,142.40703016432414,143.0667304079378,141.60948233285478,142.83041381835938,11518200
2025-06-25,142.92889307203677,143.00766527421308,141.2550250925093,141.57009887695312,9751600
2025-06-26,142.19042616216458,143.27351018002884,141.88519325690956,143.1061248779297,9728300
2025-06-27,143.5196762055308,145.16400664943473,143.1947464736078,144.53384399414062,13380900
2025-06-30,144.79968809260902,145.45938840198272,144.32706989060102,145.25262451171875,10914600
2025-07-01,144.89816561291107,146.07971869944552,144.65200809387213,145.73509216308594,13189100
2025-07-02,145.51847389265842,145.88279724121094,145.03601476573695,145.88279724121094,11061700
2025-07-03,146.38494058448765,147.2415638784058,146.26678979201935,147.1234130859375,4864900
2025-07-07,147.10371943045857,147.51727726148013,145.59723669716894,146.6114044189453,10687700
2025-07-08,146.6212407250048,147.0150866718362,145.8630715018816,146.57200622558594,10845500
2025-07-09,147.56648586299832,147.7338711516599,146.61139360914154,147.5960235595703,10173600
2025-07-10,147.76342594756284,148.93512298464844,147.7043355293283,148.42312622070312,12385600
2025-07-11,147.68465457696232,148.29512035046622,147.32033127164394,147.89141845703125,7065200
2025-07-14,147.8815760892043,148.81697154630734,147.59602498723189,148.68896484375,9069900
2025-07-15,149.15173860585747,149.15173860585747,147.55664291615255,147.5763397216797,10278700
2025-07-16,147.98988041512894,148.20650020010544,146.10923365658772,148.0981903076172,9998300
2025-07-17,148.6594388092198,149.6440688464169,148.49205350580777,149.4668426513672,13374200
2025-07-18,149.92961270694374,150.136376591151,148.47234950502545,149.13206481933594,10201800
2025-07-21,149.59482964206637,149.70313954372733,148.2852849550677,148.3443603515625,10089300
2025-07-22,147.822517119521,148.9942293059314,147.40897429330482,148.69883728027344,15053900
2025-07-23,149.9394616843018,151.4459444475299,149.7031450653448,151.36717224121094,14747300
2025-07-24,151.2096140147159,152.21392564915476,150.69760228342244,151.11114501953125,11695600
2025-07-25,151.5739388789234,152.6767196295076,151.00285169758203,152.60780334472656,9376600
2025-07-28,152.68656772482845,152.76532489647013,151.70193781244575,152.13516235351562,9214700
2025-07-29,152.1745739956318,152.22380850193701,149.9000810323917,150.40223693847656,13546500
2025-07-30,150.19545090403776,150.49084290360884,148.96466342604253,149.66375732421875,13795300
2025-07-31,149.1812842485851,150.71731965205097,149.1812842485851,149.67359924316406,16520400
2025-08-01,147.6452709741646,148.0391320033374,145.85325212027993,147.43850708007812,19191700
2025-08-04,147.9504893791254,148.93511931914844,147.8126417884926,148.79727172851562,11355600
2025-08-05,148.57080710813298,149.2699009576799,147.47786730272819,148.49203491210938,12724800
2025-08-06,148.62989578144052,148.92528778686182,147.50741818024886,148.61019897460938,10736700
2025-08-07,149.44713143065525,149.50620682330774,147.4877124368716,148.39358520507812,11095100
2025-08-08,148.82682306464628,149.45698568304454,148.12774415674576,148.51174926757812,9124700
2025-08-11,148.53145256912916,148.6200656699044,147.67481418884736,148.02928161621094,9643500
2025-08-12,148.64959366166786,149.62438277931858,148.36404254546946,149.56529235839844,9518300
2025-08-13,149.98869456156106,150.2250111779503,148.42313641667002,150.13638305664062,12786800
2025-08-14,149.12220267711567,149.56528314903397,148.5314337226448,148.80712890625,9516400
2025-08-15,148.6594248828444,148.93512006549156,148.01942142832647,148.1277313232422,8796000
2025-08-18,148.13757675194876,148.86620834227153,147.98988826538522,148.7086639404297,7342100
2025-08-19,148.87605544510026,149.95915447262868,148.43297494266108,149.03359985351562,9035200
2025-08-20,148.87605514604724,149.24037846780863,147.9603564444631,148.895751953125,9549500
2025-08-21,148.67911771627726,149.06312278358067,148.10803056054854,148.36402893066406,7679600
2025-08-22,149.17143190792754,151.82992966975144,149.12219740739633,150.78622436523438,9298800
2025-08-25,150.53022355665922,151.03237939571434,149.26004257513753,149.2797393798828,6869000
2025-08-26,149.3388204779694,150.96346888570466,149.27974508573547,150.81576538085938,6927500
2025-08-27,150.74686206138153,151.04223904795188,150.5007045563984,150.79608154296875,5876400
2025-08-28,151.28839612195077,151.38686513336822,150.49084821195927,151.0619354248047,7166700
2025-08-29,150.83547044298632,150.95362123392164,149.0828302642261,149.67359924316406,8806100
2025-09-02,148.10803253747244,148.4034245218626,147.31048469660135,148.24588012695312,9798600
2025-09-03,148.20650863932866,148.3049626226676,146.80833587212175,147.49757385253906,12036200
2025-09-04,147.7732587963044,149.19112827155118,147.3793978174802,149.16159057617188,10148800
2025-09-05,149.4176027878101,149.74253249134736,147.10371627364847,148.61019897460938,16781000
2025-09-08,148.8071444592196,149.21083136180917,147.80281760011036,148.9449920654297,11647200
2025-09-09,148.67913107467373,148.6889719660107,147.02495987436265,147.94065856933594,12179400
2025-09-10,148.18681743861023,149.50621805449998,148.15727974006506,149.03359985351562,16515000
2025-09-11,149.11236443741893,150.91423907789874,148.8957446429835,150.4514617919922,17820600
2025-09-12,150.13637459208712,150.49084198455546,149.16160053099506,149.25021362304688,8907500
2025-09-15,149.59482662006022,150.33329910985012,149.36836592998446,149.939453125,9412900
2025-09-16,150.16592489549362,150.33331020261897,149.013909529328,149.4963836669922,10336100
2025-09-17,149.5554739605967,150.3530219839636,147.84221207851172,148.81700134277344,12549500
2025-09-18,149.18129029371144,150.74686345835133,148.86621649702934,150.40223693847656,13071800
2025-09-19,150.8945472348825,151.10132614519426,149.57514664302343,150.76654052734375,8778300
2025-09-22,150.282084546058,151.50807540369786,149.9755906032313,151.27078247070312,5688500
2025-09-23,151.61684230036158,152.51654600267668,150.70722687659136,151.31033325195312,8589300
2025-09-24,151.6366032593209,151.962875400702,150.49960662514485,150.52926635742188,5938400
2025-09-25,150.02503720895618,150.0546969415073,148.91768521048883,149.5109100341797,7145800
2025-09-26,150.34138743804232,151.4783989778698,150.30184616340105,150.8555145263672,6958900
2025-09-29,152.0320846625656,152.18038331728096,150.80609380036384,151.32022094726562,7177600
2025-09-30,151.14223252960653,152.6351759089997,151.11257280159637,152.4868621826172,8211200
2025-10-01,151.74536172434128,152.3682462792783,151.3795482994209,152.06175231933594,8753400
2025-10-02,152.2199517479063,153.05045445280524,151.54762925846356,152.4572296142578,8495400
2025-10-03,152.6648406982422,153.65353856157697,152.20015149556826,152.6648406982422,7430000
2025-10-06,153.15920947813564,153.6832182067039,152.42756753337332,153.37672424316406,6861000
2025-10-07,153.6041234857214,154.0094932906701,152.16061775267693,152.5066680908203,11204100
2025-10-08,152.89225240353534,154.058923844835,152.2199450300974,153.83151245117188,9686000
2025-10-09,153.9896985998326,154.17755361546907,151.33999545766042,151.5574951171875,9751200
2025-10-10,151.9628656189071,152.4572145734815,148.19592899886334,148.205810546875,24285300
2025-10-13,149.2933917639012,150.3216310029638,148.98689781051718,149.74819946289062,11014200
2025-10-14,148.38379785321177,152.190276106615,148.28492201854291,151.50808715820312,11015600
2025-10-15,152.0518583789306,152.90213926012993,149.55045365246846,150.8753204345703,10338300
2025-10-16,151.3202055122594,151.57726151632343,149.13517667555456,149.8865966796875,13796400
2025-10-17,149.7284209493457,150.62813971049982,149.28350988617797,150.01513671875,10806300
2025-10-20,150.81597726514428,152.1111842402282,150.75665780250432,151.784912109375,8192600
2025-10-21,152.0815145256195,153.89081836270157,151.98263870348794,153.12953186035156,11589400
2025-10-22,153.46568852020178,153.702981446161,150.68744984813458,151.14224243164062,13612300
2025-10-23,151.4685104643539,153.2580511928497,151.4685104643539,153.03065490722656,8035200
2025-10-24,154.23687203401198,154.27641331193178,153.0899788520136,153.15919494628906,7502400
2025-10-27,154.20720930285077,154.28630694348362,153.33715034222172,154.02923583984375,5828900
2025-10-28,154.1379905518703,154.52358211434836,152.91201485903343,152.93177795410156,9022200
2025-10-29,153.0504363056703,154.50382341008307,152.6055252726798,153.3272705078125,16439600
2025-10-30,152.74395958408687,155.2157045862392,152.56598609903807,152.9416961669922,11840000
2025-10-31,152.75384190650433,153.87107548076142,152.5462086872851,153.30751037597656,10414800
2025-11-03,153.29761570352713,153.29761570352713,151.51795642805175,152.6549530029297,9797400
2025-11-04,151.03349152721077,151.27078446333127,150.09423150369201,150.88519287109375,13391600
2025-11-05,150.48971981457876,152.29902376554958,150.31174634080568,151.46852111816406,11121900
2025-11-06,151.51796175212783,152.0320889134047,150.48972251590766,150.86541748046875,11735400
2025-11-07,150.31176591171177,151.81459119765174,149.43182523557846,151.59707641601562,13518600
2025-11-10,152.25949303018677,152.88237760202816,150.80610575344642,152.4572296142578,10900400
2025-11-11,152.46710540747927,152.9416761616433,151.61682463450543,152.49676513671875,8652400
2025-11-12,152.77361613146482,153.7820772091532,152.5462047338483,152.64508056640625,9583300
2025-11-13,152.57587573155882,153.08010625777501,149.9656986462038,150.28208923339844,15475400
2025-11-14,149.44168087630436,151.15213909774766,149.08574903045675,150.29196166992188,13433100
2025-11-17,150.29198281381312,150.5688170566042,148.18606625874781,148.81883239746094,15294100
2025-11-18,148.16626887708713,149.0560909584373,147.41486389919882,148.15638732910156,19820200
2025-11-19,148.3047064862689,149.15498740691027,147.90923330350614,148.6507568359375,12575500
2025-11-20,150.62812887113802,150.9939422610997,146.05045283423377,146.15921020507812,27790800
2025-11-21,146.80186164125493,148.5914024468411,145.47701006087252,147.93887329101562,20982900
2025-11-24,148.12671387596058,148.90777851177845,147.24675833778457,148.30467224121094,12658900
2025-11-25,148.66062131436706,150.46004370154262,147.6224854709069,150.20298767089844,13636100
2025-11-26,150.3117422075729,151.83434543891147,150.183206651512,151.0730438232422,10206200
2025-11-28,151.33008794951073,152.12104923340883,151.04337221584265,151.95297241210938,3507600
2025-12-01,150.815982795322,151.28067205148565,149.6592079724254,149.72842407226562,10704600
2025-12-02,150.51936576455935,151.47840388373254,149.9755789310593,151.03347778320312,9712300
2025-12-03,151.2114666905269,152.50665858953226,150.82587509398076,152.4671173095703,9128800
2025-12-04,152.5462081308793,153.71287961844124,152.36824973191275,153.25807189941406,9249400
2025-12-05,153.27782727731764,153.57443965112967,152.36822706093758,152.83291625976562,8228800
2025-12-08,153.0207906265258,153.25806848653062,152.27926714134287,152.64508056640625,6721600
2025-12-09,152.25947389533323,153.2679499595923,151.45863102437227,151.52783203125,7375100
2025-12-10,152.3385707811435,154.94873257438587,152.10127785945514,154.2961883544922,13463300
2025-12-11,154.13800756381175,156.095640407529,153.99959045139747,155.94732666015625,9999300
2025-12-12,156.4317898505869,156.66908278814196,154.49393524305393,154.96852111816406,12062900
2025-12-15,155.79901110199887,155.9572063808393,154.83997296773546,155.21568298339844,10889500
2025-12-16,155.07726812609192,155.5122825196887,153.65354076862658,154.2961883544922,10277500
2025-12-17,154.00948871304232,154.68179609863182,151.63660450701917,151.7947998046875,11612500
2025-12-18,153.139424907528,154.01936547977851,152.31880379847783,152.7834930419922,10021200
2025-12-19,152.94169016060246,154.35552100486862,152.84281432986575,154.0984649658203,6957800
2025-12-22,154.8345854712503,155.93578438022013,154.4774345603941,155.80682373046875,5369000
2025-12-23,155.77706050837588,156.12428088484296,155.43974038591801,155.74729919433594,5044600
2025-12-24,155.74730787597417,156.44176380562166,155.55880945121189,156.25326538085938,2238500
2025-12-26,156.11436748518477,156.17389011402432,155.54887223520268,155.96556091308594,4155300
2025-12-29,155.6679572316939,156.32273652841258,155.29096033879424,155.62826538085938,4455400
2025-12-30,155.6481045605291,155.8266876055334,155.15206241263553,155.18182373046875,3810500
2025-12-31,155.25127082847965,155.32070885470776,153.83258246919942,153.89210510253906,3691800
2026-01-02,154.38814229275843,156.75922298563975,153.7532089941041,156.72946166992188,10122900
2026-01-05,157.0469374286516,159.29897288075065,157.0469374286516,158.5846710205078,16194200
2026-01-06,158.1779237328034,160.8763942486931,157.91997212563425,160.7375030517578,12757200
2026-01-07,161.20378031300342,161.31291018946314,157.61242492096812,157.71163940429688,12333000
2026-01-08,158.7533387913824,160.08272816101493,158.4953871771514,158.9021453857422,11555400
2026-01-09,159.35848082435882,160.9358909795001,159.35848082435882,160.64817810058594,9439600
2026-01-12,160.35058434617522,161.9577560088087,160.0926327493544,161.87838745117188,7420500
2026-01-13,162.58275505281676,163.23751908575326,162.12638968391894,162.7117156982422,9580400
2026-01-14,162.48356927676986,162.9994573635837,161.52124627202338,162.96969604492188,10727100
2026-01-15,163.76334111930757,164.7355793667393,163.68397256919025,164.46771240234375,9197400
2026-01-16,165.0828152904278,165.87648572834422,164.80503290785774,165.578857421875,13483100
2026-01-20,163.45579404536855,164.39828618442144,161.8882991285278,162.23553466796875,14435200
2026-01-21,163.0788140184028,165.68798530460762,162.87046966497746,165.0431365966797,14068600
2026-01-22,165.24154827655983,165.6879831561059,163.88239771451836,164.18994140625,9937200
2026-01-23,164.18994107405447,164.50741529584747,162.41411695216263,162.92007446289062,11673600
2026-01-26,162.920059290605,163.3664941276726,162.55299300159425,163.07879638671875,8231500
2026-01-27,163.35659033828367,164.07089218352607,162.41411336242334,163.75341796875,9439300
2026-01-28,163.11849588899685,163.97168897734628,162.2256260900752,162.84071350097656,10144900
2026-01-29,163.94193184861433,165.58879543252954,162.75143370696674,164.54710388183594,16332500
2026-01-30,163.3566075712612,164.9935406421245,162.43396128298883,164.13043212890625,11612500
2026-02-02,163.91214544389555,166.29314136278262,163.75340834583565,166.203857421875,11466600
2026-02-03,166.20386455623637,168.45589992537168,165.59869258965827,167.6027069091797,16444000
2026-02-04,168.63447462718375,169.41822965290706,166.52134549295144,168.0491485595703,21338400
2026-02-05,166.91817092363664,167.97970831105707,166.12450051571543,167.03721618652344,18699300
2026-02-06,168.54519254619262,172.0174874195283,168.46582398967016,171.80914306640625,11992100
2026-02-09,171.44207310796025,172.75163155584474,171.27342060567284,172.3250274658203,9472200
2026-02-10,172.33495715454634,173.4659325640107,172.057159644955,172.5333709716797,8820200
2026-02-11,174.03141960023777,175.35089348659847,172.70203032092863,173.4560089111328,12551900
2026-02-12,174.38855162155633,176.3528740105668,171.08490956758246,171.38253784179688,18157000
2026-02-13,171.7297833059649,173.92228093916336,171.27341790731515,172.7913055419922,13617900
2026-02-17,172.54330088502417,174.57707674230696,172.02741280665856,173.69412231445312,13810800
2026-02-18,173.99173909225493,174.60682647773103,172.99965485090416,173.6544189453125,10623800
2026-02-19,173.67425576314287,175.5393788832563,173.36671208652913,174.94412231445312,13431100
2026-02-20,174.73580381006263,176.80925625960063,174.21991576138188,175.82708740234375,13104100
2026-02-23,175.01358562486993,175.5195431410962,172.96989449838193,173.4460906982422,10566600
2026-02-24,173.19807483613602,175.81717672100234,172.98973047731502,175.57907104492188,9756500
2026-02-25,176.15446800845535,176.35288182071784,173.05917015075082,174.20999145507812,11757700
2026-02-26,174.74572002944927,175.56915177746785,172.53337637995614,175.30128479003906,13764500
2026-02-27,173.9817997122336,175.8270769128093,173.64449472045177,175.73779296875,9692600
2026-03-02,175.10287524553516,177.8906296474768,174.2695280842866,177.48387145996094,21918000
2026-03-03,174.62666492436804,174.79531742161612,171.30317680294013,174.05125427246094,20481300
2026-03-04,174.93420780023942,175.5294492340267,173.30719032708188,174.57705688476562,13604000
2026-03-05,173.42624498793361,173.85284908637797,168.8626665294853,170.69801330566406,21308200
2026-03-06,168.41620457389033,169.30908941671353,166.92807830718817,168.59478759765625,22680300
2026-03-09,166.809044626693,170.04323382109982,164.85463744974652,169.58688354492188,19492500
2026-03-10,169.31901250805146,171.0154831899549,168.4757500013775,168.67416381835938,16791100
2026-03-11,168.3864517323851,168.9717929316233,167.03721657716486,168.1483612060547,14287600
2026-03-12,166.6503235030346,166.78921470537148,163.85265353081897,163.93202209472656,15925600
2026-03-13,164.97368198045538,165.4995005558035,162.43394874241568,163.34666442871094,15836200
2026-03-16,164.8546437928666,165.81696676018757,164.03121201990098,164.74551391601562,11091300
2026-03-17,165.89632394185216,166.2336289424382,163.74350300798886,165.18202209472656,12772600
2026-03-18,164.85463588556445,165.84672012280416,163.75342177670817,163.87246704101562,11872400
2026-03-19,162.16608061869448,163.68396814591256,160.96565214536383,162.76132202148438,17989900
2026-03-20,162.72166283042873,163.34666561372777,159.04102360431523,160.3902587890625,19199200
2026-03-23,163.25848572412306,165.3278059281722,162.18402224478567,162.2138671875,18508400
2026-03-24,160.54246353327363,163.7161071232645,160.31364726123724,163.1589813232422,14110200
2026-03-25,165.00945411338807,165.4671018673034,163.47735806522735,164.25335693359375,12205600
2026-03-26,162.89036950035833,163.76586161703796,160.26390833085972,160.4429931640625,15416400
2026-03-27,159.76646192073636,160.46286915858607,158.03539466958696,158.3835906982422,13923700
2026-03-30,159.72668237734845,159.91571046226,155.27960388694547,155.806884765625,17459600
2026-03-31,157.88615902595427,161.40801386416865,157.23949839785294,160.90061950683594,15855900
2026-04-01,162.65160991332655,164.91991659626052,162.43273688422414,163.58677673339844,17035300
2026-04-02,160.8906702765014,164.89005920198107,160.31364280522013,162.93016052246094,11097200
2026-04-06,162.70133372837765,163.79569882253668,161.93529334300584,163.76585388183594,7105500
2026-04-07,162.81077165511624,163.8354884428677,161.96513969366777,163.4375457763672,10068200
2026-04-08,168.73027501866486,170.18277944599296,168.24278233796431,169.5659637451172,12808600
2026-04-09,169.0088399614766,172.27201851592997,168.9292483893509,171.30699157714844,8180000
2026-04-10,171.60545355980312,171.81436815047368,170.33201878629714,170.6404266357422,5169700
2026-04-13,170.11315559185388,171.89396965472292,169.73509940331172,171.84422302246094,6814100
2026-04-14,172.24217128621987,173.14749314847742,171.14780615970196,172.46104431152344,5490700
2026-04-15,172.22228051981563,172.2620687176031,169.20781978442838,170.3021697998047,13548300
2026-04-16,170.37180801016095,171.17765179726422,168.6506839228577,169.45652770996094,8629200
2026-04-17,171.35674757140072,174.2319268566983,171.25725430567152,172.62022399902344,9529000
2026-04-20,172.24216883141074,173.08780079844985,171.67508458833177,173.00820922851562,5734900
2026-04-21,172.6401153687914,173.79417038788634,170.05344241986006,170.5608367919922,8752700
2026-04-22,172.42123563490674,173.02810806267482,169.4565218113126,170.16287231445312,10595400
2026-04-23,170.9488344616745,173.8936466822996,170.72001818317256,173.17735290527344,14418800
2026-04-24,173.07786386481712,173.28677846055064,171.0781768315231,171.58555603027344,7665200
2026-04-27,171.62533569335938,172.62020753359096,170.6404222870754,171.62533569335938,6689500
2026-04-28,170.7996024924236,170.9786873303881,168.67057720887613,170.1031951904297,9000000
2026-04-29,170.37180133815446,170.82944906060231,168.36215598568768,169.05856323242188,9059900
2026-04-30,170.6105876308808,173.9235128802231,170.2623763935934,173.6847381591797,12012100
2026-05-01,174.33139201857978,174.53036335474724,172.05314213546347,172.0730438232422,6800700
2026-05-04,171.61540474657406,172.32177048322973,169.78484407260703,170.1031951904297,7618500
2026-05-05,171.26718724436193,172.1725242941283,170.32206199902498,171.52586364746094,6189400
2026-05-06,174.38113955326017,176.4305731694529,173.3564227451638,175.96298217773438,10461300
2026-05-07,176.53005801998722,176.80862091490786,172.54061230962517,173.10769653320312,10627700
2026-05-08,174.25181056065696,174.42095214578228,172.20237683616799,172.3118133544922,5883800
2026-05-11,172.3516072900865,174.64975886844994,171.99345281160518,174.14236450195312,6277200
2026-05-12,173.5354937494681,173.89364823144177,171.25724383673275,173.45591735839844,7468700
2026-05-13,173.3464756417157,173.714573366389,171.63529485482096,172.72964477539062,6070600
2026-05-14,173.27682900005834,173.83395480944588,171.95364761249306,173.61508178710938,7364000
2026-05-15,171.9138562899958,171.9138562899958,170.05343563398375,170.52102661132812,7826300
2026-05-18,170.68021818773485,170.69017662213213,168.63078453320884,169.87437438964844,8696000
2026-05-19,168.76011489485256,169.30728226183044,167.2479054491334,167.8746795654297,7503400
2026-05-20,168.36216906384306,170.60063086114488,167.50657861409718,169.85447692871094,10524700
2026-05-21,168.93919334353504,170.42155792578362,168.04381471405412,169.65550231933594,8535000
2026-05-22,170.86924320956365,171.99345327739064,169.54606180438375,170.88914489746094,6910500
2026-05-26,172.30186529938592,173.88370796337244,171.98349900748053,173.4061737060547,6797700
2026-05-27,173.6449332444434,173.96329953634879,172.58042821453296,173.4061737060547,7413200
2026-05-28,172.60032932620203,173.81407424409025,171.17765463238146,172.9087371826172,8669000
2026-05-29,172.67991829424517,172.98832614600838,171.48605990213724,172.24217224121094,7054700
2026-06-01,170.71007108137027,171.9735626849165,169.51622779968815,171.5159149169922,8235000
2026-06-02,172.05314780321078,173.60514552919852,171.4860635368858,173.29673767089844,8663800
2026-06-03,172.83908915296166,175.196945854399,172.66001949946886,173.15745544433594,6900600
2026-06-04,174.03293420607213,175.57498868740822,173.3862735431927,175.2566375732422,6670100
2026-06-05,174.70944833855197,175.46554548887457,172.5903664141672,173.28677368164062,8893400
2026-06-08,174.02298680582282,174.43088791849428,172.3814542819072,172.73960876464844,5372100
2026-06-09,173.4758053213337,175.68442211527804,170.8493441583377,174.6995086669922,9457400
2026-06-10,173.67478722589377,173.68473047946156,168.5810329993123,168.7899627685547,13851900
2026-06-11,170.4016512893835,174.77908140946573,170.1131451288741,174.25180053710938,11046100
2026-06-12,175.11736705742058,175.70433787185712,173.73449563702295,175.2765350341797,6961600
2026-06-15,177.88308207335913,179.0570235186017,177.59456074831542,177.76368713378906,7522100
2026-06-16,178.65909944991378,180.1713090039229,178.39047978361663,178.92771911621094,8978400
2026-06-17,179.04709860289648,181.3949969143841,178.21140984301292,178.6790008544922,11053200
2026-06-18,181.56412727167526,181.98197166071776,179.52463677854277,179.98228454589844,8059200
2026-06-22,180.29542815590523,181.79140749023426,180.20567304813878,181.3126983642578,6669200
2026-06-23,178.67977256835303,179.52748504723507,176.75493794145424,177.67247009277344,8927400
2026-06-24,178.5900307350956,181.40246413565927,177.86197645937733,179.7269744873047,7088600
2026-06-25,181.75152960045483,185.59120093432693,181.57200415893698,183.62648010253906,7867600
2026-06-26,182.1504523609084,182.57930770509648,180.42509370230812,180.7143096923828,8856200
2026-06-29,181.02347683097372,183.08793572710104,180.8639172590594,182.27012634277344,7860500
2026-06-30,182.82863637859842,184.952916778457,182.2102878784268,184.73350524902344,6530900
2026-07-01,183.87580229117137,185.1523701097328,182.23023110536772,182.86851501464844,8112800
2026-07-02,184.21491195464856,184.9828370978669,181.42241400162027,183.41705322265625,6530800
2026-07-06,184.20492660777902,185.9502359033387,184.20492660777902,185.0626220703125,6701800
2026-07-07,184.045342454128,184.42432875160242,180.17575296105457,181.89114379882812,7721500
2026-07-08,180.27548638070564,181.40246240445126,178.59999674834103,179.9364013671875,7333300
2026-07-09,181.94099611391812,182.26014567084204,180.24555594195309,180.62454223632812,5381900
2026-07-10,180.66443272247437,182.09060761064694,179.67709609470526,181.432373046875,5315600
2026-07-13,181.03344698636374,181.6916663165306,179.3180561617951,179.8865203857422,5384700
2026-07-14,181.1830396543373,182.02078441864342,179.37789371533654,179.96630859375,6672800
2026-07-15,180.2954333792592,180.53479555812638,177.30347462392083,179.57736206054688,7491300
2026-07-16,178.3107590353353,180.0760189333722,178.07141207823807,179.6671142578125,6093200
2026-07-17,177.78218103003852,180.97361582763662,177.12396167958119,178.92910766601562,8061700
2026-07-20,180.12589415681418,180.78412874727135,177.1139846939046,177.64256286621094,6044600
2026-07-21,179.02883434800628,179.45768968554898,177.2835250633075,178.18112182617188,4836000
2026-07-22,177.7223386382795,179.35794207197836,177.66250190085822,178.37060546875,4350100
2026-07-23,178.60996457883095,182.48953723729431,178.60996457883095,181.45233154296875,8556000
2026-07-24,181.43237294293738,183.4070614152332,181.2528627263145,182.17039489746094,5507700
2026-07-27,183.12781098367466,183.92566966761137,180.35526385085822,182.7089385986328,6193700
2026-07-28,182.14047862379704,182.45961297409494,180.95366589617157,182.0008544921875,5707200
2026-07-29,180.51484091248696,180.95366395509225,175.87731103144878,176.1864776611328,9505200
2026-07-30,178.45038058035058,178.61993829635597,175.4883555039722,177.91183471679688,7367000
2026-07-31,180.01619053089624,180.43506294310393,177.41318572669235,179.3579559326172,7206200
2026-08-03,179.97629238711596,182.85854527306793,179.6172567410024,182.66905212402344,8814000
2026-08-04,185.14240271940326,186.36910151858393,182.7887279464216,185.90036010742188,10498000
2026-08-05,186.07988888572777,187.68557401671757,185.4914739863803,185.8505096435547,5641100
2026-08-06,186.19955761791508,186.95753021811765,184.00545764352128,184.26475524902344,5520400
2026-08-07,184.95292008419213,185.3717924975367,183.49684196416914,184.6836395263672,6170200
2026-08-10,185.43161569488794,185.43161569488794,183.87579963957003,184.10519409179688,3438400
2026-08-11,184.5839067302821,186.75805607520385,184.5340377085046,185.20223999023438,4893700
2026-08-12,186.66831050979746,186.9076726958331,184.65372062652727,185.38177490234375,4052000
2026-08-13,185.9801451107067,186.16963825975068,184.24481883606927,185.2919921875,4942500
2026-08-14,185.68095351073373,186.37908939634988,185.10252154168086,186.01007080078125,3590300
2026-08-17,185.89039161388848,186.88771117085292,185.6809478110549,185.82058715820312,5363000
2026-08-18,184.71356060709823,185.0825639709852,183.01810519727582,183.0779571533203,4646800
2026-08-19,183.74616590496498,184.12513699927797,181.232916288578,181.46229553222656,8312100
2026-08-20,180.52481352492677,181.5420837678342,179.0687354454039,179.28814697265625,6497700
2026-08-21,180.46498165022706,180.7542128611715,179.30808724222857,179.76686096191406,5470900
2026-08-24,179.60727731333057,179.8167211184403,177.88191872204047,178.52020263671875,5242400
2026-08-25,180.27548887469564,180.4749649728325,177.682466995703,177.92181396484375,6564300
2026-08-26,178.4204704991398,180.41510970077533,178.4204704991398,179.8566131591797,8142000
2026-08-27,179.98626157930505,180.00621223144395,177.70239127289832,178.32073974609375,5464700
2026-08-28,178.95902975209168,179.03881714547745,176.1764995726112,176.66519165039062,8234400
2026-08-31,175.6180017740605,175.78754427707776,174.26164653203332,174.66058349609375,7362100
2026-09-01,173.87269874530548,174.96975641349474,171.6885663445676,172.2670135498047,9138900
2026-09-02,172.87537581360476,172.87537581360476,171.15998488415477,172.31687927246094,10830300
2026-09-03,173.2942433496157,174.09210205078125,171.55891703381133,174.09210205078125,8340600
2026-09-04,173.87268632319532,175.30882890698894,173.63333937115547,174.80020141601562,5841600
2026-09-08,174.67055546576012,175.23903494667718,173.8028922768757,173.95248413085938,6225400
2026-09-09,173.06487040542137,173.69318662835525,171.24975663167504,171.32952880859375,6411800
2026-09-10,170.37209798380377,171.21981045778892,169.5443209436382,170.0928497314453,7830400
2026-09-11,171.9877616371534,172.45650306565992,171.40931444414775,171.90797424316406,5577100
2026-09-14,168.2178854182846,169.68394636328614,167.88876814309154,169.47450256347656,7359400
2026-09-15,170.01306799173318,170.5715645150079,167.96855983354683,168.3974151611328,8890100
2026-09-16,169.15537879847935,170.2225028624367,167.04106610578253,168.25779724121094,8909600
2026-09-17,171.0502752621615,171.0502752621615,168.2079235969605,168.55697631835938,5851100
2026-09-18,168.54700848631376,169.4645406708618,168.02839804534693,169.2949981689453,8562500
2026-09-21,170.36000061035156,170.69000244140625,168.55999755859375,169.97999572753906,8548900
2026-09-23,169.7100067138672,171.1300048828125,169.5800018310547,170.10000610351562,8006400
2026-09-24,168.75,170.0500030517578,168.25,168.8300018310547,8598900
