Date,Open,High,Low,Close,Volume
2005-01-03,13.235563441429056,13.298049282827208,13.076510148370923,13.11059284210205,813900
2005-01-04,13.070822304254365,13.167390786081619,12.991295701620876,13.065141677856445,2075600
2005-01-05,13.065145211508549,13.082187095311527,12.996978759765625,12.996978759765625,1772000
2005-01-06,13.053781920253659,13.104906480222104,12.968574681462528,13.059462547302246,594900
2005-01-07,13.121952056884766,13.161715373954527,13.053785596572942,13.121952056884766,325800
2005-01-10,13.178752766381033,13.25827937340461,13.093544449177186,13.2014741897583,357500
2005-01-11,13.12195096456572,13.195796963909617,13.110589708214647,13.144672393798828,639100
2005-01-12,13.178755346392435,13.207157402041496,13.082186840329072,13.18443489074707,586700
2005-01-13,13.235552016592104,13.235552016592104,13.065137611567696,13.099220275878906,358800
2005-01-14,13.15035887519432,13.178762028714237,13.093553651624008,13.173081398010254,253000
2005-01-18,13.042420326188841,13.309404373168945,13.042420326188841,13.309404373168945,759600
2005-01-19,13.343482526810416,13.36052440173367,13.286677360534668,13.286677360534668,567200
2005-01-20,13.235550915627199,13.315078570362536,13.229871374938071,13.275315284729004,1052900
2005-01-21,13.320766965272101,13.320766965272101,13.138990136599455,13.161712646484375,909900
2005-01-24,13.190119488631119,13.190119488631119,13.099231583035243,13.11059284210205,415700
2005-01-25,13.207156582785311,13.212837210256541,13.150351391541916,13.161712646484375,1014000
2005-01-26,13.21851701260952,13.229878266842796,13.144669943562072,13.150350570678711,621300
2005-01-27,13.121946375881143,13.235555649256113,13.09922387112495,13.22419548034668,212600
2005-01-28,13.224194938618854,13.258277610888287,13.150347884655032,13.229875564575195,1183000
2005-01-31,13.360528370960953,13.360528370960953,13.212835328153828,13.263959884643555,867100
2005-02-01,13.29236139112273,13.29236139112273,13.201473535182679,13.26963996887207,1059900
2005-02-02,13.275324954400364,13.377573013305662,13.263963697810087,13.377573013305664,423600
2005-02-03,13.377563599696863,13.388924848292383,13.332119688783079,13.354842185974121,599100
2005-02-04,13.400286963134203,13.457092126315612,13.35484304928275,13.428689002990723,951200
2005-02-07,13.405972069435114,13.45709662504256,13.400291442871096,13.400291442871094,1953800
2005-02-08,13.479818329477581,13.479818329477581,13.37188967291234,13.417333602905273,1028200
2005-02-09,13.33781420847376,13.40598068759472,13.281008989784532,13.298050880432129,473500
2005-02-10,13.343488685380827,13.343488685380827,13.252600810778496,13.292364120483398,591400
2005-02-11,13.332120925908445,13.394606715513742,13.263955594946665,13.371885299682617,411500
2005-02-14,13.423016956197706,13.423016956197706,13.343490327003897,13.377573013305664,348500
2005-02-15,13.417333322563154,13.519581350309311,13.36620876695571,13.400291442871094,1124800
2005-02-16,13.462775076473292,13.462775076473292,13.40596990347964,13.434371948242188,567600
2005-02-17,13.46278011968636,13.46278011968636,13.332127847817514,13.349169731140137,216300
2005-02-18,13.303726467936032,13.35485103703088,13.29236521181073,13.332128524780273,465000
2005-02-22,13.33212685798464,13.33212685798464,13.121949063288255,13.133310317993164,449400
2005-02-23,13.207155081347842,13.207155081347842,13.099225338602128,13.167391777038574,1091800
2005-02-24,13.20715306074983,13.235555107062922,13.110584586429258,13.229875564575195,839200
2005-02-25,13.263954036414203,13.286675449575533,13.190107005836266,13.275315284729004,432500
2005-02-28,13.349176445781733,13.349176445781733,13.224205822295778,13.246927261352539,985000
2005-03-01,13.315078899358099,13.383244223994623,13.303717650762577,13.354842185974121,438100
2005-03-02,13.275326316118415,13.400296901023138,13.275326316118415,13.320770263671875,409200
2005-03-03,13.428695270831428,13.457098407413476,13.366210537288675,13.411654472351074,283600
2005-03-04,13.519581647469614,13.519581647469614,13.45141629414057,13.479818344116211,2885400
2005-03-07,13.479822978890477,13.50254549345869,13.423017775939075,13.440059661865234,289100
2005-03-08,13.468460899089749,13.468460899089749,13.349170955299035,13.377573013305664,253200
2005-03-09,13.377575343952753,13.377575343952753,13.241243491524829,13.281006813049316,244100
2005-03-10,13.252599187632617,13.366209558705274,13.246918560732105,13.309404373168945,596200
2005-03-11,13.241237905522544,13.32644514191047,13.178753176688089,13.207155227661133,2529400
2005-03-14,13.258288522615674,13.275330414510375,13.207163930401077,13.246927261352539,386500
2005-03-15,13.320765450918993,13.320765450918993,13.167391777038574,13.167391777038574,250500
2005-03-16,13.104907181230894,13.178754253343913,13.076505127937507,13.133310317993164,482800
2005-03-17,13.178755760192871,13.195796560729782,13.082187251097347,13.178755760192871,185500
2005-03-18,13.130834276815431,13.233508218172469,13.090905763614447,13.1365385055542,402100
2005-03-21,13.187872573071482,13.187872573071482,13.050973289418673,13.062381744384766,353200
2005-03-22,13.119430470903175,13.119430470903175,12.988236427307129,12.988236427307129,727400
2005-03-23,12.9768265359628,13.113724795236259,12.919785322606195,13.073796272277832,465800
2005-03-24,13.1194255009267,13.1194255009267,13.045272705063203,13.06808853149414,396700
2005-03-28,13.090910567376806,13.136543326061682,13.033869347028014,13.07950210571289,325000
2005-03-29,13.033869916333941,13.125135437690076,13.022461454171717,13.050981521606445,673400
2005-03-30,13.113725867131654,13.233512533768762,13.090910032706473,13.2221040725708,2248800
2005-03-31,13.210694486133029,13.210694486133029,13.119428980264493,13.130837440490723,264300
2005-04-01,13.23350920556231,13.23350920556231,12.971120103853353,13.00534439086914,2099100
2005-04-04,13.090910567376806,13.102317941069936,12.993940819175098,13.07950210571289,511900
2005-04-05,13.09661546318827,13.187882080744624,13.08520808796829,13.176473617553711,240400
2005-04-06,13.216400022872444,13.216400022872444,13.125134507981034,13.142247200012207,265200
2005-04-07,13.19358516477876,13.233514785766602,13.108023867175241,13.233514785766602,1957700
2005-04-08,13.244916773724764,13.244916773724764,13.153651281672692,13.170763969421387,210000
2005-04-11,13.233511537811285,13.233511537811285,13.153653403406443,13.20499038696289,166600
2005-04-12,13.204990644531557,13.273440319932181,13.085205072543818,13.256327629089355,452100
2005-04-13,13.262023584412054,13.273432037855532,13.119421180278591,13.193573951721191,672600
2005-04-14,13.262034570363522,13.262034570363522,13.14795211736558,13.165064811706543,642100
2005-04-15,13.176471946449624,13.176471946449624,13.005348284201492,13.039573669433594,518800
2005-04-18,13.062387247992133,13.090908397424249,12.919784764743374,12.954009056091309,1227800
2005-04-19,13.062389251261616,13.062389251261616,12.925490976904335,12.988236427307129,802900
2005-04-20,13.016753436184489,13.028161895027702,12.811405528888722,12.822813987731934,1104100
2005-04-21,12.959715525196149,13.045277900305612,12.90837853531879,13.039573669433594,939800
2005-04-22,13.028167372131056,13.033871603950749,12.839932073965096,12.902677536010742,438200
2005-04-25,12.971123986940183,13.039573669433594,12.92549122793484,13.039573669433594,568000
2005-04-26,12.94830734178243,13.033868623571065,12.936898880751752,12.94260311126709,370100
2005-04-27,12.948307899949269,13.016756493142521,12.828521229904917,12.988236427307129,840700
2005-04-28,13.016768559811846,13.073809832331213,12.908390250822228,12.95972728729248,3187700
2005-04-29,12.914078421326627,13.005343908631588,12.817108705068803,12.993936538696289,2003700
2005-05-02,13.045277201325451,13.102317331047763,13.011051817927182,13.090909957885742,212400
2005-05-03,13.108027350841656,13.199292904270136,13.062394574127417,13.147955894470215,520100
2005-05-04,13.204993627918144,13.25633062407444,13.16506509490123,13.233514785766602,662200
2005-05-05,13.256328022354237,13.279144944154897,13.14794981974253,13.210695266723633,1124000
2005-05-06,13.313372839185535,13.313372839185535,13.159361839294432,13.159361839294434,1518900
2005-05-09,13.216400016104286,13.26773700420076,13.17076725868195,13.239215850830078,435900
2005-05-10,13.244921876022559,13.244921876022559,13.119432048101547,13.165064811706543,895500
2005-05-11,13.222103727623962,13.222103727623962,13.068092769381648,13.210695266723633,1590500
2005-05-12,13.090915739555827,13.227814069698546,13.090915739555827,13.147955894470215,497300
2005-05-13,13.165067645653616,13.165067645653616,12.97112808659172,13.033873558044434,343100
2005-05-16,13.090913231323503,13.17647453527267,13.073800535345267,13.159361839294434,781500
2005-05-17,13.13655006387139,13.239223007595797,13.119437362598317,13.227815628051758,270500
2005-05-18,13.30196594958762,13.381823030995724,13.262037408883566,13.353302955627441,726400
2005-05-19,13.381819972855281,13.433156967163086,13.341891441276076,13.433156967163086,308800
2005-05-20,13.433156794806264,13.438861026097372,13.347595501381363,13.416045188903809,384100
2005-05-23,13.461674952307913,13.490195014438969,13.404633740075168,13.438858032226562,507500
2005-05-24,13.438861026097372,13.438861026097372,13.364708195254693,13.416045188903809,2247200
2005-05-25,13.40463234676053,13.40463234676053,13.307662622435357,13.370408058166504,388700
2005-05-26,13.421746474287383,13.421746474287383,13.3590010318279,13.381816864013672,290300
2005-05-27,13.43314913201744,13.438853360054638,13.28484355493133,13.341883659362793,319900
2005-05-31,13.393220039786748,13.393220039786748,13.267730292350489,13.296250343322754,424400
2005-06-01,13.290555791411126,13.410342486236985,13.26773995161682,13.38752555847168,455500
2005-06-02,13.40463642150604,13.433156489342181,13.336186735540112,13.421749114990234,328800
2005-06-03,13.421746996319223,13.421746996319223,13.279144503707133,13.313368797302246,503800
2005-06-06,13.330482138141248,13.330482138141248,13.273440920720683,13.319073677062988,739500
2005-06-07,13.313366851862781,13.44456086478198,13.313366851862781,13.370408058166504,511400
2005-06-08,13.347600597980868,13.41034607817071,13.31908051860619,13.33619213104248,181000
2005-06-09,13.336179431325597,13.381812167652921,13.29625092303547,13.341883659362793,659500
2005-06-10,13.364701998445591,13.381813596413915,13.26202805875417,13.330477714538574,599600
2005-06-13,13.376119613647461,13.404639688434408,13.279149836212282,13.376119613647461,636100
2005-06-14,13.336190257623787,13.398935728999378,13.30196594958762,13.353302955627441,220700
2005-06-15,13.364706343843187,13.39322640837698,13.279145062271084,13.359002113342285,283000
2005-06-16,13.376114894483553,13.376114894483553,13.31336944652386,13.319073677062988,371200
2005-06-17,13.36607389079179,13.417658312121747,13.331684640976665,13.354610443115234,820900
2005-06-20,13.35460758252122,13.3718027503528,13.285829097623512,13.348876953125,644800
2005-06-21,13.354608284172656,13.377535175819343,13.303023871181978,13.320219039916992,750500
2005-06-22,13.388998339896435,13.394730062687493,13.291561238877128,13.331682205200195,859200
2005-06-23,13.325953207264533,13.325953207264533,13.154005861230816,13.165468215942383,2179300
2005-06-24,13.13107797510606,13.159735499545633,13.022177414449608,13.03364086151123,328900
2005-06-27,13.050844916460287,13.062308371325651,12.993528735348692,13.022186279296875,629400
2005-06-28,13.073758477049738,13.199854175930541,13.068026754990228,13.188390731811523,1095000
2005-06-29,13.199856789324954,13.217050865693476,13.131077204207608,13.154004096984863,551900
2005-06-30,13.13108071437039,13.176933418967694,13.027911855722778,13.039375305175781,503100
2005-07-01,13.096689506703935,13.125347032849323,13.0451050850706,13.085226058959961,428700
2005-07-05,13.062299657912783,13.188394297672692,13.056567934303539,13.159735679626465,864100
2005-07-06,13.182662393668878,13.182662393668878,13.02790913798042,13.03364086151123,1169000
2005-07-07,12.982055914457442,13.027908607622818,12.924739774697114,13.010714530944824,510500
2005-07-08,13.010712799658075,13.194123547913794,12.987785909518962,13.182660102844238,380300
2005-07-11,13.22850839886639,13.268629350077884,13.182655727022695,13.257165908813477,888100
2005-07-12,13.262902119895458,13.320218252409209,13.257170397322653,13.268633842468262,287200
2005-07-13,13.285829795661327,13.331682485740334,13.251440551405661,13.320219039916992,310700
2005-07-14,13.388994078593717,13.457772543767675,13.371798915693232,13.394725799560547,564300
2005-07-15,13.394731662440451,13.406194016177192,13.354609598111205,13.388999938964844,259200
2005-07-18,13.366073502394775,13.423389645897494,13.325952529907227,13.325952529907227,1033500
2005-07-19,13.36034330305728,13.400464280122389,13.303027153015137,13.303027153015137,1161500
2005-07-20,13.21132062680192,13.371805614630068,13.21132062680192,13.354610443115234,632300
2005-07-21,13.354611578731602,13.383270200359991,13.28010134892706,13.303027153015137,1640100
2005-07-22,13.325949250026115,13.383265379421763,13.285828287413432,13.343144416809082,2361400
2005-07-25,13.406194083640337,13.406194083640337,13.29729461669922,13.297294616699219,552400
2005-07-26,13.325961192897728,13.41193491743467,13.325961192897728,13.366082191467285,507400
2005-07-27,13.411930369854053,13.429125546217165,13.37180938488831,13.400466918945312,678100
2005-07-28,13.429115404575441,13.543746547449086,13.377531007657392,13.51508903503418,1786200
2005-07-29,13.515089327904029,13.538016212903994,13.452041487368172,13.457773208618164,1326100
2005-08-01,13.47497360467,13.47497360467,13.371804768538025,13.388999938964844,916400
2005-08-02,13.383266282134949,13.463508212772703,13.383266282134949,13.434850692749023,404600
2005-08-03,13.457780696215305,13.463512420654295,13.389002189376738,13.463512420654297,3065000
2005-08-04,13.400460270191125,13.423387160633233,13.320218340072367,13.348876953125,479900
2005-08-05,13.314493371996448,13.32595682303299,13.251446577725194,13.262908935546875,1371300
2005-08-08,13.25144414656525,13.297296849084244,13.222785524231716,13.239980697631836,807900
2005-08-09,13.280104112101686,13.303029920959908,13.22851967565211,13.262908935546875,806400
2005-08-10,13.320222653736412,13.400464609840986,13.21705379976501,13.239980697631836,2009700
2005-08-11,13.268633702597478,13.2972923151594,13.194123496365059,13.274365425109863,1102400
2005-08-12,13.251446341361405,13.268640424394667,13.176935004167794,13.228519439697266,1271600
2005-08-15,13.205595052042733,13.320226293052121,13.205595052042733,13.291568756103516,1384600
2005-08-16,13.251442164159897,13.274367965382382,13.154005049231717,13.159735679626465,2445700
2005-08-17,13.102419681450458,13.188393342936326,13.102419681450458,13.154004096984863,1438000
2005-08-18,13.125348071777662,13.34314922329488,13.125348071777662,13.303027153015137,1489300
2005-08-19,13.28009877452714,13.343146636672882,13.28009877452714,13.2858304977417,1737600
2005-08-22,13.268636386404507,13.400462751210602,13.262904662732785,13.325952529907227,1082600
2005-08-23,13.325958019084835,13.337421471150263,13.274373578005374,13.291568756103516,1114700
2005-08-24,13.25717443057771,13.30875885621228,13.165469027941722,13.1712007522583,1031200
2005-08-25,13.205585897990051,13.297291264513799,13.14826977060916,13.188390731811523,434500
2005-08-26,13.165466450159071,13.308756250373659,13.125345481013294,13.154004096984863,229400
2005-08-29,13.12534636417416,13.268636174030242,13.090957115908758,13.245710372924805,271600
2005-08-30,13.222779293767594,13.222779293767594,13.073757807494887,13.176926612854004,729800
2005-08-31,13.14827381907087,13.239979213831463,13.08522595021751,13.222784042358398,391200
2005-09-01,13.257170705008805,13.291561041243803,13.188392218967463,13.205587387084961,421500
2005-09-02,13.21132426344916,13.297299051474841,13.199861905831932,13.228519439697266,873300
2005-09-06,13.251446999342965,13.389005136513529,13.251446999342965,13.371809959411621,636300
2005-09-07,13.371802050679058,13.388997217610909,13.303022476165907,13.383265495300293,3038100
2005-09-08,13.411924137846327,13.411924137846327,13.274366070503953,13.331682205200195,1408900
2005-09-09,13.297294549784084,13.446314987291967,13.26863593240605,13.388999938964844,2431600
2005-09-12,13.354615680486315,13.429127026391006,13.354615680486315,13.41766357421875,827100
2005-09-13,13.325958019084835,13.354615556033442,13.257178399907234,13.291568756103516,1381000
2005-09-14,13.291561041243803,13.297292763949635,13.194123941673295,13.205587387084961,1794500
2005-09-15,13.257165908813477,13.268629350077884,13.199850888919304,13.257165908813477,990300
2005-09-16,13.363742849227464,13.363742849227464,13.265818830726117,13.2946195602417,1479300
2005-09-19,13.31765836245132,13.36374017967736,13.185172176583922,13.213973999023438,2017400
2005-09-20,13.213963796625226,13.300366999878163,13.104519153210795,13.133319854736328,987100
2005-09-21,13.05268305695441,13.05268305695441,12.960519450974958,12.972040176391602,1848300
2005-09-22,12.902920948933776,13.075728588077624,12.902920948933776,13.069968223571777,912500
2005-09-23,13.018123606817419,13.133327579355315,13.018123606817419,13.093006134033203,971500
2005-09-26,13.17364846584292,13.17364846584292,13.018121968874304,13.04692268371582,1083100
2005-09-27,13.041164379354699,13.213971991709293,13.041164379354699,13.18517017364502,847300
2005-09-28,13.162126454924582,13.306132212421183,13.162126454924582,13.202447891235352,1363600
2005-09-29,13.133324413091351,13.323411965694522,13.133324413091351,13.317652702331543,2294300
2005-09-30,13.294614531129167,13.409819602966307,13.26005344904882,13.409819602966309,830200
2005-10-03,13.363738304631683,13.450141562472748,13.363738304631683,13.392539024353027,977200
2005-10-04,13.427103602171462,13.44438469770791,13.334939956665039,13.334939956665039,702400
2005-10-05,13.36373657292576,13.36373657292576,13.225490059881942,13.24277114868164,1138700
2005-10-06,13.219731766561548,13.323415010944192,13.087245606720389,13.167889595031738,1163100
2005-10-07,13.167882300225333,13.20820372270507,13.116040157415284,13.15636157989502,1034200
2005-10-10,13.219735262703852,13.231254893786026,13.098769797584316,13.11029052734375,769900
2005-10-11,13.104530162464034,13.190933438305267,13.104530162464034,13.11029052734375,755700
2005-10-12,13.110287934599196,13.150609382105818,13.018124312104902,13.06420612335205,1411400
2005-10-13,13.064208918308536,13.069969283281432,12.972045276096756,13.029647827148438,1125500
2005-10-14,13.046923985667362,13.13332723749093,12.98932145155933,13.10452651977539,818700
2005-10-17,13.046925853670631,13.26005493078217,13.018125131831528,13.248534202575684,2232100
2005-10-18,13.219722693834601,13.225481954561346,13.150599479675293,13.150599479675293,1156000
2005-10-19,13.087245326872821,13.294614008557842,13.081484963639689,13.288853645324707,1571900
2005-10-20,13.357977785999614,13.363738149612468,13.139088363419196,13.18517017364502,913300
2005-10-21,13.219731595479969,13.24277194993006,13.116047253762172,13.173649787902832,643600
2005-10-24,13.162128950226611,13.300374371790975,13.162128950226611,13.288853645324707,856900
2005-10-25,13.219730795625598,13.271572963347808,13.162128264970155,13.24277114868164,225400
2005-10-26,13.306132212421183,13.317652936703327,13.185166804812134,13.202447891235352,1013300
2005-10-27,13.173647610320655,13.173647610320655,13.064202923412124,13.075723648071289,1063600
2005-10-28,13.133332618393187,13.311900657157492,13.133332618393187,13.2946195602417,635600
2005-10-31,13.363731888406056,13.409813677041532,13.300369017028586,13.346450805664062,1661000
2005-11-01,13.438619198368645,13.438619198368645,13.26581270373333,13.271573066711426,603800
2005-11-02,13.265808027609706,13.3234094397327,13.225485500976493,13.306129455566406,1015300
2005-11-03,13.404059677632153,13.455901851785683,13.323415685239427,13.357977867126465,680100
2005-11-04,13.381019349917299,13.39254007818319,13.300376449410292,13.352218627929688,374100
2005-11-07,13.415579865433676,13.415579865433676,13.306135157879988,13.381017684936523,1065100
2005-11-08,13.283095698056208,13.369498964914571,13.283095698056208,13.3406982421875,660900
2005-11-09,13.317652448537604,13.427096029176054,13.306131724677757,13.363734245300293,695500
2005-11-10,13.363735020076259,13.553822580077458,13.363735020076259,13.51926040649414,1720200
2005-11-11,13.530783482865253,13.54806457266061,13.484701675421249,13.536543846130371,355200
2005-11-14,13.53654619735298,13.548066925884306,13.473183289107833,13.48470401763916,988100
2005-11-15,13.432865516735557,13.490468076490446,13.392544054510369,13.4155855178833,690800
2005-11-16,13.415575115109949,13.455896546068887,13.386773308227424,13.450136184692383,1767000
2005-11-17,13.47318243469193,13.47318243469193,13.404060265241718,13.444381713867188,536400
2005-11-18,13.530783133114195,13.530783133114195,13.392537714355626,13.478940963745117,602600
2005-11-21,13.461659512413727,13.530781664954437,13.450138787431339,13.496220588684082,780200
2005-11-22,13.496225758855694,13.59414976136537,13.496225758855694,13.58838939666748,1184800
2005-11-23,13.594137909684784,13.651740407767281,13.5653361113054,13.640219688415527,1633000
2005-11-25,13.680551285705846,13.697832377590489,13.645990200613648,13.651750564575195,92000
2005-11-28,13.617190121479705,13.663271940385599,13.576868667271702,13.58838939666748,504900
2005-11-29,13.640226176778134,13.66902689018113,13.571102926463439,13.576863288879395,887100
2005-11-30,13.594147335058132,13.651749873078803,13.467421531677248,13.467421531677246,1106800
2005-12-01,13.59414569679129,13.59414569679129,13.490461360584764,13.559584617614746,805000
2005-12-02,13.467425763270947,13.571110144551373,13.467425763270947,13.55383014678955,495900
2005-12-05,13.496219465868897,13.536540901275913,13.473178017821052,13.50197982788086,1266300
2005-12-06,13.490461349487303,13.571104233725197,13.478940623545634,13.490461349487305,1036600
2005-12-07,13.536543076030704,13.536543076030704,13.415578750375762,13.455900192260742,1170900
2005-12-08,13.478937400148736,13.5134984710318,13.392534173602753,13.432855606079102,660800
2005-12-09,13.507742360020544,13.507742360020544,13.438619103448513,13.455900192260742,1264400
2005-12-12,13.473183289107833,13.548066925884306,13.461663659253652,13.48470401763916,924800
2005-12-13,13.478942941760026,13.692072013628941,13.478942941760026,13.651750564575195,1959500
2005-12-14,13.645987240056623,13.801512638568143,13.622945789209378,13.766951560974121,1652000
2005-12-15,13.709352149531789,13.841838324672207,13.709352149531789,13.789996147155762,1622300
2005-12-16,13.789996354836516,13.882624286862342,13.772629307714205,13.778417587280273,1228600
2005-12-19,13.72631545342309,13.82473277794525,13.72631545342309,13.75526237487793,749700
2005-12-20,13.708945743190752,13.749470321147593,13.651053015733007,13.674210548400879,873200
2005-12-21,13.778412204688657,13.778412204688657,13.67999492733181,13.714731216430664,1353700
2005-12-22,13.697363019372041,13.732098204126117,13.656838453123683,13.726308822631836,1340600
2005-12-23,13.726320542183487,13.726320542183487,13.691585327772435,13.703164100646973,318000
2005-12-27,13.720525021778057,13.726313300949196,13.581582029007283,13.610528945922852,852900
2005-12-28,13.65684020853069,13.662629590769122,13.610526254835003,13.627894401550293,754400
2005-12-29,13.581583768371997,13.645265889529906,13.56421672021047,13.593162536621094,735100
2005-12-30,13.535269897388599,13.581583866507511,13.483167648315431,13.48316764831543,277900
2006-01-03,13.494736944194889,13.587364824993102,13.419477205125629,13.569997787475586,1372800
2006-01-04,13.575795072952667,13.622109040319426,13.575795072952667,13.61631965637207,1124300
2006-01-05,13.627901447171336,13.645268498653632,13.529484106659794,13.54685115814209,1806300
2006-01-06,13.598952665729193,13.610531434612602,13.517903491969689,13.604742050170898,1131600
2006-01-09,13.587366741638679,13.679994635503062,13.575789083064327,13.668416976928711,1714100
2006-01-10,13.633683204650879,13.65105135203507,13.587369249171502,13.633683204650879,1144600
2006-01-11,13.604738142959384,13.656841483758729,13.59894876018036,13.645262718200684,722700
2006-01-12,13.59316079577351,13.65105352539267,13.575793749836144,13.610528945922852,1491000
2006-01-13,13.604741304870188,13.662634041903548,13.570006104335018,13.593162536621094,1385600
2006-01-17,13.488950439887162,13.564211299215843,13.488950439887162,13.541053771972656,788800
2006-01-18,13.52368586736356,13.604734999116967,13.517896485922371,13.598945617675781,1169200
2006-01-19,13.53526806615435,13.627897096072191,13.53526806615435,13.610528945922852,1162400
2006-01-20,13.63368058352225,13.63368058352225,13.413689613342285,13.413689613342285,8322800
2006-01-23,13.442636167696909,13.488950116862512,13.40790098187562,13.42526912689209,1426300
2006-01-24,13.494742655310867,13.500532038337314,13.425272267417334,13.471586227416992,1194900
2006-01-25,13.494745312436066,13.500534696602445,13.436852574984394,13.48316764831543,1130900
2006-01-26,13.517902955378887,13.587373357497368,13.483167754319647,13.512113571166992,1229300
2006-01-27,13.570004160353632,13.633685168176752,13.494743281728184,13.62210750579834,1052000
2006-01-30,13.546840265170314,13.645257526544846,13.546840265170314,13.569997787475586,766200
2006-01-31,13.535271541877313,13.558429081356392,13.465801131864591,13.506325721740723,945800
2006-02-01,13.46579401685565,13.57000068102664,13.46579401685565,13.541053771972656,1696000
2006-02-02,13.593152896476859,13.6047316565144,13.483157988754222,13.535260200500488,2180800
2006-02-03,13.407908332652557,13.512115051458562,13.407908332652557,13.448432922363281,1563800
2006-02-06,13.402115987786319,13.477376869951598,13.390537220651352,13.41948413848877,1004800
2006-02-07,13.407906843300411,13.425274995909573,13.332647057084973,13.355803489685059,1043600
2006-02-08,13.321061720191606,13.448424797220891,13.321061720191606,13.413689613342285,1782700
2006-02-09,13.425271148584246,13.50053091323224,13.384746574988263,13.454216957092285,1260300
2006-02-10,13.419478739915156,13.483160829326557,13.384743556696014,13.436845779418945,515700
2006-02-13,13.436851184979211,13.477376869951598,13.350012639890975,13.41948413848877,724300
2006-02-14,13.413693794753096,13.587370872497559,13.413693794753096,13.587370872497559,793900
2006-02-15,13.529479281862482,13.674210548400877,13.529479281862482,13.674210548400879,1513200
2006-02-16,13.60473964489717,13.737892150878906,13.60473964489717,13.737892150878906,826200
2006-02-17,13.691580027242052,13.749472764989699,13.67421297886625,13.680001258850098,703500
2006-02-21,13.679995214530537,13.714731504358646,13.610524843297604,13.662628173828125,1126200
2006-02-22,13.668421142100186,13.784205492607779,13.668421142100186,13.772627830505371,1692500
2006-02-23,13.795785738614637,13.824731553293187,13.726314237489241,13.778417587280273,1307200
2006-02-24,13.720522131331371,13.761046702264045,13.685785838350444,13.708943367004395,486200
2006-02-27,13.836312189743097,13.836312189743097,13.74368424520586,13.807366371154785,736500
2006-02-28,13.836309166660397,13.836309166660397,13.616318122503154,13.62210750579834,1044800
2006-03-01,13.691577593689848,13.691577593689848,13.622107204110101,13.674210548400879,454800
2006-03-02,13.662627709317233,13.674206472199607,13.56999981468145,13.598945617675781,763500
2006-03-03,13.581579866710106,13.726311115609635,13.575791588460508,13.633683204650879,1047000
2006-03-06,13.616317788262924,13.656842366122502,13.575793210403344,13.587370872497559,1464300
2006-03-07,13.598952088530671,13.685790643046074,13.593162704334693,13.680001258850098,2089000
2006-03-08,13.627894904101518,13.836307151311786,13.604737374293824,13.830517768859863,2036100
2006-03-09,13.824725122163112,13.911564734225909,13.813147464204736,13.85367202758789,2680800
2006-03-10,13.882621749425772,14.17787364287209,13.871042983985873,13.981039047241211,2637700
2006-03-13,13.963669894751044,14.038929650322311,13.94630174921382,13.992615699768066,1294300
2006-03-14,13.703160239140495,13.986833469353076,13.703160239140495,13.957887649536133,1859000
2006-03-15,13.946309197284386,13.998412557510337,13.847891861770064,13.905784606933594,1268000
2006-03-16,13.928936545789597,13.957883461132559,13.894201351589958,13.952094078063965,1419900
2006-03-17,14.013781540290925,14.019601350230584,13.920666801286886,13.943944931030273,983100
2006-03-20,14.048701182806592,14.0545209935304,13.943946809808848,14.025423049926758,1038100
2006-03-21,13.996320062261963,14.066156661302786,13.926484573236225,13.932304382324219,1600600
2006-03-22,13.973043096782673,14.060338020324707,13.938125349368894,14.060338020324707,1350200
2006-03-23,13.996320172635492,14.200009052261152,13.955582618713379,13.955582618713379,2017400
2006-03-24,13.996320172635492,14.007959790903264,13.897385637389604,13.955582618713379,1189900
2006-03-27,13.949765615399654,13.984684477226466,13.903208242979224,13.909028053283691,952800
2006-03-28,13.874109751939791,13.920667122516155,13.798453330993654,13.798453330993652,1222900
2006-03-29,13.862466901263513,13.903204452272387,13.775171990528065,13.897384643554688,608200
2006-03-30,13.856650189828436,13.8973877499431,13.734437509484444,13.78681468963623,1429900
2006-03-31,13.815909227976238,13.845008270904309,13.722794510636389,13.734434127807617,535800
2006-04-03,13.821728148051491,13.833367764474485,13.751891559528458,13.780990600585938,1250100
2006-04-04,13.740259736079253,13.815915059595945,13.73443992503713,13.769357681274414,1517500
2006-04-05,13.757715770491243,13.827552381363427,13.746077260358607,13.798453330993652,1118600
2006-04-06,13.740258680615865,13.815913998321063,13.734438870020792,13.746078491210938,1286900
2006-04-07,13.740259123183177,13.821734254107724,13.623865127563475,13.623865127563477,2276400
2006-04-10,13.65877568068102,13.705333032378547,13.612218328983491,13.641317367553711,895900
2006-04-11,13.66460118520204,13.676240805482715,13.495831131193393,13.513289451599121,944300
2006-04-12,13.513287605954515,13.594763826775933,13.501649097278714,13.559844970703125,1419300
2006-04-13,13.501648988537514,13.600583526583392,13.501648988537514,13.536566734313965,705100
2006-04-17,13.577305729077118,13.577305729077118,13.431813811230164,13.460911750793457,552700
2006-04-18,13.460912734991972,13.60640466347661,13.460912734991972,13.588946342468262,1128600
2006-04-19,13.55402348282948,13.623858960577195,13.548203674681353,13.606399536132812,1313400
2006-04-20,13.55984878016633,13.699522023666677,13.548210268220839,13.629685401916504,845000
2006-04-21,13.629685401916504,13.711160535612168,13.577308213107735,13.629685401916504,762200
2006-04-24,13.623860866459307,13.693697463991574,13.571483695813871,13.687877655029297,933800
2006-04-25,13.693697463991574,13.740254825674732,13.65877861021791,13.687877655029297,986400
2006-04-26,13.676238252110196,13.82173014840924,13.676238252110196,13.815910339355469,450400
2006-04-27,13.75189493745523,13.897386848435572,13.629682265039033,13.83337116241455,601000
2006-04-28,13.798449541121586,13.874105941287992,13.786811034185572,13.8682861328125,1265800
2006-05-01,13.90321010174198,13.96722691363442,13.845014210947541,13.862472534179688,738600
2006-05-02,13.879929241724524,13.961404360849247,13.827552062282846,13.943944931030273,1027800
2006-05-03,13.810089666289429,13.862466834481374,13.763532306787145,13.85082721710205,542800
2006-05-04,13.810089621800486,13.909024149176,13.810089621800486,13.874106407165527,568700
2006-05-05,13.897386646851537,14.02542023706681,13.862468899526995,14.002140998840332,685600
2006-05-08,14.002139575828787,14.083615791326004,13.978861449983198,14.07779598236084,649600
2006-05-09,14.060340905191563,14.118537902832031,14.060340905191563,14.118537902832031,761200
2006-05-10,14.0661578298962,14.101075577309977,14.037059892053913,14.060338020324707,373600
2006-05-11,14.019601159970103,14.019601159970103,13.868289433638182,13.885748863220215,1816400
2006-05-12,13.821731507924683,13.926485861166123,13.757714712051541,13.775174140930176,1861500
2006-05-15,13.734443319250348,13.938132316000805,13.711164069328818,13.926492691040039,926900
2006-05-16,13.955582572318699,14.013779553449,13.932304445875634,13.978861808776855,2268400
2006-05-17,13.879930987738442,13.955586306440502,13.786816237021114,13.804274559020996,2725100
2006-05-18,13.79263110364877,13.856646778060549,13.716974702050775,13.734434127807617,982000
2006-05-19,13.763536812980783,13.780996244766001,13.664602252895294,13.746078491210938,888500
2006-05-22,13.763535449561987,13.833372059769454,13.676240519314097,13.78681468963623,1843300
2006-05-23,13.879925120151535,13.891564736574527,13.77517079237444,13.780990600585938,740400
2006-05-24,13.763535076176451,13.926486422229726,13.734437136888296,13.885748863220215,1785200
2006-05-25,13.99631877299454,14.025417815754052,13.909023864745974,14.019598007202148,1404100
2006-05-26,14.101073106898813,14.101073106898813,13.990500074457621,14.019598007202148,3487700
2006-05-30,14.054521258397648,14.054521258397648,13.827554185968781,13.845013618469238,1479000
2006-05-31,13.856647092545813,13.92648368714318,13.792631416681159,13.897384643554688,728700
2006-06-01,13.897387025490302,13.97304344177246,13.87992870635996,13.973043441772461,680700
2006-06-02,14.007961730351267,14.019601350230584,13.874109431784866,13.943944931030273,1794300
2006-06-05,13.996323686706823,13.996323686706823,13.740258680615865,13.746078491210938,870100
2006-06-06,13.734437509484444,13.815912629713772,13.676240519314097,13.78681468963623,2695900
2006-06-07,13.815908339839996,13.914842859405592,13.751891559528458,13.780990600585938,2101200
2006-06-08,13.780991621586518,13.856646913911248,13.682057094691098,13.82754898071289,2283100
2006-06-09,13.90902597628791,13.90902597628791,13.798451817045374,13.839190483093262,2168800
2006-06-12,13.815907425094991,13.90902213028401,13.757710456848145,13.757710456848145,2327700
2006-06-13,13.815913116435375,13.839192357329724,13.699520242009532,13.711158752441406,1350600
2006-06-14,13.635505357351944,13.775177492316537,13.635505357351944,13.769357681274414,1369900
2006-06-15,13.821734451250208,13.897389772471318,13.728619697432494,13.879931449890137,1259000
2006-06-16,13.88987905100872,13.93668567590679,13.860625328931661,13.895730018615723,1392600
2006-06-19,13.88987377631266,14.001039886714354,13.80211152745134,13.843067169189453,1478300
2006-06-20,13.866476957140597,13.977641999095715,13.866476957140597,13.942537307739258,871800
2006-06-21,14.012749247931204,14.036152005923661,13.94253874203757,13.995196342468262,908300
2006-06-22,13.92497893659925,13.995189407702847,13.919129086968397,13.971785545349121,1221200
2006-06-23,13.901576463044437,14.012742579491295,13.901576463044437,13.924979209899902,369700
2006-06-26,13.92497333056273,14.012736663099101,13.913272520054061,14.0010347366333,734100
2006-06-27,13.971792163684269,14.012748942204214,13.895731806920585,13.936687469482422,752400
2006-06-28,13.866465930147992,14.0010347366333,13.866465930147992,14.0010347366333,1940400
2006-06-29,14.094654555528507,14.223372459411621,14.018593113630295,14.223372459411621,1585000
2006-06-30,14.293587606358482,14.293587606358482,14.147316756708408,14.153167724609375,5448200
2006-07-03,14.182423117644865,14.235080718994139,14.147318422064732,14.23508071899414,535400
2006-07-05,14.217521440502546,14.217521440502546,14.065400789187656,14.118057250976562,1175000
2006-07-06,14.164869917001363,14.346246591632273,14.088809558834754,14.28188705444336,3086700
2006-07-07,14.270182019399702,14.299436855387937,14.217524430578768,14.252630233764648,813000
2006-07-10,14.30528742647598,14.387198733059158,14.30528742647598,14.340392112731934,1721200
2006-07-11,14.375494852741529,14.434003399218762,14.305285489735011,14.416450500488281,2270600
2006-07-12,14.416452562951307,14.42815449711241,14.27603270089166,14.299436569213867,2125600
2006-07-13,14.19997076884172,14.276031100446254,14.147313186977911,14.182417869567871,839300
2006-07-14,14.153169806143524,14.21752823060342,13.989346028696673,14.042003631591797,3464600
2006-07-17,14.006896142929506,14.11806117936407,14.006896142929506,14.077105522155762,1180900
2006-07-18,14.077106608192752,14.14146614074707,13.989344319410165,14.14146614074707,1581100
2006-07-19,14.129761513336,14.334540892129416,14.129761513336,14.316987991333008,2522600
2006-07-20,14.393048135960994,14.41059991920264,14.328688621520998,14.328688621520996,498600
2006-07-21,14.334541255739312,14.369645942264757,14.270181733811109,14.299436569213867,796900
2006-07-24,14.322833664784413,14.404746055603026,14.29943092166297,14.404746055603027,1962500
2006-07-25,14.381348985902005,14.504217072156749,14.328691394072536,14.47496223449707,4859200
2006-07-26,14.480806365694498,14.480806365694498,14.375491231754442,14.404746055603027,1902400
2006-07-27,14.40475155550294,14.463258993624075,14.299436381352338,14.311137199401855,4074200
2006-07-28,14.35794978674559,14.469114849502866,14.334545910823072,14.445712089538574,2108400
2006-07-31,14.445703519779295,14.445703519779295,14.357941269050327,14.375493049621582,943900
2006-08-01,14.422302391974464,14.422302391974464,14.252628823858789,14.305286407470703,1266500
2006-08-02,14.381348148541232,14.44570767168721,14.334541526969037,14.434005737304688,916300
2006-08-03,14.404747334255143,14.492509581676355,14.393045403676975,14.46910572052002,1275900
2006-08-04,14.574426450624074,14.574426450624074,14.416453675135667,14.47496223449707,679600
2006-08-07,14.480812183119687,14.480812183119687,14.387198941111503,14.43985652923584,968500
2006-08-08,14.510066045372701,14.551022815616955,14.457408456730828,14.504216194152832,5638000
2006-08-09,14.56857437942669,14.56857437942669,14.393049830597569,14.410601615905762,3860500
2006-08-10,14.404746798320682,14.574420321561249,14.363790042820908,14.562718391418457,1278000
2006-08-11,14.591972965511701,14.591972965511701,14.486657827954986,14.533464431762695,658200
2006-08-14,14.615375961103542,14.67973546093142,14.545166612161749,14.562718391418457,2429600
2006-08-15,14.70899245847065,14.70899245847065,14.609528261937031,14.65633487701416,932200
2006-08-16,14.627082540664437,14.744099647372888,14.58612688810383,14.67388916015625,4637200
2006-08-17,14.638778341425999,14.714838647749582,14.621225447986388,14.650480270385742,3013400
2006-08-18,14.714848765758395,14.744103608273535,14.650490344141359,14.738252639770508,1070900
2006-08-21,14.749945899947678,14.7850516929705,14.726543153890026,14.77334976196289,852300
2006-08-22,14.767502005898939,14.779203939449742,14.708993454102727,14.761651039123535,562100
2006-08-23,14.744098582543225,14.773352299128694,14.679739066905887,14.71484375,1693000
2006-08-24,14.755800151612624,14.790905952453613,14.720695466729444,14.790905952453613,1625700
2006-08-25,14.790910473807802,14.790910473807802,14.714848998025976,14.76750659942627,1062900
2006-08-28,14.749949251167319,14.866966355914801,14.74409940029198,14.826010704040527,1744800
2006-08-29,14.884520706172575,14.890371673575617,14.80845924589095,14.878669738769531,2319200
2006-08-30,14.931323399316312,14.943025331042293,14.866963890781049,14.919621467590332,859500
2006-08-31,14.937172109083269,14.937172109083269,14.87866357524807,14.931321144104004,1773700
2006-09-01,14.978128509112432,15.019084150091045,14.92547093758064,15.013233184814453,754600
2006-09-05,15.071741208313878,15.539807254924643,14.913768499098689,14.960575103759766,2118400
2006-09-06,14.91377050172734,14.937174365179303,14.89036775423301,14.919621467590332,1714600
2006-09-07,14.943027699877437,14.978132384662699,14.837712529563845,14.866966247558594,3359800
2006-09-08,14.931324609988769,14.954727359380659,14.866965096235061,14.943026542663574,534900
2006-09-11,14.890370881959907,15.054193496704102,14.890370881959907,15.054193496704102,1554000
2006-09-12,15.089292435066824,15.095142283539824,15.007380048999185,15.060037612915039,3268200
2006-09-13,15.095151043386764,15.095151043386764,14.925477440272784,14.948880195617676,1795600
2006-09-14,14.954727150588846,15.03078859595542,14.907920536500841,15.024937629699707,953800
2006-09-15,15.006120376809193,15.111963096201011,15.000240101115436,15.041400909423828,1597200
2006-09-18,15.088447740172969,15.088447740172969,14.929683600616638,14.98260498046875,1403000
2006-09-19,14.982599738177088,15.023760547760594,14.947319204469503,15.017881393432617,1275700
2006-09-20,15.047275580724998,15.123716893177283,14.994354240739764,15.106077194213867,2111200
2006-09-21,15.053161283950411,15.111962918649212,14.923797463303469,14.97083854675293,1811200
2006-09-22,14.959084990283554,14.982604980468748,14.923803322683256,14.98260498046875,1364600
2006-09-25,14.976714477072756,14.976714477072756,14.80619101962415,14.88851261138916,2822700
2006-09-26,14.929683205199467,14.947324038532393,14.794440180958622,14.906163215637207,3256000
2006-09-27,14.941444389272007,15.02376603852527,14.906163842670374,15.000246047973633,2751300
2006-09-28,15.041399524804275,15.041399524804275,14.89439601063631,14.964958190917969,1040400
2006-09-29,14.9649633624108,15.023763891159636,14.89440115774472,14.92380142211914,1591600
2006-10-02,14.817956218708371,14.941438645116111,14.806195667179654,14.823835372924805,1928900
2006-10-03,14.841479301452635,14.882640118856067,14.79443820705612,14.841479301452637,2918800
2006-10-04,14.759160256690484,15.000246047973633,14.31226922072582,15.000246047973633,3268900
2006-10-05,14.994362906520099,15.006123460324218,14.900280719183431,14.941441535949707,1116100
2006-10-06,14.947328997507924,14.953209277236427,14.817966208126892,14.859127044677734,1665800
2006-10-09,14.876764758875446,14.912046432495117,14.812083933669772,14.912046432495117,1622600
2006-10-10,14.876766762314565,14.929688158322415,14.788564809484376,14.859127044677734,2463400
2006-10-11,14.806189040576553,14.88851062133817,14.75914797706314,14.882630348205566,2001800
2006-10-12,14.959084594087678,14.96496487186532,14.870882670519661,14.906163215637207,1496100
2006-10-13,14.935561176260284,14.94144145312975,14.806198449776456,14.87675952911377,638000
2006-10-16,14.847354829618972,14.90615645919435,14.800313750268229,14.900276184082031,2616300
2006-10-17,14.812080380589343,14.91204285543597,14.800319825537208,14.870882034301758,1097600
2006-10-18,14.847350655875536,14.953193335048187,14.847350655875536,14.929672241210938,2107700
2006-10-19,14.953197640613057,14.970837344522618,14.900276285788767,14.964958190917969,1283800
2006-10-20,15.000240565804852,15.023760547760594,14.941438928593582,15.017881393432617,2572000
2006-10-23,15.023764916667156,15.194289602013578,14.988484372699999,15.164889335632324,2048700
2006-10-24,15.182527460416372,15.182527460416372,15.070804441054687,15.11784553527832,997200
2006-10-25,15.08256098533274,15.270725312204208,15.08256098533274,15.217803955078125,2033200
2006-10-26,15.258964729359748,15.317765235900879,15.211923651198182,15.317765235900879,1450400
2006-10-27,15.300126546529373,15.300126546529373,15.211924659324582,15.26484489440918,1698100
2006-10-30,15.170772935123972,15.24133516527393,15.170772935123972,15.200174331665039,2902200
2006-10-31,15.200166543190976,15.217806250528536,15.153125454377443,15.188405990600586,835700
2006-11-01,15.206048724584837,15.206048724584837,15.059045163431614,15.070804595947266,2555100
2006-11-02,15.05316917335986,15.07668916663754,14.994367507842936,15.04728889465332,1346600
2006-11-03,15.059047393724612,15.088447661690264,14.92380324505695,14.976724624633789,1916400
2006-11-06,14.935558978457465,15.064922807453234,14.935558978457465,15.029641151428223,1083700
2006-11-07,15.094327211250455,15.094327211250455,15.023765001370045,15.053166389465332,1737200
2006-11-08,15.023754486710452,15.135477440184557,15.023754486710452,15.106077194213867,808500
2006-11-09,15.141363822183136,15.141363822183136,14.988480014053009,15.017881393432617,1308100
2006-11-10,14.96496407872713,15.041405442688495,14.96496407872713,15.023764610290527,458700
2006-11-13,14.988485180439383,15.035526282113425,14.94144407876534,14.976724624633789,1030900
2006-11-14,14.959079756221346,15.059042203016123,14.947319204469503,15.017881393432617,911000
2006-11-15,15.053163298604888,15.153125754507052,15.053163298604888,15.094324111938477,635600
2006-11-16,15.082570988597976,15.217814048041078,15.082570988597976,15.200174331665039,1568700
2006-11-17,15.153123248737439,15.282485943758031,15.141362697858877,15.223684310913086,9636200
2006-11-20,15.229571428483698,15.24721226272697,15.170769769221154,15.176650047302246,10016300
2006-11-21,15.182525067941432,15.188405343986286,15.123723429040863,15.153124809265137,1950100
2006-11-22,15.111964641859103,15.188405990600588,15.100204089268715,15.188405990600586,1168500
2006-11-24,15.106085308173538,15.159006676584527,15.08256420152506,15.129605293273926,262700
2006-11-27,15.094325370758826,15.094325370758826,14.929680982145587,14.941441535949707,2513900
2006-11-28,14.941435920673923,15.035518072652728,14.912035668760941,15.006117820739746,1844000
2006-11-29,15.000240759511424,15.135483741760254,15.000240759511424,15.135483741760254,1200800
2006-11-30,15.082552406893202,15.129593461855727,15.000230841095588,15.059032440185547,1155500
2006-12-01,15.106083208015397,15.106083208015397,14.929678297321177,15.012001037597656,889300
2006-12-04,15.023767978559539,15.253094364954192,15.023767978559539,15.229573249816895,1077500
2006-12-05,15.25896448147472,15.311885833740236,15.229563107134014,15.311885833740234,1180200
2006-12-06,15.253088411007246,15.341290315246056,15.253088411007246,15.329529762268066,870700
2006-12-07,15.347159502724729,15.39420055909936,15.29423817410986,15.300118446350098,712700
2006-12-08,15.258968687496242,15.40009195858795,15.241327858029255,15.329529762268066,1684000
2006-12-11,15.405977415997947,15.405977415997947,15.300134646697979,15.358936309814453,554200
2006-12-12,15.358932021054478,15.36481117633086,15.276609267059476,15.323650360107422,1277000
2006-12-13,15.376566863989781,15.405968238808118,15.282484707666647,15.317765235900879,2534800
2006-12-14,15.31777285894425,15.435376173648523,15.311893702602532,15.376574516296387,740500
2006-12-15,15.442763533292908,15.460493863357312,15.389574797576149,15.40139389038086,3579600
2006-12-18,15.448661405734935,15.448661405734935,15.383652501471715,15.389562606811523,1136200
2006-12-19,15.35411413744734,15.448673643314375,15.35411413744734,15.40139389038086,1170400
2006-12-20,15.395485305386318,15.44867517361012,15.395485305386318,15.413215637207031,778300
2006-12-21,15.377748301523107,15.472307768798267,15.377748301523107,15.41911792755127,2009800
2006-12-22,15.495951286547369,15.501861395764204,15.365932265491226,15.407301902770996,512400
2006-12-26,15.42503051380853,15.466400146484375,15.377750772573568,15.466400146484375,549200
2006-12-27,15.525502394587004,15.531412504017759,15.43685300760191,15.51959228515625,983500
2006-12-28,15.543228919222019,15.543228919222019,15.47230987274088,15.513679504394531,736600
2006-12-29,15.454580700789197,15.531410988654747,15.425031283756605,15.436851501464844,959500
2007-01-03,15.407297167665677,15.608236310331387,15.407297167665677,15.537317276000977,2059700
2007-01-04,15.50777186637466,15.572781942036766,15.44867190006712,15.560961723327637,845300
2007-01-05,15.566870308308513,15.566870308308513,15.407300753075306,15.448670387268066,1360200
2007-01-08,15.401392739526147,15.495952238327313,15.389573647604609,15.472312927246094,965200
2007-01-09,15.484137895718392,15.537327771013276,15.460497450148006,15.507777214050293,2437600
2007-01-10,15.507776237191766,15.60233575903989,15.425036937384261,15.572786331176758,1042000
2007-01-11,15.667336839640116,15.720526680984488,15.53731785370819,15.6909761428833,1823700
2007-01-12,15.72052821782106,15.72052821782106,15.64369793848482,15.667338371276855,1333300
2007-01-16,15.661432649566,15.714622511007734,15.643702320006025,15.679162979125977,1941800
2007-01-17,15.69688798097993,15.7618980447317,15.685068891674247,15.726438522338867,1573700
2007-01-18,15.761907417074648,15.761907417074648,15.685078218333029,15.702807426452637,664400
2007-01-19,15.673248675130672,15.750077828188125,15.673248675130672,15.726438522338867,773400
2007-01-22,15.661436628915565,15.732356837937095,15.649616406205562,15.70871639251709,2141800
2007-01-23,15.714620007082239,15.773719968960467,15.685070589762132,15.738259315490723,646700
2007-01-24,15.779635029863648,15.797364234924316,15.708714827905876,15.797364234924316,2088000
2007-01-25,15.832819167583537,15.832819167583537,15.667339507749405,15.69688892364502,2132700
2007-01-26,15.673254585346495,15.714624231611163,15.608244497080118,15.655524253845215,3047100
2007-01-29,15.726439466778594,15.767809099927636,15.667339507749405,15.69688892364502,1363700
2007-01-30,15.631879236306519,15.714618498651166,15.6259691279622,15.68506908416748,2545300
2007-01-31,15.702806067729576,15.767816164512489,15.643706082221335,15.750085830688477,1858800
2007-02-01,15.797365759077367,15.862375856541064,15.773726440969599,15.809185981750488,2725800
2007-02-02,15.84464569184405,15.87419624884263,15.803276039284532,15.838735580444336,1108000
2007-02-05,15.803264225974614,15.815084439938158,15.761894604339854,15.785533905029297,1195900
2007-02-06,15.838730068778236,15.838730068778236,15.744170573765203,15.761900901794434,1561800
2007-02-07,15.73825761164455,15.797357567124532,15.708708197523505,15.726438522338867,1713200
2007-02-08,15.70870914089845,15.726439466778594,15.655519290495976,15.69688892364502,1844200
2007-02-09,15.708712591699085,15.74417212401096,15.614153087375275,15.673253059387207,782700
2007-02-12,15.690976708496082,15.690976708496082,15.631877884638905,15.637786865234375,922300
2007-02-13,15.631877321156457,15.750076091847909,15.631877321156457,15.6909761428833,770000
2007-02-14,15.744164283394536,15.803264225974614,15.714614875723322,15.785533905029297,1683400
2007-02-15,15.750077266355694,15.891916478105266,15.750077266355694,15.880097389221191,980100
2007-02-16,15.85645732981471,15.90373706817627,15.82690791605294,15.90373706817627,1131100
2007-02-20,16.11650472019486,16.11650472019486,15.850555350988294,15.98648452758789,1113900
2007-02-21,15.974654553859928,15.980564661066317,15.891914180208163,15.89782428741455,837200
2007-02-22,15.868286137442913,15.915565901402148,15.797365927884815,15.838735580444336,2054600
2007-02-23,15.850543975830078,15.850543975830078,15.785533926181119,15.850543975830078,1364800
2007-02-26,15.850547025240965,15.862367241494384,15.779627982196189,15.844636917114258,989400
2007-02-27,15.773717479565242,15.785536568285197,15.253639249800777,15.484128952026367,4679900
2007-02-28,15.45458733875541,15.578697423522966,15.348207588165643,15.507777214050293,2056300
2007-03-01,15.247730442366258,15.543229103088379,15.247730442366258,15.543229103088379,2121100
2007-03-02,15.407299225719052,15.47230928857052,15.277280227253996,15.300919532775879,2159900
2007-03-05,15.206365378926131,15.395484398250414,15.070436224691589,15.247735023498535,2645300
2007-03-06,15.283190343350444,15.42502955826876,15.277280235157447,15.36592960357666,2027700
2007-03-07,15.430945236940737,15.430945236940737,15.306835174560547,15.306835174560547,1882900
2007-03-08,15.212271672425164,15.880099309999101,15.182722255784046,15.448670387268066,1756100
2007-03-09,15.495944023132324,15.507764236025505,15.413204787355156,15.495944023132324,1510500
2007-03-12,15.501859287568367,15.537319938046856,15.460489655914715,15.513679504394531,1086800
2007-03-13,15.454582259269884,15.472312587620214,15.218183517456055,15.218183517456055,1423300
2007-03-14,15.283195685050542,15.324565329622944,15.111805869263991,15.247735023498535,2661600
2007-03-15,15.30092123688728,15.442760467529297,15.30092123688728,15.442760467529297,1459600
2007-03-16,15.442169602056318,15.477805060868436,15.359019820551104,15.400594711303711,1909800
2007-03-19,15.442164184421756,15.525313936755218,15.442164184421756,15.501557350158691,785600
2007-03-20,15.501562992920881,15.65004539489746,15.489684128883358,15.650045394897461,1460200
2007-03-21,15.65003964809163,15.810400855219957,15.578767622868904,15.798521995544434,1103200
2007-03-22,15.84010363618074,15.875739097595215,15.780710445269351,15.875739097595215,2610500
2007-03-23,15.810410755666492,15.911378860473635,15.75695698648441,15.911378860473633,1196200
2007-03-26,15.846036301416115,15.846036301416115,15.721310540483946,15.798521995544434,1162600
2007-03-27,15.798524040981087,15.798524040981087,15.68567712511414,15.727252006530762,1892100
2007-03-28,15.691619924807481,15.774769705493496,15.61440957600344,15.697559356689453,1289100
2007-03-29,15.756955579026668,15.810409343434102,15.667865216460267,15.786651611328125,1844700
2007-03-30,15.774772326489185,15.846044388083985,15.388718252664072,15.828226089477539,2088700
2007-04-02,15.816340152815654,15.887612182547258,15.792583564792107,15.869793891906738,1076000
2007-04-03,15.905431787334805,16.018277572223603,15.875734633813616,15.976702690124512,2240000
2007-04-04,15.947007478726222,16.059854402172444,15.947007478726222,16.047975540161133,2778800
2007-04-05,16.053918372254984,16.089553833007812,15.988585750182402,16.089553833007812,794800
2007-04-09,16.095489855375757,16.13112530857907,16.047975540161133,16.047975540161133,326500
2007-04-10,16.113309963330217,16.12518882751465,16.06579563942332,16.12518882751465,1157200
2007-04-11,16.065798175401145,16.113312506808153,15.96483007955738,16.01828384399414,1958500
2007-04-12,15.9826447279974,16.08955223245182,15.958888134135728,16.03609848022461,735700
2007-04-13,16.059857804518934,16.095493265271763,16.02422121093523,16.089553833007812,632600
2007-04-16,16.17864258351376,16.17864258351376,16.095492799884404,16.12518882751465,1402900
2007-04-17,16.196465544803324,16.2736759185791,16.172707809591596,16.2736759185791,957500
2007-04-18,16.202397788030673,16.23803324220219,16.17864006336255,16.232093811035156,717400
2007-04-19,16.143006608982862,16.249914117571752,16.143006608982862,16.243974685668945,256000
2007-04-20,16.27366211564837,16.39244842529297,16.27366211564837,16.39244842529297,1448400
2007-04-23,16.35087781517129,16.404331555149774,16.30930180298653,16.3568172454834,2432500
2007-04-24,16.32712765897894,16.392460289853044,16.24397786174356,16.35088539123535,695900
2007-04-25,16.422151670073898,16.46372655691375,16.38057678323405,16.434030532836914,811800
2007-04-26,16.445913428879084,16.445913428879084,16.32712703777857,16.368701934814453,995100
2007-04-27,16.30930920827192,16.344945806325466,15.89949852613526,16.333066940307617,675400
2007-04-30,16.32712968997432,16.428097798961826,16.2736759185791,16.2736759185791,836300
2007-05-01,16.267729831891362,16.267729831891362,16.143005171530955,16.208337783813477,2412700
2007-05-02,16.24991576984501,16.321186694263815,16.214279174804688,16.214279174804688,1805700
2007-05-03,16.321190256171388,16.38058346136954,16.226161580986815,16.2736759185791,2078200
2007-05-04,16.30337308759376,16.30337308759376,16.208344412409186,16.2736759185791,3004200
2007-05-07,16.279615601217127,16.344948241216823,16.267736733429693,16.303373336791992,2766900
2007-05-08,16.24397116825687,16.249910598873573,16.19051742553711,16.19051742553711,1690900
2007-05-09,16.214279174804688,16.26179350202753,16.178643712595285,16.214279174804688,1094500
2007-05-10,16.196460776157647,16.214277939489453,16.065795536626617,16.113309860229492,1547100
2007-05-11,16.10143248887557,16.15488624572754,16.059857596397567,16.15488624572754,657500
2007-05-14,16.184576781514625,16.184576781514625,16.095487594604492,16.095487594604492,1065800
2007-05-15,16.095490801446456,16.26179034805719,16.095490801446456,16.2023983001709,1898400
2007-05-16,16.243977243706798,16.368701934814453,16.19646291383279,16.368701934814453,918400
2007-05-17,16.35088327850303,16.35088327850303,16.131128814850285,16.327125549316406,1185600
2007-05-18,16.362756695378174,16.445907592773438,16.327121243826248,16.445907592773438,1166300
2007-05-21,16.42808974133114,16.42808974133114,16.29742566024811,16.321182250976562,2122600
2007-05-22,16.33900652510715,16.374641990660738,16.285552760361252,16.35088539123535,1093400
2007-05-23,16.333069373429392,16.428098050066485,16.303373336791992,16.303373336791992,3732200
2007-05-24,16.31524358171225,16.404333916387035,16.232093811035156,16.232093811035156,1728300
2007-05-25,16.36870240553015,16.36870240553015,16.30337090809401,16.333066940307617,407300
2007-05-29,16.303359259474625,16.46965873358081,16.303359259474625,16.39244842529297,1502800
2007-05-30,16.374636893560695,16.505302114635402,16.36869746234542,16.46966552734375,1061400
2007-05-31,16.50530423321799,16.558756855355174,16.46966764135211,16.493425369262695,1545300
2007-06-01,16.517181089781243,16.647846320709295,16.505303359285676,16.570634841918945,1677500
2007-06-04,16.57656831602357,16.6419009080073,16.558750027437913,16.630022048950195,511100
2007-06-05,16.552818091012437,16.582514117235284,16.493424905735957,16.52906036376953,1942000
2007-06-06,16.434020884597658,16.499353458607473,16.398385450060506,16.422142028808594,2511600
2007-06-07,16.30336952957457,16.43997307873638,16.214279174804688,16.214279174804688,2088500
2007-06-08,16.214276551966286,16.368698373668817,16.20239882170512,16.30930519104004,626700
2007-06-11,16.362760852242936,16.404336877918006,16.30930709492014,16.39839744567871,1237600
2007-06-12,16.243974685668945,16.34494276235503,16.202399795180114,16.243974685668945,1028900
2007-06-13,16.339005903454815,16.404338531843198,16.243977243706798,16.368701934814453,1587400
2007-06-14,16.39244842529297,16.40432728282347,16.32117641294017,16.39244842529297,1942000
2007-06-15,16.475520445061374,16.487472492737957,16.40381043862187,16.42771339416504,2190900
2007-06-18,16.38587856373525,16.451613670888506,16.34404754638672,16.34404754638672,850300
2007-06-19,16.34404935634579,16.34404935634579,16.224531173706055,16.224531173706055,1081800
2007-06-20,16.320145021939844,16.356001160086098,16.13489286742359,16.20660400390625,1084800
2007-06-21,16.15281968610845,16.308192853285252,16.134891618423136,16.254409790039062,1541500
2007-06-22,16.28429405887326,16.28429405887326,16.09306583394602,16.164775848388672,1672700
2007-06-25,16.164773357886496,16.22453245392172,16.051232329210514,16.093063354492188,792900
2007-06-26,16.164770485428612,16.194650598041544,16.039277431883537,16.05122947692871,1164400
2007-06-27,15.979517400543315,16.206601683720127,15.961589334036827,16.176721572875977,712700
2007-06-28,16.134890911942755,16.260383960815872,16.134890911942755,16.14684295654297,824100
2007-06-29,16.188679946409643,16.290270083378505,16.08111378493554,16.164775848388672,1666500
2007-07-02,16.212572886641393,16.42172905584379,16.212572886641393,16.296236038208008,4223600
2007-07-03,16.356004980497165,16.367955889527547,16.254414844973205,16.29026985168457,1070800
2007-07-05,16.27234047386159,16.30819661750846,15.78231790878789,16.278316497802734,2972900
2007-07-06,16.23051071836566,16.373931884765625,16.224534693956066,16.373931884765625,655400
2007-07-09,16.373931884765625,16.373931884765625,16.3022218714707,16.373931884765625,1885900
2007-07-10,16.27831424191295,16.320145263893895,16.14086912974416,16.224531173706055,1853600
2007-07-11,16.087090868456006,16.302223205566406,16.087090868456006,16.302223205566406,1142700
2007-07-12,16.29026766963389,16.51137484451555,16.278315622394352,16.439664840698242,1291000
2007-07-13,16.433685414732636,16.559178465336473,16.385878375482164,16.553203582763672,1355600
2007-07-16,16.5173476920259,16.601010866805176,16.463564629599848,16.487468719482422,700700
2007-07-17,16.535276608375003,16.60698774189471,16.40380752670031,16.40978240966797,1364200
2007-07-18,16.427715904483446,16.433691929234936,16.326125763328495,16.41576385498047,693700
2007-07-19,16.42173831074579,16.49942548528248,16.415762286565272,16.469545364379883,1249500
2007-07-20,16.409786891413088,16.439667013461065,16.278317773832317,16.373931884765625,1204400
2007-07-23,16.21855866954647,16.46356997128934,16.20660776053739,16.373931884765625,1333100
2007-07-24,16.32014375859904,16.433685907653196,16.176722636545783,16.254409790039062,2000500
2007-07-25,16.42173386252965,16.42173386252965,16.158795708670226,16.254409790039062,1806400
2007-07-26,16.069163947514184,16.302224376054085,15.8719596709406,16.015380859375,2815100
2007-07-27,16.04525849371036,16.04525849371036,15.794271167983345,15.800247192382812,3511200
2007-07-30,15.812193626452256,15.925735778288965,15.698652614425333,15.836097717285156,1047900
2007-07-31,15.877932903879337,16.021354067090826,15.704632759094237,15.704632759094238,3203400
2007-08-01,15.806220684890196,15.97354478203228,15.722557496509229,15.937689781188965,1454300
2007-08-02,15.961595650409581,16.069161812395574,15.90781370922672,15.955620765686035,1618700
2007-08-03,16.027333256172035,16.093068396386336,15.806226013322615,15.925743103027344,4452800
2007-08-06,15.961592243866912,16.33807373046875,15.901834290903983,16.33807373046875,3826700
2007-08-07,16.099031910630757,16.475512103347533,16.099031910630757,16.296236038208008,3275100
2007-08-08,16.403806090706002,16.58308219909668,16.326118941209593,16.58308219909668,4770200
2007-08-09,16.350029258446238,16.43966734678743,16.152825008171565,16.28429412841797,1764900
2007-08-10,16.12891174266154,16.338067923117084,15.973538612603404,16.19464683532715,2941300
2007-08-13,16.152818978843076,16.236481011425152,16.021348767860143,16.14684295654297,1353100
2007-08-14,16.093062317245742,16.093062317245742,15.86597799491014,15.88988208770752,1639400
2007-08-15,15.812186351707181,16.039270550905506,15.72254833194332,15.806211471557617,1755700
2007-08-16,15.686700920187818,15.848050117492676,15.549255814251003,15.848050117492676,2661200
2007-08-17,16.063188269102422,16.13489943477351,15.824152949882654,15.925743103027344,4028900
2007-08-20,16.051233592414196,16.128919625506775,15.877932314254526,16.045257568359375,1448700
2007-08-21,15.895860386418988,16.045257568359375,15.895860386418988,16.045257568359375,558100
2007-08-22,16.063179727412326,16.093059838807317,15.997445761962757,16.08708381652832,2922400
2007-08-23,16.164773357886496,16.164773357886496,16.00342528034432,16.093063354492188,1035200
2007-08-24,16.07513377698968,16.22453093316953,16.07513377698968,16.20660400390625,1351700
2007-08-27,16.194654424242025,16.242461475908016,16.12891930077253,16.13489532470703,1260800
2007-08-28,16.09306332775679,16.12891832939438,15.889883085460534,15.949642181396484,2099100
2007-08-29,15.955614745819474,16.1408668772296,15.925734634424485,16.08708381652832,1167800
2007-08-30,15.991475091682952,16.09306522480652,15.97354701884582,16.033306121826172,1027300
2007-08-31,16.11696338769459,16.21855349059749,16.03927737479696,16.075132369995117,1578700
2007-09-04,16.15879221266162,16.248430252075195,16.1109840425109,16.248430252075195,1787300
2007-09-05,15.955616043478972,16.099037170410156,15.955616043478972,16.099037170410156,1866800
2007-09-06,16.081104329654565,16.15281544174303,16.015369238557593,16.057201385498047,1298300
2007-09-07,15.997450476425,16.057209577016334,15.913787279673116,15.985498428344727,4722100
2007-09-10,15.985495562889737,16.06915760483487,15.907809543913515,16.027326583862305,5018500
2007-09-11,16.04525724530955,16.200630448176526,16.027329173506047,16.13489532470703,3407600
2007-09-12,16.164774282261817,16.284292481166865,16.13489530244056,16.218557357788086,2135800
2007-09-13,16.36197723968248,16.36197723968248,16.26038712045956,16.2663631439209,2333000
2007-09-14,16.266364427576843,16.36197853088379,16.224533399856305,16.36197853088379,2344400
2007-09-17,16.28429121430492,16.308195308150278,16.248436213346807,16.2663631439209,603300
2007-09-18,16.34404700797254,16.58308219909668,16.296239969747713,16.58308219909668,1828300
2007-09-19,16.618940414167973,16.654796554644093,16.511374272359454,16.59503746032715,3788300
2007-09-20,16.606985933112796,16.618936837556255,16.535274807403646,16.612960815429688,1412200
2007-09-21,16.639403973131714,16.705504111105167,16.59133062453327,16.621376037597656,2317300
2007-09-24,16.63940057224733,16.657427357937895,16.543253894701618,16.60935401916504,951200
2007-09-25,16.531238765577704,16.627385463433733,16.48316541664969,16.5853214263916,6076300
2007-09-26,16.633394033912456,16.765595451032063,16.603347475822318,16.699495315551758,2808800
2007-09-27,16.729548537665213,16.795649850163883,16.705511279971322,16.759593963623047,1408500
2007-09-28,16.765599660553658,16.81367301940918,16.735554241078688,16.81367301940918,825300
2007-10-01,16.765594482421875,16.79564103877611,16.657429171864486,16.765594482421875,5794400
2007-10-02,16.7716007232666,16.777610033437306,16.693481983364876,16.7716007232666,2038300
2007-10-03,16.7415623112745,16.765598415838124,16.67546101794593,16.729543685913086,6854900
2007-10-04,16.73554907222657,16.771603793692723,16.699494350760418,16.765594482421875,5732400
2007-10-05,16.801650161993166,16.837706031674315,16.747568649789436,16.825687408447266,3707600
2007-10-08,16.693487472401618,16.77761555013646,16.693487472401618,16.7175235748291,2909100
2007-10-09,16.771608973680507,16.83170095878973,16.717526301698136,16.81367301940918,4467400
2007-10-10,16.729539772451428,16.897797049673976,16.729539772451428,16.885778427124023,2556900
2007-10-11,16.999951770239832,17.011969245726863,16.84371312732001,16.927841186523438,6015200
2007-10-12,17.258350970598958,17.258350970598958,16.90380953781647,16.96390151977539,3744700
2007-10-15,16.663440678178628,17.04802862706137,16.663440678178628,16.90981674194336,3811300
2007-10-16,16.861739801807484,16.90380383113024,16.807657150918562,16.837703704833984,3147400
2007-10-17,16.903808611880123,16.945873799258628,16.79564442567002,16.89780044555664,7207900
2007-10-18,16.84371301561707,16.90380383113024,16.825685083267814,16.837703704833984,12642300
2007-10-19,16.84971822541105,16.867745007213998,16.645406293148227,16.663433074951172,7279600
2007-10-22,16.609352787133727,16.801646127961405,16.597335312951035,16.7716007232666,1933100
2007-10-23,16.81967809683374,16.825687408447266,16.71752209172181,16.825687408447266,1506200
2007-10-24,16.783629629405254,16.837712307927287,16.645418849253133,16.777620315551758,2160100
2007-10-25,16.86174413270543,16.951881525285593,16.819680092578626,16.91582679748535,2888900
2007-10-26,16.849724022295348,17.03600809068479,16.849724022295348,17.029998779296875,1332300
2007-10-29,17.0360107421875,17.09610271926044,16.987937389760972,17.0360107421875,1526300
2007-10-30,16.939865414687358,17.030002814546126,16.90380953781647,16.96390151977539,1542000
2007-10-31,16.87976817327057,17.09609878245394,16.87976817327057,17.07206153869629,2189400
2007-11-01,17.126144058170777,17.126144058170777,16.729538708516372,16.73554801940918,2617800
2007-11-02,16.68146580053527,16.843713760375977,16.68146580053527,16.843713760375977,2537000
2007-11-05,16.531236766053325,16.939860755596136,16.531236766053325,16.86775016784668,1753700
2007-11-06,16.825689191670918,16.9819278717041,16.825689191670918,16.9819278717041,1129500
2007-11-07,16.825690176984207,16.93986482410974,16.71151552985867,16.795644760131836,2671300
2007-11-08,16.93385473446504,16.957890837612155,16.66344141056541,16.91582679748535,3227300
2007-11-09,16.795643370771636,16.915826174398603,16.747570020089032,16.753578186035156,2385800
2007-11-12,16.627383761669183,16.92183313698711,16.60935582785664,16.765594482421875,2307100
2007-11-13,17.054033387228237,17.09008925240244,16.84972254870203,17.01797866821289,1602400
2007-11-14,17.102113723754883,17.22229769784694,17.042022882868174,17.102113723754883,2915100
2007-11-15,16.915832655375986,17.204272869981953,16.915832655375986,17.090099334716797,4579100
2007-11-16,17.156192359464093,17.216284332366403,17.05403634937788,17.168210983276367,1555800
2007-11-19,17.222296341202373,17.222296341202373,17.030002914729984,17.048030853271484,2718600
2007-11-20,17.39055319659606,17.39055319659606,17.011974520480386,17.186241149902344,3525100
2007-11-21,17.120139788932438,17.198259707385354,16.963901098185804,16.975919723510742,3356900
2007-11-23,17.18023004548597,17.18023004548597,17.036009994535714,17.150184631347656,686700
2007-11-26,17.30642389683223,17.30642389683223,16.933855681032647,16.975919723510742,2987300
2007-11-27,16.975923664498502,17.234318438175496,16.975923664498502,17.156198501586914,2612400
2007-11-28,17.30642317603257,17.456652547859793,17.174221741441904,17.426607131958008,4534000
2007-11-29,17.252346232656613,17.612897073859536,17.252346232656613,17.51675033569336,2780900
2007-11-30,17.606886906099923,17.606886906099923,17.44464000965784,17.540786743164062,2794800
2007-12-03,17.64895041574762,17.64895041574762,17.44463834006138,17.47468376159668,5158900
2007-12-04,17.45664788938115,17.516739851307733,17.426602481497277,17.450639724731445,2187800
2007-12-05,17.66095581078222,17.66095581078222,17.480681112618708,17.52274513244629,1632500
2007-12-06,17.62491570267019,17.703034497620383,17.51675033569336,17.51675033569336,3177400
2007-12-07,17.666967288348108,17.787151199312138,17.612884643030167,17.703022003173828,3010100
2007-12-10,17.88931136260774,17.88931136260774,17.697017977030818,17.721054077148438,980600
2007-12-11,17.865272395022288,17.865272395022288,17.474676349933,17.528759002685547,3657200
2007-12-12,17.847248946669765,17.871285048967653,17.44463420428811,17.57683563232422,2379800
2007-12-13,17.697020096299813,17.697020096299813,17.456652189384926,17.65495491027832,3219400
2007-12-14,17.42661052322739,17.685005276440055,17.414591896064156,17.438629150390625,2749000
2007-12-17,17.282390470286092,17.42060124446138,17.25234390231796,17.318445205688477,2978300
2007-12-18,17.522758720187955,17.522758720187955,17.204271950564486,17.240327835083008,4009900
2007-12-19,17.15018690200575,17.432617729240185,17.15018690200575,17.384544372558594,1922700
2007-12-20,17.654961121556212,17.654961121556212,17.306428909301758,17.306428909301758,1720800
2007-12-21,17.377092545616733,17.721372604370117,17.377092545616733,17.721372604370117,2275200
2007-12-24,17.799892338890135,17.799892338890135,17.64285208812616,17.69721221923828,882300
2007-12-26,17.733452182299406,17.733452182299406,17.594531214203908,17.636812210083008,1349100
2007-12-27,17.733455789885532,17.733455789885532,17.467695236206055,17.467695236206055,2449500
2007-12-28,17.642853027103843,17.642853027103843,17.48581392002142,17.534133911132812,725400
2007-12-31,17.52809492919772,17.52809492919772,17.280454814344676,17.395214080810547,1763300
2008-01-02,17.232128572440846,17.346887797300205,17.069048218749185,17.147567749023438,10122700
2008-01-03,17.15361056496936,17.21401083338911,17.03281118016916,17.056970596313477,4379600
2008-01-04,16.91805473697951,17.117374862893016,16.91805473697951,16.984495162963867,4172500
2008-01-07,16.972410825370556,17.2442103038172,16.972410825370556,17.18381118774414,3826400
2008-01-08,17.29253037590728,17.431451338884496,17.056970596313477,17.056970596313477,5549600
2008-01-09,17.207972598133374,17.29253229206738,17.087173199947564,17.2864933013916,4759000
2008-01-10,17.268376168090416,17.4616561636975,17.220056169188645,17.316696166992188,5023700
2008-01-11,17.316688386939266,17.34084779951597,17.008648100322144,17.075088500976562,4456400
2008-01-14,17.044892916368575,17.13549390886002,16.978453647791515,17.002613067626953,7331400
2008-01-15,16.912009043503367,16.924089326452417,16.761008962757803,16.821409225463867,2611500
2008-01-16,16.706645291929476,16.94824513938275,16.706645291929476,16.761005401611328,8980400
2008-01-17,16.887853121045385,16.893893264180694,16.56169345601533,16.640213012695312,4250400
2008-01-18,16.748935160214998,16.748935160214998,16.30801503032895,16.39861488342285,6034900
2008-01-22,15.208740067198033,16.32010161227958,14.72553874427036,16.229501724243164,12101600
2008-01-23,15.939569002526868,16.459009676568375,15.867089605056439,16.428810119628906,10402400
2008-01-24,16.53753781270223,16.53753781270223,16.21137805045602,16.350297927856445,3787300
2008-01-25,16.410695651107556,16.416735795095793,16.090574931969016,16.126815795898438,2960800
2008-01-28,16.138886478995218,16.338206518053276,16.09056650443687,16.253646850585938,4415300
2008-01-29,16.44693524883663,16.44693524883663,16.205335251182483,16.30197525024414,1733400
2008-01-30,16.35029239228683,16.45901266024042,16.16909271372382,16.187211990356445,4867300
2008-01-31,16.144929215425172,16.51940994248657,16.132848931833685,16.428810119628906,3030900
2008-02-01,16.428809216372382,16.65228869033176,16.428809216372382,16.591888427734375,4343600
2008-02-04,16.676456865522493,16.682497009742217,16.477136714430337,16.489215850830078,2560900
2008-02-05,16.483176201300502,16.483176201300502,16.187214906535367,16.265735626220703,4559300
2008-02-06,16.308015330474824,16.32009561832025,16.138894756757846,16.199295043945312,3143200
2008-02-07,16.132845425102254,16.380486576742015,16.12680643665843,16.368406295776367,2395300
2008-02-08,16.289892115419338,16.368412820958913,16.187211990356445,16.187211990356445,2827600
2008-02-11,16.18721026733887,16.39861063785323,16.18721026733887,16.39257049560547,3441600
2008-02-12,16.50733382940115,16.610013961791992,16.45297369154485,16.610013961791992,5154200
2008-02-13,16.827460070948902,16.827460070948902,16.5314998626709,16.5314998626709,1872500
2008-02-14,16.646251939735002,16.682492795899265,16.39861184947633,16.446931838989258,3391700
2008-02-15,16.45901651805736,16.53753608996162,16.3804969461531,16.51941680908203,3103300
2008-02-19,16.875769419872793,16.875769419872793,16.501288711102706,16.78516960144043,3689200
2008-02-20,16.53149022607806,16.730810297180618,16.404649552445928,16.428810119628906,3547400
2008-02-21,16.585855854266292,16.646256144423855,16.459016281771156,16.489215850830078,4037100
2008-02-22,16.549620984671183,16.670421600341797,16.38654049912787,16.670421600341797,3101600
2008-02-25,16.670411124653526,16.718731110149477,16.579811295853535,16.694570541381836,2436400
2008-02-26,16.72477521180103,16.899934768676758,16.6764552148657,16.899934768676758,2379500
2008-02-27,16.88786109569283,16.88786109569283,16.670421600341797,16.670421600341797,2402500
2008-02-28,16.634175652276692,16.761015214433932,16.634175652276692,16.70061492919922,3234200
2008-02-29,16.62209472533146,16.62209472533146,16.380494745727137,16.386533737182617,4405200
2008-03-03,16.283857155748,16.549617767333984,16.277818162974526,16.549617767333984,3034200
2008-03-04,16.483173822511084,16.579813808146575,16.30801312852207,16.537532806396484,4349600
2008-03-05,16.610016387216362,16.67041667721418,16.465056382445418,16.579816818237305,2130000
2008-03-06,16.416729836037415,16.579810208404762,16.33820914473199,16.428810119628906,1865600
2008-03-07,16.37445850759905,16.47109852248977,16.295937775475434,16.350297927856445,5307900
2008-03-10,16.45297548140627,16.45297548140627,16.247615194284162,16.265735626220703,4282300
2008-03-11,16.603973818470234,16.610013961791992,16.38049427576281,16.610013961791992,3677600
2008-03-12,16.55564204250976,16.700601922956157,16.50732208236096,16.56772232055664,4541800
2008-03-13,16.44692184416528,16.585841585588238,16.332162658836086,16.56772232055664,8384400
2008-03-14,16.712694500847277,16.71873464431601,16.193253682931932,16.28385353088379,4151100
2008-03-17,16.006014622342473,16.380495471347544,15.885214051169323,16.193254470825195,5314200
2008-03-18,16.392575847393864,16.640216000204127,16.314056276616835,16.489215850830078,3908900
2008-03-19,16.62813681982762,16.76705668039481,16.519416528239486,16.579816818237305,5407800
2008-03-20,16.57130831684866,16.814200100758995,16.547018559357937,16.77169418334961,3946600
2008-03-24,16.911365389946514,16.966016213814274,16.844569681174814,16.959943771362305,4827000
2008-03-25,16.972082270961305,17.026733074268122,16.911359027487116,17.002443313598633,3438100
2008-03-26,17.069239868083876,17.069239868083876,16.862781524658203,16.862781524658203,2154900
2008-03-27,17.05101929791859,17.057091737238785,16.89921178951184,16.947790145874023,2448900
2008-03-28,17.00851744560784,17.038878491265187,16.89314338735055,16.929576873779297,2735200
2008-03-31,16.959942535598124,17.051026849340996,16.911364157721934,16.917436599731445,2037900
2008-04-01,17.075315363484044,17.227122927974406,16.97815745666639,17.12389373779297,7419700
2008-04-02,17.23926453948799,17.281770467022394,17.069240829350377,17.129962921142578,3273700
2008-04-03,17.123893656906457,17.136037381776475,17.038880633617556,17.08138656616211,2664100
2008-04-04,17.142106439294267,17.22711944580078,17.06923947165962,17.22711944580078,2220400
2008-04-07,17.202828768830994,17.233189810696196,17.093527164997063,17.117816925048828,1447600
2008-04-08,17.057096929381252,17.11174774169922,17.026735881737817,17.11174774169922,1648600
2008-04-09,17.093530424546103,17.093530424546103,16.89314449870566,16.941722869873047,1823100
2008-04-10,16.97208441048921,17.069241149015827,16.94779464675771,16.984228134155273,1958500
2008-04-11,16.93564387050133,16.972078503417627,16.789908813433968,16.874921798706055,2347900
2008-04-14,16.8809944284178,16.911356624941195,16.838488511484417,16.868850708007812,2333500
2008-04-15,16.978157236043685,16.978157236043685,16.856711880949398,16.97208595275879,1360900
2008-04-16,17.03280592570689,17.06924057006836,16.953866512656326,17.06924057006836,3858400
2008-04-17,17.04495038115706,17.093528747558594,16.941721207778855,17.093528747558594,2294600
2008-04-18,17.23318798392243,17.23318798392243,16.966007600872032,16.978151321411133,3737100
2008-04-21,16.953867172427127,17.07531367529224,16.9477947314639,17.026735305786133,2343000
2008-04-22,17.02673496096593,17.051023566127252,16.856710092038,16.923505783081055,2750400
2008-04-23,16.941720202313537,17.129961216172703,16.941720202313537,17.032804489135742,1418600
2008-04-24,17.12389217422388,17.136035898042422,16.95386730056758,17.057096481323242,2711400
2008-04-25,17.129967527217584,17.129967527217584,16.850642123626784,16.959943771362305,5969300
2008-04-28,17.014587304074045,17.0935267057223,17.002442424374475,17.06316566467285,3097900
2008-04-29,17.05102551668737,17.136037381776475,16.966013651598264,17.08138656616211,2731600
2008-04-30,17.160320035500078,17.25140430437251,16.78990936279297,16.78990936279297,2611400
2008-05-01,16.893142841377323,17.142107113960126,16.893142841377323,17.093528747558594,4348500
2008-05-02,17.214975672915305,17.214975672915305,17.044950807160713,17.06924057006836,3967100
2008-05-05,17.105676877598867,17.11174931932735,17.008520126342773,17.008520126342773,983300
2008-05-06,17.111744485035885,17.142105526901087,16.972081839336752,17.117816925048828,770600
2008-05-07,17.136033624575763,17.178540706000124,16.947792611066053,16.95386505126953,2367900
2008-05-08,16.953864950459188,17.06923899724019,16.953864950459188,17.002443313598633,1377100
2008-05-09,16.8324129668807,17.00851019963128,16.723112554158693,16.90528106689453,2844500
2008-05-12,16.917432603677895,17.093528747558594,16.90528772252761,17.093528747558594,1344100
2008-05-13,17.129961216172703,17.129961216172703,16.9720824033873,17.032804489135742,2549400
2008-05-14,17.08745495806529,17.21497388367747,17.08745495806529,17.099599838256836,3384800
2008-05-15,17.123892193337447,17.306060791015625,17.06924138239405,17.306060791015625,984300
2008-05-16,17.306064049825384,17.33035381846285,17.196762407356605,17.299991607666016,2458000
2008-05-19,17.312128667520692,17.397140502929688,17.227116832111697,17.397140502929688,2167500
2008-05-20,17.190684816707677,17.245335621574533,17.099600527996106,17.13603401184082,3690100
2008-05-21,17.178547066833346,17.202835678441254,16.935654001554422,16.959943771362305,2266800
2008-05-22,17.05102461542673,17.160326240878142,16.972085196045008,17.142108917236328,1783500
2008-05-23,17.123895445805108,17.123895445805108,17.032809971465785,17.051027297973633,2510500
2008-05-27,17.02066043341084,17.172467961206582,17.02066043341084,17.099599838256836,1573500
2008-05-28,17.202833161720044,17.202833161720044,17.032808272538908,17.12389373779297,1392300
2008-05-29,17.142112612279682,17.31820997084309,17.038883405790788,17.190690994262695,3419300
2008-05-30,17.31213649198475,17.33035381846285,17.208907291675338,17.299991607666016,2311100
2008-06-02,17.29999332442952,17.29999332442952,17.044956519427114,17.14818572998047,2447200
2008-06-03,17.081383557050355,17.2392635345459,17.038877631993785,17.2392635345459,2637800
2008-06-04,17.160323760302713,17.22711944580078,17.105672955476944,17.22711944580078,2180200
2008-06-05,17.25140598533078,17.409285940586326,17.23318866650149,17.403213500976562,1662500
2008-06-06,17.35464050069549,17.35464050069549,16.953868628304743,16.97208595275879,2102100
2008-06-09,17.026733207120532,17.081382852654222,16.91743159965407,17.032804489135742,2487000
2008-06-10,16.917430582876435,17.184610987070126,16.917430582876435,17.06316566467285,3032700
2008-06-11,17.123893515276492,17.123893515276492,16.856711880949398,16.97208595275879,6986300
2008-06-12,17.020663121656362,17.166398232373755,16.959939869307522,17.08745765686035,2360800
2008-06-13,17.044951363489687,17.136035660966968,16.972084388787735,17.075313568115234,4316400
2008-06-16,16.935648625666467,16.953865947239645,16.80813084925301,16.893142700195312,6055500
2008-06-17,16.923504446669845,16.953865490273873,16.777768194411706,16.838491439819336,3046800
2008-06-18,16.783843532298288,16.814205739343553,16.625963530262222,16.650253295898438,3251800
2008-06-19,16.61381645520946,16.74740666466877,16.61381645520946,16.70490074157715,2159400
2008-06-20,16.576219143542502,16.667699147968115,16.45424502882078,16.51523208618164,5297400
2008-06-23,16.55792993704262,16.564028761775816,16.411561633141478,16.454252243041992,1515300
2008-06-24,16.417654282477937,16.600614302727138,16.368864866196056,16.50913429260254,2343100
2008-06-25,16.5701239084251,16.88115692138672,16.53353213138009,16.88115692138672,4769100
2008-06-26,16.588415070580062,16.643303300200174,16.313973922479494,16.36886215209961,2229000
2008-06-27,16.32617206378672,16.40545441830786,16.07612619376377,16.19809913635254,3321100
2008-06-30,16.149309687009875,16.362763790055105,16.11881674224539,16.313974380493164,2226600
2008-07-01,16.07612167018754,16.295673370361328,16.033431094132382,16.295673370361328,7943400
2008-07-02,16.277389526367188,16.326178956647695,16.21640244770861,16.277389526367188,2999000
2008-07-03,16.265188217163086,16.393260006612227,16.240792925897626,16.265188217163086,1730600
2008-07-07,16.368864472289825,16.47254212479782,16.228595049258836,16.429851531982422,3255100
2008-07-08,16.42985070822287,16.6433048248291,16.36276482960142,16.6433048248291,6431100
2008-07-09,16.63720933103677,16.67380110704514,16.4786434173584,16.4786434173584,3225300
2008-07-10,16.521332181313124,16.600614547729492,16.39325923466335,16.600614547729492,4386200
2008-07-11,16.48473888748461,16.594514193180853,16.362764774624765,16.423751831054688,4209700
2008-07-14,16.36275892929747,16.62500236400203,16.36275892929747,16.435943603515625,3935500
2008-07-15,16.313976533371832,16.56402243577808,16.204200056562954,16.40545654296875,8632500
2008-07-16,16.381066365867216,16.625013504682276,16.381066365867216,16.612815856933594,3588800
2008-07-17,16.588416590180888,16.6433048248291,16.326173060913064,16.6433048248291,5109800
2008-07-18,16.649402004251208,16.649402004251208,16.362764358520508,16.362764358520508,2963700
2008-07-21,16.405458061826373,16.527432194735887,16.320076866728638,16.326175689697266,3792900
2008-07-22,16.344473422621174,16.661605284696606,16.344473422621174,16.612815856933594,1357800
2008-07-23,16.637207276039685,16.734786108830296,16.551824924924315,16.728687286376953,3088500
2008-07-24,16.698191163560086,16.75917821751892,16.539626451790948,16.62500762939453,3320100
2008-07-25,16.655502238486523,16.655502238486523,16.509133992303298,16.53352928161621,5232900
2008-07-28,16.417650517927495,16.570117554251773,16.39325523376465,16.39325523376465,1859900
2008-07-29,16.478638186824462,16.77747344970703,16.466440544282833,16.77747344970703,2977700
2008-07-30,16.850657352804475,17.015322041080555,16.77747382239149,16.972631454467773,3801500
2008-07-31,16.820170403614068,16.911650430848866,16.67380212739206,16.71039390563965,5016200
2008-08-01,16.76527849335865,16.795772604598593,16.63720671584509,16.67989730834961,4155300
2008-08-04,16.710394699777193,16.954341838407107,16.68600056753006,16.832368850708008,2253600
2008-08-05,17.003126969370108,17.289765802653147,16.936042250219298,17.12510108947754,3395900
2008-08-06,16.997027921659065,17.33855380153409,16.966533812507787,17.308059692382812,5259100
2008-08-07,17.20438085175055,17.216578494563127,16.972631454467773,16.972631454467773,3992700
2008-08-08,16.96652892407838,17.40563466349016,16.96043010400533,17.326351165771484,3085300
2008-08-11,17.356848601517143,17.54590858309002,17.320256834825834,17.478822708129883,2905000
2008-08-12,17.50932407700543,17.600805282592773,17.39344989953,17.600805282592773,3044200
2008-08-13,17.521519513188426,17.533717160823738,17.338559451585557,17.423940658569336,4616900
2008-08-14,17.405642672235658,17.619095656852245,17.289767363992706,17.50322151184082,4390900
2008-08-15,17.51542428749625,17.698385549915844,17.472733675234593,17.67399024963379,1962000
2008-08-18,17.680087675772374,17.680087675772374,17.442239333001723,17.600805282592773,2579900
2008-08-19,17.39344921512362,17.454436295371483,17.31416566183186,17.36295509338379,2744300
2008-08-20,17.33856183426458,17.41174540366999,17.17999588291037,17.369054794311523,2201400
2008-08-21,17.14339899462327,17.289767253092172,17.094609575133635,17.179990768432617,1888600
2008-08-22,17.28976374269974,17.570302556998623,17.28976374269974,17.49102020263672,2801800
2008-08-25,17.356847960922583,17.417835011978088,17.155591506701295,17.210479736328125,3148400
2008-08-26,17.149495199472593,17.253172845464885,17.082409321703658,17.143396377563477,1495600
2008-08-27,17.13120292830798,17.240979423088085,17.10070997452756,17.22268295288086,1247800
2008-08-28,17.295866720919843,17.3568526251325,17.186090232166567,17.33245849609375,1487500
2008-08-29,17.3324590419218,17.350755511700722,17.125103704020436,17.16169548034668,1667000
2008-09-02,17.35075569152832,17.503222784904732,17.283669798208585,17.35075569152832,3601000
2008-09-03,17.295867670478135,17.393446518453423,17.22268295288086,17.22268295288086,2136900
2008-09-04,17.369050254756303,17.369050254756303,17.100709019427335,17.112905502319336,3137300
2008-09-05,17.11290511721628,17.320260443724308,17.027523922735867,17.27147102355957,8917700
2008-09-08,17.545912027763798,17.765463834246095,17.430036720055785,17.637392044067383,4121100
2008-09-09,17.84474712518806,17.863043593492346,17.515417675099954,17.54591178894043,4849300
2008-09-10,17.673979833439052,17.673979833439052,17.527611607704944,17.66788101196289,5140700
2008-09-11,17.564201754837732,17.826445237991383,17.41783354259105,17.741064071655273,4499000
2008-09-12,17.698381801907246,17.783763008349272,17.631295903570397,17.777664184570312,3219200
2008-09-15,17.716672232481297,17.783758112348906,17.436133395273803,17.564205169677734,7420400
2008-09-16,17.680080463113228,17.680080463113228,17.03362044253091,17.564205169677734,7878800
2008-09-17,17.283663633743128,17.423933030444758,16.92384132865203,16.936038970947266,8617900
2008-09-18,17.37514852850968,17.430036771098873,16.942142573896643,17.045820236206055,11022500
2008-09-19,18.107459512842265,18.598676482833696,17.008363723754883,17.008363723754883,6403500
2008-09-22,17.05748340951786,18.039914898106495,16.80573519417318,16.916257858276367,5088600
2008-09-23,16.916260439847402,17.08204621802863,16.68907356262207,16.68907356262207,3901800
2008-09-24,16.70749637698519,16.879422529689574,16.609253195768716,16.658374786376953,4509800
2008-09-25,16.78116845053234,17.131159702720392,16.725906550592086,17.06975746154785,7749500
2008-09-26,16.854858640223345,17.16800798001494,16.854858640223345,17.008363723754883,2529400
2008-09-29,17.125026200049962,17.161868262155885,16.369781494140625,16.369781494140625,9894400
2008-09-30,16.584697712794377,16.946969985961914,16.5662766718845,16.946969985961914,2583600
2008-10-01,16.903972932877426,17.241683502600903,16.566261192003612,17.06975746154785,8520100
2008-10-02,17.1004682294769,17.1004682294769,16.787317687589564,16.854860305786133,5136400
2008-10-03,17.53027694044826,17.653081453804546,16.701350574320557,16.719770431518555,5895100
2008-10-06,16.296095778090585,16.590825176880717,15.657514242894782,16.23469352722168,9393600
2008-10-07,16.775031184402632,16.775031184402632,15.565411847509518,15.718916893005371,6318900
2008-10-08,14.926835202551615,15.854006122646107,14.926835202551615,15.289107322692871,8482800
2008-10-09,15.45489265292743,15.614538088562128,14.355795636071552,14.36807632446289,13186900
2008-10-10,13.962819397532806,14.896130395313778,13.281256591486747,14.490877151489258,14753000
2008-10-13,15.669800151561846,15.669800151561846,14.595264502135912,15.166303634643555,6320300
2008-10-14,16.11188644997648,16.11188644997648,14.69964076149365,15.196996688842773,15789900
2008-10-15,15.006664396657811,15.006664396657811,13.987390253275423,14.675092697143555,7790100
2008-10-16,14.797894831121617,14.816314697265623,13.637395246849806,14.816314697265625,11936300
2008-10-17,14.644385312784927,15.135601115303361,14.337375143423191,14.926834106445312,6180600
2008-10-20,15.239988589530656,15.276829491528352,14.736491968007904,15.049642562866211,5524900
2008-10-21,15.270685971844149,15.270685971844149,14.859292307954275,14.908413887023926,4127400
2008-10-22,15.049645653005646,15.049645653005646,14.110193675533319,14.675092697143555,7026600
2008-10-23,14.429478168487549,14.736488342285156,13.797036788850164,14.736488342285156,8948500
2008-10-24,13.661948910075703,14.226847518596765,13.661948910075703,13.999659538269043,7992500
2008-10-27,13.600544858042422,14.153162708825676,13.588264175077144,13.643526077270508,4859300
2008-10-28,14.00580265581352,14.889992211994372,13.643530586654377,14.582982063293457,4701100
2008-10-29,14.87156722071302,15.129455723784364,14.275968112473455,14.300529479980469,7062500
2008-10-30,14.638242384333626,15.031214956965194,14.619821355810029,14.902271270751953,6944000
2008-10-31,15.203146707385834,15.307530232275662,14.74263136307502,14.810173988342285,12867200
2008-11-03,15.092621166562601,15.209285368795186,14.969816619880831,15.037359237670898,7543100
2008-11-04,15.479451243983945,15.571555226161234,15.141740546503165,15.258404731750488,4796900
2008-11-05,15.546991876138968,15.546991876138968,14.945252338010832,14.98823356628418,5030000
2008-11-06,14.982093544930486,15.135598604143196,14.429475565994856,14.828588485717773,6801000
2008-11-07,14.736487995693448,14.92683397104892,14.66280504040861,14.896133422851562,4683300
2008-11-10,15.184728284319213,15.184728284319213,14.687371954822634,14.939120292663574,3000200
2008-11-11,14.859292781179848,14.877712641948321,14.497020684822305,14.601404190063477,4558400
2008-11-12,14.454032806097368,14.49701402300712,14.122461410821575,14.288247108459473,6267000
2008-11-13,14.190008885326037,14.859291076660154,13.84001751706247,14.859291076660156,7828700
2008-11-14,14.650523673097213,14.93911277160931,14.361933403434422,14.417195320129395,6104600
2008-11-17,14.318958120378571,14.564566090398126,14.091771187292178,14.226855278015137,4648600
2008-11-18,14.68736826626455,14.68736826626455,13.968964339120864,14.325096130371094,6971200
2008-11-19,14.337375335618384,14.6136837890574,13.913700968297517,13.956682205200195,6407700
2008-11-20,13.956677750136764,14.300529877900061,13.330376915086287,13.471602439880371,11979400
2008-11-21,13.526866501762214,14.116325378417969,13.140033089200028,14.116325378417969,16419700
2008-11-24,14.318949922095923,14.66894122538095,14.011939842561619,14.294389724731445,7532900
2008-11-25,14.822447697033494,14.822447697033494,14.12860536556529,14.374213218688965,7972400
2008-11-26,14.196152085735779,14.564563386801929,14.054926504432727,14.558423042297363,10189000
2008-11-28,14.404907410454397,14.779459953308107,14.404907410454397,14.779459953308105,2234600
2008-12-01,14.484740456905271,14.533862039099382,13.907560987761299,13.962822914123535,7280700
2008-12-02,14.091766408339229,14.251410656348261,13.790895429554833,14.165448188781738,8265800
2008-12-03,13.815455343741384,14.386494352000135,13.797034315002158,14.337372779846191,8389700
2008-12-04,14.325096729378846,14.460180803725443,14.01194616638574,14.153170585632324,7789600
2008-12-05,14.054922258103582,14.656662955089988,13.882997348522276,14.552279472351074,8089400
2008-12-08,15.031216282518454,15.031216282518454,14.478598260734096,14.638243675231934,8635700
2008-12-09,14.552278530531932,14.607540439649565,14.196146877968605,14.355791091918945,10381200
2008-12-10,14.447899267419507,14.447899267419507,14.16544929721959,14.349656105041504,7463700
2008-12-11,14.12247030775742,14.460181085786846,14.12247030775742,14.19001293182373,7506700
2008-12-12,13.938260312819308,14.275970985962442,13.889138739068477,14.208428382873535,6598500
2008-12-15,14.31281668565988,14.31281668565988,14.042648524771286,14.19615364074707,4743000
2008-12-16,14.52772331237793,14.576844900041001,14.202292062140689,14.52772331237793,8487100
2008-12-17,14.368074980447837,14.589122666211136,14.343514777113466,14.454038619995117,6419600
2008-12-18,14.57684417629396,14.724208931966444,14.355796457209745,14.503162384033203,7119600
2008-12-19,14.70132663068785,14.775638827424816,14.379309080081493,14.385501861572266,9227600
2008-12-22,14.478388720750685,14.478388720750685,14.224490629246803,14.422656059265137,4339700
2008-12-23,14.44741920027932,14.540308500574035,14.249255044676847,14.304988861083984,5958200
2008-12-24,14.379303400697614,14.459808347128368,14.348340686625374,14.428844451904297,780900
2008-12-26,14.521739560578098,14.521739560578098,14.379307959692746,14.441234588623047,2630500
2008-12-29,14.441235323731759,14.466006449025697,14.249263827312797,14.410272598266602,1985100
2008-12-30,14.484584483233716,14.651786045569818,14.478391701537674,14.639400482177734,3071400
2008-12-31,14.651780964745523,14.849945185691732,14.651780964745523,14.781826972961426,2815100
2009-01-02,14.825178824999627,15.066691379895081,14.738481071557194,14.992379188537598,3757900
2009-01-05,14.930452059475801,15.054304122924805,14.89329537740423,15.054304122924805,6645500
2009-01-06,15.110034503794445,15.1286128405747,14.750861594105501,14.831366539001465,8797400
2009-01-07,14.670367270907427,14.800412168599141,14.596055057117471,14.682751655578613,4228700
2009-01-08,14.503161624375641,14.546509911497136,14.34834563828331,14.490776062011719,6252100
2009-01-09,14.459806440072498,14.503154706517307,14.243063926696777,14.243063926696777,6061400
2009-01-12,14.274027020133525,14.354531958109382,14.181137706520522,14.24925708770752,6542400
2009-01-13,14.255450903455376,14.397881273436598,14.243065345765237,14.335954666137695,9802600
2009-01-14,14.08825816899581,14.193533112449794,13.927249362468984,14.02013874053955,5902500
2009-01-15,13.939634177813018,14.106835758035063,13.82197367530649,14.082064628601074,7621300
2009-01-16,14.292605695078203,14.298798473619843,14.094441506352611,14.212101936340332,3835100
2009-01-20,14.243070891808257,14.342153029606916,14.013942709928699,14.044906616210938,11335300
2009-01-21,14.212107800529193,14.236877743764579,13.846741983877525,14.113025665283203,6566600
2009-01-22,13.96440052877569,14.150180408215142,13.84674123773141,14.100639343261719,8119600
2009-01-23,13.859129168501038,14.038716313183457,13.803396489659123,13.964404106140137,6117100
2009-01-26,14.038705069320049,14.218290889016341,13.96439292179473,14.057283401489258,6673000
2009-01-27,14.119219584087492,14.255458428289979,14.057294125252632,14.13160514831543,8160500
2009-01-28,14.323572701133939,14.472197068390484,14.174949515029484,14.274031639099121,6032700
2009-01-29,14.212110318461564,14.36073354766184,14.11302816566138,14.15018367767334,4191700
2009-01-30,14.100636999946895,14.106829779680945,13.629996370526731,13.716692924499512,8398800
2009-02-02,13.568066830170368,13.691920035854807,13.468984738083499,13.599029541015625,5575100
2009-02-03,13.605227408168977,13.952016041333842,13.543301963316534,13.896282196044922,5450500
2009-02-04,13.871511078505948,13.871511078505948,13.487568123203983,13.51853084564209,7962600
2009-02-05,13.49376213897712,13.76004464731268,13.450412669983079,13.710503578186035,12049300
2009-02-06,13.766230918510624,13.995358993086251,13.68572716218236,13.945817947387695,7266500
2009-02-09,13.914865294443105,13.921058077801208,13.741472085026809,13.809590339660645,4804700
2009-02-10,13.685724876249179,13.741458690994769,13.283203799537747,13.363707542419434,7240500
2009-02-11,13.425637056186236,13.499948037917646,13.351324893303069,13.43802261352539,5428200
2009-02-12,13.31417289828249,13.58045654523247,13.24605349618308,13.561878204345703,7142700
2009-02-13,13.599034164220967,13.599034164220967,13.351328849792482,13.35132884979248,3946500
2009-02-17,13.140779682171193,13.320366782165795,13.060275893962963,13.159358024597168,5893400
2009-02-18,13.270824400202823,13.283209960591325,13.10981565860845,13.227476119995117,6997100
2009-02-19,13.369903413605162,13.499948224003571,13.338940700982237,13.394673347473145,5025900
2009-02-20,13.072656948910204,13.369903238340083,13.072656948910204,13.190316200256348,7591400
2009-02-23,13.184125855491086,13.289399559492827,12.843530082981456,12.849722862243652,5494700
2009-02-24,12.954998883447754,13.14697033280276,12.86210954867288,13.097429275512695,6059900
2009-02-25,13.054080316677851,13.153162426086448,12.8930715936009,12.973576545715332,5797200
2009-02-26,13.066473147364917,13.072665930293336,12.670143308014058,12.688721656799316,5424000
2009-02-27,12.614408113727322,12.849727912416352,12.558674259615016,12.60821533203125,5643200
2009-03-02,12.471973163465949,12.595826401978739,12.31715720590097,12.366698265075684,6964600
2009-03-03,12.478165648387863,12.478165648387863,12.168533740580958,12.218074798583984,6351300
2009-03-04,12.379086509079032,12.602021914276087,12.218077736564746,12.453398704528809,5214900
2009-03-05,12.379085050159947,12.4038561727746,12.038490382273427,12.168535232543945,7268000
2009-03-06,12.199498784587863,12.348121972540499,11.957985070656742,12.205690383911133,6911800
2009-03-09,12.187112329489391,12.273808887479623,11.939407034408715,12.01991081237793,4769800
2009-03-10,12.050872908012364,12.286193812031293,12.044681309463614,12.24284553527832,4260500
2009-03-11,12.329540358585728,12.39146696575068,12.17472443124924,12.23045825958252,5810500
2009-03-12,12.230466504896642,12.577254085198835,12.168539855983104,12.54629135131836,4139200
2009-03-13,12.64536863449351,12.800184606423572,12.540093726334984,12.732065200805664,3651100
2009-03-16,12.886876152371325,13.078848733207018,12.831142329696661,12.930224418640137,4294300
2009-03-17,12.985959753973889,13.171739578247069,12.880684874564627,13.17173957824707,3795800
2009-03-18,13.054080427723397,13.233667490774097,12.91165004188093,13.103621482849121,5077200
2009-03-19,13.128390166167325,13.153160098560338,12.812565555382404,12.936417579650879,5382900
2009-03-20,12.981895363528997,13.01927092893344,12.813703536987305,12.813703536987305,3539900
2009-03-23,13.02549871927379,13.38679897362779,12.994352616784582,13.374340057373047,6526400
2009-03-24,13.324505686580295,13.430404099293387,13.249754564752031,13.312047958374023,4791400
2009-03-25,13.336965048107603,13.573679714142925,13.237296090244635,13.442863464355469,4945200
2009-03-26,13.561225825288373,13.592371940612795,13.380575029591942,13.592371940612793,6675200
2009-03-27,13.461554527282715,13.561223505045875,13.386802199886375,13.461554527282715,4300400
2009-03-30,13.324502691400154,13.324502691400154,13.000579256045476,13.168769836425781,5073600
2009-03-31,13.262213376719417,13.318276123575519,13.069103739196432,13.143856048583984,6137700
2009-04-01,13.075339781892623,13.393035177518527,12.969441316683989,13.368117332458496,3698800
2009-04-02,13.523845922944533,13.785477270662401,13.492699814847493,13.648432731628418,7864100
2009-04-03,13.604830862001819,13.735645972142153,13.474014563713343,13.592371940612793,5373200
2009-04-06,13.517620663725877,13.62974739074707,13.430409402956332,13.62974739074707,5334200
2009-04-07,13.355652813753037,13.51761515992584,13.349423355652432,13.380569458007812,4710900
2009-04-08,13.436634729099977,13.542533151047056,13.380570788766361,13.492698669433594,2856100
2009-04-09,13.67334741704512,13.679575686710677,13.424173857109533,13.498926162719727,3632600
2009-04-13,13.449095608025335,13.542535126159807,13.411720038401134,13.461554527282715,4532300
2009-04-14,13.46155464159216,13.49893021153374,13.224839926283627,13.274674415588379,3846300
2009-04-15,13.268447419609156,13.511391639709473,13.21238346021279,13.511391639709473,3849300
2009-04-16,13.586140099118715,13.723185834086166,13.424177713887683,13.692038536071777,7116700
2009-04-17,13.75433057672192,13.804165060443282,13.660891068262842,13.760560035705566,4750600
2009-04-20,13.542533151047056,13.74187107750091,13.492698669433594,13.492698669433594,10397000
2009-04-21,13.517620663725877,13.66712415456893,13.43663886359331,13.62974739074707,5797100
2009-04-22,13.51138913469864,13.623517032702868,13.424177887279823,13.449095726013184,7322600
2009-04-23,13.449095726013184,13.505159675015298,13.26844495964016,13.449095726013184,7898900
2009-04-24,13.51761985665372,13.542536509565846,13.349427993941665,13.393033027648926,9407500
2009-04-27,13.27467347806287,13.604827688982137,13.27467347806287,13.474011421203613,5371200
2009-04-28,13.293364320177623,13.592371290320132,13.293364320177623,13.536307334899902,4986700
2009-04-29,13.579909289623245,13.86022900314829,13.567451559803764,13.760560035705566,5567900
2009-04-30,13.81662907884079,13.829088001407316,13.617291070369404,13.704501152038574,6801500
2009-05-01,13.748101117738273,13.760560035705566,13.548763182852824,13.760560035705566,4343700
2009-05-04,13.847766213027393,14.015957994112135,13.76055618793789,13.972352981567383,5021200
2009-05-05,13.941213023506846,14.059570397019213,13.816627377626343,13.854002952575684,7102300
2009-05-06,13.903834226802037,14.003503195670682,13.860229201440484,13.94120979309082,8046700
2009-05-07,14.059564930575014,14.11562886527508,13.953666519269076,13.997271537780762,6841600
2009-05-08,14.047106950117783,14.190382119532964,14.047106950117783,14.177923202514648,7584100
2009-05-11,14.090718323350286,14.128093899954122,13.95990202301463,14.109405517578125,5549500
2009-05-12,14.103168553044828,14.296278170406282,14.053334081371958,14.277589797973633,5243100
2009-05-13,14.171702268388538,14.171702268388538,14.009739814171999,14.015969276428223,5287800
2009-05-14,14.128086424224483,14.159232523555685,14.053334122423058,14.06579303741455,6371400
2009-05-15,14.053329808379882,14.152998721420742,13.934973716735842,13.93497371673584,7032500
2009-05-18,14.271369170814333,14.28382809347831,14.022196658276089,14.227764129638672,6592300
2009-05-19,14.233991375142647,14.339889825004553,14.209073533693692,14.30874252319336,6450900
2009-05-20,14.39594976713567,14.464471435723206,14.314967993148931,14.32742691040039,10199200
2009-05-21,14.209074860204256,14.265138820550268,14.115635322343632,14.196617126464844,5724300
2009-05-22,14.177927424433818,14.408411517167853,14.177927424433818,14.283825874328613,6040400
2009-05-26,14.27759845402728,14.483165922825322,14.190388372763941,14.4644775390625,5478700
2009-05-27,14.452015922507998,14.489391491845327,14.096943855285645,14.096943855285645,6976400
2009-05-28,14.17792849682787,14.327431992431988,14.059571117252379,14.246451377868652,7246000
2009-05-29,14.283827105563866,14.43956006364782,14.22776314560179,14.40218448638916,6894700
2009-06-01,14.53922393438609,14.73856186033159,14.508077829012516,14.688727378845215,7258800
2009-06-02,14.70741790659553,14.90052640208778,14.6077489290416,14.83823299407959,6547300
2009-06-03,14.825774314678968,14.825774314678968,14.6638131146448,14.763482093811035,6743400
2009-06-04,14.744788958502934,14.831998990105461,14.620202180658548,14.7883939743042,6186500
2009-06-05,14.888066999718147,14.925442568050999,14.657582942159685,14.71364688873291,4533800
2009-06-08,14.626441252152974,14.838238200811524,14.601524593095212,14.769715309143066,4605900
2009-06-09,14.82577213891559,14.82577213891559,14.638893127441408,14.638893127441406,5158100
2009-06-10,14.69495885766514,14.751022805562892,14.439556956418905,14.476932525634766,6272400
2009-06-11,14.514307740673628,14.719875148566503,14.501850010004283,14.539225578308105,4375100
2009-06-12,14.489394281243644,14.651356697082521,14.470705898903258,14.65135669708252,5717100
2009-06-15,14.582828829910012,14.582828829910012,14.296280860900879,14.296280860900879,6131200
2009-06-16,14.327431892705448,14.339890814289445,14.109405517578125,14.109405517578125,5372600
2009-06-17,14.18415433474105,14.32742833291471,14.140549308179315,14.252676010131836,6575000
2009-06-18,14.252671934690628,14.520532664860424,14.20906692059741,14.514303207397461,5950200
2009-06-19,14.562644209161283,14.625413267445573,14.324117477606027,14.368056297302246,6319200
2009-06-22,14.32411682813182,14.37433279082822,14.242516337716289,14.311562538146973,3974800
2009-06-23,14.286456476748471,14.368056974711083,14.223686218261717,14.223686218261719,3668200
2009-06-24,14.330392299276628,14.361776823329917,14.211128952836996,14.261344909667969,6364800
2009-06-25,14.248790480395902,14.537531905749761,14.211127618377171,14.506147384643555,6931400
2009-06-26,14.575199572669653,14.575199572669653,14.380612827745304,14.455937385559082,3293400
2009-06-29,14.524976553769362,14.594023931833318,14.449653229738365,14.543807983398438,2135000
2009-06-30,14.518699026890344,14.763502816628556,14.374328328610511,14.430821418762207,3496300
2009-07-01,14.49359530327621,14.763506535944806,14.49359530327621,14.675627708435059,6946000
2009-07-02,14.550089918607208,14.675629232418832,14.368056297302246,14.368056297302246,4945400
2009-07-06,14.342944505106267,14.663071632385256,14.32411307506303,14.663071632385254,5522100
2009-07-07,14.612859559047372,14.675628614689575,14.474764763251342,14.48104190826416,4595800
2009-07-08,14.493592034963555,14.60030107504301,14.468483462124789,14.543807983398438,6933200
2009-07-09,14.543809461384981,14.619133990313339,14.399438744618632,14.437100410461426,3680700
2009-07-10,14.449657988660693,14.51870419222202,14.342948913437139,14.368056297302246,3175600
2009-07-13,14.361772276058128,14.631683407530527,14.361772276058128,14.625406265258789,2694400
2009-07-14,14.612860374084125,14.675629433227291,14.568920356543623,14.669353485107422,4135000
2009-07-15,14.788610779274006,14.939258626584532,14.69445602436026,14.90787410736084,4629300
2009-07-16,14.907879338221019,15.01458841716327,14.845109080506207,15.00831127166748,4606500
2009-07-17,15.008301620706835,15.039686130761156,14.93925426189655,15.020855903625488,3502200
2009-07-20,15.102466708171733,15.102466708171733,14.90787997841835,15.064805030822754,5113400
2009-07-21,15.127580270709492,15.177796256118542,14.92043918124172,15.045978546142578,6419500
2009-07-22,15.089910868839398,15.133849683960705,15.020863475224246,15.052248001098633,4032400
2009-07-23,15.115014411005832,15.366094145957568,15.033413946112498,15.259385108947754,5286800
2009-07-24,15.253098667072951,15.397470474243162,15.215437029100753,15.397470474243164,2274500
2009-07-27,15.322155775884747,15.397480297124593,15.215446735853178,15.340987205505371,4539400
2009-07-28,15.246831571734974,15.391202265431067,15.246831571734974,15.359816551208496,4661900
2009-07-29,15.271943150726138,15.472806988084537,15.271943150726138,15.441422462463379,3655900
2009-07-30,15.566956168938908,15.623449252553195,15.42258548736572,15.422585487365723,4899200
2009-07-31,15.47280339263482,15.579512431090617,15.384925783521561,15.391202926635742,4421900
2009-08-03,15.460249173903225,15.535573694359607,15.309601330233097,15.410033226013184,5843300
2009-08-04,15.391199906457953,15.548124861791555,15.372368480810659,15.435138702392578,4355100
2009-08-05,15.403756541484356,15.42258677276354,15.240554419356808,15.334709167480469,4473800
2009-08-06,15.322156583048635,15.34726515719884,15.115015635280283,15.177785873413086,6181200
2009-08-07,15.196615759485955,15.284494569760618,15.152676952969964,15.240555763244629,6299400
2009-08-10,15.240553982843794,15.271938498905254,15.158952325495928,15.253107070922852,4821500
2009-08-11,15.259384213583653,15.297047069548457,15.221722554861392,15.253107070922852,2614000
2009-08-12,15.202890942154875,15.35981591504053,15.196613799570345,15.246830940246582,2812100
2009-08-13,15.284493221998344,15.334709167480469,15.171507045352921,15.334709167480469,5435200
2009-08-14,15.309596958382377,15.384921457328888,15.177780581778851,15.315874099731445,2435000
2009-08-17,15.12756724444907,15.234276271212217,15.115012959596346,15.158951759338379,3634800
2009-08-18,15.12757081351475,15.23427986545389,15.077354859498847,15.184063911437988,3225100
2009-08-19,15.096187459719555,15.315882741933882,15.096187459719555,15.28449821472168,2962300
2009-08-20,15.246831571734974,15.403756551120097,15.246831571734974,15.359816551208496,2855400
2009-08-21,15.428865924632596,15.585790924353125,15.410034493658749,15.529297828674316,3033200
2009-08-24,15.610901355986455,15.623454447552877,15.491638006783864,15.535576820373535,1557900
2009-08-25,15.535575628409415,15.698777778680022,15.52302134056334,15.560684204101562,4690600
2009-08-26,15.579503736758724,15.686212715664276,15.548119235944958,15.610889434814453,3094100
2009-08-27,15.65482821485051,15.65482821485051,15.497903316297755,15.610889434814453,3329500
2009-08-28,15.636004779317368,15.654836207765598,15.479079800643172,15.548127174377441,2780300
2009-08-31,15.516744261230134,15.598345935326503,15.460251162930428,15.579514503479004,3750000
2009-09-01,15.510462010496965,15.64855673742567,15.391199906457953,15.435138702392578,5901800
2009-09-02,15.410033825476392,15.48535834886296,15.366095019018676,15.447696685791016,4708600
2009-09-03,15.598348327405057,15.598348327405057,15.384930189375915,15.479084968566895,4783500
2009-09-04,15.504191052049231,15.623453194443291,15.485359620345694,15.592068672180176,4520400
2009-09-08,15.673663877069837,15.761542664888319,15.636002223571847,15.72387981414795,9057200
2009-09-09,15.755267248442594,15.786651763587411,15.673665593478054,15.717605590820312,4949400
2009-09-10,15.75527357832146,15.855705503825673,15.748996433322075,15.830596923828125,5525000
2009-09-11,15.931018869360239,15.931018869360239,15.824309865704397,15.89963436126709,6393000
2009-09-14,15.767825670849401,15.918473538110797,15.755271382600247,15.861980438232422,3836600
2009-09-15,15.918472152232885,15.924749295810969,15.736438580196625,15.780377388000488,4470400
2009-09-16,15.849426926041993,15.905920028686523,15.742717865184867,15.905920028686523,6051700
2009-09-17,15.91847174252167,15.968687692611153,15.836870075349575,15.849424362182617,7982900
2009-09-18,15.943620215292452,16.076378984110516,15.91201161622617,16.05741310119629,10221900
2009-09-21,16.038451470406894,16.0510941889603,15.949945205787103,16.0068416595459,5289600
2009-09-22,16.08270467972269,16.08270467972269,15.962589804955002,16.0384521484375,3232900
2009-09-23,16.08270467972269,16.234428160896645,16.0384521484375,16.0384521484375,5099700
2009-09-24,16.063733503002148,16.120629940431627,15.943618667785394,15.956262588500977,5439000
2009-09-25,16.006837065572665,16.051089582286565,15.924653992502664,15.956262588500977,4413000
2009-09-28,15.905688794999937,16.089022035882984,15.905688794999937,15.987873077392578,5071800
2009-09-29,16.070059831338853,16.158564888823072,16.04477198303423,16.063737869262695,4600500
2009-09-30,16.120634299074077,16.139600185275384,15.930980260224887,16.095346450805664,5376500
2009-10-01,16.051089635938997,16.095342152800814,15.905688164595704,15.94994068145752,10605100
2009-10-02,15.861435474683862,16.05741142112978,15.861435474683862,16.00051498413086,5437500
2009-10-05,15.987877654712848,16.057416829964843,15.86776277994516,16.0384521484375,4912700
2009-10-06,16.06373638529663,16.215459843735232,16.06373638529663,16.18385124206543,5368000
2009-10-07,16.20280726998176,16.253381729125977,16.164876727071153,16.253381729125977,4390300
2009-10-08,16.27235468586824,16.38614756991758,16.26603272499986,16.348217010498047,3002700
2009-10-09,16.367190189695833,16.398800010458313,16.303972959753615,16.38615608215332,3633700
2009-10-12,16.373504188353003,16.51258492046422,16.373504188353003,16.4556884765625,1902800
2009-10-13,16.449368663623677,16.449368663623677,16.33557576095992,16.398794174194336,2224300
2009-10-14,16.525227636827324,16.525227636827324,16.398792032660783,16.4556884765625,4402200
2009-10-15,16.44304139578179,16.60740873483585,16.417753556331682,16.582120895385742,3667800
2009-10-16,16.531543101837386,16.721198242248423,16.531543101837386,16.670623779296875,4825800
2009-10-19,16.6959205868911,16.841322105800057,16.670633942893954,16.765460968017578,10552700
2009-10-20,16.752816255362664,16.853965238177047,16.714885688255016,16.74649429321289,8234700
2009-10-21,16.721205119850445,16.853962687531432,16.582124385185637,16.62005615234375,11709200
2009-10-22,16.588443530531972,16.721202281468297,16.518903175003867,16.645339965820312,5120300
2009-10-23,16.68958635217826,16.68958635217826,16.43039211139648,16.480966567993164,6902900
2009-10-26,16.46833155573539,16.60741229091066,16.329252026350932,16.35453987121582,5801500
2009-10-27,16.373505646942853,16.45568994247352,16.303966480483318,16.367183685302734,6461800
2009-10-28,16.316607421372453,16.474652827794323,16.30396470525968,16.32292938232422,14674900
2009-10-29,16.474660355302788,16.620063112048488,16.398799200801065,16.58845329284668,9849600
2009-10-30,16.569476872674898,16.62637330529346,16.310282548875026,16.329248428344727,8113500
2009-11-02,16.32925164872724,16.512584902385562,16.32925164872724,16.48729705810547,8836600
2009-11-03,16.417754239655707,16.4872945952473,16.297640614640084,16.379823684692383,18182500
2009-11-04,16.405112198606624,16.594766186998925,16.398790238221462,16.443042755126953,8039000
2009-11-05,16.373506043128746,16.537873432376344,16.291322951400407,16.51890754699707,11922000
2009-11-06,16.443048876868687,16.588450402488434,16.411439063174544,16.56316375732422,4572000
2009-11-09,16.695919536758513,16.834999084472656,16.601092517599277,16.834999084472656,5407200
2009-11-10,16.828670501708984,16.917175517657803,16.771774075516056,16.828670501708984,3515400
2009-11-11,16.91718395523449,16.91718395523449,16.797069083831147,16.879253387451172,7192400
2009-11-12,16.86028404840871,16.942467129410193,16.76545704547138,16.778100967407227,4785200
2009-11-13,16.841315099398443,16.923499371228335,16.759132033359094,16.891889572143555,4050000
2009-11-16,16.923508335000715,17.075231833598508,16.923508335000715,16.986726760864258,5216000
2009-11-17,16.974079765304378,17.068906784057617,16.974079765304378,17.068906784057617,4238700
2009-11-18,17.08154317751713,17.08154317751713,16.942462485922725,17.056255340576172,6226300
2009-11-19,16.96775526365533,17.01200778539734,16.84764041479075,16.974077224731445,6202300
2009-11-20,16.904528359279897,17.049929773551966,16.904528359279897,16.99935531616211,5682800
2009-11-23,17.106835992108206,17.21430692637288,17.106835992108206,17.14476776123047,4272100
2009-11-24,17.106834968229435,17.201661973777767,17.081548329452254,17.182697296142578,4566000
2009-11-25,17.220629086334235,17.220629086334235,17.144767958797264,17.15108871459961,4851800
2009-11-27,16.77809757696882,17.075222447675074,16.771775617278404,16.993038177490234,3912500
2009-11-30,17.012004078906564,17.012004078906564,16.86660262320766,16.929821014404297,4728400
2009-12-01,17.068905516972627,17.17005449023957,16.96143458215265,17.163732528686523,5351500
2009-12-02,17.113157953628583,17.18902028608224,17.068905428776812,17.14476776123047,4973400
2009-12-03,17.170052159644545,17.170052159644545,16.986720122654564,17.012006759643555,7580100
2009-12-04,17.151089855921015,17.252240042352827,16.98672366672285,17.100515365600586,8089800
2009-12-07,17.018334084408583,17.138448963890177,17.018334084408583,17.081552505493164,4439600
2009-12-08,17.005685371791312,17.005685371791312,16.81603136771784,16.885570526123047,9975200
2009-12-09,16.898218941944375,16.929828754890274,16.809713877277996,16.917184829711914,6639500
2009-12-10,17.049938346063236,17.068904229291576,16.955111341503105,16.974077224731445,6643700
2009-12-11,17.062584822035273,17.151089878766168,17.030976217714514,17.068906784057617,4554400
2009-12-14,17.14476787026472,17.182698433837338,17.08154946044977,17.132123947143555,4087600
2009-12-15,17.1068288001928,17.1068288001928,17.018323787697824,17.062576293945312,5234500
2009-12-16,17.12579773316887,17.13211969315968,16.974074310761143,16.980396270751953,6109200
2009-12-17,16.89821460842549,16.936146374233033,16.771779006439303,16.778100967407227,10700400
2009-12-18,16.930629344980673,16.930629344980673,16.566871877861892,16.745559692382812,10117500
2009-12-21,16.81574798811793,16.930618565947178,16.7646945332172,16.83489227294922,7650300
2009-12-22,16.815756947043884,16.962535555931392,16.815756947043884,16.949771881103516,4110600
2009-12-23,16.917868017322913,17.000829489417356,16.91148617836006,16.962539672851562,3559100
2009-12-24,16.9944389355627,17.051874239563748,16.975294645702817,17.026348114013672,1568200
2009-12-28,17.109303878653087,17.109303878653087,17.007196975839104,17.058250427246094,8470700
2009-12-29,17.071018678697445,17.134835814396382,17.071018678697445,17.090164184570312,3186000
2009-12-30,17.058250427246094,17.115685712230245,17.032724310147746,17.058250427246094,3142600
2009-12-31,17.102933580315764,17.102933580315764,16.873193502639023,16.892337799072266,5099400
2010-01-04,16.879571284811863,17.09016701545485,16.879571284811863,17.019968032836914,8465900
2010-01-05,17.032729949703864,17.051874239563748,16.937004848772354,17.026348114013672,11805400
2010-01-06,17.007204208020536,17.032731553184483,16.937006443241305,17.013586044311523,9267000
2010-01-07,17.064639517428606,17.064639517428606,16.917860934368342,17.013586044311523,6951500
2010-01-08,16.975303201045858,16.975303201045858,16.86043253515037,16.956157684326172,5437400
2010-01-11,16.949766693437116,17.026347501754934,16.83489608956571,17.00082015991211,6140200
2010-01-12,16.93700205147415,17.09654426574707,16.93700205147415,17.09654426574707,6822400
2010-01-13,17.102923836335787,17.2560854238083,17.096543219300653,17.21779441833496,7926700
2010-01-14,17.192273484208318,17.23056328402045,17.147601848225694,17.166746139526367,5258900
2010-01-15,17.19227096059683,17.217797084321074,17.0199650609184,17.083782196044922,11968800
2010-01-19,17.1284643991485,17.211425873979014,17.05188354627995,17.18589973449707,10974200
2010-01-20,17.153975496482914,17.153975496482914,16.930617407333763,17.058250427246094,8670500
2010-01-21,17.045499756708846,17.12846243925788,16.77746984536612,16.815759658813477,9044700
2010-01-22,16.751938472664335,16.90509890692053,16.720030505315062,16.7774658203125,9082400
2010-01-25,16.898715220812225,16.905097057025912,16.72640929467504,16.809371948242188,6078200
2010-01-26,16.726405039278504,16.854039296658996,16.694497083538625,16.79022216796875,8116700
2010-01-27,16.77107500019086,16.847654567694633,16.7008760489705,16.828510284423828,12558400
2010-01-28,16.854048718710743,16.98168304744366,16.77746909523993,16.783849716186523,14181700
2010-01-29,16.860430432430963,16.95615556966857,16.720033645629883,16.720033645629883,8930500
2010-02-01,16.822137748521747,16.879573064499205,16.751938758502423,16.84766387939453,9016100
2010-02-02,16.879568488811255,17.109308473232556,16.841277477065518,17.090164184570312,7433200
2010-02-03,17.045495547314392,17.045495547314392,16.937007972206484,16.968915939331055,6566900
2010-02-04,16.91786610550713,16.9242479437488,16.592399658449132,16.62430763244629,10827300
2010-02-05,16.592395478687987,16.624303444647264,16.407325867933707,16.579631805419922,13527400
2010-02-08,16.62430559471306,16.700886427014964,16.547725979622193,16.560489654541016,5150900
2010-02-09,16.713644410246754,16.84765929962368,16.617919315376003,16.758316040039062,7456500
2010-02-10,16.771079250017213,16.777461085128078,16.617918858988226,16.73917007446289,6364600
2010-02-11,16.732790065458868,16.90509598062479,16.63068312696293,16.873188018798828,5879800
2010-02-12,16.758317408688214,16.90509598062479,16.71364577524758,16.873188018798828,8895400
2010-02-16,16.911475383847677,17.058253934671296,16.87318559172207,17.045490264892578,7113900
2010-02-17,17.096548376072583,17.185891648037828,17.051875522879172,17.166746139526367,7493600
2010-02-18,17.16036535411568,17.307145160602904,17.122075551958993,17.26885414123535,7539300
2010-02-19,17.262473214105402,17.35819955035653,17.192275442655088,17.307146072387695,4443900
2010-02-22,17.35819955035653,17.364580170043073,17.256092594418863,17.307146072387695,4414400
2010-02-23,17.249712992899664,17.326292611171347,17.12207867283207,17.211421966552734,8464300
2010-02-24,17.21780118843298,17.32628997884476,17.17951138511438,17.319908142089844,4147700
2010-02-25,17.16674234497046,17.358193736134087,17.115688884102262,17.332666397094727,6443300
2010-02-26,17.358200790945265,17.358200790945265,17.20503912888139,17.249711990356445,5805900
2010-03-01,17.31352112450181,17.38372009058892,17.243323375625245,17.370956420898438,4360200
2010-03-02,17.40286834409647,17.473066104061537,17.370959164829866,17.434776306152344,14652000
2010-03-03,17.460303802405285,17.498593600649652,17.402868496433367,17.441158294677734,7569800
2010-03-04,17.49859619140625,17.568795179589856,17.460306387492885,17.49859619140625,5479500
2010-03-05,17.58793876450103,17.61984794748597,17.492213649967947,17.607084274291992,5123200
2010-03-08,17.600703519427327,17.62623086738418,17.517742072989446,17.54326820373535,2690800
2010-03-09,17.504974671024975,17.59431793542488,17.49221099976479,17.517738342285156,4602700
2010-03-10,17.543269592975143,17.543269592975143,17.447544464978424,17.492216110229492,4573000
2010-03-11,17.46030440394162,17.536884003068643,17.377341751474763,17.524120330810547,6084000
2010-03-12,17.549646071604425,17.57517341378788,17.51135627553991,17.536882400512695,14073100
2010-03-15,17.517738036681802,17.68366089132685,17.517738036681802,17.6708984375,4104900
2010-03-16,17.651749743494616,17.766620327668274,17.651749743494616,17.753856658935547,5360500
2010-03-17,17.79853134391953,17.855966645886145,17.747477877417058,17.830440521240234,3955000
2010-03-18,17.830440290533712,17.862348250230905,17.79214927824431,17.849584579467773,4596000
2010-03-19,17.797035217285156,17.912392499155125,17.71372108154899,17.797035217285156,4385200
2010-03-22,17.726538722530144,17.91239239161994,17.720129848868325,17.886756896972656,3038800
2010-03-23,17.88034957534539,18.05338551213126,17.867531826909158,18.02775001525879,5327400
2010-03-24,18.021346193116226,18.021346193116226,17.848310219558567,17.899580001831055,3325600
2010-03-25,17.96366060796466,17.970069481073278,17.8483033367446,17.873937606811523,3843500
2010-03-26,17.91239239161994,17.938026663899553,17.82266938272212,17.886756896972656,3289300
2010-03-29,17.9444439153812,18.014940336206603,17.899583001171663,17.97007942199707,6690800
2010-03-30,18.008522215649403,18.066200853560016,17.95084357773879,18.002113342285156,3458100
2010-03-31,17.97648406405577,17.989301815215903,17.886762250670923,17.899580001831055,4757200
2010-04-01,17.982886358923743,18.046973868903983,17.931616595413068,18.014930725097656,4442600
2010-04-05,18.06620048860833,18.06620048860833,17.982886358923743,18.014930725097656,3603500
2010-04-06,17.963667099912048,17.989301379243027,17.93803159821307,17.957258224487305,3965600
2010-04-07,17.944433672979322,17.944433672979322,17.809851007168398,17.841894149780273,3591200
2010-04-08,17.841894463635978,17.905981972354628,17.79062470113457,17.873937606811523,2570500
2010-04-09,17.90599187782563,17.98289595293677,17.861130963616098,17.97007942199707,3339000
2010-04-12,17.96366371781315,18.02775001525879,17.950845969376918,18.02775001525879,4090000
2010-04-13,17.963670545343103,18.02134921286057,17.873947494555797,17.97007942199707,3045800
2010-04-14,17.96365960214888,17.995702743530273,17.88675435151904,17.995702743530273,3626000
2010-04-15,17.918793372868368,17.963655471801758,17.88034136757839,17.963655471801758,3876300
2010-04-16,17.905983517958116,18.02774845042971,17.82266938272212,17.886756896972656,6525100
2010-04-19,17.84830978700264,17.963667099912048,17.83549203615315,17.957258224487305,4791100
2010-04-20,17.989295413792934,18.05338292442025,17.95084339636358,18.008522033691406,5377800
2010-04-21,18.04056517782127,18.072609544318727,17.970070016262053,18.008522033691406,5605500
2010-04-22,17.918799029866122,18.008522033691406,17.867529265837785,18.008522033691406,2422800
2010-04-23,17.98928973453934,17.98928973453934,17.861115976117002,17.963655471801758,4651200
2010-04-26,17.976474987097465,18.027744743482042,17.918796358368894,17.92520523071289,4452200
2010-04-27,17.8418938867875,17.88034590182847,17.598361606003813,17.61117935180664,8249300
2010-04-28,17.68167418934405,17.797031446774227,17.591952421283874,17.75217056274414,5162100
2010-04-29,17.803447539853106,17.886760469360905,17.7201333879774,17.809856414794922,4095500
2010-04-30,17.797042304811484,17.912399632621565,17.700911605759135,17.707319259643555,7474600
2010-05-03,17.726542262919217,17.85471731701973,17.70090798551986,17.809856414794922,3372800
2010-05-04,17.68167709818107,17.77780775439833,17.59836296638986,17.630407333374023,12393300
2010-05-05,17.55991603390728,17.745769749137718,17.55991603390728,17.694499969482422,9048500
2010-05-06,17.62400263627889,17.668863538319645,15.989777426225647,17.252296447753906,11302200
2010-05-07,17.175374826837555,17.297140889622593,17.002340258251884,17.13692283630371,10845600
2010-05-10,17.694500403147995,17.694500403147995,17.47019465327068,17.636821746826172,8008800
2010-05-11,17.515050056966263,17.752173483178616,17.483006912349715,17.630407333374023,5904600
2010-05-12,17.630404432971464,17.75217056274414,17.585543548941377,17.75217056274414,6882700
2010-05-13,17.739364959125545,17.835495665321403,17.643234252929688,17.643234252929688,3342300
2010-05-14,17.617592215640197,17.675270862451416,17.41251312580821,17.476600646972656,7363700
2010-05-17,17.540682072415763,17.675264719960047,17.444550212892853,17.662446975708008,7124200
2010-05-18,17.752176199474523,17.80344597212646,17.55350476087644,17.559913635253906,8626600
2010-05-19,17.457374148188332,17.604774592258412,17.399695500966512,17.515052795410156,11727400
2010-05-20,17.30356164986517,17.30356164986517,16.957489830131426,16.995943069458008,18459000
2010-05-21,16.739601153954236,17.06003761291504,16.72037452636408,17.06003761291504,11228500
2010-05-24,16.98312573807824,17.060030996243363,16.886995082147546,16.938264846801758,6136100
2010-05-25,16.605007726940173,16.778043609373455,16.521694833009732,16.739591598510742,15939800
2010-05-26,16.778048092298885,16.89340537807671,16.617829911466952,16.630647659301758,7444000
2010-05-27,16.861365584451253,16.970314025878906,16.778052645650362,16.970314025878906,12368000
2010-05-28,16.983127891017503,17.015171039600617,16.867770600329862,16.88699722290039,7409900
2010-06-01,16.829320357207838,17.047217213244718,16.7139630543215,16.848546981811523,10514700
2010-06-02,16.925435054817456,17.13692283630371,16.86775645783332,17.13692283630371,7420600
2010-06-03,17.175385569303483,17.207429933429676,17.0600295255517,17.162569046020508,5494200
2010-06-04,17.01516668976025,17.01516668976025,16.66909612853626,16.707548141479492,9125300
2010-06-07,16.6755068750479,16.81649841992906,16.579376220703125,16.579376220703125,9533900
2010-06-08,16.598605751435162,16.867772384047317,16.566562599463577,16.848546981811523,9553000
2010-06-09,16.97671403603046,17.053619281381586,16.771635011584003,16.816495895385742,8617100
2010-06-10,16.995946217855995,17.11771116451032,16.976719594631085,17.104894638061523,8597800
2010-06-11,17.008765552164018,17.008765552164018,16.822911844102098,16.963903427124023,6023400
2010-06-14,17.085671894000498,17.15616830612966,17.02799323359811,17.06003761291504,5604600
2010-06-15,17.149757441707653,17.239479248655417,17.092078787993252,17.233070373535156,5392500
2010-06-16,17.143343699379567,17.194613463417586,17.092073935341546,17.117708206176758,3648800
2010-06-17,17.194615348949895,17.284337140263272,17.10489355763652,17.271520614624023,6245100
2010-06-18,17.337352374480393,17.356715717580013,17.2082576751709,17.2082576751709,7709400
2010-06-21,17.363175953332433,17.40190388266467,17.111442565964897,17.1630802154541,5379600
2010-06-22,17.150166696028066,17.22762376867218,16.975889205932617,16.975889205932617,7044200
2010-06-23,17.040441901263836,17.130808719523394,16.950076314143065,17.08562469482422,6769800
2010-06-24,16.988800426440037,17.033983209839313,16.86616056354305,16.879070281982422,4779800
2010-06-25,16.904890886266543,16.930709093789705,16.69188544186143,16.70479393005371,10611300
2010-06-28,16.717705108167497,16.917800850702037,16.67252231770538,16.846799850463867,7855100
2010-06-29,16.717705905625124,16.769343558779116,16.524065014082332,16.575702667236328,10234200
2010-06-30,16.530520670800744,16.601521677845476,16.414335637823587,16.459518432617188,6563600
2010-07-01,16.478880375647208,16.517608303390055,16.33042106221215,16.491788864135742,9774300
2010-07-02,16.52406271133148,16.53697243060561,16.369149773457767,16.427242279052734,4874600
2010-07-06,16.58215370329517,16.64670106263527,16.39496648432273,16.52406120300293,6910800
2010-07-07,16.543429834664323,16.859711873369655,16.491792176921614,16.840347290039062,6495100
2010-07-08,16.962989431440818,17.098537839258483,16.904896904907808,17.092082977294922,6357800
2010-07-09,17.08562811533136,17.117902425149165,17.021081957973827,17.092082977294922,6894900
2010-07-12,17.027535182501246,17.150175094604492,17.027535182501246,17.150175094604492,3786300
2010-07-13,17.272807350215302,17.33735470855988,17.22116970976733,17.30508041381836,6162300
2010-07-14,17.240542163532083,17.337363867768413,17.20181422052102,17.31154441833496,4597100
2010-07-15,17.33089756443163,17.395444914265266,17.201802864764364,17.363170623779297,4122900
2010-07-16,17.292178411934678,17.363179424715742,17.092081402912704,17.117900848388672,7828300
2010-07-19,17.117902016695798,17.18244940365219,17.085627707648097,17.150175094604492,6491700
2010-07-20,17.001713175653816,17.376086459162796,17.001713175653816,17.356721878051758,7287700
2010-07-21,17.414815139508654,17.421270000156717,17.12435379717851,17.169536590576172,11398300
2010-07-22,17.317987848237244,17.414808257418546,17.29216964698677,17.363170623779297,7042900
2010-07-23,17.337355857506612,17.56326977997626,17.337355857506612,17.5245418548584,10102900
2010-07-26,17.57617906308732,17.61490821838379,17.51163170206505,17.61490821838379,8753200
2010-07-27,17.6600895511989,17.724635675780988,17.5955421954784,17.679452896118164,19712600
2010-07-28,17.64718707642532,17.692369874631655,17.56327511020876,17.582639694213867,7194100
2010-07-29,17.58263820237487,17.58263820237487,17.279267132201863,17.369632720947266,11052600
2010-07-30,17.259897262638148,17.472902678816084,17.22116934091628,17.414810180664062,7389100
2010-08-02,17.595543640735553,17.61490821838379,17.51163170206505,17.61490821838379,7790300
2010-08-03,17.498728250915402,17.53100132514549,17.421271149168778,17.459999084472656,7104100
2010-08-04,17.485813929740534,17.569724639352327,17.447086004622673,17.5245418548584,4452500
2010-08-05,17.466455409980394,17.47936513321036,17.40190802496953,17.447092056274414,18512500
2010-08-06,17.36962813961869,17.492267999954,17.298625920823753,17.48581314086914,8372000
2010-08-09,17.563269785638234,17.627817148281174,17.505178513511986,17.57617950439453,3650800
2010-08-10,17.48581349633925,17.70527378513186,17.459994059474937,17.61490821838379,7497000
2010-08-11,17.434173949550008,17.434173949550008,17.298624383094417,17.324443817138672,9337600
2010-08-12,17.137257774577844,17.330899849611576,17.130804146768,17.30508041381836,6401100
2010-08-13,17.227632556365172,17.343817609027308,17.22117769442405,17.298633575439453,4435400
2010-08-16,17.156624576427497,17.311537517861723,17.124351508639013,17.279264450073242,5077000
2010-08-17,17.427727471429463,17.537457656606247,17.317997286252684,17.447092056274414,5242400
2010-08-18,17.414816288094986,17.51809160299791,17.356723769569737,17.459999084472656,5379400
2010-08-19,17.40190275036014,17.40835761001862,17.182443677664757,17.25344467163086,7941200
2010-08-20,17.201807025501605,17.279264110264783,17.195352165843126,17.25344467163086,5856400
2010-08-23,17.31153291399096,17.388989979678264,17.279259854785252,17.29216957092285,4149900
2010-08-24,17.130801840495835,17.29862322600457,17.104982408178618,17.2082576751709,8426800
2010-08-25,17.117891021953874,17.298622111982226,17.098526448963028,17.246984481811523,6542800
2010-08-26,17.25990410508972,17.31154176490273,17.07917168017472,17.117900848388672,7530700
2010-08-27,17.221175754020557,17.246993967736934,17.008170258520135,17.227630615234375,9874400
2010-08-30,17.214712152043408,17.279259500268804,17.07916259765625,17.07916259765625,8007800
2010-08-31,17.066264760579717,17.195358306433818,17.021081957973827,17.092082977294922,12423300
2010-09-01,17.27926746525537,17.42772557280969,17.24053829978472,17.39545249938965,9661500
2010-09-02,17.39544451399006,17.50517463684082,17.388989656041396,17.50517463684082,6034900
2010-09-03,17.589088781519475,17.61490821838379,17.498723214771406,17.61490821838379,5839700
2010-09-07,17.569725372971103,17.621363018997215,17.52454258659058,17.543907165527344,6444100
2010-09-08,17.569734549903156,17.653646537985683,17.550371191991218,17.62137222290039,5733200
2010-09-09,17.73109053446688,17.73754539315277,17.614906771536074,17.679452896118164,4962900
2010-09-10,17.685917214093166,17.789192546027273,17.673007489816634,17.76337432861328,4003400
2010-09-13,17.892464088066188,17.892464088066188,17.724641401435886,17.782733917236328,5254000
2010-09-14,17.769817759295247,17.87954788277741,17.724633753394595,17.815000534057617,8514700
2010-09-15,17.78273078951616,17.963463165900357,17.76336744174761,17.937644958496094,6451300
2010-09-16,17.88600993635641,17.957012176513672,17.840827140306825,17.957012176513672,6884700
2010-09-17,18.02656714633824,18.03956893504311,17.90955352783203,17.90955352783203,10596900
2010-09-20,17.98106160158206,18.130578447572717,17.922554794034625,18.104576110839844,6337100
2010-09-21,18.124080812874073,18.130581708206115,17.9810648353261,18.07207489013672,13361500
2010-09-22,18.078572534188194,18.150081130061455,18.05257019745532,18.104576110839844,5931300
2010-09-23,18.026566303938527,18.09807489855483,17.96155860337086,17.98756217956543,8952000
2010-09-24,18.143581802109228,18.273597216753263,18.117579463131754,18.228092193603516,4515900
2010-09-27,18.228093742463642,18.228093742463642,18.117581002601497,18.124080657958984,3614000
2010-09-28,18.182585869483287,18.299599494286245,18.05907258989695,18.241092681884766,5660100
2010-09-29,18.234593849554805,18.260597431304916,18.15008468870499,18.189088821411133,5319700
2010-09-30,18.26709787420352,18.345106137683274,18.052573289755706,18.124080657958984,8376000
2010-10-01,18.143576278474928,18.21508485875095,18.078568590943867,18.156578063964844,5417900
2010-10-04,18.130578447572717,18.215088831771805,18.04606930329241,18.104576110839844,6300800
2010-10-05,18.22158609222564,18.306095219653322,18.202083413626085,18.273591995239258,5418200
2010-10-06,18.34510166063133,18.35810344801125,18.26059252249923,18.35160255432129,4637500
2010-10-07,18.416613623333692,18.416613623333692,18.228092631481935,18.286598205566406,4440400
2010-10-08,18.286600019305805,18.35810863016222,18.2475958860746,18.325605392456055,4196400
2010-10-11,18.338603322933256,18.364606901317416,18.29959919527588,18.345104217529297,3051600
2010-10-12,18.319099243512607,18.442613743229717,18.293095668869558,18.390607833862305,5882500
2010-10-13,18.481625044781325,18.637642833491363,18.42961911521131,18.546632766723633,8258800
2010-10-14,18.572632549464686,18.60513702591145,18.47512159996239,18.553131103515625,3697300
2010-10-15,18.624640879145186,18.663645016003695,18.533630813168944,18.5986385345459,6477400
2010-10-18,18.592133613843686,18.67664276539692,18.592133613843686,18.66364097595215,4001300
2010-10-19,18.572634172841628,18.58563596455678,18.384113152648343,18.436119079589844,5782300
2010-10-20,18.54663260542817,18.663645016003695,18.488125780180827,18.5986385345459,4201000
2010-10-21,18.624636847536724,18.767654051591425,18.579131824398914,18.66364097595215,6328400
2010-10-22,18.71565240161106,18.7351538503064,18.663645231972367,18.728652954101562,4073800
2010-10-25,18.780655558139593,18.852164163810873,18.748152322790258,18.774154663085938,5217900
2010-10-26,18.670143127441406,18.68964581292137,18.592134865359487,18.670143127441406,3878600
2010-10-27,18.5986354160959,18.611635966256152,18.449117310023002,18.5726318359375,8714300
2010-10-28,18.65064178978485,18.683145025853868,18.55313084165881,18.63763999938965,6699200
2010-10-29,18.598628730042947,18.702640533447266,18.598628730042947,18.702640533447266,6420600
2010-11-01,18.774150623367554,18.787152410677216,18.56612698608771,18.6246337890625,7641400
2010-11-02,18.715649844862313,18.76115487216055,18.709148949545565,18.735151290893555,3161300
2010-11-03,18.78715831450735,18.8001601059028,18.637641433216892,18.793659210205078,8907700
2010-11-04,18.94316401843704,19.02767436872736,18.891158125919258,19.02117347717285,9502100
2010-11-05,18.975677640044864,19.001679978901798,18.865164910085397,18.92367172241211,6005300
2010-11-08,18.87816423189337,18.8976656735073,18.806655639525694,18.891164779663086,8569600
2010-11-09,18.897671061530534,18.897671061530534,18.74165328454235,18.793659210205078,6868900
2010-11-10,18.793658108825287,18.793658108825287,18.637640340980337,18.735151290893555,8337200
2010-11-11,18.631141294575183,18.754655838012695,18.624640398613302,18.754655838012695,6433600
2010-11-12,18.65714132114865,18.715648133731232,18.59863450856607,18.66364097595215,8355900
2010-11-15,18.709148498401333,18.76765531492226,18.6571425770404,18.670143127441406,4375700
2010-11-16,18.631141540987965,18.676646573403858,18.40361513898936,18.462121963500977,6359000
2010-11-17,18.494620060812707,18.54012507752375,18.43611325649316,18.468616485595703,9451600
2010-11-18,18.592134127820955,18.754652780616738,18.585633232918855,18.715648651123047,5221500
2010-11-19,18.709151505406222,18.741654746511234,18.624641094662515,18.728652954101562,3591300
2010-11-22,18.65064467948186,18.7351538503064,18.566134268738157,18.728652954101562,4960900
2010-11-23,18.611631674599703,18.611631674599703,18.4686157364634,18.507619857788086,5971800
2010-11-24,18.6051335616887,18.66363912856131,18.57912998537308,18.650638580322266,4284000
2010-11-26,18.572633248423493,18.611637381708483,18.507625533002475,18.527128219604492,2125500
2010-11-29,18.44261155895019,18.540122472475396,18.345099405506446,18.494617462158203,4896900
2010-11-30,18.384104327905995,18.50111667741675,18.35810075695793,18.410106658935547,9234200
2010-12-01,18.553130643661966,18.74165164270457,18.553130643661966,18.709148406982422,6465600
2010-12-02,18.689643755611943,18.73514877680381,18.657140523308847,18.72214698791504,9095500
2010-12-03,18.65064467948186,18.761157435125746,18.65064467948186,18.728652954101562,5143900
2010-12-06,18.696143496460554,18.741648514844655,18.683141708374023,18.683141708374023,4836500
2010-12-07,18.78716468811035,18.852172427222605,18.761162336417147,18.78716468811035,8562400
2010-12-08,18.806657642585893,18.86516445349658,18.767653515285055,18.85866355895996,4773600
2010-12-09,18.92367302441333,18.943174469918063,18.858665312919953,18.91067123413086,3764700
2010-12-10,18.943180084228516,19.008187814988645,18.917177735876066,18.943180084228516,3169500
2010-12-13,19.01468871205659,19.01468871205659,18.92367863294401,18.943180084228516,6420400
2010-12-14,18.975672889819435,19.07318380598085,18.969171996752866,19.0341796875,4649200
2010-12-15,19.008184924029617,19.099194989300457,19.001684027950393,19.05368995666504,4278400
2010-12-16,19.08618319417902,19.22919910391974,19.001672834849824,19.222698211669922,7167000
2010-12-17,19.22007651152165,19.272536582574634,19.174174105693634,19.252864837646484,8089800
2010-12-20,19.30532934183693,19.30532934183693,19.200409175637848,19.233196258544922,5229100
2010-12-21,19.292212255666048,19.31188525407121,19.16761910059386,19.187292098999023,3154200
2010-12-22,19.193853446272755,19.27254295349121,19.18073811148729,19.27254295349121,2306300
2010-12-23,19.226636525930797,19.29221193544597,19.213521193878382,19.279096603393555,2979100
2010-12-27,19.239752177332537,19.239752177332537,19.187292098999023,19.187292098999023,1507700
2010-12-28,19.220080723158745,19.246311389806458,19.167620640610345,19.23975372314453,1965800
2010-12-29,19.25943224687547,19.27910400175623,19.220086235619178,19.24631690979004,2494600
2010-12-30,19.213525772094727,19.23319877486105,19.180738684898056,19.213525772094727,3825000
2010-12-31,19.206972964496945,19.259433064317886,19.16762695157066,19.2200870513916,3625100
2011-01-03,19.298777007384377,19.305334675927092,19.213528567076462,19.24631690979004,5257200
2011-01-04,19.233198131765786,19.2463134665048,19.128277955347983,19.1938533782959,5187300
2011-01-05,19.154505269005117,19.259426684639255,19.1413911864545,19.200408935546875,4492000
2011-01-06,19.20040396627446,19.213518045431016,19.08236849863856,19.134828567504883,5437600
2011-01-07,19.12828290805148,19.134840577118904,18.984017940810645,19.03647804260254,5449800
2011-01-10,19.0036886342962,19.069264070554986,18.970901541540517,19.049591064453125,4478600
2011-01-11,19.102052231781794,19.108609900849217,18.997132028198003,19.03647804260254,3442100
2011-01-12,19.128277955347983,19.226640464396276,19.07581786713908,19.1938533782959,4488000
2011-01-13,19.16106317525291,19.259426925468212,19.16106317525291,19.233196258544922,4779000
2011-01-14,19.20696684236867,19.252869258737388,19.187293842176203,19.233196258544922,4092500
2011-01-18,19.24631690979004,19.318448762265138,19.226643904161893,19.24631690979004,3321500
2011-01-19,19.259418831805448,19.285648236958938,19.154497458951944,19.206958770751953,5164100
2011-01-20,19.200410105210548,19.351232695080306,19.200410105210548,19.305330276489258,15486400
2011-01-21,19.364348268004044,19.403693020032037,19.285657513200942,19.338117599487305,4508200
2011-01-24,19.32500696346699,19.390582399954226,19.29221987059708,19.37091064453125,4953300
2011-01-25,19.357791966223942,19.456154478605214,19.331561295857092,19.436481475830078,9109700
2011-01-26,19.475822107190957,19.488936188008456,19.364344290387624,19.384016036987305,6028600
2011-01-27,19.279096923395937,19.305327587936155,19.14138968680057,19.187292098999023,15259800
2011-01-28,19.20696315287801,19.252865560429278,18.96433453343258,19.003679275512695,9732300
2011-01-31,18.990564704638654,19.023353033306716,18.88564455439455,18.9381046295166,6825400
2011-02-01,19.016799354924075,19.128277194275928,19.010241687815483,19.075817108154297,11645900
2011-02-02,19.016794606454997,19.056139348535112,18.944661537019126,19.003679275512695,8204900
2011-02-03,18.957782039076633,19.121719968332396,18.957782039076633,19.102046966552734,3302700
2011-02-04,19.121720927346285,19.22664110727228,19.06926083738329,19.213525772094727,4630900
2011-02-07,19.213523056496815,19.285656139031,19.193851307258058,19.23975372314453,5262200
2011-02-08,19.2463110638717,19.344673560640814,19.21352273111733,19.331558227539062,3620200
2011-02-09,19.30532780540373,19.384017298416943,19.298770139194808,19.36434555053711,2587200
2011-02-10,19.325004343062762,19.370908017902643,19.206970074287682,19.292217254638672,5789200
2011-02-11,19.1872944419265,19.410250114755392,19.1610637741833,19.39713478088379,6764600
2011-02-14,19.344676735826457,19.39057915846988,19.272543642674098,19.3118896484375,5829000
2011-02-15,19.25942785789821,19.32500202688708,19.226639522656676,19.305330276489258,5229700
2011-02-16,19.311885672743898,19.37090341849194,19.292212673912235,19.3577880859375,4122200
2011-02-17,19.298768172885737,19.488935470581055,19.298768172885737,19.488935470581055,6706400
2011-02-18,19.52172344186157,19.55451051822003,19.42991737671366,19.54139518737793,5524400
2011-02-22,19.390584535986235,19.52173542340806,19.344682100612868,19.40369987487793,16824200
2011-02-23,19.4036904991311,19.45615057860192,19.338115087105834,19.3577880859375,7403100
2011-02-24,19.324999014830105,19.410247422423904,19.193849446546665,19.279096603393555,7415600
2011-02-25,19.311890118061058,19.377464294433594,19.279101779127547,19.377464294433594,4049200
2011-02-28,19.41680365112612,19.52172379828495,19.37745765788145,19.488935470581055,5388400
2011-03-01,19.567630946020312,19.600418030919123,19.325002265228935,19.338117599487305,6715400
2011-03-02,19.344677550422166,19.370908222035663,19.246315033366084,19.285659790039062,4991200
2011-03-03,19.384013625630057,19.528279753397687,19.35778421651112,19.482376098632812,9047000
2011-03-04,19.469267866430513,19.528285618105635,19.292214611405146,19.39713478088379,14030900
2011-03-07,19.46926631710948,19.46926631710948,19.292213076173613,19.34467315673828,14737500
2011-03-08,19.351231232104286,19.54139855913991,19.351231232104286,19.515169143676758,5786400
2011-03-09,19.48238218123805,19.646320104341356,19.469268097957578,19.61353302001953,14802600
2011-03-10,19.482376098632812,19.606969231501207,19.456146689513872,19.482376098632812,8262700
2011-03-11,19.40369001841651,19.54795492070045,19.38401702007223,19.495494842529297,7341500
2011-03-14,19.397132832853877,19.4495929123247,19.27909734135779,19.3577880859375,5810700
2011-03-15,19.062698943926836,19.252867509602645,19.023354197863434,19.187292098999023,12900900
2011-03-16,19.115157401076463,19.121715066655355,18.833184034918308,18.911874771118164,12979600
2011-03-17,19.088927675890872,19.128272417970987,18.944661537019126,19.003679275512695,7932800
2011-03-18,19.138222956252683,19.223955309237926,19.059084335303012,19.15800666809082,7203500
2011-03-21,19.270115894787086,19.42839185347459,19.256927174962257,19.395418167114258,5906100
2011-03-22,19.355849557787234,19.42179818859786,19.336064591184392,19.36903953552246,5466800
2011-03-23,19.322875167869984,19.434987466105177,19.283306491394487,19.402013778686523,5380700
2011-03-24,19.481153889911013,19.613049907609607,19.461368921216685,19.580076217651367,5221000
2011-03-25,19.593264938915276,19.632834876303935,19.566886238521814,19.580076217651367,4569200
2011-03-28,19.59985548579606,19.69877904897913,19.573476791381836,19.573476791381836,6117000
2011-03-29,19.573476592989746,19.672398897304806,19.547096640977546,19.665803909301758,3786100
2011-03-30,19.72516049265671,19.810894091649413,19.72516049265671,19.771324157714844,10207700
2011-03-31,19.74494046292155,19.79769910361755,19.73175048828125,19.73175048828125,4585100
2011-04-01,19.758137215009203,19.876844519317828,19.758137215009203,19.83068084716797,5194200
2011-04-04,19.876841876332335,19.883436865457636,19.824083221195465,19.87024688720703,2603500
2011-04-05,19.85705622269393,19.962573522636877,19.85046123421432,19.890029907226562,4440800
2011-04-06,19.95597832936417,20.015331967206155,19.929598375716434,19.982357025146484,6281100
2011-04-07,19.98235570483357,20.00873565673828,19.896623376873944,20.00873565673828,4327400
2011-04-08,20.068097729132944,20.068097729132944,19.89003675249896,19.949390411376953,7281700
2011-04-11,19.955984504036593,20.134045472657203,19.955984504036593,20.054906845092773,6793100
2011-04-12,19.95597866985983,20.153823294131854,19.95597866985983,20.120849609375,9857400
2011-04-13,20.101063983631576,20.173607597152678,20.08787400701585,20.1340389251709,5309100
2011-04-14,20.054900059511045,20.29231460400924,20.054900059511045,20.252744674682617,6516300
2011-04-15,20.259339488273202,20.37804675949907,20.226365805317293,20.338478088378906,8840800
2011-04-18,20.1867973715055,20.27252970291792,20.140633711678394,20.22636604309082,10006400
2011-04-19,20.213173441911742,20.272527070515306,20.153819813308182,20.265932083129883,7268600
2011-04-20,20.391243024183026,20.43740669770364,20.358269331058523,20.371458053588867,6796700
2011-04-21,20.430810418201784,20.457190377329265,20.3516730565507,20.3780517578125,5639600
2011-04-25,20.351670635921494,20.364859356050882,20.25274705882509,20.32529067993164,6384000
2011-04-26,20.33188220769845,20.490158143096586,20.31869223194894,20.46377944946289,6700000
2011-04-27,20.50335100196905,20.622058284676264,20.490161024364806,20.595678329467773,7150800
2011-04-28,20.582486172224097,20.740763370982847,20.516538806917545,20.72757339477539,5723200
2011-04-29,20.760540603296967,20.819894219855854,20.727566930926464,20.78692054748535,16050400
2011-05-02,20.839686762260616,20.892445411973053,20.77373813565371,20.81330680847168,7724700
2011-05-03,20.76714556386338,20.885852853996603,20.760550574648693,20.86606788635254,10287600
2011-05-04,20.852883050344463,20.912235448601894,20.806718117241868,20.839693069458008,11416400
2011-05-05,20.819902733187604,20.84628268816284,20.62865309107907,20.681411743164062,17000000
2011-05-06,20.899041862817583,20.912230582769492,20.681412260292095,20.73417091369629,10133100
2011-05-09,20.701193900634596,20.833091149898316,20.701193900634596,20.806711196899414,5193200
2011-05-10,20.839690938994448,20.951803249336344,20.833095949225434,20.932018280029297,7614800
2011-05-11,20.932019014778938,21.004562646918828,20.83309668050273,20.8924503326416,7044700
2011-05-12,20.89903895658083,21.215589575120696,20.89903895658083,21.202402114868164,10342400
2011-05-13,21.149645434637637,21.27494645198101,21.116671747518968,21.176025390625,6644100
2011-05-16,21.149647312151426,21.255164629736882,21.103483642940997,21.182621002197266,11341900
2011-05-17,21.156235846401596,21.281536829185722,21.116665923334327,21.228776931762695,13613600
2011-05-18,21.228782601759093,21.28813624434758,21.143051519144322,21.26175880432129,10312100
2011-05-19,21.314511472751306,21.387055077128984,21.2485641137155,21.38045883178711,11084300
2011-05-20,21.340897932807376,21.406845311960765,21.26176057467706,21.314517974853516,12311500
2011-05-23,21.143050433032812,21.22878151124361,21.123264209365697,21.1694278717041,7600000
2011-05-24,21.208998493154624,21.208998493154624,21.129861143104886,21.14964485168457,7352200
2011-05-25,21.050715206659717,21.07709389487107,20.925412978526875,21.011146545410156,23021800
2011-05-26,20.99137547082908,21.08370282743735,20.892453123339376,21.04413414001465,8423200
2011-05-27,21.103487590447255,21.202411194820183,21.096892599631335,21.129867553710938,4347200
2011-05-31,21.24197057276999,21.321110432565142,21.182616935789035,21.307920455932617,7570100
2011-06-01,21.281542885921706,21.314516573330238,21.070508267629812,21.09029197692871,14211100
2011-06-02,21.05732527669567,21.090298975045428,20.773746942570284,20.846290588378906,11745700
2011-06-03,20.648433685302734,20.753950973558876,20.608865016673004,20.648433685302734,9226700
2011-06-06,20.59567972240386,20.635249657892807,20.536326077036023,20.54292106628418,6439100
2011-06-07,20.575890376714288,20.635244005824955,20.49675178527832,20.49675178527832,13196900
2011-06-08,20.470374339229288,20.542916689773268,20.41761443648412,20.50994300842285,8355300
2011-06-09,20.562705225374522,20.720981187509164,20.503351582340837,20.622058868408203,5887500
2011-06-10,20.52973145449039,20.589085100918403,20.371455483304217,20.384645462036133,10787000
2011-06-13,20.364860277656653,20.562706182937383,20.358266546226325,20.476972579956055,10001000
2011-06-14,20.622056795756556,20.760547777005545,20.569298147014266,20.694599151611328,10591800
2011-06-15,20.562706401320177,20.608870069016277,20.3121018368762,20.384645462036133,24775100
2011-06-16,20.39783001434195,20.589079623614253,20.384640039118956,20.549510955810547,10211000
2011-06-17,20.70026925327078,20.79324407052849,20.660423083972745,20.68034553527832,13061200
2011-06-20,20.66705698220955,20.872930261589694,20.627209560378738,20.833084106445312,8469200
2011-06-21,20.886225679343497,20.89950689483143,20.779968355316726,20.813173294067383,12758400
2011-06-22,20.760039140561275,20.779962858553734,20.667064323303563,20.68034553527832,9302800
2011-06-23,20.554158446263415,20.554158446263415,20.308437745540193,20.494388580322266,18618400
2011-06-24,20.507677539541348,20.527601257948458,20.301804182748853,20.328369140625,8765000
2011-06-27,20.36821420355409,20.481112735016826,20.341649247121993,20.421342849731445,5039000
2011-06-28,20.47446983981258,20.494393555525107,20.414699959361744,20.4611873626709,19095900
2011-06-29,20.527597982945995,20.613932815582576,20.527597982945995,20.580726623535156,9806900
2011-06-30,20.5807320628416,20.75340050706281,20.5807320628416,20.7401180267334,10175700
2011-07-01,20.700264015723526,20.92606102909307,20.667059094157768,20.89949607849121,8450300
2011-07-05,20.886216626378076,20.96590895151254,20.85301043533316,20.89285659790039,7251600
2011-07-06,20.892857855200393,21.05224504843433,20.866294167452565,21.005756378173828,8706200
2011-07-07,21.185056565589747,21.198339036879023,21.112005506871085,21.151851654052734,7479900
2011-07-08,21.01239861560266,21.07880973815918,20.965911209819136,21.07880973815918,5743600
2011-07-11,20.95262531492743,20.972549028451187,20.86629175636436,20.926061630249023,8308600
2011-07-12,20.879575280075564,21.012396243507606,20.833087879540013,20.859651565551758,5628600
2011-07-13,20.959267604797457,20.96590884297206,20.80652292684161,20.859651565551758,5897100
2011-07-14,20.81980841017742,20.91942446381058,20.720192356544263,20.766679763793945,6827100
2011-07-15,20.83308586338638,20.839725834231725,20.68033993352609,20.826444625854492,10520300
2011-07-18,20.746756959879974,20.773321917584802,20.580729774285526,20.693628311157227,5921500
2011-07-19,20.773317514587,21.019036987840778,20.746752562512736,20.979190826416016,8400700
2011-07-20,21.032321269696638,21.032321269696638,20.85301162785987,20.945987701416016,3812600
2011-07-21,21.032320685217183,21.158501681523955,20.985833283074346,21.118654251098633,6894500
2011-07-22,21.131938382867038,21.145220860715703,21.032322332375657,21.07880973815918,8006300
2011-07-25,20.912776984534307,20.979188089369018,20.85964835400383,20.886213302612305,5910100
2011-07-26,20.8862127355333,20.919417653705878,20.813160395529906,20.833084106445312,5398600
2011-07-27,20.793234091170547,20.80651656345749,20.57407836518108,20.607284545898438,7625400
2011-07-28,20.640489459929523,20.766670413282935,20.57407836518108,20.607284545898438,6844200
2011-07-29,20.44790835543962,20.653781706571234,20.43462587686677,20.474472045898438,12659700
2011-08-01,20.66706124548896,20.66706124548896,20.21546717174133,20.401416778564453,11186600
2011-08-02,20.222109448617076,20.328366734169187,20.11585216306496,20.135774612426758,12283100
2011-08-03,20.115853307813374,20.215469360351562,19.976389820910445,20.215469360351562,13508500
2011-08-04,20.05608006245192,20.149054860350905,19.5579986165303,19.584562301635742,18917200
2011-08-05,19.77714988870637,20.009586830409177,19.405248248609215,19.863483428955078,24268500
2011-08-08,19.558003378168852,19.790440429505995,19.059921810983095,19.11305046081543,25886700
2011-08-09,19.292355897080224,19.577922821044922,18.641529719994512,19.577922821044922,28746500
2011-08-10,19.32555592588285,19.352119604900178,18.800909648412553,18.82747459411621,22101900
2011-08-11,18.927093053716074,19.624406501652068,18.893888133980642,19.38532829284668,20124800
2011-08-12,19.58456685856379,19.710747875562596,19.398615952812232,19.617773056030273,12733300
2011-08-15,19.7572319774011,19.903335421730972,19.61112853307123,19.89669418334961,23864000
2011-08-16,19.810359763053874,20.029515553436624,19.770513601171547,19.94318199157715,13192800
2011-08-17,20.022871582801578,20.18889871245447,19.943179269912616,20.076000213623047,12507900
2011-08-18,19.750596903357106,19.88341917906597,19.478312378172323,19.717391967773438,17609500
2011-08-19,19.53143012617209,19.963100381093213,19.53143012617209,19.624404907226562,14881200
2011-08-22,19.876773341949587,19.92990198660929,19.62441132980089,19.684181213378906,8849500
2011-08-23,19.724027550797565,20.09592804274847,19.67089890909029,20.08928680419922,12722300
2011-08-24,20.042801952232256,20.188905418852666,19.9763908249732,20.175622940063477,12641800
2011-08-25,20.195537804446026,20.21546151389518,19.810354955233407,19.87012481689453,13771600
2011-08-26,19.83028806095042,20.10257255234153,19.491592439947272,20.036161422729492,9421300
2011-08-29,20.162336498190253,20.414697196292277,20.155695260518286,20.394773483276367,13124600
2011-08-30,20.341647941917063,20.554163779677427,20.24203189506216,20.447906494140625,10714600
2011-08-31,20.560802051732246,20.64713688077207,20.414698612870474,20.514314651489258,8987800
2011-09-01,20.52095360685925,20.680339504256455,20.414696341927783,20.441261291503906,11725100
2011-09-02,20.208827270650076,20.32172579655766,20.129133671961934,20.149057388305664,10867700
2011-09-06,19.737306444662945,20.109208159650883,19.677536571421548,20.069360733032227,11784300
2011-09-07,20.261955166974413,20.427982330322266,20.228748974292802,20.427982330322266,8986300
2011-09-08,20.348288180733032,20.580726456430863,20.308442017286364,20.374853134155273,6404100
2011-09-09,20.215467899227953,20.215467899227953,19.83028492835001,19.923259735107422,12023400
2011-09-12,19.6443326107431,19.976386915364646,19.631050134553444,19.94318199157715,10435500
2011-09-13,19.95646166529811,20.056078962367682,19.803717000931712,20.016231536865234,8857000
2011-09-14,20.049440545972473,20.441264751741567,19.949824501572323,20.255313873291016,12343400
2011-09-15,20.354925137564102,20.501029817280884,20.268591590474905,20.494388580322266,9792100
2011-09-16,20.5873676638294,20.68100700246186,20.527170581639876,20.627498626708984,12832500
2011-09-19,20.393395229368586,20.50710066626299,20.319820747925128,20.45359230041504,6738300
2011-09-20,20.493722915649414,20.714445080575505,20.440214550689756,20.493722915649414,7135800
2011-09-21,20.54054753586716,20.56730236267805,20.072349548339844,20.072349548339844,12112100
2011-09-22,19.6108359745268,19.784738494820523,19.510507940902773,19.691099166870117,19977700
2011-09-23,19.59077079262105,19.784738150822967,19.557327264834417,19.731229782104492,13093900
2011-09-26,19.831557104223872,20.112476348876953,19.751295191888758,20.112476348876953,12087800
2011-09-27,20.366643574180213,20.433528080891456,20.125855267651126,20.232872009277344,15290000
2011-09-28,20.273001770951687,20.30644529807203,19.824868713459974,19.85162353515625,12298000
2011-09-29,20.099099723263468,20.22618257778772,19.811493037799313,20.045591354370117,8661200
2011-09-30,19.9118179586314,20.12585140076041,19.818177370894997,19.83824348449707,14873200
2011-10-03,19.717853931144543,19.95195354121331,19.550640106201172,19.550640106201172,17137600
2011-10-04,19.36335652347587,19.74460374345118,19.196142740978633,19.7379150390625,15177200
2011-10-05,19.704470450486685,19.784733623066156,19.624208553647062,19.764667510986328,9942200
2011-10-06,19.804796753475983,20.012141444125152,19.691091353621992,19.998764038085938,9943700
2011-10-07,20.092411508663226,20.252936609073544,19.99208220463419,20.112476348876953,10812600
2011-10-10,20.27299836635569,20.426836013793945,20.266309662054905,20.426836013793945,5672200
2011-10-11,20.353263150153573,20.433525056623967,20.29975478725998,20.38670539855957,5435700
2011-10-12,20.473658468303036,20.667625816594747,20.466969763087448,20.547231674194336,7715400
2011-10-13,20.513792483544307,20.55392344508339,20.366644774074146,20.487037658691406,4139700
2011-10-14,20.640869507960208,20.6810004581407,20.533852790318953,20.647558212280273,4205100
2011-10-17,20.573984922916107,20.687690351412243,20.42683724663757,20.507099151611328,5765900
2011-10-18,20.48703385356724,20.821461447672576,20.333197466456394,20.66093635559082,14981300
2011-10-19,20.674309173290755,20.781325877574375,20.560603765521936,20.60073471069336,7398600
2011-10-20,20.647558713442816,20.801395089318582,20.587361648841007,20.71444320678711,6276700
2011-10-21,20.921790428721554,21.048871994018555,20.848215950899068,21.048871994018555,13734900
2011-10-24,21.05556408591219,21.05556408591219,20.85490801051492,20.9017276763916,9755200
2011-10-25,20.85491037991634,20.881663930996776,20.634188161606208,20.654253005981445,13392900
2011-10-26,20.854908355101436,20.881661903584355,20.573989079459484,20.861597061157227,5286200
2011-10-27,21.115757722125714,21.189332199791938,20.915101679432386,21.129135131835938,21683000
2011-10-28,21.035499228086877,21.122449853829952,20.96192473848413,21.07563018798828,11994500
2011-10-31,20.941854724856725,21.022117905468413,20.76126480102539,20.76126480102539,8271600
2011-11-01,20.4201477478546,20.600737664892936,20.373326816743994,20.400081634521484,18721200
2011-11-02,20.59405517578125,20.627497430284482,20.466972312336537,20.59405517578125,4854400
2011-11-03,20.754583385393904,20.86160014663407,20.660942762503442,20.848222732543945,5172100
2011-11-04,20.68769230117717,20.767954213715413,20.59405297796918,20.72782325744629,4886300
2011-11-07,20.734513854980467,20.9017276763916,20.62080840539129,20.9017276763916,4930100
2011-11-08,20.941856023668798,21.122447234440358,20.83483929337603,21.10906982421875,5827200
2011-11-09,20.848218168415837,20.848218168415837,20.53385666056097,20.614118576049805,6187700
2011-11-10,20.794705539590062,20.86828001016611,20.614114353125153,20.81477165222168,4501200
2011-11-11,20.935163134523766,21.08231206607265,20.935163134523766,21.055557250976562,3135400
2011-11-14,20.98867491365372,20.98867491365372,20.82814982410406,20.874969482421875,2725900
2011-11-15,20.861592501242175,21.035494993460468,20.828148978273298,20.975297927856445,6358400
2011-11-16,20.828148223317292,21.068936477005558,20.761263731283808,20.78801727294922,7333200
2011-11-17,20.70106707356221,20.888345696110125,20.58067294435859,20.71444320678711,6726800
2011-11-18,20.76795614572746,20.83484192955835,20.681005519765456,20.77464485168457,8138700
2011-11-21,20.560610213463526,20.620807287968727,20.366642854522436,20.440216064453125,21788100
2011-11-22,20.393393693513982,20.614115845481397,20.393393693513982,20.46027946472168,5769000
2011-11-23,20.31982108582054,20.380018157868,20.19273951215598,20.239559173583984,5091300
2011-11-25,20.25962487410551,20.446903515977525,20.219492643070016,20.313133239746094,3223600
2011-11-28,20.58067171205424,20.66093360955754,20.520474651056837,20.634180068969727,6760300
2011-11-29,20.69438629772876,20.915108527254155,20.674320176593568,20.848222732543945,4812400
2011-11-30,21.16926539828006,21.356545300925905,21.14920056010584,21.33647918701172,7078000
2011-12-01,21.37660510359446,21.47024439498959,21.242834869564234,21.30303192138672,11693700
2011-12-02,21.410053509006037,21.43680832896095,21.229463577270508,21.229463577270508,5688600
2011-12-05,21.4635650471302,21.4635650471302,21.229465454781334,21.356548309326172,7178500
2011-12-06,21.336479217108852,21.476939463226362,21.289659560316338,21.383298873901367,5993000
2011-12-07,21.356553327498638,21.510389764771524,21.249536564548766,21.43681526184082,5951300
2011-12-08,21.356542917408476,21.37660775334334,21.155885627881055,21.189329147338867,5215300
2011-12-09,21.289656598788927,21.443494232801633,21.24952565222638,21.410049438476562,3885100
2011-12-12,21.262912101936347,21.34986273575516,21.09569826511989,21.21609115600586,5890500
2011-12-13,21.336477616142453,21.39667467771312,20.981985226603936,21.16926383972168,6460700
2011-12-14,21.12245103310942,21.242845195275525,21.035500402511836,21.062253952026367,5653200
2011-12-15,21.142511096074912,21.323101011856334,21.13582239167709,21.276281356811523,7244100
2011-12-16,21.44838677075088,21.44838677075088,21.212170805065657,21.25266456604004,9366600
2011-12-19,21.279657999464586,21.441634305779967,21.124429579548245,21.16492462158203,4628900
2011-12-20,21.387638189769905,21.63735241968702,21.34714315533599,21.603605270385742,6064300
2011-12-21,21.5023778504743,21.866825543595134,21.5023778504743,21.833078384399414,8074800
2011-12-22,21.89381744002224,21.89381744002224,21.752088654182195,21.82632827758789,4135700
2011-12-23,21.83307479387849,22.00855072447024,21.812828561328043,21.98155403137207,5227700
2011-12-27,21.988310084558876,22.08279595988822,21.968061272311864,22.02205467224121,3918400
2011-12-28,22.04904272087755,22.04904272087755,21.880317254420103,21.914064407348633,3647100
2011-12-29,21.92081295086758,22.055793842992454,21.92081295086758,22.028797149658203,2933300
2011-12-30,21.974803726723263,22.00854830210871,21.907312001406286,21.927560806274414,2935100
2012-01-03,22.062545264964633,22.123286547428368,21.900570228092533,21.907318115234375,20757900
2012-01-04,21.866823550642223,21.900568132215668,21.79258392645272,21.86007308959961,6855200
2012-01-05,21.81958637771899,21.866829319294204,21.71159956892168,21.846580505371094,4563000
2012-01-06,21.880320715890726,21.880320715890726,21.66435229062265,21.70484733581543,6365900
2012-01-09,21.75883904878427,21.765586935188516,21.67784896465427,21.738590240478516,3304900
2012-01-10,21.89381173800575,21.89381173800575,21.7925780207195,21.812824249267578,5053600
2012-01-11,21.718351364135742,21.785840549227206,21.664357956424666,21.718351364135742,5384000
2012-01-12,21.772336816668506,21.81283186244421,21.650856828434883,21.71159553527832,4733100
2012-01-13,21.657604445754856,21.71834572638863,21.556369407123025,21.691349029541016,5589000
2012-01-17,21.873575203887828,21.88032309154592,21.7723388671875,21.7723388671875,6746500
2012-01-18,21.76559049457258,21.83983012989243,21.718347558377573,21.819583892822266,5147100
2012-01-19,21.83982685556485,21.90731601871174,21.74534099734059,21.86007308959961,5962200
2012-01-20,21.8263376735332,21.900577328898066,21.758848482045657,21.866832733154297,11017800
2012-01-23,21.806088026619328,21.866829319294204,21.738596271121008,21.846580505371094,21798800
2012-01-24,21.73858837305091,21.779083411637234,21.70484379483545,21.72509002685547,5885300
2012-01-25,21.65760112889637,22.00179995007593,21.644102782539832,21.97480583190918,7762100
2012-01-26,22.035553104378035,22.076045579929,21.833080428435128,21.893821716308594,6762500
2012-01-27,21.799333073368576,21.86682481496433,21.664352164723773,21.745342254638672,5682200
2012-01-30,21.650850764498326,21.677844879574913,21.52261777606393,21.603605270385742,9643100
2012-01-31,21.704847275774352,21.711595162681128,21.488878851103696,21.617109298706055,5873600
2012-02-01,21.70484969241861,21.873575203887828,21.70484969241861,21.7723388671875,9539000
2012-02-02,21.80608386492646,21.873573032997243,21.779087167879453,21.85332679748535,5452400
2012-02-03,21.920818328857422,22.035553016403473,21.87357539120523,21.920818328857422,6662400
2012-02-06,21.873573530431585,21.954561048867635,21.846576832770637,21.907318115234375,7380000
2012-02-07,21.853321195698776,21.988302071786656,21.84657073589404,21.927560806274414,11209400
2012-02-08,21.98830429880808,21.98830429880808,21.853323409049057,21.934310913085938,4694700
2012-02-09,21.954566942817006,22.08280000385871,21.907323996500846,22.055803298950195,5976200
2012-02-10,21.947813176114607,22.008554458618164,21.92081647843596,22.008554458618164,4576400
2012-02-13,22.07604590207978,22.130039302998345,22.055799664008852,22.103042602539062,5427400
2012-02-14,22.01530064832781,22.17052778619142,22.01530064832781,22.157032012939453,4678700
2012-02-15,22.217767245333683,22.27176062809305,22.089536823099472,22.150278091430664,5330400
2012-02-16,22.16377702067863,22.319004138379555,22.150278674633384,22.292007446289062,4185900
2012-02-17,22.33925379575587,22.40674553633152,22.265016742942638,22.312259674072266,3526000
2012-02-21,22.31900954408711,22.31900954408711,22.150284039475295,22.18402862548828,5558000
2012-02-22,22.184026572600292,22.190777033906336,22.069294475863956,22.1232852935791,3682400
2012-02-23,22.076042341156093,22.27176452609479,22.069294454403256,22.238019943237305,4280000
2012-02-24,22.271764629726874,22.325758022187397,22.251518394827507,22.312259674072266,4660400
2012-02-27,22.23802004671238,22.352752143871,22.170528306136728,22.312259674072266,5540300
2012-02-28,22.31900452600923,22.39324414327432,22.278509487170194,22.386493682861328,4875800
2012-02-29,22.366247331024216,22.507976104382948,22.359499445193638,22.42698860168457,12843400
2012-03-01,22.440488625005145,22.47423320577255,22.184025176989213,22.393245697021484,7825200
2012-03-02,22.372999735164765,22.46073513131616,22.359501387784583,22.41349220275879,4036500
2012-03-05,22.399995778184167,22.548475037565023,22.3932478911881,22.51473045349121,6070600
2012-03-06,22.37975071012057,22.453990343683813,22.31900942580036,22.325759887695312,9765800
2012-03-07,22.373001140586513,22.38649691426795,22.25826646792087,22.3595027923584,7278800
2012-03-08,22.433742936804716,22.541727150568956,22.433742936804716,22.51473045349121,5795400
2012-03-09,22.52147844132961,22.602468532925485,22.48098597007842,22.588970184326172,5234200
2012-03-12,22.53496961674932,22.703695058713055,22.53496961674932,22.669950485229492,7409600
2012-03-13,22.737447750886936,22.83868408203125,22.69695527806669,22.83868408203125,5126200
2012-03-14,22.811686930022596,22.838683627730312,22.723948949745907,22.771194458007812,5727500
2012-03-15,22.750940478667363,22.825180093223693,22.696949670064896,22.811681747436523,5293400
2012-03-16,22.857821504422084,22.857821504422084,22.762835419834506,22.7967586517334,5354200
2012-03-19,22.78319240348267,22.837469059205855,22.722129548183585,22.81032943725586,4210100
2012-03-20,22.715342377540715,22.837468082918086,22.694988956036717,22.7967586517334,4792900
2012-03-21,22.769621808668226,22.878177704554385,22.756051998160366,22.830684661865234,4171100
2012-03-22,22.783187711702265,22.891743588970343,22.715338670799547,22.85103416442871,5471000
2012-03-23,22.87818217572469,22.912105414535727,22.796763296765533,22.905319213867188,3105900
2012-03-26,22.946021140210707,23.081716639201776,22.93245133149396,23.061363220214844,5562300
2012-03-27,23.135998049291764,23.156354060646105,23.041011956894536,23.04779815673828,3310600
2012-03-28,23.034235906635626,23.054589336494445,22.932463580986024,22.993526458740234,3537200
2012-03-29,22.918885335388214,23.0003042012329,22.82389924674622,22.98673439025879,5045100
2012-03-30,23.034224520609147,23.169920025007173,23.013868512634733,23.122426986694336,3775800
2012-04-02,23.12243796665627,23.353117069044192,23.12243796665627,23.30562400817871,9978900
2012-04-03,23.230989381020972,23.30561947058076,23.08850763798799,23.17671012878418,4460900
2012-04-04,23.068156150070752,23.203851703883124,23.054586335871775,23.102079391479492,5436200
2012-04-05,23.054586335871775,23.11564920567847,22.9867398530543,23.102079391479492,4562600
2012-04-09,22.905313742738088,22.94602317249387,22.864606901158904,22.891746520996094,2747700
2012-04-10,22.864603000268605,22.871386609982263,22.67462828199614,22.68819808959961,7105400
2012-04-11,22.810332425153884,22.89175130166883,22.73569974910376,22.80354881286621,14575600
2012-04-12,22.78319255012397,22.837469206196502,22.708559883369524,22.817115783691406,2666500
2012-04-13,22.78997616156673,22.939241495075624,22.78997616156673,22.817115783691406,5539400
2012-04-16,22.89174641755921,22.986732498383578,22.823897368272814,22.912099838256836,5805600
2012-04-17,23.054585438577835,23.203850800779716,23.007092384818566,23.14278793334961,5715900
2012-04-18,23.10886469326118,23.190280987108878,23.07493886499543,23.14278793334961,6363000
2012-04-19,23.176709293732795,23.176709293732795,22.979950893729384,23.068153381347656,6954000
2012-04-20,23.122429680063515,23.319185466774055,23.08850385887987,23.278478622436523,5243400
2012-04-23,23.068151522762157,23.081721334239127,22.864609526961402,22.918886184692383,5378200
2012-04-24,22.973167488812507,23.041013964098962,22.90531842534892,22.925674438476562,5679500
2012-04-25,23.000298224990352,23.122423903848265,22.973158610093897,23.074928283691406,5500500
2012-04-26,23.10206124455945,23.332742728384442,23.068138029797765,23.285249710083008,4135100
2012-04-27,23.28525646129155,23.31917968588876,23.237763429220227,23.251333236694336,4944100
2012-04-30,23.230971248222417,23.230971248222417,23.135982630950842,23.190261840820312,5605200
2012-05-01,23.190270397148904,23.346319300836985,23.12920755760347,23.251333236694336,5091000
2012-05-02,23.244552654496122,23.339541329763115,23.176706188910742,23.271692276000977,10755000
2012-05-03,23.30562400817871,23.366686884745427,23.244561131612,23.30562400817871,2322700
2012-05-04,23.28525952143079,23.319182750486174,23.122426986694336,23.122426986694336,4985200
2012-05-07,23.068152420231417,23.203847952103473,23.068152420231417,23.156354904174805,4204700
2012-05-08,23.054586335871775,23.13600263288823,23.000309667253276,23.102079391479492,8638300
2012-05-09,23.0003042012329,23.13599713462044,22.918885335388214,22.98673439025879,6840000
2012-05-10,23.09528999536311,23.217415704395986,23.09528999536311,23.149566650390625,3172100
2012-05-11,23.10207078570658,23.217412869343008,23.068147556934612,23.0885009765625,3289600
2012-05-14,22.966386826809973,23.07494276635326,22.898540335162078,22.993526458740234,6938000
2012-05-15,22.93924213094932,23.11564450329593,22.92567231951083,22.966379165649414,3297400
2012-05-16,23.007090480370984,23.12243259293681,22.986737055638176,23.041013717651367,4610600
2012-05-17,23.06136235667695,23.09528558311036,22.871387629932553,22.878173828125,5267000
2012-05-18,22.912098052068743,22.93923766966754,22.694986287631114,22.74247932434082,7303300
2012-05-21,22.810328652015087,22.84425188419638,22.67463313511321,22.830684661865234,4945000
2012-05-22,22.83068538451493,22.94602489521745,22.7831923403225,22.85782241821289,4275500
2012-05-23,22.810328462128297,22.86460770370788,22.63392610334803,22.7967586517334,6277500
2012-05-24,22.82389807175374,23.020656438483915,22.817114460704307,23.013870239257812,6473200
2012-05-25,23.020666090670495,23.08851258231839,22.946033396951155,22.993526458740234,2864500
2012-05-29,23.047798996312558,23.156354904174805,23.02065937230275,23.156354904174805,3345400
2012-05-30,23.047798034280362,23.081721268788147,22.91888611970314,22.966379165649414,3231600
2012-05-31,22.99351885372727,23.047798099635152,22.857823327134465,22.918886184692383,5125900
2012-06-01,22.70177580375521,22.74926885282012,22.477880370760214,22.498233795166016,14138900
2012-06-04,22.50500977179669,22.58642861815043,22.42359351361914,22.572858810424805,3855700
2012-06-05,22.52536763489848,22.572860671766307,22.43716517149691,22.54572105407715,4985100
2012-06-06,22.59999918352933,22.85781777443085,22.59999918352933,22.85103416442871,5551700
2012-06-07,23.02743923591351,23.02743923591351,22.884960115319615,22.932453155517578,4819500
2012-06-08,22.918887037028874,23.129215240478516,22.912103425126563,23.129215240478516,4117600
2012-06-11,23.230984764044045,23.230984764044045,22.99351696496875,23.02065658569336,5824500
2012-06-12,23.027442944704852,23.142785052460138,22.95959647297374,23.129215240478516,4685300
2012-06-13,23.081715607539188,23.23776451854241,23.04100618320851,23.095285415649414,5569400
2012-06-14,23.136002225184455,23.48880962360846,23.136002225184455,23.41417694091797,7900400
2012-06-15,23.51390569784799,23.541232188422477,23.41826558683486,23.452425003051758,6792300
2012-06-18,23.45926751940893,23.548077356950365,23.390953863453323,23.513917922973633,3234800
2012-06-19,23.548074557632088,23.595894632316107,23.4660950530321,23.49342155456543,14235400
2012-06-20,23.438772954628007,23.438772954628007,23.22016613759728,23.37045669555664,7006600
2012-06-21,23.384115082037045,23.425104828951476,23.08353142265938,23.09719467163086,7127800
2012-06-22,23.185999931650176,23.23381999603087,23.151843115092262,23.16550636291504,4075300
2012-06-25,23.07669934208861,23.097195519297173,22.96739595230364,23.022048950195312,5722100
2012-06-26,23.09036727751429,23.13818735737491,22.981063865547316,23.076704025268555,4592400
2012-06-27,23.15184409303636,23.254317153036673,23.076697529835887,23.213327407836914,3772500
2012-06-28,23.110854315182834,23.32946105262607,23.015211587303284,23.315797805786133,5746400
2012-06-29,23.568561776865558,23.75301170349121,23.486584900364573,23.75301170349121,8008000
2012-07-02,23.657372715883273,23.910136284063928,23.657372715883273,23.8896427154541,8832500
2012-07-03,23.90330511143747,24.005775556833264,23.834988875175657,23.998945236206055,2151900
2012-07-05,23.96478825780214,23.985281825542085,23.869145527687216,23.91013526916504,4472400
2012-07-06,23.794007188866026,23.903310585920313,23.76668068810282,23.882814407348633,3676700
2012-07-09,23.903304769137844,23.903304769137844,23.780338151625436,23.85548210144043,5359000
2012-07-10,23.944297731066577,23.985287482211387,23.828164011820764,23.882814407348633,5276700
2012-07-11,23.930628762689814,23.930628762689814,23.753011762165944,23.848651885986328,6852900
2012-07-12,23.807657328410812,23.944287165942054,23.766670201349616,23.869140625,6885100
2012-07-13,23.937461170912016,24.149234981643485,23.875977863216264,24.135574340820312,4999500
2012-07-16,24.07410044293371,24.121920522499785,23.992120929964248,24.012617111206055,3956200
2012-07-17,24.0740927423854,24.16973287092527,23.923799622681,24.115079879760742,6212300
2012-07-18,24.10825447403259,24.149241619764357,24.067264722302244,24.121917724609375,4904100
2012-07-19,24.169738523864908,24.183401774851667,23.985288544541618,24.087759017944336,5982800
2012-07-20,23.9716205781246,24.02627096532277,23.862317197730114,23.937463760375977,6919600
2012-07-23,23.773506286782887,23.79400246128222,23.664202911445877,23.732519149780273,6449600
2012-07-24,23.780340055702997,23.780340055702997,23.534406800986453,23.657373428344727,3924200
2012-07-25,23.718856636157735,23.746180526339074,23.61638357848384,23.664203643798828,5133400
2012-07-26,23.875979487818572,24.094586239834236,23.875979487818572,24.05359649658203,5811600
2012-07-27,24.115082069512148,24.4088354087004,24.06726200089995,24.326858520507812,6313800
2012-07-30,24.326858650918012,24.463488535970292,24.272205654497782,24.449825286865234,5766800
2012-07-31,24.470319728232344,24.470319728232344,24.340522766113285,24.34052276611328,5052000
2012-08-01,24.44982217831719,24.44982217831719,24.16973212226988,24.217552185058594,8705500
2012-08-02,24.087760981163054,24.183403745865533,23.923807167956554,24.019447326660156,6016100
2012-08-03,24.251706316754532,24.463482718524798,24.251706316754532,24.42249298095703,7232300
2012-08-06,24.518137839393717,24.55912758489163,24.388340887647598,24.40883445739746,4097300
2012-08-07,24.504472635490984,24.504472635490984,24.279035568237305,24.279035568237305,6347800
2012-08-08,24.306365080259578,24.47031885752367,24.265375332944405,24.449825286865234,4813500
2012-08-09,24.41566349112374,24.42932413144642,24.32002076688058,24.347347259521484,3255000
2012-08-10,24.299533017339602,24.35418601570451,24.231219375381862,24.34052276611328,3044900
2012-08-13,24.34051593979453,24.347346259675376,24.258536465238382,24.333683013916016,4432300
2012-08-14,24.44298644220862,24.463482613903693,24.36100957342136,24.429323196411133,4092000
2012-08-15,24.477150680934766,24.51130749915748,24.395171190002433,24.442991256713867,2833400
2012-08-16,24.401998486822176,24.50446891784668,24.33368226014159,24.50446891784668,4111200
2012-08-17,24.4976407005861,24.545460760367675,24.46348388731323,24.524967193603516,4605400
2012-08-20,24.49080777433284,24.53179751385897,24.429324468042555,24.524967193603516,5377500
2012-08-21,24.552292755466226,24.59328249778848,24.36101250329167,24.374675750732422,6429800
2012-08-22,24.354184932579788,24.38834175203957,24.251711868202154,24.299531936645508,3998800
2012-08-23,24.292699601296572,24.306362849147465,24.094586416455748,24.10824966430664,5382400
2012-08-24,24.094587406548264,24.354183914386383,24.074093836928842,24.320024490356445,6677800
2012-08-27,24.354183197021484,24.402003262057026,24.29953020498196,24.354183197021484,3317500
2012-08-28,24.354182986036246,24.44299018833398,24.292699673523465,24.367843627929688,5877100
2012-08-29,24.367846574427148,24.429329894374334,24.313196182250977,24.313196182250977,3848700
2012-08-30,24.285865815900195,24.285865815900195,24.19705601100774,24.217552185058594,4805300
2012-08-31,24.32002252567466,24.408832330181326,24.224382400512695,24.224382400512695,8650900
2012-09-04,24.258540250795644,24.415666298549024,24.231216361010684,24.367843627929688,5943000
2012-09-05,24.381508910636775,24.40200508718364,24.292701700927427,24.326858520507812,4505000
2012-09-06,24.388339181882113,24.634272425672208,24.388339181882113,24.627439498901367,4791800
2012-09-07,24.579616294185843,24.64109959727571,24.381503139118756,24.429323196411133,6167600
2012-09-10,24.402009963989258,24.442997113277798,24.340526634057642,24.402009963989258,7045500
2012-09-11,24.395172159668586,24.4088354087004,24.320025592992764,24.326858520507812,4499700
2012-09-12,24.34735660727462,24.388346361973294,24.183402800477474,24.197063446044922,9593200
2012-09-13,24.190226001495873,24.668429241532387,24.190226001495873,24.627439498901367,9155900
2012-09-14,24.586454062846357,24.65476769929178,24.402004117245887,24.442991256713867,10535800
2012-09-17,24.442986718239116,24.565953325807488,24.415662832333247,24.511302947998047,5369700
2012-09-18,24.524967346613185,24.68892109374497,24.470314360237374,24.647933959960938,4888200
2012-09-19,24.668427498568658,24.77773086519713,24.61377451225551,24.71624755859375,17987300
2012-09-20,24.68892599954543,24.866545634562808,24.668432428581244,24.852882385253906,7029000
2012-09-21,24.932001573119464,24.952639806507456,24.739368438720703,24.739368438720703,8846200
2012-09-24,24.684322289686982,24.8563144967303,24.608645298685072,24.821916580200195,6189300
2012-09-25,24.842557592981333,24.925113126796223,24.643045980568342,24.649927139282227,3766200
2012-09-26,24.643045980568342,24.760002059166446,24.629286287533677,24.649927139282227,4846200
2012-09-27,24.69120192649137,24.780638612980106,24.594886706146394,24.732481002807617,4990900
2012-09-28,24.636167446247562,24.69120359399312,24.526092526363342,24.649927139282227,5648600
2012-10-01,24.6568105675284,24.91135837821003,24.6568105675284,24.808164596557617,5443700
2012-10-02,24.863198124994593,24.973273055082046,24.732484965638662,24.828800201416016,7288400
2012-10-03,24.856320453558418,25.007671847440854,24.780643444420477,24.904478073120117,8157500
2012-10-04,24.987027331072834,25.10398339515064,24.938869723626908,25.021425247192383,4704400
2012-10-05,25.090229588435715,25.1727851313636,25.042071969694998,25.117746353149414,4746500
2012-10-08,25.06270861712468,25.09710653914032,25.01455100142415,25.042070388793945,3024700
2012-10-09,24.97327898048247,25.05583454153765,24.79440816079725,24.801286697387695,6898800
2012-10-10,24.84255479421283,24.925110318726993,24.6774411207917,24.698081970214844,4800000
2012-10-11,24.821920727636225,24.83567779703266,24.636168798065455,24.643047332763672,4780500
2012-10-12,24.718719795320943,24.80127531849944,24.629283114315125,24.663681030273438,3637800
2012-10-15,24.718725271328562,24.84255989572612,24.656807959129786,24.828800201416016,3933300
2012-10-16,24.890714645385742,24.931993723559334,24.8081591134316,24.890714645385742,4171800
2012-10-17,24.91136245416335,25.0833547427854,24.91136245416335,25.00079917907715,5464500
2012-10-18,24.93199770862802,24.938876243893212,24.80816307870687,24.86319923400879,7520100
2012-10-19,24.84944625903642,24.870087119200758,24.526102526262402,24.567378997802734,4963800
2012-10-22,24.539857610903475,24.601774937588097,24.40914442096659,24.58113670349121,5963700
2012-10-23,24.409144296837187,24.429782530829122,24.175234688817465,24.250911712646484,5008200
2012-10-24,24.264671410105755,24.367865204459374,24.20963262026867,24.250911712646484,4127600
2012-10-25,24.409134545747683,24.484811539344857,24.305940792618447,24.40225601196289,5155400
2012-10-26,24.41602383896372,24.41602383896372,24.237150408246574,24.319705963134766,4537900
2012-10-31,24.498573468176986,24.567369309877957,24.25090423902447,24.347219467163086,10607600
2012-11-01,24.395375090895637,24.491690311176217,24.340338946903703,24.360977172851562,4944200
2012-11-02,24.44353534113393,24.49857411546342,24.195866105437652,24.216506958007812,4617800
2012-11-05,24.13394975803796,24.230264982085078,24.06515129486643,24.17522621154785,9441200
2012-11-06,24.216506870099245,24.429775558868805,24.202747176566824,24.354101181030273,3443400
2012-11-07,24.216503289334526,24.2921802803763,23.94819586610846,24.065149307250977,6083400
2012-11-08,24.0445092127968,24.12018619795487,23.7968400338768,23.80371856689453,7502200
2012-11-09,23.7349227391468,23.975710760656465,23.707403358290666,23.80371856689453,6354300
2012-11-12,23.80371856689453,23.8793955520526,23.762442120002934,23.80371856689453,3303200
2012-11-13,23.714289581926554,23.975715882732082,23.714289581926554,23.789966583251953,4295500
2012-11-14,23.838126223691372,23.85876445330015,23.487260573981832,23.528539657592773,8883900
2012-11-15,23.46662559703985,23.549181151311227,23.36342918590532,23.52166175842285,6756700
2012-11-16,23.46662539835456,23.700534987137797,23.44598716605989,23.673015594482422,7026400
2012-11-19,23.79684817138136,24.06515566549685,23.79684817138136,24.058277130126953,8628300
2012-11-20,24.07203641481832,24.15459195981697,23.948201785123622,24.1477108001709,5457900
2012-11-21,24.216511575779496,24.216511575779496,24.092676934317712,24.182113647460938,3737000
2012-11-23,24.237154272612678,24.54674093329603,24.237154272612678,24.539859771728516,3058300
2012-11-26,24.422894475088068,24.436654167184283,24.292181336763417,24.360977172851562,4365100
2012-11-27,24.388506827808673,24.491700625399037,24.3197083383544,24.340349197387695,3345100
2012-11-28,24.326581938656442,24.58801086854102,24.257783470585128,24.574251174926758,6404400
2012-11-29,24.56049463387495,24.739365425033636,24.55361347398795,24.704967498779297,14167900
2012-11-30,24.691202878899887,24.815037488232342,24.65680495950599,24.79439926147461,5690600
2012-12-03,24.773756336790356,24.84255479421283,24.68432227873035,24.698081970214844,8409400
2012-12-04,24.656805673603007,24.732482673097113,24.601766901464345,24.649927139282227,5125200
2012-12-05,24.643048360318254,24.80128090890758,24.56737135351611,24.691205978393555,6201900
2012-12-06,24.746250321429795,24.773767091951974,24.677451834139482,24.718730926513672,4850100
2012-12-07,24.815037647597343,24.897593179551485,24.74624180836773,24.890714645385742,4591500
2012-12-10,24.8356798441611,24.93199770862802,24.8356798441611,24.86319923400879,7959100
2012-12-11,24.95263968298299,25.076474331485645,24.842564731468837,24.876962661743164,4862100
2012-12-12,24.959508246320606,24.96638940426231,24.80127573076789,24.821916580200195,4649300
2012-12-13,24.89759118328057,24.92511056652315,24.725598974603713,24.780637741088867,4965200
2012-12-14,24.71873020533271,24.835683693723148,24.71184904460747,24.739368438720703,2437100
2012-12-17,24.794399261474606,24.84943540762624,24.71184110565762,24.79439926147461,6632800
2012-12-18,24.746248711706713,24.856323659816983,24.61553290655505,24.787525177001953,8219000
2012-12-19,24.821929659324386,24.835686733671032,24.539859771728516,24.539859771728516,16482200
2012-12-20,24.581133028792745,24.691207968177352,24.512337175824957,24.677448272705078,5870700
2012-12-21,24.47430264980877,24.648224639842184,24.307336371687555,24.467344284057617,8263800
2012-12-24,24.383861184176872,24.41168933803393,24.3421216072301,24.390819549560547,4714600
2012-12-26,24.383873420149015,24.40474587293514,24.140383586312154,24.1821231842041,11087600
2012-12-27,24.182128969360885,24.279527580036717,24.042993404648414,24.2238712310791,6488000
2012-12-28,24.09168144660936,24.21690552627536,23.96645736694336,23.96645736694336,15265500
2012-12-31,23.91775244586168,24.279510498046875,23.882968579155953,24.279510498046875,17879100
2013-01-02,24.627356501288745,24.91258847791198,24.550830395929488,24.905630111694336,10813900
2013-01-03,24.870855282175437,24.91955324804312,24.773459350440078,24.843027114868164,6537300
2013-01-04,24.81519337051829,24.95433152194423,24.81519337051829,24.9125919342041,5942500
2013-01-07,24.87780432071311,24.89867676751215,24.676056796477894,24.745624542236328,3029900
2013-01-08,24.731705748737784,24.731705748737784,24.634309861702757,24.67605209350586,4506100
2013-01-09,24.738664985060915,24.787362930292534,24.683008674031075,24.731706619262695,4310400
2013-01-10,24.808237960195914,24.89171979053537,24.75258429124946,24.877805709838867,4083300
2013-01-11,24.9056253302473,24.989107131958008,24.877797178397522,24.989107131958008,3021900
2013-01-14,24.98216147523806,25.08651575975385,24.968247393713305,25.065643310546875,5080900
2013-01-15,25.01694207422005,25.163035930328075,24.961288409252905,25.142166137695312,4265900
2013-01-16,25.079555567002927,25.163037396236675,25.058685773154366,25.107383728027344,3322600
2013-01-17,25.21869098927181,25.35087075907484,25.156078960662118,25.27434730529785,6186500
2013-01-18,25.32304849438988,25.37870216369629,25.21173850193751,25.37870216369629,5659500
2013-01-22,25.35782438929883,25.399563964683253,25.274342584691265,25.385652542114258,3817600
2013-01-23,25.37174645022282,25.392616244482777,25.31609012707686,25.37870216369629,3602400
2013-01-24,25.392610672099988,25.490006562392438,25.378696594366925,25.448266983032227,4569000
2013-01-25,25.54566654454489,25.594364496689597,25.496968592400183,25.5734920501709,3930800
2013-01-28,25.57349553159688,25.636107571997904,25.50392777730228,25.59436798095703,5114700
2013-01-29,25.580451114282443,25.775242928171316,25.559581321034187,25.733503341674805,4868900
2013-01-30,25.71959526640049,25.78220731460293,25.656983218198054,25.6848087310791,4374500
2013-01-31,25.705675012097853,25.74741459831938,25.64306297892615,25.6500186920166,4374900
2013-02-01,25.82394072097239,25.89351112109944,25.72654481463393,25.85872459411621,4855400
2013-02-04,25.77523847317558,25.77523847317558,25.594360770661616,25.615230560302734,4501000
2013-02-05,25.76133297621352,25.990911354091104,25.754377261962617,25.921340942382812,7608700
2013-02-06,25.851767178304538,25.96307715733701,25.810024940977648,25.95612144470215,2893700
2013-02-07,25.93525456413812,26.116134977527558,25.92134048204356,26.09526252746582,8721400
2013-02-08,26.130048646223287,26.20657211577298,26.046564154976735,26.074392318725586,7203800
2013-02-11,26.109176196491767,26.109176196491767,26.02569435908498,26.074392318725586,2957700
2013-02-12,26.102218518133462,26.102218518133462,26.004822606181847,26.04656219482422,3308400
2013-02-13,26.09526211461734,26.09526211461734,25.99786619533613,26.074392318725586,3165800
2013-02-14,26.150905185703074,26.22047290597018,26.102207250748418,26.130035400390625,7964100
2013-02-15,26.088297435014233,26.22047718663632,26.039599492109314,26.164823532104492,5690500
2013-02-19,26.234395227119524,26.436145394684587,26.22743951444177,26.429189682006836,8140800
2013-02-20,26.45701545880423,26.52658585549389,26.37353363661591,26.380489349365234,10454300
2013-02-21,26.35961973022391,26.519627662901033,26.29700769971205,26.463973999023438,9752400
2013-02-22,26.519637068054138,26.617033004760742,26.450069300075203,26.617033004760742,6182400
2013-02-25,26.70746567597987,26.7492079172708,26.24135592384215,26.25527000427246,7873900
2013-02-26,26.317874908447262,26.408312425980963,26.20656229516499,26.317874908447266,7656600
2013-02-27,26.352655009589856,26.58918897135625,26.234386701787464,26.512662887573242,6405800
2013-02-28,26.540498644676077,26.672678411202156,26.484842330029846,26.498756408691406,8069700
2013-03-01,26.366584768687016,26.61007458571311,26.359626400292004,26.589204788208008,6584800
2013-03-04,26.54049392123613,26.790939331054688,26.519621480038907,26.790939331054688,5105800
2013-03-05,26.881393432617188,26.930091397587578,26.81182566947093,26.881393432617188,8253900
2013-03-06,26.90224935108006,26.943991579735723,26.790939395170312,26.818767547607422,5795700
2013-03-07,26.88833792870019,26.88833792870019,26.797897760198932,26.818767547607422,3375900
2013-03-08,26.902255566609842,26.90921393324613,26.75616171331935,26.86747169494629,5178500
2013-03-11,26.909215899297532,26.943999773502476,26.867473657947905,26.895301818847656,3624300
2013-03-12,26.88834414101586,26.90921393324613,26.82573211048575,26.86747169494629,5323300
2013-03-13,26.923128156820354,26.95791202867013,26.832687966939485,26.937042236328125,4113000
2013-03-14,26.971829315640136,27.055311148775036,26.91617299099045,27.027482986450195,4250900
2013-03-15,26.979245646510225,26.979245646510225,26.853402878161376,26.909334182739258,9104400
2013-03-18,26.762516160851582,26.937297489314723,26.706587522558117,26.825437545776367,5045300
2013-03-19,26.853390602241454,27.063127564625326,26.853390602241454,27.049144744873047,8304900
2013-03-20,27.14004148755349,27.356771271130444,27.14004148755349,27.307832717895508,6377100
2013-03-21,27.258896386542357,27.36376358047164,27.20296508288566,27.22393798828125,5588600
2013-03-22,27.342795032244915,27.496603474859388,27.28686371967537,27.475627899169922,6132500
2013-03-25,27.517577997808033,27.60846505258919,27.363769546170992,27.45465660095215,6281900
2013-03-26,27.559513292892692,27.727304509413674,27.531550312598288,27.713321685791016,7227800
2013-03-27,27.65040762765404,27.69235610961914,27.538547676032053,27.69235610961914,5357900
2013-03-28,27.713325537486806,27.825185475063847,27.608458346168426,27.80421257019043,5040400
2013-04-01,27.77624887815964,27.825187437616854,27.69934466559789,27.790231704711914,5370100
2013-04-02,27.874128627884318,28.12581419567678,27.860145800012322,28.090858459472656,8043900
2013-04-03,28.15376330706664,28.15376330706664,27.720306565559387,27.783227920532227,11956200
2013-04-04,27.839166683513312,27.978992264100267,27.797218209251884,27.9300537109375,8889800
2013-04-05,27.69235063804506,27.76925483964354,27.61544643644658,27.727306365966797,8528000
2013-04-08,27.727299548962577,28.041906356811523,27.629422468065226,28.041906356811523,9479100
2013-04-09,28.090843081528572,28.11880872196316,27.916061829237805,28.013938903808594,6614500
2013-04-10,28.08385683598894,28.265630873922373,28.04890111083278,28.223682403564453,7325700
2013-04-11,28.286607480026195,28.461388795647146,28.23067884584213,28.356521606445312,5973200
2013-04-12,28.251658170652952,28.47537809213338,28.244668089898116,28.461395263671875,5782900
2013-04-15,28.412451194196027,28.468382497208463,28.006959915161133,28.006959915161133,11247900
2013-04-16,28.20969998098542,28.545282414715796,28.16775417698231,28.531299591064453,10341100
2013-04-17,28.412446672411345,28.482360790050198,28.188726829868806,28.286603927612305,9761800
2013-04-18,28.24466901666445,28.370511809995335,28.14678921422227,28.23068618774414,10303600
2013-04-19,28.27261858917559,28.706078079126655,28.27261858917559,28.671119689941406,11227600
2013-04-22,28.713069815242562,28.796964086841403,28.53129844895328,28.74103546142578,5972300
2013-04-23,28.817934673261014,28.971740366779034,28.594214876370856,28.964750289916992,13184200
2013-04-24,28.838925392213472,28.922819701153355,28.47537983087133,28.503345489501953,30015500
2013-04-25,28.566259278628273,28.671126470131203,28.496345150675037,28.59422492980957,12200800
2013-04-26,28.52430169139289,28.671117312775873,28.52430169139289,28.587223052978516,9481800
2013-04-29,28.671130726811942,28.7130792098118,28.566263519739824,28.678123474121094,6696000
2013-04-30,28.650154219935605,28.68510995123539,28.503338548305692,28.622188568115234,11354900
2013-05-01,28.587232183538603,28.803961979766715,28.552276453037624,28.59422492980957,7556600
2013-05-02,28.6012176511144,28.796971893563338,28.503340529889932,28.699094772338867,9194000
2013-05-03,28.852899656065865,28.922811114936053,28.734046975645096,28.824934005737305,12843400
2013-05-06,28.803954602683216,28.803954602683216,28.580234784433102,28.615190505981445,14530800
2013-05-07,28.671121398753794,28.8389126092112,28.62218285131847,28.83192253112793,8152200
2013-05-08,28.824924326069418,28.87386286423479,28.762002967435322,28.866872787475586,6623300
2013-05-09,28.845915966292257,28.908837365810317,28.594233035172046,28.66414451599121,12872500
2013-05-10,28.608209709323916,28.796973884860428,28.608209709323916,28.7760009765625,8304700
2013-05-13,28.748029800809377,28.929803860993793,28.699091246210003,28.824934005737305,7821600
2013-05-14,28.810957441877704,29.174502974302403,28.810957441877704,29.167512893676758,7373100
2013-05-15,29.15352515783546,29.5030878032125,29.125559506136977,29.45414924621582,11728700
2013-05-16,29.38423463863463,29.440165941121116,29.23042889069939,29.279367446899414,9313100
2013-05-17,29.286352411512773,29.342283704231125,29.111571122194174,29.321308135986328,9368100
2013-05-20,29.300338261853707,29.32830391110215,28.999714199810704,29.020687103271484,9866600
2013-05-21,29.104595413349855,29.132558406563852,28.852909805758888,29.048664093017578,10408400
2013-05-22,29.06962228425693,29.377236361235372,28.901831090572884,28.99970817565918,16899000
2013-05-23,28.76201051798729,28.978740291722534,28.699089142835184,28.880863189697266,12831900
2013-05-24,28.887857938455113,29.16750913255235,28.887857938455113,29.153526306152344,16015800
2013-05-28,29.405217802853986,29.496102192433575,29.111583722887378,29.202470779418945,15727400
2013-05-29,29.0346837329455,29.062649395490705,28.587243800031654,28.64317512512207,21414900
2013-05-30,28.67811523897717,28.77599233758565,28.51731676741311,28.531299591064453,15949200
2013-05-31,28.468375153241507,28.468375153241507,27.98597712353274,27.99995994567871,33824800
2013-06-03,28.0698858349467,28.31457865780132,27.74129604401185,28.307588577270508,39020500
2013-06-04,28.412458054311028,28.510335191263657,28.11183389541255,28.3145809173584,12962800
2013-06-05,28.23068223514774,28.258645222121327,27.965013856762067,27.972003936767578,17077900
2013-06-06,27.958025595116286,28.09784853993279,27.755278591399943,28.090858459472656,12352700
2013-06-07,28.237671260451087,28.559268267723546,28.237671260451087,28.440418243408203,18700800
2013-06-10,28.559268267723546,28.559268267723546,28.307585392652566,28.440418243408203,11190300
2013-06-11,28.279628756001067,28.566270122036702,28.188741688637876,28.370515823364258,20334000
2013-06-12,28.47537902646979,28.594231738816475,28.23068618774414,28.23068618774414,14908400
2013-06-13,28.29360110867255,29.27936765284451,28.118819787599854,28.524311065673828,13048700
2013-06-14,28.475373922380555,28.685110984686915,28.37749680443435,28.45440101623535,8453300
2013-06-17,28.545279122664,28.82492756258697,28.510320734091845,28.706077575683594,9877200
2013-06-18,28.70608974563295,28.845912691397086,28.615202697324875,28.810956954956055,8441200
2013-06-19,28.810949548239336,28.873870924438066,28.23766708374023,28.237667083740234,25795200
2013-06-20,27.999964131720848,28.160762610013204,27.335794648721265,27.384733200073242,32296500
2013-06-21,27.59162095423505,27.887171472043708,27.471995217178847,27.74643325805664,22743500
2013-06-24,27.549396812880744,27.901240947480204,27.3523622721418,27.633838653564453,24973100
2013-06-25,27.75346891236385,27.781617091983776,27.528288844120755,27.67606544494629,13004400
2013-06-26,27.844942606071122,28.070122621362003,27.844942606071122,27.964570999145508,18133100
2013-06-27,28.14050249801013,28.351608497649266,28.077170429682546,28.09124183654785,10033600
2013-06-28,28.034947874771454,28.1756861012385,27.894209648304408,27.915319442749023,11033300
2013-07-01,28.084202791280166,28.3234569448971,27.78161657687175,28.119386672973633,11795300
2013-07-02,28.105323080306754,28.30939342844718,28.056065090667214,28.15458106994629,5441200
2013-07-03,28.06309606746257,28.161612020718938,27.9012480464902,28.09827995300293,3985400
2013-07-05,28.161608248993605,28.288272367461307,27.90124430963579,28.168643951416016,10602600
2013-07-08,28.203838634255522,28.47827674180521,28.203838634255522,28.45012855529785,7611700
2013-07-09,28.64012410477978,28.724565977929576,28.590866121745837,28.66123390197754,8937800
2013-07-10,28.661232965891664,28.823081002625567,28.619010688516383,28.6964168548584,7701700
2013-07-11,28.99900225951047,29.188998475446027,28.970854075440332,29.14677619934082,12282200
2013-07-12,29.097510333518283,29.18195486284291,29.04825236692451,29.153806686401367,5566100
2013-07-15,29.203071088613786,29.203071088613786,29.12566492852011,29.196035385131836,7076000
2013-07-16,28.942710668624493,29.14677830699301,28.942710668624493,29.090484619140625,10156700
2013-07-17,29.139740495502576,29.231220751551234,29.11159231143244,29.14677619934082,9365500
2013-07-18,29.13973072150082,29.350836662500875,29.097508459557737,29.245285034179688,7136100
2013-07-19,29.25233081492117,29.4141788482666,29.21714692669105,29.4141788482666,8352700
2013-07-22,29.442310282967426,29.449345982867424,29.308610510010862,29.350830078125,7887600
2013-07-23,29.37898797586927,29.386023678099278,29.25936224745336,29.294546127319336,6122500
2013-07-24,29.371951721760425,29.371951721760425,29.04121735164701,29.104549407958984,8262900
2013-07-25,29.048262094186263,29.287516305341658,29.027152296965088,29.259370803833008,4720600
2013-07-26,29.146770258623746,29.23825049602683,28.865296528368305,29.22417640686035,6073200
2013-07-29,29.181961096573755,29.231219073689815,29.09048084577603,29.16084861755371,7493000
2013-07-30,29.210103433265374,29.329731853570177,29.076403607614722,29.132699966430664,5733600
2013-07-31,29.139732123269717,29.280470318825866,29.090474157478734,29.12565803527832,6735500
2013-08-01,29.27342609949874,29.414164267010776,29.27342609949874,29.364906311035156,6207700
2013-08-02,29.280470426697672,29.393060446685823,29.16084202050899,29.378986358642578,3956400
2013-08-05,29.37194758982352,29.449351039442288,29.308615542420863,29.40009307861328,5010300
2013-08-06,29.386016096636915,29.407128566595947,29.259354698669082,29.364906311035156,3148600
2013-08-07,29.266398674359785,29.294546852692736,29.1749184369567,29.22417640686035,5987100
2013-08-08,29.308618602784165,29.41417023657178,29.217138372681976,29.378986358642578,2915000
2013-08-09,29.3226985564056,29.364920832846547,29.1749246154002,29.252330780029297,4266300
2013-08-12,29.139729024276374,29.203061071323425,29.03417471774545,29.167877197265625,4208600
2013-08-13,29.23824187261203,29.252315957627548,29.041210051109225,29.188983917236328,4178500
2013-08-14,29.17492626665196,29.203074452539063,28.9708559455086,28.98493003845215,4871500
2013-08-15,28.766775507340185,28.77381120850166,28.499373229125805,28.520483016967773,8854300
2013-08-16,28.471220616522594,28.520478570045245,28.239004933395385,28.351594924926758,8607300
2013-08-19,28.337525541827024,28.337525541827024,28.217897146026893,28.22493553161621,5126600
2013-08-20,28.28123925668613,28.393829306955205,28.189761686339008,28.23198127746582,7174100
2013-08-21,28.154575272034144,28.26716532293284,27.985691537865375,28.013839721679688,7899700
2013-08-22,28.0208728652721,28.196794971500257,28.00679877465085,28.13346290588379,5501900
2013-08-23,28.20383721381479,28.330498678001167,28.154576547728446,28.29531478881836,3352900
2013-08-26,28.30234102208183,28.337524896153994,27.96457099914551,27.964570999145508,17412500
2013-08-27,27.75347852401109,27.894216786493356,27.725333019001905,27.816810607910156,11462400
2013-08-28,27.75347156241356,27.76050995016968,27.584587837284396,27.605697631835938,18628600
2013-08-29,27.500156175469396,27.837926435376687,27.479043688728098,27.718297958374023,7455000
2013-08-30,27.802722930908203,27.851983580417173,27.690132912797218,27.802722930908203,8672400
2013-09-03,27.929386287730363,28.027904899748147,27.72531873087349,27.781612396240234,15164200
2013-09-04,27.767542422803338,28.027909052317863,27.718284451675316,27.957538604736328,6468800
2013-09-05,27.99976398924429,28.02087378368891,27.887173944942333,27.915319442749023,4525100
2013-09-06,28.013827798298593,28.112343715359312,27.718277362759025,27.985679626464844,6976700
2013-09-09,27.99976237948846,28.210868364872972,27.992723992172635,28.182720184326172,10347600
2013-09-10,28.26012681004865,28.316423172081315,28.11235288625035,28.21086883544922,6501800
2013-09-11,28.15457511542346,28.42197749145489,28.15457511542346,28.414941787719727,6812300
2013-09-12,28.421968460083004,28.50641029986542,28.39382028536964,28.421968460083008,7002900
2013-09-13,28.485299888547296,28.67529603717419,28.485299888547296,28.654186248779297,5063200
2013-09-16,28.893446710261383,29.006036747042504,28.85826014272623,28.9145565032959,8178900
2013-09-17,28.907515614886762,29.041215420718927,28.907515614886762,29.0130672454834,5344500
2013-09-18,28.991972665809325,29.379000883085933,28.844198694835207,29.357891082763672,12763900
2013-09-19,29.40713688166652,29.442320762403696,29.16084434779022,29.22417640686035,6148500
2013-09-20,29.217803512687293,29.217803512687293,28.998282229971245,29.0195255279541,7279100
2013-09-23,28.9911964011752,28.9911964011752,28.828324829977742,28.892057418823242,5586800
2013-09-24,28.892058426817126,28.941627919722496,28.715023751773717,28.75751304626465,6855000
2013-09-25,28.74334684982168,28.7929163373839,28.467173218736608,28.516742706298828,8234700
2013-09-26,28.552145178894907,28.665447235107422,28.502575698135313,28.665447235107422,4560300
2013-09-27,28.566323828406432,28.566323828406432,28.360962895532044,28.488428115844727,4453400
2013-09-30,28.29015136554049,28.403453488577018,28.134359933364376,28.183929443359375,8120800
2013-10-01,28.16975852669227,28.368039213009624,28.141435029791175,28.3538761138916,7152300
2013-10-02,28.268903684742362,28.297229889156462,28.028139051229125,28.290149688720703,5827400
2013-10-03,28.247654695449683,28.27598089416132,28.063539806494024,28.148515701293945,9686800
2013-10-04,28.155600416747355,28.297228731689163,28.077707409798013,28.191009521484375,5713900
2013-10-07,28.028138531335472,28.240579657829578,28.013975429391134,28.09895133972168,5438900
2013-10-08,28.14852084585912,28.283066262327107,28.070625135833,28.09895133972168,9532300
2013-10-09,28.134348949567965,28.261814125887952,28.028129770191068,28.12018585205078,8706800
2013-10-10,28.304308334679437,28.658377730104156,28.304308334679437,28.644214630126953,6104900
2013-10-11,28.622961324967648,28.736266095870096,28.559231443336646,28.729183197021484,5451800
2013-10-14,28.573406206173882,28.85666287319353,28.54508270054054,28.84958267211914,6808200
2013-10-15,28.80708848321464,28.835414685386745,28.552158066336315,28.58756446838379,7792900
2013-10-16,28.693778699287247,29.026604732428773,28.693778699287247,29.012441635131836,7034800
2013-10-17,28.92038056678568,29.345262646762198,28.92038056678568,29.33818244934082,8498700
2013-10-18,29.380666732788086,29.42315331274739,29.281525076437216,29.380666732788086,5861400
2013-10-21,29.33817978458893,29.394829462817665,29.19655153701589,29.316936492919922,3646400
2013-10-22,29.387756077035046,29.76306872395319,29.373592978861847,29.68517303466797,9404700
2013-10-23,29.614358023748323,29.80555578274254,29.600194926637503,29.741823196411133,8809800
2013-10-24,29.798477820053574,29.798477820053574,29.64268644148313,29.68517303466797,7754800
2013-10-25,29.69226790199914,29.78432672656221,29.600209077436073,29.756000518798828,4301900
2013-10-28,29.84804887760676,30.237524643114156,29.8055595808599,30.145465850830078,33007100
2013-10-29,30.20919844303676,30.4074764251709,30.124222550884262,30.4074764251709,15133400
2013-10-30,30.4428855253883,30.4428855253883,30.067570157461617,30.145465850830078,11872100
2013-10-31,30.088824872372978,30.15963768612862,29.947196543526008,29.989683151245117,11588100
2013-11-01,29.99675665797295,30.145465141083402,29.933024065020632,30.102975845336914,9055000
2013-11-04,30.173794995476506,30.25169069645237,30.025086494341767,30.131305694580078,5305500
2013-11-05,30.102977260834408,30.28001194943369,30.01092116772396,30.187955856323242,6804500
2013-11-06,30.34374788423461,30.520782592313775,30.202122278839493,30.513702392578125,7356400
2013-11-07,30.49245265582575,30.506615753642834,30.003835235807863,30.067567825317383,11993800
2013-11-08,30.074652492347273,30.216278076171875,29.833885217976647,30.216278076171875,15162000
2013-11-11,30.202111756341324,30.258761438495412,30.095889887967708,30.124216079711914,7981900
2013-11-12,30.053403096434426,30.195031365584065,30.02507960367214,30.17378807067871,5657100
2013-11-13,30.067556920138497,30.44287212283165,30.039230734777938,30.428709030151367,7651500
2013-11-14,30.44289045827044,30.68365777617945,30.42164445578691,30.64824867248535,5891500
2013-11-15,30.634090202152407,30.754475229972883,30.556197185722393,30.68366241455078,3054000
2013-11-18,30.77569998925523,30.77569998925523,30.52785258329207,30.591585159301758,3924900
2013-11-19,30.549095700814537,30.584502086988405,30.42871344755656,30.478282928466797,7013200
2013-11-20,30.513701681602658,30.591597383556145,30.258771275694947,30.350830078125,7392100
2013-11-21,30.350826730847533,30.428722424210203,30.280011236274696,30.4074764251709,6777800
2013-11-22,30.457044866634757,30.584510051119594,30.350825680453937,30.56326675415039,5443000
2013-11-25,30.66241089904416,30.69073710065729,30.471213090158432,30.513702392578125,4447200
2013-11-26,30.549107050007276,30.627002749329016,30.435804951357962,30.485374450683594,3854300
2013-11-27,30.58451340497815,30.58451340497815,30.421641807239414,30.506620407104492,3257000
2013-11-29,30.57034668651432,30.641162178019748,30.421638206355112,30.45704460144043,2642100
2013-12-02,30.47121271493234,30.478295615916036,30.22336520720764,30.294178009033203,5041700
2013-12-03,30.25877255459442,30.457050566976182,30.25877255459442,30.442890167236328,6124800
2013-12-04,30.364988206739977,30.449964094350477,30.13130113914265,30.372068405151367,8093100
2013-12-05,30.265861758261213,30.301268167654396,30.053417899230364,30.09590721130371,6060000
2013-12-06,30.329585709388244,30.54202680638072,30.280013508799396,30.506620407104492,7108600
2013-12-09,30.63407822647483,30.719056813363864,30.556185240495264,30.612834930419922,5513100
2013-12-10,30.54910808212646,30.584514482650263,30.265854176600833,30.350830078125,3341900
2013-12-11,30.34374395116276,30.542024635418816,30.34374395116276,30.4003963470459,21705800
2013-12-12,30.39329905526883,30.39329905526883,29.954254000407776,29.982580184936523,9662500
2013-12-13,30.0746498179754,30.0746498179754,29.840962763042555,29.933021545410156,5929000
2013-12-16,29.98967788370245,30.110062887544814,29.86221268026239,29.925945281982422,5893100
2013-12-17,29.897619109381722,29.940105705839922,29.713501520279607,29.784317016601562,7247300
2013-12-18,29.819719801714356,30.2941714135887,29.5223001558617,30.28000831604004,11754200
2013-12-19,30.202116764981582,30.258766456530306,30.04632538588673,30.223360061645508,5698800
2013-12-20,30.21765425393049,30.43884704386827,30.17484467785049,30.36035919189453,11007300
2013-12-23,30.431709161467904,30.460247967944248,30.22478716376217,30.33181381225586,6601700
2013-12-24,30.33181767639169,30.438847060390394,30.281871356357712,30.374629974365234,5915300
2013-12-26,30.396024851906652,30.495920181274418,30.353215289761312,30.495920181274414,15154600
2013-12-27,30.545878840640317,30.62436397694333,30.51020056192834,30.567283630371094,3590500
2013-12-30,30.56727555976623,30.66716818129612,30.560141539029722,30.645763397216797,3245700
2013-12-31,30.69571491714934,30.731390470625733,30.545875959426322,30.667173385620117,6516500
2014-01-02,30.574404705889627,30.588675466957188,30.239051347344702,30.288997650146484,14997000
2014-01-03,30.35321845806281,30.403164767025434,30.210513551654014,30.231918334960938,6298600
2014-01-06,30.31039751350331,30.346073049449824,30.04639528125638,30.117746353149414,9498600
2014-01-07,30.27473205279251,30.353219891116442,30.13916388233196,30.2818660736084,7479100
2014-01-08,30.274730106021142,30.274730106021142,29.989320298081466,30.053537368774414,23824100
2014-01-09,30.13203003742871,30.253330177922845,30.01073261880466,30.21051788330078,24438600
2014-01-10,30.28900578202515,30.360356884649672,30.1391668333916,30.25333023071289,15903800
2014-01-13,30.25332536307997,30.353217979430035,30.046403388143606,30.08207893371582,9275100
2014-01-14,30.160567797482848,30.28900194342629,30.10348474512143,30.239055633544922,10885000
2014-01-15,30.274721097363454,30.353208907285225,30.17482851086987,30.246179580688477,4384200
2014-01-16,30.160571619804937,30.296139803539567,30.096354538694833,30.25333023071289,6522100
2014-01-17,30.21765523586037,30.239062746466313,29.989328416446487,30.01786994934082,8233800
2014-01-21,30.103481334718758,30.210510684836258,29.93223764077408,30.132022857666016,5618400
2014-01-22,30.15342763894174,30.23905220778352,30.096347314916663,30.132022857666016,3615300
2014-01-23,30.02499666798593,30.02499666798593,29.760991659671685,29.86802101135254,8916700
2014-01-24,29.82521245285523,29.953646602171833,29.56834415422203,29.596885681152344,18509700
2014-01-27,29.6111540968656,29.646829641765013,29.4256396302669,29.4755859375,8451500
2014-01-28,29.52553797603853,29.76099879557645,29.511267210934697,29.70391845703125,5022200
2014-01-29,29.511261898943808,29.554071464679506,29.104554693236814,29.183042526245117,36942400
2014-01-30,29.290077684861284,29.340024007332026,29.175914273232383,29.225860595703125,19016600
2014-01-31,28.890498560324648,29.282935001613506,28.769198440293035,29.083147048950195,21959500
2014-02-03,29.047471457517545,29.125959290024404,28.419574241201914,28.455249786376953,41150000
2014-02-04,28.569411736880564,28.66216760532814,28.505194670025592,28.605087280273438,11694000
2014-02-05,28.53374138335824,28.676443582885188,28.462387561724782,28.626497268676758,9453300
2014-02-06,28.754936680571408,28.96899274084951,28.740665913636803,28.933317184448242,12794100
2014-02-07,29.040346592308616,29.225861118824742,28.96899275759435,29.204456329345703,6986300
2014-02-10,29.183039184566727,29.340012110739107,29.133092882347878,29.318607330322266,5645800
2014-02-11,29.361433872809233,29.67538259949684,29.2472704520255,29.66111183166504,9688100
2014-02-12,29.725327973527797,29.725327973527797,29.432784047026118,29.532676696777344,8852500
2014-02-13,29.318619167323135,29.69678495733646,29.275806867335227,29.682514190673828,5708600
2014-02-14,29.61830377484008,29.932255268412682,29.53268187744348,29.85376739501953,7234700
2014-02-18,29.818085113033646,29.846626646358917,29.575487523509707,29.682514190673828,7130400
2014-02-19,29.646835292314282,29.74672792581955,29.504130363648137,29.61829376220703,6085300
2014-02-20,29.57548894733719,29.839491338629504,29.525542622548656,29.746732711791992,6793100
2014-02-21,29.782409557312274,29.882302202080293,29.675380168277727,29.682514190673828,5702300
2014-02-24,29.70390796191446,29.98931499753945,29.696771220949064,29.78952980041504,3302300
2014-02-25,29.782406269140466,30.046408618575562,29.782406269140466,29.903703689575195,6304200
2014-02-26,29.967924563198018,30.053546442683423,29.818085593630943,29.875165939331055,4877300
2014-02-27,29.832352172446782,30.01073265075684,29.818081407557568,30.010732650756836,4172400
2014-02-28,30.003604810812433,30.338961080549236,29.982200018061878,30.217660903930664,5404800
2014-03-03,29.97504953549752,30.124891181694156,29.87515691927953,30.053537368774414,8829800
2014-03-04,30.25333534783149,30.524471761161383,30.25333534783149,30.460254669189453,7275500
2014-03-05,30.431713021811703,30.474522597891706,30.353225169837966,30.36035919189453,8090900
2014-03-06,30.4174370609849,30.438841845369286,30.353219985961914,30.353219985961914,6145900
2014-03-07,30.46024374109472,30.467380483125936,30.310404820874147,30.438838958740234,4123200
2014-03-10,30.35323234946977,30.474529806214726,30.35323234946977,30.467395782470703,4901200
2014-03-11,30.54588746617463,30.57442628658427,30.38891170550083,30.453128814697266,10017400
2014-03-12,30.31040249452132,30.531595208729392,30.31040249452132,30.517324447631836,5203700
2014-03-13,30.5387383235626,30.660038468083442,30.317548265347824,30.367494583129883,9738900
2014-03-14,30.25333689712542,30.51733930125397,30.246200152168306,30.381771087646484,5299600
2014-03-17,30.481654677127317,30.602952086618583,30.431708364763868,30.560142517089844,4161400
2014-03-18,30.610085368497046,30.674302437399277,30.51732677522281,30.624353408813477,3575000
2014-03-19,30.595815099670727,30.681436952297833,30.239054204876567,30.388893127441406,10676900
2014-03-20,30.288998224673882,30.53159572368534,30.23905192092471,30.495920181274414,9907900
2014-03-21,30.600637106970638,30.772753455294534,30.478723526000977,30.478723526000977,7454000
2014-03-24,30.493055313291503,30.650828345268675,30.406998539347374,30.45002555847168,6111300
2014-03-25,30.564761677013525,30.715364415762274,30.564761677013525,30.672334671020508,9086100
2014-03-26,30.729712522251624,30.82294229105032,30.60062599182129,30.60062599182129,7102300
2014-03-27,30.528924417611844,30.736897546450013,30.528924417611844,30.579124450683594,10552500
2014-03-28,30.600639357909625,30.74406920278061,30.600639357909625,30.65801239013672,4522600
2014-03-31,30.830111957936033,30.91616872370474,30.729709206228076,30.880311965942383,8973400
2014-04-01,30.844460604999707,30.9376903883192,30.75840381654109,30.830120086669922,6524200
2014-04-02,30.851627360447267,30.93768413150182,30.7727408471075,30.865970611572266,6705400
2014-04-03,30.86597200428646,30.96637203099619,30.830115242703776,30.90182876586914,4430400
2014-04-04,30.99506914695649,31.066782694675886,30.758409515228788,30.80143928527832,8815700
2014-04-07,30.72971730848956,30.966376896370733,30.72971730848956,30.830120086669922,15088000
2014-04-08,30.837284486373644,31.002227772784746,30.794254732472524,30.987884521484375,7688000
2014-04-09,30.99505137796917,31.12413787841797,30.959191888970675,31.12413787841797,5559000
2014-04-10,31.124149947188215,31.289093264899382,30.794260576069906,30.815776824951172,6121800
2014-04-11,30.79426923813094,30.92335582494515,30.622155612843162,30.65801239013672,15474700
2014-04-14,30.82294224896991,30.95202877922401,30.701028712449677,30.90182876586914,4333800
2014-04-15,31.0093955737249,31.023736086928476,30.787079319339405,30.980709075927734,6318800
2014-04-16,31.152827233695607,31.281913757324222,31.059600205504704,31.28191375732422,4314800
2014-04-17,31.224545936008163,31.317772971505462,31.116972912655125,31.28908920288086,4209600
2014-04-21,31.210189381701856,31.324932614382234,31.152816397514435,31.30341911315918,3739700
2014-04-22,31.332116223665572,31.353632469753556,31.238889188168276,31.28908920288086,5669400
2014-04-23,31.289097351394403,31.332124383384503,31.2388973236084,31.2388973236084,11037100
2014-04-24,31.22453541397231,31.403821902014368,31.19584891931885,31.36079216003418,3946200
2014-04-25,31.3321247383868,31.425354534915563,31.26758145397402,31.403841018676758,6647400
2014-04-28,31.4755401550078,31.826942928329334,31.403826643241832,31.762399673461914,7214200
2014-04-29,31.73371934077531,31.79109234989254,31.62614631652832,31.62614631652832,4222300
2014-04-30,31.554432856545056,31.72654914855957,31.554432856545056,31.72654914855957,4855000
2014-05-01,31.662005862218233,31.726549129723402,31.518576074907237,31.69786262512207,9711100
2014-05-02,31.69786262512207,31.740889646328416,31.59746259471307,31.69786262512207,5245300
2014-05-05,31.575946301398563,31.71220583020417,31.475546271139052,31.62614631652832,3279600
2014-05-06,31.53292131304209,31.590291590162078,31.418178023106286,31.42534828186035,4471900
2014-05-07,31.497059847308332,31.748062659175513,31.497059847308332,31.72654914855957,7554300
2014-05-08,31.726548099209776,31.891491391766404,31.669175091870656,31.769575119018555,4197900
2014-05-09,31.740890902407074,31.927350453998812,31.705034138084283,31.920177459716797,2792400
2014-05-12,31.963203419620662,32.05643318433654,31.898660157232044,31.94886016845703,4824900
2014-05-13,31.94169512905009,32.05643842140935,31.9345221344487,32.01340866088867,2518600
2014-05-14,31.991897217677405,32.006240472112005,31.80543764572368,31.841297149658203,3165700
2014-05-15,31.748061174397392,31.769574684007203,31.51140162590737,31.561601638793945,4726400
2014-05-16,31.604637511533774,31.76958083376056,31.561607748289198,31.755237579345703,6381700
2014-05-19,31.676353460801163,31.733726482830885,31.597469659054696,31.690696716308594,2805300
2014-05-20,31.69069966363914,31.69069966363914,31.525756313507863,31.575956344604492,6246800
2014-05-21,31.575951002704056,31.77675382881602,31.547267229570394,31.755237579345703,5037700
2014-05-22,31.740892929943318,31.762409178468012,31.626149635363387,31.705036163330078,2898300
2014-05-23,31.697867297382324,31.79826734259028,31.697867297382324,31.755237579345703,2710000
2014-05-27,31.834124154592875,31.862810663462074,31.75523762305061,31.841297149658203,3520700
2014-05-28,31.869978989279396,31.898665496408185,31.791095198219068,31.79826545715332,3903100
2014-05-29,31.82696079191008,32.09947447813115,31.82696079191008,32.04927444458008,6683400
2014-05-30,31.956043958125957,32.32896040728257,31.956043958125957,32.30027389526367,4482600
2014-06-02,32.24288420206527,32.278740955703235,32.185513943383526,32.221370697021484,3273000
2014-06-03,32.17834957385579,32.19986582036009,32.09229279492564,32.10663604736328,2674000
2014-06-04,32.085113938919264,32.264400442804,32.07077069032509,32.221370697021484,3149000
2014-06-05,32.22856279813812,32.39350616522806,32.17836276188017,32.35047912597656,3905400
2014-06-06,32.35764072043653,32.44370024728246,32.3504704610474,32.436527252197266,2562200
2014-06-09,32.36480851108042,32.46520854055972,32.33612200674472,32.386322021484375,6310400
2014-06-10,32.29309225024118,32.42217878405618,32.27874899807333,32.386322021484375,4362000
2014-06-11,32.32178741142967,32.38633069562401,32.250073867078775,32.30027389526367,4977900
2014-06-12,32.23572118540141,32.30026445072342,32.01340488580437,32.070777893066406,5186300
2014-06-13,32.11380245717763,32.12097545038467,31.991888929611484,32.063602447509766,1936700
2014-06-16,32.056429846087276,32.21420012106667,31.963200091080036,32.185516357421875,18205200
2014-06-17,32.2357163634192,32.2357163634192,32.07794335274466,32.185516357421875,4897800
2014-06-18,32.14967690089472,32.57279068320902,32.11381738957615,32.56562042236328,22633400
2014-06-19,32.59430484556072,32.780761708247894,32.57278859301095,32.7520751953125,11404200
2014-06-20,32.83943428781714,32.861095302578576,32.63003529694814,32.65169906616211,5165400
2014-06-23,32.65169958125524,32.65891900147209,32.42063957197974,32.47118377685547,3370700
2014-06-24,32.42064911845808,32.45675173907818,32.2762358815243,32.35566329956055,3677200
2014-06-25,32.24012132186697,32.326768130159174,32.182354946703924,32.30510711669922,6083000
2014-06-26,32.24011939333053,32.28344141765901,32.05960361342264,32.1895751953125,15990200
2014-06-27,32.189585150281005,32.30511517497284,32.059613528196046,32.24734878540039,4692800
2014-06-30,32.13181707235229,32.41342132058853,32.13181707235229,32.21846389770508,12049100
2014-07-01,32.269008529785516,32.384538549914446,32.14625908847169,32.290672302246094,5099600
2014-07-02,32.305114105814674,32.44230514482923,32.305114105814674,32.3773193359375,3093000
2014-07-03,32.398983612352076,32.60116323504393,32.355661571702804,32.557838439941406,2303400
2014-07-07,32.49284174082984,32.63725492167955,32.456739134230496,32.60837173461914,5813700
2014-07-08,32.557826144915786,32.64447294794658,32.51450136617429,32.54338455200195,4629500
2014-07-09,32.58672436260029,32.71669600432691,32.579502185585774,32.68781280517578,5296000
2014-07-10,32.48562781099885,32.673363049712,32.45674461905751,32.63726043701172,3871200
2014-07-11,32.637265728072215,32.71669314156106,32.53617729434214,32.68058776855469,3100500
2014-07-14,32.76723162343102,32.846659023018304,32.7455678525282,32.796112060546875,4135600
2014-07-15,32.752783830053055,32.752783830053055,32.478399070976856,32.50728225708008,7181800
2014-07-16,32.637270965917615,32.67337359026474,32.46397451281626,32.51451873779297,4513100
2014-07-17,32.521723489171706,32.57226768706524,32.29066351181489,32.31232452392578,3965200
2014-07-18,32.34843402650387,32.65892145374133,32.34121460574492,32.63726043701172,5929300
2014-07-21,32.51450283868925,32.51450283868925,32.377311831473044,32.48562240600586,5085300
2014-07-22,32.442290406272306,32.51449560359225,32.36286303654933,32.42784881591797,13404200
2014-07-23,32.48561643546775,32.50005527192957,32.35564487169681,32.384525299072266,2796500
2014-07-24,32.44230058708288,32.52894740194805,32.39897580242401,32.47118377685547,3449600
2014-07-25,32.442305465969426,32.47118866008565,32.26900905572506,32.341217041015625,2477800
2014-07-28,32.312339072814574,32.37010547038966,32.1318232120726,32.175148010253906,30101200
2014-07-29,32.211254714188215,32.29790156707962,32.02351665272741,32.030738830566406,6319100
2014-07-30,32.08127921127367,32.124604009751884,31.691364288330078,31.691364288330078,22406900
2014-07-31,31.42419369625044,31.51084051700472,31.128147867091613,31.149808883666992,10784500
2014-08-01,31.10649157960984,31.52528690563527,31.10649157960984,31.38809585571289,11890000
2014-08-04,31.431405612132938,31.546935597037997,31.30143403480823,31.489171981811523,5024400
2014-08-05,31.39532026921823,31.554175118719417,31.222026573811146,31.35199546813965,4571700
2014-08-06,31.041503861601477,31.640814994980325,31.027062264423876,31.61915397644043,27891900
2014-08-07,31.6985951139982,31.6985951139982,31.28701905674717,31.359224319458008,5532600
2014-08-08,31.388088675897585,31.705795497259192,31.35920548637765,31.676912307739258,5259400
2014-08-11,31.79243863559213,32.05238180231235,31.763558203863848,31.90074920654297,23734600
2014-08-12,31.886308775050757,31.936852975481845,31.799661967804944,31.87908935546875,3954200
2014-08-13,31.951296596511153,32.030723989214884,31.850208189234593,31.972957611083984,2704300
2014-08-14,32.08127858412396,32.11016178254481,31.936865346473127,32.10293960571289,2196100
2014-08-15,32.2689972622222,32.34842463978663,31.9729515168606,32.14624786376953,4542700
2014-08-18,32.2256841677211,32.36287519595521,32.18958155549662,32.33399200439453,4427600
2014-08-19,32.39176347138658,32.45674928537124,32.25456966716722,32.42064666748047,2627900
2014-08-20,32.34121936378091,32.43508561972068,32.30511674576921,32.398983001708984,5580000
2014-08-21,32.41342416869263,32.60116218698157,32.41342416869263,32.456748962402344,1724000
2014-08-22,32.4928493568058,32.54339356878237,32.3773193359375,32.3773193359375,5176500
2014-08-25,32.52895524320639,32.60116323504393,32.50007204647138,32.557838439941406,1985200
2014-08-26,32.57949681129678,32.630041024246786,32.51451100115347,32.53617477416992,1792300
2014-08-27,32.56504842835462,32.56504842835462,32.48562379202117,32.55060958862305,2054500
2014-08-28,32.463956010735735,32.57226657650169,32.435072825937866,32.56504440307617,2797700
2014-08-29,32.59394274996847,32.61560377141713,32.485634888271825,32.58672332763672,3076400
2014-09-02,32.6228191590306,32.74556859429862,32.50006696930976,32.601158142089844,11691900
2014-09-03,32.6805892639962,32.695030862968935,32.58672300235342,32.622825622558594,2391400
2014-09-04,32.67336707050944,32.810558117434425,32.630042277265865,32.72391128540039,4379600
2014-09-05,32.73112817094305,32.911643981933594,32.62281758256765,32.911643981933594,5067000
2014-09-08,32.803324869716434,32.86831065496478,32.65169228895427,32.666133880615234,4229500
2014-09-09,32.68781176700161,32.68781176700161,32.54339853028603,32.58672332763672,3452700
2014-09-10,32.62282169167704,32.78167650678263,32.57227747858945,32.74557113647461,4186400
2014-09-11,32.67336674914048,32.78167735395754,32.64448355392884,32.760013580322266,3924700
2014-09-12,32.71668773009775,32.738348746756174,32.46396393312079,32.52894973754883,5778400
2014-09-15,32.63004640687352,32.71669600432691,32.59394378516134,32.68781280517578,6105500
2014-09-16,32.6372542432263,33.01994682323826,32.60837105676631,32.93330001831055,8388400
2014-09-17,32.897200792477555,32.99828920102157,32.796109629481,32.8610954284668,10476000
2014-09-18,32.91164377021599,32.96218797661198,32.84665796849933,32.926082611083984,6364600
2014-09-19,33.06197275014732,33.12737016975985,32.96750919472939,33.0111083984375,5411900
2014-09-22,32.98930646371991,33.04017080969591,32.90210806613338,32.952972412109375,6516500
2014-09-23,32.84396300893307,32.902092474545505,32.66230392456055,32.66230392456055,6715600
2014-09-24,32.65505495324524,33.09830381976178,32.65505495324524,33.083770751953125,14707300
2014-09-25,32.98202582212594,32.9892937384041,32.64777374267578,32.64777374267578,11438400
2014-09-26,32.720448368466606,32.83671012480974,32.531524053871095,32.77131271362305,3935200
2014-09-29,32.57511761871015,32.807641091185886,32.55331663748537,32.764041900634766,11255800
2014-09-30,32.7785758972168,32.858506362886565,32.662314157669464,32.7785758972168,7122400
2014-10-01,32.749510244456346,32.749510244456346,32.51698676198843,32.57511901855469,18044800
2014-10-02,32.5533245221286,32.71318548763703,32.48066195884247,32.63325500488281,16950100
2014-10-03,32.82943587572354,33.03289319994039,32.69864108961323,33.01836013793945,9134100
2014-10-06,33.10557091584841,33.10557091584841,32.81491511070625,33.03290557861328,6884100
2014-10-07,32.8657627448665,33.076487957822025,32.83669662475586,32.83669662475586,11318600
2014-10-08,32.88758357355762,33.33083250852971,32.843987135297866,33.31629943847656,9800300
2014-10-09,33.28722157025445,33.505211982295,32.982032775878906,32.982032775878906,15077400
2014-10-10,33.011104285955916,33.483419232305906,33.011104285955916,33.14189910888672,11403400
2014-10-13,33.12736516595881,33.178229509985705,32.662318150913535,32.68411636352539,20244600
2014-10-14,32.7858326325739,32.851230017536324,32.58964047768662,32.66957092285156,12854000
2014-10-15,32.36438953561391,32.560581718151816,31.81214425767799,32.277191162109375,22241300
2014-10-16,31.848482630232056,32.20453300215008,31.746751180642615,32.03740692138672,19593400
2014-10-17,32.32806562451068,32.5169899329774,32.030144710302366,32.42979431152344,12534400
2014-10-20,32.371668493207274,32.92391400677656,32.34260235630376,32.89484786987305,17229300
2014-10-21,32.79311689548531,33.03290557861328,32.662322060361255,33.03290557861328,13863600
2014-10-22,33.05469216008941,33.33081200554891,32.996559915636055,33.10555648803711,10426900
2014-10-23,33.23636657799436,33.30902914513837,33.02564125261777,33.083770751953125,12604800
2014-10-24,33.20002902696633,33.38895611668786,33.14916468094106,33.35988998413086,9205600
2014-10-27,33.27269703284673,33.57788313352944,33.23636575017962,33.439823150634766,4917200
2014-10-28,33.58514692674505,33.58514692674505,33.42528597637216,33.570613861083984,5633500
2014-10-29,33.570598666997626,33.64326119051698,33.316274290884685,33.51246643066406,6381200
2014-10-30,33.54881535220107,33.80313986218801,33.338092814313555,33.723209381103516,5020200
2014-10-31,34.02838718432956,34.03565232938662,33.83219500501096,33.94118881225586,8184300
2014-11-03,33.890346987640264,34.09380444713142,33.890346987640264,34.07200622558594,14994800
2014-11-04,34.013865804169235,34.30451882854343,33.99933273716566,34.25365447998047,10508200
2014-11-05,34.449850958428556,34.63877530888391,34.32632403157303,34.49345016479492,7780400
2014-11-06,34.529777421830225,34.63877126717939,34.40624773748888,34.56610870361328,5638000
2014-11-07,34.51521943497895,34.689613342285156,34.38442469747358,34.689613342285156,5912000
2014-11-10,34.631495058699095,34.84948545167305,34.55156460116573,34.842220306396484,4209500
2014-11-11,34.827681646232776,34.87854597068821,34.70415202119973,34.776817321777344,3277800
2014-11-12,34.63148949251992,34.827681646232776,34.624224348411055,34.776817321777344,4923700
2014-11-13,34.80588411390513,35.067470885340846,34.77681799311299,34.90034484863281,7507100
2014-11-14,34.91488019998479,34.92941326133445,34.616959372061764,34.70415496826172,7544500
2014-11-17,34.646039299864675,34.93669509887695,34.646039299864675,34.93669509887695,4049600
2014-11-18,34.936689953425386,35.12561425462933,34.87855769342496,35.067481994628906,5015400
2014-11-19,35.052956139611176,35.249145612205524,35.00935693909072,35.21281433105469,4919500
2014-11-20,35.10380273071236,35.16193219676971,35.009339229984285,35.060203552246094,4076000
2014-11-21,35.350867560737406,35.41626495795821,35.140142306148334,35.20553970336914,5042300
2014-11-24,35.27094473432304,35.358140358856524,35.12561684550128,35.183746337890625,4912000
2014-11-25,35.183748197374385,35.30001273209559,35.125618701912856,35.21281433105469,6157500
2014-11-26,35.21280828408049,35.37993436619362,35.20554313785757,35.3726692199707,3644800
2014-11-28,35.481682752371135,35.910395881617475,35.459881759499346,35.82320022583008,4640900
2014-12-01,35.66332159537799,35.743249283876935,35.53252680052759,35.59065628051758,8330400
2014-12-02,35.576121103292365,35.74324715969167,35.55432289607885,35.71418380737305,6130900
2014-12-03,35.72145518990004,35.72145518990004,35.37993510046438,35.45986557006836,5909600
2014-12-04,35.46712780394816,35.51072421900038,35.27093562051854,35.43079376220703,8023900
2014-12-05,35.40901635239765,35.5034799269916,35.27822148662135,35.496212005615234,6732100
2014-12-08,35.45986185046809,35.612454855397274,35.32906705427211,35.42353057861328,4653600
2014-12-09,35.154680838124605,35.32180692993368,34.95848861594037,35.307273864746094,6120000
2014-12-10,35.30726694969669,35.40899561418711,34.93668356163899,34.97301483154297,5304800
2014-12-11,35.096545796433475,35.46713199960586,34.98028405604378,35.263671875,5233700
2014-12-12,35.052951354909474,35.394468677389405,34.805894796148095,34.81315994262695,6812500
2014-12-15,34.958494139073395,35.060222839559955,34.471646080017315,34.58064270019531,9451300
2014-12-16,34.42804995957656,35.147418789153654,34.42804995957656,34.44984817504883,9811500
2014-12-17,34.55157940841849,35.06749087299621,34.51524812266925,34.951229095458984,10126400
2014-12-18,35.45260958898595,35.641533934428516,35.1038242630078,35.61973571777344,8726300
2014-12-19,35.74414041721469,35.87587580139248,35.561174916060196,35.5831298828125,13154400
2014-12-22,35.678275551691556,35.92710876464844,35.67095815947174,35.92710876464844,5125700
2014-12-23,36.08079100944724,36.256439093355674,35.98564818100385,36.175933837890625,5563500
2014-12-24,36.28571237746274,36.322304912115186,36.11738169276486,36.139339447021484,1478000
2014-12-26,36.175932457940064,36.30766781788838,36.16129488552009,36.1978874206543,3302400
2014-12-29,36.153983382839264,36.1905759239325,35.94174273593379,36.08811569213867,13478700
2014-12-30,36.03688919077114,36.117391672517954,35.91247118837659,35.92710876464844,5094900
2014-12-31,36.05883895130353,36.05883895130353,35.4733499441528,35.48798751831055,5218700
2015-01-02,35.58312781453684,35.66363307705855,35.16596671949872,35.38552474975586,7612100
2015-01-05,35.3196728783635,35.400178176937125,35.04156721835127,35.1367073059082,8272700
2015-01-06,35.385516478807,35.47334190384716,34.99031323345099,35.0927734375,11112400
2015-01-07,35.34894077124594,35.736829603536655,35.31234822264597,35.69291687011719,9226100
2015-01-08,36.00761398859766,36.278402169672965,35.93442610733933,36.23448944091797,12904100
2015-01-09,36.35158286149704,36.35158286149704,35.941741943359375,35.941741943359375,6382800
2015-01-12,35.92711690093856,36.1173998519008,35.736833949976315,35.831974029541016,6256400
2015-01-13,36.07347919150201,36.27108226948787,35.61240534286835,35.82464599609375,10135000
2015-01-14,35.553855091931794,35.75145536284728,35.46602964726736,35.71486282348633,13315500
2015-01-15,35.949063758233955,35.99297648708013,35.63436284775022,35.77341842651367,10898400
2015-01-16,35.68558674016131,36.09543042902708,35.61971905430488,36.058837890625,12948500
2015-01-20,36.19789145646242,36.36621937031231,35.90514835091854,36.2052116394043,9978200
2015-01-21,36.13202239454948,36.388175742966126,35.94905691360831,36.380855560302734,7588600
2015-01-22,36.53454359562716,36.7541043924079,36.212525374490376,36.74678421020508,12062000
2015-01-23,36.57115168340902,36.629699202302554,36.32963583941293,36.33695602416992,6423700
2015-01-26,36.32231844648842,36.38818615013894,36.13935291321834,36.33695602416992,4428600
2015-01-27,35.97101465719753,36.08079227062486,35.7514538466795,35.91978454589844,10344800
2015-01-28,36.05152876092651,36.16130920162219,35.473359776516,35.50263214111328,7765700
2015-01-29,35.641667254936756,35.831950078709944,35.34160405355879,35.78804016113281,9765600
2015-01-30,35.59776223099879,35.61971719452738,35.09277852702018,35.14400863647461,10951600
2015-02-02,35.209879082166694,35.58312745060318,34.89517821834512,35.56117248535156,14354100
2015-02-03,35.78074214303172,35.890522588634894,35.57582162252735,35.875885009765625,6279600
2015-02-04,35.810016716622435,36.146672649625856,35.810016716622435,35.89052200317383,7901300
2015-02-05,36.000294630490295,36.088120090015224,35.91247196279764,36.073482513427734,8079500
2015-02-06,36.08079204819526,36.21984759957699,35.773411382295635,35.9124641418457,6304100
2015-02-09,35.85392233138157,35.883194690995964,35.5465388248575,35.64168167114258,5656100
2015-02-10,35.97833263104139,36.09543042902708,35.75877460879719,36.058837890625,5055100
2015-02-11,36.08080747620275,36.30768577316353,35.963709630765905,36.22718048095703,4618000
2015-02-12,36.31498729668688,36.39549255371094,36.20520968497087,36.39549255371094,7150600
2015-02-13,36.315003167076455,36.33696093248095,36.146675188750535,36.22718048095703,5932000
2015-02-17,36.17594192774351,36.27108477746324,36.000293804555724,36.23448944091797,4887500
2015-02-18,36.227177871873984,36.432098388671875,36.14667258546549,36.432098388671875,5251200
2015-02-19,36.36621531573682,36.37353549786254,36.15397749522584,36.1978874206543,4380200
2015-02-20,36.07346719860793,36.31498013018763,35.934411675978296,36.30034255981445,5898000
2015-02-23,36.24180244273583,36.41013034852328,36.24180244273583,36.40281295776367,4710600
2015-02-24,36.43941046353165,36.55650827447253,36.30035489365484,36.5272331237793,4275800
2015-02-25,36.51991075273892,36.556503290200254,36.35890023771108,36.40281295776367,3282600
2015-02-26,36.40281422943917,36.49063688078065,36.30767139525073,36.454044342041016,4124200
2015-02-27,36.44672773792383,36.6736059673177,36.42477277089063,36.60041809082031,4578900
2015-03-02,36.6296939254898,36.695561619651535,36.54918865575522,36.66628646850586,5511200
2015-03-03,36.666285901824075,36.6736060854134,36.366222586798585,36.5272331237793,5818200
2015-03-04,36.454045508474174,36.468683082804745,36.18325457110644,36.271080017089844,3635800
2015-03-05,36.36621740718735,36.45404284675812,36.27839475944821,36.39549255371094,5336300
2015-03-06,36.132025090165655,36.20521296310129,35.605086364188566,35.68558883666992,12065500
2015-03-09,35.82465026831565,35.949065484940746,35.714869836843334,35.88319778442383,6436500
2015-03-10,35.670966418604586,35.69292139217962,35.363582829389806,35.37090301513672,7996200
2015-03-11,35.42212254341688,35.42212254341688,35.063508928666266,35.100101470947266,8699500
2015-03-12,35.2611217851116,35.6124153137207,35.224529232683466,35.6124153137207,9905500
2015-03-13,35.53921276911822,35.55385034127311,35.12205173411397,35.33428955078125,5821400
2015-03-16,35.444079721733,35.773418206473046,35.444079721733,35.76609802246094,22130500
2015-03-17,35.64167264268398,35.67094778671474,35.40747707410068,35.50993728637695,7487500
2015-03-18,35.42213288989038,35.897841662157454,35.012289037868406,35.751468658447266,19747300
2015-03-19,35.67094790791313,35.75145036652415,35.524574979093394,35.5904426574707,20386700
2015-03-20,35.764224219015254,36.044035697066114,35.71268036897025,36.03667068481445,7951000
2015-03-23,35.99986696766396,36.279678546115626,35.970412525946905,36.0955924987793,4669300
2015-03-24,36.183936336797835,36.27966182379058,35.889400482177734,35.889400482177734,6939800
2015-03-25,36.294388669819185,36.34593251407824,35.8010368347168,35.8010368347168,18476700
2015-03-26,35.624326287582186,35.84522894304149,35.56541741469722,35.64641571044922,7616000
2015-03-27,35.65377675583664,35.91149885293422,35.639052347023814,35.86731719970703,4950100
2015-03-30,35.94094902162121,36.2575771431697,35.80104187414257,36.22812271118164,25326800
2015-03-31,36.080848647234355,36.22811797900884,35.889400482177734,35.889400482177734,7411800
2015-04-01,35.874676253653476,35.94094731802073,35.587502577705074,35.9335823059082,8033400
2015-04-02,35.94830709872006,36.24284576693263,35.8967632531222,36.17657470703125,4821000
2015-04-06,36.11767019117237,36.61838430196238,36.021944691157714,36.46375274658203,5615300
2015-04-07,36.522660282852705,36.59629636620715,36.294395446777344,36.294395446777344,7660800
2015-04-08,36.30175433807586,36.4490236824169,36.19130443651691,36.35329818725586,5039200
2015-04-09,36.35329506196728,36.52265381027454,36.220752944347886,36.456382751464844,4785400
2015-04-10,36.55210991653466,36.64783540786103,36.426932804663174,36.52265548706055,4605100
2015-04-13,36.426934263890935,36.56683859610391,36.34593598405691,36.35329818725586,3712800
2015-04-14,36.28703011251924,36.493208335155835,36.20603182601158,36.43429946899414,5722200
2015-04-15,36.485842647507965,36.63311200125868,36.30912167015054,36.33121109008789,6764300
2015-04-16,36.37539225906887,36.60365708588864,36.3459378269214,36.46375274658203,5796400
2015-04-17,36.294385434482145,36.31647484893013,35.9262135460632,36.12502670288086,5539800
2015-04-20,36.183942552810144,36.46375405035739,36.183942552810144,36.250213623046875,3976200
2015-04-21,36.30176295451723,36.48584897640518,36.25758410697918,36.316490173339844,3948500
2015-04-22,36.345934652971614,36.412205715051606,36.132394251943985,36.33856964111328,2897700
2015-04-23,36.132403496841576,36.39012279924369,36.12504129202854,36.213401794433594,6320800
2015-04-24,36.31648202717155,36.31648202717155,36.176577693133446,36.22075653076172,6555100
2015-04-27,36.27230685874657,36.28703407689595,35.99986034530716,36.021949768066406,6888100
2015-04-28,36.0219573978318,36.10295571034471,35.86732578790545,36.05877685546875,3665100
2015-04-29,35.94094994882173,36.014583221762216,35.68322787567143,35.734771728515625,9409300
2015-04-30,35.64641687026216,35.78632123452147,35.47705806860201,35.61696243286133,8286300
2015-05-01,35.74950507894054,35.95568333462357,35.64641735556391,35.940956115722656,5158300
2015-05-04,35.940952633783745,36.08821919066622,35.93358762058191,35.992496490478516,6710200
2015-05-05,35.97776491890374,36.02194375705006,35.65377179154172,35.705318450927734,6537400
2015-05-06,35.77895255992783,35.90412968285165,35.59486657285451,35.81576919555664,6233300
2015-05-07,35.697946039830526,35.97775746212308,35.61694777477779,35.90412139892578,6433800
2015-05-08,36.08822067829341,36.3459427813206,36.08822067829341,36.20603561401367,6946500
2015-05-11,36.10295571034471,36.32386122044548,36.044049634200015,36.05877685546875,3988400
2015-05-12,35.720045861450295,36.095582870848695,35.720045861450295,35.97776794433594,4903400
2015-05-13,35.97040541739987,36.220762504658396,35.91886155904631,35.963043212890625,3716900
2015-05-14,36.11031209390357,36.53002796848087,36.11031209390357,36.51530075073242,6174300
2015-05-15,36.522668744322154,36.633121490478516,36.48585209858003,36.633121490478516,5014300
2015-05-18,36.59629904388411,36.61102626163256,36.456391879738625,36.51530075073242,6199900
2015-05-19,36.537382014906875,36.537382014906875,36.30175220140172,36.4195671081543,5157200
2015-05-20,36.36802407068861,36.51529340963626,36.33856964111328,36.33856964111328,5463200
2015-05-21,36.34593384478229,36.463748751534865,36.22075392633514,36.4195671081543,4313600
2015-05-22,36.25022257834544,36.37540254590804,36.24286037269119,36.264949798583984,5336900
2015-05-26,36.22076000136189,36.23548721829216,35.904131859684576,35.97776794433594,8790100
2015-05-27,36.05140403755514,36.26494448633862,36.02194960139266,36.20603561401367,7599900
2015-05-28,36.169218642507104,36.20603528290869,35.99985984951612,36.15449142456055,5741300
2015-05-29,36.0955825346092,36.132399172127215,35.85995268377863,35.92622375488281,6663600
2015-06-01,35.99985702991884,36.07349311388427,35.80104381660629,35.92622375488281,5992300
2015-06-02,35.82313553787185,35.91149602844699,35.65377395161959,35.83049774169922,4998200
2015-06-03,35.8746817189946,35.97776943284213,35.756866787607485,35.80841064453125,5892700
2015-06-04,35.742136887283166,35.83049737695883,35.47705260932686,35.55068588256836,7084800
2015-06-05,35.454967668620846,35.543328169460224,35.020524560176874,35.0426139831543,9482300
2015-06-08,35.02051941871274,35.15306155497775,34.946883338049254,35.02788162231445,10944000
2015-06-09,35.07205800249087,35.32977722377755,35.013149146808864,35.197235107421875,7096700
2015-06-10,35.28559765677908,35.61695296715168,35.28559765677908,35.54331970214844,7091600
2015-06-11,35.572784257032716,35.690599199929736,35.491785957116676,35.528602600097656,7469300
2015-06-12,35.44023862008883,35.46969024622787,35.26351481860693,35.388694763183594,6748800
2015-06-15,35.24878492361638,35.31505599302203,35.10888058106193,35.1309700012207,7632600
2015-06-16,35.22670031693348,35.53596347713222,35.17515645690036,35.51387405395508,5036400
2015-06-17,35.624320169087234,35.7642245047659,35.43286917402256,35.705318450927734,10508800
2015-06-18,35.815773510107306,36.242854399851794,35.786319074484325,36.10294723510742,8821000
2015-06-19,36.126652341054665,36.23778960854021,36.05256271362305,36.05256271362305,8908200
2015-06-22,36.2526180955709,36.341526238271946,36.15629929228041,36.19334411621094,4445900
2015-06-23,36.2081548440406,36.21556550304039,35.96365679747527,36.03774642944336,5107500
2015-06-24,36.02292649964181,36.08220046392053,35.8747444152832,35.8747444152832,6765100
2015-06-25,36.015520554949696,36.015520554949696,35.808067321777344,35.808067321777344,6443700
2015-06-26,35.85991861082778,36.00809782694917,35.81546315018894,35.882144927978516,4608000
2015-06-29,35.696930876543355,35.76361267823407,35.31165855859016,35.32647705078125,8106200
2015-06-30,35.69692823266961,35.69692823266961,35.25979263759301,35.2672004699707,10039900
2015-07-01,35.50429426950358,35.71915817260742,35.35611499624153,35.71915817260742,6859600
2015-07-02,35.741380287191696,35.88215169960815,35.58578755876118,35.68951416015625,6956600
2015-07-06,35.45242934595466,35.7932490074344,35.41538452932422,35.65988540649414,8740700
2015-07-07,35.756205741951234,36.423023828288336,35.63766061841783,36.39338684082031,17427000
2015-07-08,36.08220823434084,36.252616678832894,35.96366310659251,35.98588943481445,11754300
2015-07-09,36.42302065315049,36.48970245597128,36.01552200317383,36.01552200317383,8359900
2015-07-10,36.34892376807847,36.526739989245755,36.31187613119223,36.43783187866211,7782500
2015-07-13,36.60824378519826,36.79347068207264,36.60824378519826,36.77865219116211,7031800
2015-07-14,36.78607689125014,36.852758712631285,36.719395069868995,36.83794021606445,6858300
2015-07-15,36.83051960976803,36.84533810233363,36.66752184422335,36.74161148071289,5980500
2015-07-16,36.92684534613613,37.1713434536252,36.882389860074944,37.11948013305664,4451200
2015-07-17,37.03055104040075,37.10464347525793,36.88236899702378,37.097232818603516,4874400
2015-07-20,37.11946588720128,37.20837682520107,37.01573928587277,37.16392135620117,6345400
2015-07-21,37.07502746582031,37.18616194144227,36.97130082470422,37.07502746582031,6146000
2015-07-22,37.075020547454685,37.28988445043716,37.052791395407155,37.15652084350586,6107900
2015-07-23,37.237991946154054,37.237991946154054,36.96385709327429,37.01572036743164,4535100
2015-07-24,37.104668116578154,37.104668116578154,36.76384834257048,36.80830383300781,9950100
2015-07-27,36.66010838393389,36.84533528734483,36.54897393769027,36.78606414794922,9567100
2015-07-28,36.9490610004922,37.20838035475016,36.845334389324286,37.20096969604492,8765800
2015-07-29,37.23801242889779,37.4084236535339,37.16392280401619,37.32692337036133,6105100
2015-07-30,37.149106390460965,37.25283300162888,36.95647165919744,37.20096969604492,7029100
2015-07-31,37.32692968719397,37.35656384635878,37.223203064270876,37.27506637573242,6168800
2015-08-03,37.26764940938563,37.363968182802125,37.16392280401619,37.32692337036133,6961400
2015-08-04,37.30469422182643,37.37878667304605,37.12687799157539,37.32692337036133,5633000
2015-08-05,37.44547795009663,37.704794529199475,37.430659456099505,37.652931213378906,5239900
2015-08-06,37.7492366199357,37.7492366199357,37.31950892547793,37.37137222290039,7889500
2015-08-07,37.31210342652958,37.41583002785809,37.00092079620614,37.16392135620117,6889700
2015-08-10,37.267642694234205,37.42323257425307,37.23800571908656,37.3046875,5780000
2015-08-11,37.060206474246414,37.25284124815279,37.0453879798938,37.17134094238281,5616200
2015-08-12,36.934234625655364,37.21578024325561,36.68232598387358,37.19355392456055,8275100
2015-08-13,37.15650542969874,37.25282135204179,37.00091273526516,37.04536819458008,4935200
2015-08-14,37.03796843354167,37.17132918786553,36.94905749554188,37.16392135620117,5247000
2015-08-17,37.04537977929305,37.21578818711722,36.91201618598054,37.20096969604492,4978400
2015-08-18,37.06758364158899,37.17131018990368,36.97126774748904,37.01572036743164,5108300
2015-08-19,36.93425097456085,36.94906946902947,36.4971152799224,36.67493438720703,9309200
2015-08-20,36.42302251622873,36.66752341452428,36.26743257713442,36.341522216796875,12756300
2015-08-21,36.05997599743993,36.14147629573893,35.34870529174805,35.34870529174805,23544300
2015-08-24,33.637197734733675,34.89673807778566,32.39247305278849,34.1187858581543,68723800
2015-08-25,35.348701034143986,35.348701034143986,33.82243318197176,33.85947799682617,35853900
2015-08-26,34.533697169587924,34.91896938802402,33.896516301648916,34.85969543457031,24372800
2015-08-27,35.1412359770266,35.482052681067515,34.726326841887264,35.37091827392578,19550400
2015-08-28,35.274610529933355,35.33388166696337,35.081972975325,35.296836853027344,8695300
2015-08-31,35.20793521886947,35.20793521886947,34.95602648083484,35.052345275878906,12948300
2015-09-01,34.355894084821536,34.711529491629676,34.118803813616104,34.33366775512695,15589300
2015-09-02,34.630029483880705,34.80784576115816,34.46702887442739,34.800437927246094,9637300
2015-09-03,34.941202582160315,35.252385246342826,34.86711295210355,35.03752136230469,7626800
2015-09-04,34.57816021349739,34.66707117043276,34.333662147771385,34.46702575683594,10507100
2015-09-08,35.022698903624715,35.22274427372255,34.77819806472584,35.185699462890625,6867300
2015-09-09,35.511700040051736,35.51910787215961,34.518883783649876,34.607791900634766,7587400
2015-09-10,34.444796759024634,34.91156652820657,34.42997826735149,34.66706848144531,14986300
2015-09-11,34.63002322142925,34.904158248022036,34.504067456991535,34.89674758911133,5127300
2015-09-14,34.881940448075255,34.94861943653645,34.64484735274448,34.785621643066406,6180100
2015-09-15,34.830065754091756,35.267201360202755,34.689294324656714,35.20051956176758,7284500
2015-09-16,35.51911234524015,35.645068117640825,35.31906693707798,35.60061264038086,11470700
2015-09-17,35.570975655540884,36.022929782165974,35.49688601977939,35.60061264038086,13063900
2015-09-18,35.188987731933594,35.57674552513872,35.047308148570295,35.188987731933594,10970800
2015-09-21,35.27847391907365,35.54691900885988,35.27101545169045,35.449981689453125,9770600
2015-09-22,35.092045887546135,35.15169939326236,34.875795884610696,35.062217712402344,10674800
2015-09-23,35.05476758987524,35.181535942123375,34.942916173320796,35.12187957763672,6458500
2015-09-24,34.860887985191404,35.23373170695816,34.84597389497211,35.18153381347656,7740100
2015-09-25,35.38287701699102,35.763176439531286,35.27102273970553,35.40524673461914,12257300
2015-09-28,35.31576277812079,35.390330395196855,34.816150641079986,34.883262634277344,15816000
2015-09-29,34.98020526068194,34.99511935405557,34.65955936458023,34.868350982666016,15304100
2015-09-30,35.01002434711382,35.308297603337344,34.950367989126086,35.188987731933594,12715600
2015-10-01,35.21136028846485,35.29338635841213,34.927998277166544,35.188987731933594,13766200
2015-10-02,34.9951227559765,35.68861252011641,34.81615646266796,35.67369842529297,13196700
2015-10-05,35.93467841163916,36.329894707867865,35.822826997084306,36.285152435302734,10515800
2015-10-06,36.2105817072973,36.3373472017907,36.02415985452109,36.0390739440918,9444000
2015-10-07,36.21058237936702,36.43428803793611,36.09127250515871,36.3671760559082,11944000
2015-10-08,36.31497608141718,36.81458526208803,36.24786410323749,36.7996711730957,12447100
2015-10-09,36.86678833200756,36.99355668397079,36.76239253896255,36.8817024230957,12459500
2015-10-12,36.896615433713,37.06066758630653,36.85933162937045,36.978641510009766,5652600
2015-10-13,36.91154139770691,36.96373930949137,36.702749750569055,36.754947662353516,10162600
2015-10-14,36.68782081712647,36.8369588667246,36.24786513532643,36.329891204833984,10771200
2015-10-15,36.55358992570406,36.68035539485377,36.404451904385276,36.65798568725586,5255600
2015-10-16,36.687815236275036,37.04574479412025,36.68035677041526,37.008460998535156,6921900
2015-10-19,37.008485564244616,37.17999341343756,36.89663125867075,37.17253494262695,6284300
2015-10-20,37.16506820635921,37.217266108136926,37.09050058798312,37.15015411376953,6078400
2015-10-21,37.08302615728467,37.41112751931185,37.08302615728467,37.157596588134766,14418900
2015-10-22,37.30674210989935,37.948033770254504,37.24708859324196,37.895835876464844,13590300
2015-10-23,38.030074458768226,38.12701466073179,37.627402399448464,37.83619689941406,13360200
2015-10-26,37.83617856784237,37.91074616733386,37.70195461310042,37.7616081237793,8893000
2015-10-27,37.64230827044903,37.81381607055664,37.52299837278407,37.81381607055664,5126200
2015-10-28,37.82126939928877,37.8287250223792,37.19489181052991,37.59756088256836,10430900
2015-10-29,37.582651010852494,37.694502428731354,37.40368475984543,37.61247634887695,5606900
2015-10-30,37.493162327956085,37.493162327956085,37.18743060149095,37.194889068603516,8577100
2015-11-02,37.21726221301823,37.426053798277216,37.165064316703486,37.41859817504883,13054000
2015-11-03,37.20235165869888,37.336575646146194,36.978645961144124,37.2396354675293,12452900
2015-11-04,37.28437812801535,37.35149012242867,36.94136253193496,37.08304214477539,8067600
2015-11-05,37.04576385137468,37.135245575724774,36.866797558101766,37.075592041015625,9691800
2015-11-06,36.904080592505416,36.97119259031904,36.40446842109904,36.672916412353516,13747200
2015-11-09,36.4939499185551,36.55360629162065,36.225504773477425,36.42683792114258,7896000
2015-11-10,36.38955301726315,36.583433379330344,36.38955301726315,36.52377700805664,7438600
2015-11-11,36.46412106704443,36.70274084719541,36.46412106704443,36.47157669067383,7264700
2015-11-12,36.382095474089915,36.419379281883195,35.97942352294922,35.97942352294922,8473500
2015-11-13,35.875024644123556,36.039076797819924,35.63640488124081,35.66623306274414,9112400
2015-11-16,35.546929729177755,36.28516177130007,35.546929729177755,36.277706146240234,9734900
2015-11-17,36.37464211903463,36.56106402877888,36.158394865606475,36.26279067993164,8056200
2015-11-18,36.367176704710225,36.784762694175036,36.3149788115986,36.76239013671875,7826200
2015-11-19,36.784769233774625,37.02338902887013,36.77731076510595,36.859336853027344,7421100
2015-11-20,37.02338067267812,37.19488843390788,36.568510902012754,36.59833908081055,5487200
2015-11-23,36.60580366850146,36.98610308531304,36.60580366850146,36.91899108886719,5316600
2015-11-24,36.82951208049861,37.112874180148395,36.66545988945306,37.015933990478516,9786000
2015-11-25,37.01592908587,37.202350971149016,36.986100901528026,37.11286926269531,5599000
2015-11-27,37.09794582824364,37.336565553744,37.09794582824364,37.254539489746094,2712600
2015-11-30,37.26200185336239,37.33656945866575,36.8444158677769,36.851871490478516,10355200
2015-12-01,36.92643840835331,37.18742784652332,36.92643840835331,37.16505813598633,10807900
2015-12-02,37.11286548130048,37.217261271288386,36.92644361501581,36.978641510009766,7832000
2015-12-03,37.11286863941377,37.24709262212625,36.643084699920074,36.784767150878906,12556000
2015-12-04,36.88170294269458,37.64230453147347,36.732564874284044,37.61247634887695,12783200
2015-12-07,37.7541569731068,37.83618304900522,37.567735107727444,37.71687316894531,9022000
2015-12-08,37.47824783942058,37.701956337268754,37.39622461405752,37.619930267333984,6436400
2015-12-09,37.4111362449394,37.81380813173429,37.11286298568417,37.262001037597656,18821800
2015-12-10,37.34402263437169,37.545355709076645,37.19488460032571,37.30673599243164,7842700
2015-12-11,36.93389405912432,37.1576025429547,36.792214484660406,36.896610260009766,11597900
2015-12-14,36.8966129526382,37.29182637232296,36.754933367834845,37.262001037597656,16609500
2015-12-15,37.55282350855505,37.67958902002862,37.35894316273744,37.50062561035156,11557500
2015-12-16,37.66466487492508,38.30595641833251,37.65720925341699,38.22393035888672,20860400
2015-12-17,38.22393843666574,38.22393843666574,37.72432919747296,37.73178482055664,10235700
2015-12-18,37.69422004595251,37.69422004595251,37.063228607177734,37.063228607177734,14720600
2015-12-21,37.31112796907871,37.49141252048155,37.16089418602303,37.48390197753906,8155500
2015-12-22,37.5439953776388,38.017239823534354,37.461365076630365,37.97216796875,7185700
2015-12-23,38.13742766084226,38.30268825891617,38.06982131304164,38.25010299682617,6464100
2015-12-24,38.16747069042229,38.32521785997539,38.16747069042229,38.21253967285156,2312100
2015-12-28,38.0472787589304,38.16746747783428,38.009717456033805,38.15995407104492,4620900
2015-12-29,38.40785203347665,38.528040774654194,38.24259143978542,38.490482330322266,4134000
2015-12-30,38.46794189503008,38.51301374393938,38.31019472213562,38.35526657104492,6942900
2015-12-31,38.22756774273244,38.235081150964085,37.88202546774373,37.92709732055664,6801400
2016-01-04,37.43132900798798,37.44635009765625,37.07075981436771,37.44635009765625,17281200
2016-01-05,37.53648420468538,37.776861695116516,37.43882995372094,37.68671798706055,8630500
2016-01-06,37.31112629254698,37.70925382322719,37.28859179920634,37.559017181396484,12429100
2016-01-07,37.13835191809069,37.50643151519497,36.97309420546408,37.108306884765625,16031500
2016-01-08,37.34867592289578,37.34867592289578,36.747729543494074,36.82284927368164,14691000
2016-01-11,37.04820727857261,37.30360866149566,36.807829843530335,37.16839599609375,15890200
2016-01-12,37.39375030986927,37.52145243691626,37.07074258710496,37.3712158203125,13171500
2016-01-13,37.41629463690226,37.44633967340134,36.65009032842526,36.68764877319336,19407900
2016-01-14,36.79280626427795,37.115813983138175,36.620035160205624,36.86041259765625,19025800
2016-01-15,36.23693251927435,36.52237891957501,35.99655222953573,36.28200149536133,24210900
2016-01-19,36.65008318055259,36.85290218137529,36.48482261717296,36.717689514160156,14945200
2016-01-20,36.31206574353517,36.477326371681905,35.598443690341625,36.259483337402344,28302800
2016-01-21,36.28951965630177,36.559942144828646,36.06416328424141,36.40219497680664,21001000
2016-01-22,36.81535188617381,37.1008012540355,36.52990538383807,37.02568435668945,13754500
2016-01-25,36.424737386070206,37.01065715744363,36.36464158104437,36.695159912109375,15869400
2016-01-26,36.80783055996584,37.2735614912347,36.77027212229539,37.03318405151367,10523400
2016-01-27,37.08576918713131,37.4613593227347,36.77027484867663,36.995628356933594,17247400
2016-01-28,37.12332497308751,37.50642848870338,37.01064965977853,37.3712158203125,15649200
2016-01-29,37.626623870701636,38.18249859089605,37.45385273395185,38.129913330078125,20576300
2016-02-01,38.047280768236746,38.41535748565106,37.93460258464651,38.25761032104492,18573100
2016-02-02,37.97968059701116,37.97968059701116,37.67920730234027,37.76934814453125,14068600
2016-02-03,37.91207439167474,37.97968073995386,37.33366515984803,37.68671798706055,25209800
2016-02-04,37.521455793807306,37.56652477695299,37.16088960101495,37.34117126464844,21240800
2016-02-05,37.40876612830116,37.52144428264772,37.085758475733805,37.28106689453125,20073300
2016-02-08,37.033185466675086,37.288586864329055,36.7252016811681,37.18342208862305,21546900
2016-02-09,36.89045059504132,37.634117197132305,36.86040270704136,37.43130111694336,24376300
2016-02-10,37.56652740377868,37.7843703893,37.34117387571637,37.38624572753906,14798700
2016-02-11,36.94305023160258,37.25854460647542,36.71769669733259,37.08577346801758,26010400
2016-02-12,37.31111812125482,37.61910474559648,37.138347023921064,37.61159133911133,12464000
2016-02-16,37.93460190343337,37.96464980058787,37.62661812141263,37.91206741333008,15217700
2016-02-17,38.07732840136161,38.415360109697076,37.96465307560008,38.30268478393555,11040500
2016-02-18,38.174985182696794,38.250102071535615,37.92709715710818,38.129913330078125,13101900
2016-02-19,38.024745674479085,38.26512313928258,37.814416109157385,38.190006256103516,9795000
2016-02-22,38.40784406854022,38.490474348250146,38.2726314045649,38.3777961730957,9152000
2016-02-23,38.302690127173285,38.44541337259134,38.21254641535846,38.370296478271484,9986500
2016-02-24,38.1900090446156,38.53555131731033,37.9947034147742,38.490482330322266,13271700
2016-02-25,38.58813101333248,38.94869721164436,38.497990180135865,38.92616271972656,9512000
2016-02-26,39.03132213862642,39.03132213862642,38.30267930000942,38.3777961730957,28143900
2016-02-29,38.35527065548047,38.65574108362992,38.24259245397086,38.25010299682617,13596800
2016-03-01,38.467942687355695,38.68578566328281,38.407849753097615,38.61817932128906,13169700
2016-03-02,38.663247698502296,38.73085403442383,38.422870252009105,38.73085403442383,16157700
2016-03-03,38.57310706354547,38.92616271972656,38.437894380987835,38.92616271972656,10743600
2016-03-04,38.91113850398156,39.18907440932793,38.760901872663794,39.09142303466797,17384700
2016-03-07,38.92616440252609,39.06137709092904,38.78344117166766,38.85104751586914,14095900
2016-03-08,38.74587452819747,39.174046995680264,38.67826819830413,38.963714599609375,11554900
2016-03-09,39.083904619270335,39.30926097013494,39.0763940781532,39.256675720214844,11307500
2016-03-10,39.39939628870654,39.489537097148435,38.93366543531134,39.27169418334961,13004500
2016-03-11,39.46701659446805,39.54964689211739,39.256684146217275,39.399410247802734,12880500
2016-03-14,39.376869201660156,39.46701289912408,39.25668047056698,39.376869201660156,10645100
2016-03-15,39.26419587791597,39.527107845096204,39.1965895341374,39.474525451660156,6523700
2016-03-16,39.44447420632627,39.65480662776108,39.1740517196677,39.56466293334961,13743400
2016-03-17,39.5496370798364,39.93273770554198,39.51207577893248,39.80503845214844,13903400
2016-03-18,39.87375532416967,39.911506835116526,39.69254403926683,39.75294876098633,13037000
2016-03-21,39.768048402752065,39.91905733188951,39.594389142333526,39.77560043334961,11421400
2016-03-22,39.64722833004831,39.75293656061506,39.481121156810104,39.54152297973633,9853200
2016-03-23,39.45848805288243,39.97191677043903,39.44338974965098,39.549095153808594,11304300
2016-03-24,39.41317617009613,39.54153187284149,39.375424662244875,39.503780364990234,9455500
2016-03-28,39.54909127528347,39.7982535777548,39.54909127528347,39.7151985168457,7363500
2016-03-29,39.692543603142134,40.024760928182154,39.639690912346126,40.00966262817383,10354700
2016-03-30,40.14555578247537,40.2739143371582,40.04740245976738,40.2739143371582,8932300
2016-03-31,40.20597215069765,40.27392602165553,40.01721171806526,40.06251525878906,8297400
2016-04-01,39.89640844177963,40.5985975394164,39.8435557467107,40.4853401184082,14840300
2016-04-04,40.53819020133708,40.58349374287233,40.289027923532394,40.50043869018555,12949000
2016-04-05,40.334323993119156,40.42493106587487,40.13801442932581,40.22861862182617,11748800
2016-04-06,40.12291007356985,40.55328355418847,40.12291007356985,40.54573440551758,11672400
2016-04-07,40.27392105603867,40.41737793025958,39.979455278279524,40.107810974121094,11243400
2016-04-08,40.28147487147903,40.372081952251435,40.19842270115439,40.326778411865234,7040200
2016-04-11,40.37208380398458,40.50043952058267,40.009664105038766,40.03986358642578,6694100
2016-04-12,40.04742641404517,40.33434028623819,40.04742641404517,40.289039611816406,9361100
2016-04-13,40.38717720338098,40.43247785686126,39.79824278584067,39.979454040527344,14780000
2016-04-14,39.956810190535045,40.05496642982032,39.76804974281652,39.79825210571289,11811300
2016-04-15,39.79069099596832,40.062506419829425,39.7453874652398,40.04740524291992,12384200
2016-04-18,39.979448608524656,40.2739143371582,39.94924625680461,40.2739143371582,8476800
2016-04-19,40.19086177235138,40.28901798132771,40.07005523832474,40.25126647949219,5980100
2016-04-20,40.18332503200196,40.18332503200196,39.70009874668347,39.79825210571289,20207300
2016-04-21,39.647245581619956,39.70010116002959,39.05831387061921,39.08851623535156,30667400
2016-04-22,38.96014865185501,39.231964111328125,38.9148479954464,39.231964111328125,22004200
2016-04-25,39.013002122157616,39.503780364990234,39.00545297268953,39.503780364990234,8947300
2016-04-26,39.60193675999519,39.62458708875231,39.277268606617724,39.34522247314453,10821800
2016-04-27,39.488666356294324,39.65477639317874,39.19420065836612,39.53396987915039,12012100
2016-04-28,39.38297875357954,39.80580318323471,39.37542960316418,39.571739196777344,11547000
2016-04-29,39.56419533813906,39.57174448956413,39.25462828509978,39.48868942260742,13198500
2016-05-02,39.60193070103894,39.979451483927285,39.4735721371243,39.94169998168945,14096300
2016-05-03,39.79824943627452,40.02476138229246,39.752948775224326,39.86620330810547,12837300
2016-05-04,39.75295364572309,40.062520681935155,39.639696218710085,39.98701477050781,11003200
2016-05-05,39.896400207736605,40.213516312701984,39.8661978510003,39.99455642700195,10555900
2016-05-06,39.93415894406059,40.19842529296875,39.805803225073944,40.19842529296875,8435400
2016-05-09,40.22107550806711,40.53064251913056,40.13047130197082,40.41738510131836,9845100
2016-05-10,40.54573142820818,40.81754684448242,40.50042789874417,40.81754684448242,8567400
2016-05-11,40.757160540912565,40.80246409083171,40.47779585038503,40.492897033691406,6462100
2016-05-12,40.58347828876863,40.79488897491703,40.500423267709024,40.71183395385742,11906400
2016-05-13,40.613697692389245,40.674099536543025,40.13047141813588,40.19842529296875,10657700
2016-05-16,40.12290002326558,40.545724249300925,40.09269767563711,40.45512008666992,8139300
2016-05-17,40.30413316143765,40.4324888883255,39.556640492262595,39.66234588623047,19898200
2016-05-18,39.44338298186325,39.56418954878028,39.05076091931896,39.20176696777344,20120200
2016-05-19,39.322574317598615,39.60193894864583,39.22441808713396,39.58683776855469,13237300
2016-05-20,39.692543526153884,39.715193856378065,39.33767299127844,39.38297653198242,7050800
2016-05-23,39.45093295324208,39.5264359790407,39.345227565021695,39.42073059082031,8546700
2016-05-24,39.51133563461964,39.84355296330992,39.49623445418977,39.75294876098633,11258200
2016-05-25,39.82844422566021,39.979453121050234,39.73784004052825,39.8133430480957,9767300
2016-05-26,39.85865784068811,40.062519475016394,39.85865784068811,39.9719123840332,7957000
2016-05-27,40.017215728759766,40.085169606528275,39.88886000422809,40.017215728759766,7873000
2016-05-31,40.07762861184097,40.13803047089632,39.66990526225553,39.7605094909668,8766400
2016-06-01,39.79069965588449,40.16822052001953,39.79069965588449,40.16822052001953,10175800
2016-06-02,40.085155256263675,40.183311462402344,39.94924754938087,40.183311462402344,6309800
2016-06-03,40.258817892923794,40.455130321921985,40.10025984814035,40.44002914428711,13362500
2016-06-06,40.50799333076336,40.59104550854607,40.2890305196173,40.4853401184082,10778100
2016-06-07,40.51553215220633,40.59858718907056,40.37207528505776,40.44002914428711,5572800
2016-06-08,40.43247931554584,40.6967456181539,40.34942427416203,40.681644439697266,6024500
2016-06-09,40.60614217960856,40.86285647582359,40.59859302983262,40.840206146240234,5946800
2016-06-10,40.63633556018494,40.93835332908813,40.591032030772986,40.870399475097656,10563900
2016-06-13,40.87041284422918,40.938366720448066,40.530643463134766,40.530643463134766,9091800
2016-06-14,40.51552689630115,40.704287271867265,40.2739138459969,40.689186096191406,9530900
2016-06-15,40.68165112418201,40.79490566083287,40.5155410141205,40.56839370727539,9347600
2016-06-16,40.44002639286958,40.80244599068315,40.37962168643985,40.77979278564453,12205700
2016-06-17,40.72131249328632,40.78207772712041,40.34911493231057,40.61497116088867,10077500
2016-06-20,40.87323331922451,41.002361262837454,40.6909318074121,40.744102478027344,6497500
2016-06-21,40.79726650235344,40.95677848821303,40.78207447071199,40.85043716430664,6879100
2016-06-22,40.90361114863559,41.01754994640921,40.8276538818425,40.87322998046875,5408300
2016-06-23,41.03275204515887,41.1239013671875,40.918813219434554,41.1239013671875,5642500
2016-06-24,40.37191250776571,40.85044859929788,40.166824369572815,40.33393096923828,23775900
2016-06-27,40.27316807610661,40.34153079283149,39.99212263960863,40.25038146972656,19305900
2016-06-28,40.59218308569718,40.59218308569718,40.13643367442212,40.501033782958984,11868600
2016-06-29,40.713718448829,40.99476673387527,40.58459050509225,40.97197723388672,10821000
2016-06-30,41.02514660181568,41.891075134277344,41.01755203378348,41.891075134277344,20984800
2016-07-01,41.9670429507535,41.982234988219616,41.67840003406709,41.6935920715332,14933900
2016-07-05,41.640415201158966,42.19491144713845,41.640415201158966,41.92905807495117,19917100
2016-07-06,41.92145347366467,42.03539226954404,41.70877081211272,41.9670295715332,19540000
2016-07-07,42.073368493163045,42.149328651927746,41.79991771677767,41.88347244262695,15618100
2016-07-08,42.042991668663966,42.339231992477615,41.91386372290625,42.30125045776367,10227500
2016-07-11,42.30885314941406,42.4379811111207,42.0961675395669,42.30885314941406,8213900
2016-07-12,42.240494256880964,42.301259509774674,42.065790170632305,42.08098220825195,15270800
2016-07-13,42.134141973246926,42.36961125137404,42.05058723678216,42.31644058227539,9398800
2016-07-14,42.29366111316893,42.55191993416684,42.232892968188416,42.30885314941406,15486400
2016-07-15,42.33923722190432,42.50634382543146,42.22529839885817,42.30885314941406,10722200
2016-07-18,42.30883979674415,42.339223859645195,42.19490100965709,42.26326370239258,9656800
2016-07-19,42.141726541090044,42.23287582397461,42.02779066188021,42.23287582397461,5295600
2016-07-20,42.22530221926131,42.27847290213764,42.05819270303002,42.08098220825195,6073200
2016-07-21,42.02020356168998,42.042990163635224,41.79992341760539,41.95943832397461,6682400
2016-07-22,42.04297879792861,42.179704167806705,41.9898081427075,42.156917572021484,10602400
2016-07-25,42.118956109324635,42.14934018114155,41.92146254009928,42.111358642578125,4033400
2016-07-26,42.058183641673,42.1873144848266,41.75435164749467,41.784732818603516,11737800
2016-07-27,41.73155723082447,41.73155723082447,41.04793315127218,41.161869049072266,21562400
2016-07-28,41.404942488590045,41.420134523610216,41.04034234085909,41.34417724609375,10873800
2016-07-29,41.39735695879227,41.610039700344174,41.313802196729725,41.54927444458008,9262200
2016-08-01,41.518876106013664,41.67838810738461,41.3973427386476,41.59483337402344,14918200
2016-08-02,41.610030152649045,41.69358489553941,41.35936882156234,41.53407287597656,11733500
2016-08-03,41.60243555555535,41.60243555555535,41.19225930760203,41.30619812011719,13290800
2016-08-04,41.3745598936274,41.56445597847411,41.26821854972673,41.39734649658203,8943200
2016-08-05,41.564456462874006,41.67839237655928,41.3821549443595,41.4657096862793,12028500
2016-08-08,41.64041566464502,41.67079973540017,41.29100754371419,41.420135498046875,8057700
2016-08-09,41.42014356750568,41.70119193036788,41.42014356750568,41.54927444458008,7840900
2016-08-10,41.66319797107641,41.78473134397555,41.61762476722934,41.70117950439453,7303600
2016-08-11,41.91386218257198,41.91386218257198,41.68598747058412,41.70117950439453,8083000
2016-08-12,41.77714204875902,41.89108086792581,41.74675797730327,41.84550476074219,8783800
2016-08-15,41.89867064087772,41.967033345035446,41.739158630371094,41.739158630371094,8568200
2016-08-16,41.67837996226741,41.68597742613405,41.54925205236918,41.556846618652344,6712100
2016-08-17,41.541653193436844,41.73154921755719,41.38973869220727,41.67078399658203,12552000
2016-08-18,41.73915960818474,41.860692985358476,41.73915960818474,41.81511688232422,6683700
2016-08-19,41.7619380936874,41.7695355581752,41.63281017323188,41.71636199951172,5846500
2016-08-22,41.71637342882829,41.822717677707395,41.64041614864201,41.77714157104492,9938600
2016-08-23,41.79993343621113,41.87589362354169,41.67840003406709,41.6935920715332,5687400
2016-08-24,41.67838428529454,41.76193901099338,41.45810706923296,41.625213623046875,7793500
2016-08-25,41.648011204793804,41.648011204793804,41.3821549443595,41.4657096862793,7359700
2016-08-26,41.50369788494071,41.67080740727556,41.13909766150695,41.25303649902344,13499700
2016-08-29,41.32898806551811,41.496097564697266,41.29100942413683,41.496097564697266,8202800
2016-08-30,41.420143123773286,41.48091127647142,41.192268346325314,41.25303649902344,7950900
2016-08-31,41.215045911071314,41.35177132705576,41.16187523792007,41.30619812011719,8154900
2016-09-01,41.13909432828471,41.35937451759011,41.10111568471804,41.32139587402344,16677600
2016-09-02,41.47330190259144,41.73915814794723,41.442920732549084,41.640411376953125,10966300
2016-09-06,41.64800030156141,41.74674415472114,41.44291223351772,41.73155212402344,9273300
2016-09-07,41.655597610559205,41.731554871464894,41.28340007792028,41.3669548034668,13418500
2016-09-08,41.20745038340314,41.3289837617181,41.06313040214922,41.13908767700195,13344400
2016-09-09,40.78208344825332,40.85804362318202,40.022499084472656,40.022499084472656,24921600
2016-09-12,39.97692358502349,40.83525178062264,39.97692358502349,40.77448654174805,23542700
2016-09-13,40.561801865925375,40.6073750684456,40.189604292367086,40.27315902709961,21780500
2016-09-14,40.295950389283426,40.44027327453995,40.03769158668086,40.15163040161133,19396200
2016-09-15,40.060477804992836,40.52382180036102,40.0224962714059,40.478248596191406,10119900
2016-09-16,40.430862514578166,40.46907635618722,40.10985983089779,40.3467903137207,14475100
2016-09-19,40.35444347401133,40.499660195459136,40.26272964477539,40.26272964477539,9579400
2016-09-20,40.45378884224712,40.52257492098449,40.362075042440345,40.36971664428711,9705900
2016-09-21,40.37736215618192,40.69072031914164,40.163359397322914,40.59136199951172,24882700
2016-09-22,40.736574032455586,41.027004461447504,40.736574032455586,40.95057678222656,17316000
2016-09-23,40.95821151635829,40.965853116787464,40.751853318427514,40.76713943481445,12930800
2016-09-26,40.660144417894266,40.67543053611668,40.38500012094866,40.423213958740234,12797200
2016-09-27,40.42321759945019,40.70600352321159,40.40028987781605,40.59136199951172,12608700
2016-09-28,40.67544237267068,40.75187007049428,40.47672569348166,40.66015625,9757500
2016-09-29,40.63722948154801,40.66016012550455,40.23215739652006,40.26272964477539,15094000
2016-09-30,40.453797206318406,40.805369274541675,40.453797206318406,40.66779708862305,17343100
2016-10-03,40.59900440698044,40.62957664678527,40.331504597511326,40.40793228149414,11454200
2016-10-04,40.37736408417437,40.40793340930314,39.9875753046067,40.064002990722656,13346600
2016-10-05,40.13278345059845,40.2015695246755,39.92642814389624,40.02578353881836,15203800
2016-10-06,39.87293353782106,40.20157785814467,39.81179196792782,40.10222244262695,15413300
2016-10-07,40.11750240617472,40.20157168743258,39.712427541249326,39.995216369628906,11403000
2016-10-10,40.086930168155995,40.23214392545131,39.91878577458209,39.995216369628906,8661700
2016-10-11,39.96465398911209,39.99522623467163,39.64365124179655,39.78886795043945,19642600
2016-10-12,39.857657894165015,40.109871655562515,39.7812272728854,40.01051330566406,7145400
2016-10-13,39.73535679716847,40.132784215489394,39.68949844173345,40.01814270019531,19180700
2016-10-14,40.03342805567633,40.216855642862505,39.96464198159928,40.02578353881836,10659100
2016-10-17,40.041067377966215,40.094567330811174,39.81178144926942,39.83470916748047,8465000
2016-10-18,40.01813756910081,40.18628193527424,39.949351502532465,39.956993103027344,7844900
2016-10-19,39.88057281651821,39.949358895816545,39.666572976714114,39.72771453857422,9032000
2016-10-20,39.70478820800781,39.842360371423055,39.60542988653475,39.70478820800781,12176300
2016-10-21,39.84237264657272,39.97230033231177,39.750655899019115,39.918800354003906,14028200
2016-10-24,39.96464624127689,40.27035989101499,39.96464624127689,40.178646087646484,7609500
2016-10-25,40.346786989259165,40.42321466617985,40.29328703230888,40.323856353759766,9414600
2016-10-26,40.35443888407589,40.43086949602097,40.20922509467484,40.27036666870117,12417600
2016-10-27,40.255078457177184,40.4155812761673,40.033436982863414,40.086936950683594,17905700
2016-10-28,40.05635602604838,40.39264188168167,39.98756995154055,40.255069732666016,12751000
2016-10-31,40.28564507253716,40.45378947107087,40.25507283361664,40.35443115234375,8579100
2016-11-01,40.354432092239975,40.423218173648664,40.04871844250187,40.178646087646484,11342100
2016-11-02,40.07927703857422,40.30856585891555,40.048707722653376,40.07927703857422,9703300
2016-11-03,40.20157326066816,40.20921777823655,39.7506429365972,39.80414581298828,15641600
2016-11-04,39.7430107739881,39.80415526694089,39.41436641319157,39.44493865966797,11992400
2016-11-07,39.781215183747534,40.132787188204055,39.75828746209622,40.109859466552734,11763000
2016-11-08,39.81942885287846,40.400289733454045,39.78121501178172,40.27800369262695,13406800
2016-11-09,39.45257022138087,39.857645095261816,39.185070421625745,39.72771453857422,34557200
2016-11-10,39.74301412357915,39.74301412357915,38.588939419362326,38.665367126464844,52820800
2016-11-11,38.558357774021445,38.75707151338152,38.37492723993339,38.62714385986328,20828100
2016-11-14,38.62713950215402,38.65771174030794,38.41313675060572,38.558353424072266,20591800
2016-11-15,38.63477678278257,38.85642111131477,38.57363522884228,38.7952766418457,23028700
2016-11-16,38.802921295166016,38.97106567127028,38.741776825481274,38.802921295166016,16034200
2016-11-17,38.77235614623921,38.810569989011626,38.55835629429023,38.7341423034668,15626700
2016-11-18,38.734141223848965,38.7647134634265,38.54306909978323,38.5965690612793,14786100
2016-11-21,38.59656804053544,38.87171235839818,38.47428200098857,38.85642623901367,18968700
2016-11-22,38.97106835596252,39.13156822664853,38.94813772048667,39.055137634277344,11991800
2016-11-23,38.90228904629849,39.03221670263244,38.78764459556777,38.84114456176758,14783600
2016-11-25,38.9252024695396,39.15448837123441,38.9252024695396,39.146846771240234,10823500
2016-11-28,39.139221220222616,39.299721137624715,39.04750739821139,39.23093795776367,15116500
2016-11-29,39.23856928606066,39.3302830840548,39.14685548806652,39.284427642822266,7915400
2016-11-30,39.085718407079995,39.200362862909266,38.65007413977618,38.657718658447266,16837600
2016-12-01,38.51249843199774,38.550712275264644,38.19914025236216,38.40549850463867,33621100
2016-12-02,38.5048526209783,38.680638613216146,38.48192198510099,38.65006637573242,21587200
2016-12-05,38.657709014329335,38.757064408029784,38.58127842433411,38.6959228515625,21223400
2016-12-06,38.68064591733418,38.81057357788086,38.65771819265644,38.81057357788086,16546300
2016-12-07,38.795287134135705,39.39907581355952,38.78764553114977,39.36850357055664,11756500
2016-12-08,39.21564851638252,39.39907614488319,39.13921790823259,39.208003997802734,17006400
2016-12-09,39.23093068578755,39.78121643138193,39.23093068578755,39.77357482910156,14415900
2016-12-12,39.6742199833071,39.972292062362186,39.6742199833071,39.934078216552734,9935900
2016-12-13,40.01050128223667,40.20921792231787,39.918787479791845,40.11750411987305,10452400
2016-12-14,40.140432918327484,40.27036056564873,39.57485813776681,39.68185806274414,25363200
2016-12-15,39.68185408570622,39.97992902394959,39.559568052912404,39.849998474121094,16154500
2016-12-16,39.97781202319325,40.101013035373896,39.893115733229756,40.077911376953125,15871100
2016-12-19,40.12412603604236,40.21652389078693,40.01632804929455,40.15492630004883,7523200
2016-12-20,40.170309198814806,40.170309198814806,39.893115733229756,40.077911376953125,15316900
2016-12-21,40.03941306441429,40.262710496065395,40.03941306441429,40.070213317871094,6553100
2016-12-22,40.02401371345268,40.09331281643677,39.93931448344169,40.00861358642578,6537200
2016-12-23,39.98551770129026,40.1164143843945,39.98551770129026,40.08561706542969,6484300
2016-12-27,40.05481265580615,40.154912009566026,40.00861227623841,40.077911376953125,13378500
2016-12-28,40.04711216826,40.07021382728321,39.83151626586914,39.83151626586914,8643600
2016-12-29,39.85461559367913,40.062512904406276,39.83151687157853,40.01631546020508,10299400
2016-12-30,40.0240136415868,40.10101427658303,39.73141710314891,39.81611633300781,8049900
2017-01-03,39.8469143105828,40.01631276062301,39.73141483332379,39.9624137878418,21730000
2017-01-04,40.01631276062301,40.154910958424324,39.954712256145214,39.9624137878418,9144600
2017-01-05,39.954713109054495,40.14721028374624,39.80841631370733,40.09331130981445,12312500
2017-01-06,40.016320302261434,40.154918526183536,39.87002054519129,40.13181686401367,9092400
2017-01-09,39.97781762957943,40.00861788694394,39.769923235554515,39.80842208862305,6903200
2017-01-10,39.76993433316574,39.83153192780907,39.546636810874254,39.60823440551758,10344300
2017-01-11,39.53893047820996,39.74682784229621,39.53893047820996,39.68523025512695,12087500
2017-01-12,39.669827241976,39.73912635830346,39.608226722007394,39.646728515625,13257600
2017-01-13,39.646723969168924,39.74682039672774,39.569723328038144,39.669822692871094,6517700
2017-01-17,39.70062707369795,40.255017061062766,39.66212528049567,40.23191833496094,19030100
2017-01-18,40.19340924462746,40.3859064125258,40.19340924462746,40.370506286621094,11652100
2017-01-19,40.32431289098322,40.32431289098322,40.131815689754376,40.22421646118164,17283400
2017-01-20,40.41670858919495,40.63230448758134,40.27811038672546,40.48600769042969,11015600
2017-01-23,40.4860117004291,40.50911042403726,40.33971195151315,40.470611572265625,16203800
2017-01-24,40.501410897543735,40.778607343668895,40.48601370589167,40.740108489990234,10242500
2017-01-25,40.83250304026531,40.88640201853275,40.724705083730434,40.73240661621094,8816800
2017-01-26,40.74781033135139,40.755511865065095,40.55531311035156,40.55531311035156,9985400
2017-01-27,40.45521408729392,40.56301205420724,40.22421802429761,40.33201599121094,16358700
2017-01-30,40.216516882867154,40.35511510947003,40.18571662422777,40.30121612548828,9951700
2017-01-31,40.30121996468114,40.493717193603516,40.231920844778095,40.493717193603516,12061300
2017-02-01,40.30121092929918,40.42440901069797,40.17031131559637,40.17801284790039,18479800
2017-02-02,40.36282022157139,40.709315844016025,40.36282022157139,40.5476188659668,18747500
2017-02-03,40.75551872863434,40.92491725157015,40.64772073668428,40.809417724609375,17954700
2017-02-06,40.7863117288414,40.79401032520577,40.58611297607422,40.58611297607422,19067900
2017-02-07,40.66311481594232,40.99421027751329,40.66311481594232,40.91720962524414,8364400
2017-02-08,40.96341838459035,41.163614246836936,40.90181785019131,41.08661651611328,8559200
2017-02-09,41.040401661607454,41.32529668968014,40.97110255345203,41.25600051879883,8840900
2017-02-10,41.279109416567536,41.34070700717992,41.13280963147279,41.286808013916016,9354200
2017-02-13,41.348408541803245,41.40230753506715,41.17131143003972,41.286808013916016,14059100
2017-02-14,41.18671190028215,41.3715076109119,41.04041211398582,41.29450988769531,10483300
2017-02-15,41.386899845093126,41.70259514967635,41.30220060335323,41.67179489135742,12675900
2017-02-16,41.62560392919123,41.74110050997779,41.43310669060553,41.72570037841797,11377300
2017-02-17,41.60249451164458,41.97979032137395,41.52549680546677,41.933589935302734,15581800
2017-02-21,42.05679245353277,42.41868817265699,42.01059499987404,42.310890197753906,16500000
2017-02-22,42.27237937216515,42.37247578493543,42.210778868361565,42.31857681274414,8099000
2017-02-23,42.3493944159452,42.58809206007221,42.318594151423994,42.41869354248047,9790300
2017-02-24,42.37248615234536,42.58038349763882,42.34168883018198,42.56498336791992,7762200
2017-02-27,42.49568804065717,42.49568804065717,42.280092079924415,42.37248992919922,12707400
2017-02-28,42.303185875075776,42.51878474794286,42.256988424462655,42.42638397216797,17735500
2017-03-01,42.4494898156297,42.71898476166339,42.387889292379356,42.6265869140625,16716100
2017-03-02,42.58037855969326,42.71127817848654,42.49567932469892,42.61887741088867,9988500
2017-03-03,42.48798791366186,42.52648677136704,42.27239196069319,42.45718765258789,10083200
2017-03-06,42.31088731276735,42.33398603802172,42.20308934521452,42.27238845825195,6686600
2017-03-07,42.16458867809746,42.30318690786921,42.15689008189876,42.21849060058594,7846500
2017-03-08,42.110683246709044,42.19538247830122,42.07218439706004,42.12608337402344,10788000
2017-03-09,42.11068954967568,42.264687908595526,42.11068954967568,42.19538879394531,7025300
2017-03-10,42.372485917729655,42.44178503244377,42.27238948102269,42.38788604736328,6530200
2017-03-13,42.3493944159452,42.47259253675514,42.29549542167054,42.41869354248047,10658000
2017-03-14,42.36478174108379,42.457179569440115,42.27238391272746,42.29548263549805,7890800
2017-03-15,42.34939063072028,42.73438509099955,42.34939063072028,42.61118698120117,14102900
2017-03-16,42.61887629084279,42.67277526855469,42.52647846294726,42.67277526855469,8727200
2017-03-17,42.70373368686467,42.85080299857319,42.55666732788086,42.55666732788086,16469400
2017-03-20,42.59538320705147,42.69600914629422,42.56442387805237,42.64182662963867,6559200
2017-03-21,42.65730522460344,42.78115139138549,42.54894019775984,42.60312271118164,13135500
2017-03-22,42.66503358745915,42.734697223298184,42.417341316192534,42.517967224121094,7094700
2017-03-23,42.4792732990773,42.63408173390922,42.35542714175683,42.42509078979492,7474700
2017-03-24,42.42509535748435,42.48701696644872,42.20062325044659,42.33995056152344,8343300
2017-03-27,42.18513957324254,42.355429154924096,42.1154759218933,42.301246643066406,5739500
2017-03-28,42.14643567756614,42.48701186781349,42.14643567756614,42.37864685058594,8810200
2017-03-29,42.33993915061876,42.51022574392157,42.308976878118315,42.4560432434082,5558200
2017-03-30,42.41734729178584,42.494752982914264,42.33220250790717,42.370906829833984,5399100
2017-03-31,42.31671955835422,42.42508752129543,42.2470588684082,42.2470588684082,4762300
2017-04-03,42.30897245282538,42.35541585671832,42.10772360807168,42.17738723754883,10666600
2017-04-04,42.20835980611714,42.30898573644946,42.13095706138485,42.301246643066406,5284000
2017-04-05,42.30898359267889,42.494754304439105,42.16965629704005,42.223838806152344,7268100
2017-04-06,42.262540176557515,42.39412837920543,42.19287652873809,42.223838806152344,5061000
2017-04-07,42.26254485941095,42.456054685603725,42.24706667171408,42.33995056152344,7629900
2017-04-10,42.35542207326026,42.53345071855916,42.27801638874446,42.46378707885742,5260600
2017-04-11,42.47152507574692,42.51796848525877,42.33219779993622,42.47926712036133,6325100
2017-04-12,42.448316797947214,42.66504686456942,42.42509656301646,42.64182662963867,7377400
2017-04-13,42.61085454994388,42.64955591683801,42.43282590005086,42.448307037353516,6719100
2017-04-17,42.5179833263964,42.75019454956055,42.51024127907959,42.75019454956055,10585800
2017-04-18,42.69601034246753,43.06754887539709,42.61860758871271,42.943702697753906,11085500
2017-04-19,42.99788470267545,43.0288469848981,42.719230068123046,42.78115463256836,7254600
2017-04-20,42.634081358452804,42.76566660762968,42.548936572408806,42.69600296020508,9738200
2017-04-21,42.672780919175814,42.70374024237654,42.54893476819746,42.5721549987793,8435700
2017-04-24,42.6959902927731,43.02882729252766,42.6959902927731,42.959163665771484,9831700
2017-04-25,42.98239766647406,43.19138861372498,42.966916527485985,43.12946701049805,7292900
2017-04-26,43.144954066870184,43.144954066870184,42.75793439726424,42.78115463256836,7930800
2017-04-27,42.843070972871026,42.86629415804351,42.657303207843476,42.726966857910156,5861400
2017-04-28,42.60311798688208,42.726964139930715,42.48701092658172,42.711483001708984,7034800
2017-05-01,42.77340022123928,42.77340022123928,42.51022680387315,42.54893112182617,8353900
2017-05-02,42.45604104453592,42.54118581313995,42.223829918258836,42.26253128051758,7672100
2017-05-03,42.301246643066406,42.370910294415644,42.16965843375099,42.301246643066406,10973800
2017-05-04,42.40960133471593,42.85080336819781,42.37089997177843,42.6263313293457,11587700
2017-05-05,42.7424430847168,42.788883544273574,42.61085489294748,42.7424430847168,8539500
2017-05-08,42.773407322804346,42.773407322804346,42.641822068636955,42.726966857910156,5323400
2017-05-09,42.711482287720585,42.78888502481012,42.50249135430865,42.5721549987793,7256900
2017-05-10,42.59538066484966,42.65730522460344,42.54119815142786,42.60312271118164,5232300
2017-05-11,42.54893115203592,42.665035247802734,42.47926751348587,42.665035247802734,5058900
2017-05-12,42.62633205792961,42.65729432989871,42.51796705876251,42.54118728637695,5478800
2017-05-15,42.517979188276286,42.72697015460146,42.517979188276286,42.68052673339844,7303700
2017-05-16,42.812116226399375,42.874037837123275,42.61086434791387,42.64182662963867,4797100
2017-05-17,42.572159740747594,42.726968184895405,42.46379471566176,42.579898834228516,14021700
2017-05-18,42.59537396503564,42.71148101994878,42.47152781773332,42.61085510253906,7906600
2017-05-19,42.626333349590645,42.920469036760494,42.56441175650086,42.84306335449219,6277600
2017-05-22,42.85081568887013,43.14495144667095,42.843073642421764,43.08302688598633,7101800
2017-05-23,43.14494814948612,43.33071591189227,43.10624382565327,43.12946701049805,7518500
2017-05-24,43.16042399113969,43.33071355803245,43.10624148398748,43.29975128173828,5136700
2017-05-25,43.36167632856572,43.686771375184435,43.34619519024218,43.5706672668457,6036600
2017-05-26,43.601622477299486,43.74094679418166,43.5938804330298,43.73320770263672,4207600
2017-05-30,43.64033254873353,43.75643666142425,43.57066890002896,43.717735290527344,4250900
2017-05-31,43.75644607542075,43.96543706649789,43.75644607542075,43.841590881347656,9780100
2017-06-01,43.89575705659343,44.1976318359375,43.75642978109234,44.1976318359375,23243900
2017-06-02,44.313742495081094,44.34470477054391,44.104751564794746,44.3292236328125,17247900
2017-06-05,44.275041651937094,44.398887802531284,44.14345345602288,44.375667572021484,17359600
2017-06-06,44.336967117126214,44.37567144165115,44.182161629928046,44.267303466796875,14846500
2017-06-07,44.17440544767448,44.31373270374701,44.158924313363705,44.251808166503906,10077700
2017-06-08,44.228593511812164,44.23633555630486,43.79513350741571,43.91897964477539,10593400
2017-06-09,43.88801886635831,43.98864477911522,43.74869158799488,43.86479568481445,13410200
2017-06-12,43.88027970910668,44.058308364791664,43.75643355938126,43.857059478759766,11442400
2017-06-13,43.857059835891455,43.96542484869299,43.68677027136039,43.92672348022461,9520600
2017-06-14,44.1047611746618,44.29827100938008,44.050578657158745,44.205387115478516,16040200
2017-06-15,43.98865128761315,44.17441905110038,43.83384284955689,44.10475540161133,10361100
2017-06-16,43.719425656713575,43.73502616586971,43.25142228400105,43.64142608642578,26268000
2017-06-19,43.74282730596975,43.852027893066406,43.45422235379391,43.852027893066406,7883100
2017-06-20,43.89102230355742,43.91442157635798,43.672621156105635,43.680419921875,7231700
2017-06-21,43.680430842182545,43.77403093227769,43.508828197430425,43.55562973022461,12517800
2017-06-22,43.4932249494337,43.51662720210468,43.25142448394684,43.267024993896484,7227600
2017-06-23,43.259232477445245,43.41523463472055,43.22803145089145,43.28263473510742,10146400
2017-06-26,43.415227658331226,43.59462906894705,43.37622786915269,43.454227447509766,6590500
2017-06-27,43.368436061001894,43.49323720025897,43.07203521495,43.079833984375,10585500
2017-06-28,43.337214942388144,43.42301326237407,43.22021263482835,43.23581314086914,10734300
2017-06-29,43.18121998971607,43.29821934110837,42.619613581456164,42.77561569213867,19058600
2017-06-30,42.939419938207756,43.017422487415104,42.84581985465194,42.85361862182617,11222600
2017-07-03,42.88482178172325,43.064223190613866,42.799020461059655,42.81462097167969,5782600
2017-07-05,42.80681518318793,42.90041525606321,42.7366143846583,42.78341293334961,15837000
2017-07-06,42.63522607909523,42.76782895188575,42.5338242323135,42.5416259765625,7893700
2017-07-07,42.58061721892735,42.66641853547134,42.40121581865039,42.51821517944336,9841500
2017-07-10,42.55721671573478,42.55721671573478,42.167212906675424,42.2218132019043,9119200
2017-07-11,42.2608109184569,42.27641142711457,42.01120873091985,42.10480880737305,11256400
2017-07-12,42.37001098397372,42.48701330972498,42.30761192560106,42.338809967041016,8100800
2017-07-13,42.39341339101033,42.440214919867145,42.30761505134562,42.346614837646484,10008200
2017-07-14,42.541624273498606,42.74442498344976,42.52602376111875,42.68202590942383,6341100
2017-07-17,42.760014187895294,42.775614696149574,42.604012080845145,42.72881317138672,7902200
2017-07-18,42.697615130370856,42.79901397078465,42.59621331446436,42.72881317138672,5310800
2017-07-19,42.7132126010096,42.88481521606445,42.65861230994537,42.88481521606445,5592000
2017-07-20,42.85362875918513,43.02523143254224,42.775629167019375,42.89263153076172,9816700
2017-07-21,42.74442918524727,42.97843094296063,42.705429388210675,42.962833404541016,7738700
2017-07-24,42.947219309237596,42.97061858496114,42.791217194930674,42.822418212890625,9302400
2017-07-25,42.97062361570602,43.15002502673973,42.931623826436635,43.11882400512695,13799900
2017-07-26,43.126631091352465,43.220231192293994,42.97842770807702,43.11103057861328,7594000
2017-07-27,43.14222275053689,43.540025329522365,43.1188204984839,43.5322265625,12859000
2017-07-28,43.399639748476616,43.57904121118095,42.5650315206593,43.1656379699707,18412200
2017-07-31,43.05642432604635,43.25142624511767,43.04862258300733,43.1500244140625,7279300
2017-08-01,43.19681348572832,43.313812818126856,43.0798111778375,43.10321044921875,19015300
2017-08-02,43.017421189323976,43.14222228879674,42.8770195804805,43.072021484375,17133700
2017-08-03,43.06422485667568,43.290427806177696,42.97842353269262,43.033023834228516,17803400
2017-08-04,43.00962334360614,43.15002496517013,42.85362121125801,42.91602325439453,17063700
2017-08-07,42.92380897103788,43.26701415295072,42.92380897103788,43.23581314086914,16854000
2017-08-08,43.126621779426024,43.25142287889879,43.04861923257248,43.072021484375,9813200
2017-08-09,43.04082533820888,43.173425219631945,42.99402380479844,43.14222717285156,7251800
2017-08-10,43.033031253910615,43.165634134427584,42.94723289062762,42.962833404541016,6662800
2017-08-11,42.88481796555781,43.17341994761384,42.88481796555781,42.9940185546875,4928400
2017-08-14,43.08762861570057,43.30602982946983,43.08762861570057,43.204627990722656,10657800
2017-08-15,43.22021495604494,43.485417621997,43.22021495604494,43.42301559448242,11059000
2017-08-16,43.44641551041436,43.633615631924606,43.44641551041436,43.57121658325195,5682800
2017-08-17,43.415219546210444,43.62582193901538,43.17341613769531,43.17341613769531,6725600
2017-08-18,43.07982628153811,43.20462739848028,42.98622618770482,43.056427001953125,6810300
2017-08-21,43.025233480226895,43.29043627190335,42.90043234152584,43.21243667602539,6829300
2017-08-22,43.2358267988107,43.345027400099774,43.15782721945942,43.2202262878418,7129400
2017-08-23,43.17342040890183,43.22022193709728,43.0486193092069,43.095420837402344,5367100
2017-08-24,43.056413854282894,43.173413191974355,42.46360649820677,42.50260925292969,11807100
2017-08-25,42.66643433519366,42.81463477060843,42.619632788249675,42.64303207397461,7359200
2017-08-28,42.604016495987345,42.65861679278933,42.39341407596839,42.51821517944336,6204700
2017-08-29,42.46362391633038,42.705427407532476,42.42462412110259,42.66642761230469,6219500
2017-08-30,42.58840288313826,42.73660619356921,42.58060411834868,42.65860366821289,6497100
2017-08-31,42.68981773396338,42.75221977333253,42.627418670087245,42.674217224121094,10117300
2017-09-01,42.76001564670106,42.884816741500366,42.71321412034152,42.877017974853516,17904500
2017-09-05,42.75221863060687,42.970619811575204,42.71321586929715,42.93941879272461,20215900
2017-09-06,43.01742514812519,43.15782676988953,42.90822157248045,43.11882400512695,17462000
2017-09-07,43.150027614211574,43.243627709169424,43.04082700751186,43.18122863769531,16738100
2017-09-08,43.03302972369289,43.111032290486165,42.806829718726604,42.97063064575195,9158200
2017-09-11,43.048610043871925,43.298212189540024,43.04081127859767,43.23581314086914,9177800
2017-09-12,43.23582572377471,43.33722755480465,43.21242644564978,43.32942581176758,7453400
2017-09-13,43.290423126646026,43.50882430918127,43.290423126646026,43.35282516479492,7972300
2017-09-14,43.28262550384613,43.37622558805094,43.12662337984275,43.267024993896484,5817900
2017-09-15,43.373770576661336,43.373770576661336,43.169696962998124,43.342376708984375,12497700
2017-09-18,43.38162047711723,43.47580806672405,43.27958217511098,43.40516662597656,8299400
2017-09-19,43.42871363473188,43.452259782434055,43.169694033330615,43.271732330322266,6207700
2017-09-20,43.153996146828135,43.208939154937895,42.643810643784775,42.85573196411133,11029200
2017-09-21,42.80080180636411,42.84004939037125,42.408349919654974,42.44759750366211,10398700
2017-09-22,42.51821298940163,42.51821298940163,42.290593293699466,42.32198715209961,11318200
2017-09-25,42.39264692035564,42.66736500797457,42.36125304836858,42.62812042236328,9185400
2017-09-26,42.67520530629437,42.79294203682401,42.58101771837233,42.73014831542969,17321400
2017-09-27,42.64380331049845,42.683047881803915,42.165011755732706,42.400482177734375,11657800
2017-09-28,42.345539179072944,42.51821589165077,42.306294607767484,42.400482177734375,7768200
2017-09-29,42.400491710403514,42.50253001407353,42.3298502685042,42.36909484863281,14502800
2017-10-02,42.369092794146574,42.54177253134262,42.25920677744705,42.29060363769531,17850000
2017-10-03,42.36124903460816,42.41619204809206,42.22781386316891,42.33769989013672,20409200
2017-10-04,42.274904489130954,42.63595939334185,42.157167762285546,42.47113037109375,21389200
2017-10-05,42.61241926410822,42.76940059068396,42.54962553581002,42.65951156616211,19005000
2017-10-06,42.44758103417888,42.51821947197564,42.18071373499325,42.23565673828125,7605500
2017-10-09,42.29060347309623,42.35339419917897,42.039434580426494,42.117923736572266,12580300
2017-10-10,42.29060576984845,42.59671768727868,42.243510477101665,42.48683166503906,10646500
2017-10-11,42.46329591596906,42.690918744790956,42.46329591596906,42.573184967041016,10316300
2017-10-12,42.541783515601786,42.792952474100744,42.50253892724323,42.75370788574219,8096300
2017-10-13,42.91852752451067,42.942073673518884,42.8007907911306,42.83218765258789,8315600
2017-10-16,42.78510283763621,42.871442730701936,42.769407397233564,42.847896575927734,4349600
2017-10-17,42.738001818779594,42.77724640012927,42.55747434923537,42.6909065246582,10375500
2017-10-18,42.64381796809955,42.70660870493705,42.51038278679377,42.63596725463867,4668500
2017-10-19,42.43974113415284,42.478985718760406,42.26706136887568,42.40834426879883,8544500
2017-10-20,42.32985489815641,42.353401049974934,42.17287356630325,42.30630874633789,11702600
2017-10-23,42.274906158447266,42.48683047863569,42.21996314886169,42.274906158447266,7326400
2017-10-24,42.24352259619599,42.29846562307821,42.0708428007545,42.12578582763672,10682300
2017-10-25,42.11793123236162,42.18857268313273,41.75687625916257,42.0080451965332,12213400
2017-10-26,42.15717007947941,42.33769754150765,42.03158562788717,42.03943634033203,14583700
2017-10-27,41.929547965859534,41.98449397130448,41.592042179811955,41.67837905883789,10230400
2017-10-30,41.92954164250347,41.92954164250347,41.293771752433976,41.32516860961914,9299800
2017-10-31,41.52925314085089,41.76472364347572,41.45861169064646,41.670536041259766,10824900
2017-11-01,41.788271084296234,41.91385554684909,41.67053434070366,41.8039665222168,7556300
2017-11-02,41.75686637527048,41.827507809320686,41.544942073119834,41.70192337036133,10661400
2017-11-03,41.72547244757764,41.8432091773203,41.66268172077245,41.709774017333984,5922400
2017-11-06,41.623437449053625,41.631288161882765,41.254534788664735,41.26238250732422,10731100
2017-11-07,41.285931991310605,41.72547912597656,41.15249980413713,41.72547912597656,9536300
2017-11-08,41.85106021007115,42.180721282958984,41.79611719695145,42.180721282958984,12860400
2017-11-09,41.99234696322619,42.314157352897205,41.96095009736318,42.172874450683594,10421300
2017-11-10,42.11007380482358,42.64380842222974,42.086524663882365,42.60456085205078,7993600
2017-11-13,42.62812448024787,43.020576362059195,42.60457533130342,42.847896575927734,7809300
2017-11-14,42.73800028379756,43.02841376835822,42.675206560557676,42.99701690673828,8903200
2017-11-15,42.8635812551046,42.90282583185766,42.51037407598843,42.541770935058594,10724800
2017-11-16,42.92637839679253,43.256039477976756,42.87143538229011,43.130455017089844,11134200
2017-11-17,43.01270865483764,43.130445370535384,42.89497493330895,42.9813117980957,7298900
2017-11-20,42.91068165860589,43.075513702788825,42.89498622027403,42.93423080444336,6946900
2017-11-21,43.012706777538014,43.256027915414656,42.96561448864952,43.07550048828125,10383900
2017-11-22,43.06765733010603,43.11475262142253,42.88712987131362,43.020565032958984,10470400
2017-11-24,43.09120837974604,43.138300678977046,42.98131936181133,42.98917007446289,2331000
2017-11-27,42.96562589928851,43.09121035995827,42.949927467433575,43.012718200683594,8108900
2017-11-28,43.08335905404429,43.36592483520508,42.98917145838058,43.36592483520508,6985900
2017-11-29,43.33452439692889,43.75837303370354,43.29527981815407,43.593544006347656,14739900
2017-11-30,43.75837261405315,44.111579807978046,43.64848659686972,43.99384307861328,14098300
2017-12-01,43.89965944021497,44.11943149434941,43.42871846873553,44.10373306274414,29328700
2017-12-04,44.4098435980524,44.55897419230698,44.017391829221964,44.51972961425781,22771300
2017-12-05,44.51973813135822,44.684567187199896,44.331359928846325,44.4490966796875,22930400
2017-12-06,44.441238648373385,44.73165512084961,44.441238648373385,44.73165512084961,16712200
2017-12-07,44.653168332713406,44.67671448416517,44.27641493863613,44.29996109008789,7557500
2017-12-08,44.307796652944354,44.41768264770508,44.1115708068234,44.41768264770508,8695500
2017-12-11,44.370603495393084,44.43339722617825,44.16652985868106,44.40985107421875,6737800
2017-12-12,44.433381074695006,44.59036235042553,44.268552082553924,44.41768264770508,6220100
2017-12-13,44.449104534655895,44.770914983765614,44.386310791331816,44.66887664794922,11589000
2017-12-14,44.73165296084123,44.73165296084123,44.464785644044134,44.472633361816406,9118200
2017-12-15,44.731997488378006,45.04038447463106,44.731997488378006,44.97712707519531,9090900
2017-12-18,45.072015245906066,45.3171448357872,44.92968232486834,44.95340347290039,8799600
2017-12-19,45.127374152469606,45.21435573170353,45.0008563144266,45.00876235961914,7889000
2017-12-20,45.04828781236418,45.087824059042084,44.66082535550729,44.9296760559082,13813800
2017-12-21,45.01666398884347,45.08783044951931,44.85060991940741,44.89805221557617,5553100
2017-12-22,44.9613169778096,45.04038949001491,44.91387166063263,44.96922302246094,4218600
2017-12-26,44.937589998383544,45.16690146060315,44.905959791035116,45.07201385498047,8506300
2017-12-27,45.13527244299129,45.23016004477374,45.00084557541221,45.06410598754883,5992600
2017-12-28,45.12736667100862,45.18271802744954,44.88223708075407,44.992942810058594,7291200
2017-12-29,44.99293255703736,45.222243974427215,44.977117456454955,44.985023498535156,5085300
2018-01-02,45.03248076301337,45.087832121544686,44.700369595402634,44.70827865600586,20146800
2018-01-03,44.77945213225794,44.85061860671832,44.65293429059763,44.69247055053711,17950400
2018-01-04,44.8110644820386,45.032472893897086,44.7003617843205,44.818973541259766,15455100
2018-01-05,44.89014478441161,45.04829280507306,44.787348118518274,45.01666259765625,15555100
2018-01-08,44.95340198868612,45.16690136319366,44.92968084143725,45.12736511230469,12891000
2018-01-09,45.182714735671276,45.28551139718204,45.056196927820515,45.06410598754883,8357600
2018-01-10,44.95341131968324,44.96132038135627,44.54223060538191,44.842708587646484,9663500
2018-01-11,44.92968844827401,44.92968844827401,44.70037393130218,44.779449462890625,11500800
2018-01-12,44.85060128478731,45.00874626346744,44.70035933205023,44.795249938964844,7308900
2018-01-16,44.88225031342525,45.15901019364988,44.85852915836333,45.00086212158203,13806700
2018-01-17,45.15109016066379,45.680885620903254,45.11155390635884,45.51483154296875,12549700
2018-01-18,45.506919426462,45.585994946184826,45.30132910802795,45.380401611328125,12423300
2018-01-19,45.54645740274856,45.93391992300523,45.49901510554109,45.886474609375,9962800
2018-01-22,45.86275049649129,46.234397888183594,45.83902934942074,46.234397888183594,7871600
2018-01-23,46.020902448006225,46.210677673633036,45.87066045992694,46.08415985107422,10908900
2018-01-24,46.20277159463644,46.23440180435804,45.95764199392823,46.17905044555664,16603500
2018-01-25,46.258117771057314,46.447895991702936,45.96554590496687,46.20276641845703,12144600
2018-01-26,46.11579963853388,46.44000181470029,46.05254222232806,46.42418670654297,6342700
2018-01-29,46.503250449373695,46.613953161966,46.21067554732524,46.242305755615234,10760800
2018-01-30,45.92601958361974,46.32138819704723,45.81531383806461,45.93392562866211,10898100
2018-01-31,45.97346031472718,46.092072101268926,45.538555458112484,45.72042465209961,13757000
2018-02-01,45.54645674396376,45.78368029226096,45.41203288192322,45.522735595703125,14094500
2018-02-02,45.30133548425669,45.419944255901314,44.62130100103778,44.652931213378906,15569100
2018-02-05,44.46314906817992,44.73199981672677,43.00819260835393,43.03191375732422,39487500
2018-02-06,42.32815568803918,43.59333684863573,42.09884422319822,43.50635528564453,38881700
2018-02-07,43.41146853638121,44.123130125376974,43.269135615297515,43.31657791137695,17526900
2018-02-08,43.41938517146419,43.50636675739067,42.367706127392445,42.38351821899414,32928400
2018-02-09,42.70771003193554,42.778876492572536,41.640216138803304,42.470489501953125,34912000
2018-02-12,42.71562028509607,43.110988851581865,42.61282361321139,42.9053955078125,21013600
2018-02-13,42.747247661694615,43.21378265988966,42.73933860169224,43.10307693481445,11994500
2018-02-14,42.87376682700539,43.22169006752573,42.65235838629002,43.0793571472168,20370500
2018-02-15,43.23750665820898,43.79102325439453,43.0556374796551,43.79102325439453,14788900
2018-02-16,43.80683607394588,44.154759308280056,43.56961253336712,43.96498107910156,11591600
2018-02-20,43.49054486498857,43.49054486498857,42.92121313059156,42.968658447265625,16069800
2018-02-21,43.031923087185845,43.15844395291949,42.438870102964934,42.45468521118164,15207400
2018-02-22,42.5416559319585,42.88167313071013,42.48630457554989,42.56538009643555,10239200
2018-02-23,42.65236039214369,42.98447156062392,42.50212142094003,42.9765625,10321100
2018-02-26,43.047719049642666,43.27703349216059,42.929110315404586,43.24540328979492,10100400
2018-02-27,43.26913930877911,43.37193297000755,42.66817736481109,42.67608642578125,9832600
2018-02-28,42.92911823611601,42.95283938405592,42.23326873779297,42.23326873779297,13726400
2018-03-01,42.13047671157185,42.53375436952215,41.76673832644167,42.13838577270508,27808600
2018-03-02,41.98023278240053,42.56537956394351,41.88534517494746,42.49421310424805,25965400
2018-03-05,42.26488979762117,42.913293843292564,42.26488979762117,42.865848541259766,18859700
2018-03-06,42.881680163004695,42.93703152849055,42.55747801526332,42.89749526977539,20784300
2018-03-07,42.49420912364135,42.676078277732735,42.280709764554324,42.5100212097168,12592900
2018-03-08,42.533756863318864,42.91331037654609,42.46259039106231,42.89749526977539,10725100
2018-03-09,43.01609892206836,43.1821529871022,42.85795090071215,43.17424392700195,11486800
2018-03-12,43.19005666843748,43.41937113604017,43.01609656924099,43.09516906738281,10915700
2018-03-13,43.22959547814073,43.308670997388894,42.99237495324147,43.063541412353516,12406100
2018-03-14,43.1663484449038,43.174254490515814,42.54166526673696,42.62864685058594,13519000
2018-03-15,42.57329661207604,42.763074892458754,42.209558175801234,42.32816696166992,9280100
2018-03-16,42.32736159553407,42.5897720210528,42.30350720534727,42.343265533447266,9629100
2018-03-19,42.311456825653494,42.39097651365588,41.778688566184215,41.929771423339844,10714700
2018-03-20,41.99338418859387,42.16037097147953,41.67531152592676,41.81049346923828,9888200
2018-03-21,41.579897341117956,41.746884149708904,41.206162359957666,41.29363250732422,17028500
2018-03-22,41.17435501361248,41.50037818222682,40.919898054370364,40.95170593261719,15584100
2018-03-23,41.09483730574545,41.26182411224311,40.40303265499362,40.44279098510742,15936400
2018-03-26,40.74495453014243,41.063024163639454,40.61772607007047,41.02326583862305,12374700
2018-03-27,41.09483312586192,41.42880670488774,40.81652181000707,40.999412536621094,17326800
2018-03-28,41.13459431511012,41.770736676604145,41.11869037690201,41.56399154663086,32397500
2018-03-29,41.73097984936542,42.104714827288845,41.73097984936542,41.850257873535156,13272800
2018-04-02,41.72302710967521,41.80254376585234,40.64158359881659,40.8244743347168,28604800
2018-04-03,41.0073614256074,41.46856648386457,40.8801329670133,41.36519241333008,24860600
2018-04-04,41.10279379209142,42.16038312189066,41.05508500229792,42.009300231933594,28012500
2018-04-05,42.0808553930011,42.27965006821376,41.85820632744004,42.11266326904297,18235800
2018-04-06,41.98543443911627,42.32736152022664,41.47652056026344,41.683265686035156,13113400
2018-04-09,41.81050210973512,42.08085998549849,41.5401412006054,41.65941619873047,14686700
2018-04-10,41.89796946137204,41.96953567399166,41.532187945034615,41.75483703613281,13041900
2018-04-11,41.63556133936788,41.89001830589051,41.587849520632524,41.67531967163086,9025200
2018-04-12,41.85025880028523,41.97748727997948,41.58784835464734,41.6117057800293,9843700
2018-04-13,41.786635425873435,41.89795994614019,41.61169819403954,41.818443298339844,8836700
2018-04-16,41.92977471093915,42.510254828723724,41.874112441656116,42.27170181274414,7804700
2018-04-17,42.38302277295393,42.47049291254686,42.13651932504574,42.36711883544922,8131300
2018-04-18,42.33531418710135,42.43073477919936,41.96952968955479,42.049049377441406,14496600
2018-04-19,41.476519989140776,41.50832786447259,40.617728588743496,40.83242416381836,23643100
2018-04-20,40.737013123281216,40.87219510845617,40.029304414716236,40.148582458496094,19102700
2018-04-23,40.1803810716677,40.22014243566755,39.91797366279263,40.10086441040039,12344900
2018-04-24,40.17243586585554,40.220147688867335,39.568098241172486,39.846412658691406,18771500
2018-04-25,39.83050241968971,40.084959368784716,39.6714660681638,39.917972564697266,19012500
2018-04-26,40.00543419536523,40.315553346486865,39.878205747895706,40.156517028808594,11009900
2018-04-27,40.06905847686688,40.506406201791414,40.02930014430399,40.3712272644043,11096100
2018-04-30,40.442791044095316,40.62568178957848,40.04520167564509,40.11676788330078,13892700
2018-05-01,39.96568618462203,39.98954361192681,39.488580105657,39.76689147949219,10927100
2018-05-02,39.655560078446705,39.69531840593011,38.90013972279819,38.98760986328125,18818900
2018-05-03,39.08303887518788,39.17050599435856,38.772916598002084,38.94785690307617,16634400
2018-05-04,38.91605929060143,39.71123829310682,38.876300947149595,39.51244354248047,13132400
2018-05-07,39.59989997017419,39.67146617688868,39.178456215836704,39.265926361083984,9665300
2018-05-08,39.178465485121045,39.21822382417644,38.93195892959069,39.10689926147461,8290800
2018-05-09,39.03533101088644,39.25798012472885,38.95581433690463,39.162559509277344,9228200
2018-05-10,39.345446139603524,39.59195265635507,39.289783867009035,39.393157958984375,10242700
2018-05-11,39.46472417137248,39.663518868743175,39.27387992721542,39.393157958984375,10065200
2018-05-14,39.44882069932064,39.520386912557306,39.313638726155226,39.377254486083984,6708100
2018-05-15,39.18640822159065,39.32954064069275,39.011470957528495,39.22616958618164,22686900
2018-05-16,39.34545350434315,39.599910521937964,39.289791221329715,39.50448989868164,12151300
2018-05-17,39.62376660212472,39.735091164356874,39.50448855209494,39.63966751098633,19572900
2018-05-18,39.54424083697422,39.607856596148686,39.242072047628184,39.393157958984375,15664700
2018-05-21,39.54424239136834,39.6953252752969,39.4408682953296,39.56014633178711,7928400
2018-05-22,39.6316997364312,39.83049437735765,39.41700116022678,39.48856735229492,9383800
2018-05-23,39.401107480982425,39.67146838435145,39.34544520970348,39.631710052490234,18136200
2018-05-24,39.631714804035724,39.70328102331267,39.40111220488039,39.59990692138672,9843800
2018-05-25,39.60785091897759,39.917970117086476,39.55218865436142,39.66351318359375,12913500
2018-05-29,39.52037610256651,39.75097861918207,39.401098102009335,39.5760383605957,14959300
2018-05-30,39.7271322825538,40.20424138452594,39.59990379536784,40.13267517089844,17628100
2018-05-31,40.06109688884005,40.100855210352236,39.3374845172024,39.48856735229492,18603000
2018-06-01,39.59989186587526,39.6714580579434,39.38519328967083,39.48856735229492,10944600
2018-06-04,39.568087798345864,39.862306079218506,39.568087798345864,39.81459426879883,11665200
2018-06-05,39.846408684580304,39.87026307702378,39.5044815705146,39.631710052490234,8980900
2018-06-06,39.647608781838514,39.67941665649414,39.40110230330624,39.67941665649414,12071000
2018-06-07,39.5760335087929,40.13265905421121,39.520371257587584,39.92591094970703,16618500
2018-06-08,39.941824839113885,40.44278825819484,39.941824839113885,40.4189338684082,17081500
2018-06-11,40.45073805565708,40.83242345289555,40.45073805565708,40.752906799316406,13199600
2018-06-12,40.776761898670664,40.85628158700019,40.56206329022985,40.83242416381836,11362200
2018-06-13,40.824470572557665,40.888083284963976,40.57796410773963,40.70519256591797,15696000
2018-06-14,40.75291333748526,40.808575610593984,40.601830458099656,40.77676773071289,9751300
2018-06-15,40.73990668957806,41.324881377715016,40.659774343146786,41.30084228515625,17217800
2018-06-18,41.16460594110711,41.18063301877116,40.51552610840198,40.699832916259766,21627300
2018-06-19,40.547589574858314,40.988326702923665,40.52355047945599,40.91620635986328,12639200
2018-06-20,41.03640065818608,41.044415727061875,40.779973477516876,40.956268310546875,9562500
2018-06-21,41.01236837379122,41.17263615252905,40.924220942642734,41.036407470703125,13272700
2018-06-22,41.13255906105255,41.44507946542128,41.12454399297228,41.37295913696289,9938300
2018-06-25,41.27679805410189,41.645414776913945,41.26878604260404,41.58130645751953,22124200
2018-06-26,41.58932393861088,41.66945628564974,41.21269518245144,41.40501403808594,14047300
2018-06-27,41.348911296324204,41.7015008788413,41.148577417840364,41.31686019897461,19862400
2018-06-28,41.22069773636864,41.413019604728184,41.15659248481706,41.31686019897461,13177400
2018-06-29,41.340908848625666,41.51720368066238,41.108520762186934,41.29282760620117,13018300
2018-07-02,41.108514816112724,41.29282163346821,40.78798241687163,41.05242156982422,13255500
2018-07-03,41.21269459539373,41.364947275340015,41.084481007846044,41.14858627319336,7736300
2018-07-05,41.32487731620281,41.74157220176841,41.24474497764714,41.717533111572266,11699800
2018-07-06,41.765621116503,42.014036315424796,41.66946167624602,41.84575653076172,12335100
2018-07-09,41.87779704229625,41.94190535748041,41.637396974061105,41.68547821044922,15117900
2018-07-10,41.78965543970643,42.20634728836851,41.70150802896344,42.182308197021484,15280300
2018-07-11,42.13423277418279,42.174298948003205,41.90184468643004,42.046085357666016,11484600
2018-07-12,42.16628200271038,42.238402335118984,41.853761581224084,41.989990234375,11002300
2018-07-13,42.01402459814185,42.310517906076434,41.99799751975989,42.2624397277832,14053500
2018-07-16,42.230386828925724,42.254425918788385,41.94190552316288,42.06210708618164,10347400
2018-07-17,42.038065873392426,42.470787841650136,42.038065873392426,42.422706604003906,14759300
2018-07-18,42.374632855309216,42.414699029112,42.04608533916144,42.0781364440918,10474200
2018-07-19,41.80568026861707,42.286483502796784,41.72554792468027,42.102176666259766,15092800
2018-07-20,42.02203807241774,42.38263970643891,41.94991774561351,42.35860061645508,17895700
2018-07-23,42.27846882554733,42.38264331911161,41.96594840170751,42.09416198730469,13337200
2018-07-24,41.998006305233325,42.25443349928079,41.92588596585414,42.17430114746094,15987700
2018-07-25,42.230391894438284,42.52688524676866,42.14224447856498,42.49483108520508,15258400
2018-07-26,42.66311831825688,43.07981023427556,42.607022001291206,42.71921157836914,15129400
2018-07-27,42.69515605576795,42.983637335634356,42.62303573580135,42.775291442871094,13414400
2018-07-30,42.6631133624708,42.831393123260064,42.47079145238804,42.72721862792969,12143900
2018-07-31,42.863457432986266,43.079815429882444,42.61504221049103,42.92756271362305,17898400
2018-08-01,42.79933983957459,42.871460175227604,42.49483141605597,42.566951751708984,14917600
2018-08-02,42.49482960794459,43.055765188394886,42.47079051603413,42.999671936035156,15902900
2018-08-03,43.10385252454292,43.712866374937015,43.07179835956075,43.504520416259766,20418500
2018-08-06,43.528555286008114,43.68080796961326,43.44842293818501,43.54458236694336,13412100
2018-08-07,43.50451599833185,43.5606092529276,43.12788724017195,43.2801399230957,13766100
2018-08-08,43.256099907907014,43.28815406895058,42.935567468030484,42.95159149169922,12591800
2018-08-09,42.95960435090648,43.03172468111872,42.76728245138954,42.8233757019043,8047000
2018-08-10,42.6951561090151,42.83939674912819,42.57495761348917,42.66310501098633,13459200
2018-08-13,42.73522533104288,42.82336967168757,42.47078313855139,42.66310501098633,8696600
2018-08-14,42.71919849201379,42.99966470665868,42.69515634729245,42.959598541259766,8882500
2018-08-15,42.83138640587208,43.167945874666856,42.59098634861115,43.135894775390625,15592600
2018-08-16,43.57662270804221,43.881127978675536,43.51251440463383,43.75291442871094,15526100
2018-08-17,43.71286023960918,44.137570223879095,43.624712826706876,44.0894889831543,13037600
2018-08-20,44.14558110328603,44.32187592456886,44.01736752149476,44.06544876098633,10189600
2018-08-21,44.04941074669645,44.113515993252676,43.58463471754218,43.75291442871094,13806200
2018-08-22,43.71286831524755,43.80101574443446,43.42438693130987,43.4804801940918,13573900
2018-08-23,43.35226628809643,43.480479895983734,43.248094833274806,43.37630844116211,10714300
2018-08-24,43.35226060830633,43.44040802534027,43.191995912084415,43.32020950317383,9570500
2018-08-27,43.392327150643894,43.528552745362674,43.17596615592618,43.34424591064453,10631600
2018-08-28,43.33623705382276,43.464450646301685,43.13590312452111,43.200008392333984,12621500
2018-08-29,43.26410828531841,43.328213540637904,43.15191873901728,43.24808120727539,8681000
2018-08-30,43.18397870038245,43.32821936530749,43.02371095525984,43.11185836791992,11092500
2018-08-31,43.111863721592115,43.24809239176188,42.91954484904503,43.0958366394043,10472900
2018-09-04,43.039737701416016,43.22404453697802,42.91953918614669,43.039737701416016,9571100
2018-09-05,42.911516277353265,43.53656005859375,42.86343810277105,43.53656005859375,14723800
2018-09-06,43.52052798522514,43.68079262457045,43.37628736433272,43.65675354003906,12333800
2018-09-07,43.52053678093719,43.60066911680498,43.26410963793706,43.5686149597168,9247300
2018-09-10,43.67279354622597,43.97730195347628,43.67279354622597,43.72087478637695,8361600
2018-09-11,43.66477858031129,43.712856760356395,43.464444678516024,43.560604095458984,8121600
2018-09-12,43.56060644531007,44.16160818311655,43.53656735399074,44.06544876098633,15220000
2018-09-13,44.08148276327235,44.097509846731135,43.75293519450126,44.00135040283203,9746500
2018-09-14,43.961265601856695,43.96927761176562,43.65675725882815,43.88113021850586,8925200
2018-09-17,43.849093484186845,44.05743943543524,43.752930992669135,44.041412353515625,10279600
2018-09-18,44.001342107512286,44.017369187949576,43.6808066124725,43.85710144042969,15638500
2018-09-19,43.81702462851439,44.00133142351201,43.71285015939319,43.77695846557617,7791600
2018-09-20,43.897165410600316,44.33790245837974,43.897165410600316,44.32988739013672,11817800
2018-09-21,44.40090560913086,44.47353534825509,44.312135585929646,44.40090560913086,10307900
2018-09-24,44.247578560518185,44.34441718879527,43.69074952142484,43.72303009033203,10648700
2018-09-25,43.852159469825935,43.9489981205886,43.44059289525072,43.46480178833008,8348300
2018-09-26,43.59391172043031,43.84408151654179,43.456720839193515,43.51321029663086,10369900
2018-09-27,43.36794769429734,43.7391649554019,43.24689711511606,43.45671463012695,8892800
2018-09-28,43.40831089019384,43.57777929306226,43.36796171024113,43.52128982543945,9249700
2018-10-01,43.585829390147055,43.65039051341335,43.44057301968548,43.488990783691406,8725500
2018-10-02,43.46478760675726,43.836004878932044,43.35987730690119,43.739166259765625,9592400
2018-10-03,43.836000436983596,43.88442128088237,43.21461345994681,43.27110290527344,15192700
2018-10-04,43.1500660745758,43.23076442256857,42.84340681100292,43.16620635986328,19964000
2018-10-05,43.077432903923246,43.295322120307894,43.06129261991945,43.125850677490234,13903100
2018-10-08,43.0855027074152,43.77951954669737,43.0855027074152,43.72303009033203,14908300
2018-10-09,43.73917291954798,43.83601155345917,43.521283684414286,43.62619400024414,13477200
2018-10-10,43.48092774555239,43.811795848514684,43.02900906020021,43.10163879394531,26121600
2018-10-11,42.98058709164613,43.20654796765664,41.89921279430904,42.03640365600586,44523200
2018-10-12,42.21395350012009,42.415702460127164,41.899222536615405,42.270442962646484,26263000
2018-10-15,42.14939366702051,42.83534199945926,42.14939366702051,42.528682708740234,15892000
2018-10-16,42.63359297462264,43.0693684015834,42.480261790251234,43.00481033325195,15468600
2018-10-17,42.96445250337774,43.303389220362384,42.811121349884814,43.20655059814453,15837800
2018-10-18,43.254965965223015,43.64232658944728,43.01286788391594,43.15005874633789,19370300
2018-10-19,43.64232539770283,44.26370932732662,43.64232539770283,44.13459014892578,28312300
2018-10-22,44.215291882178796,44.271781330738726,43.682674882582255,43.8037223815918,16645700
2018-10-23,43.54547975384599,44.11037726250862,43.2953131000187,43.997398376464844,30466600
2018-10-24,44.029693446460726,44.80440870185487,43.90057423722837,44.183021545410156,36761900
2018-10-25,44.07809751704661,44.449317821774585,43.69881168951446,44.28791809082031,30018200
2018-10-26,43.98126022059622,44.10231079203047,43.246894347390075,43.440574645996094,39310600
2018-10-29,43.739161442552586,44.24756952446012,43.53741254574971,43.94091033935547,31687500
2018-10-30,44.23950704980541,44.852825547631106,44.1265281366387,44.81247329711914,33148100
2018-10-31,44.804403255546376,44.804403255546376,44.03775669710126,44.3928337097168,30135100
2018-11-01,44.489683680224296,44.84476075881585,44.263722740716055,44.70757293701172,22589800
2018-11-02,44.707574627094,44.76406409449529,44.08618740723472,44.47354507446289,28704100
2018-11-05,44.546157420941306,45.15140411666484,44.481596295744396,45.03035354614258,19972200
2018-11-06,45.02229741559617,45.32088500622896,44.86896624000372,45.304744720458984,15626500
2018-11-07,45.490354717689044,45.579124752794094,45.086856796989615,45.562984466552734,15067100
2018-11-08,45.337018943964004,45.65981845727614,45.32894726298683,45.587188720703125,12890200
2018-11-09,45.57106065456785,45.99876750769485,45.57106065456785,45.85350799560547,18510900
2018-11-12,45.724375693652554,45.98261406829782,45.52262677105817,45.61139678955078,15950700
2018-11-13,45.63560416841107,45.8050725189684,45.28859578673036,45.50648498535156,23146500
2018-11-14,45.58719360511558,45.58719360511558,44.98194676163975,45.199832916259766,17577600
2018-11-15,45.04650654418593,45.12720489501953,44.69949809440088,45.12720489501953,25604700
2018-11-16,45.10299770291878,45.41772559283733,44.941597916732505,45.24018859863281,15212800
2018-11-19,45.25632679492014,45.50649352743221,44.981948094609194,45.16755676269531,16727200
2018-11-20,45.030357124452394,45.256318002153535,44.295991198422975,44.41704177856445,33023200
2018-11-21,44.39282254088888,44.49773282125707,43.9651158971131,44.061954498291016,16604400
2018-11-23,44.02162116324521,44.40897878565381,43.916710845162235,44.215301513671875,8700800
2018-11-26,44.27985052338405,44.49773971864104,44.053892726129725,44.27178192138672,13125400
2018-11-27,44.199149957239875,44.68334609217042,44.174941074026535,44.667205810546875,15954400
2018-11-28,44.59457540377403,45.04649404702364,44.4573876297277,45.03842544555664,21973700
2018-11-29,44.965801623159756,45.24824888825224,44.909312170141256,45.111061096191406,13285000
2018-11-30,45.10298944704908,45.51455898041064,44.99001054093236,45.40157699584961,16551900
2018-12-03,45.562976371161234,45.562976371161234,44.97386988102281,45.44192886352539,20855900
2018-12-04,45.522630263571635,45.69209863272597,44.65107645188899,44.67528533935547,27634900
2018-12-06,44.53001283298723,44.73983031269722,43.77950675659862,44.723690032958984,32514000
2018-12-07,44.68335506698958,44.84475483719882,43.965129321925225,44.158809661865234,23139500
2018-12-10,44.40897638116723,44.40897638116723,43.48093308974206,44.158809661865234,44469000
2018-12-11,44.46547174684622,44.84476079546523,44.27986306390042,44.5219612121582,25677400
2018-12-12,44.79632600093564,44.93351685862487,44.44124903249744,44.465457916259766,18735200
2018-12-13,44.52194465584775,44.88509328241335,44.46545521154241,44.73983383178711,16987800
2018-12-14,44.457397467884505,44.513886925986,43.87635952347533,43.98126983642578,20262700
2018-12-17,43.876349831369815,43.981260121146015,42.70620559777898,42.964447021484375,27324100
2018-12-18,43.077438027861305,43.166208061218924,42.21395274083772,42.456050872802734,27349700
2018-12-19,42.657794023263655,42.99673074619491,41.85079830758616,42.04447555541992,46289600
2018-12-20,41.85886966927817,41.8750099540689,40.898545812563924,41.29397201538086,43415000
2018-12-21,41.30537051573471,42.20933316123536,40.865604400634766,40.865604400634766,38484500
2018-12-24,40.759739131463064,40.89818541739171,39.65218127049284,39.684757232666016,23086800
2018-12-26,39.76619844744425,40.79231643676758,39.35900822671653,40.79231643676758,26670600
2018-12-27,40.53985859605634,41.21579587388968,39.93721879102932,41.18321990966797,35926900
2018-12-28,41.484539812181474,41.655562071038,41.020343195174334,41.18321990966797,24436600
2018-12-31,41.289076358765826,41.38680111196114,40.97146858092064,41.354225158691406,14959600
2019-01-02,40.914478546700714,41.2402288895771,40.67830745115012,41.109928131103516,20459000
2019-01-03,41.03662547114251,41.46010362729533,40.80859996652733,40.873748779296875,22074800
2019-01-04,41.14249276925939,41.74513244628906,41.05291043998395,41.74513244628906,19003300
2019-01-07,41.63927240200795,41.965022711183245,41.31351898621783,41.688133239746094,15143300
2019-01-08,41.93246056032022,42.17677413122905,41.72886540012694,42.07090377807617,28273800
2019-01-09,42.06274864081812,42.10346703924173,41.5822640835444,41.679988861083984,15684500
2019-01-10,41.59854707780795,41.99759168378621,41.484531226628434,41.92429733276367,32431700
2019-01-11,42.01389086122967,42.0708972487072,41.818438170867346,42.04646682739258,11732400
2019-01-14,41.94059359004657,42.03017593749146,41.77771687711175,41.84286880493164,7811500
2019-01-15,41.83471961038955,42.29891618245095,41.8102891928962,42.25819778442383,11447700
2019-01-16,42.24191179908181,42.24191179908181,41.87543998629904,42.030174255371094,13484700
2019-01-17,41.96502632038055,42.29892220230543,41.916165478440135,42.20934295654297,10196400
2019-01-18,42.45364720181884,42.844549384930424,42.40478326394949,42.71424865722656,11957600
2019-01-22,42.600238450239495,42.681675244932336,41.98130762676144,42.32334899902344,20877700
2019-01-23,42.649101458404346,42.95042444867956,42.445506354679615,42.82826614379883,23804700
2019-01-24,42.600234998842765,42.608377435006524,42.01388018339311,42.298912048339844,17727200
2019-01-25,42.42922290042791,42.60024516683052,42.070896598023296,42.12790298461914,12920300
2019-01-28,42.03830565131239,42.32334058932973,41.89986250652045,42.30705261230469,10996700
2019-01-29,42.38849336300136,42.494363670278176,42.21747424813329,42.404781341552734,11500400
2019-01-30,42.445490664314406,42.78753192757293,42.34776592050351,42.68980407714844,13934600
2019-01-31,42.69795870098096,43.593775774141044,42.600233936381414,43.47976303100586,17886500
2019-02-01,43.61007159486557,43.61007159486557,43.16216297774029,43.34132766723633,14423400
2019-02-04,43.33318245040077,43.61821746826172,43.25174564907755,43.61821746826172,13367500
2019-02-05,43.65079608391834,43.74037844116189,43.504207336904386,43.626365661621094,11296100
2019-02-06,43.5041947639573,43.70778984190157,43.5041947639573,43.634498596191406,19006100
2019-02-07,43.447183038436464,43.63449322089122,43.30059435184559,43.6019172668457,14519000
2019-02-08,43.5123454745835,43.80552291870117,43.34946877156093,43.80552291870117,11100100
2019-02-11,43.84623841969403,43.960251172289496,43.724080123847735,43.919532775878906,6876200
2019-02-12,44.00912164699883,44.391878358032535,43.94396971777566,44.26157760620117,11694100
2019-02-13,44.3430061340332,44.481449288168974,44.24528137190124,44.3430061340332,10809600
2019-02-14,43.87881314147237,44.041689829133865,43.61006614083875,43.84623718261719,11388500
2019-02-15,44.05798248730123,44.34301751773013,43.84624493055588,44.26157760620117,12635400
2019-02-19,44.36743903109403,44.66061644051282,44.26971426349255,44.48959732055664,19831700
2019-02-20,44.448886485850096,44.57104168947372,44.2697217925976,44.408164978027344,14478600
2019-02-21,44.33485709784864,44.63618000948218,44.204556389736325,44.5384521484375,11711800
2019-02-22,44.12313750235929,44.32673263549805,44.00912472486002,44.32673263549805,24758700
2019-02-25,44.416316252687636,44.54661701733274,44.02541395875232,44.082420349121094,15162600
2019-02-26,44.10685729980469,44.294164482541376,44.00913248851071,44.10685729980469,15114400
2019-02-27,44.00911486682318,44.10683963898719,43.86252615526992,44.041690826416016,10811600
2019-02-28,44.14755909493092,44.42444854488774,44.04169188363461,44.2534294128418,8469400
2019-03-01,44.38373462085926,44.400022602688225,43.85438608457003,44.1719970703125,10812200
2019-03-04,44.253428812111615,44.3348656053286,43.75665629629019,44.098697662353516,10113600
2019-03-05,44.09055056348533,44.212708855615425,43.98468025074688,44.06612014770508,10132400
2019-03-06,44.05797530857975,44.18013360266146,43.81366182703078,44.00096893310547,12001100
2019-03-07,43.92767993085938,44.00097429491692,43.6263600371183,43.7159423828125,14336100
2019-03-08,43.7566596853294,43.95211235344871,43.528634161369176,43.74037170410156,11909300
2019-03-11,43.81366372107298,44.343012209491256,43.81366372107298,44.3104362487793,10519200
2019-03-12,44.318587090467986,44.481463818302025,44.22086229641364,44.32673263549805,10841800
2019-03-13,44.359302400000566,44.75020462817658,44.32672643766554,44.579185485839844,11135300
2019-03-14,44.595458514073265,44.66875285654981,44.46515780596095,44.5384521484375,8449600
2019-03-15,44.692404492884755,44.91348911690137,44.602331359734016,44.79066467285156,21846900
2019-03-18,44.798859575023855,44.946251432636224,44.74154086635631,44.856178283691406,8103700
2019-03-19,44.9544399255493,45.05270011907591,44.65965622133425,44.82342529296875,13359400
2019-03-20,44.79885512103909,44.88892826102867,44.48769734024695,44.63508605957031,19832700
2019-03-21,44.55319703257609,45.22464728202676,44.55319703257609,45.159141540527344,12699200
2019-03-22,45.09363554363132,45.396606255060476,45.03631684481053,45.10182571411133,21007300
2019-03-25,45.01993843932586,45.30653504950082,44.9134880913389,45.19189453125,12538000
2019-03-26,45.34748071329847,45.74052458408463,45.314726276490866,45.57675552368164,12808700
2019-03-27,45.57675962849325,45.7077742638883,45.19190277042984,45.421180725097656,12740400
2019-03-28,45.52762098356467,45.76508594992003,45.511246889833444,45.64226150512695,11920900
2019-03-29,45.72415223421259,45.994368557559355,45.60132464492339,45.94524002075195,13888800
2019-04-01,46.03530893405193,46.04349598155476,45.71596097964552,45.78965377807617,13799400
2019-04-02,45.65045173830103,45.65045173830103,45.412986755371094,45.412986755371094,13964800
2019-04-03,45.33109931302292,45.42935949074604,45.07725713663391,45.19189453125,18616500
2019-04-04,45.22465247670502,45.437553189210576,45.18371099311086,45.36385726928711,10671300
2019-04-05,45.42935513072448,45.53580546849502,45.30653070126718,45.51942825317383,9045200
2019-04-08,45.49486231312757,45.715950026353305,45.43754362343582,45.707759857177734,6136900
2019-04-09,45.60130857293794,45.67500447581059,45.45391676719264,45.65044021606445,12062300
2019-04-10,45.69139810283838,45.83878996152781,45.65045661401029,45.781471252441406,7060800
2019-04-11,45.855151410862575,45.961601744112535,45.70775960286549,45.87152862548828,6444900
2019-04-12,45.904294934117104,46.0516867802571,45.7650901355915,46.0189323425293,7635700
2019-04-15,46.00254912498356,46.33008721228075,45.994358954802046,46.28914260864258,6505000
2019-04-16,46.37103631864686,46.452919292120605,46.11719410306192,46.297340393066406,9345100
2019-04-17,46.542992362217696,46.600311068284114,46.31371753795204,46.526615142822266,12720200
2019-04-18,46.714942491206635,46.79682857768539,46.36284012843502,46.56755065917969,10622200
2019-04-22,46.55936670348121,46.83777316872309,46.46929356419192,46.58393096923828,12432100
2019-04-23,46.55937392077883,46.616692632187146,46.346473172431814,46.436546325683594,20408400
2019-04-24,46.46110556375979,46.7067575871965,46.42835112766558,46.5348014831543,8221900
2019-04-25,46.28095460171248,46.321896080866374,46.07624408230839,46.240013122558594,9992100
2019-04-26,46.289143714908654,46.66581346139288,46.26457945104645,46.657623291015625,8405700
2019-04-29,46.63305996851211,46.739510320121816,46.567551098710794,46.714942932128906,7210800
2019-04-30,46.73951042861848,47.30451037560956,46.690378776153445,47.25537872314453,15965900
2019-05-01,47.31270335979245,47.34545779887949,46.674007415771484,46.674007415771484,11992700
2019-05-02,46.63305902715342,46.84595660244035,46.420158328231715,46.657623291015625,13925900
2019-05-03,46.87872427180711,47.1161893016338,46.80502833577937,47.00973892211914,13801300
2019-05-06,46.66580747344256,47.017906663615214,46.60848565906141,46.9360237121582,10100300
2019-05-07,46.72314921838369,46.81321925997513,46.223654846585404,46.46930694580078,20115500
2019-05-08,46.436534145226176,46.723130750728,46.23182362285403,46.46110153198242,11940200
2019-05-09,46.264574761296764,46.493849530462285,46.01073260712461,46.36283493041992,23531600
2019-05-10,46.24820075415711,46.99334692927164,46.051680402277825,46.92784118652344,14029600
2019-05-13,46.44473051186054,46.600309405111716,46.31371588500821,46.48567199707031,13081800
2019-05-14,46.61668726361556,47.026108368601726,46.54299133977265,46.70676040649414,16497800
2019-05-15,46.64124502464982,47.17349363634579,46.551171894334985,47.075233459472656,9681800
2019-05-16,47.32088969069095,47.713933556929135,47.18987506861155,47.4437141418457,12859800
2019-05-17,47.18168897748153,47.55835878171099,47.17350192948394,47.28813934326172,15458700
2019-05-20,47.18168710870847,47.44371636514644,47.14074562307162,47.173500061035156,9496800
2019-05-21,47.34544972678244,47.36182694353374,47.00153754590913,47.075233459472656,8124100
2019-05-22,47.09161583133177,47.39458970904192,46.99335563718442,47.28813934326172,11102000
2019-05-23,47.10799377272214,47.28814006778175,47.009733577069305,47.27176284790039,17398000
2019-05-24,47.35364996743433,47.39459145620206,46.96060292908509,47.09980773925781,9530800
2019-05-28,47.10799873587542,47.22263616348745,46.297346569969974,46.330101013183594,14043000
2019-05-29,46.1499438844294,46.158130931496444,45.756900028878235,45.994361877441406,11455100
2019-05-30,46.084437092687814,46.289147638584446,45.977989857838786,46.190887451171875,9770200
2019-05-31,45.83059221177933,45.89609795388163,45.462112651095694,45.53580856323242,13450800
2019-06-03,45.60132056610609,46.199074991667594,45.59313351858226,46.109004974365234,17060600
2019-06-04,46.395600511294,46.53480531433758,46.2482086603703,46.526615142822266,16546800
2019-06-05,46.739527985703184,47.14894920580092,46.55938164929665,47.058876037597656,15069700
2019-06-06,47.15710806347034,47.648411984412846,47.075225117857975,47.55015182495117,20769600
2019-06-07,47.71393290668188,48.19704990469728,47.71393290668188,48.00871658325195,18860800
2019-06-10,48.07422924541165,48.13154795480639,47.877708848525515,48.02510070800781,15341800
2019-06-11,48.16430210104278,48.30350691131853,48.0578517312596,48.18067932128906,18109700
2019-06-12,48.27074123010443,48.53277044575599,48.18066810154271,48.254364013671875,10921200
2019-06-13,48.369007817748056,48.50821261406298,48.082414301268884,48.36082077026367,11564400
2019-06-14,48.336236708303105,48.51638292717362,48.287108193072214,48.38536834716797,9726100
2019-06-17,48.401755852982895,48.45088437866119,48.02508924582096,48.24617385864258,8796600
2019-06-18,48.516390879019546,48.54914531029791,47.918636564544556,47.9841423034668,18120600
2019-06-19,47.951404485111794,48.27893951913141,47.713939476993694,48.18067932128906,13457200
2019-06-20,48.385376658568056,48.66378307935761,48.27892631789233,48.60646438598633,13566200
2019-06-21,48.54788832980417,48.68815094198679,48.37462163918722,48.44887924194336,15416200
2019-06-24,48.52313649547898,48.762408193800375,48.49013241728218,48.57263946533203,17796300
2019-06-25,48.58090142342609,48.64690644510117,48.40763155321319,48.54789733886719,11861700
2019-06-26,48.325113518919764,48.325113518919764,47.838314398234274,47.85481643676758,11672600
2019-06-27,47.92081660476275,47.98682160045404,47.67328921545629,47.9455680847168,11524900
2019-06-28,48.176589597825,48.234345148514684,47.813554258141075,47.91256332397461,12409300
2019-07-01,48.16010145342587,48.316869262608144,47.92082973760017,48.20135498046875,12628100
2019-07-02,48.217850725648795,48.62214279174805,48.18484979678837,48.62214279174805,11913500
2019-07-03,48.68815529534378,49.27396672388461,48.646901767333354,49.22446060180664,11995800
2019-07-05,48.93568349056728,49.042942035510926,48.57264488478115,49.00994110107422,11008200
2019-07-08,49.00994179061678,49.1667064605848,48.93568417906508,49.07594680786133,9257100
2019-07-09,48.97693916812423,49.05944622899983,48.605651099298775,48.78717041015625,12499500
2019-07-10,48.96042633227248,49.224452645796305,48.919172810929744,49.10068893432617,16804800
2019-07-11,49.199709114488876,49.26571412981707,48.96043424560899,49.22446060180664,12575300
2019-07-12,49.20794399502056,49.480222864688216,49.20794399502056,49.36471176147461,8732000
2019-07-15,49.44723959735954,49.56275074917298,49.31522640279521,49.48024368286133,7212600
2019-07-16,49.48849728214051,49.69476811266666,49.32347998823097,49.49674987792969,13579000
2019-07-17,49.496742636981686,49.57100025100558,49.323472772630865,49.43898391723633,9049900
2019-07-18,49.49674425189048,49.91753531345972,49.323474381886456,49.769020080566406,9444300
2019-07-19,49.89277484075059,49.96703244382739,49.42247773707822,49.45547866821289,7460400
2019-07-22,49.54623974278606,49.54623974278606,49.1171961512115,49.16670227050781,7135100
2019-07-23,49.61225165625153,49.70301130810853,49.36472733592313,49.52149200439453,10058100
2019-07-24,49.44722507804011,49.488478599082555,49.13369265272212,49.19144821166992,7975900
2019-07-25,49.092436695035786,49.33996095644678,48.97692558287344,49.25745391845703,9469200
2019-07-26,49.3399637055875,49.82676281071084,49.19970110370138,49.81026077270508,14727900
2019-07-29,49.81027183866651,50.00829319128663,49.77727090276534,49.901031494140625,6121300
2019-07-30,50.09904377474244,50.346568060113526,49.934026535347705,50.049537658691406,14123800
2019-07-31,49.89277807083135,49.967035678715625,48.556141128914405,49.034690856933594,16826700
2019-08-01,49.17494513428569,49.752503858996945,48.82841178792405,48.86141586303711,30148200
2019-08-02,48.78715620167864,49.16669360708042,48.67989453582451,48.86966323852539,24368700
2019-08-05,48.55613721658704,48.76240798326318,47.33501465555733,47.59904098510742,26364800
2019-08-06,47.76405747587662,48.250856603465195,47.58253819687821,48.02808380126953,20126400
2019-08-07,47.821818087625005,48.77066495856648,47.318516868122614,48.58914566040039,17550800
2019-08-08,48.55613663353248,49.26570856596872,48.32511438481076,49.21620559692383,24011300
2019-08-09,49.19145205794303,49.31521577818933,48.59739438411038,48.94392776489258,10590200
2019-08-12,48.81191291764814,48.96867756344449,48.44887751017352,48.6138916015625,11774000
2019-08-13,48.58089402232501,49.389475086177804,48.49838382349783,49.16670227050781,13199500
2019-08-14,48.72941635073566,49.12545592062931,48.35812827038451,48.39113235473633,17281300
2019-08-15,48.91918454984961,49.29047262591444,48.679909662225306,49.11720275878906,14431100
2019-08-16,49.331712203089324,49.87626684480303,49.331712203089324,49.678245544433594,18294300
2019-08-19,50.07429327120979,50.272314604297115,49.96703473208637,50.17330551147461,13180800
2019-08-20,50.14854993554653,50.20630550089479,49.5874931743557,49.62874984741211,8959300
2019-08-21,49.95877177616496,50.00002529399756,49.63698993065233,49.7607536315918,8735900
2019-08-22,49.802015094068246,50.13204643681884,49.670001927479575,50.02478790283203,7127600
2019-08-23,49.88451806648543,50.09078881913954,48.91091986216264,49.19144821166992,25296100
2019-08-26,49.52148882755332,49.843270738081934,49.32346749552832,49.80201721191406,13629800
2019-08-27,50.00828733308672,50.140300503554634,49.50498613710209,49.66175079345703,13389300
2019-08-28,49.645252775489084,50.14030456542969,49.55449627073702,50.14030456542969,12435500
2019-08-29,50.437329433069735,50.44557887897414,49.85977064905406,50.1650505065918,9657600
2019-08-30,50.33007471579501,50.453838453581376,49.94228460834414,50.09905242919922,8567000
2019-09-03,49.88453136733818,50.39608523647561,49.79377170838016,50.38783264160156,15551600
2019-09-04,50.5940932942159,50.841617584228516,50.39607512118266,50.841617584228516,12200500
2019-09-05,50.97364161810984,51.089152768250635,50.45384144247626,50.528099060058594,15719800
2019-09-06,50.66009904660754,50.77561016663683,50.53633533375218,50.69309997558594,13904200
2019-09-09,50.66835822564775,50.71786434978868,50.43733594120859,50.577598571777344,27082400
2019-09-10,50.35482061877124,50.35482061877124,49.99178518761288,50.264060974121094,31985000
2019-09-11,50.24756894957655,50.48684068938011,49.98354257311265,50.445587158203125,17422200
2019-09-12,50.74261512133832,50.8993797910729,50.55284636930934,50.65185546875,18296200
2019-09-13,50.420830823934104,50.70960866186633,50.25581356764038,50.363075256347656,17830400
2019-09-16,50.12379840981712,50.1733045289801,49.76901242442139,49.87627410888672,16741200
2019-09-17,49.85151392450506,50.42082321543758,49.85151392450506,50.14854431152344,11681500
2019-09-18,50.19806357305936,50.28882323146919,49.802024002451404,50.2310676574707,10968900
2019-09-19,50.189804092821575,50.3135646634605,50.123795937193805,50.22280502319336,10664100
2019-09-20,50.32904587096627,50.44524039231263,50.06345748901367,50.06345748901367,13951100
2019-09-23,50.104954260260115,50.47014065401735,50.06345666989585,50.26264953613281,8767800
2019-09-24,50.46183713244002,50.802122424940876,50.287545360538786,50.47013854980469,17305900
2019-09-25,50.68592340374403,50.75232207250546,50.35393639206246,50.50333023071289,17626600
2019-09-26,50.56143168434063,50.93491631200207,50.53653376451755,50.7855224609375,15527300
2019-09-27,50.910025464546266,50.926625135422015,50.428644507340124,50.72743225097656,14293900
2019-09-30,50.76062436826099,51.20050450264042,50.76062436826099,50.97641372680664,11078800
2019-10-01,51.00130791742261,51.14240033161517,50.63612159162988,50.84361267089844,16827400
2019-10-02,50.59463642258378,50.64443543360916,49.63187770520353,49.82276916503906,18668200
2019-10-03,50.071753730357216,50.3456403357783,49.62357219487225,50.171348571777344,20998100
2019-10-04,50.25435185549202,50.96812186066309,50.2045560097772,50.95982360839844,11938600
2019-10-07,50.84362634134647,50.910025024275235,50.49504275416085,50.54484176635742,9378900
2019-10-08,50.395444549486044,50.536536992245686,50.05515923723032,50.06345748901367,14924100
2019-10-09,50.31243822144317,50.56972831080448,50.204545135055994,50.44523239135742,8504600
2019-10-10,50.33735063130023,50.694235636883676,50.19625501310834,50.54484176635742,8648000
2019-10-11,50.73572369544654,50.80211919983352,50.39543842454825,50.495033264160156,18172100
2019-10-14,50.561420665444906,50.61121966030137,50.2211354490816,50.246036529541016,7569500
2019-10-15,50.37052812859052,50.40372745774412,49.95554601235742,50.030242919921875,12217700
2019-10-16,50.07175317128634,50.13814867613745,49.90575966006423,50.08005142211914,10397700
2019-10-17,50.24604727160011,50.453538378767874,50.171350346377196,50.312442779541016,13209800
2019-10-18,50.22114990627492,50.602935977954786,50.22114990627492,50.412044525146484,9301200
2019-10-21,50.420337535614124,50.602930717607514,50.35393886359363,50.57802963256836,9924100
2019-10-22,50.94321406312295,50.97641023181037,50.56972946233982,50.594627380371094,12492500
2019-10-23,50.56974003288354,50.86022635751115,50.553140362038604,50.827030181884766,7499400
2019-10-24,50.92661533432608,51.08430742820175,50.72742248821634,51.001312255859375,9089300
2019-10-25,50.951518616527835,50.959820034273704,50.661032316686885,50.70252990722656,7518600
2019-10-28,50.7025306429687,50.885123843268744,50.48674126939315,50.602935791015625,11154200
2019-10-29,50.5116391908656,50.84362308606364,50.420342590715585,50.602935791015625,10072400
2019-10-30,50.64443188727173,50.926619931195425,50.5033362822783,50.835323333740234,7216400
2019-10-31,50.85190906021624,51.03450220506278,50.436926942701234,50.76061248779297,12628100
2019-11-01,50.85191798982981,50.94321457828479,50.6444268946368,50.752323150634766,10232000
2019-11-04,50.81042596070546,50.83532388171138,50.104954260260115,50.26264953613281,17081600
2019-11-05,50.19624562887627,50.5365309001109,50.03855353549633,50.42863464355469,17192200
2019-11-06,50.51163470954312,50.76062340036752,50.37053911290273,50.63612747192383,8284500
2019-11-07,50.6942299667489,50.70252821815511,50.370541172770864,50.46183776855469,9437800
2019-11-08,50.436936060400555,50.586329902997505,50.262644299391745,50.42863464355469,7574200
2019-11-11,50.45352942032341,50.53652458202882,50.27093626529655,50.35393142700195,5632200
2019-11-12,50.42863901107581,50.519935607910156,50.287546573105004,50.519935607910156,7085100
2019-11-13,50.59462524059329,51.001309158926944,50.52822973996367,50.90171432495117,9500900
2019-11-14,51.12580383782761,51.14240350512666,50.677625485004555,50.88511657714844,8442100
2019-11-15,50.959811575275594,51.00960740923214,50.71912115761002,50.90171432495117,7221400
2019-11-18,50.85192143481601,51.449496842595,50.85192143481601,51.16730880737305,8615500
2019-11-19,51.24200578755937,51.325000964921784,50.993013923345984,51.10091018676758,8560900
2019-11-20,51.10090754206224,51.34159797644471,50.993011284224764,51.21710205078125,11935900
2019-11-21,51.12581398219906,51.25030992861297,50.84362591424918,50.95982360839844,7611100
2019-11-22,51.001319367228504,51.03451870721976,50.67763371747209,50.87682342529297,5517100
2019-11-25,50.97641122146593,51.06770781077011,50.6859249519189,50.934913635253906,10396500
2019-11-26,51.00131574503097,51.39969829844225,50.91001914957072,51.34989929199219,7354800
2019-11-27,51.441192601743026,51.53248919137188,51.30010017490781,51.47439193725586,5483300
2019-11-29,51.49100497767992,51.5740001719537,51.358210767203644,51.45780563354492,3008500
2019-12-02,51.35820050652582,51.598887788259184,51.11751005872937,51.57398986816406,17920100
2019-12-03,51.4743976448561,51.53249490541407,51.14241058504203,51.490997314453125,20537000
2019-12-04,51.43288584843881,51.864467640571476,51.374788603926945,51.831268310546875,17369100
2019-12-05,51.84787371113862,51.856171961531565,51.507588455898954,51.814674377441406,13445200
2019-12-06,51.92258061781874,52.213066928396486,51.889381277734614,52.01387405395508,10746700
2019-12-09,51.98067340508336,52.18816451365188,51.972371987745305,52.05537033081055,6643000
2019-12-10,52.05537494346762,52.11347220572979,51.83958239843954,51.889381408691406,7194300
2019-12-11,52.005578404697204,52.088573592997854,51.81468693875492,51.964080810546875,6201700
2019-12-12,51.97236510808688,52.304352104276134,51.81467302623144,51.922569274902344,11843600
2019-12-13,51.78978317608291,52.188165733921934,51.69848657960797,52.105167388916016,10158300
2019-12-16,52.2545585372524,52.412253801564,52.18816303074986,52.287757873535156,10004600
2019-12-17,52.22135037500584,52.32094836702098,52.138355214388994,52.20475387573242,8005500
2019-12-18,52.29605690571212,52.47035184076851,52.03876996083515,52.12176513671875,5464100
2019-12-19,52.196466244542684,52.52015188891761,52.1881679927145,52.40395736694336,9068100
2019-12-20,52.56545863096859,53.017311479165535,52.531987340287785,52.79975128173828,15270600
2019-12-23,52.900155249833325,52.900155249833325,52.55708256457995,52.57381820678711,6006500
2019-12-24,52.63238847506047,52.707697264868244,52.55707968525271,52.64075469970703,1700100
2019-12-26,52.6993299701006,52.79137440490473,52.548712384420625,52.69096374511719,8638600
2019-12-27,52.799746717966855,52.94199809506572,52.749542978283,52.925262451171875,10314100
2019-12-30,52.83321301896679,52.916891230537864,52.57381854308993,52.64912414550781,6238600
2019-12-31,52.540349370537996,52.732804476891914,52.43156928712143,52.69933319091797,4985400
2020-01-02,52.79973692067244,52.79973692067244,52.13869666551254,52.28094482421875,14460700
2020-01-03,52.08850079158942,52.423207294358576,51.95461882888131,52.19728088378906,26388900
2020-01-06,52.121963672892164,52.372991913478806,52.0299192398777,52.30604934692383,22541700
2020-01-07,52.14706953558273,52.197276464346515,51.8625699899163,51.9044075012207,15607600
2020-01-08,51.94624458646544,52.3144191290973,51.8458307359317,52.096858978271484,11451400
2020-01-09,52.255851358771935,52.473408339998294,52.13033562868136,52.46504211425781,6854500
2020-01-10,52.5152393460827,52.590548136406795,52.36462495743172,52.43156433105469,7410800
2020-01-13,52.44829829795495,52.78300473137533,52.42319643264741,52.774635314941406,9625700
2020-01-14,52.70769918903398,52.8164760733962,52.64075662142894,52.79137420654297,7512300
2020-01-15,52.749533894929506,53.27669222282062,52.72442883741292,53.16791534423828,12454300
2020-01-16,53.23485280472491,53.351999095605315,53.1762796592847,53.31016159057617,8048600
2020-01-17,53.30180719224314,53.51936418186146,53.234864615746595,53.402217864990234,14902700
2020-01-21,53.326902233530475,53.611401763213095,53.14281336373663,53.586299896240234,11300300
2020-01-22,53.6030452522275,53.753662874323524,53.58631279821514,53.62814712524414,8046500
2020-01-23,53.45242172940621,53.720182444030804,53.25159720344083,53.57793426513672,14563100
2020-01-24,53.6197778729614,53.686720449241164,53.04240932454051,53.20976257324219,11935100
2020-01-27,52.75790843146906,53.2934362602374,52.72443714417163,53.04240798950195,8748400
2020-01-28,53.075877011250434,53.26833211699924,53.02567008244737,53.10934829711914,7899500
2020-01-29,53.151196170695904,53.19303369018959,52.84159469604492,52.84159469604492,8300800
2020-01-30,52.86668400597961,53.51099186746148,52.8332127215396,53.469154357910156,13824800
2020-01-31,53.49425231869558,53.728544908671076,52.71606256828024,52.86668014526367,15280000
2020-02-03,53.05913522874313,53.259959728720084,52.82484263876764,52.86668014526367,21797600
2020-02-04,53.28506871795101,53.544466400100966,53.0758779655068,53.18465805053711,14290900
2020-02-05,53.36037616078961,53.63650628716164,53.29343358954944,53.61140441894531,20911400
2020-02-06,53.66997796340388,53.987945603116515,53.56120107234311,53.70344924926758,9628500
2020-02-07,53.703446987976115,53.879166443365264,53.544463174814126,53.770389556884766,14849000
2020-02-10,53.79549747183145,54.096732681790016,53.77875863572516,53.99631881713867,7394100
2020-02-11,54.07998660063111,54.07998660063111,53.753649564227686,53.79549026489258,8375700
2020-02-12,53.862433993135475,53.879166443365264,53.66160628640952,53.770389556884766,8479000
2020-02-13,53.65323831351274,54.18039663114545,53.57792633442569,54.08835220336914,7950900
2020-02-14,54.14693224562375,54.23060726771474,54.03815535530498,54.21387481689453,5421200
2020-02-18,54.138562016418994,54.25570832238878,53.912638821761526,54.02141571044922,6902300
2020-02-19,54.02977978288303,54.17202794263244,53.93773535387006,53.96283721923828,4971300
2020-02-20,53.870806915242305,54.046526402888034,53.50263229465154,54.00469207763672,13397700
2020-02-21,53.85406344466719,54.21387176499897,53.8373246107943,54.09672546386719,10027800
2020-02-24,53.36038250687064,53.77039782448561,52.791383351648726,52.84995651245117,19892700
2020-02-25,52.88341858252122,53.14281305171063,51.72031860364697,51.89603805541992,25721400
2020-02-26,52.05502123693678,52.531975852847204,51.578066621026366,51.60316848754883,26066400
2020-02-27,51.1429460088917,51.60316495158617,49.49452531625889,49.502891540527344,39092300
2020-02-28,48.373270039352725,48.53225385977426,46.892199150592326,48.523887634277344,50978800
2020-03-02,48.62430155533723,51.15969258630187,48.62430155533723,51.117855072021484,27103100
2020-03-03,51.19315188856743,52.04665038644642,50.055153891395435,50.4233283996582,35237500
2020-03-04,51.134591173557375,52.9252636135573,51.06764859651174,52.90016174316406,26214300
2020-03-05,51.7370574560031,52.59892231846427,51.37724911318975,51.9044075012207,16556300
2020-03-06,50.532106244765856,51.787250476149,50.15556233695154,51.494384765625,24800200
2020-03-09,48.64939883843577,50.62415996945131,48.53225253269713,49.251869201660156,19126300
2020-03-10,50.28944879505039,50.74967094165171,48.44020356015155,50.665992736816406,28174800
2020-03-11,49.410852218038855,49.6702498851172,47.586708707352464,48.18081283569336,17759800
2020-03-12,45.09315637841771,47.45282772126477,43.43636606484408,43.65392303466797,26713800
2020-03-13,45.82951177295339,47.385891527515255,44.14761628644389,47.36915588378906,24835800
2020-03-16,42.96778158820552,46.498922700985,42.49082690231796,44.15598678588867,27436800
2020-03-17,45.009473253859156,48.07202507459487,44.90905941632909,47.87957000732422,32318100
2020-03-18,45.812780645396145,47.69549765822064,44.599473487620756,46.64954376220703,35524900
2020-03-19,46.15583642857364,46.39012899371463,44.67476587322495,45.09314727783203,26807900
2020-03-20,45.21866801685887,45.23540365794841,41.80467384252443,42.1728515625,26903700
2020-03-23,42.086171363686844,42.58268902735019,40.10851805823417,40.924827575683594,31822200
2020-03-24,42.70892621236616,43.25593837407429,41.909448133822856,43.01188659667969,28041800
2020-03-25,42.919315300400854,44.2742196892149,42.1450860555233,42.89406967163086,25526400
2020-03-26,43.41582390046137,45.54495708800654,43.239098115546525,45.24199676513672,25754100
2020-03-27,44.25738323816298,46.2771167805629,44.18164315006603,45.031612396240234,26004700
2020-03-30,45.469224944542866,46.92511500778753,45.469224944542866,46.79046630859375,15892600
2020-03-31,46.62215844879473,46.849375523288934,45.73010879860783,45.83951187133789,15203200
2020-04-01,44.594012050648324,45.7637732804836,44.48460897432263,45.06528091430664,11979800
2020-04-02,44.44253327222939,46.479095407152585,44.33313019241696,46.21821212768555,14748100
2020-04-03,46.033065411964216,46.723140349133296,45.83950812083416,46.580074310302734,15374100
2020-04-06,47.74142854880355,48.650309752151465,47.05976764629261,48.31368637084961,14835200
2020-04-07,49.06268052749606,49.44979525167733,47.74985612196323,47.758270263671875,22985400
2020-04-08,48.11170933058264,48.734461592237906,47.57311451524746,48.46516418457031,13877400
2020-04-09,48.59981716621613,49.66859275146851,48.48199994127594,48.91960906982422,20376000
2020-04-13,48.759703061801375,49.012172168947714,48.08645960005994,48.55773162841797,10679500
2020-04-14,49.39087571158292,50.67845740738439,49.19731839227595,50.61954879760742,17745300
2020-04-15,49.94629206417169,50.257669751121256,49.449774445019436,49.82006072998047,12553400
2020-04-16,50.08094370288875,50.33341280672909,49.441363225178975,50.14826965332031,14486100
2020-04-17,50.76261281458784,51.08240471093161,50.08095190113156,50.914093017578125,12083100
2020-04-20,50.409149604567034,50.76260119042153,49.87055166711412,49.91263198852539,9263900
2020-04-21,49.20573452326893,49.49186342521578,48.67555383813363,48.85227966308594,13021900
2020-04-22,49.441360745652574,49.60125505449167,48.92801163532985,49.323543548583984,15086800
2020-04-23,49.20573625879934,49.52552494086511,48.80179012597008,48.88594436645508,21074200
2020-04-24,49.172072775186564,49.5676047640302,49.003761085660855,49.40770721435547,9638300
2020-04-27,49.71067178812686,49.777997753702536,49.35722009969078,49.550777435302734,11024000
2020-04-28,50.12302599613806,50.1903487389364,49.61809097889894,49.8284797668457,13608800
2020-04-29,50.08095398088099,50.08095398088099,49.14683030402023,49.618099212646484,16038500
2020-04-30,49.4750295695986,49.50027519759063,48.74287425504732,49.02900314331055,16397100
2020-05-01,48.75970342306879,49.17206685222209,48.288434601497116,48.49040603637695,13023600
2020-05-04,48.39783822751425,48.57456725964725,47.985477976520016,48.46516418457031,11314200
2020-05-05,48.65872048536271,49.029003610647685,48.448331689348414,48.507240295410156,9705200
2020-05-06,48.59139264088629,48.726041327794505,47.93497748321556,47.977054595947266,10700100
2020-05-07,48.3473537889563,48.4146765452293,47.74143293110541,47.8424186706543,11203600
2020-05-08,48.32209694953715,49.01217515137673,48.29685132139752,48.91118621826172,13405000
2020-05-11,48.692388051388974,49.222568766180885,48.641893579887366,48.843868255615234,8807200
2020-05-12,49.003749535141914,49.27304689079643,48.43149185180664,48.43149185180664,20587300
2020-05-13,48.389420800113875,48.658718189483565,47.70775997749041,47.99388885498047,12186800
2020-05-14,47.75825852798415,48.002310311193085,47.118677976079006,47.876075744628906,11793500
2020-05-15,47.86766037502739,48.439918164264945,47.69934869402606,48.296852111816406,20847900
2020-05-18,49.06267166137695,49.3151376006425,48.70921998846091,49.06267166137695,15213600
2020-05-19,49.12999063592239,49.155236263174515,48.162200927734375,48.162200927734375,15313100
2020-05-20,48.566147250195456,48.759704550714154,48.27160422990138,48.734458923339844,8519600
2020-05-21,48.65871648755381,48.66713383645864,48.09487610149431,48.19586181640625,13913900
2020-05-22,48.2126975131256,48.40625482122109,48.10329443975745,48.36417770385742,7216300
2020-05-26,49.045834810003356,49.12999225407918,48.5324856371147,48.625057220458984,10487200
2020-05-27,49.012174574927826,49.39928918314764,48.73445982754522,49.35721206665039,10937800
2020-05-28,49.7359064617166,50.07252979486895,49.52551768106589,49.79481506347656,10184300
2020-05-29,49.64333117825799,50.005196877104126,49.19730484243248,49.84530258178711,12890900
2020-06-01,49.87056908812367,50.37550422894489,49.84532345468024,50.19036102294922,9101400
2020-06-02,50.27451331594108,50.35025341876313,49.93788992333671,50.32500457763672,9837900
2020-06-03,50.54381037420783,50.62796461660075,50.37549867914343,50.392330169677734,10155300
2020-06-04,50.29133248257036,50.55221572507565,49.87897227215009,50.14826965332031,8973800
2020-06-05,50.51855380661826,51.107643044105075,50.37549097437559,50.84675979614258,11502200
2020-06-08,50.85517734947448,51.41901775214644,50.678451540602204,51.39377212524414,13094200
2020-06-09,51.200208372968916,51.27594845440452,50.66161366510583,50.97298812866211,13735400
2020-06-10,51.090817046922616,51.23388310481881,50.728948042587945,50.82993698120117,9877800
2020-06-11,50.282920948655004,50.59429545983573,48.843862391553564,48.90277099609375,14738500
2020-06-12,49.57601558168342,49.58442972097055,48.490408627783914,48.91118621826172,17837500
2020-06-15,48.4567480110571,49.54235173565101,48.1285387996032,49.47502899169922,11366700
2020-06-16,50.45123460815641,50.51014321501433,49.60126206301504,50.24925994873047,10840300
2020-06-17,50.34182698576007,50.552215765610384,50.022035141509754,50.17351531982422,8388400
2020-06-18,49.94628758452222,50.48488547704289,49.8789648543806,50.434391021728516,6022600
2020-06-19,50.89725323615377,51.05714755313992,50.09777523066699,50.17351531982422,10777200
2020-06-22,50.12347923065365,50.22525512458298,49.85208331743107,50.030189514160156,9039600
2020-06-23,50.36094743134089,50.53905037279462,49.90296566592204,49.953853607177734,7951000
2020-06-24,49.699420282893016,49.699420282893016,48.93612052749436,49.11422348022461,14343200
2020-06-25,49.088783636763544,49.521319863419684,48.783462424867686,49.461952209472656,12128900
2020-06-26,49.444992327501446,49.58069029201641,48.41029656131034,48.452701568603516,14476500
2020-06-29,48.76650048278432,49.46195292649786,48.724095477249506,49.36865997314453,9654200
2020-06-30,49.37714291757415,49.9199347531503,49.30081261349034,49.73334884643555,7379800
2020-07-01,49.826644786808856,50.08956101336876,49.750314478149186,49.7757568359375,7261600
2020-07-02,50.19132982660654,50.52209339364065,49.92841362023083,50.030189514160156,6857200
2020-07-06,50.41183243315088,50.530570963444326,49.996258900653324,50.2761344909668,10091300
2020-07-07,50.004756756854796,51.014013601267706,49.97083145017135,50.734134674072266,8161000
2020-07-08,50.84438459037311,50.878309893244776,50.39488241556093,50.606910705566406,9328000
2020-07-09,50.539053651482405,50.67475160167344,49.91993155152991,50.208290100097656,7672500
2020-07-10,50.26765676266458,51.234505043175915,50.25917382109138,51.13273239135742,14142800
2020-07-13,51.378691803899706,51.734897743619264,50.861342308816376,51.0564079284668,10906200
2020-07-14,50.91222454258742,51.929960833382076,50.810451884096295,51.8027458190918,14270100
2020-07-15,52.065665618156906,52.4642798328588,51.68401405464392,51.845157623291016,14952700
2020-07-16,51.819704419976325,52.05717826645684,51.717931763081495,51.95540237426758,7770200
2020-07-17,52.19287408089221,52.32008908797145,52.01477112980469,52.23527908325195,6321700
2020-07-20,52.12503485531613,52.15048045051611,51.54831763864002,51.7094612121582,6818600
2020-07-21,52.0741407976588,52.71870527026429,52.014773144996234,52.15895080566406,7847300
2020-07-22,52.32009124524047,52.650858041991036,51.78578236994722,52.574527740478516,7022700
2020-07-23,52.752632506140394,52.973140476233965,52.583009248602124,52.761112213134766,9468000
2020-07-24,52.8459207876299,53.28693992412264,52.43882694670451,52.693260192871094,6809200
2020-07-27,52.64238342482876,52.96466733054682,52.53212780847614,52.95618438720703,6801900
2020-07-28,52.939209248441074,53.41415366929523,52.913766895012984,53.15123748779297,6699300
2020-07-29,53.134287485284204,53.39720047805169,52.99858951747992,53.227577209472656,7486400
2020-07-30,53.10036218450944,53.41416312843907,52.85440860683458,53.227577209472656,10901300
2020-07-31,53.01554940019241,53.1851726702676,52.51516253288275,53.176692962646484,10277200
2020-08-03,53.2021321099357,53.227574466558295,52.769595870878554,53.032508850097656,8614400
2020-08-04,52.956181470052385,53.711004856260764,52.86289174551832,53.69404220581055,7417400
2020-08-05,53.77885546443295,53.88911108135796,53.431129197480196,53.58378982543945,7143600
2020-08-06,53.45655919706845,53.67707037993291,53.363266253186886,53.575294494628906,11983700
2020-08-07,53.4904865358426,53.91454303492827,53.43111888479415,53.86365509033203,9175700
2020-08-10,53.9230276511711,54.25379121308218,53.804289110092625,54.14353561401367,4345600
2020-08-11,54.39797234986794,54.533673548342044,53.61770987040972,53.77037048339844,8633500
2020-08-12,53.990872065282964,54.703287096415494,53.990872065282964,54.465816497802734,8021600
2020-08-13,54.34709668318355,54.58456734945694,54.27076636398208,54.423423767089844,5857100
2020-08-14,54.364052505239414,54.59304668299484,54.211391876932446,54.41494369506836,3776300
2020-08-17,54.54214621838496,54.89835860425465,54.440376797212615,54.72024917602539,5172900
2020-08-18,54.80507826061559,55.09343364771597,54.55912465189391,54.940773010253906,4927300
2020-08-19,54.8644407361058,54.94076781232038,54.41494181015848,54.50822830200195,5871600
2020-08-20,54.194422980297226,54.46581888641229,54.101130030952476,54.39796829223633,10178600
2020-08-21,54.33012434004834,54.61000322229847,54.16898401212224,54.53367614746094,5713900
2020-08-24,54.62696435973405,55.00012969970703,54.45733786830176,55.00012969970703,6978500
2020-08-25,55.127343156164194,55.16975139298124,54.64391902115675,54.88138961791992,4517100
2020-08-26,54.77115389530946,55.025583981718135,54.51671733831035,54.949256896972656,5375300
2020-08-27,55.05102727979256,55.55141092884101,55.0425443365879,55.28849792480469,8711200
2020-08-28,55.55140022075017,55.814313174107376,55.02556784344723,55.78038787841797,6868200
2020-08-31,55.57684301362702,55.78038831878181,55.398740062793,55.6192512512207,7661200
2020-09-01,55.61076498221362,55.70405792286683,55.23759321960074,55.67861557006836,9723000
2020-09-02,55.93304997046543,56.91686416001887,55.84823996426672,56.687870025634766,11174600
2020-09-03,56.82356552521916,57.34091492302118,55.305442625015125,55.71253967285156,26304400
2020-09-04,55.8736901333537,56.10268429976407,54.898365219780146,55.58533477783203,15604800
2020-09-08,55.44963631960458,55.55989517207569,54.185949517312935,54.41494369506836,16316600
2020-09-09,54.72873686949497,55.73799352100252,54.62696743948708,55.203678131103516,12848500
2020-09-10,55.20367886193831,55.356339479560596,54.40645694376813,54.52519226074219,11060600
2020-09-11,54.69480418860931,55.0934183239217,54.440374177333766,54.83050537109375,10212500
2020-09-14,55.101915590648,55.44116216446654,54.94077201220139,55.18672561645508,6397000
2020-09-15,55.32241031658558,55.517472670643016,55.034048550229535,55.110382080078125,5672900
2020-09-16,55.347853602437475,55.492031252751154,54.81353829625748,54.86442947387695,7270700
2020-09-17,54.40644838780258,54.80506251949629,54.12656955441059,54.516700744628906,10108700
2020-09-18,54.60151997380966,54.67785351880964,53.64315448398237,54.01632308959961,9988900
2020-09-21,53.64690174032206,53.80900157309419,52.98996570030986,53.604244232177734,11326200
2020-09-22,53.63837262556513,54.1843965849307,53.5871849134743,53.919918060302734,7148600
2020-09-23,54.09054831654277,54.22705429870038,53.0496881684914,53.10940933227539,7015900
2020-09-24,53.10940729543374,53.78340698035755,52.75108032647225,53.501861572265625,9141700
2020-09-25,53.228847959303714,53.84312646358718,53.10940564003951,53.78340530395508,7432100
2020-09-28,54.22705269488734,54.69629179126601,54.20145558648031,54.38915252685547,6077600
2020-09-29,54.41474740176149,54.54272318252035,53.928444642172714,54.030826568603516,8150400
2020-09-30,54.252643818405545,55.029022140122585,54.22704996584579,54.6877555847168,8284100
2020-10-01,55.00342938912213,55.122871709538515,54.52565685289745,54.994895935058594,9262900
2020-10-02,54.448870948668194,54.93517367465804,54.26970747163174,54.6877555847168,7463000
2020-10-05,54.81573798521082,55.122877271304944,54.73042296332222,55.054622650146484,4501200
2020-10-06,55.18259948592946,55.39589029926265,54.5341935908432,54.69629669189453,6552800
2020-10-07,55.01196120469408,55.515324324439646,54.901045832526485,55.28497314453125,8073100
2020-10-08,55.53238756317742,55.703024102501765,55.30203637148758,55.65183639526367,6659000
2020-10-09,55.87364618869228,56.33435501568762,55.80539809178435,56.086936950683594,7894700
2020-10-12,56.325841732907435,57.03396887848674,56.29172092679358,56.7353630065918,8685600
2020-10-13,56.56473014297334,56.86333600010516,56.428220888787656,56.69269943237305,7505700
2020-10-14,56.68415615260121,56.91450731626578,56.1722531060264,56.402610778808594,6566200
2020-10-15,55.993088629431455,56.5903066699149,55.941900929347945,56.436737060546875,6650000
2020-10-16,56.607365993173865,56.9145052060841,56.436735990053684,56.45379638671875,6701200
2020-10-19,56.45380986372677,56.692694528770026,55.56651931562401,55.720088958740234,7733900
2020-10-20,56.26611501322597,56.37703040408413,55.549460991307896,55.660369873046875,7660200
2020-10-21,55.600636300146626,56.02721783967659,55.57504244923366,55.711551666259766,7013900
2020-10-22,55.7200938052622,55.87366346173589,55.42148794798546,55.68596649169922,7779700
2020-10-23,55.88217853226735,56.01015428874488,55.617700075566546,55.788330078125,5094100
2020-10-26,55.36175431261882,55.47266317488935,54.585376003930065,55.07168197631836,9352300
2020-10-27,55.10579920461542,55.40441148444624,54.9010418917146,54.9266357421875,5331400
2020-10-28,54.14173252579058,54.42327792647993,53.26297552586766,53.322696685791016,10980600
2020-10-29,53.18618741777689,53.83458993730404,52.65722721069746,53.30562973022461,8942700
2020-10-30,53.10088240897556,53.35683073449506,52.46100996789704,53.117942810058594,10093200
2020-11-02,53.87726279307918,54.20999595376832,53.5445263778304,53.96257781982422,10935100
2020-11-03,54.508594574171575,55.35322429245347,54.44034321273752,54.84986114501953,20578800
2020-11-04,55.156995518453066,55.805401294674105,54.807195524334524,54.875450134277344,25605800
2020-11-05,55.51532046917921,55.79686584327384,55.12286623973713,55.27643585205078,13919500
2020-11-06,55.361760554962444,55.813936017897284,55.29350593550694,55.53239059448242,12703600
2020-11-09,56.854797660998095,57.400821612602094,55.327634683846014,55.404422760009766,15142600
2020-11-10,55.3958788112821,56.650029575054944,55.353218053814814,56.4964599609375,15134300
2020-11-11,56.82066212308341,57.230183282049616,56.43674132521097,56.982765197753906,10382100
2020-11-12,56.829200744628906,56.98277037956657,56.351431439986676,56.829200744628906,8945500
2020-11-13,57.04248371188388,57.69088947139881,56.871853700540974,57.61410140991211,6167300
2020-11-16,58.14305877685546,58.16865262496756,57.69941037918916,58.14305877685547,12955900
2020-11-17,57.70796479737461,58.07482527487103,57.56292859930191,57.733558654785156,8147900
2020-11-18,57.81886242012697,58.02362625776466,56.93157849350277,56.94010543823242,7607700
2020-11-19,56.78653826018598,57.17899253554952,56.65003553833355,57.09367752075195,8830200
2020-11-20,57.00837501934143,57.25579317294576,56.684175288301184,56.7353630065918,4663400
2020-11-23,56.83773623292424,56.92305125336052,56.402621166844746,56.75241470336914,5825300
2020-11-24,57.093680330912946,57.33256498775145,56.9657045478584,57.1363410949707,6064900
2020-11-25,57.11072919168459,57.33254686915226,57.02540769053293,57.102195739746094,5245400
2020-11-27,57.247247151034934,57.247247151034934,56.92304749115681,57.09367752075195,3228600
2020-11-30,56.94863863319478,57.144869016092656,56.504996671899455,57.085147857666016,11581900
2020-12-01,57.341098125246184,57.64823739923089,57.23018925207564,57.58851623535156,12126200
2020-12-02,57.39228720797345,57.66529917925781,56.92305134029785,57.110748291015625,11392100
2020-12-03,56.96570800262814,57.358168830228436,56.95718105659443,57.25578689575195,10951400
2020-12-04,57.306970453624444,57.707958198186475,57.23871583558864,57.699424743652344,11055800
2020-12-07,57.588501312692934,57.68234976148742,57.20458057425511,57.47759246826172,9466300
2020-12-08,57.27283628713421,57.91270860908881,57.15339397443211,57.79326629638672,7090900
2020-12-09,57.87858198537947,57.904182346217965,57.40934618256064,57.56291580200195,10420100
2020-12-10,57.545857166214375,57.69089986200871,57.16193631698664,57.30697250366211,5723400
2020-12-11,57.08513926464374,57.59703576111894,57.06807235959488,57.434932708740234,5000800
2020-12-14,57.71649300494223,57.938317264196314,57.19606292118387,57.2131233215332,6663200
2020-12-15,57.46054878182475,57.63118535272681,57.281385264217306,57.349639892578125,6121300
2020-12-16,57.39228996280462,57.73355657057057,57.25578722516972,57.46054458618164,10505500
2020-12-17,57.6652857058432,57.89564336758094,57.64822530936356,57.827388763427734,4673300
2020-12-18,57.91271109641308,58.083347628400446,57.51172989175857,57.95537185668945,6980500
2020-12-21,57.31358824133123,57.44262889079682,56.72857989716955,57.33079147338867,8255600
2020-12-22,57.30497789805912,57.30497789805912,56.83180701626891,56.92644119262695,9107900
2020-12-23,57.098515608330025,57.3394002551341,56.986671619732164,57.115718841552734,4302600
2020-12-24,57.158739213746955,57.43403690238065,57.02108708762279,57.39962387084961,1954900
2020-12-28,57.6147023403799,58.027645605464805,57.554481174071064,57.855587005615234,6315400
2020-12-29,58.001834133210245,58.16529438818881,57.537268064019436,57.68352508544922,4993600
2020-12-30,57.75234311709288,57.82116917676966,57.554476400040016,57.6233024597168,7359900
2020-12-31,57.68352033016616,58.11367333318421,57.3996177729069,58.02763748168945,6062200
2021-01-04,58.00183551360624,58.01904531117908,56.71137636745805,57.39962387084961,12992600
2021-01-05,57.31359457382932,57.52006619940093,56.86623172754042,57.39962387084961,10871900
2021-01-06,57.28777161537601,57.72652949960043,57.19314399683122,57.442626953125,14206600
2021-01-07,57.48565300078368,57.623305126507745,57.038296719409686,57.27057647705078,13963500
2021-01-08,57.31359304099014,57.606093955759164,56.995277430552264,57.55447769165039,17960800
2021-01-11,57.23616075831368,57.6146975226675,56.96946798176311,57.06410217285156,9648700
2021-01-12,57.06409287526475,57.19314007514252,56.63393991808099,56.87482452392578,11089500
2021-01-13,56.81461075687067,57.175937712600856,56.78880262626338,56.96086120605469,8337500
2021-01-14,57.0124777662935,57.03829246065027,56.59092964906397,56.65975570678711,11549000
2021-01-15,56.45327758201487,56.711365423269804,56.22959620203657,56.461875915527344,13260300
2021-01-19,56.651152642022,56.76299663034515,56.16938334959716,56.21239471435547,8130800
2021-01-20,56.1951895474933,56.453283981619464,55.816652794405364,56.31563186645508,10700600
2021-01-21,56.229608573703075,56.27262650518374,56.03173527795275,56.12636947631836,8461200
2021-01-22,56.08335689299885,56.324241551394515,55.851070569821125,55.98011779785156,8329300
2021-01-25,55.80805167987745,56.72857882243795,55.78223698685949,56.539310455322266,17486100
2021-01-26,56.60813512770286,57.15873042026491,56.35004071273344,57.0468864440918,9304200
2021-01-27,56.72858064554955,57.49425247267793,55.94569902252279,56.083351135253906,17826800
2021-01-28,56.19519230504505,56.92645115280059,56.03173205116972,56.298431396484375,19925900
2021-01-29,56.083350522646626,56.1005537547431,55.11120053704051,55.13700866699219,19374700
2021-02-01,55.36930409756054,55.48974643294595,55.007973809596805,55.18864059448242,13283300
2021-02-02,55.40370408531878,56.00591562044509,55.24024385566444,55.55855941772461,13278400
2021-02-03,55.42951958533083,55.773643321289995,55.274664232329926,55.644596099853516,9542000
2021-02-04,55.69621392169444,56.066145799570926,55.57577159528019,56.04894256591797,7292400
2021-02-05,56.393063174481284,56.745785235469114,56.36724848001609,56.573726654052734,8889300
2021-02-08,56.75438244684618,56.917842671582704,56.418863663996774,56.788795471191406,9412200
2021-02-09,56.797399960718316,56.94365697094134,56.58232345795889,56.737178802490234,12345400
2021-02-10,57.003872816499346,57.132920018850804,56.54791172332245,56.67695236206055,6957200
2021-02-11,56.737174195408194,56.75438398985533,56.34143425009878,56.42746353149414,7478500
2021-02-12,56.37584811046071,56.58231970159068,56.22959767356088,56.51350021362305,7131800
2021-02-16,56.6167308310405,56.65974875274126,56.21238599606133,56.41025924682617,9246600
2021-02-17,56.19518167898748,56.72857370514221,56.12635563104238,56.616729736328125,8871000
2021-02-18,56.10916438384227,56.7285858204088,56.06614645378614,56.58232879638672,7464900
2021-02-19,56.62534548506087,56.63395038360637,55.81665567575941,55.86827850341797,10246100
2021-02-22,55.7220142834296,56.06613798103063,55.61017687124505,55.91988754272461,8649600
2021-02-23,56.100557357873576,56.4704892260395,55.79945154974185,55.997318267822266,12743400
2021-02-24,55.85106571422995,56.14357317657652,55.687612032308785,55.96290969848633,9103700
2021-02-25,55.87688000246679,56.19519563053099,55.23165041092046,55.35209274291992,17558500
2021-02-26,55.46392274402424,55.46392274402424,54.44015661674578,54.45736312866211,17718400
2021-03-01,54.84450812747103,55.455324606825656,54.82730161345734,55.007965087890625,11263900
2021-03-02,54.947751273035756,55.33488968556405,54.88753010684329,54.9133415222168,12942700
2021-03-03,54.767075981576966,55.08538826031096,54.62082554711776,54.655235290527344,13450900
2021-03-04,54.76707377954276,55.42950972019159,54.190670398475554,54.45736312866211,25968700
2021-03-05,54.689660631488415,55.82526446490298,54.48318899730802,55.66180419921875,21719300
2021-03-08,55.679009473156235,56.49629760793652,55.58437528109354,55.90269088745117,18947000
2021-03-09,56.091955061733444,56.35865441583535,55.80805903724669,55.851070404052734,17259600
2021-03-10,55.89408786079081,56.83181835076016,55.71342436906134,56.58232879638672,15827600
2021-03-11,56.6425497999743,56.8146149560972,56.3844619112118,56.44468307495117,12386500
2021-03-12,56.651142511106755,56.98666128884676,56.60813115404016,56.909236907958984,10518200
2021-03-15,57.11571925382837,57.21035344627225,56.81461344314981,57.15873718261719,8383700
2021-03-16,57.08990876934308,57.40822436386524,57.08990876934308,57.22755432128906,13550200
2021-03-17,57.25335778732453,57.485637482260614,56.94364715166787,57.14151382446289,12254200
2021-03-18,56.99526618570535,57.22754589198182,56.633939281002746,56.909236907958984,14497600
2021-03-19,56.969459719442945,57.2619605850298,56.83180762014559,57.10710525512695,20807100
2021-03-22,57.009385212925466,57.744598196526404,56.96613467308182,57.709999084472656,14499400
2021-03-23,57.70132897912095,58.22030229372695,57.545636324828784,57.95216751098633,13216300
2021-03-24,57.81378558141559,58.099223285595336,57.58890126821825,57.727291107177734,15831000
2021-03-25,57.80513453665632,58.358707031170525,57.51969686317424,58.28950881958008,14764000
2021-03-26,58.35870954390842,59.35341243125956,58.19436543408115,59.31881332397461,15098600
2021-03-29,59.145810812415,59.96752466554068,59.119863134787565,59.91562271118164,11857300
2021-03-30,59.803167876291425,59.86371464426679,59.16310110068003,59.275543212890625,14042700
2021-03-31,59.24960638420966,59.49179350043447,58.95552391425211,59.085262298583984,18241100
2021-04-01,58.851730562298044,59.10256912070171,58.41060022861543,58.799835205078125,21191800
2021-04-05,59.05067193325387,59.87238588385522,58.94688121043198,59.55234909057617,20093000
2021-04-06,59.44855143445634,60.028071566307446,59.405300905588085,59.80318069458008,19302100
2021-04-07,59.90697792284445,59.9848209557763,59.57828974174327,59.6561393737793,20763900
2021-04-08,59.6301917901284,59.83777981071139,59.560993583566,59.7166862487793,10244700
2021-04-09,59.72534089237758,59.86373071385463,59.249611445509046,59.612892150878906,7020400
2021-04-12,59.690735252880266,59.94157378839667,59.612885625049195,59.93292236328125,10117800
2021-04-13,59.673438935107214,59.83778303477172,59.53504911363017,59.612892150878906,11982600
2021-04-14,59.57829326236066,59.647491472903056,59.31015844538957,59.560997009277344,12087500
2021-04-15,59.69938068399679,60.13185955669748,59.69938068399679,60.036720275878906,7714900
2021-04-16,60.287555987902174,60.50379543778576,60.0540202856338,60.3827018737793,7810000
2021-04-19,60.3913494048747,60.51244296107182,59.95887053299817,60.14916229248047,10867400
2021-04-20,59.72534275439271,60.66814365235579,59.63884168928016,60.47785186767578,13168800
2021-04-21,60.54706192295712,60.953593251725366,60.54706192295712,60.78059768676758,10794900
2021-04-22,60.67679117304335,60.711390277040344,60.20106174196509,60.330806732177734,10762900
2021-04-23,60.20971278175371,60.365405449189915,59.932926550656475,60.175113677978516,9133800
2021-04-26,60.140517083059024,60.140517083059024,59.41395567078326,59.500450134277344,8750100
2021-04-27,59.46586196844378,59.58695555943288,59.19772710255447,59.457210540771484,10078900
2021-04-28,59.69938674040328,59.83778316127746,59.43125192384025,59.500450134277344,7925300
2021-04-29,59.47452210948906,60.22703144958187,59.47452210948906,60.13188552856445,9202600
2021-04-30,60.13185202167418,60.209701640539116,59.88966493916648,60.183753967285156,10784800
2021-05-03,60.313515237503665,60.90168685364125,60.25296845050884,60.676795959472656,12671500
2021-05-04,60.54705786216257,60.780593610310156,60.175125671330775,60.36541748046875,11147300
2021-05-05,60.34811412588313,60.43461520139731,60.114578379669275,60.322166442871094,8726200
2021-05-06,60.43462074016239,61.11793838489529,60.43462074016239,61.10063552856445,10192000
2021-05-07,61.00548961606328,61.2909273535668,60.85844833278188,61.10063552856445,9841800
2021-05-10,61.36010379445667,61.96557156893864,61.30820184299836,61.567691802978516,10558400
2021-05-11,61.59365711365679,61.723402130793374,60.754646815160044,61.03143310546875,14385700
2021-05-12,60.89303846199593,60.96223667889728,60.20972091808174,60.2183723449707,13223100
2021-05-13,60.20970704640315,61.342799540913255,60.14050884544433,61.06601333618164,18490900
2021-05-14,61.29956837278831,61.697448212455896,61.26496926510786,61.33416748046875,9672600
2021-05-17,61.36876280285199,61.636904249893696,61.1179308091017,61.2476692199707,10705800
2021-05-18,61.31684772460633,61.55903481250366,61.02276528904621,61.05735778808594,11168900
2021-05-19,60.76329449907214,60.94493487223011,60.425961434763714,60.85844039916992,13709500
2021-05-20,60.86709696243967,61.636909056114405,60.83249785047491,61.42066955566406,11336300
2021-05-21,61.576346238244824,61.82718478539359,61.31685626557944,61.429298400878906,7779600
2021-05-24,61.50715696071374,61.82719376024379,61.3860633823197,61.61095428466797,6535900
2021-05-25,61.654190170500236,61.680137848324684,61.256310379282134,61.62824249267578,8271800
2021-05-26,61.662860224104826,61.72340702368742,61.38607391185491,61.49851608276367,10622500
2021-05-27,61.60229416711625,61.801230761081406,61.05736654211568,61.117919921875,12693900
2021-05-28,61.21307011070385,61.50715923991936,61.204425282716144,61.2476692199707,8476400
2021-06-01,61.4811998906367,61.636892553239484,60.83248156297577,61.040069580078125,8893800
2021-06-02,61.12656102399659,61.37739955688602,60.979519794093605,61.264957427978516,6411300
2021-06-03,61.083321050053286,61.697440284482035,61.083321050053286,61.645538330078125,9410000
2021-06-04,61.827178129748475,62.00881845141916,61.66283405814496,61.86177062988281,6078200
2021-06-07,61.870433935559106,61.94828357356953,61.481205542821044,61.757991790771484,7306900
2021-06-08,61.775298666282005,61.8531483176785,61.23037750292983,61.23902893066406,8545200
2021-06-09,61.12655991378105,61.4292937931134,60.92762333554992,60.94491958618164,8273800
2021-06-10,61.057385707717465,61.481219904447116,61.03143802202101,61.32552719116211,8213000
2021-06-11,61.446601880613734,61.47254955832493,61.06601834323826,61.360107421875,6232300
2021-06-14,61.308224334626985,61.34282344859101,60.95359496493162,61.32552719116211,10449400
2021-06-15,61.3774110453503,61.51580747523691,61.11792763797038,61.17847442626953,5151600
2021-06-16,61.195776339257165,61.26497456059927,60.34811462558042,60.36541748046875,10507100
2021-06-17,60.37406934325041,60.71140242584355,60.20972521615429,60.58165740966797,9239700
2021-06-18,60.16647278658133,60.24432243348198,59.491806642601084,59.50910949707031,16882500
2021-06-21,59.86081478862878,60.25257137875809,59.82599094742218,60.19163131713867,14278400
2021-06-22,60.2003416733363,60.53115821687795,60.104577766158926,60.278690338134766,8351000
2021-06-23,60.22645438220347,60.23516200288505,59.90433883666992,59.90433883666992,7072900
2021-06-24,59.92176377123153,60.26999559317279,59.869524680660135,60.200347900390625,6343700
2021-06-25,60.23517788454045,60.73140612273059,60.130706334721914,60.66175842285156,9241300
2021-06-28,60.70528446288673,60.879397055031674,60.57469669779321,60.713985443115234,7570600
2021-06-29,60.74879206773132,60.85326357858253,60.34832790575333,60.444091796875,13155400
2021-06-30,60.574694709670034,60.99256757389074,60.54857848590242,60.91421890258789,8815100
2021-07-01,60.94032448767622,61.088320824502475,60.63562419363149,60.731388092041016,11633100
2021-07-02,60.87068309526119,61.06221091186143,60.792334429544155,60.879390716552734,20733300
2021-07-06,60.740102759547945,60.76622562661192,60.339638476840484,60.626930236816406,7595700
2021-07-07,60.60952666497372,61.1841035906486,60.60081904189629,60.94905090332031,7880500
2021-07-08,60.6617428915818,60.99255941835263,60.48763032843264,60.72268295288086,9212900
2021-07-09,60.957736077420826,61.18408772494653,60.83585595382281,61.07091522216797,6286900
2021-07-12,60.96645488368648,61.06221880436442,60.74010319463229,60.975162506103516,7384200
2021-07-13,60.957740783691406,61.33208880420661,60.83586065068358,60.957740783691406,12057600
2021-07-14,61.036104628636274,61.584565303869745,60.949048327452076,61.49750900268555,7616100
2021-07-15,61.40172629813526,61.75866565837615,61.22761374902185,61.74995803833008,8662500
2021-07-16,61.85443744903851,62.08078246338653,61.76737452139974,61.84572982788086,8634300
2021-07-19,61.636786613408596,62.04595177511035,61.11443567308308,61.66290283203125,20734400
2021-07-20,61.654200704099694,62.28101657475369,61.51491197838142,61.68031692504883,20404900
2021-07-21,61.96760865825046,62.01984110016459,61.50620437609241,61.52361297607422,9366300
2021-07-22,61.366916030988705,61.58456008649566,61.02739183575542,61.41915512084961,9632100
2021-07-23,61.43655793554086,62.23748639028685,61.34950164993262,62.15913772583008,9732400
2021-07-26,62.06336300853229,62.359355656436456,61.90665906494547,62.26359176635742,5952200
2021-07-27,62.24619919458629,62.664078699058436,62.04596374324207,62.394195556640625,14720700
2021-07-28,62.246194055537565,62.32454272004984,61.71514207839156,61.84572982788086,9114100
2021-07-29,62.072080109195944,62.324541339455614,62.01114004638004,62.150428771972656,8811100
2021-07-30,62.24619426479941,62.57701080824479,62.159137978836824,62.25490188598633,10403700
2021-08-02,62.25491180857431,62.31585188265804,61.92408857043133,61.993736267089844,12049800
2021-08-03,62.01113950068323,62.38548749524915,61.86313651345958,62.272308349609375,8647700
2021-08-04,62.054649813050084,62.211353742556454,61.41913311813936,61.4626579284668,8886500
2021-08-05,61.784787027232156,61.889251908621716,61.61066782163531,61.758670806884766,7063000
2021-08-06,61.897959529393695,62.01113867352378,61.64549166275468,61.758670806884766,13492100
2021-08-09,61.95889583567881,62.08948357146969,61.81960712161184,61.98501205444336,9054900
2021-08-10,62.10690054051269,62.455132335565644,62.00243565137514,62.42901611328125,11291700
2021-08-11,62.585726077045045,62.89042643613116,62.53349362747876,62.63795852661133,14992700
2021-08-12,62.67278283728164,62.7163143068887,62.48996262047751,62.60314178466797,6432100
2021-08-13,62.6814925161755,63.186428355517485,62.58572859347375,63.12548828125,8808500
2021-08-16,63.12547899296108,63.50852798543628,63.01229984171041,63.491119384765625,7903100
2021-08-17,63.37795120809155,63.76970784866761,63.229948203412896,63.52594757080078,15666000
2021-08-18,63.40406241038602,63.4998263179593,62.69019023518358,62.73371505737305,10669200
2021-08-19,62.455123874016245,63.36923138193893,62.42030003503205,63.238643646240234,13035600
2021-08-20,63.229930004447056,63.59557695797548,62.99487741614862,63.343109130859375,10454500
2021-08-23,63.35183118642886,63.46501035049762,63.116778519924786,63.14289474487305,8794500
2021-08-24,63.10806683829004,63.125482081781826,62.57701482526875,62.66407775878906,8494200
2021-08-25,62.620540893106735,62.70759717715207,62.34195679898043,62.559600830078125,8007400
2021-08-26,62.472543778224534,62.516068598727905,62.06337194207473,62.272308349609375,13078000
2021-08-27,62.333229096331614,62.60311212448432,62.12429275354128,62.489933013916016,9126200
2021-08-30,62.507370567468854,62.82947949386432,62.44643050231547,62.76853942871094,5645800
2021-08-31,62.82078062405845,62.97747796088423,62.66407664526349,62.9078369140625,8037000
2021-09-01,62.960059576334835,63.29958370397054,62.846887081112314,63.238643646240234,8399100
2021-09-02,63.36923030820874,63.58687431669608,63.25605781490382,63.48240280151367,6623300
2021-09-03,63.29087740951079,63.499820447792764,63.108057232490275,63.404056549072266,6010700
2021-09-07,63.2995873073183,63.2995873073183,62.62924663412563,62.67277145385742,9206300
2021-09-08,62.59442380077986,63.282179726511295,62.55959995925272,63.21253204345703,10662900
2021-09-09,63.1515821298244,63.168990726887955,62.785941813781214,62.84688186645508,7741500
2021-09-10,62.96876668290417,62.99488290143723,62.45512336453754,62.577003479003906,10269900
2021-09-13,62.82077798568977,63.273474659879824,62.585718706384846,62.73371505737305,13798000
2021-09-14,62.890426944535314,62.933958414172245,62.341966293746566,62.44643783569336,9145500
2021-09-15,62.446426450527625,62.77724297675708,62.298423465927655,62.67277145385742,8824700
2021-09-16,62.594439707130185,62.7859675632157,61.941507457004285,62.46385192871094,9789900
2021-09-17,62.29843357500395,62.52478525703203,62.115613361739975,62.12432098388672,13150000
2021-09-20,61.696826139251854,62.055983513078125,61.03106269382666,61.50410461425781,17880700
2021-09-21,61.67931867245001,62.16987777024602,61.320154559159036,61.43403244018555,11140400
2021-09-22,61.83699343583161,61.9946741025981,61.486597894898566,61.60923767089844,10025900
2021-09-23,61.6968258716229,62.11730980463731,61.63550599424219,61.83698272705078,8440500
2021-09-24,61.74938525721489,62.134828314271275,61.74938525721489,61.8632698059082,6717300
2021-09-27,61.76689492752964,62.05597047090087,61.53037067534118,61.58293533325195,8467100
2021-09-28,61.41649857455068,61.48658033607054,60.636857356895014,60.855857849121094,14982900
2021-09-29,60.97849484315159,61.723095146504726,60.847093217062366,61.40773391723633,13329500
2021-09-30,61.55666506016937,61.609229731228474,60.27770278715914,60.30398178100586,16259900
2021-10-01,60.487936520567075,60.75073309207148,59.89225493511359,60.46165084838867,15889200
2021-10-04,60.44413769770166,60.873376804212754,59.84845607334624,60.26893997192383,20351600
2021-10-05,60.4178694248284,60.847108607483165,60.286467765502984,60.5755500793457,16186100
2021-10-06,60.26017556398401,61.22377638224901,60.19009380325376,61.16245651245117,14909900
2021-10-07,61.46907333050905,61.977156215150025,61.39023633980602,61.43403244018555,8396800
2021-10-08,61.47783433078812,61.617991206679456,61.250071888677546,61.363956451416016,7285700
2021-10-11,61.46030100606907,61.67930149708267,61.29385849422208,61.34641647338867,8218300
2021-10-12,61.398967279970435,61.84573010078972,61.24129336089002,61.37268829345703,12401200
2021-10-13,61.434022855446564,61.6530233732758,60.95222572624149,61.48658752441406,9548300
2021-10-14,61.714355469204314,62.27499637117419,61.670559366986915,62.17864227294922,9975100
2021-10-15,62.388865271067324,62.41514426247101,61.85450350130889,62.029701232910156,11575200
2021-10-18,61.758142067369754,61.950863580038956,61.33765815942196,61.661781311035156,10043300
2021-10-19,61.556647700862975,61.69681120633948,61.25881027677108,61.68804931640625,10203100
2021-10-20,61.7493665983523,62.257449259423275,61.69680862767721,62.047210693359375,8829700
2021-10-21,62.13484161874057,62.187399616551005,61.898323945226636,61.96839904785156,7976400
2021-10-22,62.09101604483751,62.54654080324457,62.03845806631536,62.45018005371094,9575700
2021-10-25,62.40638732910156,62.54655087221069,61.96838628193394,62.40638732910156,6844600
2021-10-26,62.415154265529615,62.78307357087645,62.37135148392665,62.62539291381836,8805500
2021-10-27,62.94949235494258,62.99329512000823,62.231171118065824,62.257450103759766,10334900
2021-10-28,62.27497230935219,62.50273467632667,62.16985635795178,62.47645568847656,8614800
2021-10-29,62.3187851141452,62.66042537794432,62.257465238164976,62.41514587402344,8105300
2021-11-01,62.54653455949963,62.65165050605067,62.292493216394845,62.51149368286133,7033700
2021-11-02,62.546540008486986,63.072139837123466,62.362580402632446,62.931976318359375,9942700
2021-11-03,62.9407335630766,63.518898010253906,62.896937479219,63.518898010253906,10471100
2021-11-04,63.291148430928544,63.632788697478176,63.12470590191426,63.580230712890625,11701700
2021-11-05,63.82551088054626,64.05327328839594,63.7028711263269,63.948150634765625,9929100
2021-11-08,63.97442908008686,64.0182318562328,63.142229800236294,63.440067291259766,12813600
2021-11-09,63.457588524485445,63.720385120702524,63.24734322747375,63.65906524658203,13527600
2021-11-10,63.720382118840675,64.01822626722665,63.60650426751456,63.851783752441406,11350400
2021-11-11,63.8956004062054,63.93064129500261,63.65907607766577,63.8079948425293,6319100
2021-11-12,63.93939650467729,64.1058390556225,63.70287885950383,63.8079948425293,7469800
2021-11-15,63.92187958799146,64.18467622968609,63.79923981852739,64.1146011352539,6381300
2021-11-16,64.07076228516264,64.28100081683948,63.68531940761976,63.711605072021484,6562200
2021-11-17,63.65030437408121,63.77294411140833,63.45758287732018,63.57146072387695,10444900
2021-11-18,63.405024097984864,63.4926296470864,63.03710485187257,63.34370422363281,11269500
2021-11-19,63.48386696491915,63.50138406450228,63.080906840857445,63.11594772338867,11924000
2021-11-22,63.19477722061432,64.05326203265827,63.12469546384253,63.61526107788086,13425400
2021-11-23,63.624014131093354,64.14085871558335,63.51889818285834,64.03573608398438,13405700
2021-11-24,63.94815167756134,64.04451244078581,63.55395341590886,63.8430290222168,9556400
2021-11-26,63.413790539723614,63.702872832425214,62.80934696105036,63.037109375,11715600
2021-11-29,63.10719482404434,63.44007323047535,62.79183351969247,63.194793701171875,13646600
2021-11-30,62.80058472418505,62.85314270484338,61.44277896801674,61.574180603027344,23715100
2021-12-01,61.994654176645255,62.511498795123494,61.25005386643772,61.27633285522461,22897400
2021-12-02,61.48660137422701,62.31880085608429,61.48660137422701,61.92460250854492,18704000
2021-12-03,62.26622217548617,62.791822025404215,62.08226256218309,62.69546127319336,22867600
2021-12-06,63.142238479993516,64.03575775925557,63.13347658688682,63.79924011230469,18524400
2021-12-07,63.90434739085933,64.2547495503656,63.78170763753693,63.939388275146484,13169300
2021-12-08,63.83427580529373,64.11459621159393,63.19479132788337,63.7379150390625,14489800
2021-12-09,63.72914919701563,64.14087123023857,63.457590699938905,63.913108825683594,8613900
2021-12-10,64.28980375116012,65.0344043172386,64.17592586616304,64.99060821533203,10890000
2021-12-13,64.97306240880212,66.04178584696378,64.87670166055054,65.8403091430664,16518100
2021-12-14,65.70892698895102,65.98924742602424,65.45488554857741,65.88412475585938,16048300
2021-12-15,65.89287184866741,66.62871032444164,65.86659285787047,66.54987335205078,21277000
2021-12-16,66.49731880796782,67.25943631393586,66.48855691612759,67.02291870117188,14499000
2021-12-17,66.7863784089451,67.1192633854913,65.84030150112007,65.87533569335938,23809700
2021-12-20,65.37438665907946,65.93004886243796,65.2950024990671,65.89476776123047,14116700
2021-12-21,65.89474843482519,65.93885148069498,65.41846380198753,65.80654907226562,11872100
2021-12-22,65.78011900484057,66.24758188924146,65.5243360299606,66.22112274169922,7650200
2021-12-23,66.3798470393982,66.60034878386813,66.27400377954811,66.37102508544922,8089000
2021-12-27,66.41514710441777,67.07665252685547,66.41514710441777,67.07665252685547,7343200
2021-12-28,66.99726224309684,67.52646518675994,66.99726224309684,67.4559097290039,7285200
2021-12-29,67.52647219658459,67.93219471981644,67.41181367779555,67.76461791992188,7891600
2021-12-30,67.9321884575805,68.00275064533733,67.50882878940071,67.55292510986328,6802800
2021-12-31,67.50883754400084,68.11742471625952,67.47355644554713,68.01158142089844,11289000
2022-01-03,67.61469078848353,68.03805057385996,67.05019985934419,68.00276947021484,22320300
2022-01-04,67.9851106100709,68.67307508887887,67.95865147306758,68.46139526367188,23066000
2022-01-05,68.37319233571522,68.95532029347896,68.34673319748607,68.399658203125,29748500
2022-01-06,68.35554085050687,68.77890716112951,68.11740192709235,68.21441650390625,25023900
2022-01-07,68.10858967412356,68.54959322629563,67.92336898971291,68.28498840332031,12650300
2022-01-10,68.17915950498711,68.32027715833736,67.52646932955184,67.7469711303711,18578300
2022-01-11,67.67640923563835,67.72932750946718,66.92669780076824,67.66758728027344,19571600
2022-01-12,67.62348383636265,67.74696429402655,67.37652292103486,67.69404602050781,11155200
2022-01-13,67.76461711990984,67.95865978724757,67.54411531233173,67.81753540039062,14287300
2022-01-14,67.64994554769369,68.02920889043233,67.34124439178562,67.94100952148438,21391700
2022-01-18,67.43826740632154,67.45591131806158,66.75030289043511,66.96198272705078,16683800
2022-01-19,67.08545953836466,67.85280815692244,67.067822356766,67.38534545898438,18518500
2022-01-20,67.32358389008013,67.8968896834305,66.88258046891494,66.94432067871094,15677800
2022-01-21,67.27951838396201,67.85282449709534,66.89143300353048,66.99727630615234,25270600
2022-01-24,66.73265996942428,67.17366351647304,65.36554628190109,66.7767562866211,35518900
2022-01-25,66.1946349588433,66.42395195779717,65.24206568429916,66.03587341308594,28638500
2022-01-26,65.83302899245254,66.42397231026806,65.14506432643661,65.53314971923828,33222000
2022-01-27,66.05352904178561,67.01492053992312,65.71836867566185,65.97415161132812,23816500
2022-01-28,65.63016649380734,66.78559390471564,65.05686040235253,66.75031280517578,25111500
2022-01-31,66.34459040897404,67.0678361282738,66.19465078246618,67.00609588623047,15453000
2022-02-01,67.00606088850694,67.15600043670034,66.25635641836175,66.94432067871094,15620900
2022-02-02,67.01491026582868,67.85281441726947,66.95317003076651,67.7469711303711,13630400
2022-02-03,67.43827281834831,68.09977824889222,67.34125148353404,67.76461791992188,14414700
2022-02-04,67.30595004215692,67.62347309117634,66.55624545998634,66.93550872802734,17939500
2022-02-07,67.20013776349502,67.3853584874033,66.6709280046924,67.05901336669922,10949400
2022-02-08,67.21778272542161,67.50002482248625,66.95318454458861,67.31480407714844,11472900
2022-02-09,67.64114355338911,67.79108318285031,67.21777707876603,67.33243560791016,14899300
2022-02-10,66.96198850941565,67.27068969971673,66.37104526952767,66.60918426513672,19828500
2022-02-11,66.80320662044011,67.05016749757775,66.176982473647,66.37102508544922,18498300
2022-02-14,66.37104223892632,66.61800317989058,65.30381432737022,66.18582153320312,23550800
2022-02-15,66.58271809400392,67.00608448827194,65.99177491651318,66.30047607421875,12300400
2022-02-16,66.26521148724568,66.66211884246283,65.7801114697788,66.4239730834961,13507700
2022-02-17,66.25636631878979,67.12072938509213,66.06232370781356,66.93550872802734,12873300
2022-02-18,66.88261459988608,67.31479628900539,66.66211277677887,67.05901336669922,16470100
2022-02-22,67.11194233127058,67.16486735308244,66.11527635471938,66.53864288330078,21545800
2022-02-23,66.75913719637093,66.79441829719713,65.91241096408797,66.0006103515625,15134300
2022-02-24,65.12742166262959,65.26854607333618,63.67211487001588,64.86282348632812,30125500
2022-02-25,65.24208949844294,67.0502006598605,65.21563035268882,66.95318603515625,21141600
2022-02-28,65.95651173190238,66.33577517982985,65.34792447776282,66.0623550415039,20975100
2022-03-01,65.88593521513775,66.42396014601779,65.32145114489981,65.67425537109375,18750300
2022-03-02,65.69188267332068,66.6709042279223,65.60367659218934,66.37102508544922,18935000
2022-03-03,66.66211191396198,67.30597346075977,66.60918690125777,66.90907287597656,19576500
2022-03-04,66.15053618441594,67.05900247134637,65.89475330366787,66.91788482666016,22078900
2022-03-07,66.55626216766727,66.84732615719766,65.62133669373668,65.70071411132812,20057300
2022-03-08,65.77127099337436,65.93885450033797,63.883776285606615,63.927879333496094,29710400
2022-03-09,64.92455336925072,64.94219055318233,64.08664918428457,64.36006927490234,18254000
2022-03-10,63.901435008007475,64.14840273858725,63.15173004542814,63.751495361328125,21892400
2022-03-11,63.98080768749814,64.33361193865561,62.92239493402577,63.01060104370117,14276500
2022-03-14,63.40749676529812,63.98080278838233,63.00177426274737,63.34575653076172,18438900
2022-03-15,63.91905916178541,64.8451626306849,63.76911956146557,64.76578521728516,17078100
2022-03-16,64.92455649897137,65.17151746100602,63.910246779887785,64.83635711669922,18783200
2022-03-17,64.79224907342427,65.40083620386318,64.64230946218544,65.28617095947266,14484600
2022-03-18,65.34791297252707,65.49785931702507,64.85399107304525,65.43611907958984,20278600
2022-03-21,65.60000787622116,66.10503197140686,65.15700404677048,65.520263671875,17659100
2022-03-22,66.00757598876953,66.14047850041896,65.44939355148493,66.00757598876953,11667300
2022-03-23,66.0873311977421,66.25567487504586,65.41397000793577,65.47599029541016,14027800
2022-03-24,65.74179893636594,65.96330096345572,65.52029690927614,65.93672180175781,9458800
2022-03-25,66.09618495738346,66.61893310946013,66.0341646776154,66.48603057861328,12508400
2022-03-28,66.51260006931487,66.76068115234375,66.1227545047252,66.76068115234375,11602600
2022-03-29,67.28344883908488,67.47837167819246,66.75183863798986,67.35432434082031,16595100
2022-03-30,67.08851919276445,67.40748257717567,66.80499693547712,67.39862060546875,13367500
2022-03-31,67.31887232593854,67.64669086969613,67.12394953791905,67.23912811279297,12388500
2022-04-01,67.36317121067691,67.9922359305856,67.10622814034188,67.9124984741211,12644000
2022-04-04,67.79730661837864,67.79730661837864,66.92902285283449,67.6998519897461,9618400
2022-04-05,67.38974296944055,68.46181146685345,67.38974296944055,67.76187133789062,12717200
2022-04-06,67.76188541046689,68.70991356851403,67.46950118871403,68.62130737304688,23849600
2022-04-07,68.85166935859375,69.60477468075285,68.65674654962714,69.45415496826172,18311500
2022-04-08,69.64022050138954,69.95918389034904,69.33011908426333,69.74654388427734,13879400
2022-04-11,69.87058314527054,70.1009470907034,69.33011778850715,69.46302032470703,18229900
2022-04-12,69.47188056706514,69.95918084139632,69.23265465591946,69.4807357788086,19804800
2022-04-13,69.42757105559494,69.96803634897505,69.41870908496655,69.87057495117188,11715500
2022-04-14,69.98576967774198,70.34017422791284,69.80857078250884,69.85286712646484,12195600
2022-04-18,69.69338708934967,69.95032344077146,69.08203945392252,69.27696228027344,11426700
2022-04-19,69.30354830032695,70.4287755097419,69.24152800940966,70.33131408691406,12814100
2022-04-20,70.72115232024913,71.54513996108696,70.67684922010679,71.38565826416016,21659600
2022-04-21,71.52741606456665,72.06787462930212,71.270472979202,71.3236312866211,18501800
2022-04-22,71.49198333898917,71.58058278166463,70.14524747538724,70.20726776123047,19747900
2022-04-25,70.42875744535958,70.73000360947981,69.26808940173564,70.5173568725586,30868200
2022-04-26,70.41105886555056,70.74773948173494,69.40986547055985,69.4275894165039,26864500
2022-04-27,69.57822400507919,70.41107388983849,69.39216309119372,69.6845474243164,29441700
2022-04-28,69.78199119837255,70.79203976638806,69.41872467774539,70.71229553222656,22128500
2022-04-29,70.35790327345045,70.46421991441532,68.70106576812888,68.78966522216797,27802900
2022-05-02,69.26809540421472,69.36555681049012,66.88473207572208,67.88592529296875,55145100
2022-05-03,67.77073935487473,68.32892863318308,67.24799796185327,67.69100189208984,47646900
2022-05-04,67.71757988119332,69.31239670648577,67.51379510252129,69.21493530273438,37161600
2022-05-05,68.84281463523159,69.00229633574897,67.39862411811049,67.90364837646484,32186100
2022-05-06,67.65554688775609,68.32005264679532,67.31000443383186,67.9745101928711,34046900
2022-05-09,67.45178321882814,68.55043795063693,67.1328198140713,67.94795227050781,33323800
2022-05-10,68.29349638172866,68.51499837562916,67.2037035974683,67.4783706665039,32510900
2022-05-11,67.55809578044087,68.32006304083913,67.13280905568476,67.18597412109375,30110100
2022-05-12,67.31888515169763,67.65556572988388,66.45059441046446,67.16825866699219,29049700
2022-05-13,67.50494542896216,68.23147165126336,67.09738259788627,68.17830657958984,15405300
2022-05-16,68.13401404022554,68.79852001572895,67.84162978867498,68.48841857910156,14613700
2022-05-17,68.24917800172163,68.4263836129978,67.32772910219424,68.01881408691406,20637000
2022-05-18,67.27457568391873,67.30115483761452,63.438160107413864,63.641944885253906,40188900
2022-05-19,63.2875543596029,63.30527154607452,62.09144486147472,62.507869720458984,38772000
2022-05-20,62.862256670723966,62.87998061383939,61.64843019576154,62.64075469970703,26185000
2022-05-23,63.33185571173813,64.16469864694112,63.145788080561346,63.93434143066406,17710900
2022-05-24,63.78371835170618,65.07728930824345,63.677401710709034,64.97982788085938,23272400
2022-05-25,64.85578643196845,65.1836118433347,64.44822354091322,64.99755096435547,16647300
2022-05-26,65.2987910717504,66.02531740782108,65.19247443116276,65.68863677978516,16580500
2022-05-27,65.78609367370605,66.45059967041016,65.67091506777098,66.45059967041016,16921300
2022-05-31,66.09619667505075,66.41516010174826,65.28993289512987,65.98101806640625,19212200
2022-06-01,66.06961023396984,66.12276854599212,64.68744004375878,65.12158203125,17552000
2022-06-02,65.27219457516952,66.0696029663086,64.20012592252267,66.0696029663086,17618500
2022-06-03,65.79494357104937,66.0518866537828,65.23675431005135,65.40509796142578,9750300
2022-06-06,65.85698087481796,66.06075894365559,65.21019201524817,65.43169403076172,10924200
2022-06-07,64.58110492913191,65.86581347413772,64.58110492913191,65.77721405029297,9070200
2022-06-08,65.40509683298065,65.55571653966261,64.92665180025274,64.97095489501953,7896600
2022-06-09,64.90894406765538,65.53800889864495,63.97863301974307,63.99635696411133,9442200
2022-06-10,63.207808674213005,64.22671924547974,62.879990034206166,63.72169494628906,17720500
2022-06-13,62.773653385932676,63.207795329793846,62.091430331293694,62.34837341308594,22813000
2022-06-14,62.33065172323516,62.61417396861185,61.16998358742799,61.61298751831055,19864600
2022-06-15,62.0471362158727,62.54329850923682,60.98392937017693,61.67501449584961,20069400
2022-06-16,60.8333187455159,61.675023727707405,60.44347302254454,61.205440521240234,19017100
2022-06-17,61.3117511301576,61.64843849765374,60.70926541746961,60.98393249511719,24825300
2022-06-21,61.70966969202292,62.780867277109124,61.4150966558042,62.61125946044922,16147200
2022-06-22,62.29881800415219,62.99509256150164,62.057795697092075,62.566612243652344,15207200
2022-06-23,62.99508141015725,63.843106567486345,62.932595417622075,63.78062057495117,16570700
2022-06-24,64.34301133593851,65.0571361031724,64.11091755161736,65.03035736083984,13437000
2022-06-27,65.09285268417207,65.19997447930517,64.66437912456853,64.85183715820312,10936500
2022-06-28,65.0392870048651,65.44991028549052,63.93238916968078,63.98594665527344,11004000
2022-06-29,64.23589876751183,64.6554506187876,64.08414799889086,64.38764953613281,9230600
2022-06-30,64.0573654490576,64.71793278712731,63.67352088562573,64.43228149414062,12670700
2022-07-01,64.45011589508015,65.40526280995546,64.3430009430515,65.36063385009766,11664100
2022-07-05,64.92322796526769,65.14639318240182,63.89666660435824,64.94107818603516,12828700
2022-07-06,65.18210515069246,65.5838066988477,64.92323944624576,65.12854766845703,11768100
2022-07-07,65.07498893024317,65.29815418253449,64.80718790330837,65.19103240966797,8476300
2022-07-08,65.21781918586524,65.59274203186143,64.86968189423324,65.07499694824219,10732500
2022-07-11,64.99463184867273,65.43204055214639,64.76254493999126,64.98571014404297,7172500
2022-07-12,65.07499311154164,65.6552241668736,64.56617657604268,64.79826354980469,11032200
2022-07-13,64.4233437415863,65.42312652896653,64.26266448665845,64.8428955078125,13851600
2022-07-14,64.01272887422923,64.99465475604431,63.99487864821686,64.8964614868164,10801700
2022-07-15,65.32492396174001,65.53023896228626,64.85181478145849,65.11068725585938,9300100
2022-07-18,65.22673777973156,65.33385954949816,64.36085553622439,64.4769058227539,8473600
2022-07-19,65.01250461952885,65.28029884295168,64.83396832678378,65.15532684326172,8729100
2022-07-20,65.22674255068895,65.28922855167424,64.3787172786795,64.71792602539062,10232000
2022-07-21,64.59294814751595,65.06605737057575,64.40549016161279,64.914306640625,11944800
2022-07-22,65.05712222943023,65.53023821477697,64.95892898817544,65.3427734375,9369800
2022-07-25,65.42312332857516,65.81589633484342,65.28922282094165,65.66413879394531,8157500
2022-07-26,65.06606721487367,65.6105910322231,64.85183045720851,65.51239776611328,9764200
2022-07-27,65.3874300070935,66.14619063143111,64.88754193655846,65.95873260498047,10995600
2022-07-28,66.00335757833645,67.14596258699486,65.8873072877782,67.0120620727539,9372000
2022-07-29,66.24437211030474,66.60143787303099,66.06584263417308,66.49431610107422,13198900
2022-08-01,66.40504610958946,67.53872930577295,66.37826737133453,67.3244857788086,13150400
2022-08-02,67.27985323398322,67.40482521282293,66.69069378191429,66.78888702392578,10632700
2022-08-03,66.80674372561838,67.36019597878362,66.5300210042671,67.2262954711914,12808400
2022-08-04,67.0745556938274,67.26201371088263,66.51218164266174,66.77997589111328,11983600
2022-08-05,66.44970533824929,66.67287064977165,66.00337471520454,66.62823486328125,7125700
2022-08-08,66.88709382383121,67.09240886523459,66.4318347740852,66.59251403808594,6966100
2022-08-09,66.69070261109681,66.7888958661081,66.36934410568948,66.49431610107422,8086200
2022-08-10,67.12809747221304,67.19058346327525,66.75318152583984,66.98527526855469,11262300
2022-08-11,67.270946061829,67.48518283488944,66.6728647147005,66.82461547851562,8959500
2022-08-12,67.02992332773688,67.40484619140625,66.77105758418867,67.40484619140625,11094400
2022-08-15,67.36913769855154,68.14574853595529,67.26201590939127,68.0743408203125,10207200
2022-08-16,68.32428068979173,69.09196977252249,68.27072320370566,68.84202575683594,12312600
2022-08-17,68.55635752852554,68.91341642809525,68.47601450879898,68.64562225341797,9667600
2022-08-18,68.53852335029299,68.97592541543365,68.45818711424162,68.87773895263672,5777700
2022-08-19,68.66347034990939,68.98482879794955,68.52956986148237,68.65454864501953,6456500
2022-08-22,68.44924876650748,68.46709899068979,67.84223898735993,67.95828247070312,7113700
2022-08-23,67.70834051488725,67.76190480997892,67.36913176146949,67.66371154785156,10183400
2022-08-24,67.77975550328279,67.97614202889518,67.5476617175169,67.83331298828125,8061900
2022-08-25,67.86009304742383,68.14574432373047,67.53874132073453,68.14574432373047,6105000
2022-08-26,68.18144658397819,68.26178961760567,66.37827431150362,66.45861053466797,11212500
2022-08-29,66.06583499101329,66.72640214883488,65.89622724098608,66.35148620605469,13214300
2022-08-30,66.47646354591599,66.47646354591599,65.49453784070806,65.66413879394531,10316700
2022-08-31,65.8694532696712,65.98549674308168,65.26244354248047,65.26244354248047,10397800
2022-09-01,65.03928051343115,65.77126225548213,64.78933652499369,65.62843322753906,15968200
2022-09-02,66.12833300091312,66.38720552573159,64.56617614493035,64.771484375,15846700
2022-09-06,64.8071817523606,65.32492672304764,64.3162223301952,64.40548706054688,21871800
2022-09-07,64.61080899591926,65.64629915744419,64.55725150841413,65.56595611572266,19632300
2022-09-08,65.24458188760931,65.6462833787366,64.62865049795366,65.3963394165039,14843900
2022-09-09,65.56594645835695,66.47646447461494,65.32493098961973,66.0390625,18139000
2022-09-12,66.09261964531187,66.5210931010025,66.00335490958155,66.29792785644531,8680000
2022-09-13,65.74449487136876,65.83375962402037,63.90560827651784,64.08414459228516,12940800
2022-09-14,64.28052304686923,64.36085927100888,63.68243497737796,64.05735778808594,12291500
2022-09-15,64.0216546954528,64.08414069955968,63.35215887553738,63.521766662597656,11234700
2022-09-16,63.298595515277235,63.74492602046871,63.28966699824376,63.67351150512695,13452600
2022-09-19,63.43182308751395,64.14161344722724,63.43182308751395,64.09668731689453,9370400
2022-09-20,63.674404653281336,63.89003496937189,63.25212376214605,63.74627685546875,9169900
2022-09-21,64.13264034352811,64.76157202668601,63.46777597426199,63.50371551513672,14189700
2022-09-22,63.557600137597426,63.84510951365026,63.297043694492636,63.413848876953125,10428400
2022-09-23,63.06344535931648,63.06344535931648,61.68879097746836,62.3356819152832,15909500
2022-09-26,62.200913017811295,62.919682962462495,62.08410784641733,62.3806037902832,11638000
2022-09-27,62.68609016661548,63.02751228921645,61.18565071078254,61.30245590209961,17159300
2022-09-28,61.58099072459084,62.34468706908431,61.04191135522875,62.03921127319336,14259200
2022-09-29,61.895436638595754,62.021221562796654,60.637580541822494,61.01494216918945,13508200
2022-09-30,61.16769560045249,61.26652761674041,59.9098391834148,59.95476531982422,13427400
2022-10-03,60.38601200263432,61.14072841896679,60.053576493030626,60.98798370361328,12703300
2022-10-04,61.356365326591444,62.23685990956507,61.34737872948535,61.91341781616211,13366400
2022-10-05,61.58997090691933,61.88646007358437,60.907133454318654,61.55403137207031,10596100
2022-10-06,61.53605409348402,61.64387269087581,60.52078800674641,60.65555953979492,10607000
2022-10-07,60.5387570959887,60.61063616418217,59.5145043659101,59.74810791015625,13741600
2022-10-10,59.85592954949497,60.21531119916662,59.460601509137454,59.963741302490234,11799000
2022-10-11,59.9996691317624,61.00595537689514,59.90083714095632,60.457889556884766,10783400
2022-10-12,61.05088541433029,61.4731663850211,60.772362584625895,60.781349182128906,10963200
2022-10-13,60.19733201935117,62.02122023601105,59.918809243830935,61.78761672973633,18475600
2022-10-14,62.15599993955019,62.22787900552682,60.574694761889404,60.673526763916016,11611200
2022-10-17,61.31143735930468,61.634886297784206,61.18565242264764,61.329410552978516,9105200
2022-10-18,62.24584191380219,62.55132449998292,61.76066852734901,62.12904357910156,11000700
2022-10-19,62.2189038030142,62.55133940296277,61.58997899745342,61.841548919677734,8985300
2022-10-20,61.86849273075331,62.01224401305405,60.92509880686215,60.97901153564453,10023200
2022-10-21,60.94307097165779,62.06615569314006,60.74540696391448,61.91341781616211,9613300
2022-10-24,62.35366458414505,63.1533003507457,62.21889304774565,63.02751541137695,11076000
2022-10-25,63.171261901183314,63.93496493129709,62.81188030438221,63.85409927368164,10619600
2022-10-26,63.99787483523217,64.7346182770557,63.80021079027061,64.27639770507812,9483700
2022-10-27,64.33927071473073,64.75256502239948,64.23145212608325,64.33028411865234,9988200
2022-10-28,64.44709398951221,65.85768806675425,64.42013419931675,65.74088287353516,9545400
2022-10-31,65.55220195277006,65.75885253792248,65.18383376371293,65.35453796386719,9201000
2022-11-01,65.5162640109765,65.83072633968953,64.91429228818804,65.14789581298828,9535200
2022-11-02,65.01313080382941,65.66002871905404,63.97989145894371,64.01583099365234,16291600
2022-11-03,63.476752454469974,64.0877108424156,63.33299431388727,63.800201416015625,10624500
2022-11-04,64.56390298005041,64.91430490798908,63.71036122835695,64.55491638183594,11938600
2022-11-07,64.6896812883226,65.24673378935422,64.56389634530987,65.12992858886719,7133600
2022-11-08,65.32759011257373,65.72291812113724,64.64475269453631,65.318603515625,9091700
2022-11-09,65.15690014799496,65.56121488446041,64.55492819799373,64.60884094238281,9465200
2022-11-10,65.99244863029166,66.29793120724769,65.03108848285866,66.1272201538086,19286100
2022-11-11,66.3069050301322,66.37877722136668,65.02209621566844,66.05532836914062,14289300
2022-11-14,65.99246202836669,66.58545411032726,65.49830881483203,65.53424835205078,14803000
2022-11-15,66.36082871782656,66.57645905899423,65.54321977313653,66.08230590820312,15064200
2022-11-16,66.17216576225543,66.73819810196001,66.136226221752,66.40576934814453,9748600
2022-11-17,65.82176216904261,66.42373403423592,65.82176216904261,66.3877944946289,7827000
2022-11-18,66.92686125940786,67.1784311344544,66.64833844842991,67.09757232666016,9070800
2022-11-21,67.22336250468607,67.83432090089802,67.08859095975767,67.73548889160156,8054900
2022-11-22,68.23861688727797,68.29252960879094,67.9780672948167,68.2296371459961,6307100
2022-11-23,68.28355076441129,68.59801311408386,68.19370535804272,68.46324157714844,6286400
2022-11-25,68.55308957992457,68.56206932166805,68.37339192358472,68.50816345214844,2978000
2022-11-28,68.25659859667931,68.62496682336854,68.14877999496372,68.24761199951172,8698300
2022-11-29,68.06791857936324,68.21166985471658,67.63665104377334,67.98705291748047,7755100
2022-11-30,67.9421431379717,69.37070376815096,67.58275461721553,69.35273742675781,11704200
2022-12-01,69.22693803065712,69.30779683220649,68.75074439850783,69.03825378417969,10215700
2022-12-02,68.53512837066837,69.44258284325538,68.45426955225032,69.35273742675781,6087200
2022-12-05,68.60700901698905,68.6878678372589,68.28356002637757,68.4812240600586,8632900
2022-12-06,68.55309711353817,68.81364674802575,67.72650151306583,68.0589370727539,8136300
2022-12-07,68.18471109169597,68.49019366470718,68.058926165975,68.346435546875,7298700
2022-12-08,68.2386195898138,68.72379297405939,68.14877419008637,68.71481323242188,7803400
2022-12-09,68.382371616237,68.67886757819014,68.17572104600069,68.18470764160156,9761700
2022-12-12,68.31051889485684,68.91249079166188,68.09488850065752,68.90351104736328,6996800
2022-12-13,69.58635034582586,69.73909512968949,68.37341980369428,68.8046875,11349000
2022-12-14,68.91248062455792,69.42460701945313,68.35543495049698,68.7597427368164,13820200
2022-12-15,68.18472102538136,68.31949256679252,67.08858920889311,67.59173583984375,11281000
2022-12-16,67.24131940986231,67.47492293130809,66.67528722630692,67.25929260253906,14561500
2022-12-19,67.24391257406354,67.81401073922191,66.81860343622185,67.21676635742188,8093900
2022-12-20,67.09913211089936,67.42490052650152,66.79145887219909,67.1624755859375,7368900
2022-12-21,67.48824395169521,68.09453248431552,67.44299565359239,67.83210754394531,7953100
2022-12-22,67.58776350989287,67.714450420186,66.92717584571972,67.67825317382812,6888300
2022-12-23,67.71447918397011,68.07644489738591,67.48825147607545,68.03119659423828,4874700
2022-12-27,68.12167776210156,68.49269447044904,67.97689563722707,68.3569564819336,4839700
2022-12-28,68.55604755033302,68.6465372540487,67.50634765625,67.50634765625,5028900
2022-12-29,67.77782614584855,68.0402511289503,67.669234355072,67.7959213256836,5574800
2022-12-30,67.66014932296696,67.7144486430381,66.97242237197314,67.46107482910156,6249900
2023-01-03,67.49728139506254,67.5244345135843,66.52902728539593,67.20771026611328,14433300
2023-01-04,67.39775856310176,67.88640431342566,67.04483700399007,67.47014617919922,12197300
2023-01-05,67.34343883729447,67.40678229715753,66.65571181704384,66.79144287109375,9848200
2023-01-06,67.6511364355605,68.845618470041,67.59683709041015,68.57414245605469,9982400
2023-01-09,68.5288857899761,68.99943628494853,67.90449523925781,67.90449523925781,11081800
2023-01-10,67.98594660859003,68.09453839110388,67.58779054721569,67.81401824951172,8427900
2023-01-11,68.04024252906663,68.23932400169986,67.25296767926828,67.85021209716797,9848300
2023-01-12,67.9949978057101,68.00404884692074,67.15343047508209,67.31631469726562,9841300
2023-01-13,67.13533693644489,67.65113583530484,67.09008863320804,67.6330337524414,9274200
2023-01-17,67.74159662897469,68.2483442701472,67.5787124723237,67.67825317382812,9006800
2023-01-18,67.51538693316799,67.56063522910219,65.73271177452268,65.8322525024414,16069900
2023-01-19,65.56982851490606,65.8684507029444,65.18976767772314,65.2078628540039,12421500
2023-01-20,65.25309334505737,65.74174581834917,64.79158708073973,65.714599609375,12349600
2023-01-23,65.84130609983652,66.25756420370108,65.65127567658885,65.92274475097656,12000200
2023-01-24,65.90465033819267,66.37520088160501,65.51553844686435,66.19422149658203,13465600
2023-01-25,65.79604677175061,66.35709381103516,65.47027841396215,66.35709381103516,11606800
2023-01-26,66.28471037797088,66.3390028120292,65.9046495317208,66.121826171875,8081500
2023-01-27,66.07657533278453,66.23041539656766,65.6150758531971,65.93179321289062,10341700
2023-01-30,65.796037537921,66.51091761696819,65.796037537921,66.01321411132812,10463100
2023-01-31,66.13991038518617,66.7371546765117,65.94083585866409,66.72810363769531,8002700
2023-02-01,66.6738305030926,67.56064615784311,66.38425931246582,67.26202392578125,15447600
2023-02-02,66.80954825412113,67.11721453042038,66.38423918659713,66.682861328125,12238800
2023-02-03,66.88195470403772,66.90004988073281,65.93179568540451,66.42044830322266,12874800
2023-02-06,66.311838829446,66.62855611646958,66.26659744782496,66.50186920166016,7208900
2023-02-07,66.02227781248817,66.34804618704335,65.56077146454831,66.22135925292969,9268200
2023-02-08,65.8593816918769,65.9770244693235,65.59695683192841,65.714599609375,8933500
2023-02-09,66.0584681738185,66.29374684287747,65.34358803223424,65.42503356933594,8341500
2023-02-10,65.42506053878347,66.08564162663082,65.28932252360646,66.0313491821289,8197200
2023-02-13,66.23042874408138,66.80957114821369,66.19423148083285,66.78242492675781,7440500
2023-02-14,66.73716406224327,66.76431027859041,65.94988926857211,66.17611694335938,9344700
2023-02-15,66.04038501560953,66.32090511949748,65.76890904777427,66.30280303955078,9006000
2023-02-16,65.71461155549667,66.22135929225226,65.43408456928974,65.82319641113281,8355100
2023-02-17,65.6331793225793,66.70097434441524,65.6331793225793,66.673828125,11116000
2023-02-21,66.40234622260667,66.7733629321045,66.06753367434081,66.42044830322266,8974700
2023-02-22,66.51093801577657,66.97244441673901,66.15802338678205,66.32090759277344,8851000
2023-02-23,66.38425283930817,66.56523222683187,65.83225673226349,66.23946380615234,12700000
2023-02-24,65.75081726042805,65.90465042830002,65.39789572248502,65.79605865478516,11340600
2023-02-27,66.11276754258488,66.29375380853902,65.57887359184039,65.7236557006836,10162300
2023-02-28,65.4521934433781,65.56982935050411,65.15357125153425,65.18071746826172,9757300
2023-03-01,64.98163859180819,65.05403310857498,64.18531961913686,64.70111846923828,10475000
2023-03-02,64.71016431245822,65.7146157141788,64.64682084135515,65.58792877197266,9876000
2023-03-03,65.58794235974449,65.70557828647196,65.03594618123824,65.6422348022461,12384300
2023-03-06,65.46123406832439,65.91368939996806,65.43408785305304,65.81415557861328,8356000
2023-03-07,65.82319377342132,66.04037728383071,65.05402115983438,65.16261291503906,10059400
2023-03-08,65.09928136947765,65.34360423352133,64.87305368265453,65.27120971679688,11170800
2023-03-09,65.52459401970808,65.63317889666442,64.47489418298696,64.66492462158203,15612700
2023-03-10,64.79160991170662,65.04498382330684,64.1129268325255,64.34820556640625,19026300
2023-03-13,64.28485359727769,65.6784168309278,64.24865634269868,64.67396545410156,29831400
2023-03-14,64.86399834320768,65.29835851084606,64.63777067137785,65.26216125488281,19139200
2023-03-15,64.83685805326239,65.76891504176342,64.69206901617576,65.68746948242188,21438000
2023-03-16,65.64221448512872,65.7960476272179,65.27119783241028,65.73270416259766,15712500
2023-03-17,65.64223235493564,65.75082413981225,64.9635492332807,65.25312042236328,13283900
2023-03-20,65.5031602845923,66.22147727428029,65.47588356577424,66.15782928466797,14130900
2023-03-21,66.25784347831299,66.40332161325472,65.63954579631304,66.10326385498047,12499700
2023-03-22,66.22147585715241,66.50334452838783,65.4849697792731,65.49406433105469,11942200
2023-03-23,65.6668175013009,65.90322725678703,64.99396643718909,65.23946380615234,12160300
2023-03-24,65.41223250818422,66.41241812822867,65.33948997000746,66.34877014160156,12352500
2023-03-27,66.5760960351633,67.00344984402021,66.56700148215683,66.7033920288086,10865500
2023-03-28,66.80339681453331,67.18528471265853,66.73065428047808,66.82157897949219,11593400
2023-03-29,67.19438171386719,67.26712425057491,67.02161992346387,67.19438171386719,9483400
2023-03-30,67.36713346890532,67.55808435325868,67.17618952166177,67.38532257080078,10737800
2023-03-31,67.73085440124467,67.95816966619176,67.61265296083228,67.93089294433594,10338700
2023-04-03,67.97634656834579,68.43097701661996,67.72175462724987,68.28549194335938,9607700
2023-04-04,68.25821506200687,68.54917827071718,68.00362312152411,68.14910125732422,7272900
2023-04-05,68.34005783996042,68.76740466871838,68.34005783996042,68.46735382080078,12409900
2023-04-06,68.40370256858687,68.64010541481156,68.11273934952466,68.52190399169922,8616800
2023-04-10,68.28549420836418,68.54008615790482,67.86723501453166,68.52190399169922,9423400
2023-04-11,68.64919655148952,68.91288303957097,68.59464311847613,68.72193908691406,12944300
2023-04-12,68.71285381683066,68.94016906790355,68.32187130750084,68.41279602050781,10386400
2023-04-13,68.44006721856636,68.8310496963495,68.12182728016388,68.79468536376953,12919000
2023-04-14,68.61283017524077,68.91288795242585,68.1672942539454,68.35823822021484,8789700
2023-04-17,68.49462759165705,68.80377297835933,68.4127905005762,68.79468536376953,9683400
2023-04-18,68.78558640083399,69.06745505146984,68.5673657337969,69.0038070678711,7233100
2023-04-19,69.08564641433239,69.15838201431819,68.74921738309617,68.95834350585938,6283600
2023-04-20,68.71285982327936,69.34025219095876,68.67648854747503,69.12202453613281,7329500
2023-04-21,69.58574481557993,69.9858218846287,69.47663793282922,69.62211608886719,10431000
2023-04-24,69.6221077774913,69.94944226088889,69.6221077774913,69.90397644042969,8723100
2023-04-25,69.88579948911918,70.3495245313855,69.73122678740066,69.81305694580078,12179700
2023-04-26,69.48573017760002,69.75851127687216,69.23113818473884,69.26750946044922,8778800
2023-04-27,69.30387555484309,70.11311730184175,69.25840972932636,70.04037475585938,11287800
2023-04-28,70.22223350338535,70.54047348146706,70.04947168509334,70.41317749023438,9757600
2023-05-01,70.2949582401723,70.75868324341718,70.27677607442808,70.46772003173828,10860800
2023-05-02,70.4040751519607,70.4404464221639,69.56755674861823,70.27677917480469,19136000
2023-05-03,70.06764014207221,70.35860334182404,69.68575224310604,69.70394134521484,11656600
2023-05-04,69.77667872330503,69.88579252741319,69.30386611305642,69.53118133544922,11682600
2023-05-05,69.64029026447113,70.23131124761436,69.55846011179959,70.1767578125,10479400
2023-05-08,69.93125651963346,70.05855248587876,69.73121801921663,69.96762084960938,8069200
2023-05-09,69.97672013907274,69.97672013907274,69.62210893236154,69.74940490722656,6939500
2023-05-10,69.76759221534031,70.06764304145268,69.15838213746453,69.64028930664062,12259100
2023-05-11,69.62210342626787,69.8948844577544,69.24021553187454,69.84941864013672,11790600
2023-05-12,69.92216912072334,70.14948436042849,69.77668403749897,70.12220764160156,7012000
2023-05-15,70.2312856758652,70.32221034698618,69.64026490791716,69.94941711425781,8652200
2023-05-16,69.84942305110006,69.84942305110006,69.25840207029634,69.3584213256836,11310700
2023-05-17,69.54027962189092,69.54936723655551,68.89469825096296,69.32205200195312,10891300
2023-05-18,69.06744109410025,69.15836577556553,68.56735187748696,68.98561096191406,10765300
2023-05-19,69.13109376146525,69.21293083631981,68.7219291985194,69.03107452392578,10457600
2023-05-22,68.84922979005424,68.96743119824707,67.94906352862404,67.98542785644531,14575700
2023-05-23,67.80357618977091,67.85812961677856,67.39441161299513,67.48533630371094,13700400
2023-05-24,67.51262179070606,67.55808761052702,66.99434335545374,67.04889678955078,11901800
2023-05-25,66.45787391262506,66.77612076802997,66.0396147432788,66.53971099853516,17725000
2023-05-26,66.47606559527121,66.87614261500603,66.24875036807826,66.76702880859375,15531000
2023-05-30,66.37604277506075,66.53971000733297,65.78502182868277,66.00324249267578,22766900
2023-05-31,66.0850756905919,66.43968685014038,65.74864669484437,66.07598114013672,22328600
2023-06-01,66.05781750293936,66.13056005276339,65.68501713792477,66.02144622802734,13836100
2023-06-02,66.048717936855,66.97616803393967,66.0305357693347,66.93070220947266,14719800
2023-06-05,66.83068100723825,67.31258820932553,66.56699449462036,66.68519592285156,9629600
2023-06-06,66.74884716446344,66.87614313771763,65.966882221839,66.34877014160156,10796900
2023-06-07,65.92140591072969,66.31238831982252,65.72136743113208,66.13053894042969,13595100
2023-06-08,66.20327214878836,66.603349093594,66.04869948815305,66.58516693115234,8881300
2023-06-09,66.3578727826359,66.68520037011427,66.2214822412051,66.47607421875,8756200
2023-06-12,66.55788972928872,66.62153770966347,66.12144841732167,66.45787048339844,11357600
2023-06-13,66.36696131114283,66.83068638354221,66.27603659464188,66.73066711425781,8401800
2023-06-14,67.03981159315927,67.3671391466572,66.83977307810859,67.13982391357422,13849900
2023-06-15,67.37622721820344,67.97634270563705,67.24893125488897,67.81267547607422,16251200
2023-06-16,68.02181197396615,68.24003960478431,67.83086799983333,67.89451599121094,12672900
2023-06-20,67.80842191102482,68.01903158945794,67.35971836139817,67.37803649902344,9731800
2023-06-21,67.34141778355077,67.835902782236,67.08501970711923,67.61612701416016,13633500
2023-06-22,67.96411393793812,68.11062415645341,67.74434511700278,68.00989532470703,17247600
2023-06-23,68.11977227168018,68.11977227168018,67.52455844882219,67.56118774414062,9706900
2023-06-26,67.56118599454182,67.68023294782475,67.08501914038072,67.65275573730469,8955400
2023-06-27,67.46961280813395,67.91830941519707,67.45130165504538,67.85420989990234,8965400
2023-06-28,67.54287184627717,67.58865322246729,67.03006873415572,67.39635467529297,12800400
2023-06-29,67.06671057886334,67.44215566003483,66.84694176757915,67.33226776123047,10018000
2023-06-30,67.4879341829874,68.01904852519992,67.43299372907722,67.91831970214844,14266200
2023-07-03,67.81758922321043,68.44943237304688,67.63444972376536,68.44943237304688,12817100
2023-07-05,68.16554736770257,68.39447517913486,68.08312972269931,68.33037567138672,17579200
2023-07-06,68.01903686095126,68.19302425026292,67.80842716619584,68.1563949584961,14881300
2023-07-07,67.99157850783124,67.99157850783124,67.22238420542072,67.2681655883789,16405400
2023-07-10,67.36889502186239,67.9091684417264,67.16743737331393,67.2498550415039,11953600
2023-07-11,67.3047975663944,67.45131476487268,66.94767062800929,67.3505859375,9812500
2023-07-12,67.46963442867205,67.68940326777526,67.35974651595772,67.50626373291016,12680900
2023-07-13,67.6252946321108,67.90916995517578,67.35058536677872,67.79012298583984,10581500
2023-07-14,67.80844086085416,68.1380975670103,67.60698320861157,68.01905059814453,12475600
2023-07-17,67.7626407307077,68.04650901706425,67.57034218320908,67.81758117675781,9496300
2023-07-18,67.75349107398884,68.32123471190242,67.53372227293245,67.74433898925781,10124100
2023-07-19,67.9641070162126,68.50437343480687,67.9183186477821,68.43112182617188,14718700
2023-07-20,68.49523366898912,69.1087587928845,68.34871645271986,69.0171890258789,16106300
2023-07-21,69.12705760465735,69.44755522509406,69.04464692496968,69.25525665283203,13836800
2023-07-24,69.23694466876599,69.6215418086881,69.17284514544563,69.52081298828125,10692500
2023-07-25,69.43838767280825,69.52079833413863,69.14536034420696,69.50248718261719,8576600
2023-07-26,69.31935798688735,69.78637280961725,69.20947707776808,69.58491516113281,10506500
2023-07-27,69.71311384848558,69.87794219762779,68.97138977050781,68.97138977050781,10008500
2023-07-28,69.57575752737844,69.96035465127177,69.39261104957892,69.68563842773438,9672400
2023-07-31,69.59407834093956,69.8046950730595,69.09959326173708,69.36515045166016,10057100
2023-08-01,69.27356796925422,69.56659533425649,68.93475224027644,68.98969268798828,9376700
2023-08-02,68.71499083770706,69.66733162275203,68.71499083770706,69.23694610595703,11509700
2023-08-03,69.20031649219207,69.37430390958916,69.00801791911726,69.04464721679688,8774900
2023-08-04,69.13621775201146,69.30104610027718,68.29376485479749,68.35786437988281,10022800
2023-08-07,68.48606497109215,68.98970211200245,68.4677468284703,68.91645050048828,8875600
2023-08-08,68.87066324569508,68.94392184472018,68.23882005517166,68.42196655273438,11413600
2023-08-09,68.45859791922928,68.87982439685489,68.34871001737379,68.52269744873047,11912200
2023-08-10,68.7424571007041,69.16368352216772,68.29376045402041,68.38533020019531,10357700
2023-08-11,68.41279870971175,68.66919678710089,68.24797037620108,68.4952163696289,7472500
2023-08-14,68.58678040385246,68.76991987636353,68.03735499999621,68.1563949584961,11483800
2023-08-15,67.96409379542666,68.07397468016653,67.3963502744205,67.42382049560547,13257500
2023-08-16,67.69855110886662,67.89084968446925,67.18575490725961,67.2681655883789,14814900
2023-08-17,67.286483942083,67.4604643759897,66.51728265093082,66.61801147460938,11798000
2023-08-18,66.50813030180069,67.00261539902124,66.44403076991979,66.8652572631836,12334500
2023-08-21,66.69127357033514,66.81947262786618,66.13268896838227,66.41655731201172,12005400
2023-08-22,66.20595845073916,66.27921007685072,65.94955330720835,66.04113006591797,11496100
2023-08-23,66.27004212802888,66.48065185546875,66.16015423567494,66.48065185546875,10796800
2023-08-24,66.2517179920659,66.84693179573095,65.93122040126889,65.94953155517578,13797500
2023-08-25,66.22426428039665,66.48066241696456,65.90376660968677,66.31583404541016,13088500
2023-08-28,66.53560079323108,66.73705145426389,66.38908360012618,66.61801147460938,6914800
2023-08-29,66.65463672522814,66.89272365640345,66.27919168043925,66.85609436035156,9502800
2023-08-30,66.93851030216638,67.17659725206981,66.7828410214437,66.96598052978516,9679300
2023-08-31,66.71873649535587,66.95682342741837,66.6180076774188,66.62716674804688,7731300
2023-09-01,66.84692234198512,66.88355163094218,65.83964134779507,66.05941009521484,8346400
2023-09-05,65.94038762890968,66.18762666201819,65.49168395996094,65.49168395996094,8634200
2023-09-06,65.41841888427734,65.56492906247263,65.20780220686314,65.41841888427734,9050100
2023-09-07,65.53746738378317,65.81218360990374,65.30853952412397,65.5740966796875,10149000
2023-09-08,65.60156894700935,65.66566847025621,65.4001113064267,65.65650939941406,8323000
2023-09-11,65.74808392056572,66.27919124401116,65.74808392056572,66.22425079345703,8450700
2023-09-12,66.26088232116207,66.27919347652228,65.60156894700935,65.65650939941406,13300200
2023-09-13,65.76640143618488,66.02279954533452,65.62904331019058,65.85797119140625,7863700
2023-09-14,66.04113263999048,66.57224013504779,66.01365541951112,66.52645874023438,9356000
2023-09-15,66.38907999141865,66.6271669241103,65.92206519668763,65.97701263427734,10891600
2023-09-18,66.19365704278557,66.22131343309307,65.67737863358892,65.9539566040039,6841200
2023-09-19,65.84334812589799,65.91710321617931,65.46536559713311,65.79725646972656,7733500
2023-09-20,65.9816096970551,66.30427929063474,65.66816124434051,65.86176300048828,10841700
2023-09-21,65.80645263052413,65.88020770068707,65.00438910193182,65.01360321044922,11869900
2023-09-22,65.03206033243396,65.19800576132707,64.62641438765696,64.66329193115234,12243000
2023-09-25,64.46044905423777,64.59873804122562,64.13777944037952,64.43279266357422,9137600
2023-09-26,64.15621553697135,64.34060319994721,63.88886573457911,63.953399658203125,11541000
2023-09-27,63.86120505191422,64.06402797306127,63.09601907713729,63.42790985107422,14182700
2023-09-28,63.52009809474113,63.787454933549654,63.35415271319343,63.62150955200195,12094400
2023-09-29,63.82434060311992,63.925745039637995,63.09602505979352,63.437129974365234,11797500
2023-10-02,63.28963295686129,63.37260214937343,62.58897374084766,63.00383377075195,12642500
2023-10-03,62.819435068997244,63.142104670057414,62.50598660901587,62.55207824707031,15396200
2023-10-04,62.708803425344634,63.09601398614202,62.34925628820197,63.0499153137207,15125900
2023-10-05,62.93008010243864,63.00382814463995,61.77768341819803,61.80533981323242,15757300
2023-10-06,61.53798084240328,61.67626984653612,60.090570937644145,61.46422576904297,28723400
2023-10-09,61.23374735367139,61.547202903294085,60.800445083303245,61.51954650878906,15662900
2023-10-10,62.02658486731235,62.45066591323397,61.832983109413554,62.14643859863281,18809600
2023-10-11,62.423017801539665,62.53365040658191,61.44578774151356,61.72235870361328,18293200
2023-10-12,61.906749385440094,61.93440577962625,60.83732191910233,61.04936599731445,15185000
2023-10-13,61.159991585925106,61.67627006762704,61.049366009159016,61.58407974243164,15641000
2023-10-16,61.94363999515123,62.41381286288552,61.685504216707514,62.220211029052734,16172800
2023-10-17,61.9712812124196,62.607406391787684,61.9712812124196,62.487552642822266,13192200
2023-10-18,62.74568923054583,63.197433772100695,62.61662137115038,62.71803283691406,16617700
2023-10-19,62.67193944263864,62.92085401204705,62.2386371980475,62.25707244873047,18237000
2023-10-20,62.395353915199124,62.67193187775325,62.017364501953125,62.017364501953125,14730500
2023-10-23,61.94361682987243,62.34925560129759,61.72235164509164,61.897518157958984,13777300
2023-10-24,61.98972094191119,62.533655838529235,61.97128568963809,62.42302322387695,12055600
2023-10-25,62.321600042873385,62.911626476152406,62.15565466890929,62.63505554199219,11351100
2023-10-26,62.662721978274554,62.89320131052734,62.21098445648698,62.22941970825195,13662200
2023-10-27,62.118781869766444,62.36770346651013,61.19686461832851,61.38125228881836,17587700
2023-10-30,61.61173800992102,62.45067913847926,61.61173800992102,62.34005355834961,12224000
2023-10-31,62.39536441572761,62.62584374542021,62.08190886983678,62.561309814453125,8586400
2023-11-01,62.60741301386904,62.73648088512141,62.14645432120443,62.49678039550781,18709400
2023-11-02,62.71802562115757,63.4002423757112,62.47832518114197,63.30805206298828,21175900
2023-11-03,63.676837795157915,63.92575241108001,63.381824493408196,63.3818244934082,17201100
2023-11-06,63.40025817981404,63.75981244630035,63.35416652879808,63.48323440551758,14663200
2023-11-07,63.50166460389888,63.90731048910817,63.42791656140999,63.63995361328125,12567700
2023-11-08,63.75980532258965,63.85199564799315,63.21587044546836,63.39103698730469,10481700
2023-11-09,63.46478783211969,63.520107656743306,62.9853938986331,63.132904052734375,10336900
2023-11-10,63.28041090241888,63.639958132140556,62.939298926210654,63.57542419433594,9266200
2023-11-13,63.52010448075817,63.96262085359376,63.46478465890053,63.77824020385742,8540800
2023-11-14,64.10090190827142,64.64483671477825,64.07324551760786,64.43279266357422,13606200
2023-11-15,64.90298214470516,65.07814165641413,64.73703674215328,64.9490737915039,10618900
2023-11-16,64.27606337984135,64.55263429842817,64.01792770902584,64.1469955444336,16536300
2023-11-17,64.22997126045021,64.27606993508418,63.83354657307687,64.06402587890625,10761100
2023-11-20,63.79668670622209,64.12857756121483,63.75059505249498,64.01795196533203,11651300
2023-11-21,64.00871729434856,64.25763186615467,63.73213929574561,64.21154022216797,11681400
2023-11-22,64.34983855037845,64.70938578048407,64.34983855037845,64.6725082397461,8862100
2023-11-24,64.6817292034115,64.96752135124613,64.6817292034115,64.9122085571289,4500800
2023-11-27,64.84764515226534,64.96749887628587,64.69092093403614,64.72779846191406,11746800
2023-11-28,64.70937863727357,65.18877254660397,64.70015749468908,65.0228271484375,8562300
2023-11-29,65.08736388608521,65.08736388608521,64.41436815548278,64.4973373413086,9873800
2023-11-30,64.56186492875399,65.17954780809094,64.13778383098516,65.1426773071289,11803600
2023-12-01,65.0965780591725,65.43768997627754,64.9029762793033,65.41002655029297,13490300
2023-12-04,65.0504728820071,65.71425436589203,65.0504728820071,65.49299621582031,11386300
2023-12-05,65.3915902923395,65.54831453548474,64.8937541373455,64.97673034667969,11565900
2023-12-06,64.8292262673822,64.96751527340976,64.54343414628397,64.810791015625,11008700
2023-12-07,64.9951662489411,65.29940063010216,64.7646869360016,65.08735656738281,8460000
2023-12-08,64.96751856439198,65.02283135613652,64.54343741578401,64.63562774658203,8191300
2023-12-11,64.99516021728792,65.28095228803642,64.89374876631204,65.2532958984375,16192800
2023-12-12,65.3916074619811,65.46536254882812,65.09659414826521,65.46536254882812,8764500
2023-12-13,65.45612211927055,66.6730525590144,65.29017673959319,66.65461730957031,14052700
2023-12-14,66.70994103220991,66.81135250495954,65.63129940424163,65.6773910522461,16056700
2023-12-15,65.58520072256587,65.86177874527783,65.41925531567296,65.6773910522461,17434600
2023-12-18,65.9616387307844,66.6025792623551,65.82230136757592,66.36106872558594,11816000
2023-12-19,66.24030309659234,66.56542595700867,66.21243704272632,66.4911117553711,8283200
2023-12-20,66.05452028468807,66.20314159108268,65.1999282836914,65.1999282836914,16705400
2023-12-21,65.55291008333249,65.72011348238573,65.13490512919535,65.65509033203125,10971900
2023-12-22,65.82229333816707,66.27745538793145,65.75727018820072,66.15670013427734,7831800
2023-12-26,66.0173664242604,66.60257480619038,66.0173664242604,66.43537139892578,6915800
2023-12-27,66.45395417128576,66.74191284179688,66.36106496341046,66.74191284179688,7566700
2023-12-28,66.64902013542495,66.85338063421882,66.55613093242552,66.769775390625,6466000
2023-12-29,66.67688447790941,66.9462681205946,66.61186132877795,66.90911102294922,10412700
2024-01-02,66.66760011212897,67.77300084512166,66.66760011212897,67.66152954101562,12912000
2024-01-03,67.7822804649937,67.89374466331586,67.02986877835411,67.13204193115234,13979700
2024-01-04,67.08561746363559,67.49433852384493,66.89983194217999,67.03916931152344,10865000
2024-01-05,67.07632714253005,67.32713582746416,66.5004026502675,66.89054870605469,12802800
2024-01-08,66.89983064632656,67.41073196169205,66.86268062974803,67.38286590576172,9409000
2024-01-09,67.13205356519535,67.55935668945312,66.89054303564917,67.55935668945312,7838600
2024-01-10,67.50361922249922,67.81016000284237,67.21566053690015,67.4200210571289,11113300
2024-01-11,67.34569767643566,67.44787792262821,66.95555878387776,67.41072082519531,9507800
2024-01-12,67.64294939542553,67.79157778960989,67.3921478389793,67.62437438964844,7712800
2024-01-16,67.63365545877387,67.6708125557321,66.98342397948416,67.2528076171875,11566900
2024-01-17,67.09489565875298,67.43858640537067,66.95555831610099,67.20635986328125,9641400
2024-01-18,67.03916696332207,67.16921328028933,66.6118709094307,67.12277221679688,10548800
2024-01-19,67.17849779005857,67.1970727962493,66.58399837406627,66.92769622802734,11309600
2024-01-22,66.63972667733157,66.88124426598306,66.47252328318694,66.60256958007812,15078600
2024-01-23,66.95555405880594,67.42929107191235,66.936971967905,67.32711791992188,13859600
2024-01-24,67.27138291867108,67.30854001579307,66.48181409405592,66.5003890991211,12290500
2024-01-25,66.77907688321834,67.14134979248047,66.5004021436353,67.14134979248047,12160900
2024-01-26,67.27139171149703,67.56864144033382,67.27139171149703,67.46646118164062,7432800
2024-01-29,67.65223741103829,67.88446395130383,67.41071982480446,67.85659790039062,9321900
2024-01-30,67.75441395749053,68.2745991114549,67.5128963844394,68.23744201660156,11058900
2024-01-31,68.2188750467388,68.41394450244859,67.65224168572811,67.73583984375,17220600
2024-02-01,67.76370195532682,69.11991119384766,67.55005750592386,69.11991119384766,20588700
2024-02-02,68.91555474937087,69.18493840368704,68.56256584999488,68.89697265625,23158000
2024-02-05,68.91555891710186,68.9619999787285,68.45110577888065,68.46968078613281,14564700
2024-02-06,68.46966640240788,68.6647358290426,68.24673092725263,68.62757873535156,11224200
2024-02-07,68.91554990974342,68.95270700638372,68.4975378877836,68.56256103515625,7544100
2024-02-08,68.45109426485162,68.81336708476755,68.24673378449059,68.54398345947266,16287600
2024-02-09,68.36750034672288,68.36750034672288,67.81015799973994,67.91233825683594,20698800
2024-02-12,67.98664135000537,68.4046462701887,67.62436852931546,68.39535522460938,13422900
2024-02-13,68.34892528584749,68.5439947527887,67.25281559994507,67.66152954101562,21640600
2024-02-14,67.60580835536912,67.64296546274119,67.21566935845284,67.531494140625,15191300
2024-02-15,67.8008675695712,68.06096019473034,67.72656045309179,67.96807098388672,14235700
2024-02-16,67.90304804998063,68.38608328713744,67.61508936932456,68.07025146484375,15568300
2024-02-20,68.5532806512796,69.17564610673004,68.44180935554546,68.78550720214844,15388700
2024-02-21,68.91555303426202,69.14777958354907,68.71119253697073,69.03630828857422,13776600
2024-02-22,68.7297619762058,69.32426132727271,68.45109439182576,69.24995422363281,11744900
2024-02-23,69.28711333389938,69.81659669645903,69.16635807350409,69.46360778808594,12548300
2024-02-26,69.48217856019069,69.50075356376632,69.08274865689928,69.18492889404297,11806000
2024-02-27,69.1199220072068,69.2313862288578,68.99915965109457,69.19422912597656,8294300
2024-02-28,69.14778416639555,69.33356258334112,68.97128970940263,69.26853942871094,6768700
2024-02-29,69.48218919698458,69.58436944977069,69.0270200393038,69.15706634521484,14083400
2024-03-01,68.97128187662206,69.24066551149498,68.68332323696099,69.16635131835938,15512500
2024-03-04,68.89698349336561,69.27783850533723,68.87840848431503,69.22209930419922,15912700
2024-03-05,69.51934379984893,69.87233272804971,69.24996721052769,69.38929748535156,15708400
2024-03-06,69.7144175742642,70.09526545522648,69.64939441961249,69.9745101928711,11816200
2024-03-07,70.26246059548606,70.43895503176417,70.09525720506245,70.37393188476562,9174900
2024-03-08,69.90018750687722,70.0302338003958,69.56578072726042,69.81658935546875,13301600
2024-03-11,69.97449799274173,70.29961370931606,69.77013751746898,70.19743347167969,9316500
2024-03-12,70.35535476969038,70.77336681881351,70.26246556554923,70.5597152709961,10454900
2024-03-13,70.55042817839563,70.78265474525934,70.43896396197619,70.73621368408203,9739500
2024-03-14,70.68977405262295,70.8569774843892,69.95593716248183,70.18816375732422,14086100
2024-03-15,69.85375279103545,70.23460778596477,69.74228856773347,70.16029357910156,14248300
2024-03-18,70.07793853181926,70.81717789688271,70.07793853181926,70.61131286621094,10229000
2024-03-19,70.70488715421432,70.91075218844148,70.66745649897597,70.87332153320312,10245900
2024-03-20,70.97625478605063,71.11661795985755,70.71424733583376,71.08854675292969,10986100
2024-03-21,71.1259765625,71.36926511242595,70.82653846021864,71.1259765625,8936100
2024-03-22,71.12598287545177,71.2382677117937,70.76104287900426,70.77975463867188,10942300
2024-03-25,70.77975756401311,70.94819196465556,70.43352931292353,70.583251953125,11003700
2024-03-26,70.66746473281854,70.8265468209089,70.5645393428801,70.62068176269531,7964400
2024-03-27,70.97626539327499,71.35992431640625,70.97626539327499,71.35992431640625,9848100
2024-03-28,71.57515077975671,71.68744277767115,71.35993337438265,71.45350646972656,9172700
2024-04-01,71.444128364937,71.5470608846913,70.88268280029297,70.88268280029297,13205200
2024-04-02,70.88268596193443,70.98561848627992,70.40545399807515,70.51774597167969,16269200
2024-04-03,70.48968017428756,70.48968017428756,69.62879639473677,69.74108123779297,16094700
2024-04-04,70.04987080562755,70.17151508471878,69.34806206029131,69.44163513183594,18289500
2024-04-05,69.38549779317088,69.76914955632313,69.23577515641121,69.5539321899414,11148900
2024-04-08,69.43226987328796,69.70363675547854,69.38548691101401,69.45098876953125,10040700
2024-04-09,69.65686095455577,69.80657644405848,69.26384262387941,69.7878646850586,12629600
2024-04-10,69.24513098616421,69.64750162746135,69.02990649186525,69.53520965576172,15018400
2024-04-11,69.87206330843385,69.89078220258284,69.15154294535725,69.36676025390625,10551900
2024-04-12,69.08605228512134,69.2638389733376,68.59010859733245,68.66496276855469,14605900
2024-04-15,69.08604787374139,69.26383455060537,68.28130668635592,68.38423919677734,12119600
2024-04-16,68.52461497713708,68.61818805679474,68.24388859899574,68.41232299804688,12737600
2024-04-17,68.81468538933416,68.90825845773759,68.33745345955894,68.66496276855469,12731500
2024-04-18,68.88955070545244,69.14219871874919,68.74918752510185,68.98312377929688,11964200
2024-04-19,68.95504404634548,69.69428337491188,68.83339264013601,69.65685272216797,15843100
2024-04-22,69.79722119343253,70.50838944406043,69.48843074676878,70.32124328613281,12181600
2024-04-23,70.43352520668428,70.58324783815699,70.19958894938416,70.51774597167969,12821100
2024-04-24,70.03116623785007,71.13534584202037,69.70365685084388,71.05113220214844,15011000
2024-04-25,71.20083266922977,71.55642033353288,70.62067534607027,70.88268280029297,14352600
2024-04-26,70.63003817649731,71.11662245204049,70.5832480692169,70.73296356201172,13488200
2024-04-29,70.75168499209734,70.98562125853354,70.536460485742,70.95755004882812,9244000
2024-04-30,70.88267125514959,70.90138301061735,70.48030069051079,70.64873504638672,12517400
2024-05-01,70.44288830950988,70.7142552387528,69.90951390076853,70.19959259033203,24867400
2024-05-02,70.43352061936284,71.04175627656247,70.16216086103617,70.78910827636719,22820400
2024-05-03,70.81717972806788,71.14468904025651,70.4148091047597,71.00432586669922,18088200
2024-05-06,71.1634147326411,71.24762836131605,70.58325022481898,71.04176330566406,12508400
2024-05-07,71.34120367400209,71.8558663292515,71.34120367400209,71.81843566894531,14641800
2024-05-08,71.80906785795399,71.9494310329668,71.50962974953822,71.60320281982422,12686000
2024-05-09,71.66870145135624,72.22079467773438,71.62191848790654,72.22079467773438,12851900
2024-05-10,72.21144825976101,72.71675147470289,72.14594638777791,72.63253784179688,10774900
2024-05-13,72.77289501532074,72.98811953467003,72.30502245420107,72.42667388916016,11755400
2024-05-14,72.49215039751917,72.61379465074685,71.93070494845618,72.28628540039062,10117600
2024-05-15,72.0991554846103,72.44537656736262,72.0991554846103,72.33309173583984,18143000
2024-05-16,72.98810447015364,73.5589094480408,72.829029545606,73.3624038696289,17360400
2024-05-17,73.27819680081666,73.34369867252197,72.99747755315185,73.18462371826172,11265700
2024-05-20,73.16589738531674,73.16589738531674,72.59509241449699,72.67930603027344,9226400
2024-05-21,72.87584302766565,73.1378577144425,72.7261274886777,73.10977935791016,6595200
2024-05-22,72.61381420768014,73.06297497140183,72.48281047225467,72.8196792602539,9395100
2024-05-23,72.5950928439861,72.71673711388301,71.92135535711994,71.95878601074219,10751300
2024-05-24,72.21145219293363,72.42667672069717,72.10851965432964,72.14595031738281,6943200
2024-05-28,71.91201254482885,72.1085181674293,71.32249567702753,71.58450317382812,8840700
2024-05-29,71.20082793715471,71.45348306491182,71.04175301325859,71.06982421875,10402400
2024-05-30,71.27569265416307,71.45348648300333,71.0885465158231,71.2569808959961,7404400
2024-05-31,71.19147286671125,72.40793693888017,70.86396358340295,72.3705062866211,11873900
2024-06-03,72.13658032640765,72.68867360181031,71.92136296926014,72.34244537353516,12223400
2024-06-04,72.35180336955688,73.09104277886368,72.23015908922835,72.96939849853516,9097500
2024-06-05,72.8758274954997,72.97876003000269,72.23016821627125,72.8103256225586,9095100
2024-06-06,72.76353755702723,73.29691195340617,72.61381492125929,73.03490447998047,9759400
2024-06-07,73.01618110240584,73.22204614437572,72.59509870868038,72.66996002197266,7490500
2024-06-10,72.78224970416821,72.80096860332291,72.14594277710526,72.61381530761719,10033800
2024-06-11,72.51088362857517,72.57638549804688,71.9775092231147,72.57638549804688,8583700
2024-06-12,72.7167509606144,72.75418162136421,71.60321200560557,71.781005859375,14172800
2024-06-13,71.7529284713183,71.94007461978714,71.45349035026737,71.87457275390625,8723500
2024-06-14,71.66871589971034,72.00558471679688,71.48156972984836,72.00558471679688,7246400
2024-06-17,71.73421059884366,72.81967101796073,71.58448798149381,72.68866729736328,8762000
2024-06-18,72.57636918007893,72.87580725021978,72.47343667417113,72.78223419189453,6567100
2024-06-20,72.65124015262981,72.99746836760129,72.43602280375195,72.6231689453125,9316300
2024-06-21,72.77287909419186,73.14717848903275,72.6231636197558,72.67930603027344,11594000
2024-06-24,72.85090272743788,73.54858708802213,72.70005691505968,73.45430755615234,9722600
2024-06-25,73.18088405113066,73.28459368301476,72.70004913903766,72.98289489746094,10705700
2024-06-26,72.47378901801144,73.0111902948035,72.32293600336992,72.8320541381836,8405200
2024-06-27,72.81319569568085,72.8791920864141,72.21922098601456,72.52091979980469,4592300
2024-06-28,72.51149972554684,72.59634914850261,72.01180452689351,72.20037078857422,8396900
2024-07-01,72.57748939787565,72.85089786412591,71.63467975598262,71.69124603271484,9275300
2024-07-02,71.77610985882367,72.20037859869909,71.54983751339769,72.19094848632812,8233400
2024-07-03,72.0683822631836,72.32293774016964,71.87981599035336,72.0683822631836,5600600
2024-07-05,72.0683840329997,73.00176372896036,71.96467437866319,72.95462036132812,7202900
2024-07-08,73.01119011434265,73.09603954006805,72.64349488339732,72.84148406982422,4486800
2024-07-09,72.84148221763085,73.00175814641514,72.62463281340055,72.65291595458984,5635700
2024-07-10,72.78491394808127,73.0017633678216,72.60578497671452,72.97348022460938,7249100
2024-07-11,72.86976402048478,73.00175680565557,72.49263869439653,72.70005798339844,11414600
2024-07-12,73.0866110209371,73.40717008670904,72.77548926009712,73.02061462402344,10028200
2024-07-15,72.97346929765862,73.16202835288419,72.53977771618634,72.59634399414062,8481200
2024-07-16,72.62463516477297,73.30345934756407,72.52092551500947,73.29402923583984,7987300
2024-07-17,73.40716174200054,74.37825455465403,73.38830152041616,74.23683166503906,18297900
2024-07-18,73.96342015902674,74.62339128334871,73.85971051367711,73.869140625,14877200
2024-07-19,74.05769930898728,74.15197883336792,73.51086799728628,73.6240005493164,11816500
2024-07-22,73.7937128803878,73.85028635430699,73.32230802510904,73.67115020751953,9408200
2024-07-23,73.74657760269517,73.87857038832435,73.34116913452915,73.40716552734375,6937900
2024-07-24,73.14318208045427,73.47316405411121,72.86033627842401,73.34117126464844,10620400
2024-07-25,73.59572923542648,74.36883296846358,73.25631713867188,73.25631713867188,15686200
2024-07-26,73.54857695315413,74.08597812313285,73.36944083213913,74.0011215209961,10271900
2024-07-29,73.85971290135129,74.18970207071358,73.48259475305315,74.0294189453125,9115000
2024-07-30,73.14317589693654,73.65229398170968,72.82261686886444,73.52972412109375,11818400
2024-07-31,73.52972073854072,73.859702669121,73.07717614604962,73.3977279663086,10474100
2024-08-01,73.53915971011602,74.23683690356336,73.31288738660533,74.0765609741211,16535000
2024-08-02,74.64225518827145,75.18908663559401,73.35061027847142,74.72711181640625,24086900
2024-08-05,74.59511249501185,74.8119547166192,73.01119177451294,73.25631713867188,29057400
2024-08-06,73.614573215003,74.56680570509823,73.52971661300535,73.76541900634766,15801400
2024-08-07,74.07656089418663,74.85909470377324,73.79371509530287,73.84085845947266,14182300
2024-08-08,73.63344054497117,74.63282377815982,73.55801403811398,74.51025390625,13889800
2024-08-09,74.35940462909244,74.75538298208464,74.03884558638403,74.6233901977539,10319800
2024-08-12,74.58567365370986,74.64223993219258,74.05770253969268,74.24626159667969,9735300
2024-08-13,74.24627361799561,74.60453876150491,73.86914824989375,74.58568572998047,7513900
2024-08-14,74.52911622197591,75.15136693834896,74.40654634662482,74.92509460449219,7264000
2024-08-15,75.98102736508324,76.188446642043,75.47191647644894,75.69818878173828,7745200
2024-08-16,75.62276335045235,75.97160552054541,75.50020068191169,75.90560913085938,6976700
2024-08-19,75.99045785132212,76.33930001821177,75.96217471215454,76.16016387939453,7330000
2024-08-20,76.14132171886405,76.53730010986328,76.01875184088718,76.53730010986328,6931200
2024-08-21,77.1784098509517,77.58381834767108,76.8389977516951,77.05584716796875,7960700
2024-08-22,77.26325510512397,77.26325510512397,76.61272127758346,76.94270324707031,7632600
2024-08-23,77.07468885325274,77.17839849015199,76.6787105267647,77.15953826904297,6505100
2024-08-26,77.24440037495809,77.86665104756902,77.23497026373249,77.70637512207031,7270700
2024-08-27,77.81950910983034,78.03635130047637,77.60265972611755,77.89493560791016,5674600
2024-08-28,77.91380653338483,78.0175161938009,77.27269553857103,77.5649642944336,6666800
2024-08-29,77.47068213713084,77.47068213713084,77.01813744607578,77.17841339111328,6343700
2024-08-30,77.32926249081947,77.85724091011421,77.1218503612795,77.79124450683594,8884800
2024-09-03,77.81009489280552,78.6020588982768,77.71581534748158,78.33806610107422,15503700
2024-09-04,78.1966466185639,78.76233105636784,78.12122010870527,78.70576477050781,19276700
2024-09-05,78.72461221833352,78.8471748933608,78.00807481162875,78.40406036376953,12775800
2024-09-06,78.39461977352248,78.7340318053787,78.1494872631671,78.24376678466797,12616500
2024-09-09,78.25320805422517,78.99802860851179,78.12121526668754,78.84717559814453,10061000
2024-09-10,78.7340590688995,79.19603391936987,78.62091928808131,78.82833862304688,14002500
2024-09-11,78.54546296140116,78.60203642687642,77.38581121861779,78.0929183959961,14556400
2024-09-12,78.11178622362786,78.65861760408718,77.84780064494198,78.57376098632812,8659100
2024-09-13,78.63031697811628,79.19600126280886,78.46061097340191,79.1300048828125,5953700
2024-09-16,79.33743720877435,79.69570230308076,79.07345164527834,79.44114685058594,7794600
2024-09-17,79.1677245664132,79.39399686008025,78.59261012549844,78.6868896484375,8404900
2024-09-18,78.6303330447341,79.06402465805061,78.06464864445464,78.38520050048828,12935600
2024-09-19,78.59262714100595,78.60205725326145,77.80066315210921,77.92323303222656,14934200
2024-09-20,77.84779456562852,78.35691265322201,77.7158017865932,78.30034637451172,12719100
2024-09-23,78.13827920017002,79.01027182098281,78.08140508573972,78.75435638427734,11985900
2024-09-24,78.6500963673356,78.93443799090895,78.37522773597715,78.56478881835938,8985100
2024-09-25,78.8396554697794,78.91548279334471,78.25200455908563,78.3657455444336,6100900
2024-09-26,78.2235672792677,78.90599869526034,78.2235672792677,78.54582977294922,8565600
2024-09-27,78.65009710823894,79.14296026585068,78.55530933486314,78.68800354003906,6432600
2024-09-30,78.97235420440656,79.1240088602441,78.36575004364033,78.66905212402344,8468900
2024-10-01,78.69748549155305,78.80174625952216,78.16670865919538,78.4036636352539,15725800
2024-10-02,78.19514535336647,78.20462557756508,77.58854116791646,77.74018859863281,10788300
2024-10-03,77.42740383985463,77.54113759085985,76.83027272191163,76.96296691894531,11507900
2024-10-04,76.83975033621448,77.31366023275739,76.72600935777938,77.21887969970703,12463000
2024-10-07,77.24732186130733,77.24732186130733,76.35636884116349,76.45115661621094,9270800
2024-10-08,76.47959535931108,76.92507190027239,76.27107380981494,76.83028411865234,8218300
2024-10-09,76.896626026825,77.40844964153244,76.77341204286083,77.29471588134766,9276300
2024-10-10,77.27574646913261,77.43687409823016,76.76392291380114,76.9534912109375,9122600
2024-10-11,77.21889248560734,77.45584747311379,76.87767672509467,77.38002014160156,8741500
2024-10-14,77.34210644456627,77.73071609494,77.218892454378,77.69280242919922,6263000
2024-10-15,77.79705891823514,78.84913958290838,77.79705891823514,78.18566131591797,11287700
2024-10-16,77.92027028164756,78.23305257279925,77.74018219317387,78.12879180908203,7720300
2024-10-17,78.23306347007232,78.33732424831229,77.56958513297319,77.77810668945312,7716400
2024-10-18,77.60749183355722,77.97714102093516,77.38001707931512,77.9487075805664,8314200
2024-10-21,77.92027325623988,78.09088112780903,77.21888855369649,77.29471588134766,8704600
2024-10-22,77.18097560698419,77.82549343542361,77.10514827862848,77.730712890625,8912400
2024-10-23,77.34209320987513,77.69278913449739,77.19044580415408,77.57904815673828,6926500
2024-10-24,77.56010002720319,77.72122766612299,77.24731774132955,77.47479248046875,6211500
2024-10-25,77.47480198468931,77.59802320827836,76.7639370102938,76.83028411865234,6546900
2024-10-28,77.13357789765205,77.30418576235425,76.93453659404808,76.97245025634766,5714200
2024-10-29,76.61227784063824,76.81131913522495,76.16680136791457,76.21419525146484,9459900
2024-10-30,76.10994097733726,76.33741572891869,75.87298600197978,76.09098052978516,8504800
2024-10-31,75.90142501748478,76.38480799619154,75.78768401769305,75.93933868408203,10905300
2024-11-01,76.1857603337938,76.2426344446058,75.87298526514132,75.96776580810547,7916100
2024-11-04,76.08148939905662,76.40375187961544,75.96775565521664,76.17627716064453,6958900
2024-11-05,75.98670917089302,76.65966033935547,75.8445347592368,76.65966033935547,5304800
2024-11-06,76.85870969001198,76.97245067753306,75.2189853665105,75.4085464477539,18487700
2024-11-07,75.56967689496351,76.11940689088729,75.51280278888834,75.68341064453125,17598100
2024-11-08,75.69289983056404,76.7923671838958,75.68341960654703,76.6028060913086,11530300
2024-11-11,76.4985528997249,77.19993768933453,76.28055834478204,76.3374252319336,9273800
2024-11-12,76.62174789094979,76.72600864572493,76.29001241270664,76.4227066040039,13518000
2024-11-13,76.43219812575434,76.72601998830733,76.20472336865824,76.65019989013672,6781600
2024-11-14,76.46062469482422,76.90610117626692,76.40375781848395,76.46062469482422,7572200
2024-11-15,76.39427038212588,76.45114448438754,75.74975266305661,75.78766632080078,11359100
2024-11-18,75.95828958239139,76.46063299470424,75.87298925862156,76.3184585571289,8747600
2024-11-19,76.51749436746573,76.6691417726807,75.95827693446351,76.4227066040039,8020800
2024-11-20,75.73080135526088,76.03410339355469,75.38010543577171,76.03410339355469,7687200
2024-11-21,76.11942044309106,76.94402643072547,75.91089889003689,76.85871887207031,8185800
2024-11-22,77.2852232332924,77.63591914383265,77.19044270461123,77.56956481933594,7703800
2024-11-25,78.08140170040312,78.31835667826081,77.75914640153684,77.99610137939453,8243100
2024-11-26,77.94871017531722,78.39418670603553,77.85392962716897,78.318359375,6973600
2024-11-27,78.66904563096472,78.89652036465411,78.33731013781532,78.47948455810547,7067800
2024-11-29,78.46053563625661,78.95340606814928,78.35627486148286,78.87757873535156,4982600
2024-12-02,78.8017443535531,78.87757167956788,78.21409342387626,78.78279113769531,10750100
2024-12-03,78.71643695753599,78.77330383128803,78.23304683677013,78.3752212524414,11053200
2024-12-04,78.16670678607692,78.27096755154763,77.76862417134797,78.1572265625,10100900
2024-12-05,78.24253410331978,78.6216562708523,78.0340125724018,78.47000885009766,12639000
2024-12-06,78.48896084215929,78.94391755991319,78.0813980102539,78.0813980102539,7180600
2024-12-09,78.19514590556136,78.55531488343688,77.74966937188049,77.95819091796875,11614000
2024-12-10,77.901311437436,78.51738852051626,77.58852916888402,78.32782745361328,8497200
2024-12-11,78.45105081612809,78.77331334599383,77.69279922644715,77.730712890625,9046100
2024-12-12,78.2235793470657,78.30888690287107,77.83497692768584,77.95819091796875,5410800
2024-12-13,77.80653430159647,78.2140971592758,77.37053800312661,77.75914764404297,8154300
2024-12-16,77.78757401764763,78.17618362325788,77.33261731245653,77.35157775878906,6495000
2024-12-17,77.19044626292104,77.6169622772932,77.08618550717831,77.21887969970703,8535900
2024-12-18,76.9250671635766,77.18097535683263,76.02463391267807,76.04359436035156,17223000
2024-12-19,75.97725165599842,76.35637385591944,75.50334167480469,75.50334167480469,15778400
2024-12-20,75.46542046578246,76.20471880554499,75.20950505199283,75.76872253417969,11035400
2024-12-23,75.49368592162178,75.66558833756272,74.64372600006982,75.3695297241211,11469000
2024-12-24,75.30267393048003,75.9138808586605,75.19762205662138,75.86613464355469,3932600
2024-12-26,75.7228827576442,76.15263513196115,75.65603222639132,76.10488891601562,4253700
2024-12-27,75.75154179481281,76.13354800285849,75.45549044450453,75.7324447631836,6601700
2024-12-30,75.4077298856318,75.45548338948349,74.60552348128759,74.84427642822266,7249300
2024-12-31,74.99707600552463,75.31223165037733,74.64372630023087,75.07347869873047,6125500
2025-01-02,75.23582747239207,75.57963229887152,74.59597132328491,74.84427642822266,9321800
2025-01-03,74.9875156893318,75.1594180872625,74.53866630944265,74.80606842041016,6991300
2025-01-06,74.89202140113403,74.91112571682187,73.937009629267,74.02296447753906,9275700
2025-01-07,74.21395521772352,74.6437148363821,73.66004670629374,73.76509857177734,11112800
2025-01-08,73.68871486220793,73.97521403392001,73.22075382860298,73.89881134033203,9277400
2025-01-10,73.43084556737085,73.8510530271269,72.81008653441141,72.90558624267578,13943200
2025-01-13,72.96289648067614,73.21120156669257,72.63818870878372,73.02974700927734,9490900
2025-01-14,73.11569391179188,73.20164875417326,72.70503858658569,73.04884338378906,7763700
2025-01-15,73.44996068047281,73.67916147124009,72.68594832969954,72.80055236816406,11426800
2025-01-16,72.65729244349991,73.4212974376794,72.3994352022665,73.34490203857422,11223400
2025-01-17,73.47859944549901,73.91790393472104,73.39264460730301,73.76509857177734,10524800
2025-01-21,73.90835801576425,74.39541604355341,73.83195532784413,74.1089096069336,8849500
2025-01-22,74.44315663492519,74.44315663492519,73.6791516719262,73.74600219726562,8357500
2025-01-23,73.64095846666623,74.04206166301644,73.34490714833561,74.01341247558594,7562500
2025-01-24,73.98476850598416,74.42407307861116,73.94656715799545,74.39542388916016,6685300
2025-01-27,75.14987672834077,76.55374516268995,75.14032457074237,76.41049194335938,17519900
2025-01-28,76.17173224358554,76.49643271148886,75.0639152176926,75.21672058105469,11664900
2025-01-29,75.3313123212998,75.73242273044254,75.26446180080272,75.39816284179688,10195100
2025-01-30,75.77062042020526,76.30543189601751,75.6178223458022,76.14308166503906,8192000
2025-01-31,75.474572689851,75.99027987675572,75.3790729780896,75.42682647705078,10269000
2025-02-03,74.88247738599809,75.87568322827842,74.71057497364924,75.72288513183594,13340800
2025-02-04,75.4650219253837,75.54142461066706,74.7774196163167,75.08302307128906,9307500
2025-02-05,75.07347374248835,75.57007664321759,74.67237055888073,75.55097961425781,8847800
2025-02-06,76.54419128505197,76.56328831365826,75.65603008855409,75.89478302001953,9846300
2025-02-07,75.91389059145615,76.09534517614168,75.56054086695771,75.78018951416016,8104000
2025-02-10,75.98072108489924,76.25767532513562,75.50321528162831,76.24812316894531,7949600
2025-02-11,76.36273852595104,77.00259464868545,76.08578424458211,76.9834976196289,9157100
2025-02-12,76.32453878940426,77.02170058631636,76.27679257267647,76.92620086669922,10564000
2025-02-13,77.12675320547734,77.82390772293246,76.91664944860212,77.7570571899414,10132300
2025-02-14,77.71885345996881,77.76660696185226,76.96439330441096,76.9834976196289,10470300
2025-02-18,76.735200469449,77.27955693093602,76.30544805265055,77.26045989990234,10432400
2025-02-19,77.44189851483799,77.90985951356839,77.25089908126405,77.88121032714844,6450800
2025-02-20,76.93575145924522,77.57561492919922,76.81160254312745,77.57561492919922,14264000
2025-02-21,77.5755986082953,78.54970727374292,77.33684569864866,78.48285675048828,18203300
2025-02-24,78.16771009001319,79.08452049344237,78.1295087457668,78.72161865234375,14114200
2025-02-25,78.9699096234747,80.10636844536866,78.9699096234747,79.8389663696289,18198000
2025-02-26,79.53338041261304,79.60978310421058,78.16771326649426,78.31096649169922,19969500
2025-02-27,77.9671618210429,78.72162200820823,77.9480647911863,78.3014144897461,16613700
2025-02-28,78.96993030872994,79.39013055803322,78.44467088939832,79.3423843383789,15163900
2025-03-03,78.96037447160852,80.04908732080781,78.96037447160852,79.76258087158203,18918900
2025-03-04,79.60978047439197,80.35468847745652,78.35871740699693,78.40646362304688,21845600
2025-03-05,78.25365719828098,79.02721430583617,78.12950102021658,78.73116302490234,13772700
2025-03-06,78.4351156173601,79.07497905355302,78.25366833201738,78.87442016601562,13729400
2025-03-07,78.36826608684167,79.6766348777033,78.34916905672596,79.13227844238281,19631100
2025-03-10,79.25641658201998,80.55523303822429,78.65476185195978,78.96036529541016,27412700
2025-03-11,78.79801495231554,78.8648654777865,77.74750357227452,77.80480194091797,27913700
2025-03-12,77.05034028293444,77.33684669265709,76.03803026459289,76.11442565917969,22000500
2025-03-13,76.20994220822104,76.51554568336607,75.61783228743182,75.7610855102539,18077400
2025-03-14,75.58917859860344,75.99983392695184,75.33132135564732,75.9329833984375,10251300
2025-03-17,76.06667808268472,77.2699947812914,75.99982755977105,77.04078674316406,12470000
2025-03-18,76.98348863014286,77.0789883365967,76.11442454324357,76.16217803955078,9461100
2025-03-19,75.99027565346964,76.23858071917807,75.5796203581736,76.16217803955078,12042700
2025-03-20,76.04758385611052,76.32453814096036,75.67512985245492,75.78973388671875,10954500
2025-03-21,75.7324363229218,75.95208494990896,75.43637771944641,75.7610855102539,11926200
2025-03-24,75.8743626840426,76.30639875971609,75.80715804890528,76.2295913696289,9586600
2025-03-25,76.09518797087843,76.1911935535173,75.2983277179387,75.53834533691406,12703200
2025-03-26,75.70155593888897,76.88244585305289,75.70155593888897,76.70963287353516,11491900
2025-03-27,76.93043434113396,77.73689724225139,76.87283246418109,77.58328247070312,9253000
2025-03-28,77.68889515747203,77.86170812279018,76.91124047591832,77.19926452636719,12493200
2025-03-31,77.31447109383005,78.6489684148339,77.31447109383005,78.40895080566406,14299100
2025-04-01,78.59136693039798,78.73537896158012,78.07292801299594,78.52416229248047,11201000
2025-04-02,78.56256549823259,78.7833775965435,77.93851825017994,78.29374694824219,9219000
2025-04-03,78.48575643980178,79.51303149103892,78.10172680878428,78.7449722290039,20746100
2025-04-04,78.32254001455169,78.76417149152662,75.32711791992188,75.32711791992188,35619500
2025-04-07,73.54138944002389,76.21038391709472,73.11896345482396,74.45346069335938,45133500
2025-04-08,75.56713529308375,75.81675563145947,72.59091871543072,73.3013687133789,26842500
2025-04-09,72.93654923685938,76.74802988516159,72.80213996725098,76.14318084716797,39358900
2025-04-10,76.13359571713934,76.94965420009656,74.8567001583525,76.18159484863281,25968000
2025-04-11,76.46960861996557,77.63129292188083,75.75915857680165,77.14165496826172,19009500
2025-04-14,77.4680911404757,78.77378760901063,77.12246517381902,78.45696258544922,12388100
2025-04-15,78.57217233888557,78.66818525618737,77.74651838319613,77.79451751708984,8920200
2025-04-16,78.12092803407641,78.23613178973365,76.63281604228891,76.95924377441406,13657300
2025-04-17,77.29527105860254,78.97539428259239,77.18005997204537,78.60096740722656,13663600
2025-04-21,78.66818529472273,78.75458813062805,76.99765721964793,77.85211944580078,13804400
2025-04-22,78.1497363518337,79.4074263015458,78.01532707437238,78.95619201660156,11258800
2025-04-23,79.09059499279724,79.40741997503824,77.89050702196528,78.50495147705078,17717300
2025-04-24,77.97691564725153,78.08252397260999,77.45847677497063,77.81370544433594,12480700
2025-04-25,77.9577246731422,78.18814687584317,76.80564295866499,77.61209869384766,14378000
2025-04-28,77.67930251305836,77.97692200437461,76.94004417528063,77.35287475585938,12088900
2025-04-29,77.02645081555275,78.05372584256932,76.60401749891781,77.9961166381836,10065700
2025-04-30,78.42815938413847,78.86979092331556,77.44888339855568,78.56256866455078,10565800
2025-05-01,78.04413063472765,78.29375101185578,77.60249909042807,77.88092041015625,13203000
2025-05-02,78.32254260644679,78.59136113830523,77.96731393234492,78.30333709716797,14859700
2025-05-05,78.32254753782074,78.4185531159927,77.76570492976491,78.23613739013672,10236300
2025-05-06,78.08253216039935,78.37054890314224,77.73690620930284,78.10173034667969,10506300
2025-05-07,78.17853316179321,78.58176097286687,77.91931737603325,78.2265396118164,10474900
2025-05-08,78.3129470421544,78.67777117963658,77.83291181268802,78.13053131103516,11018500
2025-05-09,77.79450979999606,78.09212930478813,77.59289587822501,77.67930603027344,9231500
2025-05-12,77.73691562651452,77.98653602693626,77.12247104452035,77.79451751708984,18914800
2025-05-13,77.53529677422365,77.65050054807814,76.46961791752922,76.74803924560547,13148500
2025-05-14,76.61362639324074,76.71923473086244,76.19119304275391,76.335205078125,10352000
2025-05-15,76.4024158868207,77.94813005344334,76.09519360477654,77.9001235961914,13370000
2025-05-16,77.97692556565565,78.79298400878906,77.86171447113136,78.79298400878906,11973300
2025-05-19,78.58176022171328,79.08100092806114,78.3513453782674,79.02339172363281,13601400
2025-05-20,78.9849862377361,79.53222605648233,78.9849862377361,79.30181121826172,12719300
2025-05-21,78.91779462349508,79.04260848021954,78.25535093873553,78.38015747070312,10989100
2025-05-22,78.31294198055423,78.47615219008253,77.73690120737709,78.05372619628906,11871600
2025-05-23,78.01533064550105,78.50496132519869,77.53529539694968,78.34175109863281,10693100
2025-05-27,78.62977428429161,79.10020677159515,78.45696130378631,79.05220031738281,14433600
2025-05-28,79.0233930296311,79.28261614195317,78.42815406382888,78.51455688476562,9963800
2025-05-29,78.54336629715735,78.87939683639529,78.14974119583842,78.83139038085938,13321300
2025-05-30,78.69698279822781,79.86827002098853,78.69698279822781,79.52264404296875,17778900
2025-06-02,79.2922116367322,79.58023568960085,78.78337549145274,79.57063293457031,15827900
2025-06-03,79.43622624192128,79.61864196964362,78.93699283546563,79.49383544921875,13265600
2025-06-04,79.5130372860921,79.53223547290197,78.86979181899157,78.93699645996094,10804100
2025-06-05,78.77376639037709,78.8793747031174,77.96730357715612,78.17852020263672,16474500
2025-06-06,78.54336539344366,78.67777467768964,78.17854123974122,78.42816162109375,10948900
2025-06-09,78.3033424020177,78.56256552155406,77.94812102860614,78.32254791259766,13027300
2025-06-10,78.33214378629657,78.67776973112969,78.19773451050105,78.495361328125,12364900
2025-06-11,78.44735170250898,78.44735170250898,77.96731650130057,78.2265396118164,11204000
2025-06-12,78.19773991984377,78.70658344170464,77.85211395110193,78.6873779296875,10709900
2025-06-13,78.44734768682848,78.87938374065388,77.54487921083168,77.727294921875,15635100
2025-06-16,77.9193191999715,78.58176281231161,77.73690347532042,77.97692108154297,12728200
2025-06-17,77.75610756318544,77.88092141573932,77.28567507021165,77.3144760131836,15059900
2025-06-18,77.52569762764058,77.61210046205426,77.17046888395123,77.21847534179688,11117700
2025-06-20,77.4968877404123,77.99612115051752,77.39127940514379,77.78490447998047,16771500
2025-06-23,77.84483547457198,78.75349481278344,77.78683845298495,78.68582916259766,17771400
2025-06-24,78.6761687195156,78.76317163595074,78.27017477616104,78.61817169189453,12580900
2025-06-25,78.45384372985427,78.45384372985427,77.45818135698588,77.56451416015625,12880400
2025-06-26,77.64184136493995,77.95117111639378,77.30351310163155,77.49684143066406,13783200
2025-06-27,77.57417402690889,78.10583798270193,77.49683974697483,77.86417388916016,15135300
2025-06-30,77.82550346141451,78.41516441474613,77.70950204641397,78.2701644897461,12080000
2025-07-01,78.35715349154839,79.72981097551852,78.35715349154839,79.2464828491211,23302100
2025-07-02,79.18849285824486,79.52682113324282,78.8211660703904,79.4784927368164,16429100
2025-07-03,79.52682250540255,79.58482690711963,79.05316291223288,79.43982696533203,10898400
2025-07-07,79.36249323571322,79.42049763783668,78.95649929586631,79.37216186523438,14365100
2025-07-08,79.06282812577516,79.17882954919408,78.56983129499858,78.63749694824219,15712800
2025-07-09,78.74382733599987,78.83083024465577,77.69017542840866,78.12516784667969,22179000
2025-07-10,78.16383821586739,78.70516344763593,77.8835069708435,78.40550231933594,16687900
2025-07-11,78.09616389328357,78.30882946073069,77.71916852371908,78.11549377441406,16936700
2025-07-14,78.13483048452204,78.23149463950368,77.60316656961965,78.18315887451172,13694000
2025-07-15,78.00916018440631,78.15416010389451,77.3905007445921,77.4001693725586,17681600
2025-07-16,77.43884954650134,77.73851068889087,77.02318697399159,77.67084503173828,15633600
2025-07-17,77.97050988309381,78.45383809003091,77.78684280445671,78.40550231933594,17079000
2025-07-18,78.44416566723075,78.77282529205206,78.09616878506536,78.19283294677734,12755000
2025-07-21,78.26049314849793,78.60849000643363,78.09616334752893,78.18315887451172,13430900
2025-07-22,77.79650329916957,79.03382219955357,77.73849890539992,78.89849090576172,20413700
2025-07-23,78.92749786376953,79.13049482618668,78.67616513053741,78.92749786376953,13808900
2025-07-24,78.99515261354068,79.0821481389951,78.57949011692016,78.64715576171875,11462600
2025-07-25,78.59883413392981,78.8018311048355,78.3378401356235,78.78250122070312,9284900
2025-07-28,78.36683769756684,78.49250038040987,77.86417959119132,77.97051239013672,12113200
2025-07-29,78.10583846405639,78.71482932853374,77.69017592560276,78.48283386230469,18872900
2025-07-30,78.52150328140857,78.77282863753295,77.57417675639145,77.7868423461914,16485500
2025-07-31,77.23584394645773,77.8738333033357,76.99417985862463,77.11984252929688,18339700
2025-08-01,77.54517200761835,77.97050315301122,77.38084220144475,77.48717498779297,28529200
2025-08-04,77.39050695581622,77.99950519154332,77.39050695581622,77.86417388916016,14441900
2025-08-05,77.82550948751896,78.2121735257913,77.67084092220877,77.7868423461914,15062900
2025-08-06,78.00916149298362,79.15948486521675,77.81583318042452,78.89849090576172,16043200
2025-08-07,79.03382706446041,79.6138194128414,78.77282571393712,79.49781799316406,15984100
2025-08-08,79.56548306436889,80.02948136469386,79.53648455341161,79.72982025146484,14135200
2025-08-11,79.76848056727769,79.87481335819105,79.17882696539846,79.66215515136719,12970500
2025-08-12,79.76848409891018,79.94248254856255,79.51715874108142,79.87481689453125,16449500
2025-08-13,79.44949308705012,80.03915409003856,79.19816035421819,79.87481689453125,17683900
2025-08-14,79.60415355440921,79.6524893247076,79.1014954683202,79.15949249267578,12826500
2025-08-15,79.29481724886702,79.52681270212706,78.92749049995508,79.28514862060547,12217700
2025-08-18,79.32381793130023,79.54615213739085,79.13048961078876,79.17882537841797,11892100
2025-08-19,79.33348758574125,80.1164768814416,79.31415770344121,79.99081420898438,13215600
2025-08-20,79.96181646614583,81.10247128287772,79.88448218619723,80.44514465332031,24835800
2025-08-21,79.89415225411099,79.93281939478182,79.43982256998248,79.72015380859375,18125200
2025-08-22,79.9618179065342,80.4838132430859,79.51715685132413,79.72015380859375,16491500
2025-08-25,79.35281735012107,79.48815602603138,78.2798355714979,78.35716247558594,20490600
2025-08-26,78.25082726418289,78.29916303086964,77.69983344896576,77.84483337402344,17724000
2025-08-27,77.75783702118132,78.10583388763634,77.67083411706633,78.07682800292969,11764700
2025-08-28,78.12516460343608,78.17350037012754,77.35183658638793,77.5838394165039,14505000
2025-08-29,77.75784244229793,78.14449909864709,77.60317387975587,78.08650207519531,15675800
2025-09-02,78.22183229478644,78.49249490047728,77.65150857208114,77.9608383178711,16662400
2025-09-03,77.57418000808855,77.9415068035929,77.24552035553255,77.90283966064453,14723100
2025-09-04,78.0575046695036,78.34750454087761,77.75784354408606,77.951171875,12717400
2025-09-05,77.93184358434762,78.5698329894026,77.73850787448,78.17350769042969,20657300
2025-09-08,78.08650373630483,78.09617236542014,77.37118005683845,77.88350677490234,18019800
2025-09-09,77.72884772505274,78.1541715428004,77.64184481062487,78.03817749023438,13459600
2025-09-10,77.70950566488148,77.85450559663329,76.88784921829169,77.2745132446289,19041800
2025-09-11,77.47751583821933,78.12517388884679,77.36151440937424,77.90283966064453,16717500
2025-09-12,77.76750838651715,77.95117547186241,77.43884873379764,77.641845703125,10261000
2025-09-15,77.61283356959484,77.7965006227089,76.71384293461877,76.75251007080078,14871900
2025-09-16,76.87818305380256,77.27451572162826,76.70418460512352,77.10051727294922,16171000
2025-09-17,77.21651723614478,78.04784240183844,77.21651723614478,77.56451416015625,14408700
2025-09-18,77.0521777118913,77.35183882403992,76.87817927177213,76.88784790039062,21046100
2025-09-19,77.07152046520291,77.09085034881558,76.66551915930383,76.73318481445312,13348900
2025-09-22,76.44216476980421,76.5005597686118,75.82899500549397,75.87765502929688,11993700
2025-09-23,75.94578791381595,76.28643779593297,75.65380548297728,76.25724029541016,9703700
2025-09-24,76.23778660406225,76.72443147079221,76.11125418632119,76.4227066040039,10634100
2025-09-25,76.75361562147471,76.82174559393951,75.6927261352539,75.6927261352539,12046100
2025-09-26,75.61487010905255,75.92632247871,75.42020773701024,75.87765502929688,11547800
2025-09-29,76.00418880017821,76.04312127909351,75.50781640163318,76.0236587524414,11490300
2025-09-30,75.92632565154598,76.44216796419639,75.86792322468764,76.2767105102539,12306100
2025-10-01,76.17937463433883,76.3934995369932,75.72193475438954,76.159912109375,10125300
2025-10-02,75.82899494446737,76.11124238888365,75.67326504695885,75.85819244384766,8422100
2025-10-03,75.82899552404712,76.25723789424825,75.73166062455523,75.94578552246094,8426600
2025-10-06,75.78033143753623,75.8387264393348,75.31314914631594,75.3910140991211,10740000
2025-10-07,75.48833938788893,76.20857904203112,75.09902948637577,76.09178161621094,12084200
2025-10-08,76.03339901305277,76.04312656424936,75.58568661282658,75.71221160888672,9503000
2025-10-09,75.95552825927734,76.07232569523674,75.61487835307624,75.95552825927734,9315600
2025-10-10,76.20857839032729,76.66601826325446,76.013916015625,76.013916015625,20763500
2025-10-13,75.65380922580268,76.04311915284791,75.37155433076725,75.7608642578125,12692100
2025-10-14,75.83871583898735,77.01639523951548,75.71219087757194,76.97746276855469,12884100
2025-10-15,76.96775170210208,77.59065651964615,76.85095426420838,77.1137466430664,9111200
2025-10-16,77.30839741534744,77.61984980720459,76.38377521547457,76.57843017578125,13600000
2025-10-17,76.9482778599799,77.64904760069648,76.90934538265,77.60038757324219,13983900
2025-10-20,77.76584451689743,77.87290697244185,77.4057246731925,77.53225708007812,13002500
2025-10-21,77.66851418181685,77.71717420715957,76.95800949619677,77.17213439941406,17471400
2025-10-22,77.28894270623633,78.10650253294183,76.88015536727208,77.61012268066406,13294700
2025-10-23,77.69771974510697,77.72691724846463,76.89962247568236,77.23053741455078,10809500
2025-10-24,77.74636236240883,77.76583231069402,76.94826527173649,76.97746276855469,12735500
2025-10-27,77.18187649410784,77.21107399712879,76.76336162438149,77.10401153564453,13984700
2025-10-28,76.80228818516333,76.88988068747625,76.31564337068563,76.3351058959961,8927500
2025-10-29,75.80953783257429,75.81927280921973,74.44693070106257,74.53453063964844,19894100
2025-10-30,74.56372750440941,74.89464245140066,74.42746753498814,74.4566650390625,17364800
2025-10-31,74.1549459418794,74.44692840172075,73.78509109689128,74.24253845214844,14658200
2025-11-03,74.08681153279376,74.1452065361513,73.44443679341757,73.65856170654297,16185500
2025-11-04,73.97000871773056,74.1646636651647,73.53203137319863,73.96027374267578,18147000
2025-11-05,73.87268098988052,74.17439838504856,73.4930986457626,73.91161346435547,15782900
2025-11-06,73.67801594641628,73.90187581012894,73.15244612408388,73.5806884765625,15452200
2025-11-07,74.09653910450365,74.79730884744127,73.85321668962868,74.66104888916016,16959500
2025-11-10,74.43718673399212,74.56371170003348,73.90187452072128,74.38851928710938,16805900
2025-11-11,74.62211420770656,75.46887885968171,74.56371920605675,75.36181640625,19801200
2025-11-12,75.42021056602758,75.6538054212405,75.23529058766381,75.25475311279297,10978200
2025-11-13,75.2644880881628,75.71220042223848,75.06009815905938,75.25475311279297,15370800
2025-11-14,75.28395022809958,75.53700760714689,74.73891041994581,75.19635772705078,13138200
2025-11-17,75.21582408295846,75.5272764785678,74.67078424704482,74.71944427490234,13887100
2025-11-18,74.9238441440219,75.31315408234182,74.59292178571665,75.04063415527344,16840000
2025-11-19,74.88490735977241,75.01143233989109,74.19387260568922,74.46639251708984,15122100
2025-11-20,74.69997632768894,75.31314609859228,74.65130887775251,75.00169372558594,21590200
2025-11-21,75.29369753315353,76.30591978948894,75.14770258188764,75.81927490234375,22216000
2025-11-24,75.72193298115117,75.84845795447926,74.8459708660829,74.94329833984375,17869400
2025-11-25,75.1379611170626,76.0041883473363,75.1379611170626,75.97499084472656,18586300
2025-11-26,75.9749972525348,76.99695448373473,75.9749972525348,76.80229949951172,13275100
2025-11-28,76.69522521227874,77.26946252517858,76.69522521227874,77.25,8914300
2025-12-01,77.14293689908632,77.40572182764636,76.92881199586903,77.17213439941406,16939900
2025-12-02,76.93854294020493,76.93854294020493,76.0820433722096,76.666015625,20551000
2025-12-03,76.82175375115699,77.42519601821401,76.63682633814048,76.72442626953125,16832900
2025-12-04,76.58817099175367,76.80229591978569,75.92633368038712,76.35457611083984,14269500
2025-12-05,76.30590858717835,76.8801459054135,76.14045113198625,76.36430358886719,13343200
2025-12-08,76.21831139813212,76.22804637396696,75.60514158153174,75.7316665649414,14602000
2025-12-09,75.89712517274873,76.13071259418463,75.57593782726798,75.90685272216797,14040200
2025-12-10,76.10152454279533,76.28644453765207,75.84846713988311,76.13072204589844,13945300
2025-12-11,76.31565379297207,76.95802117449205,76.30591881618207,76.69523620605469,13753800
2025-12-12,76.82175044097617,77.33759275441521,76.69522546287564,77.29866027832031,14506900
2025-12-15,77.50304426116053,77.77557157291159,77.20132687659147,77.51277923583984,14499400
2025-12-16,77.65877907354513,77.83397150082202,76.9872068647153,77.16239929199219,13055300
2025-12-17,77.26946458492581,77.7463744334245,77.23053210792031,77.52252197265625,14268400
2025-12-18,77.21107380694302,77.68798368153656,77.02614638745096,77.07481384277344,12117100
2025-12-19,77.00668070811716,77.04561318565906,76.65629583585087,76.6757583618164,13142000
2025-12-22,76.49622356274784,76.72187194439277,76.26076210380123,76.40792083740234,10983600
2025-12-23,76.33923917837471,76.34905225502231,75.91736670473956,76.04491424560547,7638500
2025-12-24,76.0841612190384,76.7120634089274,76.0841612190384,76.64338684082031,4697100
2025-12-26,76.56489359956501,76.92790257690042,76.49621703468364,76.75130462646484,8761300
2025-12-29,76.69243261980577,76.99657810462716,76.69243261980577,76.80035400390625,9242300
2025-12-30,76.62375551939456,76.84941136234774,76.56489203218244,76.67281341552734,5610900
2025-12-31,76.51583845412476,76.64338599719439,76.20188736263597,76.21170043945312,5872000
2026-01-02,76.24113050883892,76.49621810418654,75.83888419039101,76.22151184082031,15968600
2026-01-05,76.09396916381729,76.1037822410459,75.3090951447778,75.887939453125,23429400
2026-01-06,75.87812110058658,76.22151141305149,75.68190448076456,76.00566864013672,17108100
2026-01-07,76.09397250022992,76.22152005424005,75.15211914497522,75.17174530029297,18977200
2026-01-08,75.16192512811497,77.24185576955223,75.06381681634191,76.95733642578125,26260100
2026-01-09,76.94752167422715,77.84031702266941,76.88865818548139,77.75202178955078,18234000
2026-01-12,78.02673629134807,78.75274684156497,77.76184307883145,78.6644515991211,26411200
2026-01-13,78.6938839224715,79.6553634299447,78.6938839224715,79.57687377929688,26284200
2026-01-14,79.5474330528003,80.79342430415856,79.5180013084257,80.67569732666016,32494200
2026-01-15,80.54815625479164,80.9504100873667,80.30288171839751,80.81305694580078,29123700
2026-01-16,80.59721296311275,80.72475302548327,80.1753404673522,80.55796813964844,23754200
2026-01-20,80.40099170351537,80.9994621835447,79.91044262055266,80.8032455444336,19889000
2026-01-21,80.6168360537544,81.00927682473665,80.11648136880751,80.8817367553711,23029100
2026-01-22,80.78361186854805,81.00926771918398,80.4991000138802,80.71493530273438,15777300
2026-01-23,80.82286143383786,81.37228147778099,80.75418486399306,81.34284973144531,20185600
2026-01-26,81.48020219887675,81.75490847598947,81.07794837511551,81.21530151367188,13188000
2026-01-27,81.19568637251074,81.66660930082642,80.89154085090581,81.58812713623047,13532200
2026-01-28,81.43113929233658,81.82358001487866,80.40098333131166,80.76399230957031,16303200
2026-01-29,80.80323916682202,81.28397513433033,80.45985633288753,80.57758331298828,18799300
2026-01-30,80.62664104446601,81.93150329589844,80.47947483446055,81.93150329589844,18174800
2026-02-02,82.17677578471529,83.05976553772129,81.71565849785748,82.90278625488281,26041700
2026-02-03,82.52997319617798,84.7080046465375,82.47110222144414,84.24689483642578,33052500
2026-02-04,84.68838447818293,85.69891428519801,84.5902761689436,85.34571838378906,33748100
2026-02-05,85.9245745512193,85.98343804275272,84.83555504674342,85.27704620361328,38772900
2026-02-06,85.20837015388975,86.4249297258233,85.06120393897557,86.27777099609375,29568600
2026-02-09,86.24833515347616,86.55247316071728,85.23779785116304,85.77740478515625,21853900
2026-02-10,85.67930640800408,86.16985550116543,85.17894423712768,85.5027084350586,20908100
2026-02-11,85.34572067232395,87.03321058315339,85.09064055849859,86.72907257080078,25588300
2026-02-12,86.8173736942943,88.35769749919845,86.8173736942943,87.52376556396484,35282800
2026-02-13,87.36678812191151,88.29882831561368,86.94491564277399,87.8180923461914,25649700
2026-02-17,87.93582279979528,88.43618494253057,85.99325269183304,86.53285217285156,29819300
2026-02-18,86.26795599085851,86.84680027534921,85.96381797596914,86.3758773803711,20422200
2026-02-19,86.33663496614157,87.02340065929837,85.71854584230044,86.01287078857422,18447200
2026-02-20,86.01287120317251,86.28757748175937,85.53213521564551,86.22871398925781,17909400
2026-02-23,86.02267458866542,87.48450854084079,86.02267458866542,87.28829193115234,22070900
2026-02-24,87.2784915796316,88.08299177293823,87.08227494133631,88.04374694824219,20364000
2026-02-25,87.6513018546841,87.76903632295374,86.65058507253823,87.32754516601562,15215600
2026-02-26,87.57281486625247,87.9456294341086,86.9154734778019,87.18037414550781,15925900
2026-02-27,87.29811725227246,88.35769757247208,87.27849109744038,88.30864715576172,17314200
2026-03-02,87.74941565430572,88.09279848911886,87.01359208605567,87.03321075439453,27606700
2026-03-03,86.68002107550204,86.83700037423809,85.51251935318874,86.08155059814453,36852400
2026-03-04,86.1502199705955,86.29738617956585,85.28685635525216,85.51251220703125,22736400
2026-03-05,84.70800731926217,84.80612311851955,83.452202934687,83.79559326171875,33738500
2026-03-06,83.31484727530977,84.22726879041112,83.02052234200298,84.1585922241211,25859700
2026-03-09,83.65822808918142,84.53141224693081,83.19711828960288,84.34500122070312,20729100
2026-03-10,84.0703073262761,84.85518139678022,83.55032647683561,84.09973907470703,18864900
2026-03-11,83.93294967760062,83.99181317130711,82.61827426507158,82.9910888671875,18432200
2026-03-12,82.33375230395907,83.3639083224064,82.10810392841874,82.65751647949219,17861800
2026-03-13,83.10882051244879,83.50126125590607,82.96165429800423,83.13825225830078,13103600
2026-03-16,83.59936662876693,83.8446411491489,83.21673897578582,83.37371826171875,12882500
2026-03-17,83.78577981871057,84.06048609098816,83.04014316168241,83.09900665283203,12224900
2026-03-18,82.42204891175177,82.44166757918399,81.03869707448276,81.07794189453125,19412700
2026-03-19,81.05832375134811,81.43113831644386,80.2832553920418,80.42060852050781,18581300
2026-03-20,80.5579638705401,80.75418049227864,79.52780789345198,79.75346374511719,20895800
2026-03-23,80.68581995220906,80.73515398609771,79.89652810120776,80.0938491821289,21027400
2026-03-24,79.71893796213193,80.93247693977979,79.55120675941929,80.02478790283203,14830000
2026-03-25,80.34050215256163,80.53782322821604,79.43281316084482,80.41943359375,17648200
2026-03-26,80.38983718980344,81.12980252373004,79.98531919414494,80.05438232421875,14148400
2026-03-27,80.18264298148296,81.21859749490973,79.90639045185364,80.68582153320312,25942100
2026-03-30,80.81408216941571,81.50471345209692,80.53782212902681,80.78447723388672,15855700
2026-03-31,80.90286965917976,81.169253844819,80.06424385720024,80.88314056396484,19522700
2026-04-01,80.62662535647155,80.77461993123025,79.8373259759697,80.37010192871094,29643400
2026-04-02,80.616757684752,80.88314942689765,80.07412094274757,80.79434967041016,20709800
2026-04-06,80.76474729263792,81.58364403876232,80.51809219035826,81.55404663085938,9796700
2026-04-07,81.35672447166877,81.43565591720126,80.01492000688424,80.17278289794922,13331200
2026-04-08,80.16291149238627,81.69217619947538,79.88665897099857,81.67243957519531,12645900
2026-04-09,81.1396633692164,82.5209334990427,80.9620713878485,82.3334732055664,11716200
2026-04-10,82.26441031076425,82.29401524717412,81.04100306190605,81.26792907714844,12097000
2026-04-13,81.04100290219051,81.1692608504472,79.98531932515215,80.45890045166016,9981200
2026-04-14,79.97544875096041,80.6562192487739,79.63013310979287,80.37996673583984,11577400
2026-04-15,80.14317980008063,80.23197202451553,79.38347786354981,79.97544860839844,10893700
2026-04-16,79.90638449100096,80.70555213760305,79.78799485988682,80.34049987792969,13279000
2026-04-17,80.23197327969977,81.43565141186883,80.06424961271006,81.35671997070312,12251700
2026-04-20,81.4455215773302,81.84016373750666,80.98180875907448,81.28765869140625,9430800
2026-04-21,81.23832057874469,81.34684942553899,80.6463498408862,80.74501037597656,8710400
2026-04-22,80.99166932047983,81.40605563122844,80.75488251956398,81.01140594482422,9138500
2026-04-23,81.25806521277232,82.54067487733882,81.25806521277232,82.36308288574219,12354400
2026-04-24,82.639332202286,82.73799274325846,81.84016450758051,82.11642456054688,10852700
2026-04-27,81.98815300192098,82.22493978815658,81.16925627068242,81.23831939697266,11125800
2026-04-28,82.48146121510095,82.5307952444009,81.51457747027648,81.96842193603516,10170400
2026-04-29,81.65270678327508,82.12628036213334,81.36658596269491,81.81056213378906,12096900
2026-04-30,82.17561913039164,83.31023416642505,82.06709027745612,83.18196868896484,15360200
2026-05-01,83.58648274000271,83.92193006789786,82.61959142155149,83.04383850097656,13320000
2026-05-04,82.42227172851562,83.22143186907338,82.02762205055896,82.42227172851562,12599100
2026-05-05,82.36307623908564,83.32996003850482,82.15587932617936,82.93531036376953,10891500
2026-05-06,83.21156795253948,83.37929915546967,82.718257710865,83.11290740966797,11529800
2026-05-07,82.80705787140407,83.17211016185315,82.03749509501887,82.85639190673828,10116900
2026-05-08,83.39901893322498,83.66541064925724,83.03397421266267,83.05370330810547,10323400
2026-05-11,82.95504671401076,83.16223609891743,81.72177118910211,82.25454711914062,11062700
2026-05-12,82.58999782184334,83.88246821599182,82.0966875917327,83.31023406982422,16105000
2026-05-13,83.07343996043065,84.11926276961933,83.01424514140145,83.58648681640625,10463200
2026-05-14,83.8134050120035,84.11926247298157,83.65554965271005,83.84300994873047,6627600
2026-05-15,84.38564468643779,84.4448395038563,83.37929515374032,83.50755310058594,12229600
2026-05-18,83.61607930395765,84.79015999437097,83.54701617671665,84.75069427490234,11634800
2026-05-19,84.67177190213901,85.53999524146406,84.0206062794745,84.93815612792969,12233000
2026-05-20,84.43498054425693,84.91842246069652,83.67527857682087,84.37577819824219,14035000
2026-05-21,83.4286222780534,83.63581166787175,82.3236121990222,83.52729034423828,13185200
2026-05-22,83.58648146430264,83.98113112963337,83.310228956766,83.66541290283203,7889900
2026-05-26,83.65554591693525,83.75420645300241,82.41240208600315,82.51106262207031,9475800
2026-05-27,82.89585165552083,84.02060595821737,82.77746201220747,83.4483642578125,12224200
2026-05-28,83.72460871128375,83.81340093519545,83.24116681735966,83.30036163330078,6414300
2026-05-29,82.84652022218393,82.97477817058878,81.7415026105999,81.80070495605469,13011100
2026-06-01,81.40606101888964,81.53431897634987,80.58716418268463,80.93247985839844,20246700
2026-06-02,80.8239454255952,81.18899770178534,80.3898375463416,80.73515319824219,15723400
2026-06-03,80.6956853433254,81.61324263829559,80.55755908621731,81.06073760986328,14750300
2026-06-04,82.22494676653025,82.49133851005548,80.74501605415368,80.94234466552734,12184700
2026-06-05,81.48497503848236,83.26089476538985,81.33698800067029,82.3236083984375,17021500
2026-06-08,81.85989659340407,82.37293589440522,81.82043087373992,81.95855712890625,9544500
2026-06-09,82.06708822646429,83.45821912801797,81.9289619675105,82.97477722167969,12440600
2026-06-10,83.62594746854553,84.47444161733739,83.2707635212691,84.34617614746094,13134100
2026-06-11,84.53363785822252,84.80989037135885,84.06005674476279,84.12911987304688,18013600
2026-06-12,84.31658421812244,84.71123391044,83.98113687240843,84.67176818847656,9363000
2026-06-15,84.32645065762567,84.62243227480276,83.99099579204503,84.33631896972656,10980200
2026-06-16,84.64216808106687,85.1946731163116,83.9515292596944,84.44483947753906,9364100
2026-06-17,84.05020094622805,84.24752203094043,82.24468366457398,82.5604019165039,18015200
2026-06-18,82.71825425455202,82.76758828758486,82.01775464392207,82.18548583984375,10446700
2026-06-22,82.11991824986485,82.59677777272331,81.61324837472547,81.64305114746094,11243600
2026-06-23,83.07364379059845,83.29219998098715,82.48749480945303,83.17298889160156,14963300
2026-06-24,83.49090239964463,84.25586805735482,83.27233861757149,83.88829040527344,11294900
2026-06-25,83.40148499092341,84.43469075506867,83.15311843933692,83.39155578613281,12076100
2026-06-26,84.0969114849997,84.66318688982003,83.8982137063946,84.1565170288086,11372100
2026-06-29,84.35522114735703,84.5241085872056,83.5008395840049,83.8187484741211,10163800
2026-06-30,83.44122402347044,83.54056912757054,82.40801826582909,82.52723693847656,12752500
2026-07-01,82.55703951740945,82.78554007789282,82.22919385305984,82.7557373046875,12210100
2026-07-02,83.20279638546765,84.58371383254638,83.20279638546765,84.4346923828125,16704700
2026-07-06,84.24593748524833,84.54397279997411,82.77560416214592,83.55050659179688,13176600
2026-07-07,84.96122574013141,85.39835329179107,83.89821721367818,84.3055419921875,13234800
2026-07-08,84.61351787223266,84.74267333438863,83.79887585832063,83.83861541748047,10998500
2026-07-09,83.00410657334305,83.29220511012959,82.56697900655661,82.65638732910156,11322100
2026-07-10,82.69612603994197,83.63992349677687,82.62658370771588,83.57038116455078,8305400
2026-07-13,83.99756813286098,84.98109752389438,83.82867312264683,84.03730010986328,8118700
2026-07-14,83.95782866759097,84.186321643557,82.80540426509052,82.87494659423828,7871000
2026-07-15,82.55703637422108,83.66972120197828,82.42788850206657,82.92462158203125,7387500
2026-07-16,83.59024194810819,85.25926539713635,83.49089684819305,85.24932861328125,12146500
2026-07-17,86.22292904672301,86.85874678357627,84.20619395205918,84.63338470458984,15692300
2026-07-20,84.58371131431798,84.8420146475301,84.00749910159308,84.3055419921875,8570800
2026-07-21,83.87835029272613,84.04723772506506,83.37168041616383,83.5107650756836,7388000
2026-07-22,84.02737210197438,84.46449207113324,83.52070222320754,83.82867431640625,6545700
2026-07-23,82.65638401660365,83.14318790721448,82.26893280867782,82.66632080078125,10350900
2026-07-24,82.8252781671996,83.72932844976656,82.61665117891492,83.58030700683594,9634500
2026-07-27,83.86841594495661,85.20959381759833,83.82867638686146,84.80227661132812,12238200
2026-07-28,86.50110194543024,88.1999282420996,86.36201728344881,86.49116516113281,22246300
2026-07-29,85.77586769438584,87.30580654523493,85.77586769438584,86.7892074584961,14859700
2026-07-30,85.43809594880673,85.52750427150139,84.4346929322514,84.91156005859375,16600400
2026-07-31,84.29560306043574,84.871815258481,83.77900398671797,84.49430084228516,11382900
2026-08-03,85.35861373440878,85.7758677176045,84.07704143212571,84.3055419921875,12592500
2026-08-04,83.73926479498496,84.8718156280495,83.31207403658023,84.81221008300781,13262100
2026-08-05,85.17979341389216,85.31887808132208,84.23600351639682,84.77247619628906,7739100
2026-08-06,85.74606571576817,85.84541839989039,84.13665531480875,84.55390930175781,8275700
2026-08-07,83.94789102191847,84.65325109019032,83.6995244804335,84.5638427734375,5690700
2026-08-10,84.10685233798752,84.49430355058117,83.77900667208657,84.39495086669922,6917500
2026-08-11,84.06711538170185,84.42476383201617,83.79887525419319,84.13665771484375,7358300
2026-08-12,83.54057185919478,84.57377765062009,83.46110032104349,84.52410888671875,6448300
2026-08-13,85.0506438725536,85.63678530535694,84.95129876626184,85.43809509277344,10352900
2026-08-14,85.43809564490853,85.7361385452556,85.25927142060944,85.52750396728516,6970200
2026-08-17,84.80227392086253,85.05064046641812,84.03730071600587,84.12671661376953,10513400
2026-08-18,85.19966008862454,85.6268508410313,84.57377155629295,85.02083587646484,10663000
2026-08-19,85.1599216392187,86.62031812757525,85.1599216392187,85.97456359863281,11244000
2026-08-20,84.64331642368337,85.4380924081354,84.44462621734313,84.76253509521484,11495300
2026-08-21,85.04070279105682,85.44802755968084,84.72279391925932,85.42815399169922,11194000
2026-08-24,85.88515013100866,86.89848990159334,85.88515013100866,86.87861633300781,9105200
2026-08-25,86.29247146241929,86.44149290267107,85.68645649706195,85.9546890258789,7022700
2026-08-26,86.05404859397235,86.12359092771702,85.68646335586718,85.70632934570312,7315400
2026-08-27,84.75260187566573,85.29901133540126,84.51417210212014,84.52410888671875,8492100
2026-08-28,84.94136182866906,85.05064371925674,84.65325571526026,84.89168548583984,6807200
2026-08-31,84.792336545081,84.792336545081,84.34527979801872,84.42475891113281,7012600
2026-09-01,84.9512964971582,85.59705104012468,84.59364806042431,84.6929931640625,9353100
2026-09-02,84.81221024174806,85.51757031772809,84.48436458431433,84.97116088867188,8445200
2026-09-03,84.81220851933408,85.0903778304606,84.2260595455644,84.70292663574219,10265000
2026-09-04,84.26580403685932,84.74267115496743,83.98763470944031,84.02737426757812,9903700
2026-09-08,83.72932688384952,84.01743298024839,83.2623965751874,83.47102355957031,13542700
2026-09-09,82.96436353232811,82.97429273694135,82.30867220966972,82.50736999511719,12245300
2026-09-10,82.82528078789615,83.26240076689942,82.5173011082159,82.54710388183594,10349500
2026-09-11,82.96436817016676,83.14319239729329,82.49743782269495,82.83521270751953,10836500
2026-09-14,83.82867627447766,84.3353461650793,83.69952839550088,83.86841583251953,10520300
2026-09-15,83.4511625372597,83.52070486952559,83.02397175918476,83.18292999267578,14382200
2026-09-16,83.13324936312652,83.51076377888288,82.77560093575931,82.78553771972656,9644400
2026-09-17,82.96436209336343,83.17298907980565,82.45769222369213,82.94448852539062,7635600
2026-09-18,82.59677754835865,82.65638309366767,82.25900268554688,82.25900268554688,10629700
2026-09-21,82.0999984741211,82.30999755859375,81.7300033569336,81.91999816894531,8564200
2026-09-23,82.66000366210938,82.9800033569336,82.25,82.43000030517578,10778900
2026-09-24,82.91000366210938,83.08000183105469,81.69999694824219,81.69999694824219,10609900
