Date,Open,High,Low,Close,Volume
2015-10-08,20.550235873716147,20.687191009521484,20.550235873716147,20.687191009521484,2000
2015-10-09,20.680342094690005,20.680342094690005,20.584472073416602,20.652950286865234,4300
2015-10-12,20.83099634620649,20.83099634620649,20.728279663178885,20.783061981201172,2300
2015-10-13,20.652950286865234,20.652950286865234,20.652950286865234,20.652950286865234,500
2015-10-14,20.652950286865234,20.652950286865234,20.652950286865234,20.652950286865234,0
2015-10-15,20.563931440925213,20.59132194519043,20.563931440925213,20.59132194519043,2500
2015-10-16,20.95151742959607,20.995342760441673,20.95151742959607,20.983016967773438,400
2015-10-19,21.02272945473364,21.23501071667699,21.02272945473364,21.22816276550293,2000
2015-10-20,21.474691694562658,21.474691694562658,21.221322632234134,21.248714447021484,3200
2015-10-21,21.265823364257812,21.265823364257812,21.265823364257812,21.265823364257812,400
2015-10-22,21.351427660618324,21.54521962481357,21.349373144232736,21.534948348999023,2200
2015-10-23,21.26445495803284,21.27609634399414,21.187075594194475,21.27609634399414,3500
2015-10-26,21.24734107173105,21.31034145240133,21.24734107173105,21.30349349975586,600
2015-10-27,21.2692557058022,21.310343425479246,21.22816929223869,21.30897331237793,3400
2015-10-28,21.39251581181349,21.45414608394563,21.231592178344727,21.231592178344727,3200
2015-10-29,21.24871017756799,21.328144073486328,21.2350142729262,21.328144073486328,3900
2015-10-30,21.19392967224121,21.19392967224121,21.19392967224121,21.19392967224121,200
2015-11-02,21.19392967224121,21.19392967224121,21.19392967224121,21.19392967224121,100
2015-11-03,21.63903509050342,21.63903509050342,21.44729633700517,21.46784019470215,500
2015-11-04,21.584251248706476,21.584251248706476,21.378816604614258,21.378816604614258,1900
2015-11-05,21.41990090169694,21.41990090169694,21.193923743506883,21.296640396118164,23800
2015-11-06,20.80359787818626,20.80359787818626,20.509143829345703,20.509143829345703,9000
2015-11-09,20.584474066314343,20.614604796616053,20.26947608251252,20.34480094909668,45500
2015-11-10,20.618714736072203,20.618714736072203,20.440671878484714,20.563932418823242,27200
2015-11-11,20.61528764179803,20.721428940202316,20.536538151800006,20.635147094726562,27100
2015-11-12,20.44751357802457,20.598164577857858,20.44751357802457,20.509143829345703,63900
2015-11-13,20.420131203215412,20.454370973154898,20.23934939749867,20.242088317871094,47700
2015-11-16,20.221534729003906,20.283164975155398,20.221534729003906,20.221534729003906,4200
2015-11-17,20.543385122184475,20.666645641895702,20.4954507658775,20.536537170410156,25700
2015-11-18,20.29686681982757,20.77963638305664,18.28361574676485,20.77963638305664,28600
2015-11-19,20.824149488406704,20.920018223459422,20.824149488406704,20.892627716064453,3500
2015-11-20,21.029582027081595,21.07066974570673,21.029582027081595,21.06382179260254,600
2015-11-23,21.207624078214938,21.236384696484276,21.173385620117188,21.173385620117188,2400
2015-11-24,21.241869609038694,21.241869609038694,20.851545333862305,20.851545333862305,2500
2015-11-25,20.851545333862305,20.851545333862305,20.851545333862305,20.851545333862305,0
2015-11-27,21.00904083251953,21.00904083251953,21.00904083251953,21.00904083251953,0
2015-11-30,21.228167402065868,21.228167402065868,21.037798758632146,21.05697250366211,1600
2015-12-01,21.21447842156987,21.405532836914062,21.21447842156987,21.405532836914062,5600
2015-12-02,21.303496526236444,21.378821403810818,20.967954635620117,20.967954635620117,4400
2015-12-03,20.796754889565587,20.796754889565587,20.550233840942383,20.550233840942383,800
2015-12-04,20.755671991792838,21.11175774326414,20.755671991792838,20.967954635620117,4400
2015-12-07,20.967954635620117,20.967954635620117,20.967954635620117,20.967954635620117,0
2015-12-08,20.735124493499494,21.063818352132152,20.488603446468357,21.036426544189453,4600
2015-12-09,20.892622926618436,20.920013427734375,20.892622926618436,20.920013427734375,600
2015-12-10,20.748817443847656,20.748817443847656,20.748817443847656,20.748817443847656,700
2015-12-11,20.666652392587928,20.666652392587928,20.63789176940918,20.63789176940918,300
2015-12-14,20.611864037505327,20.72827660941657,20.60501608549722,20.701570510864258,600
2015-12-15,21.038478793739554,21.084359936489076,20.940555572509766,20.940555572509766,4100
2015-12-16,21.132302546154346,21.31719207763672,21.132302546154346,21.31719207763672,1600
2015-12-17,21.543164537431917,21.543164537431917,21.267884165213808,21.289796829223633,2400
2015-12-18,21.160323934733174,21.179017707989658,21.012853622436523,21.012853622436523,1400
2015-12-21,21.086243490525163,21.086243490525163,21.04747200012207,21.04747200012207,500
2015-12-22,21.241331100463867,21.241331100463867,21.241331100463867,21.241331100463867,200
2015-12-23,21.289795216753735,21.44903564453125,21.289795216753735,21.44903564453125,4500
2015-12-24,21.36318507203232,21.469806671142578,21.36318507203232,21.469806671142578,300
2015-12-28,21.48364702230423,21.48364702230423,21.40748800739167,21.412334442138672,2100
2015-12-29,21.6359700223525,21.80213411365759,21.6359700223525,21.76751708984375,3500
2015-12-30,21.85752214409262,21.87136948184008,21.76751708984375,21.76751708984375,2000
2015-12-31,21.684438161575954,21.73290253158027,21.59027862548828,21.59027862548828,36800
2016-01-04,21.449036945371468,21.449036945371468,21.020471969979887,21.089014053344727,1900
2016-01-05,21.41441397339617,21.72804832458496,21.41441397339617,21.72804832458496,1500
2016-01-06,21.338259061828516,21.590967035571147,21.338259061828516,21.51827049255371,3700
2016-01-07,21.269716900422708,21.289794615875554,21.121553290952928,21.12363052368164,1500
2016-01-08,21.12363322805245,21.12986360648142,20.82592202954891,20.84669303894043,4000
2016-01-11,20.971317291259766,20.971317291259766,20.971317291259766,20.971317291259766,500
2016-01-12,20.79823491027222,20.846699292836504,20.74284553527832,20.74284553527832,2300
2016-01-13,20.93669693764815,20.97131528470351,20.528209686279297,20.528209686279297,3300
2016-01-14,20.651447305553386,20.651447305553386,20.424356765105944,20.597444534301758,3700
2016-01-15,20.179271415902083,20.285893053852934,20.179271415902083,20.25127601623535,1400
2016-01-19,20.431284508065932,20.431284508065932,20.323969594367608,20.38974380493164,4700
2016-01-20,19.84278106689453,20.002021492099683,19.468912185084406,19.84278106689453,4600
2016-01-21,19.995101928710938,19.995101928710938,19.995101928710938,19.995101928710938,100
2016-01-22,20.400124266084244,20.41050910949707,20.394585859004717,20.41050910949707,300
2016-01-25,20.41050910949707,20.41050910949707,20.41050910949707,20.41050910949707,0
2016-01-26,20.486671732323792,20.670837665753496,20.486671732323792,20.591909408569336,500
2016-01-27,20.41050910949707,20.41050910949707,20.41050910949707,20.41050910949707,900
2016-01-28,20.410511275050126,20.417434944911566,20.1889591217041,20.1889591217041,1700
2016-01-29,20.0851086274015,20.216655726184772,20.0851086274015,20.209732055664062,600
2016-02-01,20.498439922424687,20.638986587524414,20.498439922424687,20.638986587524414,700
2016-02-02,20.54898425748101,20.54898425748101,20.375896453857422,20.375896453857422,1100
2016-02-03,20.54898368119246,20.54898368119246,20.110725776157082,20.396665573120117,3800
2016-02-04,20.385584022320714,20.524746728112788,20.385584022320714,20.519207000732422,1500
2016-02-05,20.223569575678653,20.223569575678653,20.146026611328125,20.146026611328125,200
2016-02-08,19.45506773009768,19.45506773009768,19.078428268432617,19.078428268432617,700
2016-02-09,18.98426873113007,19.074273800274767,18.742637533499742,18.92888069152832,1400
2016-02-10,19.3304443359375,19.3304443359375,19.3304443359375,19.3304443359375,300
2016-02-11,18.901188446517743,18.901188446517743,18.845800399780273,18.845800399780273,800
2016-02-12,18.84580066896768,19.045197904181737,18.84580066896768,19.03273582458496,1800
2016-02-16,19.03273582458496,19.03273582458496,19.03273582458496,19.03273582458496,100
2016-02-17,19.66276987212485,19.697388217514515,19.612920247096646,19.62815284729004,2600
2016-02-18,19.71885855454267,19.8704833984375,19.71885855454267,19.8704833984375,3900
2016-02-19,19.84278106689453,19.84278106689453,19.84278106689453,19.84278106689453,200
2016-02-22,20.147418975830078,20.18549850083519,20.13011046097913,20.147418975830078,800
2016-02-23,20.0435733795166,20.0435733795166,20.0435733795166,20.0435733795166,300
2016-02-24,20.02210685488471,20.0601863861084,20.015875154654285,20.0601863861084,800
2016-02-25,20.1889591217041,20.1889591217041,20.1889591217041,20.1889591217041,100
2016-02-26,20.424359471498843,20.427820646297246,20.334354400634766,20.334354400634766,2500
2016-02-29,20.512292461383364,20.52821571720746,20.306663513183594,20.306663513183594,700
2016-03-01,20.63206755910486,20.798233027937066,20.625145208412512,20.791309356689453,1000
2016-03-02,20.929776623800247,21.01978302001953,20.902083262270942,21.01978302001953,1300
2016-03-03,21.022551131535945,21.05993736574075,21.022551131535945,21.048860549926758,1100
2016-03-04,21.116710657462267,21.137481667935,21.075169957071854,21.109786987304688,1700
2016-03-07,21.192873530056826,21.206719552313587,21.095943450927734,21.095943450927734,1500
2016-03-08,21.078630039170452,21.078630039170452,21.064090728759766,21.064090728759766,600
2016-03-09,21.082095117271773,21.12848225799554,20.943624345443475,20.999704360961914,3700
2016-03-10,21.22056195009156,21.22056195009156,20.90069580078125,20.90069580078125,1000
2016-03-11,21.310570552217403,21.386728286743164,21.310570552217403,21.386728286743164,400
2016-03-14,21.489884374310396,21.530733097660686,21.45595932006836,21.45595932006836,3000
2016-03-15,21.462884505468732,21.59789276123047,21.462884505468732,21.59789276123047,2300
2016-03-16,21.60135755506464,21.604818729954193,21.435192108154297,21.435192108154297,1500
2016-03-17,22.14831707552736,22.187089898358312,22.141393404327374,22.1524715423584,1100
2016-03-18,22.15037162625489,22.213279066855875,21.9686391682054,21.996597290039062,136400
2016-03-21,22.101439731424687,22.101439731424687,21.846314418825287,21.88475799560547,3400
2016-03-22,21.82185343612486,21.954658173414437,21.81766058465896,21.846317291259766,1600
2016-03-23,21.853307190073636,21.903633406367163,21.76593589782715,21.76593589782715,2600
2016-03-24,21.67506748192657,21.80088233947754,21.65200080255825,21.80088233947754,2200
2016-03-28,21.675071395413706,21.99659712660295,21.675071395413706,21.9406795501709,2600
2016-03-29,22.171343264129906,22.415983200073242,22.024560102472144,22.415983200073242,17300
2016-03-30,22.59771743669353,22.59771743669353,22.36356162706045,22.367055892944336,4200
2016-03-31,22.367046709046658,22.4788818359375,22.367046709046658,22.4788818359375,11300
2016-04-01,22.383125176027594,22.52571678161621,22.383125176027594,22.52571678161621,700
2016-04-04,22.557173041114815,22.557173041114815,22.436949509773786,22.492868423461914,5300
2016-04-05,22.297152483867517,22.297152483867517,22.28037707921187,22.291561126708984,300
2016-04-06,22.318125133314112,22.353073120117188,22.262207554521044,22.353073120117188,600
2016-04-07,22.390117895914454,22.390117895914454,22.17133903503418,22.17133903503418,2100
2016-04-08,22.499852799129926,22.541791976650526,22.38102912902832,22.38102912902832,1900
2016-04-11,22.406198070109895,22.50964487171018,22.362861707339334,22.367055892944336,3100
2016-04-12,22.429256313127322,22.499850856210237,22.429256313127322,22.464902877807617,1300
2016-04-13,22.464907075577013,22.478886802822267,22.331403746699234,22.37893295288086,2800
2016-04-14,22.346074875938204,22.346074875938204,22.25870360851608,22.290157318115234,3600
2016-04-15,22.29016297868688,22.443937301635742,22.29016297868688,22.443937301635742,700
2016-04-18,22.457918894160102,22.527814865112305,22.26220670922544,22.527814865112305,1000
2016-04-19,22.653624009667755,22.653624009667755,22.398498714209147,22.4509220123291,32800
2016-04-20,22.374037989708217,22.381029185826094,22.19929674898239,22.22725486755371,1900
2016-04-21,22.10843153766183,22.126605449312052,21.675070668149065,21.712814331054688,1300
2016-04-22,21.940677242367055,22.087461698299453,21.891749534782935,21.989604949951172,2400
2016-04-25,22.021060012373603,22.144079208374023,22.021060012373603,22.144079208374023,2300
2016-04-26,22.350278672087114,22.350278672087114,22.20629119873047,22.20629119873047,2500
2016-04-27,22.101445375786074,22.122413635253906,22.021762523539575,22.122413635253906,1200
2016-04-28,23.170867356958592,23.170867356958592,22.144777297973633,22.144777297973633,1100
2016-04-29,22.12240950917637,22.12240950917637,21.73098651834498,21.933687210083008,20100
2016-05-02,21.80088691870485,22.233549229103602,21.80088691870485,22.164350509643555,3800
2016-05-03,22.090956045682514,22.27618408203125,22.090956045682514,22.27618408203125,4700
2016-05-04,22.139886062380423,22.597713470458984,22.139886062380423,22.597713470458984,1700
2016-05-05,22.60470122701542,22.62566948428139,22.580237371418356,22.618680953979492,2700
2016-05-06,22.545988296313766,22.833963210087106,22.53130998274542,22.737504959106445,3800
2016-05-09,22.912246531343968,22.996823476976292,22.89127827470927,22.966768264770508,5200
2016-05-10,23.198825142194043,23.198825142194043,23.00521005506283,23.05204200744629,7700
2016-05-11,23.128928203854496,23.128928203854496,22.53480449304529,22.632659912109375,7100
2016-05-12,22.69557112872604,22.789930965296108,22.49286906040736,22.709550857543945,3600
2016-05-13,22.667604408058125,23.06252162177432,22.304139574333938,22.381725311279297,3700
2016-05-16,22.45092482698122,22.716534282091093,22.45092482698122,22.687177658081055,7000
2016-05-17,22.367050002709846,22.436945967424258,22.311132431030273,22.311132431030273,2400
2016-05-18,22.32511535762697,22.32511535762697,21.761045455932617,21.761045455932617,5700
2016-05-19,21.69603652239095,21.778515030646147,21.657592946532695,21.717004776000977,3000
2016-05-20,21.842827553231167,21.87777554404418,21.824654971298912,21.86519432067871,2700
2016-05-23,21.95465679882006,21.96164666173241,21.912718954525992,21.933687210083008,4200
2016-05-24,22.15735436751359,22.171332757346963,22.080467224121094,22.080467224121094,3500
2016-05-25,22.29714940949139,22.29714940949139,21.996592006190923,22.23004913330078,5600
2016-05-26,22.14338241769846,22.22026958808138,22.14338241769846,22.213279724121094,1000
2016-05-27,22.360061483157494,22.381031073739866,22.271991602435808,22.300649642944336,1500
2016-05-31,22.37403853263723,22.37403853263723,22.17273634113483,22.311132431030273,2500
2016-06-01,22.192306886044552,22.23424473049155,22.111226875689688,22.22725486755371,2500
2016-06-02,22.249628075150277,22.297157287597656,22.249628075150277,22.297157287597656,800
2016-06-03,22.304148723805813,22.47889135018046,22.304148723805813,22.397809982299805,2400
2016-06-06,22.429955299431647,22.429955299431647,22.29715057940933,22.408987045288086,3100
2016-06-07,22.408992830444518,22.53340788120478,22.36705364497039,22.42716407775879,2500
2016-06-08,22.41598084892101,22.541795736105787,22.402001120749308,22.534807205200195,2700
2016-06-09,22.548781800414112,22.582332611083984,22.46630327967572,22.582332611083984,6100
2016-06-10,22.450928107835292,22.50684701870801,22.450928107835292,22.471899032592773,1600
2016-06-13,22.611685986914527,22.638248263625208,22.464902877807617,22.464902877807617,5800
2016-06-14,22.386622593832943,22.436947478507786,22.33210352437514,22.360061645507812,4900
2016-06-15,22.528504671239855,22.660609444687424,22.528504671239855,22.590713500976562,8600
2016-06-16,22.495662348147853,22.730518048336055,22.494265175239978,22.70675277709961,7200
2016-06-17,22.565804984243385,22.69265856718005,22.479826773276383,22.6715145111084,6800
2016-06-20,22.89702912743631,22.89702912743631,22.69265365600586,22.69265365600586,4900
2016-06-21,22.812465840448585,22.875892639160156,22.812465840448585,22.875892639160156,3200
2016-06-22,22.826549870813338,22.88293041483119,22.78215140216682,22.854740142822266,2700
2016-06-23,22.925919459420957,22.953405380249023,22.925919459420957,22.953405380249023,5300
2016-06-24,22.55170842332844,22.72789364538569,22.4459975589314,22.664466857910156,5700
2016-06-27,22.551708570915352,22.699703513202426,22.470663529541014,22.629230499267578,3400
2016-06-28,22.960456727931476,23.045024871826172,22.897029947917247,23.045024871826172,8600
2016-06-29,23.42558814596152,23.496061158948844,23.380482621741585,23.481966018676758,7600
2016-06-30,23.637008521156783,23.679291251181176,23.419242245713896,23.672245025634766,11900
2016-07-01,23.84138960899121,23.84138960899121,23.629965155733313,23.65815544128418,4900
2016-07-05,23.686341968353407,23.848432051990493,23.686341968353407,23.830812454223633,2300
2016-07-06,23.954144736480828,23.954144736480828,23.66520107064198,23.799100875854492,8300
2016-07-07,23.890722518707474,23.890722518707474,23.48760894161395,23.50311279296875,3400
2016-07-08,23.770908076879753,23.96118842521415,23.67999805753396,23.91044807434082,17900
2016-07-11,24.11623301256646,24.11623301256646,23.862525873635914,24.095088958740234,6100
2016-07-12,24.144420623779297,24.144420623779297,23.940047818024745,24.144420623779297,919000
2016-07-13,24.186704347361545,24.257177352905273,24.109886781922977,24.257177352905273,27800
2016-07-14,24.29946341314168,24.29946341314168,24.02179481733571,24.122573852539062,8400
2016-07-15,23.989378561283708,24.087337493896484,23.937931168632886,24.087337493896484,304400
2016-07-18,24.11623301256646,24.11623301256646,24.010520808554393,24.095088958740234,6700
2016-07-19,24.03518931502008,24.165567356077716,24.03518931502008,24.164155960083008,7200
2016-07-20,24.193757831750123,24.193757831750123,24.08170374236985,24.13033103942871,9400
2016-07-21,24.14442319163148,24.214898897984465,24.038713664661962,24.200803756713867,8300
2016-07-22,24.313562092800343,24.46860595772954,24.28889626777736,24.384035110473633,10900
2016-07-25,24.419266806835147,24.419266806835147,24.243081628397295,24.348791122436523,22800
2016-07-26,24.419270407303543,24.419270407303543,24.187409000748396,24.21137046813965,8500
2016-07-27,24.36288911451668,24.36288911451668,23.947091937139245,24.031660079956055,8400
2016-07-28,24.0739447907163,24.25717620951689,23.950615692641605,24.179656982421875,10600
2016-07-29,24.214894852198412,24.503838479036144,24.214894852198412,24.439002990722656,17500
2016-08-01,24.46154853192789,24.539070437419962,24.380504858638805,24.517929077148438,30700
2016-08-02,24.489744827249098,24.489744827249098,24.09720472833636,24.144420623779297,90100
2016-08-03,24.15851392773124,24.15851392773124,23.898464936384485,23.9611873626709,22000
2016-08-04,24.073947197264463,24.073947197264463,23.834335202035405,23.918903350830078,234100
2016-08-05,23.947093629885963,23.98233013451933,23.87662062061923,23.918903350830078,21500
2016-08-08,23.918905738609993,24.00911410291956,23.9118595123291,23.9118595123291,45100
2016-08-09,24.03166439066298,24.073949813842773,23.84138670728708,24.073949813842773,204300
2016-08-10,24.13033036249829,24.13033036249829,23.975286499312446,24.02461814880371,12300
2016-08-11,24.11271036603178,24.11271036603178,23.69338866390504,23.799100875854492,19400
2016-08-12,24.0387132428945,24.0387132428945,23.81671813224421,23.876623153686523,11600
2016-08-15,24.024615847241805,24.024615847241805,23.841384407881172,23.848430633544922,14900
2016-08-16,23.700435094193946,23.700435094193946,23.559486389160156,23.559486389160156,18600
2016-08-17,23.67929681126053,23.67929681126053,23.439684760825365,23.65815544128418,18300
2016-08-18,23.672241012157905,23.672241012157905,23.538341242494237,23.608814239501953,11700
2016-08-19,23.566534636541434,23.566534636541434,23.348066678949838,23.425588607788086,20900
2016-08-22,23.34101985461461,23.538349151611328,23.34101985461461,23.538349151611328,56300
2016-08-23,23.63700079160316,23.63700079160316,23.524242401123047,23.524242401123047,60600
2016-08-24,23.644056415673763,23.644056415673763,23.35511275716181,23.460824966430664,58700
2016-08-25,23.348064675795943,23.70748131967781,23.348064675795943,23.559486389160156,24400
2016-08-26,23.637009162933353,23.66519944263033,23.185975441273897,23.326921463012695,33700
2016-08-29,23.348064675795943,23.59472289332537,23.30507490406283,23.559486389160156,22900
2016-08-30,23.60176635011016,23.60176635011016,23.369200637321047,23.4890079498291,38600
2016-08-31,23.559478894078318,23.58062025217706,23.390339964172103,23.524242401123047,143400
2016-09-01,23.615867585581213,23.615867585581213,23.369209333298105,23.51720428466797,69500
2016-09-02,23.53834523326925,23.883666740875622,23.53834523326925,23.672245025634766,48900
2016-09-06,23.79204976264163,23.88366682530663,23.608818325684606,23.869571685791016,169500
2016-09-07,23.946087141640493,23.988595962524414,23.78314071544976,23.988595962524414,555900
2016-09-08,23.96025865487629,24.016937087230843,23.683958053588867,23.683958053588867,322500
2016-09-09,23.535179343668766,23.535179343668766,22.755867176465955,22.78420639038086,906700
2016-09-12,22.777123890887538,23.15260903194879,22.670853185549753,22.87630844116211,5085900
2016-09-13,22.81962608408811,22.911727166026722,22.429971402529745,22.47247886657715,926700
2016-09-14,22.819632150767386,22.819632150767386,22.42289256117852,22.51499366760254,532100
2016-09-15,22.55041568361167,22.70627732288733,22.437061518449696,22.68502426147461,528600
2016-09-16,22.706274540880322,22.706274540880322,22.4724814349674,22.60708999633789,2119500
2016-09-19,22.663765882734626,22.862136312698432,22.63542802204723,22.840883255004883,4242400
2016-09-20,23.003833255705505,23.003833255705505,22.798377990722656,22.798377990722656,3387100
2016-09-21,22.770038519691,23.12427061290978,22.550415000256052,23.060508728027344,2247900
2016-09-22,23.2163700058434,23.556432466005923,23.2163700058434,23.51392364501953,1728200
2016-09-23,23.42891154808222,23.69812870850578,23.265965101729584,23.606027603149414,19150800
2016-09-26,23.485586883273083,23.691039426076895,23.471417276428653,23.655616760253906,2998900
2016-09-27,23.641448537306058,23.691040812876455,23.42182637480182,23.450162887573242,3562300
2016-09-28,23.457250412383075,23.627280309245076,23.4218277424182,23.613113403320312,4122700
2016-09-29,23.506835897996325,23.58476737094481,23.24470497291335,23.322633743286133,2674400
2016-09-30,23.386399504938836,23.577685142407606,23.188030415375433,23.21636962890625,2058000
2016-10-03,23.138436430952865,23.16677564238684,22.734612127034573,22.770034790039062,2344800
2016-10-04,22.77712506743145,22.77712506743145,22.297493421230403,22.42289161682129,3262600
2016-10-05,22.42997492503452,22.56458349216008,21.930507752353197,22.00489616394043,4848700
2016-10-06,21.90570997538381,22.196180147608914,21.700254738240773,22.04740333557129,2438800
2016-10-07,22.097001566152244,22.38747181672165,21.89154627359475,21.990732192993164,1711500
2016-10-10,21.997813133558488,22.18555706768826,21.962390463648543,22.07574462890625,2403900
2016-10-11,22.01906436923923,22.104080656559987,21.836989115544984,21.905710220336914,1770400
2016-10-12,21.94113202001133,22.21743392944336,21.91279415954712,22.21743392944336,1411700
2016-10-13,22.153673277668215,22.344958913694875,22.047403930304984,22.288280487060547,3299300
2016-10-14,22.359125638317803,22.479564584094142,22.21034883245243,22.25994110107422,2381400
2016-10-17,22.259944090200058,22.39455265974051,22.24577448260882,22.281198501586914,1148300
2016-10-18,22.422893913710897,22.5362480890023,22.347797414442315,22.394556045532227,4753200
2016-10-19,22.50082480281504,22.50082480281504,22.274116458409985,22.479570388793945,1515600
2016-10-20,22.366210202465385,22.550411020586193,22.291821800326588,22.401634216308594,1977100
2016-10-21,22.245773066348796,22.394551234008635,22.210350400914013,22.387466430664062,1295700
2016-10-24,22.422888712525133,22.64251220729758,22.345666654580018,22.415803909301758,1108700
2016-10-25,22.337874158540142,22.408719489409705,22.252857869693365,22.387466430664062,1402700
2016-10-26,22.245769283750025,22.31661595386112,21.95529915245359,22.09699249267578,1481900
2016-10-27,22.040321083704423,22.040321083704423,21.50542987080414,21.572734832763672,1409100
2016-10-28,21.643578045276698,21.810067543733428,21.55856310869866,21.629409790039062,2338200
2016-10-31,21.678999222232697,21.948214954520623,21.6237383045354,21.92696189880371,1071400
2016-11-01,21.870290902582887,21.892252039243317,21.399161551184132,21.49480438232422,3438600
2016-11-02,21.431039036280044,21.48063130710006,21.161823272705078,21.161823272705078,1699300
2016-11-03,21.126400205796397,21.19724688927334,21.027215659701533,21.06972312927246,1922500
2016-11-04,21.09097918593039,21.289348293603553,21.0201324969236,21.21141815185547,1757400
2016-11-07,21.35310392608287,21.6152361932654,21.346019124127903,21.60106658935547,2997600
2016-11-08,21.523143355047306,21.79944533186772,21.508975097003642,21.73568344116211,1513400
2016-11-09,21.02721412933185,21.426787287051276,20.885520772690466,21.246837615966797,4760900
2016-11-10,21.14766121457733,21.161830825951444,20.597892184600624,20.928037643432617,5345000
2016-11-11,20.878435017415672,21.190159577035434,20.878435017415672,20.949281692504883,3702500
2016-11-14,20.835931818971318,21.445211457683577,20.68715498698151,21.36019515991211,4315200
2016-11-15,21.374363672768787,21.62232639799993,21.105147887650034,21.218502044677734,3161100
2016-11-16,21.126397061632115,21.317682673165095,21.04138213514272,21.204328536987305,2059000
2016-11-17,21.15473670849175,21.31768311370369,20.970535895574283,21.005958557128906,1573600
2016-11-18,20.970539404738616,21.11931622970953,20.89969271848612,21.04846954345703,1276900
2016-11-21,21.07681088853417,21.239757337480874,20.977626328529787,20.99179458618164,1584900
2016-11-22,21.04846391418515,21.38852764699172,21.020126058035807,21.353103637695312,2567200
2016-11-23,21.16182107374261,21.2680904074983,21.048465586276926,21.204328536987305,1666200
2016-11-25,21.211411852541232,21.416865703228705,21.211411852541232,21.29642677307129,790000
2016-11-28,21.253929678705006,21.52668860506967,21.253929678705006,21.37436866760254,1957300
2016-11-29,21.331849991822697,21.64357315725954,21.331849991822697,21.523134231567383,1769200
2016-11-30,21.324773010718474,21.434584098544214,21.18307962807387,21.261011123657227,2233900
2016-12-01,21.126399540840936,21.192995069878258,20.83592936388733,20.93511390686035,2486800
2016-12-02,20.998877225591293,21.33964912363883,20.93511534322305,21.133485794067383,2399200
2016-12-05,21.133487049303046,21.328314434205392,21.087436497904527,21.303518295288086,1608800
2016-12-06,21.331858457088796,21.523142772742133,21.296434434717224,21.395620346069336,1341000
2016-12-07,21.416872577290256,21.877374039948243,21.416872577290256,21.841951370239258,2068400
2016-12-08,21.615236978968753,22.04740045491599,21.615236978968753,21.955299377441406,1703900
2016-12-09,21.9198785346855,22.14658681912661,21.912793731885717,21.941131591796875,1664600
2016-12-12,21.856116394686207,22.177759411182947,21.813608929693004,22.1678409576416,2744800
2016-12-13,22.252855681569375,22.302447948816887,22.066529290664054,22.224517822265625,2182100
2016-12-14,22.203267263905836,22.24577473587534,21.77110368647002,21.83486557006836,3364000
2016-12-15,21.77110525096389,21.909255558258522,21.61524360834989,21.657751083374023,3224700
2016-12-16,21.73783451626401,22.0841402703057,21.708976506147113,21.961490631103516,3455600
2016-12-19,22.02641933612227,22.22842950276773,21.968701949067704,22.156282424926758,2260000
2016-12-20,22.12020707403177,22.271716057983415,22.044453270101396,22.17070960998535,1764200
2016-12-21,22.185145086112957,22.322224416666035,21.874913568799215,21.88934326171875,1871800
2016-12-22,21.817193564715225,21.877796616421975,21.648370581233408,21.86048126220703,1399800
2016-12-23,21.874905288717482,21.95426719364363,21.809973071248947,21.88212013244629,931600
2016-12-27,21.9326254721194,22.019202231865208,21.846050088464505,21.93984031677246,1143600
2016-12-28,21.925412422258827,21.97591496287342,21.727008994376764,21.77390480041504,2570500
2016-12-29,21.795545114843065,22.054552933742535,21.737827736519296,21.97591209411621,1526200
2016-12-30,21.954271073976997,22.23564314867826,21.918196848956978,22.18514060974121,1853300
2017-01-03,22.26450473219266,22.35035905688257,22.10145307201983,22.25728988647461,2682300
2017-01-04,22.27171389178121,22.5783371880141,22.26449904790516,22.53865623474121,1838000
2017-01-05,22.42323082228267,22.668530111851666,22.245749442080033,22.65410041809082,2198800
2017-01-06,22.545880467067168,22.762320369114477,22.538665620186745,22.65410041809082,1747500
2017-01-09,22.68295593931508,22.704599100175944,22.480944389370034,22.509803771972656,2125400
2017-01-10,22.473727108136544,22.509801332480286,22.206784728447595,22.22842788696289,1582700
2017-01-11,22.19235641553244,22.267389155513346,22.091351333285466,22.10577964782715,2192400
2017-01-12,22.033635536827287,22.217609289351685,21.925414225363497,22.192358016967773,1481100
2017-01-13,22.127429360556835,22.24286416044286,22.09856997253965,22.14185905456543,1469600
2017-01-17,22.127421271652164,22.336646253926997,22.076918737175166,22.32221794128418,1759100
2017-01-18,22.35107618504855,22.466510943988062,22.28614396113372,22.37272071838379,1575700
2017-01-19,22.278932044429098,22.300576580608706,22.109387994007523,22.156282424926758,1631100
2017-01-20,22.14185214493336,22.315004290728176,22.11299276592209,22.293359756469727,1605100
2017-01-23,22.250073897301288,22.47372859870255,22.250073897301288,22.43044090270996,3551400
2017-01-24,22.379939014217076,22.51701695154083,22.34386478642839,22.43765640258789,1890200
2017-01-25,22.545876409114744,22.545876409114744,22.237809520834414,22.30057716369629,1630800
2017-01-26,22.300575854256845,22.43765516008078,22.26450300455681,22.28614616394043,1486000
2017-01-27,22.34386723411684,22.36551177316113,22.019207404999886,22.098567962646484,1649800
2017-01-30,22.011986315625347,22.120206227971064,21.910981247581457,21.97591209411621,2281100
2017-01-31,22.019204490729066,22.278932044429098,22.011989645335866,22.156282424926758,1712200
2017-02-01,22.12742196538544,22.27171610506433,21.896552442771938,21.910982131958008,1835900
2017-02-02,21.874907862750746,22.199568988296484,21.874907862750746,22.17070960998535,2040600
2017-02-03,22.300578471442268,22.379940401405428,22.22843138748405,22.31500816345215,1745200
2017-02-06,22.271714800639952,22.329432177912896,22.149065201923587,22.17792320251465,1362600
2017-02-07,22.221218964002748,22.271722891543185,22.109392278962943,22.1346435546875,1496700
2017-02-08,22.105776738551654,22.36911236553233,22.105776738551654,22.32221794128418,1378900
2017-02-09,22.32221967109886,22.430439592805975,22.286145446469178,22.4160099029541,1821600
2017-02-10,22.37993639993712,22.581946547591897,22.351077021077337,22.56751823425293,1524500
2017-02-13,22.610805156847956,22.71181022723744,22.49537039751973,22.675737380981445,1896700
2017-02-14,22.618022026555813,22.633893860155087,22.358293106765498,22.560304641723633,2444600
2017-02-15,22.401583059700997,22.54587722437344,22.293363124242234,22.49537467956543,3360300
2017-02-16,22.47372615834989,22.762313060448797,22.466511313786057,22.589160919189453,3238300
2017-02-17,22.567525007708433,22.719032663923283,22.520629191031357,22.65410041809082,3247900
2017-02-21,22.618020663055326,22.989576219508024,22.610805818374867,22.964324951171875,4280800
2017-02-22,22.971538180189636,23.065328402257204,22.783956359963682,22.87774658203125,2463200
2017-02-23,22.9715394402195,23.05811482286287,22.848889834732322,23.02925682067871,1938400
2017-02-24,23.029262929051626,23.155520678357743,22.921042983997285,23.144699096679688,2542500
2017-02-27,23.151906727391633,23.33948718425647,23.151906727391633,23.260128021240234,1902400
2017-02-28,23.195196872944262,23.294035983532275,23.139644080161172,23.18798065185547,2041100
2017-03-01,23.130271911621094,23.265907737578623,23.02926542600629,23.130271911621094,3039800
2017-03-02,23.08697820346851,23.151910439753056,22.99318795999702,23.05811882019043,2142800
2017-03-03,23.00761461060689,23.0581171515978,22.776745065453582,22.985971450805664,1804500
2017-03-06,22.884968457443282,22.942685852469836,22.787570095318863,22.892183303833008,2279600
2017-03-07,22.8777474677624,22.884962312214746,22.693052678927696,22.812816619873047,1645900
2017-03-08,22.690165556607493,22.75509777641035,22.462902787297494,22.473724365234375,1665900
2017-03-09,22.466512684442474,22.556696182856054,22.14906776081217,22.18514060974121,3171600
2017-03-10,22.300571481705106,22.480938447022094,22.03362914364678,22.16349220275879,1691100
2017-03-13,22.163498633619792,22.298413360980213,22.123819045653022,22.192358016967773,1929300
2017-03-14,22.16349220275879,22.23563926410373,22.07691683001745,22.16349220275879,2139600
2017-03-15,22.21399863450632,22.69016736699224,22.21399863450632,22.589160919189453,3130200
2017-03-16,22.581943921906742,22.682950360080667,22.48093885982358,22.53865623474121,1667700
2017-03-17,22.566254482914353,22.68750803426226,22.51542980688452,22.58077621459961,2376300
2017-03-20,22.580769300601652,22.68604974578113,22.544464982504522,22.602550506591797,1573300
2017-03-21,22.6533769200443,22.755026242631796,22.55535733689143,22.566247940063477,3225200
2017-03-22,22.609806474988748,22.636671526077293,22.40650787713329,22.617067337036133,3095500
2017-03-23,22.580774190084288,22.918396804719308,22.580774190084288,22.784072875976562,2233400
2017-03-24,22.8276335287574,22.892979917622217,22.702748888078986,22.762287139892578,3880200
2017-03-27,22.71146903002979,22.794966909917168,22.533581279056808,22.58077621459961,3656300
2017-03-28,22.566256994340645,22.740513639351267,22.464607630968295,22.711471557617188,2237100
2017-03-29,22.65338376150148,22.798596925500554,22.62434029778052,22.791336059570312,1632300
2017-03-30,22.74050802561248,22.86393995846643,22.59892462304703,22.8421573638916,1888600
2017-03-31,22.81311480697978,23.016414864107933,22.784071348160754,22.94380760192871,2066900
2017-04-03,22.987372529680364,23.016415989920006,22.88209206361428,22.972850799560547,1877400
2017-04-04,22.97284761230775,23.089018667411924,22.890075423950677,22.907501220703125,1737500
2017-04-05,22.9292858725192,23.067239532172884,22.907503278404928,22.94380760192871,2115200
2017-04-06,22.92928840455211,23.089023291090914,22.83489992270384,23.07450294494629,1374700
2017-04-07,23.074498349158844,23.190669404388803,23.03819402885685,23.103540420532227,1401000
2017-04-10,23.16163013816394,23.29232433002593,23.081763388787817,23.263280868530273,1474200
2017-04-11,23.277803377054642,23.41502999806189,23.25239103983108,23.372190475463867,1626600
2017-04-12,23.33588409423828,23.43753342815682,23.292321676694115,23.33588409423828,1814200
2017-04-13,23.33588364119228,23.39106510278199,23.27053724640806,23.285058975219727,2052000
2017-04-17,23.30683946538717,23.560965557155804,23.30683946538717,23.55370330810547,2002800
2017-04-18,23.495614852812835,23.640829340070628,23.444790197733003,23.611785888671875,4023300
2017-04-19,23.633574279889952,23.66334341116679,23.528293813853136,23.56096839904785,1692800
2017-04-20,23.53918157974128,23.582746764833853,23.437532250928417,23.55370330810547,2695000
2017-04-21,23.52466347239796,23.626312804889196,23.41575189059359,23.473838806152344,2376700
2017-04-24,23.56822519109437,23.5972686480133,23.067238023057072,23.241493225097656,1928000
2017-04-25,23.28505990924805,23.328625097430574,23.201562042534057,23.292322158813477,1458500
2017-04-26,23.248760276919228,23.299584952158455,23.074503654012503,23.096284866333008,1489400
2017-04-27,23.10354083258745,23.248755346648927,23.0672378965062,23.110801696777344,1436500
2017-04-28,23.08176280359484,23.1035440142959,22.863941002505257,22.980112075805664,1816500
2017-05-01,23.01641595064024,23.16671156403182,22.929286954938423,23.12532615661621,2636700
2017-05-02,23.103543972154988,23.21318123599247,23.030936705257563,23.132587432861328,1845600
2017-05-03,23.096288294155784,23.18341731097462,22.791338812592976,22.849424362182617,2193400
2017-05-04,22.733250692219976,22.895165372462035,22.60981874019166,22.871204376220703,1428400
2017-05-05,22.892980449945497,23.059976165430616,22.892980449945497,23.052715301513672,1717400
2017-05-08,23.023675432675653,23.113708497430057,22.813115885754257,22.92928695678711,1279800
2017-05-09,22.900244282757804,22.936547222180813,22.762290620187308,22.8421573638916,1770200
2017-05-10,22.84215569214644,23.045455738694166,22.798591891053455,22.965587615966797,1520300
2017-05-11,22.86394078150148,22.87846251174077,22.67516244299595,22.856679916381836,1999100
2017-05-12,22.849418977155196,22.878462437539582,22.740508770450575,22.76955223083496,1506800
2017-05-15,22.769555022151,22.98737546226281,22.76519822558556,22.871204376220703,2380100
2017-05-16,22.856673268673013,22.863934131680885,22.700568176173793,22.755023956298828,1369100
2017-05-17,22.689684727495887,23.0091558762222,22.689684727495887,22.900245666503906,2978800
2017-05-18,22.834897401094047,22.991002530075455,22.718726335554628,22.94380760192871,2455800
2017-05-19,22.92202753904555,23.183413157807678,22.82763905719728,23.07450294494629,1397300
2017-05-22,23.074501896317074,23.21245418006691,23.030936705257563,23.132587432861328,1371300
2017-05-23,23.154367858214204,23.256017197501983,23.12532578336129,23.16162872314453,1995000
2017-05-24,23.139846769911326,23.328625097430574,23.139846769911326,23.292322158813477,1051700
2017-05-25,23.3358808484418,23.48690348632544,23.256012734404226,23.379446029663086,1042900
2017-05-26,23.386709771011283,23.428823618122124,23.176150229535665,23.234235763549805,1352100
2017-05-30,23.226977447125496,23.277803506724265,23.161631041081314,23.16889190673828,898800
2017-05-31,23.19793383458217,23.27780196665618,23.0962831069784,23.132587432861328,1616300
2017-06-01,23.139847551174636,23.24149550576075,23.034567086814832,23.20519256591797,1563000
2017-06-02,23.335880592721775,23.457134104235916,23.285055933388673,23.408489227294922,1224900
2017-06-05,23.372185947140856,23.408491653057798,23.23423368176054,23.350404739379883,1287600
2017-06-06,23.35766428303688,23.35766428303688,23.21971201727671,23.241493225097656,1316500
2017-06-07,23.270539338325968,23.386710409526003,23.197933457477248,23.36492919921875,1078800
2017-06-08,23.357661279298526,23.401226459074547,23.067235056666828,23.256011962890625,2293800
2017-06-09,23.2197146677845,23.42301334995036,23.154368267125932,23.36492919921875,1787600
2017-06-12,23.29958035216476,23.524662990741593,23.24149343779531,23.51740074157715,3136000
2017-06-13,23.56096540856821,23.590008865113433,23.43027262385118,23.57548713684082,1567300
2017-06-14,23.771527488795595,23.807830426403118,23.571857177349315,23.648094177246094,2232900
2017-06-15,23.546448446416033,23.831795063744746,23.48836152156801,23.76426887512207,1347300
2017-06-16,23.802337772115763,23.8169811949354,23.655909129814056,23.751087188720703,1754100
2017-06-19,23.773058735649393,23.795022478039634,23.663234437802352,23.765735626220703,6082200
2017-06-20,23.787695760198815,23.846266655127113,23.56365391772762,23.7218017578125,2348900
2017-06-21,23.729124107348838,23.75108784571218,23.546085506461253,23.67055320739746,1659900
2017-06-22,23.64126463463525,23.758409218931376,23.57756588790655,23.685192108154297,5944300
2017-06-23,23.685196678210136,23.88287872603017,23.682269668982606,23.787700653076172,8197700
2017-06-26,23.824305739740968,23.997094229307855,23.824305739740968,23.897520065307617,2483200
2017-06-27,23.831622582273596,24.040286451973408,23.802335739135742,23.802335739135742,2173300
2017-06-28,23.860909921138887,23.919480815684363,23.78037249731011,23.831623077392578,2715000
2017-06-29,23.677867413062362,23.73643829790101,23.54607943099206,23.590009689331055,3041700
2017-06-30,23.611977947733198,23.758409377316337,23.509476784909168,23.57537078857422,1256800
2017-07-03,23.677876449796337,23.838951332234025,23.590018692533842,23.795021057128906,1035700
2017-07-05,23.736445611690417,23.853593003357098,23.443585511366344,23.509479522705078,2908600
2017-07-06,23.428935597252668,23.43625591073023,23.055536768594646,23.084823608398438,1840000
2017-07-07,23.07750544848422,23.27518745814928,23.07750544848422,23.21661376953125,1325000
2017-07-10,23.23125706658393,23.28250764737512,23.026254743419162,23.0335750579834,1098200
2017-07-11,23.011616463067313,23.08483219333133,22.85054157719169,22.996973037719727,1279300
2017-07-12,23.121434686322903,23.377688992209258,23.121434686322903,23.297151565551758,1910800
2017-07-13,23.30446684048331,23.381342692075442,23.260537981926838,23.341073989868164,1181500
2017-07-14,23.42161764786456,23.60465763308029,23.42161764786456,23.57537078857422,1167400
2017-07-17,23.55340413545589,23.67055151286709,23.51679697648849,23.62662124633789,2285100
2017-07-18,23.626622661536725,23.692516668803876,23.560728654269575,23.597335815429688,2302900
2017-07-19,23.590011738667293,23.77305030822754,23.52411774190773,23.77305030822754,4613900
2017-07-20,23.824301711879826,23.8535885543341,23.69251371378263,23.707157135009766,1048300
2017-07-21,23.692516290389484,23.773053719423817,23.63394259911094,23.751087188720703,1201000
2017-07-24,23.751085987997314,23.773052517589925,23.619297982230393,23.73644256591797,1091500
2017-07-25,23.743765673431234,23.743765673431234,23.57537050893954,23.73644256591797,2142800
2017-07-26,23.7437575276944,23.992690031747987,23.67786354741709,23.93411636352539,1903800
2017-07-27,23.838942752837465,23.982444356409218,23.663224508603967,23.91215705871582,2164700
2017-07-28,23.86091290252429,23.992700922902255,23.80966231603814,23.897520065307617,2060200
2017-07-31,23.882876061545097,23.908501354165793,23.692517143926686,23.860912322998047,1526500
2017-08-01,23.904844241394006,24.04395258336321,23.75841279077254,23.963415145874023,2364500
2017-08-02,23.90483947860412,23.90483947860412,23.758408057157585,23.84626579284668,1712500
2017-08-03,23.83162813507102,23.912165575991896,23.71448352817186,23.787700653076172,1101300
2017-08-04,23.76573146771513,23.912162908239445,23.76573146771513,23.860912322998047,939600
2017-08-07,23.838945478600532,23.89751637141091,23.743764635718225,23.84626579284668,781900
2017-08-08,23.802336568801433,23.838946520473385,23.663228248468428,23.73644256591797,1070700
2017-08-09,23.736448774401772,23.795022478039634,23.648591011892886,23.765735626220703,1134400
2017-08-10,23.69983528143941,23.736442439969938,23.542421986105676,23.553403854370117,1412000
2017-08-11,23.487514928982186,23.5753726765892,23.30008162278538,23.399654388427734,1548100
2017-08-14,23.487517423337835,23.82064626457231,23.480194314373534,23.787700653076172,1196900
2017-08-15,23.70715010219013,23.751077559893265,23.593664319582597,23.743757247924805,2138100
2017-08-16,23.76572407060299,23.901173599694935,23.76572407060299,23.816974639892578,1043500
2017-08-17,23.78037045106731,23.864569421356045,23.648582458496094,23.648582458496094,1376000
2017-08-18,23.59733285662579,23.59733285662579,23.406972570219846,23.472867965698242,1276900
2017-08-21,23.502152119884546,23.765728117078275,23.443581227700957,23.7144775390625,1094500
2017-08-22,23.75841042254607,23.80966100621281,23.604658671545856,23.69983673095703,1150200
2017-08-23,23.67787030795547,23.978053460939424,23.655906572573993,23.94144630432129,974000
2017-08-24,23.978057499199426,24.10984551957739,23.89019974992995,23.897520065307617,1595100
2017-08-25,23.98537494503856,24.09519921319698,23.904840313729167,24.01466178894043,1063600
2017-08-28,24.043949500518767,24.058592922998137,23.824303749222704,23.89019775390625,895100
2017-08-29,23.868224303467528,23.978048543747242,23.860903990823893,23.875547409057617,2577300
2017-08-30,23.853591138604592,23.99269946591268,23.75841028678994,23.985376358032227,963600
2017-08-31,24.065907116554076,24.190374779496516,24.014656547385584,24.102514266967773,1816200
2017-09-01,24.131801104477354,24.197695092400636,24.073230222404742,24.102514266967773,1656200
2017-09-05,24.117165939797932,24.18305995027337,23.934127332138104,24.08055877685547,2346200
2017-09-06,24.153780296422482,24.234314952390037,24.08422471909576,24.117170333862305,2529300
2017-09-07,24.153772783115272,24.347793235360673,24.117162831943038,24.300201416015625,1652700
2017-09-08,24.270914665914535,24.391717995327475,24.219664091509816,24.30752182006836,1102000
2017-09-11,24.329492177190723,24.497887366498016,24.329492177190723,24.483243942260742,1267500
2017-09-12,24.461278846191743,24.483242584856143,24.120826932156334,24.219669342041016,1335600
2017-09-13,24.205030892469114,24.205030892469114,24.02931256820351,24.117170333862305,1286700
2017-09-14,24.08056583042055,24.292891347806734,23.985384944532203,24.285568237304688,1492500
2017-09-15,24.238370877352814,24.371103286743164,24.17938025815803,24.371103286743164,3210600
2017-09-18,24.334227028116384,24.41165377655963,24.171997947781456,24.23099136352539,1012300
2017-09-19,24.23098778007162,24.25310890122372,23.92127801913987,23.98764419555664,1991000
2017-09-20,24.02452603998048,24.076143885179373,23.810679073892715,23.921287536621094,1283800
2017-09-21,23.90653579967798,24.039268186558854,23.877041901563157,23.884414672851562,2548100
2017-09-22,23.862294414845064,23.936033382258724,23.652872259318254,23.67794418334961,1542300
2017-09-25,23.68531535467153,23.832796092496007,23.67056699959297,23.766429901123047,1180600
2017-09-26,23.79592691468028,23.85491752278554,23.744309077727745,23.788551330566406,1360500
2017-09-27,23.707438172095923,23.75905600594812,23.50833820091654,23.589452743530273,1612400
2017-09-28,23.567328404673656,23.773802537209736,23.55258145790426,23.75905418395996,1318900
2017-09-29,23.72217925912005,23.79592101717714,23.648440314023404,23.773799896240234,2488500
2017-10-02,23.80330011712485,23.848282179558844,23.677943314529113,23.68531608581543,1814800
2017-10-03,23.685316954906458,23.741359582806908,23.627063339427345,23.67794418334961,2533700
2017-10-04,23.685316092530247,23.896952040891406,23.633698254627816,23.884414672851562,1743100
2017-10-05,23.913911518829742,24.046643906459387,23.913911518829742,23.95815658569336,1766800
2017-10-06,23.847547226970907,23.917601218518474,23.663196986444838,23.89179229736328,1274600
2017-10-09,23.921285025471978,23.99502680584474,23.854918829617137,23.943408966064453,1148000
2017-10-10,23.99502255390058,24.135127692340106,23.937505944474736,23.980274200439453,987300
2017-10-11,24.009770930430584,24.149876069004723,23.980274223479984,24.113006591796875,1176400
2017-10-12,24.135127312894724,24.29735638545582,24.09825783630195,24.282608032226562,2136200
2017-10-13,24.385847524990684,24.420506019879245,24.260490722278746,24.34897804260254,1857900
2017-10-16,24.326854257628835,24.393220443860315,24.212555217865187,24.23099136352539,1423900
2017-10-17,24.194121885165877,24.253112487948922,24.149876823357925,24.23099136352539,1767600
2017-10-18,24.208872444038132,24.26786305219402,24.14250625176204,24.186748504638672,1294100
2017-10-19,24.179378377285058,24.230996219925853,24.079827671505342,24.1720027923584,1472800
2017-10-20,24.179382636452704,24.20887935543224,24.050338007119663,24.1351375579834,1253000
2017-10-23,24.18674361616359,24.18674361616359,24.017141784172708,24.04663848876953,1095700
2017-10-24,24.009776338781506,24.068766953009906,23.81067774145798,23.89179229736328,1940700
2017-10-25,23.825421418983115,23.895472583811316,23.69268904683584,23.832794189453125,1912300
2017-10-26,23.921285330812402,23.921285330812402,23.6189510598282,23.70006561279297,1646400
2017-10-27,23.655826725010616,23.825428626738297,23.497283982333613,23.7369384765625,2042500
2017-10-30,23.655822194415425,24.01714705973244,23.655822194415425,23.884414672851562,1738800
2017-10-31,23.869669386015783,23.965532302856445,23.722188624636665,23.965532302856445,2091600
2017-11-01,24.00239957740137,24.039269061107106,23.90285169009976,23.943408966064453,2057700
2017-11-02,24.0024006087935,24.29220033283674,23.972903895376913,24.14988136291504,2972100
2017-11-03,24.017148965501796,24.186750848205065,23.96553112350347,24.14988136291504,2023300
2017-11-06,24.289984195486817,24.61812736503487,24.26786306903315,24.518579483032227,2303700
2017-11-07,24.555445622273115,24.784040878702,24.555445622273115,24.74717140197754,2246700
2017-11-08,24.754544937490554,24.983140200987066,24.673430398412407,24.931522369384766,2190800
2017-11-09,24.850407830306622,25.04950638632729,24.577570318557193,24.931522369384766,1663300
2017-11-10,24.843032246957236,25.005261325113526,24.786989627937473,24.931522369384766,1760800
2017-11-13,24.99789341775238,25.08932872797773,24.931527219501444,25.005266189575195,1510300
2017-11-14,24.99051943977733,25.034764512443235,24.894656522148658,24.98314666748047,2062000
2017-11-15,24.968395667217187,24.990516794728002,24.77666985225251,24.79879379272461,1761200
2017-11-16,24.784048670064394,24.96102333916165,24.784048670064394,24.894657135009766,2092100
2017-11-17,24.791413648862587,24.92414601543926,24.739795818856187,24.74717140197754,1758600
2017-11-20,24.769301210520073,24.79879792742667,24.65868992860122,24.688186645507812,1567000
2017-11-21,24.76192651324998,24.846726051563536,24.715467640603965,24.8209171295166,1228600
2017-11-22,24.806165692673666,24.828286819407253,24.695557246044544,24.73979949951172,881100
2017-11-24,24.769300320599054,24.86516324062041,24.769300320599054,24.828290939331055,407300
2017-11-27,24.850408105670304,24.87252923004188,24.754545211791992,24.754545211791992,652400
2017-11-28,24.776666460700145,24.798790398143808,24.57019513096526,24.695554733276367,1720900
2017-11-29,24.688170625279653,24.708080755623776,24.489072134798377,24.636552810668945,2106900
2017-11-30,24.695558113355354,24.739800368376322,24.57757407836397,24.666061401367188,2192500
2017-12-01,24.710302352905273,24.80616525532935,24.503831005802155,24.710302352905273,3029400
2017-12-04,24.747180570595088,24.83566791010975,24.385852813720703,24.385852813720703,1627500
2017-12-05,24.415351029336996,24.43747216233256,24.28261860543965,24.28999137878418,1918200
2017-12-06,24.30473076801853,24.378472539057015,24.216243455733288,24.326854705810547,1815200
2017-12-07,24.356349949618906,24.452212850795384,24.260489861403528,24.42271614074707,1290400
2017-12-08,24.466958266010614,24.52594886605818,24.415340436108714,24.481706619262695,1444000
2017-12-11,24.474332817143527,24.54069900512695,24.389533295974186,24.540699005126953,1670700
2017-12-12,24.62181706886901,24.72431575507256,24.459587961049394,24.65131378173828,1017900
2017-12-13,24.68817549054913,24.82828061310856,24.629184896351653,24.643930435180664,1735300
2017-12-14,24.666061401367188,24.754548724370405,24.62919191786262,24.666061401367188,981400
2017-12-15,24.751794034023263,24.803981322846088,24.64667148597105,24.74433708190918,1770300
2017-12-18,24.78907112119454,24.941907360893477,24.78907112119454,24.82634735107422,1096400
2017-12-19,24.82635128432439,24.83380823787816,24.31193240489949,24.35666275024414,1713000
2017-12-20,24.356664433052487,24.399907372266334,24.08827381045794,24.095727920532227,1431000
2017-12-21,24.155369415185493,24.17027763362946,23.96898540069793,24.013715744018555,1218500
2017-12-22,24.05099099122811,24.200098765498662,24.006260649742917,24.170276641845703,1012800
2017-12-26,24.18518841351234,24.34175314528846,24.140458070714303,24.297019958496094,811600
2017-12-27,24.356660894983538,24.438670313861344,24.319384662037518,24.393939971923828,4420200
2017-12-28,24.416309268207527,24.54304905043647,24.34921089997022,24.535594940185547,1133100
2017-12-29,24.572875392004,24.632519660215316,24.50577701226389,24.557964324951172,925600
2018-01-02,24.59523160199729,24.632507829728738,24.386479607512214,24.416301727294922,1744200
2018-01-03,24.4461293846987,24.483405620874088,24.349208895447077,24.42376136779785,1715100
2018-01-04,24.416302212038637,24.416302212038637,24.006258010864258,24.006258010864258,1824100
2018-01-05,24.058448791503906,24.0994535019724,23.991350432918594,24.058448791503906,1400200
2018-01-08,24.08827450004628,24.252290522328096,24.06590648119371,24.222471237182617,990600
2018-01-09,24.20755259406148,24.222463653963462,23.931702251865595,23.946613311767578,1277200
2018-01-10,23.83478904123963,23.842244573015734,23.46202098441826,23.5738525390625,2174500
2018-01-11,23.6334942663229,23.663314970035795,23.374046607435442,23.42474365234375,1343200
2018-01-12,23.402375548497496,23.43219767228394,23.18840764051796,23.25326919555664,1657200
2018-01-16,23.394919654573712,23.74532249364226,23.312911659427613,23.36509895324707,5520200
2018-01-17,23.432199733279063,23.566396458127187,23.342734776047898,23.499298095703125,1713400
2018-01-18,23.46201877649579,23.469474307570277,23.238358532249705,23.275634765625,2276600
2018-01-19,23.335273586779365,23.454559219501803,23.260721132825527,23.43964958190918,1641000
2018-01-22,23.454564206686218,23.670770350715987,23.432199034543284,23.663314819335938,2095700
2018-01-23,23.715502186733183,24.028627395629883,23.670770420318572,24.028627395629883,1873300
2018-01-24,23.961530685424805,24.050994224416065,23.864610192520736,23.961530685424805,2990100
2018-01-25,23.94661613694095,23.961527198602113,23.756505077751026,23.909339904785156,2115900
2018-01-26,23.916795216432423,23.98165534401382,23.790052623006794,23.976436614990234,1472300
2018-01-29,23.9093373795386,23.93915949971118,23.678221636188923,23.70058822631836,2092900
2018-01-30,23.596210775957548,23.69313123855846,23.52165690210997,23.603666305541992,2347200
2018-01-31,23.640950606203216,24.095728112208775,23.506755293838445,24.088274002075195,4213100
2018-02-01,24.01371372745463,24.17027560391817,23.603669498814547,23.648401260375977,3937800
2018-02-02,23.40983130693751,23.58130425438455,23.230902828471407,23.3800106048584,3719200
2018-02-05,23.298000739589277,23.551483101395778,22.731393190962812,22.776124954223633,7652400
2018-02-06,22.582287458464435,22.858134998464454,22.231884607657445,22.731393814086914,6741200
2018-02-07,22.679201444047067,23.02214726504207,22.604647571918683,22.62701416015625,10201500
2018-02-08,22.57482694805671,22.79103161372007,21.903843518764255,21.91875457763672,10497600
2018-02-09,22.030584086483355,22.604647039761478,21.747281085461196,22.43317413330078,9654500
2018-02-12,22.530102701751584,22.604656603668175,21.948585395196464,22.492826461791992,5294500
2018-02-13,22.43317724324959,22.7239358138171,22.358623362540822,22.656837463378906,3049300
2018-02-14,22.440641935410557,22.538307573233183,22.17224842408017,22.515195846557617,4055300
2018-02-15,22.530102230845817,22.761219464156365,22.433183155778153,22.723941802978516,2924100
2018-02-16,22.72393909207152,22.977421469851613,22.716483560725376,22.873046875,7702800
2018-02-20,22.753765495735376,22.992336855680588,22.6270242830148,22.641935348510742,12237200
2018-02-21,22.63448160789425,22.71648963062015,22.224435806274414,22.224435806274414,3924000
2018-02-22,22.313897367844074,22.67175438130429,22.313897367844074,22.477914810180664,2969600
2018-02-23,22.574833312002408,22.887958526611328,22.522644591236553,22.887958526611328,3106500
2018-02-26,22.955055341005476,22.99233157418526,22.8186218248525,22.9699649810791,2436200
2018-02-27,22.99233515577808,22.999790687974837,22.477914810180664,22.477914810180664,5371800
2018-02-28,22.5971959476371,22.783579949169567,22.448089599609375,22.448089599609375,3312500
2018-03-01,22.455545003112718,22.686660765544655,22.26170547197729,22.336257934570312,5627200
2018-03-02,22.254251774635293,22.306439071548457,22.07532329007708,22.261707305908203,4863200
2018-03-05,22.172240878916075,22.653111949077807,22.112598054694264,22.574831008911133,2574200
2018-03-06,22.567379935974056,22.7313973794839,22.433183199467194,22.66429901123047,11143400
2018-03-07,22.545010970762586,22.813404415580298,22.49282367249186,22.76121711730957,19120500
2018-03-08,22.82831536510099,22.94014549255371,22.73139487851067,22.94014549255371,2200900
2018-03-09,22.947603532612465,23.08925437927246,22.8380087728103,23.08925437927246,2277300
2018-03-12,23.08924688951786,23.25773788200321,23.059426192209163,23.201078414916992,3270400
2018-03-13,23.260725125473176,23.387466309745196,23.178715705650937,23.275634765625,2837200
2018-03-14,23.33527363603718,23.383733868807,23.230899062683957,23.320363998413086,3261600
2018-03-15,23.342729165847686,23.421011517859515,23.215988003062947,23.320363998413086,3602400
2018-03-16,23.300118228107507,23.48009966025099,23.236375430008167,23.442604064941406,2807500
2018-03-19,23.442596921669693,23.442596921669693,23.07513476421838,23.210121154785156,4095700
2018-03-20,23.225127783852205,23.390111851553822,23.115639033277507,23.2026309967041,3647200
2018-03-21,23.202626199974322,23.270119408196436,22.887658371726157,22.992647171020508,4715800
2018-03-22,22.962652082523125,23.262621116543656,22.887659466426697,22.91015625,5319800
2018-03-23,22.947655598295952,22.977651789554642,22.490201881087025,22.550195693969727,6203100
2018-03-26,22.737674585466056,22.898908211936163,22.59518875571836,22.857662200927734,4544100
2018-03-27,22.86516686379977,23.21763038647587,22.64019039066448,22.895164489746094,6480500
2018-03-28,22.970157037634586,23.401363638462595,22.970157037634586,23.315122604370117,7058300
2018-03-29,23.39011112614106,23.420107318196713,23.221378075936258,23.307619094848633,4264100
2018-04-02,23.33761766134994,23.39011207234492,22.857665695755664,23.02264976501465,6294600
2018-04-03,23.067637469330034,23.183876078576812,22.88765607558226,23.105133056640625,7277400
2018-04-04,22.962649612900446,23.427601208035636,22.910153786023223,23.375106811523438,5217200
2018-04-05,23.41261090815463,23.416361326619793,23.195133839238277,23.397613525390625,3365500
2018-04-06,23.330114366828603,23.50259638288187,23.10513651816483,23.157630920410156,5657600
2018-04-09,23.20263327062452,23.352617110983875,23.093894020867243,23.15013885498047,3302000
2018-04-10,23.30761499926867,23.30761499926867,22.902657180301098,22.992647171020508,6040300
2018-04-11,22.925155799892767,23.26262186804599,22.925155799892767,23.052642822265625,2896700
2018-04-12,23.112635717607482,23.180128928570824,22.73017466560358,22.782669067382812,2634500
2018-04-13,22.790170720260083,22.94015596616716,22.760174529297853,22.902660369873047,3011700
2018-04-16,22.96265346779138,23.101388886201896,22.86516263187514,23.007648468017578,2515300
2018-04-17,23.075147304223112,23.45010906829421,22.991156235244784,23.315122604370117,2845800
2018-04-18,23.345111224242057,23.39760705567979,23.2551212310791,23.2551212310791,2118000
2018-04-19,23.17263614205903,23.19513436226067,22.73018115731917,22.86516761779785,2723000
2018-04-20,22.895154978300848,22.952149299629006,22.632681581773248,22.662677764892578,3173400
2018-04-23,22.66267951014631,22.790166516542357,22.598936722130812,22.70767593383789,1929900
2018-04-24,22.730178833007812,22.85766587371622,22.61769060423344,22.730178833007812,3914000
2018-04-25,22.692684638968917,22.767677272918178,22.522452547107477,22.655187606811523,2337900
2018-04-26,22.730178156000058,23.084893038884275,22.712179868288377,22.947656631469727,2621900
2018-04-27,22.88015958871478,23.330113845624997,22.752672573096305,23.2551212310791,3408300
2018-04-30,23.202633370305364,23.345117804704042,23.135140141225754,23.165136337280273,2895500
2018-05-01,23.202627346169486,23.34886216108627,23.114885885073342,23.330114364624023,3077000
2018-05-02,23.247624482523122,23.345113891314902,23.090890772738835,23.225126266479492,3362800
2018-05-03,23.195137408259452,23.311374651984984,23.097646538282035,23.217634201049805,3260600
2018-05-04,23.195128492421244,23.54759193752451,23.18762908758519,23.480098724365234,1804100
2018-05-07,23.51759558117923,23.57008998429281,23.42385516694349,23.525094985961914,1737500
2018-05-08,23.45009500595043,23.487590587726277,23.2813620272296,23.360103607177734,1693200
2018-05-09,23.36011482931573,23.540096282958984,23.29262160540383,23.540096282958984,1498200
2018-05-10,23.62258574097965,23.806317592770217,23.60008752534245,23.757572174072266,1628800
2018-05-11,23.765066254842825,23.855056236499248,23.615081044928832,23.645078659057617,1206700
2018-05-14,23.652582174864055,23.667579554170945,23.360111107718794,23.480098724365234,1882900
2018-05-15,23.330116253853678,23.330116253853678,23.01889737199075,23.0826416015625,2371100
2018-05-16,23.135137992913233,23.217628597177306,22.977653329562877,23.02264976501465,1562100
2018-05-17,23.00014977845693,23.037645374751044,22.842665127217966,22.902660369873047,1758200
2018-05-18,22.917661666870117,23.03764931195591,22.82017224162499,22.917661666870117,1395300
2018-05-21,22.970155957964366,23.213881665300946,22.820172117605015,23.15013885498047,1477100
2018-05-22,23.150133815486956,23.210127624643906,23.037644171748088,23.180130004882812,1567200
2018-05-23,23.172638258994457,23.450110612034173,23.165138851575467,23.367618560791016,1543900
2018-05-24,23.37510971685366,23.465101143749052,23.161381687137958,23.277620315551758,1537500
2018-05-25,23.300118583243133,23.487599423379127,23.300118583243133,23.39011001586914,1713600
2018-05-29,23.33761933848047,23.52884919661403,23.240128485027654,23.45010757446289,3255100
2018-05-30,23.427605496553124,23.851312593679328,23.367611685219217,23.757572174072266,3589000
2018-05-31,23.65258475562406,23.757573574053836,23.5775921294462,23.682580947875977,3811900
2018-06-01,23.67508243615095,23.828816681955875,23.60758921307899,23.780071258544922,2424400
2018-06-04,23.832563209932847,24.012544631958008,23.75382017562512,24.012544631958008,3660700
2018-06-05,24.050042272807037,24.09878626204623,23.85506202475431,23.892559051513672,2623600
2018-06-06,23.87755475862302,23.967544741453526,23.783814358795,23.960046768188477,2120300
2018-06-07,23.982543548713608,24.020039136498823,23.817560959947684,23.960046768188477,4379700
2018-06-08,23.93755886762406,24.06129550490279,23.900063263688832,24.04254913330078,2237300
2018-06-11,24.020042999409835,24.117533831913878,23.990046810430666,24.03504180908203,1788600
2018-06-12,23.9375585207355,24.23002966258125,23.933809532542547,24.170034408569336,1508900
2018-06-13,24.170023437130645,24.20002105051986,23.60383207287608,23.63007926940918,2002600
2018-06-14,23.720074149979567,23.951800468941176,23.720074149979567,23.855060577392578,2131100
2018-06-15,23.84674745171121,24.02070054014365,23.78850967839502,23.81649398803711,2439000
2018-06-18,23.740854436797708,23.86186536897929,23.66144128303431,23.79379653930664,2107100
2018-06-19,23.70304755716019,23.9564138364263,23.70304755716019,23.824058532714844,2535800
2018-06-20,23.854306388178795,24.103891646887032,23.808926201094188,24.081201553344727,3725000
2018-06-21,24.1038935923896,24.25515656718771,24.03582474883291,24.224903106689453,2827000
2018-06-22,24.30810214983525,24.459366588786764,24.153056749064017,24.436677932739258,2292900
2018-06-25,24.451804774438962,24.493399682335575,24.236251000507387,24.376171112060547,6956700
2018-06-26,24.406417471450265,24.61440349089817,24.32322190961975,24.50473976135254,2106700
2018-06-27,24.565250830514067,24.66357314860193,24.436677932739258,24.436677932739258,3679600
2018-06-28,24.429105188053768,24.716507240184736,24.429105188053768,24.678691864013672,2795800
2018-06-29,24.656005017571374,24.852649627250315,24.45936329302124,24.739200592041016,2923000
2018-07-02,24.708941347524465,24.769448254840544,24.319437508343658,24.595495223999023,6280200
2018-07-03,24.62575444196053,24.943407124340467,24.557685597860715,24.739200592041016,2916200
2018-07-05,24.78457771366447,25.079541706523777,24.7354180098974,25.064414978027344,2699600
2018-07-06,25.132484150845155,25.223241637912793,25.08332444641862,25.170299530029297,2440800
2018-07-09,25.208117861090457,25.208117861090457,24.814831569251307,24.935842514038086,2344600
2018-07-10,24.950971927953084,25.087106731001334,24.807269432027955,25.056856155395508,3077300
2018-07-11,25.034164265687625,25.102233108820165,24.939624366066255,24.98122215270996,2347300
2018-07-12,25.04172706604004,25.087104367738537,24.91315131259436,25.04172706604004,1660700
2018-07-13,25.05685080249532,25.151390683247882,24.943401791540964,24.958528518676758,2142700
2018-07-16,24.852646874747396,24.928277633091394,24.651466864854704,24.8223934173584,2759100
2018-07-17,24.8299618220028,24.890465860419024,24.625755282731348,24.656005859375,1720400
2018-07-18,24.618190605198006,24.71651291391549,24.44423752677718,24.565248489379883,2092200
2018-07-19,24.519863458056395,24.909370212042404,24.474486159240115,24.79970359802246,2363400
2018-07-20,24.739202021755492,24.78458221548756,24.49718009210908,24.58037567138672,2041700
2018-07-23,24.57280931273574,24.57280931273574,24.363308594772533,24.51230239868164,2796900
2018-07-24,24.497171223599963,24.59549349852682,24.308091479194125,24.444229125976562,2104200
2018-07-25,24.459363132241712,24.727856103001425,24.444236401971317,24.68625831604004,2608800
2018-07-26,24.708948032368856,24.88290399540116,24.708948032368856,24.769454956054688,2256900
2018-07-27,24.845088481339666,24.848870885771802,24.520629732267444,24.54256248474121,2666300
2018-07-30,24.565245222875784,24.591716277264922,24.345911980720903,24.519865036010742,2941100
2018-07-31,24.708947226836482,25.064418179079794,24.671131843330112,24.996349334716797,4027300
2018-08-01,24.807267871598718,25.192992258880462,24.693821728673043,25.162738800048828,3776600
2018-08-02,25.06441571688929,25.196770988724147,24.994835071857324,25.04172706604004,2963100
2018-08-03,25.056848875067313,25.400972514269235,25.034157343545008,25.366939544677734,2721000
2018-08-06,25.38963375202073,25.465264513318797,25.26106088078829,25.314002990722656,2860800
2018-08-07,25.38963550216547,25.465266268676878,25.11736012651831,25.261062622070312,2122400
2018-08-08,25.298876577406855,25.298876577406855,25.075760924072323,25.102231979370117,2437300
2018-08-09,25.109801951188793,25.23837485047157,25.087110409745947,25.14761734008789,1937500
2018-08-10,25.102229846222205,25.2005521368853,24.8904614218356,24.905588150024414,2656000
2018-08-13,24.905588412084885,24.98121916869636,24.845081498692963,24.89802360534668,1652300
2018-08-14,24.950972028560678,25.053073852540766,24.890465106847422,24.996349334716797,1559100
2018-08-15,25.00391074176462,25.23458830044698,24.928277099909828,25.215679168701172,2608300
2018-08-16,25.208115576694063,25.435010716966637,25.19298884932546,25.41231918334961,4032200
2018-08-17,25.427453168378683,25.661913181820704,25.404764513413962,25.654348373413086,2608600
2018-08-20,25.692161822368444,25.81695228637833,25.646781635828514,25.68459701538086,1947100
2018-08-21,25.631658817683892,25.67703901114762,25.412325543635994,25.450143814086914,2117700
2018-08-22,25.435017584975775,25.435017584975775,25.185430843692316,25.29131507873535,1380300
2018-08-23,25.283748458394015,25.348034891280097,25.21567962206508,25.230806350708008,1233500
2018-08-24,25.200557628062235,25.412326098592985,25.18543089657732,25.40476417541504,3533100
2018-08-27,25.419881643016492,25.465258935805156,25.230801896055798,25.366939544677734,2515300
2018-08-28,25.366943658157318,25.677034378051758,25.29887482280837,25.677034378051758,1887900
2018-08-29,25.66947749451126,25.760237893076592,25.624100180357924,25.63922691345215,1468700
2018-08-30,25.684595332048424,25.69216013854022,25.461482587722113,25.503080368041992,1730100
2018-08-31,25.53333534553069,25.677037842393702,25.518211500193477,25.601404190063477,1579300
2018-09-04,25.548464810031625,25.63166039393352,25.321569599017728,25.37451171875,2310700
2018-09-05,25.3215681724062,25.601405487386394,25.200557207674578,25.533336639404297,3257000
2018-09-06,25.57114835309132,25.661905832085743,25.533330092142762,25.616525650024414,1960400
2018-09-07,25.49552162565936,25.503086433950447,25.268626424120136,25.29131507873535,1899000
2018-09-10,25.404765339048893,25.5635916992218,25.37451187469334,25.427453994750977,1797100
2018-09-11,25.34425434621882,25.518210295803673,25.276185504898695,25.435014724731445,1534300
2018-09-12,25.465268374641,25.53333722418205,25.34425740713792,25.457706451416016,1388600
2018-09-13,25.556021625737547,25.68459448055229,25.49551471632244,25.616525650024414,1576500
2018-09-14,25.54089540103661,25.556022128688088,25.242149021458633,25.39719581604004,1828300
2018-09-17,25.336696534341367,25.57871847938146,25.332914130007538,25.540903091430664,2338800
2018-09-18,25.503082203224913,25.556024311963828,25.336691069972026,25.389633178710938,1451800
2018-09-19,25.397204100054555,25.40476602378268,25.106019546760113,25.14761734008789,2033100
2018-09-20,25.155176829079508,25.351821448528618,25.056857404483914,25.336694717407227,1928400
2018-09-21,25.35197824131147,25.455160979001512,25.25262075798281,25.336694717407227,1954600
2018-09-24,25.252620361512975,25.260262123345118,24.744357189765342,24.839895248413086,2862000
2018-09-25,24.839899029772262,24.9660099861267,24.78945348099424,24.816970825195312,1710600
2018-09-26,24.83989112371879,24.86281932099814,24.51124002329626,24.541812896728516,2323300
2018-09-27,24.58002762964468,24.748175518609095,24.557099432273056,24.618242263793945,1599100
2018-09-28,24.625885337954372,24.93924998253613,24.587667790701627,24.92396354675293,3145400
2018-10-01,24.923967184558087,24.99122692870322,24.717604644749326,24.732891082763672,3654400
2018-10-02,24.7405356766081,24.794036757988874,24.656461715698242,24.656461715698242,2752400
2018-10-03,24.67939548227887,24.76728887587183,24.236097428293334,24.373672485351562,2625100
2018-10-04,24.373663296062773,24.373663296062773,24.052655436550793,24.259017944335938,2934700
2018-10-05,24.2895979799286,24.41952980562149,24.228453677119898,24.26666831970215,3406600
2018-10-08,24.343092697381543,24.690851102010072,24.281948410560968,24.580026626586914,3076200
2018-10-09,24.57239634688008,24.74054139195294,24.46539124380888,24.664112091064453,4429900
2018-10-10,24.59531514845515,24.709961971536362,24.274307250976562,24.274307250976562,4361500
2018-10-11,24.320160466598235,24.343090118399758,23.509998387608007,23.563499450683594,9558500
2018-10-12,23.701081153803333,23.907443705038038,23.42593108549039,23.548219680786133,5288200
2018-10-15,23.540578000630052,23.915088488231227,23.510006578704633,23.693439483642578,3894500
2018-10-16,23.724012246509,24.209344318423682,23.63993828548671,24.136735916137695,3272200
2018-10-17,24.106161575181297,24.20934138674736,23.892155817492323,24.06794548034668,3449400
2018-10-18,24.060301788684836,24.285771641497075,23.976229297290306,24.07558822631836,3345200
2018-10-19,24.09852000745558,24.404241498105886,24.09852000745558,24.320167541503906,2999900
2018-10-22,24.381305217711347,24.453915054254185,23.96858168187724,23.976224899291992,4269600
2018-10-23,23.907441840455036,24.236091503558477,23.81572467223889,24.12908935546875,5159700
2018-10-24,24.167303342967458,24.61824155252069,24.12144403395949,24.411880493164062,5443600
2018-10-25,24.465378997728614,24.832247622012872,24.350735103780575,24.702314376831055,5413800
2018-10-26,24.59531835997878,24.625891238871123,23.93037282202139,24.060304641723633,8951600
2018-10-29,24.23609558822409,24.572391442429762,24.23609558822409,24.457744598388672,6143200
2018-10-30,24.48831592860472,25.030971402786076,24.427170171496314,24.862823486328125,7427400
2018-10-31,24.86282027872506,24.86282027872506,24.47302633201267,24.526527404785156,4202400
2018-11-01,24.595314066422326,24.69849387018432,24.434809395846727,24.618242263793945,4848800
2018-11-02,24.66410086152866,24.67174262190185,24.13673047029548,24.411880493164062,6876800
2018-11-05,24.473033178588036,24.901044796098272,24.473033178588036,24.816970825195312,4093100
2018-11-06,24.81696901875407,24.962185829822012,24.771109697347686,24.954544067382812,2958800
2018-11-07,25.08447943381434,25.244982717316958,24.935440254048913,25.22969627380371,3917900
2018-11-08,25.199117727988266,25.283191680908203,25.06536212165747,25.283191680908203,2665000
2018-11-09,25.24496944091046,25.374902684645278,25.16854017912959,25.313756942749023,3558700
2018-11-12,25.32140548875461,25.596555538166598,25.32140548875461,25.36726188659668,2861900
2018-11-13,25.367261941089797,25.489550528247833,25.22968691608827,25.42076301574707,6307600
2018-11-14,25.512486398530577,25.512486398530577,25.283195619316444,25.41312599182129,4369000
2018-11-15,25.313762538977105,25.359621855537622,24.969824953748457,25.214405059814453,7158900
2018-11-16,25.20675602754852,25.57362174987793,25.176183155123674,25.57362174987793,3738100
2018-11-19,25.581273155022267,25.802919249433224,25.458984548744017,25.64241600036621,4668200
2018-11-20,25.543048573626336,25.718841130183417,25.2984714283159,25.306116104125977,6593700
2018-11-21,25.336688011179113,25.4971912100029,25.176181896765886,25.290828704833984,3707500
2018-11-23,25.229685711811733,25.321404334494723,25.05389605838731,25.199115753173828,2543000
2018-11-26,25.26026245895516,25.35962285763417,25.107400979969807,25.252620697021484,3242200
2018-11-27,25.237332471044503,25.397835700601707,25.11504387963092,25.390193939208984,3227200
2018-11-28,25.39018938745312,25.627121850822153,25.283187253597497,25.5965518951416,3645700
2018-11-29,25.588910150706717,25.75323570811956,25.43604869243596,25.627124786376953,2600700
2018-11-30,25.703555317629185,25.898450821670263,25.57744440400993,25.871700286865234,4327200
2018-12-03,25.90991891413543,26.00927638149568,25.75705745934846,25.993989944458008,5321300
2018-12-04,25.955776851129666,26.085710115871528,25.61183928633053,25.650056838989258,6476800
2018-12-06,25.588911747797844,26.368502609604786,25.29083348914019,26.35321617126465,6368500
2018-12-07,26.269142826198987,26.276787503340994,25.879348844068573,25.955778121948242,5559900
2018-12-10,25.9557799092838,25.978711026698807,25.462803160919993,25.856422424316406,9157900
2018-12-11,25.978711099092386,26.093355024125835,25.886992460357302,25.902278900146484,4645200
2018-12-12,26.001640838344844,26.07807012621941,25.394017212057427,25.41312599182129,4298900
2018-12-13,25.43605717665524,25.8029230495196,25.43605717665524,25.588918685913086,4652700
2018-12-14,25.512480806895745,25.61948295270438,25.382547547278257,25.54305076599121,4138700
2018-12-17,25.57362862858222,25.634774389878686,24.53417401126527,24.587675094604492,7214000
2018-12-18,24.80931948108612,25.015682013607037,24.709962010886656,24.832250595092773,8109100
2018-12-19,24.855182468787714,25.053900354160422,24.526531303463795,24.60296058654785,12878000
2018-12-20,24.694675093919667,24.706139192905486,24.136731799293468,24.30487823486328,11333000
2018-12-21,24.435567668635034,24.822204917992014,23.90896591497228,23.932937622070312,15120000
2018-12-24,24.048929789944044,24.048929789944044,23.044442514170726,23.051401138305664,10641000
2018-12-26,23.12872471962373,23.793743692442302,22.827147034233658,23.7860107421875,10947900
2018-12-27,23.631352270883937,23.847870431153655,23.1441882539137,23.840137481689453,14151800
2018-12-28,24.056660541208934,24.157185954897407,23.721830988275038,23.925203323364258,10391000
2018-12-31,24.002529473235032,24.010260948757107,23.59269194981924,23.97159767150879,7807200
2019-01-02,23.81694520405859,23.85560996204666,23.28338481801061,23.422574996948242,10445000
2019-01-03,23.39937506933647,23.917471003345174,23.3916421180934,23.530832290649414,9743800
2019-01-04,23.724147827045734,23.98706222733837,23.56175882690762,23.770544052124023,9620900
2019-01-07,23.80147718674292,24.141718156274663,23.778278335448235,23.97159767150879,5141800
2019-01-08,24.118522310352315,24.44329887453942,24.041194276039274,24.389169692993164,7575900
2019-01-09,24.42010201725068,24.458765300111764,24.07985952341628,24.288644790649414,5100800
2019-01-10,24.219047744203387,24.706213328374943,24.17265151353786,24.675281524658203,7837200
2019-01-11,24.597957310585223,24.73714749910901,24.497431882712377,24.721681594848633,3095100
2019-01-14,24.628886056891076,24.791275081614913,24.543825068944802,24.644351959228516,2918300
2019-01-15,24.659816953395833,24.97686058405155,24.659816953395833,24.922731399536133,3925000
2019-01-16,24.899534720959263,25.14311605813184,24.829939631792897,25.038724899291992,7295900
2019-01-17,25.00779469901266,25.193382598647716,24.969131413619404,25.162450790405273,3397100
2019-01-18,25.262970962688385,25.262970962688385,25.049548597314224,25.255239486694336,7865600
2019-01-22,25.232043560156036,25.30163864738199,25.00006091934264,25.208843231201172,8116300
2019-01-23,25.340302720201674,25.340302720201674,25.06192236260834,25.22430992126465,3087500
2019-01-24,25.18564465576792,25.382831218511797,25.046454487927438,25.3248348236084,4578000
2019-01-25,25.409897594897274,25.64188024099176,25.25524151422782,25.618682861328125,3031400
2019-01-28,25.533614669148843,25.897055913760987,25.48721697308605,25.873855590820312,5276000
2019-01-29,25.781061150205428,26.09037320034527,25.734663457738954,26.074907302856445,2530000
2019-01-30,26.10583787264798,26.38421814620083,26.00531395705719,26.291425704956055,5118100
2019-01-31,26.26822770429181,26.593002715795702,26.02851070783528,26.546607971191406,7024500
2019-02-01,26.585275791058578,26.654870869692985,26.03624663746762,26.38422203063965,9829200
2019-02-04,26.35330015761912,26.554351021460274,26.136780439075103,26.53888511657715,6513600
2019-02-05,26.569804699053083,26.724460726892676,26.391951299473988,26.716726303100586,4186000
2019-02-06,26.63941044525913,26.670342253192945,26.41902647591493,26.507951736450195,3535200
2019-02-07,26.446088798300845,26.743799312082388,26.3610278087006,26.732200622558594,6325300
2019-02-08,26.62394225391076,26.8095271859301,26.57754454599627,26.732200622558594,2913100
2019-02-11,26.75539535715891,26.848190763816188,26.639405523565845,26.809524536132812,2971900
2019-02-12,26.83272475356124,26.83272475356124,26.51799971439115,26.623939514160156,8982900
2019-02-13,26.608470918648486,26.817256136907265,26.523409946415054,26.801790237426758,3751800
2019-02-14,26.817257976399702,27.002842883258303,26.6548704454437,26.902318954467773,4007000
2019-02-15,26.979653428720276,27.072445909393924,26.902326853128866,27.064714431762695,2674800
2019-02-19,27.026047002548186,27.157502750873515,26.971917817964894,27.09564208984375,3921300
2019-02-20,26.964175584519268,27.064702448132934,26.726780093750744,26.925512313842773,3200300
2019-02-21,26.824989709735323,26.979645766817416,26.662602177217646,26.971914291381836,4484200
2019-02-22,27.002846342441128,27.234831930461112,26.87912207207947,27.12657356262207,3477800
2019-02-25,27.172964839394446,27.211628115838415,26.871387153385037,26.902318954467773,4075800
2019-02-26,26.979644123398625,27.026041822642696,26.80179070102448,26.848188400268555,2674700
2019-02-27,26.747664286644483,26.88685444891961,26.546613468813224,26.76313018798828,3252300
2019-02-28,26.7553912261542,27.15749574346082,26.670333207913092,26.840452194213867,5002100
2019-03-01,26.886854041680543,26.886854041680543,26.496348150666805,26.809524536132812,5897500
2019-03-04,26.886850032227542,26.94871067762185,26.604602541251257,26.917781829833984,6178600
2019-03-05,26.871394805105684,27.095646002083452,26.824997090269672,26.995119094848633,4066400
2019-03-06,27.002838855195765,27.10336571880943,26.879114619139898,26.925512313842773,3832300
2019-03-07,26.94098223091174,27.13430156295048,26.817257976399702,26.902318954467773,7592600
2019-03-08,26.84818577248978,27.05310376191183,26.798693718212657,26.925512313842773,3103900
2019-03-11,27.04924381167103,27.36628743604293,27.012126235907658,27.343090057373047,4124100
2019-03-12,27.381750950417587,27.55187291201147,27.36628504938005,27.490009307861328,4323800
2019-03-13,27.505476708484778,27.706530483115092,27.505476708484778,27.621469497680664,2726000
2019-03-14,27.629195517243307,27.698790587052727,27.536403074103603,27.691059112548828,4504400
2019-03-15,27.717508024483426,27.73306253789677,27.523081056896732,27.5775203704834,5436300
2019-03-18,27.60862142696498,27.66306072483554,27.313091690868195,27.437524795532227,3318300
2019-03-19,27.460861213389588,27.507521778827332,27.274210051479905,27.359758377075195,3464300
2019-03-20,27.383092857415814,27.631959133631668,27.178555311848907,27.484195709228516,8689800
2019-03-21,27.445300692817096,27.98191784488202,27.429746185504047,27.97414207458496,4798000
2019-03-22,27.974149884511654,28.23623584077335,27.841938018798828,27.841938018798828,5026000
2019-03-25,27.857495689251564,27.974153056536707,27.73695191865165,27.86527442932129,4370800
2019-03-26,27.966369785996296,28.05191811258414,27.880821459408452,28.03636360168457,2357500
2019-03-27,28.08303231969978,28.16858066208347,27.771947977708205,27.943044662475586,2939100
2019-03-28,28.00524730909153,28.18023328624171,27.911923234642735,28.17634391784668,3626500
2019-03-29,28.168575286865238,28.223014591317455,28.048028569818534,28.168575286865234,3565600
2019-04-01,28.2074657527624,28.223020266693695,27.818611804640593,28.083032608032227,6733100
2019-04-02,28.114141050967774,28.37467247877607,27.904159567344333,28.324119567871094,6604200
2019-04-03,28.3163371785732,28.41744001004128,28.075246724062993,28.293006896972656,3581300
2019-04-04,28.324110955250966,28.331889693049554,28.083023484440677,28.207456588745117,3507700
2019-04-05,28.238560903399158,28.45398621706522,28.1607883719623,28.425209045410156,2869900
2019-04-08,28.417438667066328,28.456323456802732,28.207457242426614,28.285226821899414,2918500
2019-04-09,28.29300930349695,28.331894098378434,28.16079744083629,28.199682235717773,2094500
2019-04-10,28.26966694925517,28.425209045410156,28.238560903399158,28.425209045410156,2606200
2019-04-11,28.432993178597926,28.54187177655635,28.269672314941005,28.386329650878906,3705500
2019-04-12,28.347447001785714,28.541873931884766,28.15302007168666,28.541873931884766,2691300
2019-04-15,28.549655306963622,28.549655306963622,28.2852345114642,28.37078285217285,2115300
2019-04-16,28.378556018580124,28.378556018580124,27.561960538904575,27.701948165893555,3994500
2019-04-17,27.787497282127894,27.8419365867626,27.324760226013282,27.41419792175293,4323500
2019-04-18,27.53863199880714,27.67861963465208,27.30532026130548,27.631956100463867,2756900
2019-04-22,27.577508061574246,27.577508061574246,27.08366508968212,27.328641891479492,4012600
2019-04-23,27.42974903304486,27.709724260306665,27.328646208373822,27.63973045349121,5469100
2019-04-24,27.717506305765173,27.94304228619343,27.647512483105366,27.834163665771484,3304200
2019-04-25,27.748605980959123,27.88859357911087,27.577509368391677,27.80304527282715,4198400
2019-04-26,27.911929672486966,28.009143137752925,27.771942045166423,27.989702224731445,2517000
2019-04-29,27.896375095964967,28.051917233366,27.666952742506066,27.701948165893555,3256800
2019-04-30,27.71750740035095,28.05581138435322,27.52308043714229,28.02081298828125,4650200
2019-05-01,28.044146241235904,28.3630063422293,27.96637367592043,28.02081298828125,6051300
2019-05-02,28.028580535031693,28.35521627875549,28.028580535031693,28.075241088867188,5382600
2019-05-03,28.19190661830589,28.31633974264204,28.0596977216386,28.269676208496094,3223400
2019-05-06,28.145240213158658,28.261897553263843,27.974146538848956,28.153018951416016,3377200
2019-05-07,28.0596931304578,28.106353690249353,27.468633661531605,27.670839309692383,3711800
2019-05-08,27.725278607262002,27.93525705976242,27.659171203025277,27.670839309692383,3831500
2019-05-09,27.608618052749886,27.795269170293793,27.42196693520598,27.76416015625,5684500
2019-05-10,27.701954433515976,28.15302643736296,27.682513516141995,28.083032608032227,3268400
2019-05-13,27.89638140757688,28.12969318310593,27.84194209217744,28.083032608032227,3392100
2019-05-14,28.137462374311056,28.30078026508354,28.075244339701054,28.184125900268555,3984400
2019-05-15,28.18413462400861,28.471885706348537,28.075253029739358,28.37078285217285,3478200
2019-05-16,28.370774058758915,28.650749280948116,28.34744377914954,28.53409194946289,2834200
2019-05-17,28.401890353212004,28.549653773130096,28.33967230268653,28.495214462280273,3403200
2019-05-20,28.394108452215917,28.440771984914633,27.93526076419715,28.03636360168457,3472100
2019-05-21,28.16079759554193,28.35133813493142,28.114137028115685,28.269676208496094,2353600
2019-05-22,28.3007850536881,28.425218177243497,28.238569975270238,28.401887893676758,1982800
2019-05-23,28.32411375280456,28.569093583429854,28.277453188281275,28.541873931884766,2521100
2019-05-24,28.666315025581063,28.767417888048374,28.57299090384527,28.580766677856445,1523600
2019-05-28,28.720744180417267,28.767407708132524,28.27745105063985,28.285226821899414,2496400
2019-05-29,28.261902763352197,28.331896586974807,27.84349438286684,27.95859718322754,2648700
2019-05-30,27.989697901912212,28.21912022048178,27.94303437777239,28.129682540893555,2656200
2019-05-31,28.0674729994879,28.518541954739792,28.028588205077853,28.36300277709961,4582100
2019-06-03,28.4641031274106,28.51854243384316,28.223015617986327,28.471881866455078,6621400
2019-06-04,28.479659329137593,28.479659329137593,28.075250909693032,28.316341400146484,3596800
2019-06-05,28.479654954367142,28.97738740438977,28.378555090075896,28.961835861206055,4495200
2019-06-06,29.039615231985568,29.070724262277327,28.837412468529955,29.016284942626953,2272500
2019-06-07,29.179597704165026,29.288476324072526,29.07071908425753,29.109603881835938,2114000
2019-06-10,29.148479114836917,29.17180939238455,28.876282654384802,29.00849151611328,3041400
2019-06-11,29.08626621414031,29.14848128113075,28.86461966080843,29.06293296813965,2472200
2019-06-12,29.10181634896652,29.31179775250641,29.070710300334643,29.171810150146484,2555500
2019-06-13,29.195142666784815,29.25347132743302,29.09792922127745,29.210697174072266,2511300
2019-06-14,29.210697598141177,29.43312141881481,29.210697598141177,29.33513069152832,1945900
2019-06-17,29.412908841911772,29.688994755686817,29.412908841911772,29.65399932861328,4130200
2019-06-18,29.809533722279888,29.933966819570447,29.45178597169036,29.568443298339844,4654400
2019-06-19,29.545126859432546,29.860097635520294,29.405139188566782,29.76288414001465,4654300
2019-06-20,29.902857157555953,30.035066022631387,29.87952391269871,29.941741943359375,4478800
2019-06-21,29.920589472084142,29.920589472084142,29.458104822807403,29.607040405273438,9512500
2019-06-24,29.677580127244745,29.779484962253182,29.41106185970558,29.45809555053711,5083600
2019-06-25,29.489446956739226,29.599189239892628,29.050477824125633,29.05831527709961,3829000
2019-06-26,29.05831549368336,29.05831549368336,28.39202134656987,28.49392318725586,7944600
2019-06-27,28.66638195564715,28.838835854362305,28.650704056650003,28.729093551635742,4578500
2019-06-28,28.77612456666482,28.98698827359334,28.729093859422992,28.823158264160156,5010600
2019-07-01,28.96425883693915,29.003452093068216,28.442979858686613,28.76828956604004,6775000
2019-07-02,28.846669088669685,29.309156575539724,28.82315373874083,29.301319122314453,5959000
2019-07-03,29.387550730227918,29.732455541770452,29.354628038993226,29.7246150970459,3519500
2019-07-05,29.505134029346078,29.66112660334542,29.105358017773746,29.56000518798828,5079200
2019-07-08,29.53648873012197,29.732458000894937,29.489455028645104,29.66974639892578,3435900
2019-07-09,29.607034411094673,29.86179503209971,29.567841159460073,29.826519012451172,3166600
2019-07-10,29.936261585367937,30.030328978450527,29.76381067855675,29.991132736206055,8591200
2019-07-11,29.944107820029117,29.95194527584142,29.47769995746518,29.607040405273438,5157600
2019-07-12,29.622716841003626,29.661910098633378,29.391471537556495,29.489456176757812,3620400
2019-07-15,29.552160995799937,29.724611887825773,29.450256157157494,29.528642654418945,2650100
2019-07-16,29.497292965687425,29.58822059445531,29.38755066182721,29.48161506652832,3533000
2019-07-17,29.560000981724702,29.654068374800698,29.179820157906214,29.33267593383789,3227300
2019-07-18,29.262128129565678,29.41106367434175,29.105352140707396,29.32483673095703,4028800
2019-07-19,29.35619716961224,29.38755297039363,28.81532007202134,28.846675872802734,4515800
2019-07-22,28.885860467362225,28.917216258741732,28.69381147810525,28.815311431884766,3031000
2019-07-23,28.885869838455292,29.105357459064685,28.78396796879239,29.097517013549805,3084800
2019-07-24,29.136704189973578,29.168059984981987,28.972090751559232,29.07399559020996,2663600
2019-07-25,29.042642283691215,29.105353879081413,28.823157680332436,28.948577880859375,3237500
2019-07-26,28.972093542944258,29.121032088457433,28.823157987684564,29.04264259338379,2822300
2019-07-29,29.113186743810523,29.34834920894451,29.097508847434526,29.152379989624023,3030900
2019-07-30,29.15238431882504,29.532565139205044,29.14454686459965,29.442420959472656,3455600
2019-07-31,29.4737722757331,29.70109731006495,29.15238284418759,29.32483673095703,6644000
2019-08-01,29.411059823348577,29.661900176576264,29.12886367840421,29.395381927490234,9956300
2019-08-02,29.42674194067754,29.82259765444059,29.367950570337953,29.622711181640625,4953600
2019-08-05,29.552158541542852,29.56783643774376,28.70557008821158,29.05831527709961,6359700
2019-08-06,29.121032238773154,29.53648609892073,29.019127389778156,29.418903350830078,6841500
2019-08-07,29.44242169519123,29.88923135353908,28.968176460988808,29.693262100219727,7396200
2019-08-08,29.732453924304117,30.163585662841797,29.473773087029496,30.163585662841797,5601800
2019-08-09,30.093029160080587,30.28116090333133,29.857866723706614,30.15574073791504,4695700
2019-08-12,30.14791247415614,30.245897111415037,29.948025967130746,30.132234573364258,3727900
2019-08-13,30.132221733574248,30.25764189621208,29.857866062257923,30.147899627685547,5176100
2019-08-14,30.069522194405412,30.069522194405412,29.638390442513955,29.677583694458008,5999600
2019-08-15,29.763809756778688,30.15574824505756,29.677582810916796,30.093036651611328,5501400
2019-08-16,30.163583692340637,30.38306827429351,30.07735675221539,30.3046817779541,3766700
2019-08-19,30.44577717523674,30.64174638903454,30.29684164924145,30.57903480529785,2930000
2019-08-20,30.61823913073569,30.688788185954696,30.3282024646944,30.351720809936523,3245400
2019-08-21,30.42226736864779,30.553174683780664,30.304684622847276,30.47713851928711,3480700
2019-08-22,30.508491092382513,30.657429634620133,30.28900649151034,30.626073837280273,2511100
2019-08-23,30.633916212338942,30.836156034495687,30.112637262162302,30.24197769165039,6048100
2019-08-26,30.39091226449709,30.532010366575765,30.24981416241841,30.524169921875,3621000
2019-08-27,30.665264028621536,30.75149096757451,30.40658620201572,30.422264099121094,3042200
2019-08-28,30.437943553560725,30.563363746567596,30.355633841982936,30.50848960876465,3129500
2019-08-29,30.673108508072346,30.77893058964059,30.55552575943784,30.72797966003418,3070700
2019-08-30,30.82204008001962,30.87691122488754,30.641748748274583,30.73581314086914,3623100
2019-09-03,30.68878463621006,31.1747875213623,30.673106737946654,31.174787521362305,6160800
2019-09-04,31.323731260747632,31.464829391762596,31.23750429287692,31.433473587036133,3541500
2019-09-05,31.433462930965508,31.441303374616243,31.049364919166532,31.159107208251953,3925900
2019-09-06,31.174787870124735,31.34488843329299,31.112076276369535,31.19830322265625,2457600
2019-09-09,31.21397703464837,31.22181747796801,30.884750181295146,30.963136672973633,4618900
2019-09-10,30.81420413258134,30.81420413258134,30.29684546264633,30.50848960876465,5632900
2019-09-11,30.461459764629467,30.52416836777531,30.265490520637,30.437944412231445,7353200
2019-09-12,30.66526915802654,30.814207710314072,30.383072943432914,30.61823844909668,5425200
2019-09-13,30.53200542360803,30.696618852631953,30.151824654014906,30.24980926513672,5653800
2019-09-16,30.241978369074296,30.579042753383415,30.210622569055975,30.56336784362793,4535700
2019-09-17,30.696623201908633,31.002334753483204,30.68878574761976,30.994497299194336,6054200
2019-09-18,31.0728864985191,31.127757654061345,30.597074338244568,30.900432586669922,4031700
2019-09-19,30.947461540252295,31.112074981629192,30.86907504157375,31.00233268737793,3941500
2019-09-20,31.067835123284336,31.123073605287896,30.854771116868537,30.870553970336914,5392500
2019-09-23,30.84687787849976,31.111233872559616,30.79163940243565,30.981027603149414,3196700
2019-09-24,31.059936329349608,31.162523342454094,30.799523836916066,30.941566467285156,6528700
2019-09-25,30.94946802268786,31.04416213256881,30.799532420915586,30.910009384155273,3912600
2019-09-26,31.00470404993251,31.271426122848105,30.981028266632872,31.209875106811523,2565600
2019-09-27,31.265107281312666,31.28089013024034,30.76006815670961,31.004697799682617,3350700
2019-09-30,31.028372271055627,31.209870528280195,30.99680657146767,31.04415512084961,3492500
2019-10-01,31.012583159894767,31.09149739293207,30.657476636902384,30.775846481323242,6075600
2019-10-02,30.73639184120183,30.811356602118394,30.40495807251232,30.586456298828125,5305300
2019-10-03,30.58647088402085,31.012598928276876,30.539125330395773,30.94947052001953,6328400
2019-10-04,30.996811750769492,31.16253019616101,30.965249056178475,31.091508865356445,2653300
2019-10-07,31.012588640325482,31.17830404358315,30.89422178525746,31.036264419555664,3165800
2019-10-08,31.01259326932361,31.142799538576917,30.728507958324087,30.886333465576172,4616600
2019-10-09,31.00470338594202,31.107287407048986,30.906062820074506,30.981027603149414,2969000
2019-10-10,30.941572360872474,31.107287791110796,30.807422634566556,31.0599422454834,3373400
2019-10-11,31.14674863336056,31.22565988851237,30.92579170044691,30.95735740661621,4949200
2019-10-14,30.98102202115579,31.123064651234227,30.862655169604178,31.004697799682617,1794100
2019-10-15,31.01258896135316,31.067827429677518,30.767962318851218,31.028371810913086,3091100
2019-10-16,31.028370106342997,31.059935803728756,30.78768693175011,30.988914489746094,5929800
2019-10-17,31.067826293238955,31.280890239098074,30.988915058596604,31.1940860748291,4775600
2019-10-18,31.186199457461814,31.557088922145983,31.186199457461814,31.49395751953125,2313300
2019-10-21,31.501847663571958,31.7306944842701,31.415046499766337,31.707021713256836,1957300
2019-10-22,31.77805066248036,31.833289148281107,31.57287656355899,31.612335205078125,2226000
2019-10-23,31.62810686745586,31.74647371931191,31.39926007282193,31.66756248474121,2159900
2019-10-24,31.730694511844494,31.77015013365788,31.458448614142448,31.549196243286133,1781800
2019-10-25,31.4781769973084,31.525525552771807,31.091507663639696,31.16252899169922,2842500
2019-10-28,31.10728327071935,31.153054437851413,30.767962538703998,30.831090927124023,3318300
2019-10-29,30.87844668770928,31.107290535732282,30.823208206089433,30.910009384155273,2167200
2019-10-30,30.973137645127196,31.138853073120117,30.736400889384278,31.138853073120117,2637400
2019-10-31,31.194086892979698,31.233545521606427,30.91789455421692,31.036264419555664,3263900
2019-11-01,31.075727299615355,31.18225779509745,30.63381644405949,30.95735740661621,3370000
2019-11-04,30.902111215641867,30.93367691393528,30.570680414373065,30.610136032104492,3045400
2019-11-05,30.51544451540837,30.51544451540837,29.89992833752464,30.0814266204834,6643600
2019-11-06,30.120877029238947,30.333152288439578,30.093257795534086,30.191898345947266,2425600
2019-11-07,30.105100272858625,30.112990193180465,29.761830038573738,29.86836051940918,3725800
2019-11-08,29.805222341179494,30.02617616090567,29.73420104051465,29.813112258911133,2612100
2019-11-11,29.79733919542855,29.9764713925258,29.789449275106705,29.86836051940918,2538700
2019-11-12,29.868354998133277,30.070371238118536,29.631618298716496,29.67107391357422,6213800
2019-11-13,29.71842578260928,30.04196667707466,29.70264293284624,29.970945358276367,2220800
2019-11-14,30.041971864652485,30.27081871032715,30.002516238567168,30.27081871032715,2525100
2019-11-15,30.294484163136147,30.428636871733232,30.199790081360344,30.420743942260742,2615000
2019-11-18,30.460196532248855,30.720608994095635,30.436523766724708,30.586456298828125,2835500
2019-11-19,30.641705340252603,30.72061658501188,30.531225383210177,30.649595260620117,3345100
2019-11-20,30.625919137797435,30.736396072479145,30.470459728049008,30.665374755859375,5711400
2019-11-21,30.594353411861,30.594353411861,30.216362751240734,30.255029678344727,3556100
2019-11-22,30.28660068662546,30.302383538657253,29.935440507163975,30.0814266204834,3614400
2019-11-25,30.144556254335416,30.31027167550856,30.053805613061908,30.105100631713867,2712000
2019-11-26,30.128776036626917,30.523338317871094,30.105103263039087,30.523338317871094,4916300
2019-11-27,30.507544095421622,30.62591393978771,30.38917425105553,30.61802101135254,2605700
2019-11-29,30.594367973773128,30.736410674493204,30.468108129829965,30.49967384338379,2550800
2019-12-02,30.420747043446013,30.475985514302295,29.939380645751953,29.939380645751953,6651500
2019-12-03,29.92360271694933,30.239253753989104,29.915712795645458,30.18401527404785,3584000
2019-12-04,30.12088002741803,30.41680170811309,30.057751634210668,30.34183692932129,2283800
2019-12-05,30.29448514489177,30.389179229736328,30.172171826539604,30.389179229736328,3042200
2019-12-06,30.397064208984375,30.539106804234713,30.369444982700692,30.397064208984375,3855600
2019-12-09,30.436531066894528,30.523335241663347,30.314217735322657,30.43653106689453,2562300
2019-12-10,30.46019784739672,30.547002005093496,30.14454992245529,30.223461151123047,7303200
2019-12-11,30.294491359711344,30.294491359711344,29.892039158857155,29.9946231842041,6222900
2019-12-12,30.01039589171651,30.11298289265557,29.544812438556505,29.631616592407227,7621000
2019-12-13,29.623735217709797,29.77366779288529,29.402778305017673,29.663190841674805,6152000
2019-12-16,29.7105343755083,29.9788367875068,29.52508966291469,29.892032623291016,5093900
2019-12-17,29.94726838503802,29.9867239987718,29.509304148971168,29.56848907470703,4452000
2019-12-18,29.568497440514253,30.041970959820137,29.568497440514253,29.986732482910156,3504100
2019-12-19,29.955167681102004,30.294491483924073,29.899929202528302,30.27081871032715,3334500
2019-12-20,30.392866640940774,30.588308533375226,30.35298159619039,30.504549026489258,3691800
2019-12-23,30.560391818461266,30.600276867284567,30.26523576249367,30.321075439453125,3000600
2019-12-24,30.345011099468856,30.43276003905166,30.2492833237234,30.360965728759766,1120200
2019-12-26,30.424767818829267,30.560380586627833,30.36095237277286,30.54442596435547,1607200
2019-12-27,30.640156138422146,30.68802001380512,30.52448738852183,30.656110763549805,1828500
2019-12-30,30.592296891928438,30.680045821890957,30.488596377458236,30.632184982299805,2638400
2019-12-31,30.616224527480274,30.879468224229814,30.59229106920597,30.847558975219727,3675000
2020-01-02,30.943288319068188,30.991149152019688,30.368933979381136,30.48859214782715,4380100
2020-01-03,30.305108603267318,30.779745618561012,30.289153983160347,30.71194076538086,3499000
2020-01-06,30.656115182128715,30.839588832991115,30.592296672419693,30.71993064880371,3097200
2020-01-07,30.632174047334974,30.632174047334974,30.221349381616637,30.3848819732666,3550600
2020-01-08,30.416803820238915,30.584322854487667,30.305124464073078,30.53645896911621,5089000
2020-01-09,30.51252399635934,30.600272918266956,30.432753909007207,30.528478622436523,2885000
2020-01-10,30.592289989316974,30.832403580153528,30.524485119839113,30.823627471923828,6513200
2020-01-13,30.839591086313547,31.198562622070312,30.831615293534174,31.198562622070312,2988100
2020-01-14,31.166649526460073,31.166649526460073,30.875485958841242,31.0469913482666,3720200
2020-01-15,31.126753718939018,31.35809116050715,31.11877488686683,31.26236343383789,4468700
2020-01-16,31.33416548788248,31.54157257080078,31.254395405549953,31.54157257080078,4244500
2020-01-17,31.525607952778856,31.693126898397363,31.4857229242553,31.58144760131836,3014700
2020-01-21,31.589423152720435,31.924464084475467,31.533583504600028,31.90053367614746,2329500
2020-01-22,31.98829389766583,32.07604282501602,31.589437350098756,31.64527702331543,5815200
2020-01-23,31.661230932211357,31.97234158840529,31.58146084172095,31.948408126831055,2637800
2020-01-24,32.01221297238828,32.07204203624088,31.78087554844225,31.90053367614746,2397900
2020-01-27,31.709092963751562,31.88459080423997,31.677183712202083,31.76493263244629,6741600
2020-01-28,31.804814820279592,31.979515370251626,31.725044741600495,31.84469985961914,2904300
2020-01-29,31.948407622224785,32.02020191974576,31.64527580568802,31.67718505859375,5409600
2020-01-30,31.573484762393736,31.775304854456454,31.517642047918255,31.748979568481445,3847400
2020-01-31,31.669212884794813,31.709097933966547,31.21850300435504,31.294286727905273,7586200
2020-02-03,31.42190800700873,31.61974166599897,31.298263491656314,31.326183319091797,6254800
2020-02-04,31.437864058174355,31.84868569898879,31.378034984368746,31.733016967773438,5309500
2020-02-05,31.764923209258583,31.844693271434462,31.629313494953028,31.709083557128906,3049300
2020-02-06,31.812793653967567,31.916494147643704,31.748975156597535,31.84469985961914,2676700
2020-02-07,31.860658645629883,31.896557315848003,31.768923347469716,31.860658645629883,3216600
2020-02-10,31.964364749232868,32.243563126414955,31.93245549383089,32.22761154174805,3489300
2020-02-11,32.33928616074049,32.84184316613417,32.33928616074049,32.61848449707031,10001700
2020-02-12,32.65836755275914,32.90565966634981,32.53871243433794,32.825889587402344,2539700
2020-02-13,32.77803360204646,33.101106455472696,32.73814855297464,33.025325775146484,2825500
2020-02-14,33.105097958381,33.4162056209839,33.05723407065964,33.40822982788086,2235200
2020-02-18,33.448110370944235,33.448110370944235,33.176887796483776,33.37631607055664,3260100
2020-02-19,33.38428913812209,33.38428913812209,32.905662536621094,32.905662536621094,2606100
2020-02-20,32.99341893311931,33.29655080570978,32.83387568212252,33.27261734008789,3901800
2020-02-21,33.2726108270491,33.50394834355893,33.23272578286591,33.4481086730957,2986900
2020-02-24,33.05723204189941,33.35637447497185,32.85062523552883,33.00139236450195,4703100
2020-02-25,33.08913635365541,33.20081569176121,32.05211001591536,32.17176818847656,9190200
2020-02-26,32.21165311118895,32.46293162098727,31.82156966108253,31.892566680908203,8641900
2020-02-27,31.366074601077056,31.493708558071965,30.081756197109364,30.08973503112793,15861500
2020-02-28,29.4515608294397,29.643013277519124,28.47276912754433,29.34786033630371,44499000
2020-03-02,29.491455295535594,30.815658965378454,29.419660992343882,30.807680130004883,19686200
2020-03-03,30.871489903383893,31.55353406915103,30.488588075744442,30.783740997314453,37983700
2020-03-04,31.19057704673868,32.020199296107926,31.1427162143355,31.980314254760742,13712900
2020-03-05,31.453827011672328,31.70909495402301,30.8954272466425,31.24641990661621,13348200
2020-03-06,30.568352227450756,30.839574683203995,29.706824042902756,30.71194076538086,16942300
2020-03-09,29.07663690908797,29.483469164481026,28.518237249443253,28.54216766357422,12791800
2020-03-10,29.276070378524206,29.97805873459351,28.23904399255625,29.930194854736328,18902400
2020-03-11,29.204270161931326,29.252130989055505,28.03961004206627,28.326784133911133,16089100
2020-03-12,26.531936272312368,27.584920360143144,22.335966720232257,25.893766403198242,9058600
2020-03-13,27.257854220957515,28.207134724575297,25.949605269217045,28.16724967956543,9694900
2020-03-16,25.36727508918637,26.053308818213367,23.476695959985236,23.66016960144043,5840100
2020-03-17,24.01914075461751,25.758155471114218,23.48467294286409,25.096052169799805,7267800
2020-03-18,23.612303009464924,24.625398794749035,22.631116471677952,23.33310317993164,12255800
2020-03-19,22.990086420010414,23.564440703902047,22.33596206025976,22.966156005859375,13526100
2020-03-20,23.093792989352863,23.61230615819232,21.51432002250342,21.66588592529297,16549800
2020-03-23,21.6031964075274,21.63534475803328,19.99581567225871,20.461956024169922,28171300
2020-03-24,21.402271443524924,22.31847940346537,21.07275855194941,22.24614715576172,15346800
2020-03-25,22.406888035450464,24.456299507939043,22.085412176898668,23.234689712524414,18863500
2020-03-26,23.435611348050056,25.123361451905048,23.274872658952344,25.01888084411621,17228600
2020-03-27,24.247344004625994,25.677913738415196,24.231269825692635,25.083181381225586,11840800
2020-03-30,25.219809805830717,25.86276319161894,24.66526440757457,25.734172821044922,10377700
2020-03-31,25.549322061779563,25.589505974132937,24.327712118053892,24.914405822753906,9015800
2020-04-01,23.789238236332242,23.805312413644536,22.889104234776788,23.403467178344727,11255400
2020-04-02,23.130207854510758,24.08659822718831,23.114133680284844,23.749048233032227,11021700
2020-04-03,23.5802726599761,23.949969448619363,23.122169451040953,23.548124313354492,7984100
2020-04-06,24.44022561468703,25.356432205394537,24.44022561468703,25.251953125,9514500
2020-04-07,26.264601755658763,26.51374687613498,25.243914609355883,25.25998878479004,19488600
2020-04-08,25.589496006847227,27.30135698567593,25.316241217108537,27.156692504882812,27207800
2020-04-09,27.646956168026385,28.892675908336553,27.60676918782594,28.555124282836914,49899800
2020-04-13,28.394383258864302,28.442602720653564,27.080347740066713,27.245105743408203,9877300
2020-04-14,27.799653737110944,28.281866797237612,27.799653737110944,28.153276443481445,6720300
2020-04-15,27.41387973124131,27.630876504740844,26.835221668575887,27.06829261779785,5378900
2020-04-16,27.108470495382022,27.341541392770047,26.734754423995998,26.8914737701416,4372800
2020-04-17,27.606761141667327,27.88805459190503,27.29332240880881,27.759464263916016,6540400
2020-04-20,27.269213720255504,27.373694323804305,26.73073959350586,26.73073959350586,5773900
2020-04-21,26.10386408916774,26.529819024425656,26.015457653736338,26.33693504333496,7839500
2020-04-22,26.738780140187785,27.036144731580883,26.537857538953286,26.7950382232666,5386000
2020-04-23,26.843255415499,27.02006518467182,26.433371673587274,26.4896297454834,6367800
2020-04-24,26.62626445895909,26.70743552352159,26.29273219903484,26.58608055114746,5142700
2020-04-27,26.80307567320892,27.4540660509317,26.80307567320892,27.357624053955078,4024200
2020-04-28,27.83982848741642,28.14523162678612,27.357615585956772,27.381725311279297,5955000
2020-04-29,27.936280301657064,28.0246867467814,27.43799305239874,27.45406723022461,6095100
2020-04-30,27.09240470929768,27.365659588719403,26.81914982987595,27.261178970336914,6837500
2020-05-01,26.594112977571083,26.770925830142946,26.264600066945974,26.425338745117188,5724300
2020-05-04,26.192272538100628,26.43337906591659,25.790427303128748,26.409269332885742,6816600
2020-05-05,26.63430489311494,26.930866295309265,26.541882194801573,26.578046798706055,4899400
2020-05-06,26.65841093032549,26.778965724953114,26.087791442871094,26.087791442871094,4609500
2020-05-07,26.34497154845309,26.650374773001115,26.168161737050095,26.32086181640625,4927700
2020-05-08,26.6262678675809,26.883448589501672,26.553935597925932,26.803077697753906,4428800
2020-05-11,26.513742431172084,26.883439206672513,26.34496515032626,26.48159408569336,4566400
2020-05-12,26.58608037985527,26.610190111219783,25.34035931778917,25.35643196105957,16049400
2020-05-13,25.21176824184087,25.509132828096817,24.830014999506773,24.954586029052734,5131500
2020-05-14,24.633110188839975,24.98673439025879,24.13482300462588,24.98673439025879,8269300
2020-05-15,24.80992387753422,24.906365869257872,24.424151311886156,24.89832878112793,7482800
2020-05-18,25.64576221035029,26.320862312918113,25.64576221035029,26.11190414428711,6286400
2020-05-19,25.97527239423063,26.071714379755235,25.605575561523438,25.605575561523438,5799300
2020-05-20,25.87882421556256,25.919008111094993,25.645753329305872,25.846675872802734,4041700
2020-05-21,25.758273959920643,25.93508681013236,25.525204565892864,25.718090057373047,4289000
2020-05-22,25.742205478859695,26.29675388049983,25.62165221163782,26.28067970275879,4743200
2020-05-26,27.1084736786488,27.30136070123538,26.79905425951901,27.116512298583984,5756600
2020-05-27,27.671063530166318,27.695173263549805,27.003998958754853,27.695173263549805,5779800
2020-05-28,28.016642669068446,28.056826568492575,27.679091169068762,28.008604049682617,5281400
2020-05-29,27.823764702282357,27.98450341805335,27.57462260538152,27.847877502441406,7830900
2020-06-01,27.823760082239748,28.615395596648746,27.743392270617058,28.40241813659668,5275600
2020-06-02,28.579233273878618,28.699785000899297,28.257755870151996,28.587268829345703,4613100
2020-06-03,28.8444442180348,29.43515707582387,28.79622476243417,29.27039909362793,3685700
2020-06-04,29.125741223556542,29.141812333499068,28.49886063155384,28.723896026611328,3692400
2020-06-05,29.632066960295248,29.97765410987602,29.503476606904904,29.776731491088867,5313700
2020-06-08,30.09016755307035,30.427719116210938,30.04194809107568,30.427719116210938,4384200
2020-06-09,29.985689497560248,30.218757380181888,29.712434642846627,30.074092864990234,3636100
2020-06-10,29.945501311139584,30.082130265873676,29.334697989637984,29.511510848999023,3956600
2020-06-11,28.39438608343391,28.707824879586127,27.65498924881188,27.687137603759766,17916000
2020-06-12,28.54707623400495,28.683702096222877,27.855902172388888,28.56315040588379,7645100
2020-06-15,27.79161472915202,29.02929558062742,27.751427757603427,28.92481803894043,5146600
2020-06-16,29.81691277012255,29.89728365004562,28.92481899674339,29.407032012939453,6559300
2020-06-17,29.591884670928458,29.591884670928458,29.053413494679376,29.06144905090332,3553800
2020-06-18,28.852482627681457,28.89266652900098,28.563153632844628,28.699779510498047,2261000
2020-06-19,29.109656865143393,29.133766587459085,28.19345062713337,28.410444259643555,5057400
2020-06-22,28.321360837151207,28.430692722855806,27.948815580109173,28.329458236694336,2525400
2020-06-23,28.59672363471642,28.66961260074702,28.1836851307324,28.224178314208984,2444900
2020-06-24,27.900231909188438,28.005516665894717,26.936477385169614,27.50339126586914,6262800
2020-06-25,27.357622234885095,27.81115410507871,27.271776157017303,27.79495620727539,3520100
2020-06-26,27.713962168955565,27.85163962818639,27.25233302181464,27.317121505737305,4398900
2020-06-29,27.543888456497978,27.786853790283203,27.236137722053126,27.786853790283203,4052700
2020-06-30,27.843542638714112,28.329467088345606,27.770653662326158,28.191789627075195,3640600
2020-07-01,28.305172482487333,29.050257068670888,28.244431152445063,28.961170196533203,5182500
2020-07-02,29.390405787075284,29.41470108259496,28.758700298673094,28.863985061645508,2586000
2020-07-06,29.358006662462802,29.447093521816626,28.84211478092383,28.896377563476562,3206300
2020-07-07,28.653412651086544,28.774892192789537,28.418547878589788,28.426645278930664,2668600
2020-07-08,28.51574311793952,28.604830003175625,28.159398666427943,28.41046142578125,11063900
2020-07-09,28.35376184996693,28.42665082498205,27.859740007566923,28.313268661499023,6024700
2020-07-10,28.313269190874415,28.49144293078321,28.199887025271476,28.345664978027344,5978400
2020-07-13,28.442857542368582,28.49954864169794,27.827352854178432,27.90024185180664,10021700
2020-07-14,27.932628300827066,28.2646773812511,27.85973932759095,28.17559051513672,6206300
2020-07-15,28.54812457425742,28.645308814150304,28.147236881446904,28.30516242980957,7492500
2020-07-16,28.19178856398451,28.321368618295363,27.904282915027057,27.973121643066406,3339300
2020-07-17,28.094597800496018,28.499535807309098,27.948819870888766,28.361858367919922,8696300
2020-07-20,28.386162347988456,28.540040814912047,27.99742211319628,28.094606399536133,2792300
2020-07-21,28.353764648773552,28.418556228263586,28.021715527468512,28.102705001831055,5930700
2020-07-22,28.06220665168723,28.45094678888148,27.884032930269537,28.442846298217773,21831500
2020-07-23,28.39426073281565,28.548136098883422,27.989322632122267,28.297073364257812,9896100
2020-07-24,28.248478779971265,28.426649418299775,28.126996131146832,28.183687210083008,3388800
2020-07-27,28.1998919987498,28.531941152048443,27.90833604181775,28.515743255615234,3487800
2020-07-28,28.50764101510777,29.234908831793085,28.442849440368384,29.090749740600586,3591000
2020-07-29,29.196032993141586,29.641464233398438,29.179835100295424,29.641464233398438,3072600
2020-07-30,29.26082299484639,29.414698334482118,29.00976030334725,29.398500442504883,3104000
2020-07-31,29.3580143521416,29.414705443046287,28.94497881991705,29.366111755371094,4594400
2020-08-03,29.260822402000418,29.301315586407082,28.819438350501542,28.896377563476562,4743600
2020-08-04,28.904475196542773,29.418748219873446,28.863982011811153,29.325611114501953,4030600
2020-08-05,29.43899603428783,29.503787607493297,29.025960568115845,29.10694694519043,2729100
2020-08-06,29.050251201077,29.21222701866292,28.949016701264767,29.163633346557617,2887800
2020-08-07,29.042161738740802,29.5807301664162,29.034061246459874,29.560482025146484,4065400
2020-08-10,29.625268026534105,29.69815390674073,29.390403225539366,29.511882781982422,2986400
2020-08-11,29.762948449716284,29.762948449716284,28.845359243295615,28.944974899291992,5520100
2020-08-12,29.15554805522636,29.38231244037066,29.0259679652249,29.309423446655273,4035200
2020-08-13,29.228430831047394,29.447097765675565,28.93687491820983,28.969270706176758,4096600
2020-08-14,28.953067456420328,29.260821206312695,28.922293626146995,29.04215431213379,2416800
2020-08-17,29.03405473209859,29.30131530761719,28.941730148952548,29.301315307617188,2824900
2020-08-18,29.358011587433413,29.370159235850053,29.082653562070533,29.268924713134766,2603600
2020-08-19,29.325618299823024,29.34181619557085,28.62912422983009,28.669620513916016,4328900
2020-08-20,28.556231436129977,29.11099770615045,28.483342459699784,28.977367401123047,3032800
2020-08-21,29.050263681546387,29.14745106751029,28.702829126326275,29.074562072753906,2155700
2020-08-24,29.115049362182614,29.131247256555287,28.693913376790526,29.115049362182617,3438400
2020-08-25,29.204139709472656,29.236532412637683,28.94578897895552,29.204139709472656,3226600
2020-08-26,29.123138934294612,29.163632114622633,28.804859509273367,29.001659393310547,2231400
2020-08-27,29.074556343693498,29.479494437118575,29.042160554755696,29.39040756225586,3098400
2020-08-28,29.439002281217103,29.617176055908203,29.147449408222,29.617176055908203,1583700
2020-08-31,29.576680104534447,29.576680104534447,29.252728378796423,29.358013153076172,3522700
2020-09-01,29.26893024779851,29.349919734945075,29.05026326665235,29.309423446655273,4280200
2020-09-02,29.349911472710584,29.997811740328796,29.123144061970084,29.965415954589844,4663200
2020-09-03,29.924920263356523,30.12738927313643,29.244624266918763,29.46329116821289,8943100
2020-09-04,29.560482209304286,29.746753370302233,28.847790266340198,29.358013153076172,9308100
2020-09-08,29.163640480555202,29.23652946182735,28.766802874298786,28.985469818115234,6823000
2020-09-09,29.179832666121115,29.698152836231472,29.12314159060479,29.301315307617188,4081600
2020-09-10,29.26891978375421,29.358006643049123,28.8720822516266,28.888277053833008,6048400
2020-09-11,28.9692637129711,29.042152673585033,28.580523619507346,28.79109001159668,5445000
2020-09-14,28.985469616172036,29.571819187537415,28.985469616172036,29.495689392089844,3205600
2020-09-15,29.57667991777333,30.159791784646686,29.55238461979781,29.88443374633789,2947800
2020-09-16,30.030203896067405,30.382497982739253,29.93301655059839,30.078794479370117,3545400
2020-09-17,29.81964920400996,30.01402090198853,29.215482711361282,29.414710998535156,3656800
2020-09-18,29.430908170510108,29.430908170510108,28.774907181648878,28.83159828186035,6254300
2020-09-21,28.508133999488514,28.548870920940892,27.909291619252127,28.06001853942871,6227100
2020-09-22,28.133343943946116,28.62219628553967,28.09260702582023,28.39406394958496,4578000
2020-09-23,28.345186898653978,28.402219217723438,27.53450744839981,27.57931900024414,4330800
2020-09-24,27.59560641534216,28.068163331631155,27.48969105798971,27.709671020507812,4926400
2020-09-25,27.603760890017803,28.280002509274457,27.55487471796403,28.247411727905273,2765000
2020-09-28,28.614051301874476,28.85847595508767,28.56516823604869,28.736265182495117,2802800
2020-09-29,28.654789513505616,28.777003399617218,28.41851409933314,28.589611053466797,2217600
2020-09-30,28.728115932838758,29.005131368621203,28.451100497056313,28.736265182495117,4386100
2020-10-01,28.842181134765184,29.216965777259833,28.654785705490042,29.208816528320312,5842200
2020-10-02,28.76884982064673,29.77099286040394,28.75255443284245,29.68136978149414,4494600
2020-10-05,29.762849065338344,29.885062942247494,29.237334367473803,29.84432601928711,2185900
2020-10-06,29.925804614816315,30.007281581696517,29.48583831774869,29.59175682067871,4225600
2020-10-07,29.78729313618,29.864692355916915,29.56731002676511,29.67322540283203,2158300
2020-10-08,29.86062203602134,30.316880555586618,29.819882004178957,30.170225143432617,2208700
2020-10-09,30.341334352691902,30.349480496701883,29.97388140806476,30.088760375976562,2617400
2020-10-12,30.145789625400212,30.3087404611973,29.950248000837966,30.243558883666992,2747100
2020-10-13,30.14578629646647,30.14578629646647,29.55916459558778,29.73026466369629,4258700
2020-10-14,29.771001196033577,29.77914733820285,29.34733031858043,29.3880672454834,7041600
2020-10-15,29.20881584122139,29.770995899766636,29.192523559781243,29.52657127380371,3691200
2020-10-16,29.551020058639132,29.60805238176408,29.322890766139352,29.4206600189209,2730500
2020-10-19,29.485831600306426,29.599899327951874,28.92365464303601,28.95624542236328,3782500
2020-10-20,29.11919912963342,29.359549158200185,29.070312955742576,29.15178680419922,5962200
2020-10-21,29.06216783489988,29.225118662991452,28.97254783207663,29.045875549316406,3566700
2020-10-22,29.037722548809324,29.07845947356466,28.789223267365205,28.84218406677246,3013900
2020-10-23,28.95625144786643,29.11105301984194,28.797375250620178,29.029579162597656,2194100
2020-10-26,28.809593576383442,28.809593576383442,28.41036425045856,28.67923355102539,3322600
2020-10-27,28.728113111587604,28.87476851071881,28.312591552734375,28.312591552734375,2760300
2020-10-28,27.856327167584674,28.16593332443255,27.563019506811784,27.685230255126953,5331500
2020-10-29,27.75041990429368,28.23926925624504,27.489699835515832,28.00299072265625,4989600
2020-10-30,27.831888053558384,28.002984980856393,27.465249560757115,27.823741912841797,5662400
2020-11-02,28.133350837156,28.50813865661621,27.937812339030007,28.50813865661621,5349800
2020-11-03,28.73626232394587,29.13548849260771,28.64663923480976,28.95624542236328,4895700
2020-11-04,29.07846237743185,29.575460989951942,28.882923875867895,29.0377254486084,5642500
2020-11-05,29.26585703630871,29.428807872436508,29.01410049645435,29.143646240234375,4718500
2020-11-06,29.168085341518623,29.3758477179285,28.923660661757346,29.029579162597656,4562400
2020-11-09,30.430953184246924,31.864916900441276,29.722120577871483,29.795448303222656,11855500
2020-11-10,29.83618110958715,30.137641221003324,29.7058210723361,29.95839500427246,9593400
2020-11-11,30.113195724371323,30.365769649154185,29.876917192286875,30.1865234375,6219300
2020-11-12,30.09689617971743,30.28021699126366,29.69766999178,29.87691307067871,5034500
2020-11-13,30.03986777693588,30.634635619661225,30.03986777693588,30.561307907104492,3078700
2020-11-16,31.115332810108747,31.180514367799187,30.39020507495514,30.75684356689453,4066500
2020-11-17,30.569463609614388,30.887216061751225,30.34133428152209,30.773151397705078,4501200
2020-11-18,30.79758684185907,31.0786769283566,30.23540977689239,30.251705169677734,4579100
2020-11-19,30.210968608423467,30.35762092921485,29.885066964817604,30.300588607788086,4583900
2020-11-20,30.34133257300701,30.34947871653917,29.990989348576466,30.096904754638672,2799000
2020-11-23,30.268003407912317,30.325035734008356,29.946176363211144,29.999134063720703,4084700
2020-11-24,30.341328193904356,30.447243584680006,29.94861637730518,29.98283576965332,3201500
2020-11-25,30.039874113878856,30.121351093923067,29.795449389804205,30.056169509887695,3553300
2020-11-27,30.19467568749903,30.19467568749903,29.876920160355663,29.999134063720703,1791100
2020-11-30,29.98282793147668,29.98282793147668,29.59582255613569,29.7384033203125,4225200
2020-12-01,30.03986580422158,30.217483395964912,29.97468734624493,30.11319351196289,4491900
2020-12-02,30.031726874690765,30.21911925991513,29.771006764115224,29.795448303222656,3019100
2020-12-03,29.85247012493886,30.1620763127752,29.819879345581818,30.01542091369629,2953400
2020-12-04,30.18652518978128,30.43094987838923,30.15393440249261,30.414657592773438,3325500
2020-12-07,30.373913559925743,30.439095125930525,30.01134964610152,30.11319351196289,3027800
2020-12-08,29.999129109719252,30.17837530957994,29.958392184667684,29.974687576293945,2184100
2020-12-09,30.00727618531973,30.031717716974086,29.51027765482824,29.697669982910156,3443200
2020-12-10,29.583607549470017,29.819882958364705,29.44509827443559,29.53472137451172,2687300
2020-12-11,29.412506583123395,29.559161995442658,29.20881885579421,29.551015853881836,2340600
2020-12-14,29.80358701295255,29.97875545863452,29.322883896355645,29.339176177978516,3412600
2020-12-15,29.49398491471432,29.85247421264648,29.28214792791443,29.852474212646484,2593200
2020-12-16,29.90950738244854,30.068383573060785,29.68870994402597,29.860624313354492,2919300
2020-12-17,30.023568764916135,30.25170112538399,29.93394877862044,30.21096420288086,2124200
2020-12-18,30.235408453210734,30.25170384528268,29.473615190995563,29.689523696899414,4150700
2020-12-21,29.32308789564181,29.496404351658335,29.1332681088513,29.42212677001953,5463900
2020-12-22,29.446887975445307,29.62845611572266,29.323090943749058,29.628456115722656,1673100
2020-12-23,29.727486529939917,29.890895308302724,29.34784698486328,29.34784698486328,1965300
2020-12-24,29.463392086754254,29.63670539855957,29.446885607302935,29.63670539855957,1600000
2020-12-28,29.735736027872512,29.900797645791798,29.595435699028645,29.876039505004883,2955500
2020-12-29,30.008092834272748,30.1318867057389,29.644956588745117,29.644956588745117,2212200
2020-12-30,29.719234477111534,30.032851288310226,29.657339114885303,29.81001853942871,2365000
2020-12-31,29.818271510074652,30.21441754528043,29.58718396165466,30.173152923583984,4083800
2021-01-04,30.23917017378156,30.296941263278367,29.19103260274366,29.19928741455078,4967000
2021-01-05,29.215802093691625,29.4468865165675,29.141524508011646,29.166282653808594,4432400
2021-01-06,29.174527502982887,29.21166786128956,28.860913901867278,29.025972366333008,7383400
2021-01-07,29.092004016353027,29.215801037440354,28.89805681918443,29.116762161254883,3433700
2021-01-08,29.191036848252892,29.521160106208736,29.14977222808059,29.430376052856445,3419900
2021-01-11,29.273568934684583,29.405617606845993,28.84853736954907,28.93519401550293,4050000
2021-01-12,28.877425967247554,28.992968174052322,28.596822115740682,28.9599552154541,4372500
2021-01-13,28.943449442070957,29.405621428851184,28.943449442070957,29.356101989746094,3024400
2021-01-14,29.438629356276433,29.72748801013929,29.298329010223046,29.537668228149414,3792500
2021-01-15,29.471652975502373,30.046064787699017,29.405630185324267,29.991596221923828,4213000
2021-01-19,30.14014211757991,30.156648597094083,29.731616981543514,29.79351234436035,3317800
2021-01-20,29.86778961954095,30.531335607027703,29.71923445373678,30.412490844726562,4404200
2021-01-21,30.28869553062364,30.3456417797481,30.016343356847745,30.313453674316406,2669600
2021-01-22,30.164898811834068,30.462009132220675,30.14014066789815,30.387731552124023,2355200
2021-01-25,30.379481818591987,30.841650658990314,30.23092664895278,30.660085678100586,5784200
2021-01-26,30.70134485054871,31.056226231846825,30.63531894319625,30.97369384765625,3398900
2021-01-27,30.783875226396905,31.105743665937776,30.379477547897892,30.57754898071289,8415100
2021-01-28,30.635324384301317,31.02404363991427,30.37122700456253,30.660085678100586,11831200
2021-01-29,30.428993202169877,30.775622924854943,30.164895865023446,30.33820915222168,5590700
2021-02-01,30.52803261126878,31.03559341119019,30.14013826301538,31.02321434020996,3729300
2021-02-02,31.18001631683121,31.312064967286275,30.957183628884263,31.155258178710938,3017400
2021-02-03,31.11399600372833,31.138754143788564,30.610559500580884,31.031463623046875,3472200
2021-02-04,31.07273951267676,31.394608010778125,30.973700629961545,31.204788208007812,3040200
2021-02-05,31.295566274958553,31.369843856078727,31.1800240706136,31.31207275390625,2019400
2021-02-08,31.328578099128606,31.38634919921045,31.105745363832003,31.378097534179688,2590000
2021-02-09,31.4441245112277,31.617440982977772,31.345088776148554,31.518402099609375,1682200
2021-02-10,31.675207720950493,31.943432483563303,31.55223555963429,31.73297882080078,3329000
2021-02-11,31.77425051090404,31.86503458751866,31.510153096183064,31.675214767456055,2301000
2021-02-12,31.600927466573484,31.741227797674092,31.37891960264247,31.666950225830078,1826300
2021-02-16,31.71646946807945,31.749482421655912,31.17176832722195,31.328575134277344,3341300
2021-02-17,31.31207428274576,31.40698575425693,31.130509302033886,31.353342056274414,3277200
2021-02-18,31.22954151434066,31.386348331902738,31.213035036446428,31.33683204650879,2932100
2021-02-19,31.485390563241047,31.65870387721456,31.349214467280824,31.435871124267578,2448500
2021-02-22,31.386347916152804,31.732977650762646,31.262554056018985,31.617435455322266,4293100
2021-02-23,31.80725639893527,31.931050263633537,31.613309214456947,31.73297882080078,5986100
2021-02-24,31.732983214276633,31.99295319959614,31.617440998579074,31.88153839111328,3779900
2021-02-25,31.889791876355673,32.10437298771094,31.1470190980914,31.361597061157227,6790200
2021-02-26,31.46062570140229,31.46062570140229,30.79790777648049,30.8168888092041,8008400
2021-03-01,31.163518680131297,31.378099765657236,30.845777607084766,30.849905014038086,4505600
2021-03-02,30.866411952789583,30.882915284270293,30.41249162984251,30.660085678100586,7482600
2021-03-03,30.660084001547556,30.660084001547556,30.2350492543671,30.280441284179688,7743400
2021-03-04,30.37947925669109,30.635321800825224,29.768752149867062,30.057607650756836,11162900
2021-03-05,30.2886879451162,30.53627876490375,29.620189898230542,30.40423011779785,9431800
2021-03-08,30.478519727376284,30.932436934478023,30.263938623320627,30.552797317504883,5381500
2021-03-09,30.70959810615554,31.10987153242799,30.70959810615554,30.899417877197266,4163400
2021-03-10,30.93243600297482,31.394608010778125,30.849906749001374,31.204788208007812,4908400
2021-03-11,31.295562366610003,31.898037753949545,31.217160536760833,31.666950225830078,4092700
2021-03-12,31.633943654446302,32.21165466308594,31.617437175872475,32.21165466308594,3621600
2021-03-15,32.236408463787726,32.66556736210996,32.05649009294579,32.57478332519531,4585700
2021-03-16,32.62429960112102,32.73159011277361,32.42622820084192,32.57478332519531,3814700
2021-03-17,32.51701689028195,32.558281508886886,32.2364130761644,32.5252685546875,4914800
2021-03-18,32.343697348111476,32.40972325016813,32.0713483728485,32.318939208984375,4147000
2021-03-19,32.32720222436147,32.44191959342311,31.840275193005514,31.88979148864746,5718700
2021-03-22,31.908123317159955,32.34156739397316,31.808098739348907,32.24154281616211,4371700
2021-03-23,32.30822921746581,32.56662952344444,32.174862035608164,32.34157180786133,4453800
2021-03-24,32.32489718004141,32.5332835789426,32.09567404908456,32.199867248535156,10398000
2021-03-25,32.199869030648046,32.51244864629966,31.858115444724582,32.474937438964844,5725300
2021-03-26,32.624980749906804,33.283482667725046,32.541627445254385,33.26681137084961,4550900
2021-03-29,33.150107263024054,33.34182236002734,32.79168241827584,33.1917839050293,5335600
2021-03-30,33.1417819780776,33.19179587435383,32.96673811069848,33.05009460449219,4534600
2021-03-31,33.00840870072725,33.255139425391924,32.733340271078866,32.91672134399414,5083900
2021-04-01,33.07508983368394,33.44184875488281,32.90004601991112,33.44184875488281,6082700
2021-04-05,33.65022935544869,33.65022935544869,33.29180455299843,33.61688995361328,5235600
2021-04-06,33.54188379318027,33.70025634765625,33.408516594746594,33.70025634765625,4270100
2021-04-07,33.71692656004547,33.82028669195768,33.437689494141736,33.7419319152832,3063200
2021-04-08,33.783608454264254,33.92531288616182,33.54604804112617,33.57522201538086,4042700
2021-04-09,33.63356293857159,33.66690552496233,33.47519042280168,33.62522888183594,1887000
2021-04-12,33.70024613407263,33.829444674101254,33.416840525827624,33.825279235839844,2946900
2021-04-13,33.82528043558929,34.05867217546081,33.74192397154662,34.02532958984375,7557800
2021-04-14,34.0086553889357,34.183699178871244,33.77526366902163,33.81694030761719,3027900
2021-04-15,34.00865918819709,34.46710862341106,33.92530590169421,34.45877456665039,3786400
2021-04-16,34.60881746978835,34.633822823005005,34.41710234243691,34.508792877197266,3173700
2021-04-19,34.51712857039452,34.629655844925296,34.31291075675924,34.61715316772461,3291600
2021-04-20,34.55047199496463,35.10894612154462,34.50879534338361,35.000587463378906,5042100
2021-04-21,35.058926232113954,35.22563279478951,34.95056442259575,35.15895080566406,4182600
2021-04-22,35.117276765050995,35.317325926962695,34.95056701030851,35.008914947509766,4074600
2021-04-23,35.10060729304659,35.30899370235727,34.99224546988225,35.20896911621094,3551700
2021-04-26,35.350663307483934,35.48403045569107,35.1922908126516,35.28398132324219,2893600
2021-04-27,35.400677180457976,35.400677180457976,35.1922908126516,35.28398132324219,3715200
2021-04-28,35.34233184027582,35.40901382940127,35.1339454572075,35.15895080566406,2246200
2021-04-29,35.35066940826639,35.49237381628622,35.17562559223383,35.417354583740234,4261900
2021-04-30,35.292320532501215,35.684087978697306,35.25897794564961,35.6507453918457,4592300
2021-05-03,35.73409085395177,35.73409085395177,35.409008652647636,35.459022521972656,5074000
2021-05-04,35.38401398630299,35.60907169660011,35.02558909728066,35.2423095703125,4892400
2021-05-05,35.192292459284964,35.20062651530877,34.575467382638706,34.72550582885742,5972400
2021-05-06,34.74218108013868,34.933896187773435,34.60047667379394,34.89221954345703,4116400
2021-05-07,34.85887615563983,35.333996885329576,34.85887615563983,35.317325592041016,3863600
2021-05-10,35.49237167127889,35.79077922823456,35.3965125322596,35.47570037841797,3873100
2021-05-11,35.10060226861364,35.19062342934209,34.738008823615324,35.05892562866211,5546200
2021-05-12,34.91722604744816,35.00891657580735,34.192042237272084,34.20871353149414,5443800
2021-05-13,34.275400160003834,34.84054534551512,34.26706610162882,34.64216232299805,10719300
2021-05-14,34.81718951898236,35.10059506409614,34.692156445067425,34.967227935791016,3828600
2021-05-17,34.933899535823386,35.07143533700061,34.8588802969744,34.98391342163086,3583400
2021-05-18,34.96722961893546,35.258136144975495,34.73800336563202,35.05058288574219,4545500
2021-05-19,34.78386151455163,34.91722869873047,34.45044514396678,34.91722869873047,7500900
2021-05-20,34.85886652957509,35.48402554650394,34.79634999193756,35.35065841674805,5260700
2021-05-21,35.43401381484253,35.48402768390981,35.23396469802018,35.29231262207031,4565100
2021-05-24,35.49238045441459,35.83829953277869,35.434029325099495,35.675758361816406,9873000
2021-05-25,35.75910016960892,35.90830233390789,35.517371232108424,35.7757682800293,4333800
2021-05-26,35.8424595663819,36.09252260183045,35.75076904478182,35.859130859375,4738200
2021-05-27,35.975827810349784,35.99249910384325,35.76243970524721,35.81745529174805,4288000
2021-05-28,36.03251349935906,36.18421815304208,35.967497673455554,36.05918502807617,3534100
2021-06-01,36.24257730300881,36.676021575927734,36.07586747808223,36.676021575927734,5512300
2021-06-02,36.767694542675414,37.19280137205527,36.659332731373134,37.18446731567383,4599000
2021-06-03,37.04443928145295,37.14279769992298,36.87189471028761,37.10945510864258,3447300
2021-06-04,37.23447908978894,37.28449296869517,36.95941070511472,37.142791748046875,3061300
2021-06-07,37.19280862576098,37.63459001351209,37.19280862576098,37.49288558959961,5659700
2021-06-08,37.56790282211373,37.816299709801555,37.513723498654485,37.692935943603516,5577200
2021-06-09,37.82630204040303,37.89965191996166,37.70126892249058,37.73461151123047,2401800
2021-06-10,37.75127549683268,38.18471952736228,37.6554163676952,38.11803436279297,3818400
2021-06-11,38.15972174028936,38.15972174028936,37.734614825552555,37.87631607055664,4478100
2021-06-14,37.88465024014707,38.109707946095384,37.82630229931502,38.09303665161133,2746000
2021-06-15,38.09302975671092,38.09302975671092,37.709599592152,37.74293899536133,2948300
2021-06-16,37.826305623514685,37.93049883840338,37.367856113949344,37.40119552612305,6093100
2021-06-17,37.3178385670923,37.5679016223616,37.234482095519695,37.54289627075195,4558600
2021-06-18,37.334502850933845,37.547054659152565,36.951072692871094,36.951072692871094,9034600
2021-06-21,37.114670635140705,37.77743015339578,36.972049310754855,37.68514633178711,4818200
2021-06-22,37.70192896182136,37.710320146537676,37.50897331723681,37.517364501953125,2428600
2021-06-23,37.500574128171465,37.621382189656224,37.35208028587385,37.39990234375,5049300
2021-06-24,37.53414950075313,37.53414950075313,37.06434229294857,37.22373962402344,3267900
2021-06-25,37.29923947975971,37.50058631433047,37.16500932347899,37.49219512939453,3278500
2021-06-28,37.56769765798648,37.56769765798648,37.20695353342089,37.50897216796875,3260700
2021-06-29,37.46702744077424,37.733810792662965,37.4166899327747,37.48380661010742,2851400
2021-06-30,37.46701467229001,37.68513739868809,37.14821696420215,37.19016647338867,6087600
2021-07-01,37.181781613047555,37.626418323397075,37.051747073296006,37.34117889404297,6332000
2021-07-02,37.46702699455309,37.648237540774225,37.3327968417856,37.517364501953125,3992900
2021-07-06,37.500582863316495,37.88649412707242,37.257289727353346,37.852935791015625,5002400
2021-07-07,37.82776044220505,38.18850447589809,37.634804852138735,38.04588317871094,4634400
2021-07-08,37.810989912564466,38.113008540003754,37.727097271742046,38.01233673095703,5252900
2021-07-09,38.196895912854565,38.540860813266725,38.04588661996156,38.51569366455078,4090400
2021-07-12,38.498924041545614,38.8932265374259,38.46536570140698,38.851280212402344,3406600
2021-07-13,38.717039445118985,38.79254408959572,38.222065264726766,38.347904205322266,4764500
2021-07-14,38.38147210001109,38.796746147960164,38.26402111273655,38.68349075317383,3942900
2021-07-15,38.64993037480539,38.800939693419934,38.60378846076766,38.74221420288086,4138400
2021-07-16,38.868052635098934,39.04842148135884,38.742210481574595,38.784156799316406,4107200
2021-07-19,38.43180286110207,38.52408347754413,37.8613239942483,38.180118560791016,8124900
2021-07-20,38.37307919600573,38.99389239209863,38.31435050959795,38.8680534362793,4986200
2021-07-21,38.935158882267764,38.98549637440137,38.68767341328205,38.75059127807617,4280500
2021-07-22,38.61636919168676,38.61636919168676,38.27240425803305,38.473751068115234,4127600
2021-07-23,38.59959304618198,38.859665362837355,38.49053324913551,38.826107025146484,4995800
2021-07-26,38.73382319664622,38.84204771559453,38.49053324913551,38.826107025146484,3699600
2021-07-27,38.80932001571475,39.17006407226294,38.670897501228865,39.13650894165039,3937400
2021-07-28,39.161687482595845,39.1784666529328,38.775776165744354,38.901615142822266,6457100
2021-07-29,39.00228277205208,39.21201756106004,38.742210481574595,38.784156799316406,7659100
2021-07-30,38.86805733929081,39.37141961371217,38.81771983172896,38.910003662109375,4998700
2021-08-02,39.11134515104322,39.337859122224636,38.87644319587691,38.926780700683594,6819300
2021-08-03,39.03584413112814,39.14910272742122,38.83282033654671,39.086181640625,6669700
2021-08-04,39.0945725757153,39.26236108640113,38.775777925741835,38.96034240722656,4374600
2021-08-05,39.17007312243358,39.287527307760094,38.93517115237919,39.270748138427734,5469000
2021-08-06,39.30430034823285,39.43853049259093,39.12141285664591,39.20362854003906,3452600
2021-08-09,39.20362318718498,39.20362318718498,38.93516293512433,39.02744674682617,3556200
2021-08-10,39.07779746509434,39.09457343626251,38.5828231078406,38.60799026489258,6752900
2021-08-11,38.792543728639636,38.9016035027479,38.633143258283845,38.817710876464844,4074400
2021-08-12,38.90160494603112,38.960330426667745,38.683482189423486,38.951942443847656,3733000
2021-08-13,39.07778692409057,39.22879302596912,38.91419084648264,39.21201705932617,4763300
2021-08-16,39.15329227348091,39.41336458652677,39.094566783486556,39.25396728515625,4879200
2021-08-17,39.11973678282306,39.3420551644056,38.985506635435534,39.329471588134766,4916800
2021-08-18,39.23719384568258,39.25397301674512,38.8680616832058,38.91839599609375,5431500
2021-08-19,38.800938197009955,39.30430043944612,38.69187520437245,39.245574951171875,5385100
2021-08-20,39.22879843291717,39.62897345887378,38.95195014096618,39.430145263671875,4420700
2021-08-23,39.54759697008894,39.56437613964974,39.1952440102102,39.279136657714844,4653700
2021-08-24,39.37980338303947,39.37980338303947,38.884829146042925,38.985504150390625,4291800
2021-08-25,38.985507261232854,39.14070897146336,38.809327589715615,38.94355773925781,4543600
2021-08-26,38.98550628012431,39.09037368182441,38.82191338949609,38.968727111816406,2861300
2021-08-27,39.12812467713928,39.39658497129845,39.04423203532672,39.28752517700195,2530500
2021-08-30,39.32108040396503,39.77830394370255,39.237187761959554,39.76572036743164,6169800
2021-08-31,39.631489695298946,40.05095930037057,39.530814685866396,40.0006217956543,4855300
2021-09-01,40.05934843083018,40.73049917809315,40.050960446620294,40.68855285644531,9196200
2021-09-02,40.755665107553405,40.88150405883789,40.38652983640165,40.88150405883789,6576100
2021-09-03,40.755665107553405,40.94442513462957,40.39911341150022,40.88150405883789,5537900
2021-09-07,40.73049686012207,40.77244317938273,40.04592409696261,40.4284782409668,7162300
2021-09-08,40.27746577764249,40.79761033670409,40.19357314568998,40.67176818847656,6704200
2021-09-09,40.44525918002741,40.487205501125125,39.799275594165415,39.80766677856445,4573200
2021-09-10,39.8496140031068,39.866393171986125,39.28752624699609,39.30430221557617,6203600
2021-09-13,39.70699042258869,39.853804129774396,39.35547280332829,39.522422790527344,5495200
2021-09-14,39.70699729437221,39.75733160251896,39.23719014977325,39.438533782958984,5234500
2021-09-15,39.5224212960453,39.799269533369916,39.28751937343064,39.589534759521484,4885700
2021-09-16,39.58954203142826,39.83199670344642,39.30430255858895,39.66504669189453,4685700
2021-09-17,39.44692355090079,39.70699586808142,39.23970417555537,39.30430221557617,8711800
2021-09-20,38.866450684933604,39.32623563958415,38.571178305416794,39.035179138183594,13017800
2021-09-21,39.195472546834054,39.50762133679724,39.02674408003219,39.043617248535156,6982600
2021-09-22,39.31357659972467,39.59197901792266,39.10266684711193,39.37263107299805,6432400
2021-09-23,39.46544158883022,39.58355056443557,39.119549638173886,39.17860412597656,4571500
2021-09-24,39.102664368493464,39.24608466465734,38.621790420475975,38.73146438598633,5211600
2021-09-27,38.697715519803104,38.92549840944892,38.05233227492013,38.09029769897461,6701100
2021-09-28,37.854091560083795,38.03125824522522,37.56725409155516,37.86252975463867,12068800
2021-09-29,38.00594574503428,38.284348228923974,37.963764428204136,38.107181549072266,5975800
2021-09-30,38.28433652717438,38.296990596532844,37.499752044677734,37.499752044677734,6342800
2021-10-01,37.74441097848882,38.17466546047632,37.45757358442134,37.904701232910156,8294700
2021-10-04,37.82877900578841,38.09874327198448,37.66848872843072,37.9468879699707,10456400
2021-10-05,38.01437637347519,38.01437637347519,37.48288287615764,37.651611328125,5480300
2021-10-06,37.50819974964442,38.04812834705565,37.07794515427868,38.01438522338867,8996300
2021-10-07,38.216854618404035,38.571184751265896,38.005944821152106,38.05656433105469,7269800
2021-10-08,38.0565539084966,38.107170186308785,37.584114933477146,37.64316940307617,5464400
2021-10-11,37.626305387387355,37.85915062027191,37.406960620999236,37.69379806518555,4151900
2021-10-12,37.75284640619787,38.36870250887145,37.676918765143455,38.199974060058594,5663300
2021-10-13,38.13248934907607,38.461508095113544,37.83974646775684,38.41932678222656,9279200
2021-10-14,38.655544617275474,39.005655628039825,38.562743798207535,38.95925521850586,4392500
2021-10-15,39.21234170826146,39.31357749070626,38.73990269313994,38.97612380981445,5210100
2021-10-18,38.83270746958978,39.203910740199454,38.74834484530276,39.043617248535156,4251300
2021-10-19,39.24608755968873,39.39794284060415,39.15328675265958,39.22077941894531,3509700
2021-10-20,39.29671164643124,39.8282019734476,39.237653947423816,39.819766998291016,5596400
2021-10-21,39.802891040778725,39.98005447070374,39.67212801653325,39.94630813598633,5528800
2021-10-22,40.06442142563972,40.321728384915176,39.99692875432127,40.23314666748047,5378000
2021-10-25,40.266899101687734,40.44828166054243,39.950534397980356,40.35126495361328,4933100
2021-10-26,40.401871677400884,40.67943091988827,40.35125539646215,40.5368537902832,9546200
2021-10-27,40.73933196398609,40.76464010656466,40.24158477783203,40.24158477783203,7158300
2021-10-28,40.23314803235176,40.83213424682617,40.217964433549405,40.83213424682617,6690300
2021-10-29,40.68028381520979,40.79839278992316,40.16566338119167,40.34282684326172,7925200
2021-11-01,40.44405432860907,40.51576609270166,39.77336283805789,40.43561935424805,6766900
2021-11-02,40.63809138026485,40.95698876822756,40.427181618353835,40.81525802612305,6617300
2021-11-03,40.865881501318256,41.13584578661727,40.629663556238654,41.051483154296875,4814500
2021-11-04,40.983990054510265,41.08522584795508,40.41875016980207,40.58747863769531,4620600
2021-11-05,40.98398168522357,41.21176136940283,40.6110921369673,40.68027114868164,5731400
2021-11-08,40.798380168218046,40.848996445591474,40.30063305860707,40.67183303833008,5791700
2021-11-09,40.75620668095718,40.8996237853241,40.66340586367137,40.82369613647461,4410400
2021-11-10,40.697151096496725,40.96711534769839,40.61700435315545,40.62122344970703,5063100
2021-11-11,40.6718383758447,40.6718383758447,40.33438468223682,40.638092041015625,4191900
2021-11-12,40.77307661671117,40.78994656558214,40.5031091613623,40.654964447021484,3902800
2021-11-15,40.67184547737472,40.882755279541016,40.50311699199604,40.882755279541016,3591500
2021-11-16,40.908060185011976,40.98398783053237,40.549511003359896,40.62965774536133,4936700
2021-11-17,40.545296987629584,40.950243376264396,40.039111588165206,40.89962387084961,15340000
2021-11-18,40.941798224384925,40.98398274750808,40.705580342386185,40.89118194580078,5484700
2021-11-19,40.93336227159252,40.99241674067965,40.57059726535602,40.67183303833008,5099600
2021-11-22,40.68027391785674,40.84899914455239,40.36812516836948,40.469364166259766,5416900
2021-11-23,40.595913274816546,41.01351695347592,40.406095761409794,40.89962387084961,9784700
2021-11-24,40.89119249649593,41.50282962086821,40.78151850088688,41.447994232177734,5086700
2021-11-26,40.891178920581154,40.992414688487074,40.26688471233609,40.3259391784668,6829200
2021-11-29,40.638094419316836,41.13584162337912,40.333540648850146,40.83213424682617,7173400
2021-11-30,40.646532429547996,40.747768221276324,39.96318359436929,39.98005676269531,11022100
2021-12-01,40.41031771467271,40.85744544697986,39.43169640173664,39.45700454711914,12299600
2021-12-02,39.72696111298928,40.78150987557848,39.63416030696504,40.5368537902832,10097200
2021-12-03,40.58746831718879,40.781504879547015,39.988485465792465,40.33437728881836,11826500
2021-12-06,40.62966264259417,41.25395704970213,40.612789472863895,40.916500091552734,8711100
2021-12-07,41.237074849040155,41.70529474727381,41.13583585282987,41.64202117919922,7763600
2021-12-08,41.64202753593261,41.92886496585997,41.49860721185501,41.819190979003906,6931400
2021-12-09,41.72638185081374,41.73482004255255,41.24972700084133,41.287689208984375,3572400
2021-12-10,41.45642632265444,41.53235397306409,41.23876791634088,41.49860763549805,3683700
2021-12-13,41.38049407783873,42.24522537714853,41.32143960276883,42.05540466308594,5105600
2021-12-14,41.96261489533462,42.055412503296104,41.27926599012503,41.59141159057617,8920600
2021-12-15,41.726386136602734,42.2663146071644,41.68420482825776,42.20726013183594,8196000
2021-12-16,42.30006104284124,42.645952921265724,42.1018053530929,42.3675537109375,7161500
2021-12-17,42.325372143534025,42.72610264736156,42.16508187293968,42.22413635253906,8626500
2021-12-20,41.7348890793943,42.117778625144396,41.49664813794508,41.94760513305664,9760200
2021-12-21,42.23689801034571,42.44961405854108,42.011419518584916,42.185848236083984,6024000
2021-12-22,42.313474002054605,42.628292830311324,42.26667621390695,42.60276794433594,4530000
2021-12-23,42.687859503283235,42.704877178431275,42.22839525744471,42.47514343261719,5264600
2021-12-27,42.59426323010568,43.343021392822266,42.50917486221333,43.343021392822266,5183100
2021-12-28,43.343025037725475,43.54723389205058,43.19837966882865,43.530216217041016,5592700
2021-12-29,43.615295703188615,43.92160732214971,43.411090121074025,43.79397964477539,4404700
2021-12-30,43.83651782033668,44.13431895021978,43.76844713591261,43.98967361450195,3665900
2021-12-31,44.00669693439626,44.38958322316862,43.95564391452494,44.083274841308594,3979100
2022-01-03,44.22792170269238,44.22792170269238,43.01118561017375,43.674861907958984,8441200
2022-01-04,43.793974546016926,43.98116243353022,43.46213807937321,43.50468063354492,7440700
2022-01-05,43.360036598411305,43.360036598411305,42.06672269216525,42.09225082397461,14980800
2022-01-06,42.12628143077633,42.26667479049126,41.5902393686105,42.1432991027832,9807100
2022-01-07,42.00716229588086,42.20201026468271,41.72637881339445,41.92207717895508,6141100
2022-01-10,41.56471404839534,41.67532730102539,41.05419683682309,41.67532730102539,6870600
2022-01-11,41.59024398381955,41.67958433742782,40.990383150720454,41.607261657714844,7442400
2022-01-12,41.55620578271044,41.9901450769827,41.55620578271044,41.71786880493164,4686800
2022-01-13,41.86252858014307,41.94761372071116,41.50176226103866,41.57323455810547,5481200
2022-01-14,41.33498151284701,41.38603128398356,40.61174504578445,41.08823013305664,5737300
2022-01-18,40.83297747588872,40.94358749329002,40.39903488341121,40.80744934082031,8948300
2022-01-19,41.02015809581839,41.266909467500014,40.2799072265625,40.2799072265625,7152500
2022-01-20,40.35648894289009,40.89338469022332,39.88000382621688,39.92254638671875,7586800
2022-01-21,40.11824492348374,40.38626595525266,39.79917087556353,39.89701843261719,10920600
2022-01-24,39.53965553619986,40.0629351370214,38.589239848655296,39.98210525512695,19972200
2022-01-25,39.50562623145035,40.16079207427862,39.13124714088681,39.871498107910156,10908900
2022-01-26,40.075707251870725,40.56069964345184,38.92278651428475,39.207828521728516,12858500
2022-01-27,39.50563385600972,39.74813007713567,38.3484577672017,38.50161361694336,8783800
2022-01-28,38.58669560483754,39.837467193603516,38.118720878102785,39.837467193603516,6455400
2022-01-31,39.62474147026421,40.33946745479062,39.497110555038816,40.2799072265625,4557200
2022-02-01,40.279913321536505,40.33947355877701,39.74386794058249,40.00763702392578,8057400
2022-02-02,40.22886044772499,40.78617873509826,40.194828344739584,40.69683837890625,6716600
2022-02-03,40.45858791124685,40.594726039452404,40.22885421131454,40.2799072265625,4484000
2022-02-04,39.99062151461542,40.24588015172099,39.429051214667304,39.72685241699219,5447900
2022-02-07,39.726848732166246,39.99912501926275,39.616238722013485,39.73535919189453,5403300
2022-02-08,39.6247497754505,39.74812548715037,39.29291322125969,39.37799835205078,4876000
2022-02-09,39.84597835303155,40.352240425054305,39.828960676842314,40.330970764160156,4927400
2022-02-10,39.6758034221475,40.17355826122136,38.95682204629212,39.18230056762695,8187100
2022-02-11,39.32694565751043,39.4205412419184,38.40801073327519,38.6462516784668,9040100
2022-02-14,38.680281275971836,38.87597962982606,38.05915087135913,38.22932434082031,6979200
2022-02-15,38.58668557343168,38.7483518294716,38.28037722439652,38.4165153503418,5395100
2022-02-16,38.47608079051443,38.61221893490439,38.11020891888089,38.51862335205078,5675200
2022-02-17,38.41652805308733,38.561173439699736,38.09745391060585,38.18679428100586,5008400
2022-02-18,38.06766602746665,38.45055232376529,37.89834293381934,38.0166130065918,6226000
2022-02-22,37.94854091979201,38.178274636616074,37.68477510275602,37.91450881958008,6832300
2022-02-23,38.24635231793191,38.4590684006281,37.369959850086545,37.42101287841797,5917600
2022-02-24,36.7232944486005,38.182526510823415,36.587156322348896,38.06766128540039,11608800
2022-02-25,38.22081925240052,39.050413815415574,38.042138544965674,39.020633697509766,6193400
2022-02-28,38.51861936666152,38.73984261123498,37.94003150142134,38.348445892333984,8591800
2022-03-01,38.5356387184185,38.74835475915281,38.059153618689514,38.27186965942383,9027900
2022-03-02,38.408004117305936,39.12698530478324,38.39269048534687,38.95255661010742,5481500
2022-03-03,39.17379273983629,39.52690219961972,38.85897061517194,39.37799835205078,5774900
2022-03-04,39.08018602978733,39.74385894934735,38.9951009232038,39.70982360839844,6193600
2022-03-07,39.63325760442401,39.75237807793802,38.98659896850586,38.98659896850586,7882200
2022-03-08,38.99510572122398,39.403520125496634,38.60370574373051,38.63774108886719,10469300
2022-03-09,39.30142243081858,39.658787139016994,39.18230194334907,39.28440475463867,6229300
2022-03-10,38.901515940261,39.48010391062176,38.68879987015159,39.4205436706543,5638500
2022-03-11,39.61623498356813,39.88851124497087,39.01637421511613,39.029136657714844,4363500
2022-03-14,39.32695043638828,39.34396811251124,38.637749159462444,38.7909049987793,4846100
2022-03-15,39.24184379738823,39.403510022441665,38.748344402596224,39.097198486328125,4988500
2022-03-16,39.403534539696615,39.708992623538755,38.71433315461348,39.53116226196289,6868200
2022-03-17,39.41202932367103,40.109737705163624,39.36948676300232,40.09272003173828,4499700
2022-03-18,40.23737428599351,40.36500198593031,39.93106261288154,40.18632125854492,4727800
2022-03-21,40.17690282891938,40.407952498334886,39.78326410223296,39.98008346557617,3979300
2022-03-22,40.12555919048117,40.27959231041399,39.94585497202015,40.00575637817383,2853300
2022-03-23,39.89450885364469,40.04854197104106,39.50429445203805,39.552215576171875,3976800
2022-03-24,39.61212185250379,39.860286712646484,39.44097356053014,39.860286712646484,3758900
2022-03-25,40.01431099344152,40.35660752956006,39.87739303187044,40.330936431884766,4003200
2022-03-28,40.35661273471315,40.87005434073242,40.35661273471315,40.844383239746094,3705400
2022-03-29,41.15244717224384,42.10231702738446,41.15244717224384,42.042415618896484,5108100
2022-03-30,41.87981292742894,41.9226024352381,41.58030595905159,41.81135559082031,3881400
2022-03-31,42.01674074697438,42.11943167261096,41.3235949530279,41.349266052246094,5624200
2022-04-01,41.546080372596094,42.196443098267835,41.332145866800666,42.17076873779297,6746700
2022-04-04,42.15365922644161,42.29913640732807,41.670168353822426,42.042415618896484,5056000
2022-04-05,41.879821710214046,42.624316212393445,41.879821710214046,42.07664108276367,5239100
2022-04-06,41.89694368235533,42.75268192716348,41.71723943439738,42.70133972167969,6810900
2022-04-07,42.46172272631185,42.53873928428797,42.05096883856642,42.35047912597656,6015900
2022-04-08,42.35047531974355,42.64142637212849,42.145096762138294,42.5045051574707,5033700
2022-04-11,42.41037783661266,42.6071971912979,41.80280135589217,41.922607421875,5041300
2022-04-12,41.83704056059798,42.15366278424068,41.614550062347426,41.794254302978516,6728900
2022-04-13,41.85414621035692,42.02101486224018,41.60598140239361,41.96539306640625,8415000
2022-04-14,42.05952487070153,42.256344223023326,41.70353754200008,41.72578430175781,5098900
2022-04-18,41.6487713789246,41.905495418080484,41.40060981312595,41.62310028076172,5247900
2022-04-19,41.85415280805902,42.60720329448422,41.845596862882566,42.49595642089844,5908900
2022-04-20,42.61575279584384,43.42014862484311,42.5387362433733,43.30034255981445,6241800
2022-04-21,43.471499794954,43.61697698605735,42.992288493395094,43.01795959472656,6083100
2022-04-22,42.958043880807125,42.958043880807125,42.213552810604746,42.247779846191406,8511100
2022-04-25,42.19644916720593,42.316251985381065,41.366382120732524,42.05097198486328,8143800
2022-04-26,41.97394613931186,42.25634123203387,41.38348812414029,41.39204406738281,8830300
2022-04-27,41.47763157103367,41.811368946510704,41.101104674079345,41.14389419555664,13001300
2022-04-28,41.44339061002858,42.02101309333841,40.88715961757832,41.89693069458008,9532500
2022-04-29,41.60598306751853,41.64876931713249,39.78326337178748,39.87739181518555,11520500
2022-05-02,39.988650359329924,40.12556835672742,38.044413490532435,38.84196090698242,17231300
2022-05-03,39.03876709482821,39.586438898824134,38.69647384952148,39.31260299682617,13431300
2022-05-04,39.304048707149704,39.83460538155133,38.640850415861486,39.77470397949219,14707100
2022-05-05,39.5522148441871,39.86028107327853,38.47398304236708,38.756378173828125,13591600
2022-05-06,38.422640967234265,38.57667408226156,37.93487052444171,38.36273956298828,16154900
2022-05-09,38.01187839955552,38.01187839955552,36.454435582386466,36.574241638183594,18005000
2022-05-10,37.01922413359014,37.2845040865454,35.53024185411581,35.76129150390625,27771000
2022-05-11,35.863974945821546,36.51433430782513,35.65004047268627,35.70994186401367,25360800
2022-05-12,35.692828456039095,35.975223541259766,35.40187742780317,35.975223541259766,20802700
2022-05-13,36.377422959586156,36.8994236908147,36.043685643392585,36.87375259399414,8949200
2022-05-16,36.76250176853089,36.916534861603104,36.53573173272492,36.574241638183594,7445500
2022-05-17,37.01067031294028,37.053456562159845,36.44588333584986,36.9678840637207,7254800
2022-05-18,36.90798653278149,36.950772786488415,35.7698532507624,35.88965606689453,9546400
2022-05-19,35.6414932916079,36.24050735213364,35.590147830256356,35.821197509765625,8204600
2022-05-20,36.20627436624054,36.30896200770723,35.675714479169905,36.240501403808594,9859500
2022-05-23,36.52289536195898,36.796731240270965,36.035124999691924,36.711158752441406,8100200
2022-05-24,36.48011929972451,37.19893949701304,36.060806157813666,37.1390380859375,9706200
2022-05-25,36.976438523525296,37.472768134817336,36.84807978101908,37.34440612792969,7668000
2022-05-26,37.57545254639446,37.751735657607206,37.22460012407611,37.30161666870117,7131100
2022-05-27,37.50700053552206,38.37129453515821,37.50700053552206,38.35417938232422,4540800
2022-05-31,37.95198763352323,38.12313592535919,37.626809469855274,37.84074401855469,15462000
2022-06-01,37.986208968236326,38.011880063411624,37.0192241225964,37.42998123168945,9317800
2022-06-02,37.25027560943426,38.0118819380887,36.715439337695855,37.99477005004883,8401500
2022-06-03,37.65247812183242,37.91775812014101,37.429987641986,37.515560150146484,6905100
2022-06-06,37.78083513959587,37.840736540243064,37.301620670036826,37.4043083190918,7605400
2022-06-07,37.22461147369808,37.86641511979633,36.96789066813522,37.84074401855469,4812800
2022-06-08,37.62680767984214,37.68670908947772,36.84808609019753,36.933658599853516,5418800
2022-06-09,36.80530331339964,37.087698522884324,36.07792705492881,36.086483001708984,5533800
2022-06-10,35.60726262954106,35.70995028684002,35.21362388957691,35.230735778808594,8566800
2022-06-13,34.31508682991578,34.45200475673972,33.3908916399494,33.5363655090332,13192800
2022-06-14,33.64762066676306,33.71608127929783,33.05716257336823,33.29676818847656,9800800
2022-06-15,33.63050348813102,34.53758696329481,33.519256631653036,34.058372497558594,9429200
2022-06-16,33.313879152510076,33.639060492396496,33.08282951083141,33.245418548583984,8398000
2022-06-17,33.39945596821282,33.92145671541313,33.15471547980793,33.44224548339844,14302000
2022-06-21,33.797640966311796,34.349720328780286,33.76313518349438,34.06505584716797,6031800
2022-06-22,33.74589236082409,35.09590272314742,33.71138985836474,34.61714553833008,5776400
2022-06-23,34.781033284830315,35.41506306872166,34.746527501474404,35.298606872558594,7414500
2022-06-24,35.548772104014525,36.08360192279053,35.453882836468686,36.066349029541016,6781800
2022-06-27,35.99734180132322,36.376895626664755,35.77306074331534,35.93695831298828,4743000
2022-06-28,36.11810161069799,36.38551649929629,35.3848718031886,35.445255279541016,3487300
2022-06-29,35.151962401456,35.298607045458006,34.737902871114706,35.22097396850586,4473000
2022-06-30,35.06571003117336,35.67817303446911,34.789670275021656,35.24686050415039,4305200
2022-07-01,35.177851744803874,35.98009337887437,35.126096343027534,35.87657928466797,4894100
2022-07-05,35.5228951065402,35.729923248291016,34.862987557398355,35.729923248291016,4563400
2022-07-06,35.87657381454635,36.19574414256668,35.60915888041119,35.70404815673828,5866400
2022-07-07,35.87657119846308,36.092227432334425,35.60915628382754,35.729923248291016,3019300
2022-07-08,35.59190247466336,35.803247947690714,35.384874338238184,35.56602478027344,3067500
2022-07-11,35.46251071206085,35.66953884848602,35.22097678934718,35.56602478027344,3716600
2022-07-12,35.367624980912545,35.734239947584044,35.091585244313784,35.34174728393555,3978300
2022-07-13,34.92768505979808,35.445258704444434,34.7120288260866,35.1519660949707,5314500
2022-07-14,34.53949987035311,34.962184205147366,34.49636928587551,34.80691146850586,4305800
2022-07-15,35.23822351808804,35.57896072593008,35.04844829028369,35.367618560791016,3126600
2022-07-18,35.617781004180216,35.62640580483129,34.89317599534133,35.02256774902344,4191200
2022-07-19,35.35899652114921,36.049095791259894,35.28998494881169,35.988712310791016,3414900
2022-07-20,35.89382825969481,36.31651268439499,35.69542489637485,35.80756378173828,3630300
2022-07-21,35.8679512451546,36.18712159304262,35.566030502533245,36.17849349975586,5243600
2022-07-22,36.37689243174559,36.67018504532163,36.178489088834304,36.45452880859375,3791600
2022-07-25,36.45453435424972,36.70469641666677,36.28632272726498,36.48041534423828,3131300
2022-07-26,36.51490928265392,36.786634909417316,36.411391937613374,36.54941177368164,3006400
2022-07-27,36.601180944335155,36.82546200828083,36.31651309980249,36.747825622558594,5156000
2022-07-28,37.13600703258261,38.153904835324816,36.98936235640699,38.10214614868164,5375700
2022-07-29,38.110767078483306,38.4213125586655,37.946869537566144,38.24878692626953,3523300
2022-08-01,38.07627324514157,38.16253773374237,37.75710286395306,37.90374755859375,4102700
2022-08-02,37.93824605849135,38.01588243797566,37.37754179835184,37.403419494628906,3477300
2022-08-03,37.636325490433286,37.92098999767076,37.55006102562431,37.55868911743164,3208100
2022-08-04,37.63633127730346,37.74415940690442,37.36029152877726,37.59320068359375,3236400
2022-08-05,37.31715636540112,37.74846886902211,37.179136495868526,37.713966369628906,3320200
2022-08-08,38.067641874184076,38.39543700235461,37.79160213959141,37.99000549316406,4055100
2022-08-09,38.1280221579331,38.29191970825195,37.903737835756864,38.29191970825195,2368400
2022-08-10,38.723233364116055,38.87850611790765,38.49032423342865,38.80949783325195,3617200
2022-08-11,39.007902586111854,39.0855389658136,38.50326447272398,38.62834548950195,2815500
2022-08-12,38.86987602336471,39.30895108778946,38.80949254851858,39.283935546875,2392600
2022-08-15,39.24943523884433,39.56429479359272,39.15454596780637,39.45646667480469,3296500
2022-08-16,39.26668745013562,39.521160226538285,39.18905107433171,39.30119323730469,3279000
2022-08-17,38.93889434151432,39.4228277067252,38.91301664294963,39.189056396484375,3331300
2022-08-18,39.258061707166604,39.31844848365243,38.697357440055875,38.92163848876953,1654800
2022-08-19,38.8353802039967,38.88713889170939,38.417006527616046,38.54208755493164,3202300
2022-08-22,38.24879031194141,38.27466800736297,37.705335673517546,37.73984146118164,3430400
2022-08-23,37.64495240416832,37.70533588759681,37.03248947759193,37.170509338378906,2800000
2022-08-24,37.239521796771854,37.666523565422935,37.17051350397133,37.46380615234375,3277100
2022-08-25,37.63633554473574,38.050395214473596,37.48106275725233,38.04176712036133,1713900
2022-08-26,38.06763480345675,38.06763480345675,37.058362037660096,37.07561492919922,2725600
2022-08-29,36.868592821031555,37.127379654991316,36.66156137947186,36.75645065307617,2492900
2022-08-30,36.82545752181198,36.885841004389,36.118105333921406,36.230247497558594,3539400
2022-08-31,36.428639821822095,36.627043103236566,36.01458037052425,36.1008415222168,4646700
2022-09-01,35.82481272255314,36.23887229907545,35.57465399072819,36.230247497558594,5343200
2022-09-02,36.53216992668679,36.614120360288105,35.527214234005264,35.609161376953125,3911300
2022-09-06,35.70404754874243,36.16123773709319,35.591905379478845,35.98008728027344,6399500
2022-09-07,35.98871013732803,36.730568041888894,35.967143199611826,36.67018127441406,4618500
2022-09-08,36.45453469236372,36.8772224324596,36.351020603409985,36.77370834350586,4505200
2022-09-09,36.91171653844676,37.26107853470693,36.678807444055806,37.12737274169922,2909100
2022-09-12,37.26540158367815,37.50262149017796,37.18776520012379,37.43792724609375,2802400
2022-09-13,36.713322491240746,36.84875262034346,35.885199960871894,36.01459503173828,4139500
2022-09-14,35.885191988705024,35.96282835584668,35.3244878177065,35.574649810791016,4143900
2022-09-15,35.531520136297935,35.610884105443546,34.75515966376476,34.79829025268555,6227200
2022-09-16,34.53087177906599,34.83279245171455,34.388541179355165,34.80691146850586,6045400
2022-09-19,34.48832150285758,34.740760803222656,34.18365567180215,34.740760803222656,4129400
2022-09-20,34.41868047782286,34.436090425957374,33.66136267670778,33.82675552368164,6259200
2022-09-21,34.09660331665643,34.309872702722465,33.31317553063247,33.33058547973633,9215800
2022-09-22,33.2174175032059,33.2348274497061,32.88228516474838,33.017208099365234,6380200
2022-09-23,32.67772542467689,32.860524898690564,32.22072341903466,32.60808563232422,7329900
2022-09-26,32.416586625778386,32.44269989065257,31.385069495338342,31.72890853881836,10027200
2022-09-27,32.02486450928143,32.25554049018231,31.251880149028796,31.311073303222656,10794400
2022-09-28,31.546108028196244,32.03357333340403,31.267552155866777,31.903003692626953,7304200
2022-09-29,31.624456515638524,31.624456515638524,30.832318618831426,31.015121459960938,7684000
2022-09-30,31.154392960237526,31.57222179446583,31.093459796117255,31.345895767211914,7700800
2022-10-03,31.842076481349377,32.12062908513713,31.328494495501516,31.929122924804688,11620000
2022-10-04,32.28601089608632,32.72995296398242,32.190257838934095,32.433990478515625,8889900
2022-10-05,32.007452993791844,32.05968283092174,31.319775080982485,31.833356857299805,7074300
2022-10-06,31.728907088958586,31.84207009925645,30.74526653614119,30.788789749145508,8933000
2022-10-07,30.49282928489736,30.69303873455232,29.887847618159316,30.05759048461914,6487600
2022-10-10,30.135934173892377,30.39707679489772,29.67458209942932,29.71810531616211,7805100
2022-10-11,29.6310593145808,30.23168768370834,29.343800102861998,29.996658325195312,8847600
2022-10-12,29.944431466326506,29.970544732340546,29.44825948840812,29.59623908996582,8899300
2022-10-13,28.97819794885155,30.301324201061295,28.834568358572298,30.15334129333496,14575700
2022-10-14,30.527648717932763,30.597288518801918,29.33509535322048,29.396028518676758,9011700
2022-10-17,29.92702181009324,30.610346615926645,29.87479195694233,30.492830276489258,7687600
2022-10-18,31.058640967294977,31.306726949940625,30.605992217788994,30.893251419067383,7743400
2022-10-19,30.614694594122714,30.701744343633095,29.944429786239027,30.11852264404297,7615200
2022-10-20,30.127229135477133,30.431894955788035,29.879143161621574,29.970542907714844,7603500
2022-10-21,30.03146952115039,30.18815571473544,29.56141094039524,30.1794490814209,9826900
2022-10-24,30.46671415313174,30.592933795953424,29.92701900361802,30.16204833984375,6076300
2022-10-25,30.2055689994659,31.389418894915007,30.188159051520113,31.354598999023438,7176700
2022-10-26,31.37200612330302,31.58962547212625,31.0934536224579,31.293663024902344,8945000
2022-10-27,31.45034955512174,31.676672219229836,31.176147047508582,31.311073303222656,8435500
2022-10-28,31.22402165195319,32.13802220642129,31.041222205181082,32.05097579956055,5460300
2022-10-31,31.755025385785814,32.18156091029358,31.61574908973184,31.972644805908203,7154700
2022-11-01,32.294717698015276,32.46881388249417,31.82901231388413,31.920412063598633,6000900
2022-11-02,31.746319793111326,32.16414865130536,31.028175094093083,31.084754943847656,13999400
2022-11-03,30.84102005483239,31.319782046201862,30.492827704413678,31.06734275817871,10969400
2022-11-04,31.345898217239043,31.65492070021329,30.867136181469945,31.50258445739746,7524100
2022-11-07,31.70278823927575,31.82465787583099,31.302369395275583,31.49387550354004,6479800
2022-11-08,31.580921249422097,32.00745666674342,31.48081820086219,31.685380935668945,6225500
2022-11-09,31.596591297326892,31.981343505473987,31.276255563839285,31.337188720703125,7752900
2022-11-10,32.50798842832869,33.82676151757185,32.37306213653012,33.73971176147461,11979200
2022-11-11,33.84416397941672,34.12271649606971,33.63089461462934,33.72229766845703,7291400
2022-11-14,33.530790571909655,33.574313778729724,32.82570266723633,32.82570266723633,6304100
2022-11-15,33.30446541750905,33.443741675185834,32.86052338385426,33.23482894897461,9588700
2022-11-16,33.19131158368355,33.34799781622718,32.91275901929677,32.99980545043945,7771200
2022-11-17,32.54019261839007,32.80829854211111,32.42964292291669,32.70384216308594,4402600
2022-11-18,33.13908353528165,33.2522465584096,32.79089115055349,33.121673583984375,5865600
2022-11-21,33.067701700524495,33.400224112482974,32.93016873875639,33.3567008972168,4836700
2022-11-22,33.4872743315309,33.539500862336666,33.268784932118514,33.522090911865234,5547200
2022-11-23,33.46986155871712,33.713594203547366,33.269652126091096,33.574317932128906,3604500
2022-11-25,33.678771637093206,33.80934458396852,33.58302190607368,33.7745246887207,2254100
2022-11-28,33.574313778729724,33.72229666664736,32.751712883581426,32.82570266723633,7298200
2022-11-29,32.893598322669774,33.41762675188712,32.773475337409316,33.37410354614258,4954300
2022-11-30,33.28706556460278,34.18365644831141,33.086852790380064,34.15754318237305,8120200
2022-12-01,34.497023735834695,34.67982321113891,33.809345724233424,34.08789825439453,9814100
2022-12-02,33.67006518891613,34.096597243863975,33.50467568279868,33.92250442504883,5460800
2022-12-05,33.60914220054552,33.79194170793879,33.278359767684854,33.347999572753906,7165500
2022-12-06,33.41763394305052,33.47856710832667,32.93887193561994,33.095558166503906,5249500
2022-12-07,32.99110260034989,33.517741153581994,32.93887274856336,33.16519546508789,6159800
2022-12-08,33.27836256171204,33.674431514926454,33.18260948200707,33.408935546875,4461000
2022-12-09,33.31317735411545,33.70053961120681,33.217424289107086,33.339290618896484,6077000
2022-12-12,33.37410717805279,33.63524976154641,33.06073474961719,33.61783981323242,4945000
2022-12-13,34.66241575302528,34.81910197757302,33.939921113706966,34.357749938964844,10763800
2022-12-14,34.31422579426793,34.74076128426005,33.892046942705,34.02696990966797,10786500
2022-12-15,33.59173450016707,33.939926907626415,33.42634493295878,33.635257720947266,6033200
2022-12-16,33.182609063719084,33.200019016228616,32.31561468064164,32.642913818359375,8016200
2022-12-19,32.57335827462406,32.61737565468436,32.06274726265427,32.25642776489258,4543900
2022-12-20,32.0979703135343,32.37968564438251,31.79864735471911,32.18600845336914,4333900
2022-12-21,32.4747590057019,32.846272149799766,32.36207088321418,32.51173400878906,4082400
2022-12-22,32.22121977085346,32.42370580967205,31.776639766360752,32.353275299072266,4206200
2022-12-23,32.247628032083526,32.661395465416035,32.111169777937256,32.64379119873047,3935100
2022-12-27,32.661399438250776,32.73887232599739,32.32686459755584,32.61738204956055,4259700
2022-12-28,32.696607177649824,32.87268005025424,32.06714892494878,32.09796142578125,4730900
2022-12-29,32.327739996782654,32.894693422177006,32.23882199579838,32.811058044433594,4143200
2022-12-30,32.60857426210618,32.73182427239673,32.15958824369243,32.51173400878906,5087800
2023-01-03,32.775844524155005,33.066365309551855,32.230021562928705,32.634986877441406,7060300
2023-01-04,32.92550830977489,33.682616076792016,32.81106042009911,33.38329315185547,7586900
2023-01-05,33.11918004699869,33.11918004699869,32.35326691345612,32.406089782714844,6581100
2023-01-06,32.67020122584837,33.46252420734963,32.42370119048947,33.348079681396484,6329600
2023-01-09,33.506547761396526,33.726638056669806,33.21602695964633,33.330474853515625,3965600
2023-01-10,33.277647815198044,33.44491856802245,32.98713040806303,33.427310943603516,5196700
2023-01-11,33.63858956976145,34.65100595972572,33.63858956976145,34.6422004699707,4733100
2023-01-12,34.72143932957159,35.09999485765792,34.38690454155512,35.02956771850586,5102300
2023-01-13,34.63340687969283,34.96794504836864,34.55417424390938,34.82708740234375,3796000
2023-01-17,34.84469340045088,35.06038092622215,34.747853143648385,34.83588790893555,5463200
2023-01-18,35.02076207630402,35.05597732488382,34.2495662672853,34.298866271972656,7466700
2023-01-19,34.149199417511575,34.56296674838531,34.10518204507525,34.131591796875,7253700
2023-01-20,34.15801373275863,34.56297907691939,33.70022550784634,34.527767181396484,4262500
2023-01-23,34.554165158440384,34.852608120030915,34.28125207176418,34.624595642089844,7002200
2023-01-24,34.59818479756691,34.90631314624864,33.92911195062776,34.77425765991211,7089700
2023-01-25,34.55416944761371,34.87109994675593,34.46613469043452,34.80947494506836,8163100
2023-01-26,35.00315289433049,35.20563888549805,34.818277884980084,35.20563888549805,4497400
2023-01-27,35.099998608716035,35.6722347076683,35.091196474747974,35.5225715637207,3519900
2023-01-30,35.24085392856562,35.65022197637545,35.06478439436401,35.09119415283203,3806400
2023-01-31,35.082383782269886,35.78227250913965,35.003151159573505,35.73385238647461,4274800
2023-02-01,35.58419218172492,36.24446297205856,35.205640018246335,35.997962951660156,7921000
2023-02-02,36.367723688911894,37.160046782419926,36.306098671360544,36.82551193237305,7014400
2023-02-03,36.297287282924934,36.323697040925545,35.57539145887926,36.05958938598633,7467200
2023-02-06,35.548980833123764,35.869430864520545,35.38171008104023,35.83069610595703,5384400
2023-02-07,35.55865898303695,35.879112337953345,35.22324099612647,35.68983459472656,7056600
2023-02-08,35.54898112258336,35.75146376668657,35.42132836380529,35.59299850463867,4347800
2023-02-09,35.84831020918265,35.96275475061601,35.15282403441889,35.249664306640625,3476900
2023-02-10,35.06477768440437,35.41692004373309,34.875499948877646,35.3200798034668,4253400
2023-02-13,35.452132522850505,35.703035235653886,35.408115151155386,35.64581298828125,2943000
2023-02-14,35.52080992383745,35.76907307494871,35.0867918668856,35.27606964111328,4544900
2023-02-15,35.06478072032219,35.38611060905159,34.96794047167144,35.37290573120117,3873000
2023-02-16,34.8006767589795,35.349142747431905,34.56297883473035,35.04718017578125,4807200
2023-02-17,34.89750731838482,34.98554542786081,34.54536495541234,34.871097564697266,7192500
2023-02-21,34.68621933297576,34.68621933297576,34.0303480722947,34.18441390991211,4220800
2023-02-22,34.29006009390003,34.316469848063946,33.7178241260712,33.87628936767578,7049600
2023-02-23,34.07878015515977,34.27246068761982,33.867495354577315,34.202030181884766,9331700
2023-02-24,33.779449578208734,33.885095312903964,33.40441695914138,33.56816482543945,8159000
2023-02-27,34.043555972411525,34.131594081487286,33.47132337581621,33.6209831237793,4816100
2023-02-28,33.647404888079095,34.05237021903291,33.51534936966265,33.63859939575195,4202100
2023-03-01,33.42731097684122,33.46252286740313,32.903495064367696,33.11918258666992,7279000
2023-03-02,32.881487460624285,33.60338333169802,32.8374700749854,33.55056381225586,5067200
2023-03-03,33.80586575864694,34.18882066715779,33.70902550554413,34.113990783691406,4420200
2023-03-06,34.29886794449823,34.29886794449823,33.92031239958303,33.981937408447266,4248500
2023-03-07,33.98193874697323,34.043563758264824,33.101577604737535,33.12799072265625,5385900
2023-03-08,33.145595128046885,33.79706042935013,33.11918201269449,33.59457778930664,4473000
2023-03-09,33.67380863600792,33.709023882406164,32.75823237951796,32.82866287231445,5683500
2023-03-10,32.79345304931696,32.87268568766118,31.648984218586946,31.781036376953125,11736200
2023-03-13,31.57855135815279,32.76704084464619,31.53013122953763,32.29164505004883,16936000
2023-03-14,32.79344995093698,32.93430758820588,32.243224280619245,32.626182556152344,7719000
2023-03-15,32.08916276542475,32.75383633622622,32.08916276542475,32.64379119873047,14961500
2023-03-16,32.406093298742306,32.793450973735375,32.062749648774236,32.64379119873047,8068700
2023-03-17,32.52053277282253,32.53814039508445,31.877869672659955,31.895477294921875,8692500
2023-03-20,31.971729594368224,32.3556373995916,31.80326851706472,32.23771667480469,4962800
2023-03-21,32.45937218614582,32.485969878746026,31.70928613849615,32.0515251159668,4952600
2023-03-22,31.82100693698886,31.84760463496437,30.858132389525533,30.88118553161621,8042000
2023-03-23,30.978715973059273,31.408730190156472,30.597466464017035,30.694995880126953,7494000
2023-03-24,30.508794222654874,31.492949420516172,30.446730686051826,31.484081268310547,8241100
2023-03-27,31.679142296152154,31.776671684135255,31.333358744000673,31.377689361572266,5108800
2023-03-28,31.129435540367737,31.448621401934712,31.031906151310125,31.27129554748535,5117800
2023-03-29,31.581615485230557,32.03379661510306,31.581615485230557,32.01606369018555,4108600
2023-03-30,32.36184190218441,32.517886880479416,32.29977836637338,32.43277359008789,4383800
2023-03-31,32.57463084360335,33.1598036907479,32.543599078308134,33.14207077026367,6971500
2023-04-03,33.062277382544885,33.297232681865175,32.64999624416109,32.83175277709961,6452000
2023-04-04,32.84948671847634,32.99578079390861,32.63226433454336,32.84062194824219,5639900
2023-04-05,32.77856246622339,33.009083725138495,32.64556722078918,32.67216491699219,4476400
2023-04-06,32.78742374591996,32.898251977909496,32.49483897221637,32.89381790161133,4053400
2023-04-10,32.698766057219345,33.071147333603754,32.54803788662832,33.06228256225586,3814600
2023-04-11,33.1420739636,33.48785749083785,32.99134581606533,33.22187042236328,9963400
2023-04-12,33.5587886651891,33.58538974185612,33.06671102446623,33.12434387207031,6764800
2023-04-13,33.168672921712975,33.17044519933718,32.706740934917605,33.017948150634766,4650800
2023-04-14,33.07114695339069,33.19527404409176,32.219986860975155,32.45050811767578,4853400
2023-04-17,32.46823703994645,33.186405181884766,32.46823703994645,33.186405181884766,4601000
2023-04-18,33.24847154355191,33.24847154355191,32.94879087734134,33.133209228515625,3479300
2023-04-19,32.92041529275629,33.41692355188659,32.858351760365004,33.32826232910156,5605700
2023-04-20,33.124349583699484,33.15094728274338,32.79097867780417,32.929290771484375,4243600
2023-04-21,33.00907899729382,33.1066083790153,32.69876131200648,32.96474838256836,3252700
2023-04-24,33.02681578757857,33.13320995182191,32.623399367249604,32.87609100341797,3709700
2023-04-25,32.68989347495775,32.84062162512868,32.55690162949895,32.57463455200195,3664000
2023-04-26,32.49484500524944,32.81402753158338,32.21998972129009,32.308650970458984,4446300
2023-04-27,32.39731150533259,33.164241022077086,32.39731150533259,33.0888786315918,4278800
2023-04-28,33.08888147643533,33.58539324543294,33.02681792808684,33.470130920410156,5256200
2023-05-01,33.36373649630348,33.541062368330245,33.11991299949047,33.159812927246094,4381900
2023-05-02,33.08888083902283,33.150944386175745,32.38844551291459,32.592369079589844,6376400
2023-05-03,32.65444116055942,33.01795772932235,32.36185292164259,32.388450622558594,6140700
2023-05-04,32.37958547811737,32.89382685578392,32.2643231384536,32.689903259277344,4887800
2023-05-05,32.90268576717888,33.26620222964504,32.84062222838289,33.19527053833008,3265600
2023-05-08,33.0888754566833,33.23960360540079,32.84948607851487,32.96474838256836,3358700
2023-05-09,32.858360290527344,32.9780533105808,32.49484377120424,32.858360290527344,2995000
2023-05-10,33.150937732639456,33.31053064534729,32.84062005915697,33.168670654296875,3770000
2023-05-11,32.964758906481485,32.991356607366185,32.61454118858877,32.822898864746094,3419800
2023-05-12,32.94701608339736,32.94701608339736,32.614531393354106,32.884952545166016,2950200
2023-05-15,32.920428277603584,33.01352361291023,32.709408802031675,32.822898864746094,3003600
2023-05-16,32.796300643031174,32.796300643031174,31.94513702392578,31.94513702392578,3240300
2023-05-17,32.16679192573942,32.41948021402581,31.874207088770426,32.36185073852539,3220400
2023-05-18,32.237717301304954,32.33081261215644,31.900798522359576,32.157920837402344,4111000
2023-05-19,32.3441104536017,32.47710568337463,31.962861069275764,32.10472106933594,4578700
2023-05-22,32.16678815771421,32.521439888106535,31.969957089966282,32.3175163269043,3943200
2023-05-23,32.25544826901629,32.50370241623548,31.883063665978423,31.918529510498047,3152000
2023-05-24,31.81656561572408,31.829867843892913,31.16489848823116,31.218093872070312,3991400
2023-05-25,31.37768940298481,31.541716408646447,31.067371697364774,31.28902816772461,5230700
2023-05-26,31.368824015699918,31.727906408317093,31.235828783214682,31.652544021606445,4403100
2023-05-30,31.891938225664635,32.18452304621241,31.688014652019877,31.750078201293945,4540300
2023-05-31,31.767807936551478,32.01606210871461,31.57274915430363,31.953998565673828,6945100
2023-06-01,31.927399978618546,32.14019170150422,31.634815164636652,31.962865829467773,5485000
2023-06-02,32.34410773380321,32.76525700453049,32.19338297613017,32.636695861816406,4350000
2023-06-05,32.707629839454164,32.84062508111788,32.406176889597965,32.4859733581543,3970500
2023-06-06,32.663297350083354,32.747527890463225,32.37070918805388,32.6810302734375,3260600
2023-06-07,32.82112117850438,33.36373583328808,32.61896989134367,33.283939361572266,4415600
2023-06-08,33.13320102243273,33.16866686169231,32.71205517340315,33.08000564575195,4027000
2023-06-09,33.106615046623915,33.177543368027656,32.72979967225393,32.911556243896484,4261700
2023-06-12,32.89381790161133,32.938151900174525,32.605667204205915,32.89381790161133,3819100
2023-06-13,32.89381982753692,33.16867507655901,32.77856089471006,33.133209228515625,4358200
2023-06-14,33.23961092287217,33.510918268081,33.00908626401678,33.31053924560547,7845400
2023-06-15,33.177541133149084,33.52332809165775,32.94701987635287,33.452396392822266,4383300
2023-06-16,33.46126515602858,33.744985192121504,33.37260053086853,33.41693115234375,6076400
2023-06-20,33.236999247000774,33.3086096411011,32.8341801091416,33.05796813964844,4026500
2023-06-21,32.878938424876615,33.03558936991945,32.64620036577505,32.91474533081055,4543300
2023-06-22,32.94159751209623,32.96845439786156,32.24785666416624,32.44926452636719,5103500
2023-06-23,32.3418617273374,32.57012316290577,32.08226667520596,32.10017013549805,5414100
2023-06-26,32.09120583491433,32.84313383897035,32.05540234118575,32.816280364990234,2988900
2023-06-27,32.90579849024945,33.25043405313233,32.717817318532525,33.174346923828125,4012700
2023-06-28,33.174344932503075,33.31398710461486,32.952346182238216,33.263858795166016,3963100
2023-06-29,33.12958448079298,33.56821060180664,32.97741023180424,33.56821060180664,3727400
2023-06-30,33.84570578691141,33.93521964068856,33.317565854263094,33.738285064697266,6437000
2023-07-03,33.604024275656144,34.190348046120235,33.54136387643413,34.00684356689453,3628200
2023-07-05,33.90837299961064,34.39981146339795,33.71143838393951,34.176918029785156,6300600
2023-07-06,33.79199896660588,34.03369049481073,33.35337284177449,33.98893356323242,5046400
2023-07-07,33.76514798833511,34.042643033488915,33.68726812154511,33.82780838012695,4617200
2023-07-10,33.73829108798317,33.97103261293045,33.653253936133616,33.944175720214844,4345300
2023-07-11,34.015791952072675,34.35595082771934,33.90837461782365,34.32909393310547,4772800
2023-07-12,34.70505718371241,34.794571053242464,34.472315659357875,34.49021911621094,7247700
2023-07-13,34.48127366304706,34.74086869970333,34.25748554484043,34.722965240478516,4708100
2023-07-14,34.6424013813347,34.746240078944346,34.43651672235288,34.722965240478516,3901500
2023-07-17,34.606593888162266,34.74086812275059,34.40518595101541,34.42756271362305,4556400
2023-07-18,34.517067509020315,34.534970961464644,33.850176710723055,34.1411018371582,6513800
2023-07-19,34.39175039215939,34.749812684979325,34.35594689466548,34.51707458496094,6610700
2023-07-20,34.34700067993538,34.40966108214156,33.908377864492095,34.40071105957031,6665000
2023-07-21,34.51707583470586,34.66030007407247,34.39175163736675,34.552879333496094,4801800
2023-07-24,34.65134130681913,34.90198624819753,34.56182745151343,34.88408279418945,5157000
2023-07-25,34.83038111024851,35.00045884359854,34.615543023358775,34.62449645996094,4383300
2023-07-26,34.552878475071786,34.821426905105746,34.54392845428038,34.749813079833984,5117900
2023-07-27,35.0004591684525,35.08997646162721,34.00684282473,34.01579284667969,7511200
2023-07-28,34.40965333570713,34.517074070794024,33.881513339769214,33.917320251464844,5870000
2023-07-31,34.0157895909204,34.34252170394828,33.92179900313477,34.18586730957031,4940900
2023-08-01,34.09635742582865,34.26196186066011,33.97998664960287,34.12321090698242,6124600
2023-08-02,33.91731627330234,34.04263703480313,33.760665321426345,33.979976654052734,6503700
2023-08-03,33.577163871679296,33.612970785989596,33.04812917652837,33.514503479003906,6268000
2023-08-04,33.36232735042214,33.71859690810985,33.08035559914438,33.18329620361328,5874700
2023-08-07,33.28176755917321,33.61297300153618,33.263864100837985,33.60402297973633,3606100
2023-08-08,33.344423208557835,33.52793106931533,33.11168511280702,33.433937072753906,4094200
2023-08-09,33.36232921528806,33.66668115745506,33.22805499399206,33.514503479003906,5354500
2023-08-10,33.604016191171894,33.82780425305013,33.30414100779142,33.407081604003906,4901600
2023-08-11,33.263857215155696,33.51449875049461,33.16538992206261,33.46974182128906,3643000
2023-08-14,33.42498082051672,33.42498082051672,33.183289334565934,33.290706634521484,3069500
2023-08-15,33.07587848558613,33.162708368791506,32.87446716731089,32.950557708740234,3931200
2023-08-16,32.98636368824813,32.999793842265206,32.5119340217044,32.5477409362793,4804500
2023-08-17,32.574602069262475,32.82524370071218,32.28815351482393,32.30605697631836,5679300
2023-08-18,32.08225171667414,32.4850708485897,32.037494794180034,32.39555358886719,4503900
2023-08-21,32.3418529511922,32.36870642697554,31.845043160790546,32.118064880371094,3958300
2023-08-22,32.243387137908144,32.32842770144996,32.08225944632108,32.21653366088867,5446600
2023-08-23,32.368712134650174,32.71782104033295,32.35976211272253,32.69096755981445,5105800
2023-08-24,32.74468357306513,33.14302620476941,32.529845447722884,32.538795471191406,5086900
2023-08-25,32.61935009216609,32.79838124339782,32.4492723766003,32.62830352783203,4985900
2023-08-28,32.735716025493524,33.04454463046025,32.735716025493524,32.88789367675781,4212900
2023-08-29,32.896846494672,33.28623896819924,32.753622265570314,33.263858795166016,3808200
2023-08-30,33.308612320658156,33.4876434424129,33.232525203701144,33.380226135253906,3051300
2023-08-31,33.362330274736,33.416040647907074,33.10273525984559,33.13854217529297,4084700
2023-09-01,33.34442406731683,33.39365771831315,33.01321866357938,33.120635986328125,3927600
2023-09-05,33.0669198831125,33.11615352557071,32.78853023579329,32.789424896240234,5000000
2023-09-06,32.780471623912796,32.87088355051793,32.44926627598019,32.72676467895508,3974900
2023-09-07,32.69991742324115,33.125116879557964,32.65516048434874,32.99531936645508,3861000
2023-09-08,33.057974053228264,33.06245077076484,32.72676866495605,32.78047561645508,4369000
2023-09-11,32.81628144554383,32.89684528487169,32.62830029202378,32.798377990722656,3336700
2023-09-12,32.73571760621597,32.84313492040816,32.51640626044259,32.798377990722656,3225000
2023-09-13,32.816283382814284,32.816283382814284,32.37765725063888,32.4671745300293,4274000
2023-09-14,32.7357128293611,33.1206285150116,32.71780937715243,33.05796813964844,3686900
2023-09-15,32.932655334472656,33.057976115434705,32.811807856591265,32.932655334472656,4755300
2023-09-18,32.93355341472338,32.93986941113025,32.57263638407944,32.64482116699219,3812000
2023-09-19,32.644826209531,32.74407858038726,32.38316149399365,32.473392486572266,3937100
2023-09-20,32.70797848240008,32.910992144472516,32.509473787424646,32.53654479980469,3873400
2023-09-21,32.338042381640825,32.35608857717822,31.390639488666707,31.4086856842041,5749900
2023-09-22,31.399666703548903,31.606291034223613,31.138001982545543,31.192140579223633,8497400
2023-09-25,31.038747759536623,31.15604286939984,30.907915421341574,31.137996673583984,5017200
2023-09-26,30.90340435834207,31.009874508922547,30.48383975273289,30.587604522705078,7143100
2023-09-27,30.71392495991272,30.840244896236058,30.189693782210764,30.31691551208496,9007100
2023-09-28,30.470310502971106,30.722950409100196,30.389104327149532,30.632722854614258,7431500
2023-09-29,31.101910565123603,31.165070535268924,30.5785811645364,30.74099349975586,7305700
2023-10-02,30.623697510665703,30.777088481023213,29.996606724411137,30.181577682495117,8673300
2023-10-03,30.01916447161757,30.163530617358845,29.54095225921717,29.631179809570312,9197900
2023-10-04,29.829680596489407,29.983068100148845,29.432671166857993,29.946975708007812,9241000
2023-10-05,29.965025610363277,30.19511033627089,29.793591889429194,30.163530349731445,7857600
2023-10-06,29.919911399086413,30.471210186032426,29.61313291633864,30.28082847595215,10218500
2023-10-09,30.109390383350892,30.75903972481148,30.08232280811011,30.677833557128906,6258000
2023-10-10,30.650766695651942,31.04777272358947,30.497375734474968,30.786108016967773,4979700
2023-10-11,31.038747280587167,31.417707060992868,30.984608693974984,31.4086856842041,5178300
2023-10-12,31.30943463504576,31.354548404790147,30.835731447829676,30.99363136291504,5970000
2023-10-13,31.156043303581686,31.264320479985763,30.840243477303027,30.984609603881836,5688400
2023-10-16,31.174093186263942,31.39966550084177,30.849268502558207,31.300413131713867,7719300
2023-10-17,31.05679051339257,31.55305229342893,30.925961617157434,31.137996673583984,7239500
2023-10-18,30.930473153039607,31.043259304784307,30.443239593392246,30.452260971069336,8313200
2023-10-19,30.208642808460567,30.43421511447532,29.6808044384565,29.703359603881836,10377000
2023-10-20,29.83870481488202,29.987583365170497,29.540951156265365,29.549972534179688,8556300
2023-10-23,29.29732894897461,29.694334924310727,29.20709797142559,29.29732894897461,6709100
2023-10-24,29.39658458148722,29.739452008529124,29.387559761745983,29.66727066040039,5749200
2023-10-25,29.36048861909784,29.45974097243074,28.963479205766234,29.04468536376953,8454400
2023-10-26,29.171013409811252,29.8612641425686,29.143942391495024,29.658246994018555,10663200
2023-10-27,29.739449513172367,29.739449513172367,29.085291257190843,29.18905258178711,10350600
2023-10-30,29.360491597148286,29.522903929628455,28.864231501127758,29.279285430908203,7071900
2023-10-31,29.54094912794852,29.90186273306554,29.261238244365785,29.86577033996582,8490800
2023-11-01,29.90186646781782,30.055257436670168,29.689827934323365,30.0191650390625,8343100
2023-11-02,30.506395214041262,31.083859677937557,30.443235253425087,30.948514938354492,8882200
2023-11-03,31.516966156905013,32.144056957633936,31.435759980596778,31.679378509521484,8575200
2023-11-06,31.625228956266273,31.643275149412474,31.088369338494196,31.24626922607422,7431300
2023-11-07,31.20116051473003,31.264320479985763,30.948517211747145,30.984609603881836,6579300
2023-11-08,31.12897528111579,31.237249013996983,31.002655352427745,31.165067672729492,7298000
2023-11-09,31.255302382363528,31.273348582311673,30.632723972975636,30.686859130859375,7336200
2023-11-10,30.903406087121077,31.074839801491386,30.628207596973834,31.029726028442383,5969000
2023-11-13,30.786106881439316,30.885359245252907,30.583994979541202,30.7680606842041,4313800
2023-11-14,31.83276151963289,32.68542452876876,31.679374009484054,32.42827224731445,10526900
2023-11-15,32.36511680417235,32.78107429913465,32.36511680417235,32.50046157836914,7168900
2023-11-16,32.59068455147103,32.667381748445806,32.401204647801805,32.491432189941406,5026800
2023-11-17,32.77115271552687,32.780177537571035,32.320007988229456,32.455352783203125,4417300
2023-11-20,32.40119888744285,32.707977294921875,32.139534243013195,32.707977294921875,4228100
2023-11-21,32.58165894779614,32.66737751108208,32.455339028401916,32.54556655883789,3300600
2023-11-22,32.80723348658597,32.910994809573175,32.518501238854775,32.64482116699219,4951400
2023-11-24,32.59068633085141,32.78016968682612,32.428273992564684,32.77114486694336,2620300
2023-11-27,32.7891906275389,33.08243531453317,32.65384586678455,32.88844299316406,4648900
2023-11-28,32.780165007567014,33.114011014407524,32.64482026432799,33.06889724731445,6450900
2023-11-29,33.31251219924911,33.583201685087175,33.276423250835855,33.321537017822266,7941600
2023-11-30,33.29446671514069,33.623800284892695,33.18618955290267,33.592220306396484,5804100
2023-12-01,33.58320325138705,34.32308007874296,33.48395089421199,34.2960090637207,7274200
2023-12-04,34.106533243049576,34.503542719180246,34.070440846681265,34.485496520996094,10359500
2023-12-05,34.35015068080814,34.377218256257265,34.1336031932946,34.341129302978516,7758300
2023-12-06,34.54865585413912,34.69212020138121,34.20578497890771,34.22383117675781,4832200
2023-12-07,34.25993003636864,34.422342405702054,34.1065390466822,34.268951416015625,5663100
2023-12-08,34.205783462505906,34.314057202846286,33.84486640542447,34.19676208496094,4873800
2023-12-11,34.115558910148245,34.37271121722643,34.02984032713537,34.31406021118164,4871000
2023-12-12,34.32308083387639,34.4006763807408,34.10652991873381,34.30503463745117,5580500
2023-12-13,34.341126191349254,35.65846752056725,34.223827638430954,35.550193786621094,7112400
2023-12-14,36.253980513737226,36.768285084967694,36.18179572523322,36.53369140625,8647400
2023-12-15,36.35322884483103,36.452481197035375,35.78027333600039,36.0915641784668,8011100
2023-12-18,36.229261272921946,36.288532661206695,35.937457782244394,35.99217224121094,6638700
2023-12-19,36.11983798462482,36.338688876380324,36.11071716830122,36.23838424682617,4681400
2023-12-20,36.23838359348488,36.48458997262792,35.759641623721116,35.782440185546875,6513500
2023-12-21,36.06512442481436,36.18367068998195,35.7186064458634,36.0833625793457,6684700
2023-12-22,36.19278318678321,36.48458666310825,36.0560022639525,36.2292594909668,4929100
2023-12-26,36.274858996991206,36.594021492343465,36.19734944699787,36.49371337890625,2537600
2023-12-27,36.56665721619632,36.71255895678462,36.39796039404316,36.70344161987305,4006300
2023-12-28,36.70344385688687,36.93141555786133,36.621373905393185,36.93141555786133,3764800
2023-12-29,36.68520478251967,36.84934468138685,36.49370939336529,36.53018569946289,5777300
2024-01-02,36.44811712824789,36.88582238225406,36.27485640701876,36.867584228515625,6591500
2024-01-03,36.59401737555488,36.59401737555488,35.92378003714576,35.99217224121094,7424500
2024-01-04,35.91922387291702,36.16543374949681,35.777882518769744,35.90098571777344,7180300
2024-01-05,35.70036985098053,36.138075100488905,35.48881005264628,35.828033447265625,5770300
2024-01-08,35.80068247727531,36.35693410987312,35.736850664869614,36.32046127319336,4812700
2024-01-09,36.037761395534346,36.238377574850915,35.828027880145015,36.06511688232422,4134500
2024-01-10,36.119834899902344,36.29309213095988,35.992171310852385,36.119834899902344,4498600
2024-01-11,35.93745927453117,36.037767380849075,35.62741761799044,35.782440185546875,5151900
2024-01-12,36.15631167141058,36.2383816195118,35.855387368848774,36.05600357055664,4393500
2024-01-16,35.88274421805352,36.06512227391778,35.72590235986801,35.83715057373047,11100100
2024-01-17,35.39944628807156,35.81891339294954,34.815839276315735,35.18059539794922,9752000
2024-01-18,35.198823984418055,35.3356083760119,34.731940542920924,34.95261764526367,6142100
2024-01-19,35.071165625615286,35.42680092238708,34.77024478933612,35.29001998901367,7967800
2024-01-22,35.4085689497189,35.837153414616814,35.321938583637284,35.45416259765625,5850600
2024-01-23,35.60005775049824,35.70036584448571,35.13499358356937,35.262657165527344,4549800
2024-01-24,35.61829547646998,35.636533627756336,34.75200242251256,34.77935791015625,7349500
2024-01-25,35.271778190675384,35.39944177339384,35.0802828165977,35.2535400390625,6601700
2024-01-26,35.29913874034061,35.38120869508071,35.02557338406437,35.09852600097656,4398000
2024-01-29,35.089407100171606,35.390331443504046,35.00733714095116,35.35385513305664,5724200
2024-01-30,35.15323350415411,35.32649421287786,34.95262078465508,35.025569915771484,6931500
2024-01-31,35.226187997606985,35.45415969721614,34.68361423939413,34.77024459838867,11580700
2024-02-01,34.69729142466446,35.39488425763538,34.55595008633159,35.38120651245117,10887000
2024-02-02,34.97998085477116,35.16235892430315,34.33254201257634,34.93438720703125,12844000
2024-02-05,34.49667893321427,34.53315176109719,34.131922825808715,34.24134826660156,8668200
2024-02-06,34.31430860692763,34.81128534964811,34.17752416620435,34.761131286621094,7866800
2024-02-07,34.88696839679189,34.934388296492315,34.53315583529468,34.742889404296875,6679000
2024-02-08,34.62434553239858,35.01371952795567,34.606107377588145,34.93438720703125,4517700
2024-02-09,34.925261816736025,35.05292540511865,34.601542438030975,35.025569915771484,5515700
2024-02-12,35.10764454753348,35.25810671616599,34.845934156423596,34.9161491394043,5376400
2024-02-13,34.21398498997696,34.286934107713826,33.80819573908398,34.27781677246094,21419000
2024-02-14,34.39637289248869,34.706414558804894,34.21399482784876,34.50579833984375,14186400
2024-02-15,34.80671724074881,35.37756135117961,34.80671724074881,35.33561325073242,8637600
2024-02-16,34.861434078894995,35.15962077461944,34.71553232111369,34.97085952758789,7683100
2024-02-20,34.84319651998041,35.09852720939167,34.62434561885345,34.9161491394043,6929300
2024-02-21,35.06204901211454,35.215245330370564,34.90702644347059,35.17147445678711,5653100
2024-02-22,35.280895317031586,35.45415601703602,35.16690947905886,35.262657165527344,6144400
2024-02-23,35.32650002676152,35.492462718972355,35.1988329387961,35.30826187133789,5263400
2024-02-26,35.23531187790685,35.40401221922974,34.85232102116004,34.90703201293945,6427800
2024-02-27,35.11676179799089,35.25354621978297,34.82495827816865,34.93438720703125,9466100
2024-02-28,34.77024403707628,35.52710825870279,34.71552957776742,35.38120651245117,7497600
2024-02-29,35.609180190965155,35.85539005370505,35.51799289894544,35.66389465332031,12860800
2024-03-01,35.572701219039686,36.092479876062065,35.207948599701325,36.05600357055664,9655500
2024-03-04,35.97393466720902,36.49279847487642,35.72772481575493,36.46635437011719,8697600
2024-03-05,36.32044797673856,36.562097389320044,35.85082341657327,36.001285552978516,6913800
2024-03-06,36.23838060135558,36.32956788398518,36.010408916209734,36.201904296875,5483600
2024-03-07,36.40251701437448,36.48003003103868,36.00128810080366,36.201904296875,5077000
2024-03-08,36.46635293343446,36.71711970440052,36.411638475742926,36.630489349365234,7551200
2024-03-11,36.50282346347053,36.77639225614512,36.27485178862283,36.44811248779297,4594600
2024-03-12,36.356929779052734,36.49371420567003,36.03777075504233,36.356929779052734,5669000
2024-03-13,36.293091919495595,36.48914770970054,36.01040925355258,36.12895202636719,6245300
2024-03-14,35.955690848336836,36.055998936298224,35.280893197505726,35.61829376220703,10442800
2024-03-15,35.27177972312615,35.6803032055743,35.27177972312615,35.600059509277344,9639600
2024-03-18,35.65881746981593,35.814891971690514,35.539464113981985,35.59455108642578,4971000
2024-03-19,35.61291341057371,35.72308385320608,35.35584437475789,35.59455108642578,5255100
2024-03-20,35.291579246741726,35.825911341011285,35.17222938891756,35.74144744873047,8678200
2024-03-21,35.89752065659793,36.081140395706264,35.66340890393365,35.8791618347168,6263500
2024-03-22,35.87916316674422,35.961788375042474,35.42011555305868,35.45683670043945,4402500
2024-03-25,35.50273854666894,35.61291248870459,35.29157707781665,35.319122314453125,5661600
2024-03-26,35.34666660094753,35.406341530500825,35.14468452822039,35.1722297668457,6160300
2024-03-27,35.557826811424455,36.06277847290039,35.45683577867821,36.06277847290039,6711000
2024-03-28,36.145409889200515,36.37493370727159,36.145409889200515,36.29230499267578,5695400
2024-04-01,36.36575100726676,36.374930418167146,35.61291323224741,35.658817291259766,8064400
2024-04-02,35.43847875457764,35.43847875457764,35.14468852569713,35.264041900634766,7393500
2024-04-03,35.22731506073116,35.355847840109405,35.04828676056066,35.28240203857422,5392200
2024-04-04,35.63127832397738,35.7689905117113,34.90598222757673,35.00697326660156,6667800
2024-04-05,34.91516053924604,35.32004227352604,34.84171474188616,35.23649597167969,6055700
2024-04-08,35.337480695164004,35.5670044620786,35.264031408669055,35.539459228515625,5588500
2024-04-09,35.71389866390528,35.99850588651194,35.599136783240105,35.98932647705078,7565200
2024-04-10,35.052872404201594,35.052872404201594,34.286263809867,34.51119613647461,14873300
2024-04-11,34.740723197030164,34.800398125401685,34.24954239537982,34.54792404174805,9441800
2024-04-12,34.419388901048734,34.428568311606256,34.052149438156235,34.18986511230469,9246200
2024-04-15,34.40102620983634,34.45610967710267,33.36816917153226,33.593101501464844,7757100
2024-04-16,33.473745393464235,33.51964944648833,32.97338526166848,33.07896423339844,11776100
2024-04-17,32.98716284255095,33.143237355055945,32.798951633906796,32.80354309082031,11722700
2024-04-18,32.95044108101763,33.004610471031704,32.656650853389756,32.81272888183594,10327600
2024-04-19,32.95961598465504,33.097328150365115,32.81272090654466,32.941253662109375,10629100
2024-04-22,33.07897149487612,33.290132986944826,32.85863059108943,33.20750427246094,7762900
2024-04-23,33.29013455695471,33.616979066519725,33.20750583857394,33.51047897338867,10804900
2024-04-24,33.354404080219155,33.70327777416547,33.18914664529484,33.63901138305664,10758500
2024-04-25,33.336042310849614,33.519658572939505,33.06979382766129,33.44621276855469,8374300
2024-04-26,33.464567843205,33.8134449696319,33.40948087516235,33.47374725341797,6950900
2024-04-29,33.64819156651505,33.93279884625416,33.631664423461686,33.85017013549805,6987400
2024-04-30,33.565554452545435,33.75835356195687,33.207494460739845,33.22585678100586,9796800
2024-05-01,33.21668662609226,33.839156498187286,33.12028704452984,33.24422836303711,15601300
2024-05-02,33.583925541261316,33.767541787353004,33.17996139444666,33.72163772583008,13264300
2024-05-03,34.27249913923927,34.50202296363089,33.905259619310435,33.98788833618164,11887700
2024-05-06,34.217407062685844,34.27249403314471,33.83180527398396,33.99706268310547,9739000
2024-05-07,34.25413788325325,34.43775414669896,34.1301930529461,34.355125427246094,13276100
2024-05-08,34.16231953372927,34.17609040055508,33.955749526832015,34.03378677368164,8182100
2024-05-09,34.437752599512045,34.86925850418576,34.42857318765445,34.84171676635742,8914600
2024-05-10,34.88760970028749,34.90597202040028,34.602998991920906,34.713172912597656,6882900
2024-05-13,34.860083475316905,35.01156655467445,34.61219729692818,34.804996490478516,6846500
2024-05-14,35.0345131942649,35.22364198493456,34.883026643551496,35.05287551879883,9703800
2024-05-15,35.629441933426186,35.75981340206618,35.50274433102133,35.64964294433594,10083500
2024-05-16,35.67718073326427,35.81305773283004,35.548647963099995,35.58536911010742,7195600
2024-05-17,35.640456084001535,35.67718073326427,35.456836339943145,35.58536911010742,6153000
2024-05-20,35.53028196901013,35.612910670190004,35.32370846493298,35.36502456665039,4067100
2024-05-21,35.28240691103386,35.415531165847234,35.19977818398612,35.337493896484375,3621500
2024-05-22,35.282405365843715,35.39716728714759,34.92434873173657,35.03451919555664,7027100
2024-05-23,35.04368931698749,35.04368931698749,34.26790131619524,34.29085159301758,5597300
2024-05-24,34.50201655421484,34.52955828730363,34.244947537117945,34.29085159301758,4686100
2024-05-28,34.511197756710985,34.59841791902824,34.042970758611034,34.08887481689453,4696100
2024-05-29,33.785906118875346,33.8318101831244,33.620648685774285,33.76754379272461,6076400
2024-05-30,34.00624520629695,34.26331072764908,33.94656678008659,34.25413131713867,5867800
2024-05-31,34.46529802852291,34.94270799961272,34.29544913905409,34.93352508544922,7949600
2024-06-03,34.99778543216231,35.06205181118694,34.61126956720777,34.795806884765625,5826300
2024-06-04,34.73153840990845,35.264031732873406,34.69481376632334,35.12631607055664,5647500
2024-06-05,35.15387075466925,35.15387075466925,34.87844285824815,35.080421447753906,4541200
2024-06-06,34.95188213085576,35.167635051778525,34.77744531291537,35.135501861572266,3888600
2024-06-07,34.667274244833244,34.951885026132615,34.557103798179284,34.860076904296875,5140400
2024-06-10,34.749908369910905,35.163051987056036,34.56629209762943,35.03451919555664,4148800
2024-06-11,34.915156381947405,35.107959019353004,34.80039449165464,34.924339294433594,3492400
2024-06-12,35.686360857779675,35.82866800095351,35.14468452822039,35.1722297668457,7600800
2024-06-13,35.30076037016365,35.466017782738035,35.08041598597941,35.34666442871094,3704300
2024-06-14,35.21813204178218,35.47978903079012,35.080416362407384,35.37420654296875,4975400
2024-06-17,35.181410805430794,35.374209973448394,34.97024931156548,35.19059371948242,4880900
2024-06-18,35.282392609902665,35.46601231805446,35.21812623738773,35.32829666137695,4893400
2024-06-20,35.218133646775875,35.33748700752297,35.10796319960837,35.23649597167969,4503300
2024-06-21,35.282392609902665,35.37420071285124,35.04368593862893,35.32829666137695,5287100
2024-06-24,35.35334364657797,35.94689346268031,35.26060281450047,35.566650390625,5891800
2024-06-25,35.53882166868362,35.53882166868362,34.917450436060456,35.06583786010742,4429900
2024-06-26,34.889627837123065,35.130759629454126,34.806159684060084,35.019466400146484,3639300
2024-06-27,35.12149014859467,35.39044353082467,35.000927767183576,35.33479690551758,3571700
2024-06-28,35.538831025219615,35.77068665744983,35.334796936749456,35.62229919433594,5569800
2024-07-01,35.53882523549218,35.65011493023804,35.06584137944557,35.27914810180664,5700100
2024-07-02,35.279148569833936,35.50636606482315,35.22257503986317,35.42753601074219,3985500
2024-07-03,35.511007808204106,35.65011905828569,35.36262035208213,35.39044189453125,2359100
2024-07-05,35.492461201135036,35.55738049622054,35.26060556501932,35.52028274536133,3785800
2024-07-08,35.529556363057175,35.664959959774215,35.441450095645656,35.6037483215332,4443200
2024-07-09,35.54810256511067,35.72894965148259,35.251324140006375,35.61302185058594,3679200
2024-07-10,35.77996158021051,35.87734051771309,35.492459332939056,35.863426208496094,3935600
2024-07-11,36.41059649082331,36.99487350714071,36.37350228905591,36.81866455078125,8693400
2024-07-12,37.05979851826541,37.32875186525715,36.95685457452852,37.087623596191406,5322200
2024-07-15,37.14326799976624,37.3064966699621,36.948510136523744,37.24528503417969,4828400
2024-07-16,37.4864164065759,37.63480740549033,37.21746656563384,37.59770965576172,5753700
2024-07-17,37.67190268690446,38.15416283355951,37.61625959856795,37.931583404541016,7445800
2024-07-18,37.68117218255798,38.353551991006654,37.52814664121373,37.61625289916992,6016200
2024-07-19,37.681174679106995,37.769277405064784,37.402948655033654,37.569881439208984,5259100
2024-07-22,37.62552555448383,37.977947048362346,37.421491499422224,37.94084930419922,5233000
2024-07-23,37.92230119835586,38.140246027423416,37.71734022622418,37.87593078613281,4351500
2024-07-24,37.86666405482613,38.13097933755097,37.31948461401235,37.3565788269043,5606900
2024-07-25,37.56060669110828,37.95939860073209,37.07185469669256,37.15254211425781,8353400
2024-07-26,37.31020689999694,37.90375673632209,37.2638364823783,37.77391815185547,5702800
2024-07-29,37.77391336442182,38.14488373402661,37.48641115108632,38.015045166015625,5418100
2024-07-30,38.172711819008086,38.37674591106016,38.02432435328919,38.293277740478516,4674000
2024-07-31,38.23762111765514,38.61786412026737,38.06604671802651,38.200523376464844,8786900
2024-08-01,38.599321239049445,38.868274597659045,38.38601450085986,38.79408264160156,9813900
2024-08-02,38.81263465090469,39.229975531225094,38.47876548448484,38.8219108581543,8818200
2024-08-05,38.27472706512754,38.83674416710189,37.63944137791794,37.69972610473633,14134700
2024-08-06,37.7275481579375,38.91464784391955,37.58843336568317,38.53440475463867,11389400
2024-08-07,38.636419057187446,39.17432577539779,38.21444368285805,38.25617599487305,9907700
2024-08-08,38.172707796633446,38.6262159017099,38.07996696702011,38.580772399902344,10383100
2024-08-09,38.74770669110559,38.877545260888404,38.32109323672331,38.77553176879883,5454900
2024-08-12,38.60859375102206,38.64568795658407,38.26266419261931,38.54367446899414,4924500
2024-08-13,38.812625885009766,38.868272502430095,38.571497618526344,38.812625885009766,3707000
2024-08-14,38.87754477575072,39.137225449911575,38.738433540363204,38.95174026489258,3300600
2024-08-15,38.9795615212422,39.035208137694354,38.67444088827658,38.840450286865234,6282100
2024-08-16,38.803361981491555,38.95174945695698,38.627152959950266,38.8219108581543,4212300
2024-08-19,38.82190491254385,39.09085827620837,38.79871793580741,39.05376052856445,3971100
2024-08-20,39.0352118377459,39.18823739411753,38.90073515528318,39.090858459472656,4828200
2024-08-21,39.11868226681375,39.27634239741588,38.89609930485269,39.220699310302734,4214800
2024-08-22,39.27633732174098,39.461822509765625,39.15577495668531,39.461822509765625,4953100
2024-08-23,39.61021421734671,40.296508425578665,39.54993302832855,40.222312927246094,6135200
2024-08-26,40.417071466720685,40.50053608965415,40.13049615087297,40.194488525390625,4047800
2024-08-27,39.95335966855614,40.338237285226064,39.88843684415745,40.296504974365234,3717600
2024-08-28,40.29650537440445,40.41707128114781,39.92553498650292,40.15739059448242,5035000
2024-08-29,40.09246615794305,40.15738543681245,39.814240171669155,39.999725341796875,5339900
2024-08-30,40.194490024506905,40.40779676824274,39.87916624293307,40.38924789428711,5611600
2024-09-03,40.1295730788337,40.67675251006365,40.11102420379449,40.48199462890625,7580900
2024-09-04,40.574729919433594,40.99207070617205,40.36606129498221,40.574729919433594,5855600
2024-09-05,40.88077687120596,40.89932220399664,40.35678100506824,40.463436126708984,5539200
2024-09-06,40.491257663730345,40.523717302867034,40.095250066262714,40.463436126708984,6671700
2024-09-09,40.46344151216464,41.04586126842985,40.407794892880354,40.945701599121094,5070000
2024-09-10,41.12191089305039,41.696911811927556,41.04771540011872,41.669090270996094,7884500
2024-09-11,41.29811960727126,41.61344337446151,40.815859519931124,41.55780029296875,5792200
2024-09-12,41.62271967243043,41.69691162719758,41.15900845716933,41.63199234008789,4263300
2024-09-13,41.84529999586086,41.97513857293885,41.71082331593412,41.928768157958984,3707500
2024-09-16,42.123521800407424,42.271912774003226,41.94267472363196,42.06787872314453,4130200
2024-09-17,42.086430298319705,42.206992665357475,41.59953211397967,41.7340087890625,5919400
2024-09-18,41.78965398483175,42.20699122824377,41.55779838834256,41.613441467285156,6234400
2024-09-19,41.95659088308004,41.95659088308004,41.26102408390178,41.51142501831055,4552400
2024-09-20,41.27030045607318,41.47896909942454,41.17755962299169,41.43723678588867,4839800
2024-09-23,41.73702512355794,41.92381046981091,41.61561767673254,41.89579391479492,4013700
2024-09-24,41.699670904414674,42.04522147927047,41.531564449050414,41.89579391479492,4103800
2024-09-25,41.97984654819577,42.091916329307395,41.60627586097822,41.718345642089844,3457000
2024-09-26,41.73703030854428,41.76505042967536,41.1579988695978,41.30742645263672,4552700
2024-09-27,41.59693751107672,41.69499901326168,41.29808239128425,41.36345672607422,3613700
2024-09-30,41.2140298457705,41.746365759343334,41.13931428327334,41.718345642089844,4929900
2024-10-01,41.83974977191406,41.91446532212893,41.27939739583656,41.466182708740234,6453100
2024-10-02,41.045918663254895,41.34944436631603,41.027239774782885,41.31675720214844,4022000
2024-10-03,41.18600757017819,41.293410294980916,40.793761575525984,40.9151725769043,3504500
2024-10-04,40.681690663989585,40.709707216358225,40.252083339412145,40.64433288574219,5386100
2024-10-07,40.38283583636135,40.42953127816946,40.140013838745034,40.34547805786133,3793500
2024-10-08,40.51358768791586,40.6163198055616,40.28477394856519,40.46689224243164,4039700
2024-10-09,40.38283663658691,40.5191893244435,40.2334090822596,40.485565185546875,3338800
2024-10-10,40.261426619868416,40.59763951598461,40.00926694778126,40.149356842041016,3659600
2024-10-11,40.36416064972391,40.569621325053305,40.24742025317809,40.56028366088867,2312100
2024-10-14,40.457549576694504,40.8964945864281,40.354817462702904,40.840457916259766,3542900
2024-10-15,41.01790542359192,41.69033127074402,40.98988886750535,41.35411834716797,5176300
2024-10-16,41.447507361052864,41.82574506907727,41.32609636290122,41.76504135131836,3662700
2024-10-17,41.64362920660033,41.680986983869786,41.33543288807794,41.49420166015625,2934000
2024-10-18,41.57826149348437,41.79866742675715,41.41482564521733,41.78372573852539,3950800
2024-10-21,41.54090007434905,41.72768541143459,40.868474285894685,40.92451095581055,5938700
2024-10-22,40.84045967330525,41.14865602853934,40.73772755489389,40.98988723754883,4497400
2024-10-23,40.88715252942568,41.46151680842186,40.84979831270633,41.39147186279297,4849500
2024-10-24,41.428833983679304,41.73702678905598,41.41015509204522,41.484867095947266,3188600
2024-10-25,41.83042300794112,42.00786714198242,41.139318238927345,41.157997131347656,4820700
2024-10-28,41.52221901925631,41.6996666834201,41.20935564446641,41.28873825073242,3129100
2024-10-29,41.157991017027015,41.377463517068385,40.849798244462264,40.9151725769043,4557100
2024-10-30,40.952528555498965,41.36345702011027,40.89649544678584,41.06460189819336,5513800
2024-10-31,40.62565427134383,40.98988370513446,40.3361368319194,40.34547805786133,5866200
2024-11-01,40.616320681164105,40.667683178460116,39.887858177896554,39.91587829589844,6141400
2024-11-04,40.08397884257074,40.42953296415545,40.04195401198108,40.364158630371094,6509900
2024-11-05,40.26142568985003,40.92451024041005,40.04195318980866,40.9151725769043,4747500
2024-11-06,40.55094587363245,40.77508902157134,39.40222070170254,39.822486877441406,12721600
2024-11-07,39.97190476992779,40.429528619879164,39.897192780473986,40.31745529174805,10597900
2024-11-08,40.50424842406793,41.12530821074341,40.45755297632086,41.008567810058594,7348100
2024-11-11,40.95253021336102,41.14865678969888,40.61632085956945,40.6536750793457,7899300
2024-11-12,40.550939532325295,40.700370649339675,40.12600637187588,40.1400146484375,4972000
2024-11-13,40.5882948910873,40.76574255064279,40.38750129286599,40.45754623413086,5095000
2024-11-14,40.39217788911556,40.39217788911556,40.041956693545195,40.09332275390625,4860400
2024-11-15,39.90653387205341,40.213793234224525,39.78979348386136,40.1400146484375,5875700
2024-11-18,39.962567716926316,40.50424122728971,39.85983561255559,40.494903564453125,3810800
2024-11-19,40.37349222126285,40.78441707254455,40.20071517789993,40.66300964355469,3693100
2024-11-20,40.42953453704423,40.65367410084375,40.280106973633174,40.59764099121094,3198700
2024-11-21,40.634996072227686,41.00389615655178,40.45755195023545,40.86847686767578,3070100
2024-11-22,41.02724251932449,41.25138207071512,40.989884739881404,41.17667007446289,3333900
2024-11-25,41.42883270404746,41.9144731836306,41.391474921933174,41.72768783569336,4625700
2024-11-26,41.680991564785565,42.00786324523353,41.526893388588334,41.93315124511719,3183800
2024-11-27,42.12926918512847,42.47668653474739,42.11992795959138,42.222660064697266,3531500
2024-11-29,42.25067812192073,42.42812220951697,42.00318553410729,42.02653503417969,3737500
2024-12-02,41.79305908425575,41.86777464296228,41.24204430801384,41.39147186279297,4837300
2024-12-03,41.42882732727341,41.512880544804744,41.12063100878061,41.148651123046875,4164900
2024-12-04,41.14865629265499,41.17667284780732,40.8031021534835,41.036582946777344,3315800
2024-12-05,40.79375945098892,40.96186588640887,40.67234845593369,40.9338493347168,2971300
2024-12-06,41.0459216926033,41.167332695315096,40.68635929758904,40.87781524658203,3624700
2024-12-09,40.95252705993238,41.08794633876711,40.79843245396468,40.96186828613281,5211000
2024-12-10,40.89650416396165,40.89650416396165,40.172712145977364,40.29879379272461,4090500
2024-12-11,40.41085444462089,40.52292422318811,40.08397921006828,40.19605255126953,4988900
2024-12-12,40.1493506458982,40.60697091293992,40.093313984315486,40.168025970458984,3418100
2024-12-13,40.13068001005894,40.224070902598974,39.91587810710951,39.99993133544922,3833300
2024-12-16,40.01860366166298,40.28944221739869,39.77578522169457,39.794464111328125,3642900
2024-12-17,39.598344324806455,39.976582073310674,39.47693331366114,39.61701965332031,5319100
2024-12-18,39.486267328740794,39.68239388635306,38.02000835414909,38.06670379638672,9802600
2024-12-19,38.104061140035284,38.37489968960767,37.36626104815208,37.412960052490234,8386500
2024-12-20,37.59040720092129,38.4963138064274,37.4970163099478,38.0947265625,9792600
2024-12-23,37.95690656622676,38.32505306537671,37.83419346714198,38.26841735839844,6917200
2024-12-24,38.12681699897416,38.55160276270924,38.098499148374295,38.523284912109375,2812100
2024-12-26,38.41944909646969,38.645999109676346,38.230655018165784,38.57992172241211,4044800
2024-12-27,38.35337451981364,38.69320316547445,38.13626257418541,38.26841735839844,4588800
2024-12-30,38.1645769928012,38.18345676041068,37.687872763267386,38.08905792236328,4493500
2024-12-31,38.39112854003906,38.46664761350202,38.02298205927618,38.39112854003906,7590600
2025-01-02,38.43833095687602,38.48552857878443,37.91914631304036,38.03242492675781,9786400
2025-01-03,38.1173775781967,38.608240710071755,37.994660894991114,38.55160140991211,5128600
2025-01-06,38.57048605226906,38.69320275098708,37.96634784465381,38.02298355102539,5980200
2025-01-07,38.155139818474424,38.35809284308111,37.65011767830632,37.73979568481445,8867700
2025-01-08,37.76811397895809,37.91914853849778,37.39525022333506,37.900272369384766,6312800
2025-01-10,37.30557184124032,37.39996708964944,36.951584258284285,36.984622955322266,8343100
2025-01-13,36.93741544531755,37.46509100834861,36.86189638604358,37.45659637451172,5769300
2025-01-14,37.579317590502825,37.86250689513748,37.484918754993025,37.777549743652344,5022100
2025-01-15,38.75927628362936,38.844233435676415,37.89082499593201,37.93802261352539,6511000
2025-01-16,38.032424903337336,38.82063635166031,37.90498736322061,38.78759765625,5600900
2025-01-17,38.90087319356649,38.995272039545966,38.759280326018946,38.778160095214844,4913400
2025-01-21,38.94806917835102,39.52388951129586,38.929193010896626,39.48613357543945,6105700
2025-01-22,39.41061122126192,39.41061122126192,38.75927546987432,38.79703140258789,5837100
2025-01-23,38.88199358038137,39.11798529485529,38.509126239398846,39.10854721069336,3916200
2025-01-24,38.97639104138639,39.49557207458599,38.94806958801166,39.22182083129883,4038800
2025-01-27,39.17462468051001,39.65132895295991,39.08966751909267,39.608848571777344,11135800
2025-01-28,39.55221194466549,39.55221194466549,38.99527136631901,39.12742614746094,4366300
2025-01-29,39.17462146323477,39.250140534269306,38.49496422771401,38.674320220947266,3945600
2025-01-30,39.26902011959962,39.47669398207588,38.83857362045228,39.18406295776367,4481500
2025-01-31,39.06134227503945,39.48612800175494,38.976385129696354,39.099098205566406,4730300
2025-02-03,38.77815597950372,39.18405837081788,38.400567837556615,39.033023834228516,7439600
2025-02-04,38.76871429543398,39.13403040865885,38.627117841966964,39.033023834228516,4559300
2025-02-05,39.48613381434587,39.74572252931207,39.089665877399966,39.6466064453125,4356900
2025-02-06,39.87315867305655,39.882596756511,39.476690749966565,39.75988006591797,3680600
2025-02-07,39.86371974471661,39.896758440512684,39.43893394094729,39.618289947509766,5337100
2025-02-10,39.70324439539654,39.736283088935124,39.31149731419082,39.674922943115234,3907600
2025-02-11,39.486134016131444,39.90147812276848,39.42477386790316,39.89203643798828,3276300
2025-02-12,39.108546197455,39.69380462592184,39.108546197455,39.55221176147461,6834300
2025-02-13,39.46725181193044,39.96755304597651,39.33509343979704,39.86371612548828,7069100
2025-02-14,39.97699472052638,40.10915310453211,39.69380538526678,39.7032470703125,4528100
2025-02-18,39.599407408679745,40.01003065614707,39.57108595644414,39.8448371887207,5622200
2025-02-19,39.67492336648478,40.011921645121944,39.61356682095768,39.92035675048828,4405400
2025-02-20,39.920355826361735,40.26018444191669,39.698523057821824,40.19410705566406,3947300
2025-02-21,40.20354473765069,40.26018403999357,39.66548396870936,39.86371612548828,5072100
2025-02-24,39.92979673394506,40.25546644704447,39.71268479219469,40.04307174682617,4435200
2025-02-25,40.17522615837973,40.66608930027396,40.165784474353416,40.46785354614258,5698200
2025-02-26,40.54337019329353,40.63304458050383,40.15162315138663,40.26961898803711,5472200
2025-02-27,40.27906030288717,40.66609013506858,40.20354483386338,40.448974609375,4040600
2025-02-28,40.64721675308739,40.82184832817175,40.28850831626729,40.732173919677734,5771500
2025-03-03,40.87376230594527,41.29477069817033,40.75104561192018,41.08143615722656,9874300
2025-03-04,41.11919421919988,41.40332698115761,40.51505245540882,40.60945129394531,9765700
2025-03-05,40.16578753229951,41.095595427574565,40.15634944850203,40.987037658691406,5564100
2025-03-06,40.64721027030132,40.73216742334192,39.802359581994075,39.86371612548828,7954300
2025-03-07,39.93923265237916,40.2479094485524,39.589962378256985,40.090267181396484,7083600
2025-03-10,40.052513797101085,40.48673768456232,39.51445297982351,39.7032470703125,9447900
2025-03-11,39.80707619595027,39.94395180707839,39.06606243980657,39.28789520263672,7103500
2025-03-12,39.35397150055409,39.47196734127397,39.02358458691733,39.14630126953125,6013500
2025-03-13,39.15573959617288,39.372851512335615,38.32788180960039,38.38168716430664,6167200
2025-03-14,38.74511712950298,39.16046484274642,38.513846262504615,39.12742614746094,4548100
2025-03-17,39.13686717890153,39.953400139519964,39.13686717890153,39.816524505615234,4422800
2025-03-18,39.816516431926274,40.01474857837244,39.42004853808668,39.571083068847656,4860300
2025-03-19,39.599410178348045,39.91752510630624,39.28318214702168,39.618289947509766,3919100
2025-03-20,39.61828428548011,39.79763666546275,39.40117237257041,39.571083068847656,3452800
2025-03-21,39.39173682023994,39.457814212673696,38.93391231484335,39.18406295776367,6237900
2025-03-24,39.42536757281082,39.810120000288386,39.24486719458598,39.7293701171875,4457800
2025-03-25,39.72936456113451,39.73886667781529,39.02636013457544,39.25436019897461,4660800
2025-03-26,39.434860627170146,39.6391126482483,39.27716245472438,39.453861236572266,3717700
2025-03-27,39.510868919006576,39.824369960602965,39.25911714911954,39.35886764526367,3586700
2025-03-28,39.529865301332805,39.56786652170127,39.107111690722206,39.33986282348633,4905600
2025-03-31,39.453863386751514,40.009621276063314,39.396865179434535,39.75786590576172,7736800
2025-04-01,39.89086704623579,39.976367974492845,39.30185904091132,39.7863655090332,5903000
2025-04-02,39.7198689560434,40.066620136191,39.52036435519574,39.97637176513672,4657000
2025-04-03,39.57736542621025,39.95737038585344,38.72235607901101,38.77935791015625,11584800
2025-04-04,38.58935494765509,38.58935494765509,36.969591890826976,37.0123405456543,15419700
2025-04-07,36.385332637296614,37.50634319790224,35.31182178709042,36.11933135986328,25297200
2025-04-08,36.945839497113035,37.03609148752736,34.81307088023612,35.22632598876953,16319500
2025-04-09,34.63732298530146,37.41609824174335,33.97231604276928,37.249847412109375,27138900
2025-04-10,36.87934446080157,37.28784856944384,35.55883269639825,36.461341857910156,19936700
2025-04-11,36.271330349069004,37.05983563979031,35.853327849987444,36.974334716796875,10742800
2025-04-14,37.26884340782686,38.00035059159455,37.154843370770905,37.79134750366211,6543600
2025-04-15,37.92434934399863,38.14285455589084,37.6583480411677,37.848350524902344,4272300
2025-04-16,37.990856726686566,38.33285687951809,37.591851112388696,37.82935333251953,6021900
2025-04-17,37.971848889603685,38.740404130218195,37.971848889603685,38.427852630615234,4793500
2025-04-21,38.104852871797256,38.19035380724017,37.15484408865196,37.62984848022461,4364300
2025-04-22,38.17135295029835,38.57985701433357,37.981350470096594,38.39935302734375,4213200
2025-04-23,38.72235725127861,39.16886254877733,38.21885374490498,38.44685745239258,8046200
2025-04-24,38.465856438702076,38.860107321420536,38.2711029026158,38.560855865478516,5093400
2025-04-25,38.57985528250563,38.72235441826333,38.261603226251474,38.50385284423828,4511000
2025-04-28,38.494359004459696,38.845861263944734,38.38985745120832,38.74135971069336,4403400
2025-04-29,38.75085666010001,39.22586102134469,38.68435633944541,39.05485916137695,4088100
2025-04-30,38.807854545484936,39.37786194869628,38.58935297598573,39.23535919189453,5100700
2025-05-01,39.349361419677734,39.681866662779214,39.09760967606978,39.349361419677734,6986300
2025-05-02,39.8291226895267,39.95737592137216,39.65337336114079,39.8338737487793,4073900
2025-05-05,39.82911416116393,40.00011601767805,39.54886333320754,39.7863655090332,3018300
2025-05-06,39.60585985982664,39.82911247549343,39.330360101765386,39.510860443115234,2531600
2025-05-07,39.53936285975048,39.82151629712292,39.425362825335796,39.482364654541016,3892500
2025-05-08,39.69136414590849,39.71036475565901,39.221110832569245,39.292362213134766,3841000
2025-05-09,39.320862177054536,39.6619164251548,39.22586275021679,39.52986526489258,2540300
2025-05-12,40.004870449667045,40.033369553490964,39.36836268029759,39.567867279052734,5525700
2025-05-13,39.49186576082517,39.586865191791475,38.89811025729581,39.03586196899414,6501800
2025-05-14,38.940863719850206,38.940863719850206,38.51335901953546,38.70336151123047,4416300
2025-05-15,38.874354737445195,39.43011258794345,38.807854417555774,39.415863037109375,4703800
2025-05-16,39.49186378408456,39.92886694304921,39.35886313779061,39.90986633300781,3421200
2025-05-19,39.59636700176468,40.0286191204991,39.548867286650434,39.99536895751953,3023400
2025-05-20,39.67236185536005,39.90986403118571,39.65336487041013,39.7863655090332,2311800
2025-05-21,39.586866902126836,39.67236784328894,38.712860502688585,38.73186111450195,3708700
2025-05-22,38.79835885436976,38.826857958189656,38.29010430027146,38.59885787963867,3599300
2025-05-23,38.56560781998628,38.72235651540946,38.37750431188418,38.60835647583008,3751400
2025-05-27,38.94086288686979,39.356013375588255,38.80785860873109,39.24486541748047,3626800
2025-05-28,39.28286301580979,39.28286301580979,38.96271195890865,39.24486541748047,3491900
2025-05-29,39.24486096467559,39.767365028378535,39.19735763016073,39.60586166381836,4811800
2025-05-30,39.453868800919075,39.748372867122555,39.24486930541645,39.64387130737305,6882700
2025-06-02,39.35886296794114,39.71511625068935,38.98836013372234,39.70086669921875,4756500
2025-06-03,39.510865154144795,39.61536669938472,39.24011279783947,39.55836486816406,6276900
2025-06-04,39.46336790947822,39.84336926940621,39.354115298801304,39.68186950683594,2969700
2025-06-05,39.73887104803936,39.87661913909817,39.47761717052212,39.672367095947266,5412000
2025-06-06,39.8623643208197,40.00486707591333,39.59161198533827,39.7863655090332,3533600
2025-06-09,39.734118154137974,40.02861855810623,39.49186489926416,39.76736831665039,4581000
2025-06-10,39.87187288792997,40.12837571419926,39.80537255785973,40.118873596191406,4832800
2025-06-11,40.11886931573376,40.299369674666586,39.73316744247859,39.900367736816406,4809300
2025-06-12,39.90037199396116,40.18537392626165,39.85287227591044,40.118873596191406,4151500
2025-06-13,39.90036564269955,40.06186538316401,39.510862218290164,39.79586410522461,6375700
2025-06-16,39.90037408233014,40.299376083635174,39.681872468663606,39.8338737487793,6304400
2025-06-17,39.81486986986504,39.91937142087193,39.52036582829981,39.672367095947266,5610100
2025-06-18,39.73887263015973,40.042875177557875,39.53936801393277,39.74837112426758,5529900
2025-06-20,39.91937290763132,40.11412284030974,39.69136918567031,39.73887252807617,5834600
2025-06-23,39.849104137014045,40.361956308996774,39.796380708950366,40.31882095336914,6057900
2025-06-24,40.42426563734295,40.659125882535086,40.1702365601311,40.51054000854492,5292600
2025-06-25,40.232549397223075,40.31882377128632,39.48004655664081,39.5231819152832,10960100
2025-06-26,39.51359547521819,39.52317989105502,38.79943399330189,39.27394485473633,14023700
2025-06-27,39.34104594328511,39.810759102169946,39.21642659924746,39.41773223876953,6608200
2025-06-30,39.44649517371018,39.753247687668996,38.98636274599355,39.70531463623047,6959500
2025-07-01,39.638211301338686,40.261304379446194,39.59507594475714,39.973724365234375,9438400
2025-07-02,39.92579553241821,40.12326521904393,39.72448622854547,40.050411224365234,6737400
2025-07-03,40.05999566299022,40.22775035368388,39.89703135147495,40.069580078125,5758100
2025-07-07,39.98331078544233,40.30923579302834,39.5231820082818,39.76283264160156,6417800
2025-07-08,39.59028335769052,39.87498915459693,39.53276954680975,39.70531463623047,5768600
2025-07-09,39.74365959332058,39.801177060948866,39.52797548907673,39.6861457824707,4867800
2025-07-10,39.72448684305501,40.15585870548629,39.58069866009684,39.887451171875,6045300
2025-07-11,39.59028271983226,39.95455269558133,39.456078954234805,39.84910583496094,5802500
2025-07-14,39.83951981321056,40.13668423740569,39.80117483693435,40.11751174926758,7270600
2025-07-15,40.12710325935255,40.17503265541475,39.49442572370738,39.59987258911133,6427500
2025-07-16,39.91621108421732,40.06479331483446,39.63342507668424,40.03124237060547,8487900
2025-07-17,39.98330896100018,40.15585770165927,39.80596984077378,39.992897033691406,7848700
2025-07-18,40.031243080961524,40.24693086064268,39.92579986635551,40.107933044433594,5608100
2025-07-21,40.31402637535315,40.539298536456215,40.16544416559503,40.26130294799805,5336600
2025-07-22,40.43385560526042,41.0138097056645,40.38113217278927,40.96108627319336,6165500
2025-07-23,41.01860084629017,41.1336321195701,40.884397084667214,41.076114654541016,5625700
2025-07-24,41.00901239139594,41.176770748638845,40.932326095517034,41.01860046386719,6727900
2025-07-25,41.02818487956022,41.06652985588878,40.577644206423365,41.01860046386719,4698000
2025-07-28,40.82688084966322,40.90356714856748,40.27088964129931,40.309234619140625,4776600
2025-07-29,40.5297108010024,41.01860010294429,40.299648258611775,40.980255126953125,9447100
2025-07-30,40.89398364103981,40.99943050405695,40.13668676735168,40.40509796142578,9908200
2025-07-31,40.13668456241444,40.357162692620676,39.63821083712189,39.69572830200195,10320700
2025-08-01,40.11272075916103,40.13668362638521,39.34104549304634,39.58069610595703,9602600
2025-08-04,39.647798837799236,40.031237632636696,39.614247897541226,39.91620635986328,6584500
2025-08-05,39.89703497084878,40.16065212069503,39.734074301328064,40.050411224365234,6265300
2025-08-06,40.17503358014573,40.17503358014573,39.700526331684486,39.71490478515625,7569500
2025-08-07,39.95454905256385,39.95454905256385,39.59986718199893,39.8682746887207,6429600
2025-08-08,39.944965893339194,39.983310872380564,39.47045866223228,39.542354583740234,7161600
2025-08-11,39.38897633115513,39.58069755988184,39.27394505663041,39.312286376953125,6054800
2025-08-12,39.369802644180204,39.4560770116421,39.00936864667037,39.379390716552734,8099800
2025-08-13,39.446492729867956,39.68614334509977,39.28352840998567,39.63821029663086,4962700
2025-08-14,39.38418473238049,39.43690816496294,39.0822262467725,39.36022186279297,7988300
2025-08-15,39.360222129531,39.74845499319777,39.34104963966396,39.61904525756836,5689600
2025-08-18,39.70531462283375,39.70531462283375,39.23560143583336,39.24518585205078,4496900
2025-08-19,39.446499035842564,39.96414166834296,39.40815405364882,39.944969177246094,6803400
2025-08-20,40.050413656937444,40.443440558993586,39.99289984386197,40.09834671020508,7026700
2025-08-21,39.925790980567484,40.11750853302201,39.79637761020497,39.95454788208008,5851800
2025-08-22,40.27568791866663,40.8220911117161,40.19420757475791,40.58723449707031,6488900
2025-08-25,40.539297721098386,40.67350147647467,40.31402556452617,40.385921478271484,6213400
2025-08-26,40.34757923722538,40.45302609695959,40.117513029007256,40.27088928222656,4318200
2025-08-27,40.37633379061823,40.596811913232656,40.3188199844968,40.44343566894531,5171300
2025-08-28,40.472197382305346,40.481781798006054,40.12709990862848,40.33799362182617,4199700
2025-08-29,40.42426426266517,40.57764416783355,40.347577966859184,40.5584716796875,4810600
2025-09-02,40.19419965693058,40.280474020773724,39.72736074769177,39.8682746887207,8204200
2025-09-03,39.7532482252513,39.94017542669843,39.62862887202705,39.76283264160156,5668000
2025-09-04,39.91621108421732,40.098347915842105,39.65738794726,40.03124237060547,5991100
2025-09-05,40.242128124261285,40.635154960145016,40.19419873584189,40.4338493347168,5298300
2025-09-08,39.93538102026871,40.18461606763042,39.82993415750006,40.16544723510742,7678500
2025-09-09,39.99768488884336,40.155855167261144,39.93729319910207,40.146270751953125,4308300
2025-09-10,40.155858803499505,40.433854410720244,40.06000001462676,40.12710189819336,4006500
2025-09-11,40.18461357638569,40.85563603322195,40.179823196941136,40.77894973754883,3604900
2025-09-12,40.66391890336393,40.81729882371055,40.558475693293474,40.59681701660156,2515100
2025-09-15,40.64474396658294,40.79812020711889,40.438644300539835,40.54888153076172,3844000
2025-09-16,40.51054026763996,40.63515961723503,40.23254832023636,40.309234619140625,5432500
2025-09-17,40.424261888348,40.88439426327087,40.25171681872442,40.29005813598633,7312900
2025-09-18,40.304438844715065,40.51053852075176,40.20858006102375,40.31882095336914,5162000
2025-09-19,40.357162365826596,40.42905828214994,40.11751174926758,40.11751174926758,5331000
2025-09-22,40.133938151005125,40.3367802791098,39.92143845309549,40.249847412109375,4786500
2025-09-23,40.269159685344285,40.63137929147134,40.25950211711045,40.56859588623047,3002000
2025-09-24,40.52996331056065,40.52996331056065,40.14359789320536,40.153255462646484,3990500
2025-09-25,40.201545328953955,40.341604017687835,40.03251025106422,40.05665969848633,3559500
2025-09-26,40.19188775339475,40.535753923879724,40.10012427483365,40.45268630981445,3436200
2025-09-29,40.4913267987959,40.61689731318457,40.317464751158674,40.529964447021484,3891100
2025-09-30,40.58791641234297,40.72314448142739,40.38507430871634,40.69416809082031,3940800
2025-10-01,40.674849268852746,40.89217956778292,40.57825515901492,40.69416809082031,6818800
2025-10-02,40.56859942538335,40.607237071066145,40.26916319837473,40.481666564941406,6391600
2025-10-03,40.529961088366285,40.95013718745002,40.529961088366285,40.6458740234375,4820800
2025-10-06,40.66036472359701,40.66519166600582,40.211212205424545,40.24018859863281,4921700
2025-10-07,40.288478284102,40.288478284102,39.935919932843326,40.1146125793457,5191500
2025-10-08,39.89728548586539,40.06632057772419,39.82484082230057,39.911773681640625,6809300
2025-10-09,40.00353535752928,40.03734237437118,39.62682754566571,39.728248596191406,4517100
2025-10-10,39.80552264161024,39.90211675615056,39.23563026223284,39.29358673095703,10153200
2025-10-13,39.30324370622328,39.550519477146146,39.22597210044725,39.5157470703125,6720700
2025-10-14,39.457787971826946,39.94074745096651,39.390173939522484,39.892452239990234,7769100
2025-10-15,40.01802841227944,40.58792082588297,39.99870958821114,40.47201156616211,7393900
2025-10-16,40.558942732730856,40.71348963411289,40.307801715054566,40.346439361572266,9443200
2025-10-17,40.37541277750724,40.66422234726084,40.21120831894587,40.607234954833984,9458500
2025-10-20,40.846780264615326,41.04189925985935,40.7134866578443,41.0322380065918,4826100
2025-10-21,40.93565351070778,41.144291658303864,40.80525236552957,40.906673431396484,6887700
2025-10-22,41.09019470214844,41.15780873664575,40.84871495474703,41.09019470214844,7755300
2025-10-23,41.13849613253089,41.264066651871644,40.67002476221533,41.05156326293945,9446300
2025-10-24,41.26405567712451,41.41860255032884,41.18678039817829,41.196441650390625,7820300
2025-10-27,41.21576469137917,41.318154824092026,41.00326500289194,41.283382415771484,6851400
2025-10-28,41.08536563131912,41.1578102952206,40.34643816583908,40.36575698852539,17438000
2025-10-29,39.94075066803238,40.104958820204104,39.14869735322188,39.264610290527344,13140800
2025-10-30,39.28875546182852,39.737907954205035,39.19699566037605,39.48677062988281,14353400
2025-10-31,39.19700204379403,39.659673734175904,39.110069170315704,39.50609588623047,9788100
2025-11-03,39.10040268433805,39.477110524119254,38.90721813748676,39.4384765625,10847400
2025-11-04,39.5350659417665,39.60751060549447,39.35154265371915,39.54472351074219,8413000
2025-11-05,39.6606390249422,39.71859181194119,39.31773819133888,39.53506851196289,6925600
2025-11-06,39.477108870063184,39.64614395971736,39.312904407167295,39.341880798339844,8171900
2025-11-07,39.52540573612609,39.88279843741009,39.40949648190118,39.86347961425781,7674200
2025-11-10,39.786204273661305,39.99387701643687,39.55438576549109,39.834503173828125,6823600
2025-11-11,39.9117735933939,40.29331204828226,39.90211602446132,40.27882385253906,5743700
2025-11-12,40.066323252751175,40.225700786296876,39.95524462126579,39.9600715637207,5801500
2025-11-13,39.77654675597319,39.91177483336247,39.38535071999868,39.4384765625,8032500
2025-11-14,39.612335103874976,39.63165392532319,39.32256015152855,39.55438232421875,6434600
2025-11-17,39.699270957960245,39.70893221175863,39.17767747819735,39.29358673095703,5861900
2025-11-18,39.33222487749735,39.55921644369596,39.15835915380006,39.4384765625,6634200
2025-11-19,39.457791898344325,39.457791898344325,39.003812448364926,39.12937927246094,7201800
2025-11-20,39.43847378628143,39.5833594227043,38.97966005922109,38.99414825439453,7477000
2025-11-21,39.264616091533924,39.67996163318712,39.06177026362499,39.50609588623047,7858600
2025-11-24,39.54472231563912,39.63648579923389,39.24528978548954,39.56404113769531,6796900
2025-11-25,39.67029387759822,40.0470017060472,39.64131748608327,39.88279724121094,5898100
2025-11-26,39.766881068174385,40.26433241837611,39.75722350001855,40.05665969848633,6814100
2025-11-28,40.06632410830356,40.360929730655634,40.00836763540695,40.249847412109375,3771900
2025-12-01,39.82484141779424,39.97938831618872,39.67512514629328,39.689613342285156,6008700
2025-12-02,39.8345049805511,39.84416255020924,39.44330524265149,39.59302520751953,5411600
2025-12-03,39.54472520513575,39.76688614798221,39.471315149833636,39.67029571533203,4501400
2025-12-04,39.59302263726763,39.88279760915647,39.54472373804559,39.60268020629883,7427000
2025-12-05,39.59302520751953,39.791036705367176,39.49160046032002,39.59302520751953,4553300
2025-12-08,39.573704364203934,39.60751138331574,39.32256334964017,39.35154342651367,6046300
2025-12-09,39.44813307442266,39.6847822035111,39.09074406737439,39.119720458984375,6325000
2025-12-10,39.22597117238851,39.484835283005616,39.15256112205935,39.19699478149414,7956300
2025-12-11,39.28392960232621,39.53024001440796,39.235634382328975,39.40950012207031,10300400
2025-12-12,39.573705615232946,39.71859126542574,39.22114353218834,39.361202239990234,7441900
2025-12-15,39.58336110712477,39.58819173395098,39.230802727273456,39.5157470703125,7820400
2025-12-16,39.55438359840098,39.62199763330361,39.120684701935346,39.16801452636719,7722200
2025-12-17,39.172845708685664,39.477108870063184,39.158357513099396,39.341880798339844,8811800
2025-12-18,39.48677192719326,39.59302361259725,39.05210761630819,39.10040283203125,9482100
2025-12-19,38.99415077658411,39.23176898380111,38.941024934386256,38.95551681518555,8338000
2025-12-22,38.912543197929644,39.293371732873965,38.790483772936184,39.244544982910156,6797800
2025-12-23,39.28361001868096,39.28361001868096,39.05413767375809,39.23478698730469,8384200
2025-12-24,39.25431450838024,39.55701951909973,39.25431450838024,39.48866653442383,3242600
2025-12-26,39.40078494769477,39.58631767672786,39.36074909458588,39.56678771972656,5973000
2025-12-29,39.73278429303265,39.781611044975136,39.566785256294395,39.674198150634766,9519300
2025-12-30,39.67420582009102,39.78161873519548,39.605852824107984,39.762088775634766,7967100
2025-12-31,39.72302223037962,39.73278534605195,39.39102042314603,39.40078353881836,6082600
2026-01-02,39.3910243120535,39.55214367374076,39.107845505141114,39.430084228515625,9211900
2026-01-05,39.298251618572145,39.644899940240464,39.10783921265515,39.47890090942383,12232000
2026-01-06,39.312902105710634,39.8694965692962,39.29337587361708,39.7425537109375,9052600
2026-01-07,39.91831796887827,40.02573086579742,39.18596137165671,39.19572448730469,12482300
2026-01-08,39.04925555435253,39.679078952443604,38.96137261334661,39.48866653442383,8785000
2026-01-09,39.45937352857329,39.79625875715391,39.45937352857329,39.54725646972656,7050200
2026-01-12,39.59607954077068,39.859728364514275,39.50331690414559,39.664432525634766,8398900
2026-01-13,39.654668353851655,40.0110798047285,39.30313659822207,39.967140197753906,8778300
2026-01-14,39.937853655946356,40.42120803648238,39.937853655946356,40.416324615478516,9738100
2026-01-15,40.56279254428565,40.865497560687636,40.470026181216205,40.71902847290039,23308300
2026-01-16,40.63114576705283,41.343972428322026,40.5627927806954,41.2170295715332,9540900
2026-01-20,40.943621102543965,41.01197409470511,40.38703032354109,40.426090240478516,9263900
2026-01-21,40.670205325190985,40.77761449927213,40.245437149432504,40.57255554199219,9950200
2026-01-22,40.58232472717525,40.704384169506184,40.152673106196865,40.172203063964844,9731900
2026-01-23,40.16244128402182,40.35773714324177,39.967145424801856,40.27961730957031,7587100
2026-01-26,40.43584560230638,40.53837507088464,40.22101982530927,40.25031661987305,6462100
2026-01-27,40.318677226406045,40.377263376700945,40.10385140876822,40.27961730957031,6453200
2026-01-28,40.26496798196471,40.39679053595272,39.786493346278114,39.88902282714844,8519200
2026-01-29,40.084317695284895,40.47490937713451,39.879258738545104,40.39678955078125,8650900
2026-01-30,40.338203471322615,40.465142601914785,39.9261299540458,40.455379486083984,10617900
2026-02-02,40.52373475634459,40.60673428293982,39.9866739563727,39.996437072753906,9386900
2026-02-03,39.90855410471685,40.113616798201086,39.57655227355017,39.84996795654297,8709700
2026-02-04,40.084317748193676,40.665321851348324,39.9378486610255,40.48467254638672,9573700
2026-02-05,40.367498964943316,40.52861832300282,40.030613711720456,40.26008605957031,9894800
2026-02-06,40.601853895652475,41.05591143633656,40.49444099249596,41.0022087097168,8181400
2026-02-09,40.93385335139671,41.285385146106115,40.709264421434284,41.2560920715332,5638900
2026-02-10,41.28050322462879,41.93474002120729,41.226796774168356,41.832210540771484,10547700
2026-02-11,41.929857833402124,42.05680069503677,41.715035750203334,41.79315185546875,13760200
2026-02-12,42.31068516160335,42.72080308322224,41.85174048506547,41.86150360107422,17848900
2026-02-13,42.02262331039013,42.632920502492325,41.86150395768512,42.4766845703125,10767600
2026-02-17,42.62315505794512,42.93074348497637,42.38879930999875,42.90633010864258,9757700
2026-02-18,42.78916017466322,42.891689664902984,42.22768596386181,42.33021545410156,10995700
2026-02-19,42.27162546756295,42.520624039144764,41.9982097934362,42.18374252319336,6655300
2026-02-20,42.232561969343536,42.53527069091797,42.139795612337565,42.53527069091797,7468400
2026-02-23,42.4864452211753,42.91609680345859,42.418092237622645,42.5840950012207,8647500
2026-02-24,42.49621210625572,42.764740620506345,42.41809228213742,42.701271057128906,10590000
2026-02-25,42.66221351148303,42.76962641312462,42.31068545832662,42.418094635009766,8744800
2026-02-26,42.63291932364492,42.691509193451694,42.393683873944354,42.6036262512207,8774100
2026-02-27,42.52551030827628,42.98933843878082,42.49133381234088,42.80868911743164,10826300
2026-03-02,42.53527461819578,43.033275490035386,42.349741887053625,42.886802673339844,13308300
2026-03-03,42.29115316654454,42.81844707964929,41.91032461130467,42.67197799682617,12288100
2026-03-04,42.52550896300349,42.774511268346394,42.24721358348797,42.730567932128906,7850700
2026-03-05,42.261859956025894,42.37903970217723,41.939624966506095,42.32044982910156,9182400
2026-03-06,41.93962090377697,41.988443930797885,41.66620524753509,41.88103103637695,11703200
2026-03-09,41.42208644371438,42.11050341800606,40.99243859040547,41.96891403198242,10771000
2026-03-10,41.841974922352314,42.276506234705444,41.65156249221818,41.91032791137695,10506900
2026-03-11,41.74432863981351,41.77362171353894,41.29515079288392,41.41232681274414,7164700
2026-03-12,41.08032102914868,41.431852779831125,40.992438091478064,41.14867401123047,6487100
2026-03-13,41.607623866242605,41.70526993145805,41.20726903892548,41.2560920715332,7916200
2026-03-16,41.55879722261721,41.85076317869549,41.49044423791382,41.57832717895508,9002800
2026-03-17,41.92985272720388,42.0470324582697,41.675970759810745,41.715030670166016,5654600
2026-03-18,41.54903260328752,41.58320909746638,41.00220869642579,41.03150177001953,6351100
2026-03-19,40.92409003292414,41.09985592941155,40.67508772540722,40.93385314941406,9645500
2026-03-20,40.86549691820996,40.95337985948398,39.459373582784,39.63513946533203,15901300
2026-03-23,40.22594112848604,40.41272087834626,39.90154031293114,39.9310302734375,15314800
2026-03-24,39.73442457047651,40.039167933707034,39.537819820000294,39.606632232666016,9942800
2026-03-25,39.77374729720857,39.89171464830909,39.41002400630347,39.586971282958984,9903600
2026-03-26,39.508326107432666,39.9113718459013,39.35104005705455,39.606632232666016,14478400
2026-03-27,39.53781992530985,39.76391838895591,39.26256652391857,39.33137893676758,6122400
2026-03-30,39.773744290361336,40.05882640897616,39.360869842708134,39.527984619140625,12617000
2026-03-31,39.99984548472807,40.44221367330237,39.67052840267647,40.137474060058594,13395200
2026-04-01,40.17679104676856,40.42746696793614,40.05882745151119,40.255435943603516,11565600
2026-04-02,40.196454360904006,40.982884620166935,40.009678346202584,40.90424346923828,7354700
2026-04-06,40.81576957603453,41.15983164044183,40.70271846916056,41.05169677734375,5149600
2026-04-07,40.88457879969209,41.16474467313934,40.65356411018394,41.01237487792969,5421400
2026-04-08,41.59237290889457,41.79389391256213,41.40559313720782,41.72016525268555,5836500
2026-04-09,41.572709510064385,42.37880098259382,41.51372583524691,42.005245208740234,5202000
2026-04-10,42.044564484085434,42.23134048191228,41.8921946898055,42.09371566772461,4989700
2026-04-13,41.93643441690303,42.30507396126751,41.828299550556856,42.29032897949219,4079300
2026-04-14,42.241177693733995,42.737609579013956,42.12812658372255,42.69337463378906,4873600
2026-04-15,42.60981370380454,42.68845484990366,42.39846023304529,42.673709869384766,3029500
2026-04-16,42.79167546432098,43.08659008846822,42.73269553948771,43.06692886352539,4316700
2026-04-17,43.18489248806042,43.80420794913302,43.13574130067264,43.725563049316406,3840300
2026-04-20,43.64692343919064,43.8926831347942,43.57024353416589,43.882850646972656,3628800
2026-04-21,43.82387147850368,43.88776765046816,43.00794747498054,43.037437438964844,5080900
2026-04-22,43.165230421507864,43.39132887907954,42.56557619708095,42.722862243652344,5116300
2026-04-23,42.909642561796005,43.263533358701466,42.762185250589,43.21438217163086,4159300
2026-04-24,43.25370459918613,43.43065187254605,43.05709610100897,43.08658981323242,3581000
2026-04-27,42.91946844313131,43.22421178268218,42.69336999765612,42.75235366821289,4082400
2026-04-28,43.00794375306616,43.20455224593634,42.590153049463964,43.16522979736328,6136400
2026-04-29,43.00794565437444,43.28319530656395,42.74252473976515,42.899810791015625,9108500
2026-04-30,42.80150911955429,43.72064797323859,42.76218666859578,43.64692306518555,7471300
2026-05-01,43.735393982835,43.81895137342487,43.42081814474089,43.568275451660156,7212400
2026-05-04,43.41098901619118,43.68623865329723,43.15540060316342,43.33234786987305,4220400
2026-05-05,43.37167095338675,43.519128273886004,43.10625002648535,43.42082214355469,5810800
2026-05-06,43.68624077003883,44.14827018327802,43.66166705124657,43.98115539550781,5308700
2026-05-07,43.80912161289757,43.9811563983422,43.425737091040446,43.64692306518555,6956200
2026-05-08,43.76488458533398,43.961493080774765,43.63217225716352,43.6567497253418,3267100
2026-05-11,43.63709004583577,44.04996827587951,43.63709004583577,43.81403732299805,4172300
2026-05-12,43.76488412484141,43.93199890671085,43.52404068920804,43.82386779785156,5022400
2026-05-13,43.479805268784965,43.66658128904593,43.189810625485414,43.46014404296875,5242500
2026-05-14,43.57810800739017,43.63217168668425,43.12590734879023,43.16522979736328,4745800
2026-05-15,43.06692941740805,43.096419380203955,42.43778146113167,42.49676513671875,4936600
2026-05-18,42.55574908202315,43.04235222121601,42.55574908202315,43.0079460144043,6060900
2026-05-19,42.97353900369974,43.288111102949436,42.77201426043294,43.19472122192383,4328300
2026-05-20,43.11608266982326,43.696075715883175,43.11608266982326,43.676414489746094,3861400
2026-05-21,43.51912553846611,43.78454644868433,43.238959647123856,43.74522399902344,3567800
2026-05-22,43.87301925875691,44.05979526613407,43.528953455699885,43.80420684814453,3829700
2026-05-26,44.010643829293976,44.14335240614904,43.794374111461174,43.95166015625,4320200
2026-05-27,43.981155033902674,44.22199847605995,43.84352645981759,43.87302017211914,3436100
2026-05-28,43.77471332260821,43.99589928622727,43.553531108984295,43.6567497253418,3274000
2026-05-29,43.558445676796076,43.597764374375416,43.081671312443525,43.243873596191406,6642300
2026-06-01,42.97845522231767,43.07184135329348,42.53608703613281,42.53608703613281,6478200
2026-06-02,42.5655739197806,42.77201114173686,42.344391717683884,42.75235366821289,6160600
2026-06-03,42.64422227965336,43.21929905183864,42.58523860430285,42.77201461791992,5665400
2026-06-04,43.410992109429834,43.67641302840676,43.04235256918332,43.64692306518555,5184700
2026-06-05,43.57811020345138,44.285895563458794,43.4601428517874,43.94183349609375,5326500
2026-06-08,43.93200092859677,44.069629505287885,43.199638100825176,43.28319549560547,4974500
2026-06-09,43.52895338466188,44.42351847115803,43.4404797497339,44.207252502441406,5556000
2026-06-10,44.34487704798795,44.502163092439005,44.22691345214844,44.22691345214844,4560100
2026-06-11,44.29572488056691,44.47267214540234,43.96640406823735,44.15809631347656,5514100
2026-06-12,44.276068902527236,44.74792708132915,44.256407676327726,44.590641021728516,4002500
2026-06-15,44.54639803463066,44.87571885425842,44.10894610631382,44.22691345214844,5283800
2026-06-16,44.4431835442572,44.68894324589542,44.197423842618974,44.33504867553711,4003900
2026-06-17,44.19742275573897,44.290812640063436,43.101336613384326,43.22421646118164,11440200
2026-06-18,43.62726185039279,43.62726185039279,43.086591274564526,43.11608123779297,5730700
2026-06-22,43.30548418679475,43.85585189797427,43.11707148083064,43.652565002441406,4444100
2026-06-23,43.76164604658139,44.34374433492563,43.72197902042055,44.26738739013672,4137600
2026-06-24,44.40622027556569,44.505387845605505,43.9153530981506,44.13847351074219,5158800
2026-06-25,44.32689020589198,44.401264938049295,43.75172964558852,44.21780776977539,5642900
2026-06-26,44.515300180322775,44.91196287221831,44.406217750908716,44.86238098144531,5422100
2026-06-29,44.76321261492858,44.817753828658276,44.178137235437354,44.545047760009766,5151100
2026-06-30,44.0046008884788,44.14839102419795,43.61785683240601,43.662479400634766,9117300
2026-07-01,43.67239889150106,44.168225389952646,43.64760605343609,43.81122970581055,8072900
2026-07-02,43.99964263458839,44.3169712925642,43.930227227084686,44.30705642700195,5502500
2026-07-06,44.3566369193407,44.40621881129768,43.731894488686365,43.920310974121094,7036500
2026-07-07,44.153349538881386,44.748339801492975,44.1087231886148,44.51530075073242,4836400
2026-07-08,44.47563291462461,44.47563291462461,43.746771180196504,43.78147888183594,3957300
2026-07-09,43.831060948320285,44.09880769755195,43.71206365405814,43.860809326171875,2959200
2026-07-10,44.108724056349295,44.18805811044799,43.68231297270856,44.078975677490234,3608200
2026-07-13,44.237640118419655,44.57976160761638,44.12855768517688,44.32688903808594,4213900
2026-07-14,44.376469436753254,44.421092003656305,44.01451444616453,44.10872268676758,3944400
2026-07-15,44.2376388368777,44.66404990927969,44.02939262464114,44.18805694580078,4562500
2026-07-16,44.33680378380631,45.13508473454062,44.29713675676035,45.080543518066406,4227700
2026-07-17,45.298706362638974,45.57141243284131,44.84750246155069,45.04087448120117,3903300
2026-07-20,44.956585875044496,45.13012438586084,44.68388358172047,44.85246276855469,3255300
2026-07-21,44.9020460311351,44.986339409982385,44.65909210857231,44.822715759277344,3136900
2026-07-22,44.921876672904204,44.99129207491291,44.545047502817184,44.63429641723633,4064300
2026-07-23,44.455805099771105,44.892131051013685,44.44588645152927,44.57480239868164,4746200
2026-07-24,44.96650623350296,45.74495368265286,44.921879881677874,45.56645584106445,4737100
2026-07-27,45.472244738067225,45.67057608101722,45.268957854113886,45.37803649902344,4216400
2026-07-28,45.78461417785179,46.06723889577369,45.60612012983883,45.62594985961914,5833400
2026-07-29,45.66065983501702,45.82924280939136,45.29374929011653,45.57637023925781,6030800
2026-07-30,45.556536110667956,45.6557036774483,44.55496827474968,44.921878814697266,6483300
2026-07-31,44.90204427638693,44.96154481509695,44.41613645025036,44.69379806518555,6545800
2026-08-03,44.703719360659434,45.0111293717282,44.49546935426858,44.80288314819336,7515000
2026-08-04,44.27730492490227,44.857420982210165,44.059140069358484,44.79296112060547,6248200
2026-08-05,44.9020460311351,44.94171305849195,44.32192994175099,44.822715759277344,6007500
2026-08-06,45.154917186131016,45.15987651010911,44.28722084990032,44.435970306396484,4976400
2026-08-07,44.45580373460255,44.87725548339617,44.33680265649042,44.604549407958984,3863600
2026-08-10,44.331846693087876,44.37646925981301,43.87072792264933,44.02939224243164,5294800
2026-08-11,43.89055688231697,44.02939146968866,43.64264365057966,43.71206283569336,5552300
2026-08-12,43.83106063959911,44.16326346612129,43.731893076032655,44.1186408996582,4723500
2026-08-13,44.366556090642675,44.822715554595554,44.31697041524508,44.74338150024414,5761000
2026-08-14,44.741400125600784,44.94171369889454,44.664052069151914,44.89213180541992,4545900
2026-08-17,44.72354588117196,44.77313155423517,44.356635354209786,44.45580291748047,8542800
2026-08-18,44.80288136741362,44.80288136741362,44.2376394786537,44.25747299194336,6155700
2026-08-19,44.51530005672318,44.708672078199996,44.27234614461103,44.61446762084961,4617600
2026-08-20,44.644215739945125,44.93179599996157,44.45580304348042,44.70371627807617,4409000
2026-08-21,44.822713571482524,44.877254785722045,44.55893125700504,44.70371627807617,3968900
2026-08-24,44.81775437321569,45.02104504192479,44.59463397459641,44.951629638671875,4020900
2026-08-25,44.96154694880192,45.08550357318846,44.78304910705682,44.981380462646484,3148800
2026-08-26,44.991292285604615,45.08054120044171,44.6838822989424,44.71363067626953,3429200
2026-08-27,44.4161359421899,44.66900471738948,44.25747162363387,44.2872200012207,4637800
2026-08-28,44.5103409203182,44.52521889214167,44.01451444616453,44.10872268676758,3959400
2026-08-31,43.930226364499056,43.9748527157929,43.498859738175476,43.74181365966797,7404900
2026-09-01,43.761646531949246,44.024433963181735,43.52860747923941,43.67239761352539,6776000
2026-09-02,43.64264421762003,43.68231124309876,43.201358962022546,43.36498260498047,7661600
2026-09-03,43.71206275575352,43.895516125875986,43.47406438926444,43.88064193725586,4414600
2026-09-04,43.67239877985228,43.91039338010126,43.50877512789613,43.563316345214844,3829200
2026-09-08,43.30052647539327,43.890557401566575,43.2965582597077,43.533565521240234,4883400
2026-09-09,43.38481534307978,43.54347965930595,43.01294549728195,43.04765319824219,5897400
2026-09-10,43.10715477374686,43.245985580931915,42.58157614001746,42.69065856933594,4729700
2026-09-11,43.03774168006132,43.1864873602334,42.869158703105796,43.05757141113281,4389300
2026-09-14,43.027821368868416,43.22615271762269,42.606369617050476,42.760074615478516,6178500
2026-09-15,42.75015820530835,42.79974009499104,42.34358065734118,42.71049118041992,4641200
2026-09-16,42.71247373614609,43.12698771866871,42.24937275460434,42.45266342163086,5311000
2026-09-17,42.735286084190456,42.809657030884644,42.48737284092745,42.58157730102539,4356100
2026-09-18,42.23449977657157,42.43778666656983,42.14525085873296,42.17499923706055,6191600
2026-09-21,42.349998474121094,42.6349983215332,42.290000915527344,42.59000015258789,5259200
2026-09-23,42.099998474121094,42.42499923706055,41.810001373291016,41.84000015258789,6793300
2026-09-24,42.029998779296875,42.095001220703125,41.625,41.650001525878906,5728900
