Date,Open,High,Low,Close,Volume
2005-01-03,6.599874822762403,6.6592262166822636,6.523905110995414,6.535775661468506,4052800
2005-01-04,6.528653151652912,6.564263896462527,6.481171856696634,6.490668296813965,2575200
2005-01-05,6.50490941846661,6.50490941846661,6.388580799102783,6.388580799102783,2863800
2005-01-06,6.386208472198624,6.440811633762226,6.386208472198624,6.42181921005249,1544400
2005-01-07,6.4693004957343785,6.490667029009718,6.4123232246051725,6.42181921005249,735600
2005-01-10,6.4028290513868695,6.476425115510412,6.4028290513868695,6.455058574676514,4130400
2005-01-11,6.4336887036286035,6.459802998940852,6.395703862433492,6.436062812805176,724600
2005-01-12,6.428943813031692,6.466928673888564,6.395707172985743,6.455058574676514,394400
2005-01-13,6.476424917550562,6.53815042776008,6.459806145220302,6.4859209060668945,1750400
2005-01-14,6.533397364613525,6.5571379975309325,6.476420117300693,6.5405192375183105,1598200
2005-01-18,6.528648723840361,6.602244273575486,6.49303800318239,6.597496509552002,1188400
2005-01-19,6.623616780104436,6.623616780104436,6.569013595581055,6.569013595581055,2247200
2005-01-20,6.521528911639638,6.590376723881633,6.521528911639638,6.547643661499023,1616000
2005-01-21,6.521528720855713,6.571384109781949,6.5191546115911265,6.521528720855713,6548800
2005-01-24,6.547643952641843,6.609369439626358,6.5215292016212585,6.5785064697265625,1772800
2005-01-25,6.58087817763343,6.616489353416997,6.531023256040293,6.5405192375183105,2205400
2005-01-26,6.552392669987542,6.642606571480101,6.540522121886475,6.63548469543457,2795200
2005-01-27,6.656851579961391,6.678217662038905,6.59512608502876,6.668721675872803,2358000
2005-01-28,6.625989738636431,6.675845146179199,6.611745530545016,6.675845146179199,740000
2005-01-31,6.70433070405257,6.751811981201172,6.687712392895065,6.751811981201172,1918400
2005-02-01,6.7660568297306565,6.813538111416194,6.737567970156322,6.796919345855713,3780000
2005-02-02,6.853897256300545,6.853897256300545,6.796919535561594,6.823034286499023,3402800
2005-02-03,6.85389725767286,6.85389725767286,6.775553457659958,6.842026710510254,3504400
2005-02-04,6.884761454595173,6.927494529177573,6.861020807292153,6.908502101898193,1476000
2005-02-07,6.955983072497951,6.967853622776868,6.884761582085216,6.89425802230835,1742800
2005-02-08,6.936988290768674,6.944110618519031,6.9037516668970875,6.934614181518555,2912600
2005-02-09,6.9298687675147175,6.941738864978443,6.89425802230835,6.89425802230835,3361400
2005-02-10,6.901377201080322,6.939362041489621,6.8847588900031305,6.901377201080322,7394800
2005-02-11,6.94411422228368,6.965480763808237,6.868144498114269,6.906129360198975,5149200
2005-02-14,6.951236655849766,6.982099186941258,6.891885251368582,6.967854976654053,2036400
2005-02-15,7.015331670203912,7.015331670203912,6.946484317279032,6.95598030090332,1690200
2005-02-16,6.979720465975123,6.993964666853332,6.908499008769094,6.974972248077393,2099200
2005-02-17,7.022453162723049,7.022453162723049,6.941735273844569,6.960727691650391,2468200
2005-02-18,6.939362164777434,6.941736273947073,6.865766591778764,6.8871331214904785,2133800
2005-02-22,6.896631688326145,6.896631688326145,6.706707411773675,6.723325729370117,8505200
2005-02-23,6.749438989357745,6.792172055302473,6.742316660761926,6.75893497467041,3474400
2005-02-24,6.777924926422496,6.820657976783872,6.747062419392017,6.811161994934082,3999200
2005-02-25,6.83727915330905,6.965478358180964,6.813538962316577,6.9441118240356445,7096200
2005-02-28,6.960729406020711,6.974973609679567,6.87051551242786,6.896629810333252,3939400
2005-03-01,6.908500835267115,6.963103997082279,6.884760192316796,6.915622711181641,2960200
2005-03-02,6.944112846445132,6.951235176480593,6.8752650145478915,6.908502101898193,5140800
2005-03-03,6.9441118240356445,6.960730138856422,6.884760440924229,6.9441118240356445,4624600
2005-03-04,6.989215095193326,7.062810642325191,6.955978031315335,7.053314208984375,3420400
2005-03-07,7.06281192831735,7.117415071524553,7.06281192831735,7.103170871734619,2259000
2005-03-08,7.115043097605551,7.115043097605551,7.036699296031659,7.055691719055176,3523800
2005-03-09,7.091302118048293,7.091302118048293,6.922743986288698,6.929866313934326,7904600
2005-03-10,6.944109737372108,6.996338775802197,6.891880698942019,6.974972248077393,4798600
2005-03-11,6.979722563339471,7.012959645796143,6.927493509214867,6.9441118240356445,3512800
2005-03-14,6.948859879315995,7.055692094705447,6.934615221678649,7.0509443283081055,1106600
2005-03-15,7.053317670618439,7.1031730644960716,7.020081043243408,7.020081043243408,5102200
2005-03-16,7.015331670203912,7.0390723084871505,6.920369569885968,6.95598030090332,7517600
2005-03-17,6.967853766532654,7.017708720287102,6.960731436218361,6.996342182159424,1667200
2005-03-18,7.044657317776894,7.044657317776894,6.929837431978537,6.975286960601807,2703800
2005-03-21,7.008779037475364,7.008779037475364,6.953761426136455,6.972898006439209,1853800
2005-03-22,6.980075467701639,7.001604180881834,6.824590671818555,6.831766605377197,7424200
2005-03-23,6.836549104198413,6.836549104198413,6.728905566025745,6.798275947570801,13146000
2005-03-24,6.829371798374461,6.898742170596199,6.817411609630278,6.870037078857422,4757400
2005-03-28,6.913096744115495,6.929841196321927,6.874823580143049,6.881999969482422,1636000
2005-03-29,6.913095737006846,6.913095737006846,6.786316070912082,6.795884132385254,2611400
2005-03-30,6.836546809403771,6.905917167663574,6.798273665623143,6.905917167663574,2348600
2005-03-31,6.932232716264349,6.982466524716617,6.865254913330745,6.972898006439209,1538600
2005-04-01,7.0327000512432,7.056620891277607,6.941801406614944,6.996819019317627,3409600
2005-04-04,7.0542286088759765,7.0542286088759765,6.951369318332096,7.015955448150635,3349000
2005-04-05,7.008778919759961,7.061404856897706,7.001602987424492,7.0566205978393555,2446000
2005-04-06,7.0757576460033755,7.102070616313302,7.032700224133345,7.035092353820801,1521200
2005-04-07,7.0566210943374115,7.109246578925786,7.042268772404598,7.0996785163879395,2021000
2005-04-08,7.128381857412718,7.128381857412718,7.030306839001316,7.044659614562988,2119600
2005-04-11,7.087718817740524,7.133168375579326,7.037485456117755,7.114031791687012,2937000
2005-04-12,7.152307516236764,7.200149221195797,7.049448169951461,7.1810126304626465,1536200
2005-04-13,7.200145845704072,7.200145845704072,7.118815259153598,7.130775451660156,1356400
2005-04-14,7.106854919391559,7.130775761696821,7.056621561177415,7.063797950744629,1567800
2005-04-15,7.042269032346669,7.087718129520195,6.927449083889698,6.9394097328186035,2339800
2005-04-18,6.934624855850975,6.999210985560588,6.889175306471758,6.96572208404541,1978800
2005-04-19,6.984859490513745,7.068581754203986,6.937017805903221,7.063797950744629,1609600
2005-04-20,7.080541577548717,7.080541577548717,6.999210996949179,7.001603126525879,1558800
2005-04-21,6.963330778064221,7.0877183367977725,6.963330778064221,7.063797950744629,7696400
2005-04-22,7.092499424532061,7.1164202561392145,7.051834147675474,7.109243869781494,3618000
2005-04-25,7.15230211424258,7.169046561455793,7.1164210907496965,7.157086372375488,1294600
2005-04-26,7.171441705262231,7.171441705262231,7.066190719604492,7.066190719604492,2495800
2005-04-27,7.104463099471382,7.152304326844497,7.013563991833878,7.1188154220581055,1151400
2005-04-28,7.149913938658921,7.152306069048084,7.063799525910182,7.087719917297363,4466000
2005-04-29,7.068580995718913,7.190576867758233,7.068580995718913,7.18818473815918,1881000
2005-05-02,7.228850354939942,7.2479869363435725,7.185793388970839,7.207321643829346,2191400
2005-05-03,7.247987408790088,7.247987408790088,7.1499123656721295,7.171441078186035,4590600
2005-05-04,7.219278936329842,7.219278936329842,7.125988202386821,7.178613662719727,2991400
2005-05-05,7.224065568889195,7.224065568889195,7.082933129145021,7.149910926818848,2096200
2005-05-06,7.128384437105243,7.173833996994279,7.125992763231446,7.133168697357178,2999200
2005-05-09,7.133165556792635,7.195359543928726,7.08771601691396,7.192967414855957,6276200
2005-05-10,7.200144096070335,7.200144096070335,7.133165848053852,7.1403422355651855,1676200
2005-05-11,7.176222638148741,7.185791154000541,7.106852266979034,7.173830509185791,1370600
2005-05-12,7.195360928988794,7.195360928988794,7.0901095107865855,7.092501640319824,1563000
2005-05-13,7.070975782835066,7.164267047251963,6.865257578773203,6.97768497467041,4103000
2005-05-16,6.980077270920779,7.023134708404541,6.941804094546824,7.023134708404541,5991000
2005-05-17,7.056620469549404,7.11403020844973,6.999210730649079,7.104462146759033,1534400
2005-05-18,7.149909941864525,7.166654388976307,7.099676600529179,7.1068525314331055,2534800
2005-05-19,7.1331682186044185,7.157089062006439,7.1044635715237066,7.147520542144775,978400
2005-05-20,7.0590143460080705,7.157089397932693,7.0590143460080705,7.145129203796387,1737000
2005-05-23,7.109246902832218,7.14512839367719,7.092502450439022,7.1188154220581055,1258400
2005-05-24,7.12359968167105,7.140344134064246,7.092502450439022,7.1188154220581055,904400
2005-05-25,7.135560674490752,7.1475208686119815,7.097287505800226,7.13795280456543,797600
2005-05-26,7.109244703550333,7.173830819588702,7.109244703550333,7.157086372375488,1760600
2005-05-27,7.157086399806653,7.192967423437057,7.140341952529263,7.185791492462158,2850200
2005-05-31,7.204928861912222,7.231241372136537,7.1642635756542585,7.1834001541137695,3087000
2005-06-01,7.209712706801635,7.310179858368802,7.188183998876384,7.27669095993042,4260200
2005-06-02,7.295828800136415,7.295828800136415,7.259947766140263,7.267123699188232,2777000
2005-06-03,7.276693341178107,7.305398446555998,7.22885165096568,7.291045665740967,2327800
2005-06-06,7.295829460173372,7.295829460173372,7.24798777301564,7.28386926651001,1858400
2005-06-07,7.283866571699897,7.381941583461533,7.283866571699897,7.3006110191345215,6210600
2005-06-08,7.319749030404681,7.362806450105919,7.298220320554063,7.314964771270752,2055400
2005-06-09,7.3077917243965524,7.322144508361816,7.259950479935821,7.322144508361816,1989000
2005-06-10,7.31735580086238,7.372373403875903,7.312571542447641,7.348452568054199,2473200
2005-06-13,7.3675893338209395,7.391510170254204,7.317355987937891,7.379549980163574,956400
2005-06-14,7.3867276671601525,7.429785091722149,7.372375344390192,7.398688316345215,2369600
2005-06-15,7.393905006912456,7.415433721960256,7.3197507974434615,7.3628082275390625,1037800
2005-06-16,7.403470311049759,7.403470311049759,7.310179100955634,7.350844383239746,2318200
2005-06-17,7.40848225037744,7.463949753466561,7.372308111826538,7.444656848907471,1842400
2005-06-20,7.46154005102518,7.4639517222285825,7.391602966064261,7.459128379821777,2707800
2005-06-21,7.439837085279009,7.483246256405396,7.439837085279009,7.468776226043701,1493200
2005-06-22,7.6978775025300274,7.6978775025300274,7.451892585311288,7.536299228668213,3799000
2005-06-23,7.548356266054004,7.596588759630619,7.519417137891353,7.558002948760986,2717600
2005-06-24,7.572473083309908,7.5821197667436175,7.497713126615392,7.504948139190674,1816600
2005-06-27,7.521827820523957,7.55317861524521,7.480830344362881,7.550766944885254,1812800
2005-06-28,7.582119657540331,7.627940023252963,7.5507683968115025,7.625528812408447,2219600
2005-06-29,7.664112606060408,7.664112606060408,7.582117659578034,7.603822231292725,4702600
2005-06-30,7.635172568283989,7.67375836903504,7.603821777665895,7.611056327819824,4616400
2005-07-01,7.647234908223657,7.690644074321841,7.613472427915867,7.680997848510742,1279200
2005-07-05,7.673760035918983,7.724403737913359,7.637585897354552,7.695464611053467,2177800
2005-07-06,7.69546548135507,7.719581269805927,7.5652384757995605,7.5652384757995605,2426600
2005-07-07,7.514594254414464,7.637586706547734,7.476008441193734,7.625528812408447,4351600
2005-07-08,7.639997023269779,7.714756965637207,7.62070412007886,7.714756965637207,2970600
2005-07-11,7.741286982138241,7.772638247686613,7.7147595189579805,7.7581682205200195,2863400
2005-07-12,7.801575084479916,7.808810555911598,7.743696832775806,7.779870510101318,3862200
2005-07-13,7.799164450022396,7.818456895362635,7.772636532716062,7.801575660705566,3888000
2005-07-14,7.847397728040677,7.861866833503176,7.680996115534057,7.724404811859131,3005400
2005-07-15,7.724403703254013,7.753343749942308,7.693052905966612,7.721992492675781,2163600
2005-07-18,7.721993580288938,7.738874816588975,7.700289002194836,7.717170238494873,2093200
2005-07-19,7.719581470052169,7.741286048204302,7.685819457341019,7.724404811859131,2161200
2005-07-20,7.7388753490082,7.7702266128473365,7.673761610246198,7.7654032707214355,1889200
2005-07-21,7.777460394467675,7.777460394467675,7.596589222503311,7.625528812408447,7560600
2005-07-22,7.603827246021144,7.7027034890507595,7.603827246021144,7.668940544128418,2408200
2005-07-25,7.721992255128512,7.7557547219346565,7.6713480949401855,7.6713480949401855,2857200
2005-07-26,7.709936256866786,7.734052509083028,7.676173779751598,7.697878360748291,6289600
2005-07-27,7.729228207998077,7.743698233520676,7.690642393229537,7.731640338897705,7921200
2005-07-28,7.738873491807426,7.784693851069699,7.697876013534421,7.779870510101318,5216200
2005-07-29,7.828105587881433,7.828105587881433,7.7726385283444035,7.782285213470459,6117800
2005-08-01,7.825694915511591,7.8353416013019865,7.6689394912727495,7.680997848510742,3935800
2005-08-02,7.705110458326772,7.8594536781311035,7.693052106792635,7.8594536781311035,6515000
2005-08-03,7.859456156457499,7.958332370320722,7.811223655069926,7.881160736083984,10550600
2005-08-04,7.910098695025459,7.910098695025459,7.816045837254866,7.8305158615112305,3349600
2005-08-05,7.828103272449421,7.828103272449421,7.647232119648141,7.695464611053467,5554600
2005-08-08,7.688231479816787,7.7292289695451695,7.517006967408346,7.5387115478515625,13951600
2005-08-09,7.5483566886038425,7.618293762207031,7.5483566886038425,7.618293762207031,4979800
2005-08-10,7.596587111263715,7.736461220289092,7.579705880168666,7.615880012512207,5640600
2005-08-11,7.644819970467044,7.69305199597156,7.589352474167198,7.661701202392578,2047800
2005-08-12,7.659291878398665,7.678584786506301,7.596589812054047,7.654468536376953,3078000
2005-08-15,7.666523692432577,7.690639472519957,7.63517244235255,7.683404922485352,2146000
2005-08-16,7.661708632648782,7.690647784020606,7.562832355499268,7.562832355499268,4025400
2005-08-17,7.584531651226162,7.584531651226162,7.485655443141632,7.555592060089111,4702400
2005-08-18,7.524240916733744,7.5965892013261325,7.490477985275344,7.584531307220459,3405000
2005-08-19,7.637585123886877,7.637585123886877,7.5941759780140075,7.630350112915039,1862200
2005-08-22,7.6375886824125585,7.700290760112236,7.620707442258663,7.680997848510742,2365600
2005-08-23,7.69787634522712,7.760578400580482,7.685818452265721,7.743697166442871,6001600
2005-08-24,7.7629889543315445,7.818455993227299,7.693052353110614,7.707521915435791,3380800
2005-08-25,7.808812429896103,7.808812429896103,7.719581980504595,7.7654032707214355,2616000
2005-08-26,7.767809818863971,7.7895143854222635,7.719577346516889,7.753340721130371,1742800
2005-08-29,7.729226204266333,7.796752052574608,7.68581751888943,7.784693241119385,3239200
2005-08-30,7.7654042436439665,7.801577934182739,7.709936722205055,7.77263879776001,1763800
2005-08-31,7.779873284752847,7.852222505123297,7.7605808339569995,7.8329291343688965,4233200
2005-09-01,7.813636268040882,7.967979546033842,7.813636268040882,7.955921649932861,5161400
2005-09-02,7.9631549265890165,7.994506187390718,7.936627007445912,7.95833158493042,3962600
2005-09-06,8.006565528516342,8.074090484023197,7.987272158395228,8.033093452453613,4060600
2005-09-07,8.037912368774414,8.054793598355198,7.989679889990164,8.037912368774414,3086800
2005-09-08,8.04515058758074,8.04997392965464,7.951097717035747,7.9679789543151855,3081600
2005-09-09,7.994504906080846,8.083734412567845,7.982446093887887,8.062029838562012,6849800
2005-09-12,8.100617541746594,8.139203357904247,8.011388014374223,8.054797172546387,2375400
2005-09-13,8.083735187451648,8.083735187451648,7.984858989715576,7.984858989715576,3511800
2005-09-14,8.00656606673024,8.049975232462256,7.982449352457685,8.013800621032715,1405800
2005-09-15,8.062030280675346,8.095792748767428,8.054795728929403,8.088558197021484,3383400
2005-09-16,8.139826299538113,8.16412391773407,8.064502200099094,8.161694526672363,3313600
2005-09-19,8.1665570105833,8.205433769043495,8.130109644010291,8.137399673461914,2119800
2005-09-20,8.159267003622743,8.181134308868652,8.086372278556649,8.10581111907959,2863800
2005-09-21,8.100953417877568,8.115532551885204,7.896850176246468,7.964884281158447,5385800
2005-09-22,7.926002763383204,7.950301305488434,7.867688116119865,7.921143054962158,4635400
2005-09-23,7.92357708924637,7.952734426554556,7.884700330537109,7.940585613250732,3701400
2005-09-26,7.989180824372038,8.023197868254915,7.955163780489163,8.006189346313477,1440400
2005-09-27,8.006188009920468,8.032915947622708,7.940583324713543,8.008617401123047,2001600
2005-09-28,8.057212405481803,8.108237955431706,8.028055080781092,8.091229438781738,3179800
2005-09-29,8.07179359446819,8.205432370974345,8.05721446494402,8.171415328979492,3830600
2005-09-30,8.176276135860286,8.207862863725106,8.130109349620161,8.1641263961792,2996600
2005-10-03,8.212718973079543,8.258885739076318,8.154404326518327,8.256455421447754,5137600
2005-10-04,8.188422241938367,8.273464830224876,8.098519944764817,8.11309814453125,5837200
2005-10-05,8.091231581849643,8.139827753818581,7.862830778558981,7.877408981323242,8687400
2005-10-06,7.848251408217083,7.882268449483672,7.6417188423014455,7.772927761077881,15069600
2005-10-07,7.789938742339977,7.855543450271618,7.755921228904563,7.840964317321777,3483800
2005-10-10,7.906566306668097,7.943012736168355,7.678165066910187,7.702463150024414,4345400
2005-10-11,7.726757213926993,7.789932479019889,7.700029751903661,7.719468116760254,4506400
2005-10-12,7.68788558052519,7.768068946643213,7.549387081180195,7.573685169219971,8781200
2005-10-13,7.5080811530473275,7.544528056696351,7.355003972342419,7.413319110870361,17077800
2005-10-14,7.4351872161952075,7.500791919688838,7.401169705061001,7.498362064361572,8394600
2005-10-17,7.449763778455235,7.629568850809356,7.449763778455235,7.580973148345947,6898800
2005-10-18,7.62470740693882,7.62470740693882,7.418174907421715,7.4546217918396,4659800
2005-10-19,7.435186641119564,7.481352961871843,7.320985766808532,7.474063396453857,13618800
2005-10-20,7.423036442050448,7.491070987146193,7.238372108907213,7.277248859405518,6448800
2005-10-21,7.2165033479640535,7.410887086156414,7.048847084118525,7.3744401931762695,5301800
2005-10-24,7.323416620863787,7.573686172981678,7.323416620863787,7.563966751098633,4865800
2005-10-25,7.52022974629045,7.636860012744395,7.4983615133994,7.573685169219971,8672800
2005-10-26,7.605272656219758,7.605272656219758,7.461914440979637,7.481353282928467,8892200
2005-10-27,7.4400477569873065,7.520231137943631,7.389021716316427,7.396311283111572,4434600
2005-10-28,7.355001135237105,7.561534127510594,7.355001135237105,7.544525146484375,6898400
2005-10-31,7.639289486250741,7.675736384765855,7.568825080800389,7.641719341278076,5210200
2005-11-01,7.666015631045146,7.666015631045146,7.483780706724446,7.49107027053833,6676200
2005-11-02,7.464341707921772,7.532376240808829,7.413316155841983,7.520227432250977,9907400
2005-11-03,7.486211619354179,7.57368454369381,7.478922517957505,7.515369415283203,7871200
2005-11-04,7.508080375442654,7.597983161016789,7.488641997946554,7.505650520324707,5804600
2005-11-07,7.678164683445561,7.678164683445561,7.461912264321197,7.486210346221924,8340400
2005-11-08,7.447333493460452,7.539666110665914,7.4351846844084815,7.483780384063721,3496200
2005-11-09,7.44733491014176,7.595552818697049,7.44733491014176,7.549386501312256,6465400
2005-11-10,7.53480672744763,7.578543183441523,7.418176487095501,7.512938499450684,5773000
2005-11-11,7.508080602539093,7.527518980623144,7.410888712118836,7.444905757904053,3694600
2005-11-14,7.410889953254294,7.476494664067896,7.389021716316427,7.396311283111572,5521400
2005-11-15,7.435187238610554,7.466774431065207,7.362292968915367,7.410889148712158,4649000
2005-11-16,7.403597783533789,7.50564936554912,7.401167928789685,7.478921890258789,6909800
2005-11-17,7.486210035322091,7.597981022044674,7.486210035322091,7.588261604309082,6213600
2005-11-18,7.600413112408472,7.6465789698918165,7.491071947953222,7.573685169219971,6402800
2005-11-21,7.593121420935667,7.619849356640513,7.556674530804647,7.590691566467285,3569400
2005-11-22,7.605270229830223,7.627138456598306,7.551814821867882,7.590691566467285,5947200
2005-11-23,7.610129309577014,7.709751017307383,7.583401376081979,7.685452938079834,5802800
2005-11-25,7.6878845443920225,7.7146124839782715,7.680595443375715,7.7146124839782715,596800
2005-11-28,7.683023547259661,7.726759533732473,7.656295613764626,7.685452938079834,3520000
2005-11-29,7.734048992203169,7.768066024594462,7.692742397107753,7.704891204833984,3621000
2005-11-30,7.758348087438388,7.760777941991404,7.622279476601064,7.629568576812744,4444400
2005-12-01,7.644148516123372,7.860400509502788,7.401168581648543,7.658727645874023,3621600
2005-12-02,7.673303973022649,7.680593535675801,7.62713766978063,7.670874118804932,3127600
2005-12-05,7.656299051199657,7.709754478742202,7.6101327262848315,7.666018009185791,8597400
2005-12-06,7.678167291869817,7.702465382025083,7.6441497802734375,7.6441497802734375,1697600
2005-12-07,7.6417221589128985,7.692747742958581,7.571257727481095,7.6077046394348145,3133600
2005-12-08,7.561537003689667,7.712184328216225,7.561537003689667,7.6878862380981445,2392800
2005-12-09,7.668445954495667,7.78507666541168,7.666016099742478,7.775357246398926,2687600
2005-12-12,7.768067371951221,7.8045142648988675,7.700033295368252,7.702463150024414,4763000
2005-12-13,7.695176590147019,7.816666126251221,7.695176590147019,7.816666126251221,2338600
2005-12-14,7.823953292510391,7.916285917901493,7.816663264917148,7.9041361808776855,3858800
2005-12-15,7.916284273435719,7.952730696251654,7.884696632146222,7.921143054962158,6277600
2005-12-16,7.979491596670761,8.0285209190858,7.915754132140791,7.920657157897949,1548000
2005-12-19,7.910847953836526,7.935362137696641,7.795629232350408,7.815240859985352,4548800
2005-12-20,7.802989488609541,7.849567313731607,7.785829360295733,7.8275041580200195,2798400
2005-12-21,7.829949783306963,7.8838816413885215,7.739245714974536,7.756405830383301,6245200
2005-12-22,7.74660322750905,7.800535106316275,7.71228251592422,7.790729522705078,2015400
2005-12-23,7.780922906235454,7.825049198225729,7.780922906235454,7.8054375648498535,1799600
2005-12-27,7.751506253103777,7.805438131911002,7.751506253103777,7.790729522705078,4150000
2005-12-28,7.802985735085918,7.807888760125163,7.719636179731554,7.751505374908447,12630000
2005-12-29,7.768664138188897,7.778469718976663,7.7269893677901145,7.736794948577881,2721000
2005-12-30,7.685315706097212,7.7220874576178495,7.66815558655946,7.6951212882995605,4595200
2006-01-03,7.744149668221041,7.864271425656852,7.6681546618984555,7.844659328460693,7824400
2006-01-04,7.866722953650139,7.874077022972484,7.749053168710995,7.856916904449463,9364800
2006-01-05,7.837306293743818,7.8936901488304025,7.795631514372805,7.8054375648498535,3114000
2006-01-06,7.844660502615403,7.891237837693376,7.805437237508582,7.888786792755127,1878200
2006-01-09,7.871625201140707,7.886333338333368,7.812790314479487,7.839756011962891,4000400
2006-01-10,7.798085984145186,7.8691780067500785,7.7931834246257585,7.852017879486084,4960600
2006-01-11,7.822595895133966,7.86672217702441,7.817692871017669,7.839756011962891,4717800
2006-01-12,7.83240194336656,7.878979269737037,7.822595895133966,7.839756011962891,4048000
2006-01-13,7.599518355979248,7.8985964744002315,7.599518355979248,7.893693447113037,3303000
2006-01-17,7.893688366722006,7.979488951134412,7.847110105049928,7.9770379066467285,14462800
2006-01-18,7.91820190354215,8.026066555288292,7.91820190354215,7.994197368621826,17299000
2006-01-19,8.075095564132877,8.087353592010123,7.96968288345094,8.065290451049805,15591000
2006-01-20,8.089806413729645,8.119223629753952,7.967233589279196,8.01871395111084,8118200
2006-01-23,8.2491529296003,8.2491529296003,7.981944087274688,8.006458282470703,12328800
2006-01-24,8.033420794013374,8.082450097198375,8.011357654337932,8.077547073364258,4413600
2006-01-25,8.021164560114267,8.111868172858522,7.918202918895258,7.9672322273254395,8334200
2006-01-26,7.999104159260109,8.02852138033658,7.85937119020113,7.896142482757568,6276600
2006-01-27,7.937813657661608,7.991745046063044,7.905944472363407,7.940264701843262,4570200
2006-01-30,7.910847629914331,7.95007088357816,7.883881467678674,7.8863325119018555,2719000
2006-01-31,7.8912409899504485,7.92801322480816,7.861823763158347,7.881435871124268,5353600
2006-02-01,7.915751928302006,7.9329120460962095,7.844659477351005,7.903494834899902,5569200
2006-02-02,7.876529252494294,7.928009609695008,7.766213533381083,7.800533771514893,11062400
2006-02-03,7.802987750017048,7.805439263169715,7.704929561802016,7.761312961578369,5053000
2006-02-06,7.73189302030696,7.829951174043953,7.73189302030696,7.807888031005859,4918200
2006-02-07,7.776021572916044,7.893691866352405,7.73679829763003,7.761312961578369,3524200
2006-02-08,7.741699038138574,7.991747227363653,7.72699043114373,7.758859157562256,4107600
2006-02-09,7.741697541986565,7.832401614011466,7.739246030031504,7.785823822021484,6154400
2006-02-10,7.771117887904428,7.852015472326137,7.744151714711687,7.790729522705078,7536600
2006-02-13,7.761307926928142,7.8176912901294076,7.761307926928142,7.780919551849365,3225200
2006-02-14,7.8103379786110505,7.8103379786110505,7.673056123303487,7.773565769195557,5407800
2006-02-15,7.761309170048963,7.844658706208678,7.741697541986565,7.785823822021484,5782600
2006-02-16,7.75150363330141,8.016260847418412,7.75150363330141,7.847109794616699,2389400
2006-02-17,7.954979882477977,7.954979882477977,7.7588629992696845,7.91820764541626,8530600
2006-02-21,7.932916725788505,7.991751182888046,7.8961444887336665,7.930464744567871,6605600
2006-02-22,7.977040952291661,7.9942010757259006,7.930462672835934,7.959880828857422,3347600
2006-02-23,7.967232406576382,7.981941479983252,7.923106121512071,7.950072288513184,3892400
2006-02-24,8.182959350943698,8.182959350943698,7.940264826287193,7.974585056304932,2729000
2006-02-27,7.996651964466471,8.07019548276603,7.996651964466471,8.03832721710205,11080800
2006-02-28,8.048133910721775,8.082454159654693,7.950075255064885,7.984395503997803,2967000
2006-03-01,7.913304817106882,8.01381454109176,7.913304817106882,7.962334156036377,3313000
2006-03-02,7.847111302930937,7.972136099481484,7.847111302930937,7.957427024841309,4785600
2006-03-03,7.932916727272314,8.004009220174654,7.89859647143169,7.91820764541626,4645000
2006-03-06,7.930462011528738,7.942720043093812,7.74660322750905,7.790729522705078,7917600
2006-03-07,7.724540053265554,7.758860297153742,7.700025392954739,7.753957271575928,8348400
2006-03-08,7.71228230145455,7.812792453038351,7.628933206553319,7.746603012084961,7746000
2006-03-09,7.736794464701765,7.8446586520898665,7.7098287685383085,7.724537372589111,6089800
2006-03-10,7.70492530911984,7.790726351792551,7.70247379732027,7.773565769195557,6773000
2006-03-13,7.778469378223006,7.82014414679613,7.756406237944406,7.783372402191162,5657600
2006-03-14,7.773567933438151,7.883883657241554,7.773567933438151,7.866723537445068,3967000
2006-03-15,7.847115152513919,7.923110672701611,7.780926154475348,7.91820764541626,2580800
2006-03-16,7.918205575405276,7.9942010757259006,7.8985944065475415,7.959880828857422,4835400
2006-03-17,7.990010276693625,7.990010276693625,7.91591453943937,7.940613746643066,3145600
2006-03-20,7.965311342601233,7.965311342601233,7.8146494889383815,7.82452917098999,3418200
2006-03-21,7.789953716300847,7.827001593659606,7.730676547219648,7.765254974365234,4810400
2006-03-22,7.755370061228396,7.826996317449186,7.723262048118766,7.802297592163086,5665400
2006-03-23,7.78995475142402,7.80230388848811,7.752906398052984,7.792424201965332,4530000
2006-03-24,7.804773723308764,7.817122860235498,7.757846155026293,7.777605056762695,2384000
2006-03-27,7.747967349907121,7.775135546802192,7.708449073252705,7.725738525390625,3688000
2006-03-28,7.693630695343018,7.750437486987779,7.6590527301835,7.693630695343018,11749400
2006-03-29,7.671397966503744,7.780072121695902,7.671397966503744,7.740554332733154,4986800
2006-03-30,7.686217209640707,7.765252784676323,7.646698951033712,7.671397686004639,5367600
2006-03-31,7.676337725148423,7.705976302095594,7.602241989414296,7.614591121673584,8153000
2006-04-03,7.651640331217951,7.708447103314182,7.619532299060297,7.624472141265869,5227800
2006-04-04,7.60965004951324,7.7380830770289455,7.607180129243039,7.70597505569458,10026200
2006-04-05,7.708447814248974,7.8023029404537825,7.683749543121805,7.780074119567871,6336800
2006-04-06,7.777604332486238,7.8097128392487,7.64670132624184,7.683749675750732,5143600
2006-04-07,7.659047695345658,7.683746427547408,7.5355545054260356,7.575072288513184,7476800
2006-04-10,7.513326544364776,7.6294099864424565,7.513326544364776,7.572603225708008,4847000
2006-04-11,7.575073151757829,7.592362124942542,7.473808762170923,7.4861578941345215,4737400
2006-04-12,7.503448009490967,7.513327693437077,7.478749741804211,7.503448009490967,5144000
2006-04-13,7.458993331000176,7.49851113777694,7.449113643761277,7.468872547149658,3653000
2006-04-17,7.446641534945828,7.473810195784215,7.43429240061344,7.461460590362549,3108000
2006-04-18,7.461460370960887,7.631881152054486,7.446641315979915,7.604712963104248,11153800
2006-04-19,7.575072477871073,7.656577966411892,7.575072477871073,7.629409313201904,4935600
2006-04-20,7.607183526449066,7.728207318289937,7.5948343906723235,7.683749675750732,3912200
2006-04-21,7.725738240881241,7.780075103759765,7.686220436771516,7.718328475952148,5328800
2006-04-24,7.705977797106811,7.79489260301999,7.659050237456697,7.789953231811523,3796200
2006-04-25,7.770189068258903,7.770189068258903,7.6466959135484505,7.678804397583008,5770200
2006-04-26,7.66151819522797,7.691156299240729,7.582482623075052,7.602241516113281,4907200
2006-04-27,7.542967260669122,7.740556254539778,7.533087575430928,7.703508377075195,10782000
2006-04-28,7.656579667736455,7.745494937207115,7.63435085036879,7.735615253448486,3661600
2006-05-01,7.7405561730214885,7.762784993484003,7.624472699231155,7.663990497589111,4286600
2006-05-02,7.6639937401397145,7.809715859896583,7.6639937401397145,7.787487030029297,8833200
2006-05-03,7.755369001103037,7.782537642312811,7.72079107308255,7.7627787590026855,6527800
2006-05-04,7.755371762103973,7.787480253344504,7.730673031401051,7.772660732269287,3594400
2006-05-05,7.817120811946999,7.948023796081543,7.807241599212096,7.948023796081543,8053400
2006-05-08,7.950496143719724,7.950496143719724,7.864051234197464,7.886280059814453,3015800
2006-05-09,7.891219267518912,7.898628561401125,7.807243815531659,7.8195929527282715,2469600
2006-05-10,7.819591029692893,7.881337642669678,7.782543156124676,7.881337642669678,4458800
2006-05-11,7.881337663993401,7.881337663993401,7.765254200875108,7.807241916656494,4840400
2006-05-12,7.767720784957383,7.812177931607395,7.713383487236697,7.7207932472229,5898400
2006-05-15,7.683746809099092,7.799830243795801,7.6565781552191385,7.770191669464111,4453200
2006-05-16,7.782542809123474,7.792422021792853,7.728205961718765,7.735615253448486,4704800
2006-05-17,7.673870302969702,7.723267790268294,7.584955014267976,7.617063522338867,13855800
2006-05-18,7.594832227405203,7.676337725148423,7.580013174476218,7.614591121673584,9508400
2006-05-19,7.631876866888116,7.743020894563123,7.617057820227782,7.678804397583008,6721000
2006-05-22,7.659051099140573,7.789954108222682,7.6417621202426105,7.738086700439453,7505200
2006-05-23,7.747963136516033,7.787480920591027,7.626939392811074,7.629409313201904,4266200
2006-05-24,7.6145913074085385,7.688687044950007,7.5454349402377465,7.65657901763916,10581400
2006-05-25,7.705978290684241,7.738086325497642,7.659050728028359,7.728207111358643,6395200
2006-05-26,7.743025093299755,7.819590758833851,7.7331454094428365,7.812180995941162,5237400
2006-05-30,7.804770567558909,7.826999381910623,7.733144283294678,7.733144283294678,4331800
2006-05-31,7.780073900921058,7.915916272660145,7.780073900921058,7.861579418182373,4585800
2006-06-01,7.831939119303637,7.948023037714967,7.797361171396879,7.940613746643066,5381000
2006-06-02,7.987537401555537,8.041874691922354,7.923321374722218,8.036934852600098,9453600
2006-06-05,8.039407748922601,8.05175688143524,7.940613746643066,7.940613746643066,4454200
2006-06-06,7.928264708296647,7.999891005282386,7.866518566573082,7.955433368682861,8070800
2006-06-07,7.9653133511075165,8.007300597146708,7.918386262796907,7.925795555114746,5118600
2006-06-08,7.940615647246412,7.982602896274808,7.888748241882493,7.952964782714844,27671400
2006-06-09,8.01471157023722,8.05175897741909,7.935675970968169,8.019651412963867,6560400
2006-06-12,8.059163658461248,8.093741591539036,8.009766207416689,8.036934852600098,15448200
2006-06-13,8.039407748922601,8.059167114685557,7.92085438088011,7.940613746643066,13612000
2006-06-14,7.94061480568595,7.952963939845598,7.824530871792461,7.881337642669678,5490200
2006-06-15,7.9406146855647055,8.024590115629941,7.891217207494827,8.002361297607422,8949600
2006-06-16,7.982188703966851,8.044452267882452,7.957283658427245,7.997132301330566,4604200
2006-06-19,7.989657266377518,8.056901048112119,7.85267720437232,7.887544631958008,9327600
2006-06-20,7.895016755110835,7.949808497169,7.862639449550894,7.907469272613525,5016000
2006-06-21,7.932375975283824,7.947319093540366,7.872603027224491,7.899998664855957,3059400
2006-06-22,7.8726043701171875,7.897509413115288,7.8028690146360695,7.8726043701171875,5575600
2006-06-23,7.812829129661273,7.957280522007577,7.812829129661273,7.885054588317871,2125000
2006-06-26,7.870115200703417,7.9249069703006985,7.870115200703417,7.917435646057129,3518200
2006-06-27,7.927393256351102,7.984676069570113,7.862639122954056,7.887544631958008,5037800
2006-06-28,7.880073561368354,7.937356379854874,7.880073561368354,7.9099602699279785,8194200
2006-06-29,7.922414323852248,8.029508185687705,7.922414323852248,8.012073516845703,4614200
2006-06-30,8.012071626563685,8.074335164662811,8.007091379574007,8.041958808898926,7159200
2006-07-03,8.069354961319952,8.13161849975586,8.034486581740238,8.13161849975586,1772400
2006-07-05,8.069355727954429,8.131619272305723,8.059393332842312,8.076827049255371,4111800
2006-07-06,8.10173150772952,8.111693902129367,8.007091611129635,8.034486770629883,3356800
2006-07-07,8.046940187847166,8.13161863957869,8.03448671989289,8.096750259399414,2831800
2006-07-10,8.101735747973361,8.166490395397094,8.101735747973361,8.141584396362305,10965200
2006-07-11,8.154034944051894,8.211317296170538,8.144072548013943,8.203845024108887,8200000
2006-07-12,8.20135233386859,8.218786046446676,8.13659772995049,8.163993835449219,7673400
2006-07-13,8.106713385204896,8.206335437430718,8.094260866193244,8.134109497070312,13370800
2006-07-14,8.16648680655365,8.16648680655365,8.056902359091985,8.134109497070312,11278200
2006-07-17,8.111692931485727,8.183918857142748,8.111692931485727,8.156522750854492,5797600
2006-07-18,8.156524264964226,8.181429302540657,8.136599474850055,8.168976783752441,9235800
2006-07-19,8.203844107104633,8.300976032517925,8.196372785944483,8.293503761291504,6703400
2006-07-20,8.293505039538802,8.358259666461388,8.27607132076728,8.313429832458496,4513200
2006-07-21,8.298483708338672,8.38316215230401,8.298483708338672,8.333351135253906,8471800
2006-07-24,8.395616061622292,8.42301217304732,8.355767431385782,8.41055965423584,7035600
2006-07-25,8.427993224870058,8.467841854417609,8.398106990225964,8.445426940917969,3685400
2006-07-26,8.465352694348713,8.495238932394804,8.4304843082175,8.475314140319824,6762600
2006-07-27,8.537580817339247,8.537580817339247,8.408072471618652,8.408072471618652,9748800
2006-07-28,8.420523178300007,8.522635366350979,8.40806970775253,8.465353012084961,8747400
2006-07-31,8.470334447345387,8.500221640768336,8.42052435844023,8.427995681762695,3267400
2006-08-01,8.427992394800897,8.532594680786133,8.398106163100284,8.532594680786133,9669600
2006-08-02,8.537577068972931,8.564973181048574,8.50520070930745,8.525124549865723,12914200
2006-08-03,8.517651698504176,8.540066608897588,8.457878287433035,8.482784271240234,10891200
2006-08-04,8.564972524814113,8.572443845692737,8.460370232248454,8.485275268554688,8844800
2006-08-07,8.490256741820792,8.527615247560785,8.3831633721035,8.385653495788574,3156800
2006-08-08,8.388145864996114,8.500220449458501,8.388145864996114,8.465353012084961,6435400
2006-08-09,8.472824253883493,8.530106607605429,8.460371733520708,8.467843055725098,5074200
2006-08-10,8.477806804104462,8.482788003057271,8.423014565690114,8.455391883850098,5806400
2006-08-11,8.465353001881327,8.470333250014619,8.423013292217053,8.435465812683105,4424200
2006-08-14,8.467843219291407,8.520144375865206,8.467843219291407,8.492748260498047,4906600
2006-08-15,8.512672276465427,8.569954626065009,8.512672276465427,8.547539710998535,8078000
2006-08-16,8.582407763168971,8.587388961327365,8.460371733520708,8.467843055725098,7653800
2006-08-17,8.467843370503044,8.467843370503044,8.388146097138918,8.457880973815918,9750600
2006-08-18,8.437954173056093,8.55500896787028,8.437954173056093,8.552518844604492,5736400
2006-08-21,8.535083637420188,8.59236596316672,8.532592564524373,8.569951057434082,5533600
2006-08-22,8.547539016633625,8.614783756370379,8.547539016633625,8.59984016418457,2438200
2006-08-23,8.642180797015705,8.642180797015705,8.502710105138172,8.510181427001953,4768000
2006-08-24,8.564973508678804,8.564973508678804,8.510181282431587,8.545049667358398,5220000
2006-08-25,8.542558593401882,8.574935904372179,8.530106073818336,8.545049667358398,4129400
2006-08-28,8.56497052381432,8.632215246210516,8.535084297215795,8.609800338745117,10673600
2006-08-29,8.63470417861628,8.642176446785092,8.572440660916195,8.617270469665527,5315600
2006-08-30,8.652142169505044,8.652142169505044,8.567463714821283,8.572443962097168,4816800
2006-08-31,8.57493515346823,8.684518646300132,8.57493515346823,8.659613609313965,3989800
2006-09-01,8.696972841415516,8.696972841415516,8.649652881992843,8.667086601257324,7302200
2006-09-05,8.66708762602322,8.684521347349003,8.552522900149055,8.57493782043457,7821800
2006-09-06,8.542558670043945,8.58489837708748,8.507691234870656,8.542558670043945,9831400
2006-09-07,8.492749143386083,8.562484976133828,8.492749143386083,8.555012702941895,5273800
2006-09-08,8.53757898227159,8.577427622384647,8.53757898227159,8.555012702941895,10658800
2006-09-11,8.525124549865723,8.567464254909801,8.50520070930745,8.525124549865723,13065000
2006-09-12,8.507690338081696,8.604821311559178,8.442936672452126,8.480294227600098,21279200
2006-09-13,8.467843062544603,8.500220375567043,8.40059831245172,8.497729301452637,11254400
2006-09-14,8.462860107421875,8.545048434938995,8.430482801121233,8.462860107421875,6365400
2006-09-15,8.498514202749723,8.498514202749723,8.453322615778008,8.465876579284668,6978000
2006-09-18,8.440766334533691,8.483447686881188,8.403107331826277,8.440766334533691,6055800
2006-09-19,8.428212301140391,8.480935473111511,8.425702084360442,8.45833969116211,13599200
2006-09-20,8.44578742980957,8.48846878065802,8.440766038078428,8.44578742980957,7130800
2006-09-21,8.430725904628178,8.45583191059082,8.395576155454647,8.433236122131348,23680800
2006-09-22,8.433232898521615,8.440764505884898,8.40812690215576,8.423190116882324,7675800
2006-09-25,8.423195504046395,8.571323275899676,8.423195504046395,8.5411958694458,6472000
2006-09-26,8.473404489169718,8.767148718415987,8.124425909371489,8.52863883972168,9025200
2006-09-27,8.511071686699722,8.65166694189255,8.511071686699722,8.646645545959473,7536000
2006-09-28,8.674255764736813,8.684298548521758,8.586383800949983,8.619022369384766,5287200
2006-09-29,8.659193784401852,8.659193784401852,8.521107881954455,8.533661842346191,6435600
2006-10-02,8.5838739569367,8.644129711255534,8.538682380630755,8.596427917480469,5348600
2006-10-03,8.566300338846554,8.66170489278737,8.518598540742552,8.631577491760254,11991000
2006-10-04,8.651659077237387,8.666723251342773,8.603957295835713,8.666723251342773,9170600
2006-10-05,8.651660706080863,8.769661031124384,8.616511917616661,8.639107704162598,7106400
2006-10-06,8.60395696024694,8.626552741657454,8.553744006253302,8.59140396118164,11096000
2006-10-09,8.58136448476648,8.60647049256905,8.541194297642683,8.583874702453613,6039800
2006-10-10,8.591412106162295,8.646645545959473,8.556263292364088,8.646645545959473,7317200
2006-10-11,8.634084686314008,8.67927625089769,8.614000078572637,8.666723251342773,6087200
2006-10-12,8.68680705338946,8.68680705338946,8.629062494606625,8.66421127319336,10996600
2006-10-13,8.651664343419654,8.681792709969264,8.626558329028038,8.674260139465332,7140400
2006-10-16,8.6491534966103,8.716940879821776,8.6491534966103,8.716940879821777,6296000
2006-10-17,8.714426530087678,8.782213888610661,8.654171738777897,8.754596710205078,9282400
2006-10-18,8.892682691208742,8.892682691208742,8.76966191912714,8.85000228881836,4493200
2006-10-19,8.870084832807718,8.910255003943522,8.837446269468495,8.885148048400879,5627200
2006-10-20,8.947916474686139,8.952937867183042,8.880129112576979,8.940384864807129,5364800
2006-10-23,8.937874048420737,8.983065624973976,8.867576466108023,8.950428009033203,9150000
2006-10-24,8.960472254292942,8.973026218292553,8.917791841439826,8.957962036132812,6332800
2006-10-25,8.940383921447077,9.078468848477236,8.940383921447077,9.053362846374512,17519600
2006-10-26,9.075959096700686,9.075959096700686,8.995618736573668,9.013193130493164,8186600
2006-10-27,8.988088099124614,9.013195065637705,8.95796069704175,8.98055648803711,5731000
2006-10-30,8.973023268077796,9.00566088209359,8.950427481133882,8.975533485412598,5614400
2006-10-31,8.97553574964928,9.010684547599453,8.952939957005183,8.985578536987305,5779000
2006-11-01,9.02323714052439,9.070939899333432,9.000641348912968,9.040811538696289,13786800
2006-11-02,9.003153145800207,9.04834473214169,8.96047177748528,8.99813175201416,7131600
2006-11-03,9.035790820363154,9.035790820363154,8.895194681652741,8.932854652404785,10295800
2006-11-06,8.937876525601771,8.937876525601771,8.83996173517638,8.892684936523438,13867800
2006-11-07,8.895194079103904,8.960470271888504,8.852512717960577,8.862555503845215,10324400
2006-11-08,8.855023463228285,8.988087017672417,8.84749185304699,8.950428009033203,8084400
2006-11-09,8.94289749805334,8.988089085000984,8.887664081131843,8.947918891906738,15956200
2006-11-10,8.952937236105953,9.020724593436901,8.952937236105953,9.015703201293945,5819000
2006-11-13,9.033277741658598,9.048341918332154,9.003150346044126,9.013193130493164,4510200
2006-11-14,9.028255969185933,9.055873146391297,8.988085790814296,9.035788536071777,7564200
2006-11-15,9.038301497218207,9.038301497218207,8.998131306650997,9.00566291809082,6539600
2006-11-16,9.028256775623756,9.083491134968224,9.01821399070064,9.038299560546875,7460000
2006-11-17,9.106084404493465,9.108594621163869,9.008169672896614,9.04833984375,3571200
2006-11-20,9.050855670131108,9.06089845850207,9.018217086791994,9.018217086791992,2093400
2006-11-21,9.02574971383475,9.045834332970273,9.00566413696621,9.033281326293945,1950600
2006-11-22,9.0207242774549,9.075958631359999,9.0207242774549,9.053362846374512,3316000
2006-11-24,9.075961323228432,9.08851432800293,9.048344138084813,9.08851432800293,592800
2006-11-27,9.075961558957633,9.083493170471375,8.97553560268755,8.988088607788086,4694800
2006-11-28,8.99310710050235,9.073447456510173,8.947915530531377,9.053362846374512,3828600
2006-11-29,9.093533984736128,9.17889574172597,9.068427022249297,9.166341781616211,6338800
2006-11-30,9.176387809455555,9.224090576171875,9.143749225554869,9.224090576171875,5285800
2006-12-01,9.224086104361934,9.254213497654495,9.17889453555681,9.219064712524414,5054800
2006-12-04,9.259238217158764,9.334557206325252,9.221578243709065,9.291875839233398,3972400
2006-12-05,9.329534469895991,9.387279051870298,9.301917287705502,9.314470291137695,8059600
2006-12-06,9.347112525121634,9.352133920006663,9.266772122427477,9.269282341003418,3987400
2006-12-07,9.286856385864608,9.327026581518897,9.236643401863493,9.259239196777344,6034600
2006-12-08,9.244171883541298,9.274299280645543,9.193958916545766,9.231618881225586,3972400
2006-12-11,9.241661559745713,9.281831741333008,9.23161877491572,9.281831741333008,3794000
2006-12-12,9.299406919545715,9.324512926003612,9.261746952126115,9.316981315612793,5601600
2006-12-13,9.337063853703842,9.359659637586251,9.299404852388188,9.352128028869629,3572000
2006-12-14,9.322001649369737,9.399830835186624,9.322001649369737,9.367193222045898,5976800
2006-12-15,9.399113907088525,9.416848007686216,9.33831155259244,9.3585786819458,5525600
2006-12-18,9.35858065023157,9.373781725270664,9.277510182895478,9.29271125793457,3792400
2006-12-19,9.262306030045117,9.361110558567198,9.242037938842753,9.333242416381836,4836200
2006-12-20,9.33577825601463,9.361113377647206,9.300310052165093,9.302844047546387,2092000
2006-12-21,9.310442343762425,9.333243465710707,9.254706053125314,9.297775268554688,8272800
2006-12-22,9.272443995723036,9.305379178065598,9.242042809334057,9.264843940734863,5183400
2006-12-26,9.262312392852282,9.328181801637838,9.247111314008025,9.310447692871094,2786600
2006-12-27,9.345911522896493,9.376312699876502,9.328177422455155,9.361112594604492,2894800
2006-12-28,9.399113576495232,9.399113576495232,9.305376052856445,9.305376052856445,2822400
2006-12-29,9.325645173797671,9.325645173797671,9.272441901587294,9.302844047546387,2627000
2007-01-03,9.224307763952584,9.399115775931213,9.224307763952584,9.328179359436035,8458600
2007-01-04,9.338310919140927,9.358578047119495,9.290174678124448,9.315509796142578,5916800
2007-01-05,9.29017390796929,9.29017390796929,9.117899951907189,9.148301124572754,7569000
2007-01-08,9.112836881773683,9.176173249389155,9.102702831010502,9.143238067626953,4830000
2007-01-09,9.105233739530208,9.166037063509629,9.087499638043719,9.150835990905762,4684200
2007-01-10,9.117898850974942,9.171101138324783,9.10776480583143,9.153367042541504,3836200
2007-01-11,9.168574488178479,9.211643731320553,9.130573238103542,9.163507461547852,8518600
2007-01-12,9.115368724958397,9.183772109053338,9.04949933644261,9.08750057220459,19840200
2007-01-16,9.077366657125673,9.138169015345893,9.077366657125673,9.115367889404297,8103400
2007-01-17,9.117902227300727,9.135636329650879,9.082433056164325,9.135636329650879,3444800
2007-01-18,9.168567819419605,9.168567819419605,9.095098402804782,9.130566596984863,4420600
2007-01-19,9.084970928545692,9.145773314997125,9.044435682099234,9.133106231689453,4854200
2007-01-22,9.133099625239524,9.153367717020032,9.112832499894822,9.130566596984863,5557000
2007-01-23,9.130567880996688,9.183770179748535,9.08749866312428,9.183770179748535,6916400
2007-01-24,9.18377213497295,9.239508440637872,9.158437977726795,9.214173316955566,5941600
2007-01-25,9.21417067701431,9.247105845147015,9.178702480457185,9.206570625305176,8875600
2007-01-26,9.21670535030556,9.21670535030556,9.14070192831207,9.183770179748535,3900400
2007-01-29,9.18377213497295,9.214173316955566,9.173638085500029,9.214173316955566,4779200
2007-01-30,9.191375151591426,9.242044448852539,9.191375151591426,9.242044448852539,3974200
2007-01-31,9.206573497539047,9.290176991729465,9.183772368862355,9.269909858703613,12648800
2007-02-01,9.285112382308272,9.358581838233112,9.280045356652021,9.348448753356934,5996200
2007-02-02,9.35097932732545,9.399114608764648,9.272441899932584,9.399114608764648,4350600
2007-02-05,9.416846654488472,9.518185186000967,9.373778406778971,9.50045108795166,6018200
2007-02-06,9.490321233700401,9.581525759062515,9.490321233700401,9.551124572753906,5376200
2007-02-07,9.535921489432157,9.591657791297804,9.535921489432157,9.586590766906738,3190600
2007-02-08,9.538455907365154,9.639793500367125,9.538455907365154,9.604325294494629,3440000
2007-02-09,9.624598120840128,9.700601594535762,9.589128931108004,9.6372652053833,7764800
2007-02-12,9.65499656262445,9.662596617894867,9.601794242858887,9.601794242858887,4263000
2007-02-13,9.609389916080797,9.690460356783461,9.609389916080797,9.685393333435059,6208600
2007-02-14,9.654997703562982,9.77407040453082,9.654997703562982,9.753802299499512,5196200
2007-02-15,9.73100083346613,9.753801967632336,9.665131427228424,9.670197486877441,12545600
2007-02-16,9.654999681284211,9.687934875488281,9.624598483946336,9.687934875488281,5775400
2007-02-20,9.675260361865472,9.728463629717767,9.65499323265564,9.713262557983398,4562000
2007-02-21,9.698064607135768,9.700598603124945,9.637262233503764,9.672730445861816,3876000
2007-02-22,9.677793281630398,9.720861530437988,9.637258061279066,9.685393333435059,4039000
2007-02-23,9.690459923333163,9.804465527483075,9.672725825624937,9.79686450958252,7970400
2007-02-26,10.00714519822695,10.209821363384815,9.989411094177898,10.029946327209473,15757200
2007-02-27,9.994475606939346,10.0299438061223,9.62712460630626,9.66512680053711,13859400
2007-02-28,9.703129935218472,9.832336647846674,9.692995885907214,9.761399269104004,12916400
2007-03-01,9.682862838234977,9.845003762060042,9.5941913560933,9.791801452636719,11586000
2007-03-02,9.789267238009048,9.789267238009048,9.639793395996094,9.639793395996094,15438200
2007-03-05,9.604321156671928,9.680324560287945,9.492849562464148,9.518183708190918,5271000
2007-03-06,9.581519672821981,9.660057067871094,9.543517489248227,9.660057067871094,12444200
2007-03-07,9.652460474179676,9.70819677791078,9.619526264189584,9.639793395996094,4641600
2007-03-08,9.824736806737514,9.824736806737514,9.644861758838017,9.69046401977539,5005400
2007-03-09,9.695529512558139,9.725930692899075,9.634726185440167,9.67779541015625,6890000
2007-03-12,9.677797281856652,9.786735912786341,9.649929125139343,9.774068832397461,12854200
2007-03-13,9.771534017768486,9.819669305787823,9.629660216565306,9.642328262329102,7774400
2007-03-14,9.667662889306705,9.725932230185292,9.563791287490744,9.69046401977539,15603200
2007-03-15,9.70819726364232,9.837403980313384,9.657527981936731,9.814602851867676,18242600
2007-03-16,9.811542529771751,9.8548432630212,9.747864295002973,9.780977249145508,4713000
2007-03-19,9.844662422315132,9.872680049171572,9.77588976369637,9.852303504943848,6289200
2007-03-20,9.831919833034599,10.000030347181935,9.814090003629033,9.9949369430542,6914200
2007-03-21,10.028048675114421,10.137575322500854,9.93380515468405,10.112104415893555,8379000
2007-03-22,10.135028314408743,10.147763767327762,10.048425874245519,10.10191535949707,8487600
2007-03-23,10.112108907846201,10.152862959513133,10.06116610034923,10.150315284729004,7127600
2007-03-26,10.17323554862193,10.208896180177842,10.091727476942705,10.193613052368164,7329600
2007-03-27,10.203803258434986,10.211444337602362,10.129936254307024,10.17833137512207,5655800
2007-03-28,10.13503095977888,10.257293088688419,10.13503095977888,10.157955169677734,5758400
2007-03-29,10.221628035031438,10.252193308235523,10.15030776868522,10.216533660888672,4386400
2007-03-30,10.252196345539307,10.26238509684335,10.025501973114812,10.112104415893555,14920600
2007-04-02,10.140124118417386,10.356629763499727,10.137576444483008,10.354083061218262,10297200
2007-04-03,10.366817474365234,10.417760259752479,10.31587468897799,10.366817474365234,8103400
2007-04-04,10.379556324917683,10.394839457031708,10.303142607653824,10.320972442626953,6662600
2007-04-05,10.34898764522762,10.377006225773245,10.300591561865971,10.366817474365234,4443200
2007-04-09,10.430498033723293,10.445780192582411,10.38719631643205,10.443233489990234,6893600
2007-04-10,10.443232144476665,10.471250727645824,10.41776123522447,10.445778846740723,5419200
2007-04-11,10.455968732251256,10.489081695189997,10.405025936573116,10.420309066772461,8438000
2007-04-12,10.43050218456682,10.43050218456682,10.313334385638887,10.374464988708496,6087800
2007-04-13,10.374463474168916,10.389746608531885,10.3235206646123,10.371916770935059,4328800
2007-04-16,10.374459610824015,10.433043479919434,10.361724156090736,10.433043479919434,3145000
2007-04-17,10.4432322545203,10.517099252444094,10.405024918586498,10.481439590454102,5958600
2007-04-18,10.481438102018414,10.557851791381836,10.466154975484619,10.557851791381836,2969000
2007-04-19,10.514549493758627,10.534926994657143,10.458513309593156,10.506908416748047,8233000
2007-04-20,10.562946147366192,10.601152506150886,10.50945569042318,10.588417053222656,5327200
2007-04-23,10.575687282647298,10.690308363893228,10.575687282647298,10.667384147644043,8679200
2007-04-24,10.680118087127731,10.743796348571777,10.639364038669667,10.743796348571777,5355400
2007-04-25,10.751433590912953,10.815111829624808,10.748886888891715,10.774357795715332,5975200
2007-04-26,10.787100780485412,10.835496897553513,10.725970172767322,10.7387056350708,4964600
2007-04-27,10.710681970413765,10.710681970413765,10.634268261071997,10.649551391601562,8398400
2007-04-30,10.705590203041172,10.723420040511812,10.570592584576827,10.608799934387207,9461600
2007-05-01,10.606248205755648,10.705586111311257,10.557853089925526,10.695398330688477,6862000
2007-05-02,10.718324782512797,10.76417223405063,10.687758519283442,10.753984451293945,5510400
2007-05-03,10.78963943905032,10.78963943905032,10.692848257455875,10.741243362426758,3175600
2007-05-04,10.787095928864426,10.787095928864426,10.708135515104129,10.720870971679688,5498000
2007-05-07,10.748888634185697,10.848226547241211,10.73869988114078,10.848226547241211,4043400
2007-05-08,10.822754643127471,10.822754643127471,10.743793271754743,10.799830436706543,5735000
2007-05-09,10.776909795239048,10.820210548550675,10.753985581234891,10.807475090026855,4325200
2007-05-10,10.789642426778821,10.804924584342059,10.682662465571411,10.697945594787598,7770600
2007-05-11,10.713229304304997,10.776907555342264,10.697946174260972,10.748888969421387,7263000
2007-05-14,10.78454756597077,10.840584732260186,10.78454756597077,10.79218864440918,4680600
2007-05-15,10.845680406207197,10.95775378054358,10.832943978415296,10.850773811340332,10174400
2007-05-16,10.873700684836471,10.91954911549058,10.84822976631897,10.876248359680176,7685800
2007-05-17,10.878792397837683,10.888981151409997,10.822756196496002,10.850773811340332,5862800
2007-05-18,10.853319906083204,10.909357070922853,10.848225530038428,10.909357070922852,4657200
2007-05-21,10.90681180444757,10.92464163871328,10.878793215843425,10.894076347351074,6269000
2007-05-22,10.93991840552963,10.978124754591196,10.863504735753972,10.873692512512207,9125600
2007-05-23,10.919547725125756,10.919547725125756,10.703042030334473,10.703042030334473,15891200
2007-05-24,10.703040522579448,10.746341266776604,10.433044389101838,10.463610649108887,29815200
2007-05-25,10.473799554521545,10.532383435007667,10.338801959125398,10.468705177307129,25081400
2007-05-29,10.410125031761652,10.575688949845249,10.410125031761652,10.499275207519531,21561800
2007-05-30,10.45087679909541,10.629176139831543,10.430500259051609,10.629176139831543,13212400
2007-05-31,10.636816627013927,10.68521272876571,10.596062577548478,10.657194137573242,12427800
2007-06-01,10.672475980008054,10.700493596159529,10.562949303128335,10.59860897064209,23265800
2007-06-04,10.552757415870571,10.59096474637867,10.471249350995883,10.557851791381836,21484800
2007-06-05,10.49417358490611,10.547663070447813,10.366817111719513,10.417759895324707,31517600
2007-06-06,10.346441756954265,10.366819263286676,10.219085257335639,10.252198219299316,30835600
2007-06-07,10.213994236625858,10.226730668094742,9.92107477425424,9.933810234069824,54704200
2007-06-08,9.951632710106523,10.076442455935194,9.895595562389252,10.005122184753418,39518200
2007-06-11,10.005127123444568,10.196161888612089,9.987297289761178,10.137578010559082,19060200
2007-06-12,10.061161664915057,10.129934278969776,9.972012519836426,9.972012519836426,22909400
2007-06-13,10.066261073224723,10.196164316949284,10.048431235294947,10.170693397521973,16314400
2007-06-14,10.170687231639585,10.292949319746382,10.170687231639585,10.234365463256836,15249200
2007-06-15,10.348755802935276,10.425699010870419,10.323108719205917,10.371838569641113,26657800
2007-06-18,10.387227666378022,10.400051208563037,10.258990287780762,10.258990287780762,16640600
2007-06-19,10.269245529234372,10.328234583101262,10.217950402019154,10.325669288635254,12901000
2007-06-20,10.325672837330758,10.364144440557268,10.020468241986853,10.056374549865723,18962800
2007-06-21,10.030730003801098,10.164097022780378,9.989694073220841,10.120495796203613,20163200
2007-06-22,10.058942387920201,10.115366180975482,9.920445755343698,9.928139686584473,16200200
2007-06-25,9.9717382900902,10.335931955834262,9.925572758041868,9.981996536254883,18769800
2007-06-26,10.01790645734647,10.256428109548082,9.923010072966036,9.928139686584473,25432800
2007-06-27,9.871709429965186,10.110229947620228,9.848626672982684,10.074323654174805,24822400
2007-06-28,10.107675087718048,10.233348210721221,10.066639145622448,10.071768760681152,19422600
2007-06-29,10.092282710400195,10.200002632184624,10.015340468196282,10.151272773742676,21681800
2007-07-02,10.228212263171818,11.06688472773744,10.158963970313362,10.297460556030273,9469000
2007-07-03,10.338496472719719,10.397485541812458,10.243600120446967,10.297460556030273,10809000
2007-07-05,10.266680171035851,10.36927042482944,10.141008137430536,10.276939392089844,19362600
2007-07-06,10.271812387227511,10.279507294156568,10.123057557702454,10.223082542419434,12849600
2007-07-09,10.235905760867892,10.289765215810236,10.233341444221137,10.238470077514648,7130200
2007-07-10,10.215390220525848,10.253860847728065,10.097411086667757,10.143576622009277,12918000
2007-07-11,10.115368089801503,10.169228553771973,10.097414927935995,10.169228553771973,13168000
2007-07-12,10.189740663237089,10.335931177591576,10.189740663237089,10.297460556030273,14501400
2007-07-13,10.31284979315231,10.49494663667772,10.305155863485297,10.451346397399902,13498800
2007-07-16,10.443653119394478,10.46673588820939,10.297462576357896,10.300026893615723,17067400
2007-07-17,10.297462978374616,10.376969535328247,10.287203752195548,10.310286521911621,14782000
2007-07-18,10.261555888528635,10.397488192140079,10.25642725371191,10.387228965759277,17107800
2007-07-19,10.435956879978509,10.60010153638102,10.394920960471255,10.553936004638672,20502400
2007-07-20,10.546239335340497,10.70781866944674,10.379531368229395,10.438520431518555,15927000
2007-07-23,10.4821229809415,10.543677352731775,10.43082783417853,10.448781967163086,9559800
2007-07-24,10.466737014118948,10.471866627560015,10.089718742377277,10.135884284973145,20030600
2007-07-25,10.138447524593893,10.246167438656116,9.966609895269613,10.156400680541992,26054400
2007-07-26,10.03072988839813,10.076895432066507,9.72295992340019,9.925575256347656,36789200
2007-07-27,9.88197083780199,9.907618897317308,9.63062572479248,9.63062572479248,25293600
2007-07-30,9.669100716706092,9.802467737849309,9.584463558175797,9.763996124267578,23906400
2007-07-31,9.866582822421487,9.948654654808994,9.669097169997354,9.746039390563965,28249800
2007-08-01,9.717824459614977,10.028158555382014,9.717824459614977,9.966605186462402,32873200
2007-08-02,9.948651627115824,10.12048916813981,9.948651627115824,10.074323654174805,18611200
2007-08-03,10.046117746791037,10.135884516499575,9.676794375961649,9.733219146728516,28384600
2007-08-06,9.787075561655525,10.06150344179356,9.604978739951493,10.038420677185059,21913400
2007-08-07,10.01277886806254,10.335936764368432,9.94609485591478,10.2205228805542,15354400
2007-08-08,10.300025840042851,10.45391029748594,10.22051831595226,10.369274139404297,24928400
2007-08-09,10.238472583004166,10.359016040741368,10.092282039029682,10.182048797607422,24525600
2007-08-10,10.089713518785361,10.253857150425013,9.94352303570797,10.00507640838623,25061800
2007-08-13,10.087152223796336,10.182047605815278,10.040986691273927,10.056374549865723,15341200
2007-08-14,10.0384174382298,10.079453342251828,9.835802234082797,9.887097358703613,13579400
2007-08-15,9.864017846735623,10.025597200019073,9.70243947182562,9.75373363494873,16452600
2007-08-16,9.625496177498546,9.82298183441162,9.410057367990957,9.822981834411621,36094400
2007-08-17,9.989690353242509,10.164093237857596,9.67679088760249,9.907618522644043,37989400
2007-08-20,9.974302728654056,10.007644719622945,9.79989982287243,9.961479187011719,14353000
2007-08-21,9.907618373729754,10.064068104198281,9.889665222204519,9.951218605041504,13883200
2007-08-22,10.0897169453484,10.110234417084673,9.98199703901892,10.066634178161621,11637200
2007-08-23,10.120487232548285,10.199994708809193,10.053804268670666,10.097404479980469,26340200
2007-08-24,10.164094723237529,10.205130644533748,10.048680888850184,10.158965110778809,12040000
2007-08-27,10.187179626983538,10.187179626983538,9.853761595843578,9.899927139282227,54412200
2007-08-28,9.835805151496109,9.902489126794345,9.740909778743069,9.746039390563965,22988200
2007-08-29,9.78195045617439,10.028166073179174,9.78195045617439,9.938400268554688,10766200
2007-08-30,9.876845166489009,9.999953944532686,9.835809233265723,9.920446395874023,10056000
2007-08-31,9.946092682720874,10.020470611413558,9.861456505332514,9.899927139282227,11073800
2007-09-04,9.943525550966747,10.174352224458678,9.925572397863156,10.092280387878418,9258000
2007-09-05,10.058940248557212,10.071763790689078,9.95634995475519,10.066634178161621,13255600
2007-09-06,10.023035401084405,10.156401432755315,10.005081265432947,10.079459190368652,9554000
2007-09-07,10.05380722166084,10.09740744577684,9.946087351914057,10.00507640838623,11090800
2007-09-10,10.035856278213426,10.066632971314924,9.930701679940999,10.012773513793945,9491600
2007-09-11,10.04098855836217,10.128190027300036,10.005081265432947,10.079459190368652,10580400
2007-09-12,10.10766921675462,10.205129889512639,10.082022134732046,10.164093971252441,6792600
2007-09-13,10.220520497360676,10.246168564657712,10.164096706054655,10.184614181518555,8636000
2007-09-14,10.158966028644418,10.253861421770711,10.146142485525775,10.182048797607422,7779600
2007-09-17,10.228215608182898,10.228215608182898,10.123060976128338,10.189743995666504,5232400
2007-09-18,10.143576415079977,10.425699234008789,10.066634183871592,10.425699234008789,10630000
2007-09-19,10.402617264336687,10.55393742127617,10.389792742840791,10.541112899780273,14020000
2007-09-20,10.528291276830343,10.533420890689527,10.397489547729492,10.397489547729492,7418000
2007-09-21,10.460509864758006,10.535412517539799,10.414018630981444,10.414018630981445,8169200
2007-09-24,10.439840937184197,10.543154952374211,10.437258530178408,10.45275592803955,8082400
2007-09-25,10.429517626300854,10.537996531455912,10.41402021758892,10.465677261352539,8202000
2007-09-26,10.509581928702335,10.579318768894604,10.478588105931058,10.51733112335205,9764400
2007-09-27,10.52249799354936,10.553491819468931,10.416601518487854,10.442429542541504,10945200
2007-09-28,10.450179268525956,10.473424887656458,10.279711723327637,10.279711723327637,7080200
2007-10-01,10.354612686881852,10.46825736996967,10.308121456237757,10.419183731079102,11402400
2007-10-02,10.38302788983431,10.486341007054389,10.38302788983431,10.457930564880371,4999000
2007-10-03,10.403684673708105,10.457925091030345,10.395936464923121,10.424347877502441,10759400
2007-10-04,10.424349726408535,10.535412003312095,10.424349726408535,10.481172561645508,7332200
2007-10-05,10.481172838483054,10.630977155415522,10.481172838483054,10.563823699951172,9970600
2007-10-08,10.605148371304287,10.633558802362884,10.525079923932099,10.548325538635254,5835200
2007-10-09,10.58448614118883,10.716211631750255,10.556074722233385,10.664554595947266,8175600
2007-10-10,10.66454965699611,10.68262946336266,10.584481239318846,10.584481239318848,5832000
2007-10-11,10.682634856534644,10.7523717099878,10.602566398434492,10.69296646118164,11032800
2007-10-12,10.705880027534457,10.762701880169338,10.664554595947266,10.664554595947266,7765200
2007-10-15,10.669713646568697,10.721369664409245,10.50957683838177,10.58706283569336,10624800
2007-10-16,10.574151343937231,10.630974164689553,10.525077716644768,10.561237335205078,9074400
2007-10-17,10.612895767033834,10.656803599618486,10.460508079063601,10.58965015411377,10155000
2007-10-18,10.494083547040217,10.576734382487723,10.491500154214915,10.496665954589844,5874600
2007-10-19,10.476008453683402,10.496670679207638,10.233220653159817,10.264215469360352,12966000
2007-10-22,10.215138717689195,10.370109810721916,10.158316870325521,10.336532592773438,8822800
2007-10-23,10.37527009618362,10.426927104635858,10.284871070348816,10.341693878173828,7211600
2007-10-24,10.30037271526171,10.398519987983581,10.23838408250631,10.331366539001465,10129400
2007-10-25,10.390768183726754,10.610310237896456,10.372688377360204,10.584481239318848,10816200
2007-10-26,10.341695997009708,10.760115979176485,10.341695997009708,10.729122161865234,9860600
2007-10-29,10.793695088672855,10.871180138223616,10.773031883312193,10.824688911437988,5461400
2007-10-30,10.876343717505852,10.912503334223672,10.767863882076735,10.837600708007812,7014200
2007-10-31,10.977074927931879,11.018400347073065,10.84793286995621,10.964160919189453,11509600
2007-11-01,10.824684633625955,10.98223806377188,10.739451408386232,10.73945140838623,12996800
2007-11-02,10.904753655332408,10.904753655332408,10.723954610858284,10.82726764678955,12822800
2007-11-05,10.798861175230059,11.008070716015125,10.775615561223285,10.946083068847656,20123400
2007-11-06,11.08039149367128,11.08039149367128,10.806609913668108,10.956414222717285,9859800
2007-11-07,10.814357128256756,10.920253590772996,10.698129063232628,10.705878257751465,21120000
2007-11-08,10.70846244905005,10.935752815695647,10.638725598422106,10.91508960723877,16941000
2007-11-09,10.871183263558944,10.953834138211011,10.788532388906876,10.82985782623291,11569200
2007-11-12,10.915086459632807,10.925418060881901,10.641305923461912,10.641305923461914,16557200
2007-11-13,10.78853328447876,10.78853328447876,10.556077064425702,10.731710433959961,11647800
2007-11-14,10.749785127077212,10.816939552084115,10.667134284973145,10.667134284973145,7871200
2007-11-15,10.568987904461695,10.819523867992228,10.568987904461695,10.762701034545898,11841800
2007-11-16,10.847933473803518,10.85051588158547,10.643888774377698,10.76528263092041,8805400
2007-11-19,10.765283224731773,10.845351664249495,10.726540208935111,10.796277046203613,7318600
2007-11-20,10.847934865781896,10.995156760138293,10.835020854663524,10.928003311157227,15486800
2007-11-21,10.935748942867363,10.98482256765931,10.832434907723028,10.837600708007812,11251800
2007-11-23,10.850513252297302,10.974490471855665,10.752366015953928,10.82726764678955,2328800
2007-11-26,10.78852853148487,11.015818848148818,10.783362730506623,10.80919075012207,11085400
2007-11-27,10.951247961798048,10.951247961798048,10.762699672009772,10.850516319274902,12500000
2007-11-28,10.902176912659023,11.039068222045898,10.853103264554974,11.039068222045898,9764000
2007-11-29,10.987406529036102,11.041645956919714,10.92541790768647,10.964160919189453,7344000
2007-11-30,11.010651932949388,11.075222960729544,11.000320332038397,11.036479949951172,15875200
2007-12-03,11.21986301107119,11.276685838801203,11.036481502839022,11.1449613571167,7099600
2007-12-04,11.16820714833667,11.305097433391879,11.05972729232481,11.225028991699219,15338200
2007-12-05,11.338669041008263,11.426485648527372,11.261183045633773,11.418736457824707,13597600
2007-12-06,11.46781823715474,11.483314657717363,11.30509892431535,11.351590156555176,8212800
2007-12-07,11.457484800854237,11.485896214376481,11.338674330921052,11.410993576049805,12234600
2007-12-10,11.467813237743478,11.491058843729432,11.416156226077407,11.462647438049316,6041200
2007-12-11,11.534972653603406,11.534972653603406,11.19403757893738,11.196619987487793,12979000
2007-12-12,11.258603947548965,11.426489006497253,11.119130297217371,11.199198722839355,15409200
2007-12-13,11.108800225658342,11.364501953125,11.108800225658342,11.364501953125,9644000
2007-12-14,11.330925674294226,11.3438396850692,11.152709960937502,11.1527099609375,9793200
2007-12-17,11.111383231375694,11.175954262949046,11.005486779006425,11.049394607543945,8340000
2007-12-18,11.150122499570736,11.227608506502072,11.080386669773343,11.147540092468262,8003200
2007-12-19,11.157872186091465,11.268934416656233,11.106215174272299,11.119129180908203,6876800
2007-12-20,11.121719741203673,11.23536445222793,11.06489689305345,11.168210983276367,8566000
2007-12-21,11.284538371111456,11.294948699981243,11.188245311024941,11.190847396850586,9957600
2007-12-24,11.237695220040342,11.245502471923828,11.188247636805242,11.245502471923828,4431800
2007-12-26,11.271525461374539,11.271525461374539,11.164822077104615,11.188244819641113,3882200
2007-12-27,11.229887181134847,11.242899597623314,11.078940370074147,11.089350700378418,5911600
2007-12-28,11.219474387195712,11.219474387195712,11.099758593335686,11.170025825500488,3126000
2007-12-31,11.188245957326847,11.188245957326847,11.011274327451924,11.0164794921875,3816200
2008-01-02,10.969635042195755,11.123183941707781,10.904571966009028,10.954019546508789,9997800
2008-01-03,10.922789580302448,11.081543645514136,10.922789580302448,10.938404083251953,10287200
2008-01-04,10.956620622742959,11.091951927870474,10.894160631320206,11.021683692932129,14046600
2008-01-07,11.086748387464615,11.281937626629723,11.034698717914301,11.250707626342773,18309000
2008-01-08,11.263719541327728,11.479729432905188,11.253310203552244,11.253310203552246,19207800
2008-01-09,11.3417954343284,11.412062679967487,11.240296205861881,11.375627517700195,18160000
2008-01-10,11.357408584135436,11.448497471740591,11.248103110349565,11.305357933044434,16979600
2008-01-11,11.206463246362008,11.375626628346817,11.206463246362008,11.302756309509277,10732400
2008-01-14,11.404257389213049,11.417269807576213,11.26111880165048,11.318374633789062,9706000
2008-01-15,11.245501575286731,11.370422559381248,11.167426084325625,11.19865608215332,17486800
2008-01-16,11.133593728456553,11.26371988607866,10.982647901862483,10.998262405395508,19357400
2008-01-17,10.951416925326335,11.008671754480892,10.55583332230063,10.574050903320312,28722400
2008-01-18,10.548022383522909,10.67034124721831,10.321603225280814,10.417896270751953,21770200
2008-01-22,9.61371894909088,10.227914494057638,9.382094576729477,10.058751106262207,27875400
2008-01-23,9.69960017701781,10.423101017387674,9.69960017701781,10.326807975769043,29698800
2008-01-24,10.464745568727169,10.464745568727169,10.04573917388916,10.04573917388916,26884400
2008-01-25,10.147240479396109,10.222712913193813,9.853155019367202,9.93643569946289,25056600
2008-01-28,9.941638781259952,10.10820010652266,9.933830536599395,10.092584609985352,11460000
2008-01-29,10.147236865360316,10.217504107527684,10.076968630409281,10.126416206359863,12135200
2008-01-30,10.092587017789812,10.300789716823251,10.019716668798536,10.074369430541992,13005000
2008-01-31,10.100393634246501,10.397081141868549,9.962459219479985,10.207097053527832,8879400
2008-02-01,10.27736589504599,10.488169666378855,10.269557649333851,10.472555160522461,8869600
2008-02-04,10.482959611727107,10.724994267474477,10.482959611727107,10.623496055603027,9367800
2008-02-05,10.540220100033906,10.576655269929336,10.269557419690821,10.303390502929688,12556400
2008-02-06,10.313795596693351,10.438716541222798,10.235720130460376,10.285167694091797,8484000
2008-02-07,10.214904749991776,10.266955418612215,10.12641891117221,10.230520248413086,14332000
2008-02-08,10.1498384475708,10.23311909387177,10.110800210274391,10.1498384475708,9948800
2008-02-11,10.1498364734734,10.26695016980093,10.129015819555873,10.23311710357666,6739200
2008-02-12,10.238325386728116,10.462142520622683,10.238325386728116,10.407489776611328,8388200
2008-02-13,10.423104840955553,10.480360666978266,10.319004512385996,10.358041763305664,11250600
2008-02-14,10.402285330861227,10.501180495591665,10.222710598429622,10.22791576385498,10169800
2008-02-15,10.22271372512445,10.371057510375977,10.108203029093966,10.371057510375977,7648600
2008-02-19,10.477756221477128,10.477756221477128,10.246131854095767,10.287772178649902,7995000
2008-02-20,10.152441774509189,10.30859375,10.152441774509189,10.30859375,9425800
2008-02-21,10.308592543739062,10.326810123163696,10.082173347473145,10.082173347473145,10102800
2008-02-22,10.155044462814477,10.25914478302002,10.05614831475307,10.25914478302002,11214400
2008-02-25,10.308594289644475,10.311196375952857,10.18107021929041,10.269556045532227,12142400
2008-02-26,10.170659304415329,10.410090919016566,10.16805622572674,10.402283668518066,8719000
2008-02-27,10.35804251060399,10.35804251060399,10.152442932128906,10.152442932128906,14281000
2008-02-28,10.118609956186358,10.157647206496838,10.032726218492533,10.084776878356934,12738200
2008-02-29,10.058749458653262,10.08217219993093,9.75945898597011,9.788086891174316,20464400
2008-03-03,9.785488846299446,9.941640866066873,9.75946400606355,9.93643569946289,12819200
2008-03-04,9.840137718177651,10.123812704285326,9.816714976470282,10.108197212219238,15920600
2008-03-05,10.118609009706333,10.126416260481397,9.941637378391295,10.079570770263672,12454600
2008-03-06,10.019713584998124,10.08217457404114,9.868766773934684,9.873971939086914,14616400
2008-03-07,9.772471851197464,9.866162820639676,9.720421202309174,9.81151008605957,22971400
2008-03-10,9.795897935346085,9.868768272978663,9.70741209988486,9.798501014709473,14422200
2008-03-11,10.040534129786177,10.084776543894167,9.837536662325823,9.967662811279297,16424000
2008-03-12,9.944240064756322,10.165455113647463,9.928625562263491,9.967662811279297,9664000
2008-03-13,9.764669172667533,9.993691539322683,9.764669172667533,9.93643569946289,15517200
2008-03-14,10.019714535847987,10.024919701494177,9.725629129933235,9.863563537597656,14957600
2008-03-17,9.631936299506366,9.936431978723531,9.631936299506366,9.868765830993652,10877000
2008-03-18,9.905202250674227,10.058751137391106,9.86095884630648,10.043135643005371,8959000
2008-03-19,10.045736958723683,10.277362306824989,9.795895024411342,9.845343589782715,11941400
2008-03-20,10.0159899242566,10.0159899242566,9.46289530609827,9.816771507263184,14983600
2008-03-24,9.882307563868112,9.958325552808363,9.780076958026443,9.848230361938477,11896200
2008-03-25,9.88754754290168,9.947837344999012,9.819393157958984,9.819393157958984,8519000
2008-03-26,9.808906102448265,9.971427455256086,9.808906102448265,9.85608959197998,10933400
2008-03-27,9.863954796298477,10.078901373315137,9.863954796298477,9.955699920654297,14689000
2008-03-28,9.960944313430035,10.068417619971793,9.853471006888276,9.863956451416016,10660200
2008-03-31,9.895415612740045,10.010752547318065,9.84561123188878,9.945219993591309,7890800
2008-04-01,10.026474105633795,10.249284241335845,10.013367803524279,10.20210075378418,17906600
2008-04-02,10.212590309240085,10.372489859247768,10.212590309240085,10.333169937133789,5949400
2008-04-03,10.322682673789927,10.333167116871234,10.168025888938196,10.278120040893555,9502000
2008-04-04,10.244046499814562,10.485205752139134,10.233561054075109,10.267637252807617,15743600
2008-04-07,10.293847707129732,10.37248652614064,10.23617877321321,10.312196731567383,7483800
2008-04-08,10.267636935589081,10.406566587476751,10.267636935589081,10.380352973937988,8156800
2008-04-09,10.375111172348923,10.430158260441422,10.306956777613074,10.354140281677246,9749600
2008-04-10,10.369868841439715,10.372489702899134,10.254530938282395,10.280744552612305,8073000
2008-04-11,10.272880958930887,10.348898947897158,10.257153788763548,10.293851852416992,14399400
2008-04-14,10.293848205435841,10.335788977601725,10.24404385097226,10.278120040893555,4660800
2008-04-15,10.346274130324788,10.406563926124898,10.312196941412775,10.390835762023926,8404200
2008-04-16,10.367243977295356,10.64248034838434,10.367243977295356,10.608404159545898,9311800
2008-04-17,10.652969118571576,10.710638071460277,10.574330273689727,10.629377365112305,7203400
2008-04-18,10.715885075003483,10.747340425531917,10.587440810428733,10.663458824157715,7004000
2008-04-21,10.603157692282542,10.666068326333527,10.498305302268905,10.566459655761719,7014200
2008-04-22,10.527146753335591,10.553359368280365,10.469477800520494,10.53501033782959,7886000
2008-04-23,10.57170635951764,10.616267992102582,10.50355198033883,10.550735473632812,5506200
2008-04-24,10.658210484145899,10.658210484145899,10.47471920282593,10.540251731872559,10186800
2008-04-25,10.55073667321709,10.613648338077544,10.524524062827645,10.574328422546387,7983800
2008-04-28,10.574331824885638,10.616272614971585,10.393462355130119,10.472101211547852,12568600
2008-04-29,10.487830594781123,10.563848605327884,10.466860695289185,10.521907806396484,8417000
2008-04-30,10.514039465385682,10.629376360313076,10.453749656677246,10.453749656677246,7644600
2008-05-01,10.511415646898064,10.642480684889048,10.493066621575077,10.576948165893555,17753000
2008-05-02,10.668695275951809,10.791895743056717,10.642481665968972,10.75257682800293,8195000
2008-05-05,10.671313647699716,10.700148111981187,10.54287048855993,10.597917556762695,7438400
2008-05-06,10.49306534882542,10.613645929111012,10.440640139945417,10.595295906066895,5495400
2008-05-07,10.537631554787588,10.605784949443887,10.424915517514128,10.43540096282959,6664000
2008-05-08,10.424911794840705,10.521899629507198,10.388213749288342,10.461609840393066,7365600
2008-05-09,10.438020450391964,10.553357333840752,10.369867064705627,10.495689392089844,6072400
2008-05-12,10.51665688469189,10.618887439910383,10.48782242041042,10.597917556762695,5150000
2008-05-13,10.652970551882744,10.658213275573209,10.511420012082102,10.582195281982422,5960600
2008-05-14,10.658212383186846,10.694910446000158,10.563845364554208,10.621514320373535,7699200
2008-05-15,10.621516026800856,10.671320405770771,10.569089785810359,10.611030578613281,7326200
2008-05-16,10.624129474159979,10.726360022772402,10.61102317304625,10.689661979675293,5946000
2008-05-19,10.679181409059614,10.86005082985107,10.679181409059614,10.810246467590332,4759800
2008-05-20,10.799765373769986,10.946557658495784,10.799765373769986,10.883646965026855,9398200
2008-05-21,10.839079605836972,11.004221854471805,10.812866994919002,10.828595161437988,8209600
2008-05-22,10.891508102416992,10.959662504953636,10.79189836021963,10.891508102416992,6137200
2008-05-23,10.881020147033531,10.8862628690927,10.694908013694448,10.723742485046387,3566600
2008-05-27,10.603161893664915,10.799759452880158,10.603161893664915,10.778788566589355,5035400
2008-05-28,10.828593335366751,10.828593335366751,10.718498188193665,10.786652565002441,5405200
2008-05-29,10.802382117556142,10.90985542787597,10.763063199115463,10.901991844177246,5759200
2008-05-30,10.938689327229872,10.941311188289875,10.797138828400014,10.828595161437988,6926000
2008-06-02,10.839078491517233,10.870534821321316,10.684421703127999,10.749954223632812,10984600
2008-06-03,10.77879150174017,10.825975008796025,10.63462011904602,10.655591011047363,9034200
2008-06-04,10.673937708875561,10.82072992101609,10.645103238648828,10.784031867980957,8773400
2008-06-05,10.825975017307648,10.928205616026656,10.7289871415931,10.91247844696045,5602400
2008-06-06,10.873159628307826,10.909857693117667,10.626757621765137,10.626757621765137,9284000
2008-06-09,10.65296252472534,10.846939155319202,10.629370785868607,10.791891098022461,7790200
2008-06-10,10.867917428311694,10.867917428311694,10.679184371633918,10.781414985656738,7648000
2008-06-11,10.802380852910034,10.84956434947268,10.70277213789729,10.770925521850586,9388600
2008-06-12,10.784033082691465,10.784033082691465,10.681802494879243,10.726364135742188,7738800
2008-06-13,10.72636678547038,10.89150908347201,10.708017752353234,10.823355674743652,19537200
2008-06-16,10.820729251681799,10.888883631628627,10.705392377856175,10.833836555480957,6174400
2008-06-17,10.88364049575414,10.949173012467535,10.862669610431366,10.894125938415527,8294200
2008-06-18,10.828591599934283,10.94130758971409,10.80237799769091,10.85218334197998,7824400
2008-06-19,10.823351774273204,10.95179495980546,10.823351774273204,10.8652925491333,8909600
2008-06-20,10.877178770364614,10.940556805055252,10.739860534667969,10.739860534667969,14011400
2008-06-23,10.80324054411797,10.95904385854591,10.80324054411797,10.869258880615234,8810600
2008-06-24,10.8032351659787,10.87981663995759,10.779468536376953,10.779468536376953,9228400
2008-06-25,10.811159617074454,10.935274379841601,10.811159617074454,10.90622615814209,10219000
2008-06-26,10.782112384731285,10.92999277515881,10.581416130065918,10.581416130065918,11244800
2008-06-27,10.581414541531053,10.671199482537205,10.486348014894016,10.491629600524902,12820600
2008-06-30,10.518034569023422,10.824359397902281,10.510111689126774,10.747777938842773,14565800
2008-07-01,10.644789650511248,10.869251437959107,10.613100145392657,10.80323314666748,23949000
2008-07-02,10.850768562964008,10.943193786278089,10.750420458109163,10.774187088012695,8653600
2008-07-03,10.853408701599077,10.879816627436945,10.663276672363281,10.663276672363281,10881200
2008-07-07,10.6659167265581,10.79795333076379,10.496910034352313,10.557646751403809,13056600
2008-07-08,10.555007486421275,10.713451023893803,10.510114512809743,10.613102912902832,19448800
2008-07-09,10.636872109735407,10.800598279619686,10.623668646321432,10.739860534667969,9646800
2008-07-10,10.76362838644121,10.803239788513,10.716096114258786,10.76626968383789,11225800
2008-07-11,10.697607835333871,10.834926058040214,10.589337833806123,10.684404373168945,18472200
2008-07-14,10.816437036085585,10.816437036085585,10.539160403042185,10.61046028137207,13299000
2008-07-15,10.541804397864741,10.581415791094383,10.409767763578701,10.536523818969727,15423400
2008-07-16,10.544449548384401,10.544449548384401,10.251327951963807,10.327909469604492,14100200
2008-07-17,10.309419887486074,10.327904934335848,10.047986927617192,10.164179801940918,23315400
2008-07-18,10.177381133706437,10.362232570890752,10.103439954417135,10.174739837646484,13107800
2008-07-21,10.19058399350386,10.383357292829173,10.169457655702013,10.35430908203125,18286200
2008-07-22,10.301494571495557,10.457297791966623,10.285650825001076,10.31998062133789,10501000
2008-07-23,10.388636232036067,10.388636232036067,10.02949663972572,10.069108009338379,16906600
2008-07-24,10.071753479318275,10.143053376890817,9.900106473185405,10.053268432617188,12823400
2008-07-25,10.04534476947609,10.087596441180496,9.921230043124694,9.931793212890625,12635400
2008-07-28,9.93179881088608,10.0691170731638,9.902750581336578,9.955565452575684,10399000
2008-07-29,9.950281163651553,10.003096020553743,9.908029479601721,9.968766212463379,8235200
2008-07-30,9.968765154352514,10.164179801940918,9.955561693368319,10.164179801940918,10627800
2008-07-31,10.135130924917242,10.18002289081894,10.053267860358373,10.055909156799316,10823800
2008-08-01,10.124564761080505,10.127205049381551,9.744299782104024,9.76806640625,19705600
2008-08-04,9.797114313937284,9.828803819991325,9.625467355927672,9.662437438964844,13916400
2008-08-05,9.651878025096076,9.83408923003418,9.570015954341486,9.741662979125977,17429400
2008-08-06,9.731100383280769,9.900108135926487,9.71789692018523,9.794478416442871,11404800
2008-08-07,9.770706723594108,9.902743300939974,9.643951730225174,9.786551475524902,10907200
2008-08-08,9.717891704555049,9.873694903125388,9.683561913043857,9.815598487854004,11339600
2008-08-11,9.871054303266932,10.005731162083915,9.797113138703152,9.923869132995605,9311400
2008-08-12,9.915949155647885,9.955560541376405,9.715253952776534,9.807679176330566,11249800
2008-08-13,9.762787212707003,9.889542236735128,9.739020582741768,9.807679176330566,7837200
2008-08-14,9.815602190464569,9.815602190464569,9.678284987339678,9.723176956176758,8689600
2008-08-15,9.749580629679864,9.794473590918496,9.7258150122325,9.757503509521484,5562600
2008-08-18,9.802394671486754,9.857850796461255,9.760143009395136,9.770706176757812,5934400
2008-08-19,9.81032006251893,9.828805106456972,9.757505219541946,9.82352352142334,4267000
2008-08-20,9.802401023885654,9.881622815726852,9.754867747308989,9.86049747467041,6973000
2008-08-21,9.810325312188057,10.00309873595489,9.79448054860836,9.955565452575684,8225000
2008-08-22,9.997812843408681,10.042704809849187,9.968764626366262,9.995171546936035,5306600
2008-08-25,9.989891651596922,10.018938863265499,9.844650556456457,9.889543533325195,6928200
2008-08-26,9.876341657936932,10.03214494262827,9.863137187269787,9.997815132141113,5091800
2008-08-27,10.05326326002152,10.100796500613123,9.987244982239735,10.069108009338379,5246200
2008-08-28,10.124568513513438,10.14041327126962,10.061190489848215,10.084957122802734,3599600
2008-08-29,10.071753782643109,10.14041339305163,9.944998741149902,9.944998741149902,4412000
2008-09-02,10.187944829869252,10.187944829869252,9.79447530741803,9.82352352142334,12448200
2008-09-03,9.820884676797911,9.820884676797911,9.630752604921497,9.667722702026367,6881400
2008-09-04,9.651873275155534,9.70204781755508,9.517196414068508,9.546244621276855,8399200
2008-09-05,9.522477192593728,9.538320935288187,9.305937311991254,9.345547676086426,12309000
2008-09-08,9.393085136628187,9.606984825281133,9.393085136628187,9.58057689666748,13014400
2008-09-09,9.638672159114348,9.643953744194246,9.253125514516018,9.279532432556152,17798600
2008-09-10,9.324424307643385,9.42477139030559,9.29801638534341,9.382519721984863,8508600
2008-09-11,9.308581486606961,9.496073240741147,9.216156257768825,9.456462860107422,16788800
2008-09-12,9.424769553223495,9.665076058836789,9.424769553223495,9.633387565612793,12394200
2008-09-15,9.340270133233243,9.567373278780357,9.298018455505371,9.298018455505371,16740200
2008-09-16,9.319143941509978,9.32970711181093,8.761949300126776,9.158059120178223,37290600
2008-09-17,9.065635371979265,9.147497436719167,8.714417457580566,8.714417457580566,30698600
2008-09-18,8.759306829424183,9.065632682923463,8.727618330129483,9.033943176269531,35972000
2008-09-19,9.29502607978897,9.790547847747803,9.08189871084739,9.324331283569336,18711400
2008-09-22,9.32699757116506,9.32699757116506,9.06858100779469,9.092557907104492,11316600
2008-09-23,9.060585058242458,9.172477557073154,8.935373306274414,8.935373306274414,7041600
2008-09-24,8.962015748910884,9.017961502075195,8.847459578371605,9.017961502075195,6613200
2008-09-25,8.99664510100099,9.295023329223692,8.99664510100099,9.196452140808105,8399000
2008-09-26,8.930045498402338,9.271049292582571,8.930045498402338,9.199118614196777,6415400
2008-09-29,9.095220933021382,9.095220933021382,8.660973126910875,8.716919898986816,15995800
2008-09-30,8.722246000362283,8.86077802258789,8.676955864569305,8.85278606414795,6718400
2008-10-01,8.87942657041358,8.90073879582614,8.652977950743423,8.8154878616333,13449000
2008-10-02,8.73823092364538,8.887420601425811,8.578385638808268,8.687613487243652,10482600
2008-10-03,8.732901891106193,8.866106622898643,8.519774523492563,8.557071685791016,16253400
2008-10-06,8.333288505746914,8.605025782264336,7.859079460458196,8.138809204101562,19281800
2008-10-07,8.130816971692166,8.29066275188562,7.784484363250392,7.805797100067139,18079800
2008-10-08,7.518074265212075,7.936337515702366,7.462128526335149,7.669928073883057,20994200
2008-10-09,7.76583638031132,7.931010484467451,7.15309476852417,7.15309476852417,19532600
2008-10-10,6.974599606211975,7.139773183590446,6.202012289113382,6.862707614898682,29658400
2008-10-13,7.264985129743484,7.768498779561229,6.982590773850671,7.691240310668945,12139600
2008-10-14,8.221398700880199,8.221398700880199,7.3235983128806925,7.627305030822754,22166600
2008-10-15,7.494097382971271,7.640622881013117,7.03320917007374,7.059850215911865,17348800
2008-10-16,7.2037096207721065,7.326257687272326,6.756141797120692,7.264983654022217,21499600
2008-10-17,7.384872006619657,7.773830185595644,7.073172835436654,7.302285194396973,22400800
2008-10-20,7.358228066262427,7.981625612965841,7.352899756154424,7.91768741607666,19937600
2008-10-21,7.885719647556231,7.909696538177816,7.61131773718458,7.667263984680176,14374200
2008-10-22,7.704564157588932,7.704564157588932,6.985258173884665,7.342247009277344,19488400
2008-10-23,7.307608993310664,7.685910313492183,7.043863781852044,7.518072128295898,31864400
2008-10-24,7.065176833607032,7.499423896603434,7.025215528494018,7.318265438079834,27834400
2008-10-27,7.241008876201981,7.403518802046359,7.033209323883056,7.033209323883057,15016000
2008-10-28,7.459465985691997,7.832439183349438,7.0252187251046765,7.7418599128723145,15944600
2008-10-29,7.787147219411533,7.899039196061725,7.494096755981445,7.494096755981445,17527000
2008-10-30,7.768496984078028,7.9549837414238125,7.624636192295008,7.912358283996582,20751400
2008-10-31,8.005605736701726,8.104177481006406,7.69390658327318,7.70189905166626,23792400
2008-11-03,7.848418335813016,7.856410798354527,7.651275499674832,7.781816005706787,12163000
2008-11-04,7.9017041570735165,8.074870195989899,7.813789059892233,7.928345203399658,15579800
2008-11-05,7.7764882054812325,7.9389975454083235,7.651275499674832,7.781816005706787,17569400
2008-11-06,7.659271681429206,7.7098896191670825,7.275641931455278,7.416839122772217,19744800
2008-11-07,7.456801829720812,7.74985238078587,7.34490981961,7.7418599128723145,16855200
2008-11-10,7.856414696010287,7.883055742896793,7.414175045355694,7.55537223815918,16641600
2008-11-11,7.526067035770453,7.683248653451559,7.334252412831883,7.55537223815918,15994600
2008-11-12,7.374211971039692,7.472783160443413,7.304945468902588,7.304945468902588,13861800
2008-11-13,7.31027422116436,7.883054340732782,7.246336024890899,7.859077453613281,29509400
2008-11-14,7.667267695668105,8.02425656422275,7.526070439016037,7.672595500946045,26159200
2008-11-17,7.65660851492756,7.872400054851429,7.494098566962203,7.65927267074585,20978200
2008-11-18,7.480781152936727,7.7471907388791115,7.400858480408394,7.576688766479492,24702200
2008-11-19,7.526066539772811,7.816452864613129,7.400854288234635,7.414174556732178,21096600
2008-11-20,7.355565275602014,7.526067165599783,6.921317575827335,6.98259162902832,31769200
2008-11-21,7.043867319097048,7.680585861206055,7.043867319097048,7.680585861206055,38402000
2008-11-24,7.6885835917792,7.941672485016601,7.576691504916894,7.757850170135498,20148600
2008-11-25,7.912358283996582,7.992280889638756,7.659269185903808,7.912358283996582,23220400
2008-11-26,7.725876341305858,7.912363214867581,7.643289529590627,7.8857221603393555,19436600
2008-11-28,7.9230179571986135,8.029581648687465,7.752516050816451,8.024253845214844,5949200
2008-12-01,7.928345945481721,7.978963887425589,7.491434574127197,7.491434574127197,18470600
2008-12-02,7.61398382631607,7.685914516448975,7.443481901381023,7.685914516448975,22121200
2008-12-03,7.627301949601968,7.87506280704964,7.5260665872295505,7.819117069244385,19609600
2008-12-04,7.795144543810447,7.83510588006518,7.368889104776057,7.536727428436279,22819400
2008-12-05,7.382207823214975,7.680586720023714,7.190393144782404,7.584679126739502,23859000
2008-12-08,7.877728179638074,7.877728179638074,7.590005963852074,7.707226276397705,16384200
2008-12-09,7.7072240486015025,7.7471853571055584,7.539385841494616,7.597996234893799,17933800
2008-12-10,7.587340738961997,7.757843126312565,7.587340738961997,7.71255350112915,11493200
2008-12-11,7.736528974241112,7.85108458576963,7.595331813795836,7.651277542114258,12761800
2008-12-12,7.629967954314773,7.704562797604592,7.459466036093239,7.699234485626221,13821200
2008-12-15,7.739192356591264,7.74185651139192,7.480775438554489,7.579347133636475,13640800
2008-12-16,7.837765693664551,7.872398697057459,7.59000483478958,7.837765693664551,14474200
2008-12-17,7.787146109676865,7.819115459079147,7.57135465265206,7.6006598472595215,18228800
2008-12-18,7.624638105790274,7.811124401801519,7.611317329416545,7.664599418640137,19819800
2008-12-19,7.737170842954726,7.839685431369846,7.6508426601721915,7.710193157196045,15981800
2008-12-22,7.696703449552448,7.72907625609824,7.5240465946011215,7.607677459716797,12642800
2008-12-23,7.615771067420613,7.710192704756997,7.486278800845501,7.5213494300842285,6867000
2008-12-24,7.488975081742619,7.58609451899428,7.488975081742619,7.559116840362549,2107600
2008-12-26,7.596887986398562,7.65623848887352,7.569910298162088,7.575305938720703,2173200
2008-12-29,7.559119837345198,7.642750211159921,7.494373691692837,7.591492652893066,3731800
2008-12-30,7.680517052064269,7.720983834822785,7.613073100208767,7.707494735717773,7981600
2008-12-31,7.737169973869039,7.88015081758343,7.718285750326119,7.831591606140137,8562000
2009-01-02,7.915224561335692,8.074392375741569,7.826198539257548,8.01504135131836,10751000
2009-01-05,8.023134963663729,8.128347396850586,7.988064324120336,8.128347396850586,13622000
2009-01-06,8.128343694104583,8.220067496735185,7.979967226967314,8.012340545654297,19155200
2009-01-07,7.9475932121276855,7.971873070377069,7.853172112887192,7.9475932121276855,9761000
2009-01-08,7.863964722644383,7.928710855001661,7.836987038856387,7.907128810882568,16787400
2009-01-09,7.958383331819305,7.958383331819305,7.812704203504051,7.8450775146484375,8962400
2009-01-12,7.863964724767059,7.920617912192794,7.823498456352402,7.8477783203125,9365600
2009-01-13,7.874757979642901,7.880153106110212,7.648146202203058,7.699403762817383,15602000
2009-01-14,7.607678765688509,7.640051577791578,7.432324060996698,7.604980945587158,13091600
2009-01-15,7.6157688975641635,7.6643286123335095,7.488974486988055,7.645444393157959,15866600
2009-01-16,7.745264110051878,7.863965623584257,7.688611430707508,7.7965216636657715,12058200
2009-01-20,7.796522862607498,7.85587388577892,7.653541974909054,7.661634922027588,11946400
2009-01-21,7.807309168630961,7.807309168630961,7.56720843753521,7.747958183288574,12102000
2009-01-22,7.702094744500077,7.807307599849303,7.661628499160942,7.745258808135986,13549800
2009-01-23,7.613072348833722,7.79382214254956,7.569908265070818,7.761449337005615,15356800
2009-01-26,7.791123300385211,8.017734967675194,7.777634718938398,7.9475932121276855,12336000
2009-01-27,7.969178507723644,8.04471541310636,7.896338907913246,7.98536491394043,9917400
2009-01-28,8.08248440266638,8.093275683898751,7.793824318936382,8.036623001098633,14158600
2009-01-29,7.990757314169157,8.141831578234767,7.9394997816168305,7.977268218994141,16365200
2009-01-30,8.001549493364747,8.042015756946354,7.753355758292707,7.81810188293457,16238800
2009-02-02,7.7290784086066,7.888246209694186,7.667030083316625,7.861268520355225,14614800
2009-02-03,7.834289200851693,7.950292358505849,7.791124600992153,7.896337509155273,13319400
2009-02-04,7.977270520512783,8.047412291990335,7.8855467050849475,7.9556884765625,16164800
2009-02-05,7.931407506215059,8.058202446969599,7.880149966025853,8.012340545654297,16522200
2009-02-06,8.012344443268635,8.152627520335914,7.944900468205959,8.06360149383545,15762800
2009-02-09,8.085180383625763,8.10676242662406,7.936803902332033,8.017736434936523,14593000
2009-02-10,7.998850350483605,8.020432388460257,7.734470256630525,7.791122913360596,19127600
2009-02-11,7.853172432319943,7.853172432319943,7.694004694902578,7.766844272613525,17739800
2009-02-12,7.623866332151886,7.707496709796675,7.497071855428714,7.699403762817383,23816000
2009-02-13,7.642747902461705,7.745262473471497,7.631957138724266,7.653539180755615,13779000
2009-02-17,7.551024897463786,7.551024897463786,7.289342545711128,7.321715354919434,18619400
2009-02-18,7.302832518997679,7.335205848917894,7.157153820748266,7.211108684539795,17247600
2009-02-19,7.262366341195986,7.327112487359566,7.205713141704961,7.2434821128845215,15639200
2009-02-20,7.167942055480252,7.203013193384032,6.949423828023293,7.078916072845459,22692600
2009-02-23,7.116687866839306,7.157154662638809,6.865796717311152,6.908960819244385,11566800
2009-02-24,6.911655370321344,7.162546401163503,6.911655370321344,7.108591556549072,15448800
2009-02-25,7.078915759921235,7.140964060169449,7.01686745967302,7.062729358673096,13112200
2009-02-26,7.092407437439672,7.149060119702978,6.917052720971484,6.946728229522705,13448600
2009-02-27,6.892769091109212,6.954817894629722,6.722810622521157,6.8388142585754395,18289200
2009-03-02,6.752491062597503,6.841517090338361,6.577136313345985,6.622998237609863,22989000
2009-03-03,6.647276259956867,6.722813677295126,6.3424297996809536,6.385593891143799,12226800
2009-03-04,6.426056352517756,6.539362154067078,6.3559146168390095,6.444940567016602,11401800
2009-03-05,6.369404858404064,6.436848787816876,6.150886156625981,6.261494159698486,22642800
2009-03-06,6.269591503164437,6.434154957607245,6.107725869317358,6.2534050941467285,19932800
2009-03-09,6.188658538603293,6.258800325832963,6.064561372102606,6.134703159332275,20237000
2009-03-10,6.15898305343776,6.318150856918183,6.142796645413696,6.215636253356934,17170400
2009-03-11,6.285777506045633,6.29926660815272,6.194053669943969,6.204844951629639,18785400
2009-03-12,6.215634880837575,6.326242921265011,6.1562838735940115,6.285776138305664,13032800
2009-03-13,6.339730847842278,6.4179660712495625,6.320846625518165,6.372104167938232,14314000
2009-03-16,6.442244677314565,6.663461224326281,6.415267513985992,6.544759750366211,17967600
2009-03-17,6.563647920201057,6.674256002987246,6.493506121314766,6.647278308868408,12627800
2009-03-18,6.647276682116797,6.906261761898233,6.56634413412318,6.863097667694092,17795800
2009-03-19,6.935935829267797,6.981797737557694,6.841514707397293,6.962913513183594,17495200
2009-03-20,6.974368062580152,7.075287971343373,6.889813881880529,6.914361953735352,15713400
2009-03-23,7.048014575717301,7.198030156852965,6.985280825078077,7.181664943695068,14104800
2009-03-24,7.1462054173348415,7.181663458551137,7.026192665100097,7.026192665100098,12890200
2009-03-25,7.069834645164908,7.1543888487857075,6.914363828099314,7.023466110229492,14151200
2009-03-26,7.069831791339327,7.127110271246231,6.9389091056316845,7.108017444610596,13922600
2009-03-27,7.072563178037451,7.075290800472053,6.988008963527946,7.037104606628418,15390000
2009-03-30,6.9170892539091104,6.9498196680354365,6.81071410739717,6.897996425628662,17798400
2009-03-31,6.9170917247383645,7.099838249650324,6.887088400871393,6.968914985656738,15403400
2009-04-01,6.878905866087708,7.064380022137276,6.810716868730705,6.996191024780273,11081000
2009-04-02,7.1407501998598795,7.1816634845624465,6.979824162487893,7.086198806762695,18623800
2009-04-03,7.138024080718321,7.1652997830083835,7.064379840607375,7.132568836212158,10420200
2009-04-06,7.072564125061036,7.176211190250415,7.0180127095460865,7.072564125061035,11021600
2009-04-07,7.020738803136876,7.09711066417484,6.930729351311047,7.039831638336182,9097400
2009-04-08,7.056194206668305,7.129837892228537,7.0016428275032,7.108017444610596,8950600
2009-04-09,7.238944904998354,7.350774829794535,7.039832618192713,7.110749244689941,12327600
2009-04-13,7.09438198916979,7.108019577933849,6.9798244747334355,7.018010139465332,9148200
2009-04-14,6.960731390319764,7.0261927504500905,6.897997651891615,6.928000450134277,12807000
2009-04-15,6.89254314992765,7.026193506267433,6.89254314992765,6.993462562561035,9851600
2009-04-16,7.0207391651879805,7.086200540778826,6.974370625781035,7.042559623718262,40656400
2009-04-17,7.058924293581816,7.080744750430572,6.9907353008993605,7.031649112701416,13649000
2009-04-20,6.960732323753904,7.0343765588664535,6.947094213414145,6.952549457550049,9955000
2009-04-21,6.952547532369453,7.023464125777042,6.936182324734032,6.977095603942871,2376600
2009-04-22,6.952547586245795,6.9880061433446485,6.87072102719403,6.903451442718506,12536800
2009-04-23,6.9252728284321,6.933455693538633,6.857083846599596,6.928000450134277,12980400
2009-04-24,6.944365113511069,6.979823672607766,6.854355685386492,6.917089939117432,11440200
2009-04-27,6.82435378574224,7.0289207420037645,6.821626163896538,6.966187000274658,11312600
2009-04-28,6.906180739664907,7.0534692059826485,6.903453117669315,6.993462562561035,9082000
2009-04-29,7.012553337144847,7.083469927484396,7.0016433726067495,7.045284271240234,13377000
2009-04-30,7.067106884454198,7.146206362597422,6.971642194372644,7.050741672515869,17077600
2009-05-01,7.132564748320037,7.236212253570557,7.009824938721836,7.236212253570557,6983800
2009-05-04,7.255310281569697,7.353502095622017,7.206214114423124,7.345319747924805,15229200
2009-05-05,7.331680297851562,7.350773652892206,7.2471260922059155,7.3316802978515625,7705800
2009-05-06,7.40532629385032,7.40532629385032,7.252583058934954,7.288041114807129,9706800
2009-05-07,7.2907681380759595,7.375322877090401,7.274402922883827,7.326226711273193,13806200
2009-05-08,7.3589572025387024,7.588072298087288,7.337136742021733,7.432601451873779,16211600
2009-05-11,7.36986331389271,7.470782688729119,7.358952829996608,7.399866104125977,7803400
2009-05-12,7.446237813726235,7.500789216121593,7.383504065140084,7.451693058013916,9010400
2009-05-13,7.3807772057763765,7.418963399495842,7.2443992059344735,7.25258207321167,14817400
2009-05-14,7.282583232678867,7.323496516409295,7.159842861246953,7.247124671936035,9007400
2009-05-15,7.200757217755022,7.206212461795976,6.998917870406092,7.075289726257324,20801600
2009-05-18,7.124385882144495,7.13256822796522,6.996190248385615,7.075289726257324,10848400
2009-05-19,7.088929362674116,7.236217872857431,7.069836523259432,7.203486919403076,13592800
2009-05-20,7.23621785136503,7.2416725767238415,7.06710887946137,7.072564125061035,14184600
2009-05-21,7.004372756517069,7.031648455087318,6.960731846900942,6.988007545471191,11570200
2009-05-22,6.971640059706023,7.1080179979958,6.971640059706023,7.045284271240234,9785000
2009-05-26,6.998917178875776,7.249852657318115,6.977096725108644,7.249852657318115,14246800
2009-05-27,7.263491310347811,7.263491310347811,7.0862000324765075,7.102565765380859,11873800
2009-05-28,7.11347469121338,7.285310699599458,7.11347469121338,7.249852657318115,12950000
2009-05-29,7.263492935953214,7.326227218978676,7.1871215796035415,7.3016791343688965,10360600
2009-06-01,7.356228354091379,7.560795332438933,7.326225551030767,7.536247253417969,17635800
2009-06-02,7.503518028221262,7.563524164179729,7.44078426968639,7.446238994598389,13052600
2009-06-03,7.424417786773669,7.459876356456321,7.249854121384488,7.320770740509033,12674800
2009-06-04,7.367138950605876,7.402596998466446,7.3234980362048345,7.3889594078063965,7206000
2009-06-05,7.481694207015428,7.500787036232801,7.3316781541464255,7.397140026092529,12327000
2009-06-08,7.410777535533716,7.427142743229751,7.268944348193221,7.350771427154541,12834200
2009-06-09,7.367138865543457,7.402596912994622,7.298949872549061,7.3316802978515625,8099200
2009-06-10,7.3862328586399215,7.462604730056816,7.3480471830518805,7.446238994598389,27226400
2009-06-11,7.470785140119168,7.680807341869192,7.44623706353848,7.5907979011535645,27251600
2009-06-12,7.5498865086831275,7.735360680408013,7.500790343198211,7.686264514923096,23854800
2009-06-15,7.634435888618948,7.648073992744385,7.4653275593873545,7.530788898468018,14234200
2009-06-16,7.558065652518502,7.596251831843731,7.462601504806898,7.47896671295166,13608400
2009-06-17,7.48715014719981,7.5744319576047765,7.454419208177635,7.500787734985352,18168800
2009-06-18,7.522607690291369,7.680806091252541,7.511697724832284,7.669896125793457,23837200
2009-06-19,7.69665582718583,7.743553034917718,7.561481646352095,7.578033447265625,19960000
2009-06-22,7.542170437758253,7.63872356561459,7.492514513365154,7.555963516235352,20484200
2009-06-23,7.5559638339139825,7.589067960291932,7.45941122817046,7.489756107330322,16793400
2009-06-24,7.528379002343718,7.602862379017088,7.49527487013263,7.553206443786621,11261200
2009-06-25,7.613895578419272,7.710448705958595,7.484238326002501,7.680103302001953,17455200
2009-06-26,7.677344326342496,7.72148280726641,7.608377884127356,7.6525163650512695,6678800
2009-06-29,7.696653882654793,7.760102875270059,7.635963610523512,7.751827239990234,8966200
2009-06-30,7.826313235571498,7.826313235571498,7.605620272591273,7.693897247314453,13243200
2009-07-01,7.696654525105871,7.820794326386682,7.682861447706748,7.79320764541626,15529400
2009-07-02,7.724242643935483,7.793209096113478,7.561481774701631,7.56975793838501,18944200
2009-07-06,7.528379060150568,7.641484012967409,7.48424004147275,7.613897323608398,13281800
2009-07-07,7.6442395669196825,7.6442395669196825,7.448375139878113,7.462168216705322,17148800
2009-07-08,7.47320514737121,7.553205962005634,7.371134561888894,7.4290666580200195,17561000
2009-07-09,7.442859997452752,7.511826455233831,7.365617901488225,7.431825637817383,12672400
2009-07-10,7.4401019329374485,7.462171180329143,7.365618551848204,7.423550128936768,13236600
2009-07-13,7.423549688818881,7.564241329914427,7.379411196652317,7.553206443786621,12579600
2009-07-14,7.600102505681262,7.613896111250583,7.509066813612741,7.611137390136719,11578000
2009-07-15,7.707694104489816,7.765625696272184,7.630451455940831,7.762866973876953,15265000
2009-07-16,7.749074144926793,7.801488819828548,7.6552796850699725,7.765625953674316,8756000
2009-07-17,7.804241658262199,7.804241658262199,7.660791354145479,7.729757785797119,7596000
2009-07-20,7.7297590797732365,7.793208081232919,7.680103156484023,7.78769063949585,8794200
2009-07-21,7.815279461220685,7.875969758424085,7.7849340495328105,7.864935398101807,13569200
2009-07-22,7.864935240694927,7.892521930207032,7.793210058432392,7.8235554695129395,11785800
2009-07-23,7.837346226100021,8.060797345130027,7.8180357070220445,8.027693748474121,15589200
2009-07-24,8.027691688116354,8.154589653015137,7.975277059662836,8.154589653015137,10510400
2009-07-27,8.140798050211952,8.154591126742538,8.077349056295828,8.13528060913086,6353600
2009-07-28,8.127007005026991,8.138041890661782,7.936659963377608,8.002867698669434,9412400
2009-07-29,7.972521910701516,8.02217784135512,7.870451854288919,7.9642462730407715,10645800
2009-07-30,8.055283621591878,8.129767006666723,7.997351515231008,8.085628509521484,12898800
2009-07-31,8.063559004161435,8.102180582562891,7.97804073443745,7.983558177947998,10675200
2009-08-03,8.019419136627555,8.066316346100265,7.969763205871474,8.063557624816895,12321600
2009-08-04,8.038731189112712,8.038731189112712,7.936661113066758,7.944936752319336,12990800
2009-08-05,7.983553443083187,7.997346517506821,7.837344433801184,7.889759063720703,9034200
2009-08-06,7.928388620030431,7.928388620030431,7.851145952136194,7.903560638427734,10230800
2009-08-07,7.944936085603806,8.011144351102738,7.903556314296228,7.9780402183532715,14344800
2009-08-10,7.975279761775757,8.000107724393514,7.887002795211385,7.9945902824401855,6442600
2009-08-11,7.989072881234811,8.000107765197754,7.925623876964577,8.000107765197754,5669600
2009-08-12,8.005627014320911,8.093904001262649,7.944936191169208,8.03873062133789,9098000
2009-08-13,8.047004093669578,8.066314612330284,7.961485856955515,8.011141777038574,11472600
2009-08-14,7.980796375616222,8.049762814359989,7.931140455533163,8.011141777038574,7126200
2009-08-17,7.917348740411881,7.947693620882817,7.884244612603641,7.900796413421631,9564200
2009-08-18,7.955969906252016,7.955969906252016,7.862175489892846,7.917348861694336,9345200
2009-08-19,7.90355464075171,7.994590328820892,7.881485398982583,7.975279808044434,7654600
2009-08-20,7.994590488320054,8.041487693786621,7.94493456180578,8.041487693786621,6626200
2009-08-21,8.0635553670722,8.201488235586629,8.0552797317115,8.198729515075684,14245200
2009-08-24,8.21804090164035,8.237351419850771,8.15459137958476,8.212523460388184,6479200
2009-08-25,8.212524164000405,8.242869041142812,8.157350799096058,8.160109519958496,6565600
2009-08-26,8.168384904163727,8.18769542218845,8.099418467691347,8.151832580566406,6671000
2009-08-27,8.168384904163727,8.17114362476328,8.09390102649224,8.151832580566406,9706000
2009-08-28,8.162867985372799,8.182178504633356,8.085625382158376,8.132522583007812,6695000
2009-08-31,8.113213555572976,8.124248440706452,8.041488380722225,8.063557624816895,14720000
2009-09-01,8.033211890914352,8.124247578919713,7.9863146864163035,8.000107765197754,13162200
2009-09-02,7.96976472242184,7.9945926925243445,7.917350586580896,7.944936752319336,10472000
2009-09-03,7.980798562073029,7.980798562073029,7.895280301929985,7.939418792724609,7518400
2009-09-04,7.9807989399300885,7.997350743218652,7.928384282315243,7.9780402183532715,11043800
2009-09-08,8.038727587969051,8.044245029114022,7.964244237200552,7.997347831726074,6193000
2009-09-09,7.994592319774929,8.030455175438604,7.978040515869118,7.986316680908203,9241600
2009-09-10,7.972523072509729,8.008385928173404,7.933902021338718,7.986316680908203,10601400
2009-09-11,8.000109982307265,8.027696673687627,7.964247651833456,7.983558177947998,14205400
2009-09-14,7.9614867016884885,8.099419593811035,7.94493437578978,8.099419593811035,13520200
2009-09-15,8.104936155054148,8.162868240820933,8.052522037184442,8.160109519958496,8370000
2009-09-16,8.184935665642511,8.292523124547264,8.115969237899035,8.289764404296875,11341800
2009-09-17,8.275976027343647,8.306321441152404,8.223561365175536,8.234596252441406,10708000
2009-09-18,8.235986592528908,8.28894232489689,8.235986592528908,8.27221965789795,9569200
2009-09-21,8.227624720578456,8.26107005130705,8.1690945943975,8.233199119567871,12258800
2009-09-22,8.269436187042682,8.269436187042682,8.194183354207912,8.210906028747559,9885800
2009-09-23,8.222050814209176,8.316813476291092,8.174669483168218,8.18303108215332,19368800
2009-09-24,8.185821312296497,8.241563731355038,8.160737037658691,8.160737037658691,9617200
2009-09-25,8.152373693678511,8.194180631940666,8.135651024694463,8.13843822479248,5916000
2009-09-28,8.160737089835706,8.26943525955839,8.130078413614774,8.208118438720703,7440800
2009-09-29,8.252712593390385,8.26107366392691,8.174672568223027,8.224841117858887,11010800
2009-09-30,8.25550127449365,8.26107514531612,8.12729267669986,8.174674034118652,13267000
2009-10-01,8.183032986764447,8.183032986764447,8.0213790899885,8.035314559936523,18486000
2009-10-02,7.9684200989743275,7.985142762415787,7.9210387762202865,7.948910236358643,12871200
2009-10-05,7.951700677040177,8.054824430505398,7.9015321346607275,8.035314559936523,13698400
2009-10-06,8.060400409536015,8.132866036985183,8.035316133434218,8.096632957458496,7927000
2009-10-07,8.082693504359147,8.113352167075151,8.043673774796193,8.102203369140625,6563000
2009-10-08,8.152371896638106,8.152371896638106,8.088267903326411,8.102203369140625,18317400
2009-10-09,8.116140777525567,8.174670382045196,8.071546109638756,8.152373313903809,9148400
2009-10-12,8.149583754661503,8.235984802246094,8.149583754661503,8.235984802246094,4933600
2009-10-13,8.20533023522591,8.20533023522591,8.144012890277711,8.177458763122559,9727400
2009-10-14,8.213689215224074,8.23319961285598,8.138436950774064,8.18303108215332,15955600
2009-10-15,8.16352224208446,8.258284384471725,8.16352224208446,8.247136116027832,15067400
2009-10-16,8.208117937100903,8.308454498557632,8.183033663835683,8.275009155273438,15137600
2009-10-19,8.27779441815332,8.425512291021736,8.244348551093967,8.392066955566406,17785200
2009-10-20,8.408791606791734,8.414366007883874,8.27500917020526,8.308454513549805,12402400
2009-10-21,8.30566886831723,8.419941454083963,8.29730779671748,8.319604873657227,16686800
2009-10-22,8.327965385625141,8.347475791790055,8.252713088263038,8.33911418914795,8429200
2009-10-23,8.364197163352333,8.364197163352333,8.177458986249945,8.202543258666992,14337000
2009-10-26,8.216476097157459,8.316813154682777,8.068758242027362,8.093842506408691,24405200
2009-10-27,8.121715485743051,8.174671227406634,8.046463205236382,8.074334144592285,21525400
2009-10-28,8.071543976297656,8.107777034703394,7.982355727304915,7.993504524230957,31477800
2009-10-29,8.026950722150435,8.077119250549519,7.9795693932850735,8.063183784484863,15075800
2009-10-30,8.060399056880728,8.085483328773009,7.90153235596569,7.912680625915527,26520200
2009-11-02,7.946122085512004,7.999077800272218,7.831849591074157,7.898740768432617,16569400
2009-11-03,7.898746484881457,7.923830760995248,7.854152334368986,7.882023811340332,16763200
2009-11-04,7.909891834076243,8.04646196761403,7.90153076619712,7.934976100921631,15900400
2009-11-05,7.987932709170202,8.077120987007604,7.982358308904348,8.06875991821289,12965800
2009-11-06,8.049250253928939,8.104993198480798,8.021379313257126,8.060399055480957,14428600
2009-11-09,8.102205611994062,8.205329895019531,8.091057342577415,8.205329895019531,9505000
2009-11-10,8.183033616613002,8.261073104895203,8.174672015038134,8.24435043334961,11047200
2009-11-11,8.288945139458407,8.300093942312678,8.199756843040957,8.224841117858887,11596800
2009-11-12,8.213690842792843,8.244349513542687,8.10499269246752,8.110567092895508,10920200
2009-11-13,8.12728815212726,8.219263614547474,8.096629487452528,8.18303108215332,16998400
2009-11-16,8.244350314786695,8.302880461760761,8.219266042026973,8.297306060791016,15589000
2009-11-17,8.31681434652194,8.31681434652194,8.233200474337883,8.252710342407227,10863800
2009-11-18,8.24992038975744,8.275004649363765,8.205326268591497,8.216474533081055,9522800
2009-11-19,8.196968960502794,8.216478832270756,8.093845200699528,8.116142272949219,12387200
2009-11-20,8.09663037774832,8.152373313903809,8.091056509416003,8.152373313903809,14961400
2009-11-23,8.22483736283749,8.291728554611632,8.194178700589532,8.25549602508545,14809800
2009-11-24,8.275006857665106,8.28894232489689,8.21647672576281,8.27221965789795,14683800
2009-11-25,8.275006992621769,8.386492327106257,8.272219792809155,8.366982460021973,12641400
2009-11-27,8.249925392676818,8.31124221356277,8.185821371077298,8.224841117858887,11985000
2009-11-30,8.263860748623829,8.308454896206495,8.22484100239004,8.294519424438477,11441200
2009-12-01,8.355833193795997,8.453383055369738,8.336323327802043,8.45059585571289,21079200
2009-12-02,8.478468802627884,8.56486988067627,8.45338453293576,8.56486988067627,26181000
2009-12-03,8.592742919921875,8.654059739477262,8.528638899713401,8.592742919921875,19928400
2009-12-04,8.679141229786024,8.701438296254425,8.439447898151714,8.53978443145752,40697200
2009-12-07,8.592737996223722,8.662416377812173,8.467316696722962,8.615035057067871,22234200
2009-12-08,8.617826620473402,8.620613820940934,8.511915660727878,8.57880687713623,30401200
2009-12-09,8.595527270995717,8.61782433722434,8.542571539351242,8.60946273803711,19806600
2009-12-10,8.684717617135437,8.74324776226436,8.637336273594544,8.71816349029541,24120600
2009-12-11,8.759969457185287,8.868667602539062,8.718162519095685,8.868667602539062,25049400
2009-12-14,8.924412688356014,8.941135892898858,8.851947063482923,8.910476684570312,27626200
2009-12-15,8.871452316633725,8.882601113855626,8.815709393732043,8.854729652404785,13724800
2009-12-16,8.882602753897498,8.904899820854215,8.812924353207258,8.81571102142334,24749600
2009-12-17,8.785055718457336,8.829649866745612,8.74046157016906,8.765545845031738,17811000
2009-12-18,8.858327068652658,8.87524826877504,8.75115875065722,8.841405868530273,22362000
2009-12-21,8.869609154103365,8.906271847851848,8.841406792342443,8.866788864135742,10671800
2009-12-22,8.906273591862963,8.914734463422626,8.785003789084868,8.793464660644531,21422200
2009-12-23,8.841408084878001,8.841408084878001,8.770902439126047,8.81320571899414,10412200
2009-12-24,8.847051563810956,8.886534566233218,8.810388314776944,8.878073692321777,3986400
2009-12-28,8.883710861206055,8.911913225491368,8.849867916480608,8.883710861206055,19215000
2009-12-29,8.906276067444349,8.923197277351665,8.878073692321777,8.878073692321777,9312600
2009-12-30,8.878069198872964,8.90345126984512,8.855507417777194,8.875248908996582,4629600
2009-12-31,8.911913682432736,8.914733972797407,8.742700025960108,8.748340606689453,11013800
2010-01-04,8.821666380512875,8.84422816510077,8.745520155810464,8.76526165008545,16435200
2010-01-05,8.73988094850508,8.790645106283392,8.618611135571436,8.660914421081543,36047400
2010-01-06,8.655272409048024,8.74269925094114,8.655272409048024,8.711676597595215,25490200
2010-01-07,8.700397803729242,8.706038385144117,8.641172774703946,8.672195434570312,13126200
2010-01-08,8.660916052096606,8.68347838239407,8.607332131386816,8.663736343383789,12535200
2010-01-11,8.686294747934284,8.770901839804603,8.672193834913573,8.75398063659668,17749000
2010-01-12,8.728597787248905,8.78782226217193,8.683474224093656,8.717316627502441,16655000
2010-01-13,8.739879782862264,8.816026009374067,8.70321708375402,8.81320571899414,15719000
2010-01-14,8.801922562849562,8.824484880776058,8.734237222815871,8.773720741271973,9633200
2010-01-15,8.711676047629208,8.753979858763145,8.624249211255327,8.717316627502441,25421400
2010-01-19,8.720140572431118,8.827308945364956,8.69757878139686,8.818848609924316,11792800
2010-01-20,8.787823352267974,8.787823352267974,8.646812065437082,8.725778579711914,19039400
2010-01-21,8.737058400230048,8.7878225448917,8.57348534405101,8.598867416381836,25810600
2010-01-22,8.601686548420432,8.601686548420432,8.409911155700684,8.409911155700684,25406200
2010-01-25,8.48887800334423,8.500158624486444,8.390170013252325,8.466316223144531,14953600
2010-01-26,8.460681025994113,8.534006992769267,8.415557436888726,8.500164031982422,15081800
2010-01-27,8.502977705378688,8.502977705378688,8.33940468770731,8.443753242492676,28596200
2010-01-28,8.432477354116486,8.494522683050448,8.333769316379705,8.37889289855957,28124400
2010-01-29,8.378890519450472,8.42965466946769,8.314025455724195,8.328126907348633,19145600
2010-02-01,8.336586487199694,8.387350632630385,8.277362009474107,8.381710052490234,13365800
2010-02-02,8.401454708344424,8.455038622674255,8.311207011646585,8.449398040771484,13107200
2010-02-03,8.404273874230316,8.435296534612714,8.364790879500328,8.390172958374023,7964800
2010-02-04,8.350691407276544,8.367612616812456,8.170196533203125,8.170196533203125,14481600
2010-02-05,8.18711529818206,8.18711529818206,8.026361983447059,8.156092643737793,19976600
2010-02-08,8.16455763656701,8.212501518589269,8.060208997607162,8.063029289245605,10247000
2010-02-09,8.133529102395286,8.237877128207272,8.105326744259665,8.14480972290039,17430600
2010-02-10,8.16173685158656,8.16173685158656,8.037646716573963,8.108152389526367,13144400
2010-02-11,8.11660965656535,8.167373266680482,8.023542231147905,8.156092643737793,16220000
2010-02-12,8.10815222237898,8.13071401574202,8.051747470013588,8.125073432922363,20124600
2010-02-16,8.136350740479878,8.268901146395748,8.136350740479878,8.266080856323242,12028800
2010-02-17,8.305563738336284,8.316844359840259,8.215316076728037,8.232237815856934,12895200
2010-02-18,8.187115684030164,8.302744898697796,8.17865481298788,8.277362823486328,11053800
2010-02-19,8.266080704621912,8.42683347039735,8.232238300203566,8.392991065979004,11193200
2010-02-22,8.457859491766055,8.477600991859692,8.342230244432857,8.347870826721191,11315400
2010-02-23,8.322483636536374,8.36196661249155,8.268899213514917,8.291460990905762,11088600
2010-02-24,8.314027675286024,8.328129130675068,8.209679594984701,8.2999267578125,9981600
2010-02-25,8.195578303007773,8.285825467635014,8.150454720694151,8.283005714416504,14762800
2010-02-26,8.263260351571702,8.302743873645698,8.209676455332156,8.21813678741455,16631400
2010-03-01,8.246338873244078,8.350687448058949,8.24351858333932,8.336585998535156,9867200
2010-03-02,8.3422284519631,8.398633186895864,8.3422284519631,8.361969947814941,9431000
2010-03-03,8.378892953475967,8.41555620043461,8.333769371000354,8.347870826721191,7253400
2010-03-04,8.364789009094238,8.37042958934168,8.308384282450506,8.364789009094238,10821600
2010-03-05,8.401454708344424,8.46349949552841,8.370432045794683,8.449398040771484,10381000
2010-03-08,8.483240994272611,8.483240994272611,8.446578287735596,8.449398040771484,6968800
2010-03-09,8.440936364111488,8.460677859717697,8.421194868505278,8.438116073608398,7874400
2010-03-10,8.452216712290705,8.46067758352377,8.401453098638493,8.440936088562012,7696400
2010-03-11,8.43247395981208,8.4719574817629,8.40145184574789,8.469137191772461,7329600
2010-03-12,8.48041719054909,8.497338391332779,8.395810648715377,8.415552139282227,11438600
2010-03-15,8.412734123512948,8.45221711531914,8.39017233706435,8.446577072143555,7583800
2010-03-16,8.43529657455141,8.550925806449959,8.429655993016002,8.54528522491455,11058400
2010-03-17,8.5678438413291,8.587585869394537,8.52836086102875,8.573484420776367,11782200
2010-03-18,8.55656982340767,8.601693417976918,8.511446228838423,8.534008026123047,8634200
2010-03-19,8.524614334106445,8.584366587770035,8.46486262314686,8.524614334106445,11532000
2010-03-22,8.490472179494883,8.504698624839648,8.43925610792717,8.4677095413208,10220400
2010-03-23,8.487625592171822,8.501852035522461,8.44494571941588,8.501852035522461,11646600
2010-03-24,8.473393189953267,8.50184605664522,8.402259937816096,8.413640975952148,13198800
2010-03-25,8.427875173845495,8.453482667270578,8.351051065457918,8.359586715698242,20968200
2010-03-26,8.356740615034196,8.413646931401866,8.33682283446628,8.37950325012207,16545200
2010-03-29,8.41079935600966,8.48477803656279,8.402263709252225,8.481932640075684,17222600
2010-03-30,8.470554792757333,8.51892546588056,8.456327804953977,8.459173202514648,11132000
2010-03-31,8.447789997569902,8.484779071004132,8.393728543131608,8.439253807067871,12073800
2010-04-01,8.479086989410668,8.570138046157004,8.467705946507296,8.55591106414795,10571000
2010-04-05,8.57582932185143,8.607128143310547,8.541685646354155,8.607128143310547,7100400
2010-04-06,8.538840567566382,8.678261756896973,8.538840567566382,8.678261756896973,8051200
2010-04-07,8.652655810962788,8.661192003561888,8.5644506582551,8.592904090881348,11670800
2010-04-08,8.555911544473968,8.57582877770092,8.516077078020064,8.541685104370117,9547800
2010-04-09,8.550220928766965,8.60428237915039,8.484778434605083,8.60428237915039,13211400
2010-04-12,8.612816333678962,8.649805394738854,8.607125541914742,8.627042770385742,9267400
2010-04-13,8.627043425380428,8.627043425380428,8.535992921055117,8.581518173217773,10481200
2010-04-14,8.578671975021205,8.60997078647055,8.547373706275625,8.59005355834961,9546400
2010-04-15,8.572982719827788,8.598590744202463,8.541684445472855,8.587209701538086,9531400
2010-04-16,8.570137119667859,8.587208953529274,8.467705031091743,8.487622261047363,15365200
2010-04-19,8.473394071161886,8.513228522836204,8.444940658807214,8.496156692504883,10571000
2010-04-20,8.550220928766965,8.60428237915039,8.535994488367917,8.60428237915039,7268200
2010-04-21,8.61281967163086,8.627046113851186,8.55591281734159,8.61281967163086,10072800
2010-04-22,8.572981268596026,8.652650724575688,8.553064040277052,8.64126968383789,4094800
2010-04-23,8.646964644009373,8.715252553752997,8.590058323908384,8.709562301635742,8979600
2010-04-26,8.706715182673493,8.738013462594102,8.672570963200878,8.678261756896973,11291000
2010-04-27,8.644120975444356,8.701027849630924,8.521772118540326,8.53030776977539,12714400
2010-04-28,8.564446894963824,8.629889381355342,8.527457285992027,8.618508338928223,13879400
2010-04-29,8.644114602974632,8.692485247562965,8.59858935426841,8.627042770385742,6558000
2010-04-30,8.635580101982848,8.746547842566132,8.62988930946477,8.661188125610352,9983000
2010-05-03,8.695334527718119,8.794921257263056,8.66688109889042,8.7721586227417,11307400
2010-05-04,8.720941777377597,8.735168761867708,8.578675188700299,8.621355056762695,18681600
2010-05-05,8.553067355252969,8.669725917224412,8.52176907406569,8.561603546142578,18379000
2010-05-06,8.533149485348138,8.558757513410752,7.329574337220986,8.325440406799316,36348600
2010-05-07,8.254308730235428,8.425028769802317,8.160412789879246,8.279916763305664,35338200
2010-05-10,8.473398378560281,8.590056940083741,8.430717966980108,8.535995483398438,19012200
2010-05-11,8.493317394278336,8.64411966542145,8.45632776885162,8.553069114685059,14452200
2010-05-12,8.564450058698661,8.649809807897684,8.527460436062782,8.624201774597168,10453800
2010-05-13,8.62135337223508,8.703868238043222,8.575828116169848,8.587209701538086,14102600
2010-05-14,8.550220714810864,8.601436767292094,8.473397178792917,8.516077041625977,15085400
2010-05-17,8.535995922501035,8.564449350783507,8.393729323792686,8.524614334106445,16954600
2010-05-18,8.564446024407207,8.595744294928272,8.427870272941304,8.442096710205078,15573400
2010-05-19,8.407955516001044,8.439254340449368,8.299833142994812,8.35673999786377,17104800
2010-05-20,8.228699294954096,8.254307323660596,8.094968900478777,8.10634994506836,22447800
2010-05-21,7.986845595805229,8.151874804447266,7.966928361733523,8.143339157104492,19750800
2010-05-24,8.140491728685829,8.200243415987881,8.06366766555137,8.066513061523438,13608400
2010-05-25,7.915711338631786,8.02952447848015,7.807588991451804,8.023834228515625,27062600
2010-05-26,8.106348179651356,8.117729764466185,7.9811534602073975,8.020988464355469,15142600
2010-05-27,8.08643077751614,8.180326679432781,8.077894589085965,8.174635887145996,10844800
2010-05-28,8.186020484165592,8.257153785815893,8.151876260583677,8.183175086975098,14656800
2010-06-01,8.137647065711999,8.166100485291826,7.986844321831597,7.99253511428833,21627200
2010-06-02,8.035213325154459,8.168943664251056,7.99253347588565,8.160408020019531,12254000
2010-06-03,8.174638113236938,8.254307598835778,8.171792716318697,8.245771408081055,13973800
2010-06-04,8.15187608622282,8.166103071870992,7.975465805817574,8.001073837280273,17779200
2010-06-07,8.063673507093919,8.160414869411113,8.001076378472751,8.049447059631348,15210600
2010-06-08,8.038060814407258,8.171791188335508,8.015298186021516,8.154719352722168,22054000
2010-06-09,8.211631691577567,8.214477089868364,8.086436880303634,8.109199523925781,12348400
2010-06-10,8.168945078288425,8.322593213496974,8.168945078288425,8.308366775512695,12381600
2010-06-11,8.231543973966147,8.32259449355878,8.214472137218506,8.314058303833008,12052200
2010-06-14,8.359584222036085,8.422181866214185,8.345357780743218,8.36242961883545,10818000
2010-06-15,8.41933735497651,8.524614334106445,8.405110912187276,8.524614334106445,9565200
2010-06-16,8.453480518899793,8.607128696626738,8.453480518899793,8.578675270080566,12673000
2010-06-17,8.60997087207735,8.646959932854905,8.516074979499498,8.64126968383789,14704000
2010-06-18,8.651908001874288,8.66915990805118,8.611653371318805,8.649032592773438,9589400
2010-06-21,8.6950429261576,8.72379648489082,8.545524859487669,8.588655471801758,12426600
2010-06-22,8.588651377149963,8.591526238067026,8.35574815603349,8.375875473022461,21313400
2010-06-23,8.373001492944024,8.378751763811334,8.252237029877532,8.301117897033691,24847000
2010-06-24,8.269486831561856,8.372999358785929,8.249359517585658,8.255109786987305,14830200
2010-06-25,8.278118268669596,8.326998605704514,8.194733002937873,8.292494773864746,7795400
2010-06-28,8.318367697947165,8.390251275636404,8.243608711338977,8.347121238708496,12941400
2010-06-29,8.269492607132786,8.272368018055937,8.142977268656885,8.177481651306152,17480800
2010-06-30,8.148724660732407,8.263738307106841,8.094092973043928,8.12572193145752,12950200
2010-07-01,8.111344440973319,8.140097988107469,8.027959757555415,8.08834171295166,19978200
2010-07-02,8.102720424785721,8.148725890277166,8.073966871746464,8.096969604492188,12074400
2010-07-06,8.16598014132244,8.237863770292583,8.1170992516856,8.191858291625977,17568600
2010-07-07,8.194731944789629,8.456388254240215,8.191856534436184,8.444887161254883,14888200
2010-07-08,8.470766409703613,8.522522709303194,8.442013397418116,8.511021614074707,12771200
2010-07-09,8.496641710860397,8.580026954131977,8.47076356973669,8.568525314331055,14533400
2010-07-12,8.55702775062634,8.605908643074859,8.519647954291743,8.597282409667969,8277400
2010-07-13,8.640412197086698,8.680667403239568,8.57715479945873,8.626035690307617,17669000
2010-07-14,8.577152821070529,8.640410204107681,8.542648444959433,8.62890911102295,12643000
2010-07-15,8.62603085851526,8.70941608672648,8.571399176184748,8.686412811279297,15523800
2010-07-16,8.649036881371593,8.677790438209247,8.528272381396233,8.536898612976074,16470400
2010-07-19,8.568526535036698,8.697917259088737,8.554150031665783,8.669163703918457,13888600
2010-07-20,8.53689848585885,8.75254933628742,8.53689848585885,8.746798515319824,13489000
2010-07-21,8.741047318272258,8.746798138992427,8.568526535666345,8.61165714263916,13232600
2010-07-22,8.683539155232527,8.792801986626943,8.683539155232527,8.749671936035156,11061800
2010-07-23,8.75542098968484,8.775548306006009,8.686412264543351,8.764046669006348,14276200
2010-07-26,8.755426927420741,8.827310562133789,8.755426927420741,8.827310562133789,10119600
2010-07-27,8.861813010329998,8.971076425083645,8.83305945126701,8.95669937133789,43369400
2010-07-28,8.953822188694762,8.956697598874891,8.896315630377424,8.913567543029785,16131000
2010-07-29,8.922191526622425,8.968196981061734,8.743919979348895,8.775548934936523,16620400
2010-07-30,8.726668194983391,8.778424469069762,8.67491192089702,8.73241901397705,18165000
2010-08-02,8.850310164352189,8.913567543029785,8.810054970258797,8.913567543029785,15250200
2010-08-03,8.884813169541198,8.948071090808165,8.858935028737143,8.870436668395996,8486600
2010-08-04,8.887687660659326,8.907814979553223,8.815804065507809,8.907814979553223,10249600
2010-08-05,8.83881044548627,8.899192975541343,8.815807707472084,8.893442153930664,7330600
2010-08-06,8.850310245911908,8.913567625172448,8.784176908016319,8.91069221496582,12657000
2010-08-09,8.927943773207277,8.982575468106678,8.922193501450812,8.942320823669434,9402200
2010-08-10,8.916442304887429,9.042957601471993,8.858935202323071,8.9940767288208,18455400
2010-08-11,8.881938304014348,8.896315354469106,8.810054697025747,8.8129301071167,19026000
2010-08-12,8.735295624065989,8.824431691030092,8.71516830198648,8.79567813873291,12927800
2010-08-13,8.772678846191862,8.884817140847062,8.764052612591996,8.827310562133789,11767000
2010-08-16,8.795681587362893,8.85031330330482,8.72092254144989,8.827310562133789,16903000
2010-08-17,8.916442953209913,8.965323829415278,8.850310164352189,8.913567543029785,13938200
2010-08-18,8.896317844716632,8.9279462677137,8.798556067972497,8.864688873291016,41010200
2010-08-19,8.827305723154891,8.844557632468808,8.686413393734918,8.73816967010498,20176600
2010-08-20,8.723793066809083,8.778424752154033,8.669161381464136,8.7611722946167,16249400
2010-08-23,8.784174491337636,8.887687036584444,8.781299630350354,8.818678855895996,11017400
2010-08-24,8.752550004930212,8.893441838828757,8.72954726773103,8.833059310913086,27474800
2010-08-25,8.798556998562848,8.847437892104866,8.7266733638498,8.827310562133789,21369800
2010-08-26,8.856061314093251,8.856061314093251,8.761174962457554,8.787053108215332,13720800
2010-08-27,8.789928531840614,8.956698500069054,8.749673882125345,8.95382308959961,19852400
2010-08-30,8.945194128038953,8.953819807857341,8.818678855895996,8.818678855895996,16778600
2010-08-31,8.80142974848934,8.896316095682796,8.741047228405264,8.858936309814453,17872800
2010-09-01,8.927943403389015,9.065960339966722,8.89919040051252,9.051583290100098,16499800
2010-09-02,9.063084929993398,9.07458602145832,8.97394886610546,9.051583290100098,12004000
2010-09-03,9.077458929742571,9.097586245580509,9.014201573047874,9.091835975646973,10712400
2010-09-07,9.074586185797761,9.126342469398153,9.042957772375155,9.045832633972168,9845600
2010-09-08,9.068837969073794,9.091840706060758,8.996954347435969,9.002704620361328,9777800
2010-09-09,9.063082432266393,9.111963291484912,9.057331613904632,9.091835975646973,10796400
2010-09-10,9.07458675713894,9.07458675713894,9.00557855746975,9.040082931518555,12463400
2010-09-13,9.123466869068672,9.123466869068672,9.057334085149122,9.071710586547852,9892000
2010-09-14,9.07170941056007,9.097587548465834,9.01132745439882,9.060208320617676,10363000
2010-09-15,9.045836433009693,9.051587255475699,8.982579031169482,9.00845718383789,11759800
2010-09-16,8.994075310193498,9.011327218870328,8.9394436262172,8.976822853088379,10643400
2010-09-17,9.02243095696655,9.031145674563938,8.935285997209247,8.961429595947266,19927800
2010-09-20,8.999189719175797,9.08924011338731,8.961427061707797,9.080525398254395,11506200
2010-09-21,9.089242087514183,9.100861156161008,9.013716202120444,9.034049987792969,14737200
2010-09-22,9.02824341934763,9.132817845002263,9.02824341934763,9.097959518432617,16023600
2010-09-23,9.048571678688884,9.09795395459791,8.984665432122952,8.993379592895508,13658800
2010-09-24,9.09214585788559,9.164766832961526,9.080526789981556,9.138623237609863,9945200
2010-09-27,9.153147683952717,9.202529968728948,9.12700408883271,9.156052589416504,18805600
2010-09-28,9.16767449304548,9.202532815339536,9.095053496149244,9.161865234375,10299000
2010-09-29,9.153149647154565,9.179293247881951,9.083433563232933,9.144434928894043,9843800
2010-09-30,9.193812960326332,9.211241834709975,9.095048415395805,9.115382194519043,22046400
2010-10-01,9.124098745213564,9.193814810834342,9.103764961997593,9.164766311645508,12853600
2010-10-04,9.176384500819898,9.222861870646874,9.100858636337575,9.14733600616455,9365000
2010-10-05,9.208340606673639,9.25772289588498,9.190911172325556,9.249008178710938,9052400
2010-10-06,9.249010147253152,9.254819959939063,9.170579338156053,9.205437660217285,9211400
2010-10-07,9.237387169716586,9.263530763261675,9.188004887915195,9.22286319732666,7399000
2010-10-08,9.23738568554546,9.260624370068,9.193813221322442,9.251910209655762,7682400
2010-10-11,9.266436076584931,9.286769860447809,9.225768508859176,9.254817008972168,7472200
2010-10-12,9.278053396551817,9.278053396551817,9.173479043709479,9.21705150604248,8046800
2010-10-13,9.29257776905672,9.29257776905672,9.217051905844981,9.251910209655762,8168200
2010-10-14,9.254818045291756,9.286770900345356,9.196721038560288,9.237388610839844,8283200
2010-10-15,9.292583042045754,9.295487948516175,9.217057135977548,9.266439437866211,11576200
2010-10-18,9.28677322910491,9.373918761054803,9.266439437866211,9.266439437866211,8886600
2010-10-19,9.289677648634845,9.356488831789717,9.251914974607292,9.283867835998535,16859400
2010-10-20,9.310010272643268,9.411680318880887,9.307105920743139,9.359393119812012,7856000
2010-10-21,9.382632261213365,9.40877586353941,9.266438780905508,9.318726539611816,11776400
2010-10-22,9.324531548654132,9.333246818047847,9.222862639960756,9.257720947265625,8583800
2010-10-25,9.318724863507194,9.318724863507194,9.217054824700066,9.237388610839844,10554800
2010-10-26,9.211246476242916,9.228675913463153,9.170578897504107,9.214151382446289,7779400
2010-10-27,9.167673069131723,9.182197598687576,9.077623202102034,9.176387786865234,12007600
2010-10-28,9.217054849377561,9.231579378126375,9.156053490794903,9.199625968933105,10752600
2010-10-29,9.167673991300735,9.231580819666526,9.141530389524585,9.214151382446289,8346800
2010-11-01,9.249005003430783,9.28386275205169,9.080524407619267,9.124096870422363,14694400
2010-11-02,9.18510049691858,9.254816561385681,9.18510049691858,9.23157787322998,8272200
2010-11-03,9.260628773591844,9.272248398405335,9.150245108134705,9.214151382446289,17265000
2010-11-04,9.327439777827392,9.327439777827392,9.269342766417312,9.312915802001953,17655200
2010-11-05,9.301293887283842,9.32453202125956,9.272245388733152,9.31000804901123,10714800
2010-11-08,9.298387956688979,9.298387956688979,9.222862639960756,9.257720947265625,7557000
2010-11-09,9.275150371024521,9.30419831576243,9.196719590502495,9.225768089294434,18789200
2010-11-10,9.214151370329992,9.23739006587221,9.121196588161116,9.185103416442871,15469800
2010-11-11,9.161859989992374,9.18219376883529,9.14152565709554,9.179288864135742,9815200
2010-11-12,9.150246701607541,9.150246701607541,9.066006069202231,9.103769302368164,14602000
2010-11-15,9.135720252990723,9.188006897462705,9.129910441142451,9.135720252990723,7232800
2010-11-16,9.103765127828208,9.115384195282966,8.97595206150157,9.028239250183105,18491800
2010-11-17,9.039858885122921,9.060192668739496,9.002095669217239,9.025334358215332,10805600
2010-11-18,9.09505224903964,9.100862060967716,9.034050885957315,9.07762336730957,8854800
2010-11-19,9.051480335809707,9.083433749365545,8.978859344313124,9.042765617370605,8741000
2010-11-22,9.031144122400745,9.083431310890298,8.97885693391119,9.068906784057617,8572600
2010-11-23,9.005003547557374,9.005003547557374,8.938192363887222,8.970145225524902,12616000
2010-11-24,9.022429452833814,9.031144168978368,8.9875716963637,9.025334358215332,6615600
2010-11-26,8.975951647485235,9.03695354948466,8.94690314910713,8.964332580566406,3941400
2010-11-29,8.938191925242922,8.961430620772713,8.86266602625755,8.946906089782715,12282000
2010-11-30,8.871381198127326,8.973050149980974,8.871381198127326,8.935287475585938,11269200
2010-12-01,9.034052819579873,9.051481705040372,8.981765609144102,9.039862632751465,11565000
2010-12-02,9.028241129781104,9.066003799438477,8.996287718033521,9.066003799438477,18892400
2010-12-03,9.034051792396557,9.095053161599504,9.010813096406736,9.086338996887207,11822800
2010-12-06,9.083432707955366,9.095051777154518,9.048574392249645,9.06019401550293,8320800
2010-12-07,9.106669608229973,9.127003390867433,8.990476168834473,8.999190330505371,19984800
2010-12-08,9.019526023142635,9.036955458283382,8.946905038885273,8.967239379882812,16934200
2010-12-09,9.0108166049343,9.016626419707467,8.958529380084656,9.005006790161133,12822600
2010-12-10,9.022433193236688,9.054386611626168,9.016623934119377,9.039862632751465,8993600
2010-12-13,9.057284797056068,9.106667064260854,9.048570083765624,9.083428382873535,12745600
2010-12-14,9.109571469212279,9.141524308084197,9.086332789099139,9.106666564941406,10134000
2010-12-15,9.089241154996246,9.118289100660167,9.025334344805904,9.028239250183105,21285800
2010-12-16,9.036956188827066,9.1124820850467,8.993383151506912,9.109577178955078,11197600
2010-12-17,9.103996729004969,9.156909942626953,9.059902571215861,9.156909942626953,12318200
2010-12-20,9.177483423788008,9.195121528236886,9.13338928404063,9.168664932250977,9991400
2010-12-21,9.177481055090414,9.203937644247906,9.159843515881173,9.171602249145508,6415000
2010-12-22,9.17160551192738,9.23627688582616,9.17160551192738,9.212759971618652,6778600
2010-12-23,9.22451531898945,9.248032225983735,9.200998411995165,9.218636512756348,5746400
2010-12-27,9.21863424910449,9.259788686067122,9.183358616931411,9.224513053894043,4283200
2010-12-28,9.236273021378599,9.256850242614746,9.195118578906305,9.256850242614746,2358200
2010-12-29,9.271547417020532,9.271547417020532,9.20687551815108,9.224513053894043,3709400
2010-12-30,9.212761385862944,9.250976167058669,9.198063522484793,9.209821701049805,4951400
2010-12-31,9.20982028725678,9.248035062586183,9.198062110496759,9.212759971618652,4342600
2011-01-03,9.250970876350925,9.280367146982805,9.20981643387863,9.256850242614746,7072800
2011-01-04,9.25685020289311,9.321521549455955,9.20099734500093,9.300944328308105,9963000
2011-01-05,9.271546570714746,9.2803650574377,9.230391576821585,9.24215030670166,9191200
2011-01-06,9.250971794128418,9.259790844399078,9.183360757448547,9.250971794128418,11414200
2011-01-07,9.265667633205213,9.28918453336311,9.198056615337153,9.283305168151855,10184000
2011-01-10,9.259785393826505,9.259785393826505,9.180415670171694,9.233328819274902,12711200
2011-01-11,9.268606531686503,9.286244065141009,9.21863305299284,9.248028755187988,6373400
2011-01-12,9.271546120866802,9.339157132335496,9.271546120866802,9.295063018798828,8379200
2011-01-13,9.300940333643059,9.30975937921325,9.24508806042612,9.286242485046387,13599600
2011-01-14,9.274485632891189,9.33621784299063,9.256848098871533,9.330338478088379,11002200
2011-01-18,9.330341088578006,9.362677043900405,9.312703549623631,9.35385799407959,7189400
2011-01-19,9.359734741912538,9.374432593481067,9.31564062651985,9.330338478088379,9643800
2011-01-20,9.342101219159703,9.427349804097584,9.333282168019643,9.400893211364746,17218600
2011-01-21,9.459683706248237,9.459683706248237,9.371494896095651,9.392072677612305,15210000
2011-01-24,9.412647537347407,9.468499819677968,9.392070321679613,9.44498348236084,7322000
2011-01-25,9.427348070959184,9.46556339151987,9.389133311085734,9.430288314819336,17033800
2011-01-26,9.442046668620534,9.442046668620534,9.368556826267609,9.395012855529785,11109200
2011-01-27,9.36855608956255,9.453804658828203,9.36855608956255,9.430288314819336,7008800
2011-01-28,9.4361639878047,9.450862960350067,9.30094196283098,9.303881645202637,11324800
2011-01-31,9.347977886914764,9.359736619077568,9.303883762678671,9.324460983276367,8025800
2011-02-01,9.374434823926876,9.421468632961377,9.336220064344056,9.418529510498047,10587800
2011-02-02,9.392074839308616,9.409711820436389,9.359738878741444,9.368557929992676,6290000
2011-02-03,9.359734999688953,9.418527528956474,9.321519687458931,9.406768798828125,14835600
2011-02-04,9.395013361215602,9.41265146258946,9.289187556408994,9.347979545593262,9854400
2011-02-07,9.345041037889782,9.415591205280204,9.339161670378132,9.409711837768555,7444400
2011-02-08,9.418527528956474,9.421466650801449,9.380312216726452,9.406768798828125,7482400
2011-02-09,9.395010068699776,9.418527528956474,9.356795317156866,9.406768798828125,8580400
2011-02-10,9.397948911211785,9.433224537756667,9.39207010736019,9.424406051635742,8491800
2011-02-11,9.406768798828125,9.459681963031471,9.389131264322714,9.406768798828125,18505600
2011-02-14,9.400893551012489,9.412652286290735,9.303886227716388,9.33916187286377,8268800
2011-02-15,9.339161653175916,9.383255788057385,9.303886008858333,9.368557929992676,6451200
2011-02-16,9.383255187653672,9.395013361215602,9.298006046408613,9.347979545593262,10826000
2011-02-17,9.368555527723185,9.39501155331838,9.342098941440788,9.365615844726562,16347400
2011-02-18,9.371493871359604,9.395010772691371,9.347976970027839,9.3803129196167,5956600
2011-02-22,9.315644962994634,9.37149727350423,9.298006860077265,9.33916187286377,12023800
2011-02-23,9.327400068985874,9.374433873250602,9.309762532558395,9.318581581115723,10828800
2011-02-24,9.298003020492867,9.33915801628453,9.25684858538833,9.283305168151855,14174800
2011-02-25,9.300944151523813,9.342099153724499,9.277427247703658,9.336219787597656,7893600
2011-02-28,9.365618435389344,9.474383932914426,9.347980332530662,9.439108848571777,24599200
2011-03-01,9.406767193556462,9.477318440912711,9.342095870948087,9.345035552978516,24309400
2011-03-02,9.347977710624868,9.386193028746082,9.324460807429965,9.359736442565918,11519600
2011-03-03,9.40383438872096,9.483203618838619,9.40383438872096,9.465566635131836,11559200
2011-03-04,9.456745656487067,9.474383759022018,9.339161670378132,9.409711837768555,14649400
2011-03-07,9.447922604010174,9.51847385870986,9.421466023669561,9.44498348236084,21593600
2011-03-08,9.477324215126188,9.571391854664064,9.444988253777284,9.550814628601074,13439600
2011-03-09,9.553750953383748,9.668395785404451,9.539053099268804,9.647818565368652,26197800
2011-03-10,9.61254623722281,9.61548536033566,9.533176456679378,9.539055824279785,21682400
2011-03-11,9.524355319555632,9.594905468408236,9.506717221655283,9.559630393981934,10041400
2011-03-14,9.453801893543798,9.465560622795977,9.368553349213771,9.43322467803955,37921200
2011-03-15,9.25978943064673,9.303883553893323,9.221574673349602,9.253910064697266,28467800
2011-03-16,9.239214185748883,9.262731093887192,9.036380502626406,9.109870910644531,30599600
2011-03-17,9.195118200831576,9.200997006166451,9.05107709741384,9.121627807617188,24023200
2011-03-18,9.223449207438728,9.247198008215983,9.128454004329706,9.167045593261719,18186600
2011-03-21,9.265008325633081,9.303600476025936,9.229385411964605,9.273914337158203,10172400
2011-03-22,9.288759231567383,9.333288164152465,9.250167074768507,9.288759231567383,14535200
2011-03-23,9.279856797824529,9.303605608777612,9.226421831626011,9.282825469970703,11242400
2011-03-24,9.34516375304138,9.34516375304138,9.259074545320345,9.321414947509766,12390800
2011-03-25,9.321413876815958,9.360006035257104,9.309539758522153,9.318445205688477,6790400
2011-03-28,9.324383948791874,9.374850233108626,9.285792350769043,9.285792350769043,9175800
2011-03-29,9.291730227778844,9.386726030728468,9.265012746670557,9.377820014953613,10875200
2011-03-30,9.425314564764543,9.520309770570746,9.401565763312993,9.484686851501465,11194800
2011-03-31,9.481719540822917,9.4906249887598,9.440158707658178,9.460939407348633,10989600
2011-04-01,9.526250799893617,9.544062832539002,9.484690522820342,9.53515625,12332800
2011-04-04,9.558902524122692,9.558902524122692,9.49656156253181,9.529215812683105,7944600
2011-04-05,9.526246958831868,9.535152405347501,9.484686698516033,9.490623474121094,8041000
2011-04-06,9.535155273399075,9.576715546215704,9.505469687796483,9.558904647827148,7532400
2011-04-07,9.54406359537251,9.558906390880368,9.484691280908367,9.52031421661377,10674000
2011-04-08,9.564839232569442,9.570776574463904,9.452032001439003,9.493592262268066,11903200
2011-04-11,9.475782606415915,9.493594069273438,9.34813256246857,9.368912696838379,18690200
2011-04-12,9.345162391662598,9.389691324770494,9.306570800626716,9.345162391662598,17059400
2011-04-13,9.380787382887526,9.446096457509244,9.368912696838379,9.368912696838379,10589000
2011-04-14,9.327352910500634,9.44609694605245,9.321415567168987,9.42531681060791,11559000
2011-04-15,9.45203262780468,9.558902524122692,9.440157943228845,9.529215812683105,14303400
2011-04-18,9.472814853948895,9.502500439519443,9.38969374218911,9.446097373962402,14290800
2011-04-19,9.463909910249777,9.466878582386258,9.419380960635205,9.449067115783691,11314200
2011-04-20,9.526249338176227,9.579684295480645,9.511406546132209,9.570778846740723,11726000
2011-04-21,9.567809608872453,9.579684295480645,9.535154786916149,9.570778846740723,8090800
2011-04-25,9.5796858933977,9.600466032211996,9.549999171925398,9.582653999328613,5010600
2011-04-26,9.58859356817111,9.671715275145111,9.58859356817111,9.65984058380127,10600000
2011-04-27,9.689518130695658,9.754827746401538,9.665769900168401,9.737015724182129,12214600
2011-04-28,9.731080615493795,9.832013166357788,9.725143273392124,9.823107719421387,13518800
2011-04-29,9.814200801799567,9.84982371663919,9.784514095739844,9.843886375427246,17452400
2011-05-02,9.861700994074772,9.891386575513925,9.832014280203275,9.846857070922852,11099600
2011-05-03,9.849827412694344,9.977477465570525,9.814204484487552,9.909199714660645,32839800
2011-05-04,9.909200203212281,9.924042996327529,9.83498510520351,9.89732551574707,17286400
2011-05-05,9.885450719155097,9.891388062822157,9.784518141680074,9.826078414916992,11400000
2011-05-06,9.92404375925155,9.956698586074996,9.843891311348347,9.88248348236084,11475000
2011-05-09,9.870609217490799,9.912169496164692,9.829048938816905,9.903264045715332,7834600
2011-05-10,9.947789972212462,10.069502672152346,9.929979075714964,10.045754432678223,17104800
2011-05-11,10.045753533969743,10.045753533969743,9.959663767158956,10.01309871673584,8195800
2011-05-12,10.013099229806926,10.12293723959538,9.99528720155785,10.114031791687012,11752600
2011-05-13,10.137779101085075,10.143715310195251,10.013097193561311,10.066532135009766,13820200
2011-05-16,10.090282926033375,10.167466112117939,10.057628109155656,10.078408241271973,16215400
2011-05-17,10.051688734030211,10.155589373600053,10.051688734030211,10.152621269226074,17104400
2011-05-18,10.146686844754976,10.161529635755572,10.063566309205745,10.119969367980957,10899400
2011-05-19,10.122939535036956,10.164500943709116,10.096222052821151,10.143719673156738,6387600
2011-05-20,10.134813579886467,10.182311197206978,10.087315962565956,10.131845474243164,8945600
2011-05-23,10.039816191524281,10.119968615889604,10.010130611729249,10.01309871673584,12000000
2011-05-24,10.016067990903707,10.057628255742067,9.995286726052242,10.004193305969238,8917200
2011-05-25,9.98044541207451,10.030912264293235,9.900292975561793,9.983414649963379,12491000
2011-05-26,9.959666677076408,9.995289609724862,9.90326360601364,9.980446815490723,7598600
2011-05-27,9.998258848031256,10.036851018986104,9.962635915382803,9.980446815490723,9001800
2011-05-31,10.06653452935381,10.072471872308302,9.995287546332273,10.054659843444824,12757400
2011-06-01,10.04575222859121,10.051689570265156,9.947787789619325,9.950757026672363,14331600
2011-06-02,9.9418561388519,9.944824244833722,9.852797105340104,9.921074867248535,12404600
2011-06-03,9.829048310740431,9.909200756960908,9.790456140538145,9.85279655456543,12185800
2011-06-06,9.834985073879153,9.852795972587714,9.778580874815317,9.808267593383789,10595000
2011-06-07,9.84685813903117,9.912167784200387,9.817172554371963,9.820141792297363,20259800
2011-06-08,9.83498092982535,9.870603844664974,9.799356882553683,9.843886375427246,16019400
2011-06-09,9.86170313687832,9.89435796301621,9.805298934482844,9.85279655456543,11380200
2011-06-10,9.823108044035674,9.849825518159996,9.787485122680664,9.787485122680664,16675400
2011-06-13,9.820140530983158,9.867638139796703,9.778579132393027,9.832014083862305,10379400
2011-06-14,9.915136884903637,9.915136884903637,9.808266969717588,9.870607376098633,14234000
2011-06-15,9.82310690189034,9.882479185533567,9.72217435942649,9.748891830444336,15316400
2011-06-16,9.77264345434595,9.864670582536636,9.763738005061613,9.826078414916992,16501800
2011-06-17,9.929238418731213,9.947230869738082,9.86926091276484,9.8932523727417,15256400
2011-06-20,9.869260189252996,9.953228005064803,9.827276281347093,9.95022964477539,8390200
2011-06-21,9.989214028094038,10.004208115744833,9.92323866965987,9.956226348876953,10242400
2011-06-22,9.938232927356829,9.953227015264178,9.875257071760622,9.890251159667969,10220000
2011-06-23,9.824280221498979,9.833277593473095,9.725318281592433,9.80628776550293,19106000
2011-06-24,9.830274375293051,9.914243332805478,9.824276510901045,9.836272239685059,10382000
2011-06-27,9.845272071782233,9.926240401395368,9.845272071782233,9.908247947692871,7287600
2011-06-28,9.911245988258226,9.977221366970511,9.902249761697792,9.953229904174805,11499000
2011-06-29,9.98621645411718,10.022202500228872,9.95023040800549,10.019204139709473,11853800
2011-06-30,10.043195923354029,10.049192644586038,9.962226459012097,10.040196418762207,8926000
2011-07-01,10.040195522457783,10.175144617647211,10.028199793113009,10.160150527954102,18167800
2011-07-05,10.157149076674747,10.16614644394654,10.085177002353369,10.100171089172363,11913200
2011-07-06,10.091177095310478,10.151153455836981,10.055189906223676,10.12116527557373,8085400
2011-07-07,10.190141567641573,10.193141072807565,10.112171592966343,10.163151741027832,15664600
2011-07-08,10.109166680719587,10.136156492897312,10.064184423073662,10.124160766601562,11853800
2011-07-11,10.055191151708886,10.058190656492194,9.971223321390514,10.016206741333008,14947800
2011-07-12,9.995218256046854,10.121170045279491,9.97422514719846,10.061192512512207,12162800
2011-07-13,10.100171255826154,10.121163206514217,10.016203453073905,10.034195899963379,8916800
2011-07-14,10.040196945481666,10.082180860163154,9.977221073459432,9.989216804504395,14800200
2011-07-15,9.998212606838784,10.034198654471849,9.95023082866942,10.004210472106934,12068800
2011-07-18,9.983219555389137,9.995215287174767,9.88725598905599,9.908247947692871,13073400
2011-07-19,9.938235312988933,10.01020855378689,9.863263711479993,9.995214462280273,16034400
2011-07-20,10.00121234285258,10.091179190271236,9.97422251742218,10.055191993713379,7255200
2011-07-21,10.091178377128603,10.22312798861368,10.091178377128603,10.205134391784668,15102200
2011-07-22,10.229127767290569,10.229127767290569,10.127166320808964,10.142160415649414,8860800
2011-07-25,10.073183724057976,10.214130691166263,10.073183724057976,10.178143501281738,9771000
2011-07-26,10.193141710878269,10.193141710878269,10.118170092699916,10.142160415649414,9646200
2011-07-27,10.124161942111447,10.166146989021426,10.091175406931226,10.112167358398438,27637000
2011-07-28,10.10917281350081,10.115170680287322,10.037200700014912,10.049195289611816,11278200
2011-07-29,9.962226527835677,10.034198622875175,9.920242615066666,9.94723129272461,20401200
2011-08-01,10.040196403903574,10.04919262971409,9.905247296866735,9.97722053527832,15103200
2011-08-02,9.935239038696379,9.959229361349808,9.80628776550293,9.80628776550293,18738600
2011-08-03,9.81828349881769,9.824280221498979,9.680334853650125,9.80628776550293,25965000
2011-08-04,9.722316841551752,9.776296486750228,9.485406875610352,9.485406875610352,34056200
2011-08-05,9.566377267066873,9.64434780966094,9.386445289695022,9.56337833404541,43934800
2011-08-08,9.428432121306386,9.512399978806563,9.020586280917653,9.056572914123535,35656000
2011-08-09,9.236499476480068,9.371448564605517,8.831653356079372,9.353455543518066,49460800
2011-08-10,9.236500140551067,9.416432080325515,9.140536591868127,9.176523208618164,33671400
2011-08-11,9.203514951289696,9.659341902780268,9.203514951289696,9.56337833404541,34933000
2011-08-12,9.629355431523999,9.677337224436956,9.46141858434056,9.506402015686035,19407600
2011-08-15,9.587364928587993,9.851264624312927,9.569371910512771,9.830272674560547,55671000
2011-08-16,9.755301318033874,9.848266486153795,9.704321194338602,9.818278312683105,22603800
2011-08-17,9.872257567793804,9.983216335054452,9.854265119895219,9.890251159667969,27987200
2011-08-18,9.743311030532636,9.803287403915604,9.623355995814714,9.773299217224121,45013800
2011-08-19,9.692328774728914,9.797288561667845,9.650344859953341,9.7133207321167,30334600
2011-08-22,9.860267200347982,9.860267200347982,9.635352353631863,9.689332008361816,39636600
2011-08-23,9.755303847341565,9.866262634698048,9.62935211333793,9.863263130187988,31455000
2011-08-24,9.845270849088926,10.07618236541748,9.842271344527058,10.07618236541748,28604800
2011-08-25,10.109170325405932,10.109170325405932,9.863263567562763,9.911245346069336,28569800
2011-08-26,9.869259002182707,9.950228447966131,9.668335711664083,9.896248817443848,25043800
2011-08-29,9.998211798517685,10.100173211881332,9.983217708547448,10.091176986694336,29714200
2011-08-30,10.082182457624858,10.136162111904063,10.037200175042894,10.097176551818848,15509200
2011-08-31,10.133163553224136,10.193141072807565,10.109172087800351,10.163151741027832,19287400
2011-09-01,10.178146033237656,10.220131098547304,10.094178190570473,10.097176551818848,21342400
2011-09-02,9.968226006840196,10.049194340873633,9.959228635521807,9.983220100402832,17825000
2011-09-06,9.78529466743413,9.944234111474419,9.71632092485106,9.935237884521484,23133200
2011-09-07,10.01620399343882,10.058187897079938,9.962224361907218,10.046192169189453,15139200
2011-09-08,10.022202823138727,10.136159974135795,9.989216280459408,10.040196418762207,13686600
2011-09-09,9.97421968877422,9.97421968877422,9.776294739740656,9.836272239685059,28151000
2011-09-12,9.785297165649812,9.92024632427655,9.746311598940698,9.91724681854248,15300800
2011-09-13,9.947232903081295,9.983220100402832,9.845272609264965,9.983220100402832,14349600
2011-09-14,10.025203816208013,10.133163118026355,9.90524878219297,10.052193641662598,14049400
2011-09-15,10.151153680856233,10.208132826185508,10.076182084560466,10.178143501281738,11822000
2011-09-16,10.188140011725643,10.321436695386124,10.188140011725643,10.294171333312988,16131200
2011-09-19,10.182082540761956,10.275995681842472,10.1487580756089,10.236613273620605,14561200
2011-09-20,10.321439592207438,10.518356279741809,10.266908852756538,10.385058403015137,36418400
2011-09-21,10.385056920932477,10.442617779724332,10.19420051574707,10.19420051574707,27544400
2011-09-22,10.027577603529831,10.063932192939522,9.915487175320344,10.021519660949707,55260200
2011-09-23,9.994254783695093,10.169964018450829,9.9791064595422,10.121492385864258,24045600
2011-09-26,10.160873646511748,10.215404365274429,10.09725485984016,10.203286170959473,21931800
2011-09-27,10.336587335960921,10.348705535545049,10.194202535640347,10.239644050598145,18339800
2011-09-28,10.288111656078804,10.306288948321969,10.12451949285433,10.136637687683105,25067200
2011-09-29,10.266908419492692,10.321439156642395,10.185112313768139,10.300232887268066,24466000
2011-09-30,10.209348395566009,10.312350767486805,10.182083027832418,10.185111999511719,20919400
2011-10-03,10.179052874459089,10.263879104777143,9.942753791809082,9.942753791809082,30663400
2011-10-04,9.900341440115103,9.91548861006682,9.676159973430217,9.894282341003418,44542200
2011-10-05,9.89731186005896,9.939725556186255,9.760986167299622,9.900341987609863,26162600
2011-10-06,9.912458765693728,10.0760498046875,9.900340568537187,10.0760498046875,24385600
2011-10-07,10.094228073260783,10.185112249384103,10.054844506533845,10.118464469909668,21216000
2011-10-10,10.197229607965047,10.321438241424485,10.197229607965047,10.31537914276123,13584400
2011-10-11,10.272965711440596,10.29114300584436,10.163904256327628,10.221465110778809,24194800
2011-10-12,10.260846267220826,10.260846267220826,10.172992244091349,10.197227478027344,12906000
2011-10-13,10.166933146693683,10.215404770220337,10.07604784138338,10.197227478027344,15607800
2011-10-14,10.236611638116248,10.297201460018186,10.209346276043112,10.294171333312988,19249600
2011-10-17,10.230554214999366,10.30326108865929,10.230554214999366,10.251760482788086,9453800
2011-10-18,10.215407145463752,10.38505728942604,10.179052552624748,10.324468612670898,21847200
2011-10-19,10.318414720445913,10.478976875044172,10.312355618582043,10.333561897277832,17596400
2011-10-20,10.330526311297048,10.43352867725961,10.321438241129878,10.39111614227295,11313000
2011-10-21,10.469885440320096,10.572887827641692,10.469885440320096,10.566828727722168,14989000
2011-10-24,10.588034130862136,10.588034130862136,10.494119823297945,10.521385192871094,17131200
2011-10-25,10.497144929756614,10.524410286287974,10.382024407107034,10.403230667114258,19350400
2011-10-26,10.485028890004203,10.512294252135016,10.388085637017928,10.445645332336426,16727000
2011-10-27,10.624387186645015,10.74556685939002,10.603180917262888,10.69406509399414,26382000
2011-10-28,10.68800585966434,10.68800585966434,10.551680174118513,10.606209754943848,23863600
2011-10-31,10.551681313687096,10.657712670708438,10.542592086188755,10.5577392578125,11419200
2011-11-01,10.406264863748694,10.482001874855031,10.315380681552105,10.336586952209473,24401600
2011-11-02,10.469884683047042,10.597122305188652,10.466854555478875,10.518356323242188,19180600
2011-11-03,10.548651310539856,10.678919068221639,10.533504138737236,10.645594596862793,20836600
2011-11-04,10.588036026798065,10.615301401253461,10.469886456043103,10.597124099731445,11266200
2011-11-07,10.60621146791548,10.663772341082831,10.530474450089118,10.654683113098145,10075400
2011-11-08,10.678918749969018,10.724361419677734,10.585004438543386,10.724361419677734,12198800
2011-11-09,10.597119234574292,10.621355625476674,10.46988164930096,10.491087913513184,16048600
2011-11-10,10.575914342218534,10.609238806204635,10.488059147283336,10.56076717376709,15039800
2011-11-11,10.654682211840765,10.71224308013916,10.642565168311439,10.71224308013916,8331800
2011-11-14,10.694064366085989,10.715270634024677,10.575914828811893,10.585002899169922,16030800
2011-11-15,10.597123692389141,10.639536238654962,10.548652045848888,10.603182792663574,8627000
2011-11-16,10.554708584837595,10.603180219615354,10.46988351289025,10.475942611694336,11491800
2011-11-17,10.478974094254133,10.521386640390753,10.339618255332319,10.421414375305176,11298800
2011-11-18,10.47594445388576,10.521385969424884,10.439589854668297,10.494120597839355,9660000
2011-11-21,10.424440423475563,10.424440423475563,10.28811359509478,10.363850593566895,13822800
2011-11-22,10.37294010576723,10.37294010576723,10.20934790719128,10.236613273620605,31777400
2011-11-23,10.166935127706681,10.182082296324916,10.051814566029304,10.0760498046875,12543400
2011-11-25,10.05484589548398,10.182084684157061,10.05484589548398,10.127553939819336,5379400
2011-11-28,10.297204958465231,10.336587373775037,10.206319616906914,10.254791259765625,9731200
2011-11-29,10.27599415152952,10.403232894469468,10.27599415152952,10.3668794631958,9463600
2011-11-30,10.591062540015114,10.666799545288086,10.542590902866612,10.666799545288086,14404800
2011-12-01,10.65165134173253,10.697094002748571,10.612267779228953,10.636504173278809,11371000
2011-12-02,10.700126106515166,10.700126106515166,10.512298620263975,10.527445793151855,23552400
2011-12-05,10.684977542152987,10.684977542152987,10.557738764023263,10.609240531921387,14345800
2011-12-06,10.633474897584435,10.697094859231719,10.591062360256224,10.639533996582031,10746200
2011-12-07,10.62438678741455,10.663770352925022,10.551679911023644,10.62438678741455,10555400
2011-12-08,10.58499851273652,10.603175801574821,10.44564276527289,10.469879150390625,13805200
2011-12-09,10.518357700131935,10.627419193761307,10.500180399308634,10.603182792663574,22978600
2011-12-12,10.545620187523308,10.588032722182106,10.436558723740745,10.512295722961426,20289200
2011-12-13,10.557739462797711,10.672860049552535,10.527445118962035,10.551681518554688,13740800
2011-12-14,10.54259275335314,10.594094526919195,10.475944962859979,10.48503303527832,12214400
2011-12-15,10.539560625314628,10.645591957297736,10.539560625314628,10.61226749420166,18288600
2011-12-16,10.69130621320836,10.697432007618445,10.559579430016148,10.581023216247559,15535200
2011-12-19,10.636162200804295,10.654541916887798,10.482991667583489,10.501371383666992,13418800
2011-12-20,10.584084710418017,10.737255259537232,10.584084710418017,10.725001335144043,13089800
2011-12-21,10.737253803922249,10.89655129364261,10.737253803922249,10.884297370910645,19344600
2011-12-22,10.914934881876844,10.921061844760759,10.865920347404202,10.896553993225098,8170800
2011-12-23,10.933314693550926,11.01602694027889,10.930251796382642,10.967012405395508,6438200
2011-12-27,10.976199019045332,11.077290945317294,10.960881033569326,11.05584716796875,6485600
2011-12-28,11.098737779451186,11.098737779451186,10.997645825336742,11.01602554321289,6305200
2011-12-29,11.034406456944946,11.101801872253418,11.025216597984171,11.101801872253418,7925000
2011-12-30,11.10793188117388,11.110995947722618,11.016029750894582,11.022156715393066,8185600
2012-01-03,11.083422177001266,11.104865962613593,10.792397869778554,10.826095581054688,38369800
2012-01-04,10.79546445693485,10.859795828797374,10.761766737788117,10.764829635620117,11550200
2012-01-05,10.752572432716468,10.819967850486655,10.694368042841313,10.786270141601562,24220000
2012-01-06,10.804651726408432,10.813841586298233,10.71581251881146,10.728066444396973,14611000
2012-01-09,10.761760474987604,10.78320425312925,10.694365075914849,10.743379592895508,9054600
2012-01-10,10.819969790823142,10.835286615263506,10.749511463518433,10.75870132446289,9017200
2012-01-11,10.752573853143916,10.764827779556997,10.691306558275997,10.709686279296875,12326000
2012-01-12,10.725000093917252,10.774014617218906,10.660668751196036,10.694366455078125,12015200
2012-01-13,10.666795317482627,10.688239097595215,10.605526873475931,10.688239097595215,12033800
2012-01-17,10.749508755108916,10.798523282127826,10.654542597747934,10.67905044555664,13276400
2012-01-18,10.685181135109165,10.694370996944127,10.617785698722356,10.675990104675293,11886400
2012-01-19,10.685178685821601,10.694368545550036,10.577958591729075,10.587149620056152,15258200
2012-01-20,10.58715071293156,10.617784360920979,10.553452998983941,10.60246753692627,12673600
2012-01-23,10.587150825371818,10.706623689837674,10.584086759381078,10.645355224609375,48796000
2012-01-24,10.59327756282999,10.605530320735312,10.538136062160412,10.559579849243164,9992800
2012-01-25,10.541196683851565,10.749508715055368,10.458484450703128,10.73419189453125,25864600
2012-01-26,10.75563730923152,10.804651843506113,10.70355870922801,10.770954132080078,14701000
2012-01-27,10.743381014544948,10.743381014544948,10.599400340599857,10.639225006103516,16195600
2012-01-30,10.599401495001894,10.599401495001894,10.507499399567488,10.571830749511719,18950200
2012-01-31,10.59633920319207,10.626972847219662,10.55651453107731,10.623909950256348,14719800
2012-02-01,10.648417308301829,10.68517908578892,10.62697352240037,10.66067123413086,16393000
2012-02-02,10.672926626562756,10.70968724050256,10.620848018932424,10.642292976379395,16077200
2012-02-03,10.654542850300963,10.71581130267652,10.605528322120223,10.66986083984375,18463000
2012-02-06,10.65454359428394,10.660670556809182,10.59633920319207,10.623909950256348,12154000
2012-02-07,10.617780636013698,10.73419056101258,10.568766115266541,10.700492858886719,13857800
2012-02-08,10.72500414755748,10.72500414755748,10.639228991509471,10.712751388549805,12836600
2012-02-09,10.694368526483748,10.712749414506492,10.648416890726214,10.682114601135254,13716800
2012-02-10,10.636164551071486,10.679052122874404,10.620846559485853,10.66067123413086,9117200
2012-02-13,10.706622078240072,10.72500179702284,10.639226659773655,10.648416519165039,13429800
2012-02-14,10.645353712231397,10.67905142174949,10.602466143244229,10.651480674743652,11173200
2012-02-15,10.66373597527832,10.68824265988983,10.587150686894358,10.630038261413574,14695200
2012-02-16,10.64535055893419,10.77401322778407,10.623906780792543,10.743379592895508,14764400
2012-02-17,10.764828709971525,10.804653389956751,10.70968720494547,10.737257957458496,9259200
2012-02-21,10.761763129548585,10.761763129548585,10.682113789434318,10.697430610656738,11839400
2012-02-22,10.685179595069457,10.749510955840018,10.669862771352475,10.709686279296875,9135000
2012-02-23,10.721936638676203,10.740317522180769,10.663732260475939,10.700492858886719,9678000
2012-02-24,10.715810846639448,10.78014219302667,10.685177206054624,10.746445655822754,6650400
2012-02-27,10.734189736148592,10.75869641033979,10.682111154520118,10.743379592895508,9379200
2012-02-28,10.740318733121551,10.755635553469777,10.660669397553212,10.691304206848145,13654800
2012-02-29,10.697428955186789,10.740317684010336,10.626970653588518,10.688239097595215,12283400
2012-03-01,10.691304097170777,10.752571377935158,10.67598610838121,10.715810775756836,11064000
2012-03-02,10.718877308406057,10.743383992633477,10.675988565960274,10.709686279296875,9731000
2012-03-05,10.712748112077785,10.755635676984715,10.648415596118891,10.73419189453125,9338000
2012-03-06,10.694367103478395,10.703556961967633,10.630035756856765,10.691304206848145,14676200
2012-03-07,10.71274860047771,10.71274860047771,10.614719542335958,10.697430610656738,12488400
2012-03-08,10.697430983603686,10.752572476805652,10.691305189779994,10.731128692626953,11045800
2012-03-09,10.76176362392838,10.786270305290342,10.697431102081188,10.774016380310059,7781600
2012-03-12,10.801587821422432,10.917997779019462,10.777081138485451,10.896553993225098,16048200
2012-03-13,10.93331527709961,10.942506306292401,10.862856952481561,10.93331527709961,12321600
2012-03-14,10.911870772044697,10.94863254919965,10.758700206361762,10.770954132080078,17269600
2012-03-15,10.792397216399134,10.810778103782052,10.70662207914272,10.761763572692871,12788000
2012-03-16,10.743828386108797,10.762379305751086,10.703635316588196,10.753103256225586,15197600
2012-03-19,10.743828120392461,10.784021188919008,10.678901672363281,10.678901672363281,22928000
2012-03-20,10.672720857827256,10.72218880933594,10.647986292368417,10.691271781921387,13867800
2012-03-21,10.697454895115534,10.72837310382132,10.666537865818817,10.669629096984863,8715400
2012-03-22,10.663445614043242,10.703637512400354,10.626343767147358,10.69436264038086,20501600
2012-03-23,10.70363618554879,10.725278337184093,10.67271916304373,10.697452545166016,10354800
2012-03-26,10.7314667603773,10.802576887358413,10.709824599096498,10.771659851074219,14005400
2012-03-27,10.774750785664507,10.845862090093,10.75620103616951,10.82421875,9208600
2012-03-28,10.821123857898137,10.830398729508342,10.6943621684534,10.7345552444458,13336600
2012-03-29,10.706732401103034,10.784026164248202,10.632529869543614,10.77784252166748,13463000
2012-03-30,10.808754858454762,10.839673057923541,10.774745428743463,10.833489418029785,10740800
2012-04-02,10.830397093018265,10.926241743007433,10.799480072716584,10.889141082763672,24147800
2012-04-03,10.886049642712425,10.89532569315613,10.80875590566492,10.88295841217041,11515400
2012-04-04,10.82421671986612,10.88914436914902,10.818034257466872,10.867502212524414,15941200
2012-04-05,10.821125490968713,10.839676416397642,10.753106610471718,10.787116050720215,9394800
2012-04-09,10.716005871264505,10.756198953068502,10.700547356542684,10.731464385986328,10053000
2012-04-10,10.685090112845476,10.70982350346069,10.564510853090212,10.592336654663086,15282400
2012-04-11,10.657262323473015,10.660353554444882,10.592334678973845,10.617069244384766,9841800
2012-04-12,10.63252634890822,10.651077270507812,10.570691122985082,10.651077270507812,11687800
2012-04-13,10.632526220543467,10.712912367095708,10.607792838118115,10.61397647857666,10694800
2012-04-16,10.64489558789086,10.750015137472188,10.623253431748443,10.71291446685791,14579000
2012-04-17,10.768566131591797,10.787115877313452,10.660354170776207,10.768566131591797,11185600
2012-04-18,10.756199854752293,10.799484171365513,10.719098001018812,10.750016212463379,7177000
2012-04-19,10.740737007948812,10.765470387722516,10.681993019594957,10.722186088562012,10031400
2012-04-20,10.74383031683228,10.845858624086828,10.716004522072762,10.82730770111084,15567800
2012-04-23,10.777842148648194,10.790209433381605,10.731465420602493,10.780933380126953,11181000
2012-04-24,10.768564445073343,10.861316697382412,10.768564445073343,10.855133056640625,12486600
2012-04-25,10.886053012768802,10.926246098710775,10.839677463828858,10.910787582397461,12474000
2012-04-26,10.886054949058376,10.988083297810462,10.886054949058376,10.972624778747559,8532000
2012-04-27,10.991171783769493,11.025181224856432,10.957162342682555,11.009722709655762,10086800
2012-04-30,11.003535804882098,11.040636466244292,10.963342733751276,11.025177955627441,14092600
2012-05-01,11.037549118342648,11.111750467167363,10.997356033073908,11.080833435058594,18520800
2012-05-02,11.062281879450856,11.07464916335517,11.000447818747501,11.01590633392334,11011400
2012-05-03,11.006633611030823,11.083927389702135,10.966441695296556,10.981900215148926,11720000
2012-05-04,10.969532515690128,11.04991870295977,10.969532515690128,10.997358322143555,13746600
2012-05-07,10.963345492814716,10.991171290691263,10.938612105485038,10.975712776184082,7753200
2012-05-08,10.932430308464014,11.006631662382333,10.923155434076538,10.99426555633545,10825200
2012-05-09,10.926242858434405,11.043729670510366,10.910784346705453,11.000445365905762,10545200
2012-05-10,11.049915028716315,11.142667292916572,11.031364104112653,11.102474212646484,8930000
2012-05-11,11.087015681281278,11.17358430381242,11.071557167173435,11.108657836914062,6259400
2012-05-14,11.053008176887165,11.136485582968987,11.028273606458818,11.096292495727539,10098600
2012-05-15,11.071556599269968,11.108657267107558,10.994262853286425,11.018996238708496,11448800
2012-05-16,11.049914992868187,11.068464738002643,11.003538271214,11.034455299377441,14291600
2012-05-17,11.049918553471478,11.062284661076157,10.969532367289336,10.972624778747559,12689600
2012-05-18,10.994263771181929,11.04991536728907,10.93861217507479,10.95097827911377,13781000
2012-05-21,10.960256203312126,10.98189836333795,10.91387947216578,10.963347434997559,10930600
2012-05-22,11.006628534336315,11.06846376463439,10.991170021614026,11.040637969970703,13908800
2012-05-23,11.019000898676504,11.065377637643078,10.926248600152825,10.981900215148926,11472400
2012-05-24,10.991168524625113,11.087013177503605,10.966435143519902,11.025177955627441,12908400
2012-05-25,11.034454858907262,11.09319886124551,11.028271217639606,11.062280654907227,9711600
2012-05-29,11.102476138334627,11.102476138334627,11.04373330268115,11.096292495727539,8195800
2012-05-30,11.053009108646263,11.142670164893522,11.00663237488821,11.028274536132812,7922000
2012-05-31,11.022085843910261,11.151938737998917,11.0097185646422,11.08701229095459,12034600
2012-06-01,11.003537303555426,11.108656841239478,10.994262431803836,11.040637969970703,22322000
2012-06-04,11.053005151917144,11.090105817996777,11.025179357505191,11.077739715576172,11532400
2012-06-05,11.06846531801627,11.170493639238398,11.046823161285957,11.11793327331543,8597600
2012-06-06,11.167399574764264,11.2725191116333,11.136482549559394,11.2725191116333,17798400
2012-06-07,11.315806261394725,11.368366632737702,11.315806261394725,11.359091758728027,14748200
2012-06-08,11.34981585775281,11.402376229801746,11.294164254128866,11.383825302124023,13459200
2012-06-11,11.439476340271403,11.488944298890804,11.362182581215514,11.374549865722656,14834000
2012-06-12,11.365273776734105,11.396191987904286,11.284888786509955,11.386917114257812,9471600
2012-06-13,11.349813938907719,11.43638374069203,11.312713269233885,11.390007019042969,13327400
2012-06-14,11.408552847638921,11.501305070097674,11.396185570135488,11.46729564666748,11687000
2012-06-15,11.508490295788912,11.545936242185448,11.471043159007202,11.524092674255371,11906600
2012-06-18,11.477287866330755,11.586506929842637,11.477287866330755,11.56778335571289,10345400
2012-06-19,11.598989277694576,11.630195237686207,11.542820930480957,11.542820930480957,11170400
2012-06-20,11.542818097307663,11.555299287855163,11.389911906843492,11.430479049682617,14779400
2012-06-21,11.442958688700635,11.502249394899941,11.29941489859163,11.311897277832031,19179200
2012-06-22,11.34310150330149,11.355583881956187,11.296294368924096,11.315016746520996,6910600
2012-06-25,11.233888068408623,11.311901179994795,11.233888068408623,11.293177604675293,10650000
2012-06-26,11.299415429080614,11.355584947914284,11.274451859813016,11.308777809143066,7963200
2012-06-27,11.36806704378955,11.477284888579613,11.339982285074214,11.436718940734863,10449400
2012-06-28,11.38367275317906,11.477288246154785,11.34934679466466,11.477288246154785,8461600
2012-06-29,11.577145700893265,11.602110468886568,11.474169008885028,11.542820930480957,15240200
2012-07-02,11.580266592275782,11.639556129146406,11.517855864293974,11.614592552185059,23177200
2012-07-03,11.602110181657936,11.639556142335202,11.549060646178319,11.586507797241211,5525200
2012-07-05,11.570902304431584,11.592745874824095,11.508491593144994,11.517852783203125,17703000
2012-07-06,11.464806545957225,11.51473488602689,11.436721780268945,11.492891311645508,10942000
2012-07-09,11.467925764025377,11.492890527549765,11.408636236233122,11.455443382263184,17403000
2012-07-10,11.46792567928221,11.517854015576594,11.458564488222462,11.474166870117188,8059200
2012-07-11,11.496007044117153,11.558417743630118,11.467922288855572,11.533452987670898,8226200
2012-07-12,11.524095340938683,11.5771436780771,11.492890576784962,11.54905891418457,10535200
2012-07-13,11.574018830402101,11.66763427404083,11.558416454859806,11.652031898498535,14127600
2012-07-16,11.639551771620392,11.66451652962125,11.620829393504927,11.645792961120605,10278800
2012-07-17,11.655156582524642,11.70508491856086,11.598987055685717,11.670760154724121,11463200
2012-07-18,11.66139499107512,11.720685694362148,11.623949045578414,11.708203315734863,10879200
2012-07-19,11.73628841544819,11.751890793995702,11.636431764281882,11.730047225952148,10811400
2012-07-20,11.70508607857139,11.789340377179643,11.680122503272028,11.755014419555664,18033000
2012-07-23,11.717566233433812,11.755012184455651,11.639553141080212,11.67699909210205,9031200
2012-07-24,11.661395613702304,11.673877992996049,11.514731823349026,11.574021339416504,20044400
2012-07-25,11.59586812171474,11.633314079588697,11.514735014590249,11.56778335571289,7147800
2012-07-26,11.639554518379068,11.767495957362765,11.639554518379068,11.748773574829102,12253600
2012-07-27,11.7674957281041,11.917280737382546,11.7674957281041,11.886075973510742,10489400
2012-07-30,11.842385711095002,11.964085924703921,11.823662143468582,11.929759979248047,13570400
2012-07-31,11.970327814826604,11.970327814826604,11.82990402536885,11.833024024963379,8384600
2012-08-01,11.857992753596008,12.026501357365968,11.742533683776855,11.742533683776855,31389800
2012-08-02,11.711325043199286,11.751892184531048,11.574022429195663,11.67699909210205,15895200
2012-08-03,11.748771735080764,11.823663634258965,11.733168164898803,11.814302444458008,13638600
2012-08-06,11.864231738901625,11.876714119908216,11.770616262122923,11.786218643188477,12650800
2012-08-07,11.795581713976288,11.823666480525171,11.66139907273002,11.664520263671875,18437600
2012-08-08,11.667636182161834,11.686359750105606,11.608346669250942,11.680118560791016,9829400
2012-08-09,11.664516182697112,11.705082127664232,11.65203380406793,11.680118560791016,9093600
2012-08-10,11.680116313679012,11.733164627069463,11.639549186131367,11.714442253112793,12268000
2012-08-13,11.689478186699368,11.714442940619968,11.661393433731185,11.701960563659668,7597000
2012-08-14,11.723809600047547,11.739411983337591,11.658278875998036,11.689483642578125,13323600
2012-08-15,11.677002239396078,11.686364622463964,11.633315086364746,11.633315086364746,11043800
2012-08-16,11.655153887540768,11.66451626677271,11.592744374715318,11.605225563049316,15764200
2012-08-17,11.645793234777726,11.645793234777726,11.552177770845052,11.574021339416504,12808200
2012-08-20,11.561539300757257,11.595865249633789,11.530334541988724,11.595865249633789,10656400
2012-08-21,11.592744301907702,11.614587869336454,11.51161003112793,11.51161003112793,16145600
2012-08-22,11.499131312566881,11.536578460408272,11.471046546878599,11.492891311645508,11214000
2012-08-23,11.492890741648198,11.496010741954148,11.361828111474514,11.374310493469238,15948800
2012-08-24,11.343106229223288,11.442962919294247,11.343106229223288,11.427360534667969,6554000
2012-08-27,11.421117006644621,11.47104534146767,11.411755815860738,11.452322959899902,8140600
2012-08-28,11.439840240189584,11.45544262116298,11.396153097309924,11.430479049682617,6348200
2012-08-29,11.421115797947486,11.433598177928587,11.383669848389456,11.411754608154297,10777400
2012-08-30,11.393030091037293,11.393030091037293,11.336861766562368,11.355584144592285,4171200
2012-08-31,11.389907911000329,11.396149099277208,11.308774844170799,11.343099594116211,12295800
2012-09-04,11.324378621788249,11.40239169933093,11.30877624435673,11.386789321899414,25937400
2012-09-05,11.383670660451468,11.399273041348215,11.33062232732546,11.33686351776123,7073400
2012-09-06,11.352468438172897,11.467927511099118,11.352468438172897,11.464807510375977,11066000
2012-09-07,11.46792768700481,11.483530071631089,11.40863814927069,11.427360534667969,10229600
2012-09-10,11.430479319207505,11.458564081775991,11.414876937866211,11.414876937866211,7423000
2012-09-11,11.408632888380557,11.424235265812074,11.377426943132427,11.386789321899414,6759400
2012-09-12,11.40238993863062,11.40238993863062,11.30877449811205,11.321255683898926,7674000
2012-09-13,11.311901957564888,11.489771768977123,11.311901957564888,11.4804105758667,16900400
2012-09-14,11.47104692797297,11.49289169346561,11.371190244516177,11.402396202087402,18208200
2012-09-17,11.383668133361393,11.43047645604589,11.31501624419349,11.330619812011719,10366400
2012-09-18,11.339984218729665,11.339984218729665,11.271332310078062,11.296297073364258,20739200
2012-09-19,11.286933049254186,11.346223758237093,11.277571859576994,11.308777809143066,25114200
2012-09-20,11.302535819660621,11.37118652307894,11.296294630188925,11.355584144592285,9522800
2012-09-21,11.393745455970008,11.393745455970008,11.324367159966961,11.36220932006836,15178800
2012-09-24,11.343284317064395,11.488346875409803,11.343284317064395,11.469425201416016,16430400
2012-09-25,11.491501951086539,11.526191091484836,11.441045347683646,11.444199562072754,13455800
2012-09-26,11.46311797675142,11.560878154582507,11.444197505737732,11.469425201416016,12659200
2012-09-27,11.485196632511242,11.494658074269411,11.406358101416089,11.422126770019531,14004200
2012-09-28,11.415816920226465,11.494655433207338,11.365360320037917,11.475733757019043,15932000
2012-10-01,11.488350847424137,11.538807459205813,11.418972555106636,11.422126770019531,14387600
2012-10-02,11.453662299175619,11.500965901494284,11.425280378380535,11.482044219970703,12397000
2012-10-03,11.507270083387906,11.567186921218672,11.494655632377137,11.53880500793457,9406800
2012-10-04,11.560881630542495,11.655487622996008,11.560881630542495,11.60503101348877,13373200
2012-10-05,11.633414423201716,11.652336105310809,11.567190340290809,11.586112022399902,9188600
2012-10-08,11.567188857103458,11.623952693171658,11.538806939069358,11.60503101348877,10853600
2012-10-09,11.58295726776123,11.630260869340546,11.557729562438007,11.58295726776123,10977200
2012-10-10,11.582956141362875,11.61764528541691,11.532499532642579,11.564034461975098,7639400
2012-10-11,11.586110153176614,11.642872784384974,11.55142100973009,11.576648712158203,11852600
2012-10-12,11.605030603060273,11.617645055736071,11.485195708601044,11.510424613952637,8362600
2012-10-15,11.510422319756342,11.567186142503145,11.450505485959242,11.55772590637207,9685600
2012-10-16,11.576651162798168,11.630261996649871,11.557730682716947,11.601880073547363,16713000
2012-10-17,11.630261980598219,11.75955714055771,11.605033069883843,11.743789672851562,19708000
2012-10-18,11.746938153519286,11.800547763635047,11.715403230272392,11.797394752502441,10890200
2012-10-19,11.78478563434145,11.806860331198584,11.68387239071434,11.702794075012207,15678200
2012-10-22,11.690176791415785,11.693331006192926,11.614492478490915,11.671255111694336,9488000
2012-10-23,11.589263367825467,11.620798297157984,11.519885079717396,11.564034461975098,13784200
2012-10-24,11.55457377397602,11.582955690462615,11.472582239114967,11.478889465332031,11551200
2012-10-25,11.513577221421018,11.545113352003362,11.447353151668661,11.535653114318848,11300400
2012-10-26,11.532498899770424,11.567188041920813,11.485195305387096,11.535653114318848,14972200
2012-10-31,11.601877971279581,11.683869510396194,11.548267147142193,11.636567115783691,22139200
2012-11-01,11.683868960993284,11.696483413488973,11.500964211727387,11.513577461242676,16870000
2012-11-02,11.51042366602103,11.57349472122543,11.42527792194214,11.434738159179688,8595200
2012-11-05,11.412668260612792,11.412668260612792,11.232916459769164,11.24868392944336,16572200
2012-11-06,11.261293989003452,11.311750594046796,11.217144609963068,11.254986763000488,16531200
2012-11-07,11.191919370968884,11.220301292735593,10.95540375723986,11.018473625183105,24006200
2012-11-08,11.027932735160414,11.150920635808538,10.99639660487861,10.999550819396973,19347600
2012-11-09,10.97432213621901,11.015318504920932,10.920712518130674,10.93332576751709,19359400
2012-11-12,10.91440446005555,10.939632159885926,10.813491254773455,10.841873168945312,14239800
2012-11-13,10.80403308711565,10.949096916254174,10.800880074799464,10.882871627807617,24911800
2012-11-14,10.895486820656624,10.901794048696658,10.77880610936783,10.807188034057617,20745000
2012-11-15,10.804028849120348,10.87025411158934,10.67473374122213,10.744112014770508,30604200
2012-11-16,10.753579463914154,10.854492727864356,10.696815602569538,10.835572242736816,24675000
2012-11-19,10.870258742235782,10.908100906209825,10.78195875565541,10.845029830932617,33073000
2012-11-20,10.857641954521496,10.86710219273791,10.73465404578633,10.826107025146484,22659400
2012-11-21,10.83556670403334,10.84502694176142,10.674735444773704,10.778802871704102,29878600
2012-11-23,10.778803441713377,10.810338371128205,10.6905046769675,10.750421524047852,7440200
2012-11-26,10.725190379874055,10.93647821239683,10.725190379874055,10.886021614074707,32368000
2012-11-27,10.876568418632285,10.977481680601478,10.876568418632285,10.914410591125488,27325800
2012-11-28,10.879714801157121,10.974320776223308,10.838718437535684,10.958553314208984,21058200
2012-11-29,10.968018494904799,11.0342437899859,10.936483556661061,11.021629333496094,19131600
2012-11-30,11.050008801581718,11.147767810184137,11.018472667370846,11.138307571411133,58126400
2012-12-03,11.147766285163836,11.157227725623025,11.015318148538691,11.068927764892578,25005400
2012-12-04,11.078390347701832,11.097310824610497,10.999551819301125,11.012165069580078,11106600
2012-12-05,11.053162932941389,11.239221933197193,10.990091861112521,11.179305076599121,37338000
2012-12-06,11.138307375464647,11.24552782393435,11.138307375464647,11.172996520996094,12977400
2012-12-07,11.176150696501253,11.223454300420254,11.144615762542331,11.18245792388916,14832600
2012-12-10,11.157229804149264,11.198224976181624,11.147768361927463,11.185611724853516,8722400
2012-12-11,11.188761722919017,11.258139999947128,11.172994260770876,11.210836410522461,12899200
2012-12-12,11.2108407611848,11.28337207759813,11.182458837111696,11.191920280456543,20284400
2012-12-13,11.176146116055818,11.19191477955325,11.106769049183649,11.147764205932617,16719800
2012-12-14,11.15407523447624,11.15407523447624,11.087851155931878,11.103618621826172,12584200
2012-12-17,11.132000918645033,11.277063534554367,11.132000918645033,11.273910522460938,17190000
2012-12-18,11.254989601295266,11.374824519610936,11.251836588988832,11.352749824523926,20221000
2012-12-19,11.349595668001253,11.359055906947473,11.261295693574567,11.267602920532227,13614600
2012-12-20,11.270754085819318,11.3180564707317,11.22975772317775,11.302289009094238,19356000
2012-12-21,11.232132433888802,11.302292567725406,11.184294928336223,11.260834693908691,17338200
2012-12-24,11.2417016094095,11.267215275024343,11.161973229200923,11.21299934387207,11731600
2012-12-26,11.228942141225048,11.2576444000262,11.107755907671963,11.11732292175293,11601400
2012-12-27,11.094997894085889,11.139645577111084,10.980188871130746,11.098186492919922,35448000
2012-12-28,11.05672570244947,11.126887031552087,10.983375775004884,10.986565589904785,17018400
2012-12-31,10.967430881075742,11.152401224369916,10.913216190732411,11.136454582214355,32625000
2013-01-02,11.276779886557822,11.362886664807691,11.254456042184701,11.34056282043457,25591200
2013-01-03,11.34056282043457,11.382020693379923,11.308670745217059,11.34056282043457,16283000
2013-01-04,11.340560921989825,11.407532443897948,11.334182508014088,11.397965431213379,12358600
2013-01-07,11.36288619635516,11.391588454588486,11.260833992982931,11.286346435546875,16739200
2013-01-08,11.267215035790775,11.283160468182217,11.206620689521374,11.25126838684082,12853200
2013-01-09,11.270400048012277,11.276778462250157,11.190671694875958,11.228940963745117,15160800
2013-01-10,11.251264564724382,11.283156635231867,11.22894072364819,11.276778221130371,12603000
2013-01-11,11.260832314830663,11.308668593718561,11.254453901000668,11.289534568786621,16221000
2013-01-14,11.273589112005384,11.305481184510665,11.254455085060387,11.2672119140625,11288000
2013-01-15,11.254456998013637,11.305483106136974,11.225754736159361,11.299104690551758,12496600
2013-01-16,11.27039909944529,11.295911537691449,11.235318432368556,11.244885444641113,9441200
2013-01-17,11.283156154956625,11.330992433844525,11.254453901000668,11.289534568786621,11062600
2013-01-18,11.315047982491341,11.388397923019301,11.2863457260623,11.378830909729004,13333400
2013-01-22,11.359694503192822,11.490448943187713,11.353316089466484,11.474503517150879,13349200
2013-01-23,11.433046812169207,11.474505901727227,11.391588939169464,11.44580364227295,12347200
2013-01-24,11.468131531691446,11.53191448814927,11.455374697088141,11.496833801269531,12679200
2013-01-25,11.509585864979652,11.563800564732848,11.448992750568747,11.55423355102539,16063000
2013-01-28,11.560613161506554,11.576558591521104,11.484073394255052,11.547856330871582,15416200
2013-01-29,11.519149108450787,11.640336514165961,11.519149108450787,11.627579689025879,17423600
2013-01-30,11.6116342531901,11.662660337136863,11.602067242624397,11.637147903442383,16399600
2013-01-31,11.586125145278606,11.691365941384005,11.586125145278606,11.665853500366211,13664600
2013-02-01,11.704127554879936,11.739208240108951,11.684992303875385,11.697749137878418,14225600
2013-02-04,11.678608397502103,11.678608397502103,11.614825474025887,11.61801528930664,12590400
2013-02-05,11.672229043708509,11.71368812311368,11.646716606307004,11.64990520477295,12824200
2013-02-06,11.637152686477183,11.688178791396398,11.573369751188588,11.684988975524902,14998600
2013-02-07,11.697742950537393,11.771092882419541,11.65309527170113,11.700931549072266,16087400
2013-02-08,11.713688376327772,11.713688376327772,11.643527042980496,11.700931549072266,9686200
2013-02-11,11.707313300213894,11.739205377444433,11.684989454431694,11.729637145996094,9646000
2013-02-12,11.723253272518882,11.787036180726002,11.710497664123688,11.780657768249512,10411600
2013-02-13,11.793414593202492,11.828495253544297,11.748766922424844,11.780657768249512,9484000
2013-02-14,11.729636665259427,11.767907156367565,11.64990830028826,11.684988975524902,20507600
2013-02-15,11.707311855228879,11.72963569825574,11.684988012202018,11.710501670837402,10485000
2013-02-19,11.69774532395825,11.831688387643498,11.69774532395825,11.812554359436035,18934000
2013-02-20,11.818932054484517,11.889092181235618,11.78703998181749,11.790229797363281,16345600
2013-02-21,11.76153207262602,11.806179775006965,11.729639987669167,11.739208221435547,18075800
2013-02-22,11.78066465932398,11.86358285346339,11.751962394669336,11.85720443725586,12183000
2013-02-25,11.889093642319947,11.981578839582825,11.739205140318326,11.751960754394531,19625000
2013-02-26,11.764714010877043,11.850820766663187,11.732823160537563,11.78703784942627,19338400
2013-02-27,11.799798726136537,11.930553203898958,11.793420310567836,11.895472526550293,12015400
2013-02-28,11.911415092944747,11.984766246067418,11.87633564058975,11.936928749084473,17955200
2013-03-01,11.892279887921177,11.965629817210914,11.838063982280437,11.959251403808594,11437000
2013-03-04,11.940116897209295,12.096384993772434,11.927361286178908,12.080439567565918,15280600
2013-03-05,12.10595272814818,12.176114067510708,12.093195899798973,12.1442232131958,11628000
2013-03-06,12.166548251372143,12.179303864418031,12.102765319909782,12.137845993041992,10835200
2013-03-07,12.137846481549007,12.16973734028457,12.080441962578368,12.083630561828613,16005800
2013-03-08,12.11870645297665,12.131463278058918,12.019842883425769,12.109139442443848,22876800
2013-03-11,12.1155221495139,12.15698002088994,12.08681989118375,12.137845993041992,6522600
2013-03-12,12.163361562667948,12.163361562667948,12.064499149215905,12.10595703125,10055800
2013-03-13,12.074062828114943,12.166548016119156,12.074062828114943,12.16016960144043,9278200
2013-03-14,12.147413975123035,12.19206166573767,12.131468545126141,12.185683250427246,14657400
2013-03-15,12.185358703529026,12.275429597564838,12.146755839978908,12.265779495239258,26305400
2013-03-18,12.198223114013672,12.252909881588343,12.178922912500951,12.198223114013672,10046200
2013-03-19,12.204660072256274,12.272214476350344,12.16927595131292,12.230395317077637,15577400
2013-03-20,12.285082595879782,12.339769385238602,12.246480950353913,12.320467948913574,12853400
2013-03-21,12.28508002422302,12.314031559087995,12.24326209495889,12.259346008300781,12010000
2013-03-22,12.288301616717156,12.31403564117018,12.24648244646611,12.278650283813477,4663600
2013-03-25,12.352638595859569,12.362288701699319,12.201447059707002,12.25291633605957,13278000
2013-03-26,12.272214387816268,12.378369204128536,12.272214387816268,12.368719100952148,11751400
2013-03-27,12.323685756207647,12.433058110354235,12.314034424257745,12.426624298095703,10813400
2013-03-28,12.433052913426247,12.590676952939758,12.426619103857002,12.57780933380127,14394400
2013-04-01,12.577811129886404,12.577811129886404,12.516691770936426,12.548859596252441,8508800
2013-04-02,12.593894779777825,12.635712702316699,12.55850943984206,12.590677261352539,16060600
2013-04-03,12.609982730852154,12.64215056266941,12.535995735973165,12.555295944213867,11327200
2013-04-04,12.58424807877624,12.683970325523948,12.577814266683724,12.674320220947266,10543400
2013-04-05,12.616417169519853,12.748307249922505,12.584248108980068,12.729005813598633,14905800
2013-04-08,12.745088269901986,12.83516040196822,12.677535091195342,12.825509071350098,11686400
2013-04-09,12.84481314417548,12.860897062344417,12.777259951591368,12.786910057067871,14806400
2013-04-10,12.819076099170829,12.922014633593284,12.815859806836931,12.889846801757812,9666000
2013-04-11,12.918797492980957,12.950965322704212,12.886629663257702,12.918797492980957,15184000
2013-04-12,12.893064187104677,12.973484992980957,12.867328940204693,12.973484992980957,10673800
2013-04-15,12.922016442236094,12.992787154728573,12.786910057067871,12.786910057067871,21289000
2013-04-16,12.8448137711147,12.94131851196289,12.741875217260047,12.94131851196289,11141000
2013-04-17,12.880195312324396,12.91236314070011,12.780473080961293,12.867327690124512,17785600
2013-04-18,12.87698105993561,12.941317960132467,12.848029516203239,12.909150123596191,12552200
2013-04-19,12.915585720956209,13.105378927843498,12.915585720956209,13.102161407470703,23339200
2013-04-22,13.11502637095408,13.143977912806596,13.015304120767805,13.086074829101562,14002600
2013-04-23,13.105375866681527,13.124676075912248,13.015303724149472,13.118242263793945,23561600
2013-04-24,13.1182417190979,13.211530150253488,13.053906054834593,13.16006088256836,21106000
2013-04-25,13.195443818380966,13.217961542175432,13.115023025651041,13.163274765014648,19908400
2013-04-26,13.124674060131337,13.240480206226083,13.124674060131337,13.182577133178711,11886200
2013-04-29,13.230829908006507,13.311250705261623,13.166493024777617,13.291949272155762,11671600
2013-04-30,13.279084286232862,13.330553557608795,13.250132744388637,13.327337265014648,15636600
2013-05-01,13.308031766679644,13.324115678990278,13.176141722334274,13.195443153381348,20734800
2013-05-02,13.182576681602372,13.224395838953827,13.10537340493318,13.179360389709473,17668800
2013-05-03,13.243694468703874,13.269429709280695,13.131105858989804,13.153623580932617,29973800
2013-05-06,13.137541751049246,13.147191854232908,12.967050050143202,12.970266342163086,29478800
2013-05-07,12.98635270336544,13.095725059509277,12.97348630573764,13.095725059509277,14582400
2013-05-08,13.066770223391293,13.10215556897702,12.938097689680559,12.979915618896484,14345000
2013-05-09,12.992782819580443,13.005650440671925,12.741870343915997,12.783689498901367,39403000
2013-05-10,12.783690561173502,12.822292200531695,12.693618433172396,12.812642097473145,21057600
2013-05-13,12.770820956574084,12.786904868216263,12.700050272799938,12.745085716247559,24650400
2013-05-14,12.754741173912882,12.886631255472452,12.72900592525531,12.831944465637207,24695200
2013-05-15,12.825510742235531,13.044255448842001,12.802993013066413,12.954184532165527,21546800
2013-05-16,12.91879697071374,12.934880884925144,12.828726069430678,12.848026275634766,20111200
2013-05-17,12.860894006626905,12.983133964490639,12.838376281115693,12.970266342163086,18103400
2013-05-20,12.986349405345537,12.992783216087622,12.883410887720038,12.905928611755371,22675400
2013-05-21,12.922015995613638,12.976702788047046,12.83837888775133,12.93166732788086,18028600
2013-05-22,12.89949387113029,13.041035243005036,12.667882836730971,12.712918281555176,49925600
2013-05-23,12.629283454023271,12.677536430840687,12.439490293465173,12.626067161560059,48092600
2013-05-24,12.597111099379564,12.597111099379564,12.449137156700965,12.49095630645752,19937000
2013-05-28,12.41697328643699,12.4941778084066,12.291517011970086,12.346203804016113,48073600
2013-05-29,12.268998534953008,12.281866159018438,12.05025383433737,12.162843704223633,63078200
2013-05-30,12.281863836901287,12.397669977346496,12.1885754207511,12.195009231567383,34267400
2013-05-31,12.159624818836846,12.359068060952229,12.117805658883546,12.121023178100586,57017200
2013-06-03,12.124241303774555,12.236831178041625,11.99235121978255,12.146759033203125,63987600
2013-06-04,12.127458142593044,12.159625975078047,12.021302086569062,12.104940414428711,29119800
2013-06-05,12.079206791750845,12.082424311706689,11.96661813578269,11.998785972595215,30872200
2013-06-06,11.995565021550151,12.1467552684068,11.979481109389722,12.1403226852417,37523400
2013-06-07,12.121021283653604,12.2818628598941,12.111371181758804,12.214309692382812,30750600
2013-06-10,12.256134139929504,12.265785474083435,12.159629388261653,12.211098670959473,19863000
2013-06-11,12.140322830270291,12.236827531509558,12.092069866088732,12.130671501159668,22360000
2013-06-12,12.191790205510316,12.220741734128758,11.982695695807827,12.01164722442627,20184000
2013-06-13,11.982702427735612,12.217531079735643,11.969834801759742,12.207880973815918,33471000
2013-06-14,12.195013146755963,12.28830159285625,12.191796853877205,12.22396469116211,22849000
2013-06-17,12.272215036254684,12.355852131491922,12.204660629078528,12.262563705444336,24857600
2013-06-18,12.288300719319967,12.36228772151521,12.230397634623818,12.346203804016113,23373200
2013-06-19,12.320463278440002,12.36871623739862,12.059900736009878,12.063117027282715,45555000
2013-06-20,11.979482114809958,11.989132217491367,11.696400573957188,11.722134590148926,51298600
2013-06-21,11.813462422822882,11.943459759642758,11.634717014505418,11.875211715698242,40140200
2013-06-24,11.77771173120308,11.956457100034829,11.69321310901237,11.865458488464355,40811000
2013-06-25,11.969457089432398,12.05720384677166,11.855709134804764,12.021455764770508,18957400
2013-06-26,12.092950163126932,12.213198077255576,12.063700838034276,12.174198150634766,22423800
2013-06-27,12.216450388004498,12.317198363041744,12.174201077215177,12.200201034545898,16357200
2013-06-28,12.161200958496025,12.294448878662129,12.112452898681626,12.229450225830078,19521000
2013-07-01,12.226196202582182,12.333444135815546,12.03770152564363,12.076700210571289,25117600
2013-07-02,12.08969848127716,12.161195853608499,12.024699855729489,12.07344913482666,20186200
2013-07-03,12.014957268271141,12.086454680903376,11.985707932275018,12.027956008911133,11410600
2013-07-05,12.066954592680066,12.066954592680066,11.865458638596538,11.992206573486328,27263200
2013-07-08,12.027950532013492,12.196946480845156,12.005201196569402,12.164447784423828,20796200
2013-07-09,12.20670143951616,12.278198845117725,12.18070148130014,12.25220012664795,14982600
2013-07-10,12.22945244249059,12.34969916619029,12.196952490310663,12.320449829101562,17668200
2013-07-11,12.43094118666793,12.525189142877087,12.414691838294651,12.518689155578613,21706400
2013-07-12,12.492690075313819,12.573938062577232,12.43419142530449,12.55768871307373,15647400
2013-07-15,12.55444123267876,12.778685265040357,12.52519190326237,12.762435913085938,24713800
2013-07-16,12.75917977561648,12.775430360282387,12.629183776508084,12.694182395935059,20737000
2013-07-17,12.73643975894817,12.768939712301677,12.635693002918446,12.687691688537598,17620400
2013-07-18,12.707182010722008,12.820929912557038,12.700683264098872,12.79818058013916,15259200
2013-07-19,12.788437397652519,12.840436079014841,12.75593868670595,12.801437377929688,14032400
2013-07-22,12.778684665859194,12.837183321949023,12.775435291519104,12.788434028625488,10515200
2013-07-23,12.788435303956513,12.863184558439269,12.759185972994699,12.820935249328613,9999600
2013-07-24,12.81768374073472,12.81768374073472,12.577190360489169,12.625938415527344,17695200
2013-07-25,12.625942594625025,12.746190564295093,12.61944384359908,12.742939949035645,20812800
2013-07-26,12.703936658576861,12.791684642711607,12.632438025634618,12.788434028625488,14019400
2013-07-29,12.742939701973128,12.863187669311806,12.73643971132673,12.811187744140625,13016800
2013-07-30,12.830682363760877,12.937930305068283,12.814433013796524,12.853431701660156,17715800
2013-07-31,12.80143222902708,12.830681553013076,12.69743490813151,12.759182929992676,32163200
2013-08-01,12.788431675575934,12.882679630795423,12.759182352912845,12.866430282592773,19349600
2013-08-02,12.872935692978217,12.889185048026452,12.778687698053606,12.850186347961426,15608400
2013-08-05,12.804684056650359,12.82743339526897,12.765684127807617,12.765684127807617,11088600
2013-08-06,12.775434457173596,12.775434457173596,12.674686502766145,12.70068645477295,21129800
2013-08-07,12.62918689874614,12.781933506200321,12.609686936173524,12.759182929992676,15427800
2013-08-08,12.768937969441264,12.850185982115622,12.729938030740245,12.807936668395996,15371000
2013-08-09,12.788431377203844,12.827431299675242,12.713683385418992,12.720183372497559,12649400
2013-08-12,12.661683029480654,12.694182960512359,12.609684379575532,12.651933670043945,11240000
2013-08-13,12.642192176844059,12.661690907849996,12.56744290883338,12.583693504333496,19680400
2013-08-14,12.557689445734459,12.58043878431582,12.437442764697836,12.50244140625,17312200
2013-08-15,12.391946168182262,12.456944820647907,12.320447526495435,12.343196868896484,20204800
2013-08-16,12.326947727167664,12.330197101960904,12.135202380965294,12.200201034545898,33884200
2013-08-19,12.206697294725018,12.252195966407708,12.076700027278058,12.096199989318848,24428200
2013-08-20,12.122198663080155,12.30744396280898,12.09619995351521,12.209946632385254,27167000
2013-08-21,12.187200147226365,12.190449521777337,12.018204156415292,12.070202827453613,24639400
2013-08-22,12.102703495051179,12.180700886397373,12.057203570395352,12.13845157623291,16337000
2013-08-23,12.170948765438899,12.27169547641866,12.112450115307341,12.23919677734375,15159200
2013-08-26,12.222949957583415,12.258699277812374,12.135201964224924,12.148201942443848,13152400
2013-08-27,12.070203059347104,12.209949722899811,12.05395370678784,12.141701698303223,18233800
2013-08-28,12.141703018498113,12.226200404841556,12.086453726093877,12.183952331542969,16509800
2013-08-29,12.170955960102734,12.187205319245736,12.089707924641097,12.112457275390625,12186000
2013-08-30,12.12545062610556,12.190448027124646,12.076701335595288,12.122200012207031,15734200
2013-09-03,12.170949280146912,12.229447932752372,11.966203996027803,11.982453346252441,23938400
2013-09-04,11.98570396014494,12.018202660594216,11.878456017119612,11.982453346252441,14636800
2013-09-05,11.962957524317131,12.01170558681823,11.904458857518808,11.933708190917969,17545600
2013-09-06,12.01170374673124,12.09620235904938,11.992205020616336,12.018203735351562,21866800
2013-09-09,12.034446798302026,12.076696082383286,11.975948171034256,12.060446739196777,13015600
2013-09-10,12.09945099918912,12.15470027923584,12.053952321354167,12.15470027923584,16688800
2013-09-11,12.151453599505087,12.161202965127401,11.975957579825092,12.034456253051758,49506000
2013-09-12,12.099452387430835,12.14170169587337,11.98895505440537,12.001955032348633,37638200
2013-09-13,12.034450269433515,12.122198235644571,12.034450269433515,12.092948913574219,20765000
2013-09-16,12.232701643952183,12.307449673283882,12.102705556319556,12.125454902648926,50430600
2013-09-17,12.125453506421696,12.209950891665839,12.125453506421696,12.196950912475586,19447000
2013-09-18,12.174197637471192,12.612937495367387,12.151448301107594,12.560938835144043,59007600
2013-09-19,12.593438760575447,12.642188051676063,12.456942729087277,12.50244140625,40038600
2013-09-20,12.510645513055849,12.52376876341037,12.30721948729329,12.31378173828125,37680400
2013-09-23,12.317066653021318,12.5106487262096,12.2547258784352,12.461432456970215,30776200
2013-09-24,12.467990910649457,12.494239913344856,12.41221365735374,12.454866409301758,23943400
2013-09-25,12.467991503242644,12.500801506549987,12.36299799071347,12.369560241699219,27723800
2013-09-26,12.389244682333723,12.428618184877262,12.307218429466621,12.353154182434082,17135400
2013-09-27,12.333470217011147,12.376124228590568,12.23175718989763,12.27441120147705,15275600
2013-09-30,12.228473874156846,12.29737562587485,12.198944373188946,12.261283874511719,19191600
2013-10-01,12.300660291825013,12.340032551905335,12.25472452817279,12.297378540039062,15713600
2013-10-02,12.25800339333992,12.340029645970278,12.212068892126327,12.310500144958496,19228200
2013-10-03,12.290813841664109,12.290813841664109,12.12019907978061,12.16613483428955,18608000
2013-10-04,12.179258171004337,12.235036676067475,12.149728668705343,12.189102172851562,8914000
2013-10-07,12.139885779898682,12.23503653640052,12.110356277936779,12.130043029785156,10272200
2013-10-08,12.153010645770369,12.310500910418758,12.1366056445485,12.215350151062012,24513200
2013-10-09,12.23503691862438,12.43518118799411,12.208787915339855,12.264566421508789,28637600
2013-10-10,12.333465083798371,12.46798806283251,12.205504353939194,12.448301315307617,23396800
2013-10-11,12.431900261056764,12.530331526657385,12.39909025639704,12.507364273071289,13817200
2013-10-14,12.46799271756076,12.46799271756076,12.264567923675635,12.43846321105957,52681600
2013-10-15,12.438461687593993,12.438461687593993,12.24159916944551,12.264566421508789,23992200
2013-10-16,12.317061569259298,12.38268281728663,12.264564821161674,12.376120567321777,25750200
2013-10-17,12.340029332980604,12.60251308441591,12.277688581525107,12.576265335083008,32164400
2013-10-18,12.61892020481454,12.65501196138111,12.563142945845453,12.609077453613281,21954200
2013-10-21,12.609074660255793,12.62876140991846,12.52704841409312,12.582825660705566,14803800
2013-10-22,12.641890662226809,12.792819978080777,12.589393889814668,12.743603706359863,39260400
2013-10-23,12.720635614053265,12.894530926607446,12.720635614053265,12.753445625305176,28342600
2013-10-24,12.79937704367895,12.79937704367895,12.661573527829567,12.727194786071777,15733200
2013-10-25,12.717352098092562,12.871561883155795,12.664855336397645,12.861719131469727,13100200
2013-10-28,12.855157909830353,12.910935176015963,12.789536639548395,12.835471153259277,19642400
2013-10-29,12.832185040464744,12.884681783405089,12.802655544334483,12.8518705368042,15844000
2013-10-30,12.87483782916771,12.943739563143497,12.756719855711525,12.769843101501465,24635600
2013-10-31,12.72391414642334,12.809222165077772,12.57626786700564,12.72391414642334,33806000
2013-11-01,12.737037739204736,12.855155755594003,12.730475488114063,12.815783500671387,24713800
2013-11-04,12.858434571300666,12.868278572458145,12.730473820844708,12.842029571533203,12430800
2013-11-05,12.825625174734576,12.92733818066866,12.750161170959473,12.750161170959473,21466400
2013-11-06,12.763287183916947,12.930620211827332,12.763287183916947,12.924057960510254,20235400
2013-11-07,12.93718012602506,12.996239125588215,12.779689877730393,12.802657127380371,24793400
2013-11-08,12.710789937412947,12.78297219588896,12.5532984150874,12.779691696166992,39977200
2013-11-11,12.77969185422821,12.84859361383444,12.710790094621977,12.776410102844238,14919400
2013-11-12,12.743598691752053,12.776408692240734,12.605793936132756,12.668134689331055,22484400
2013-11-13,12.58939110012102,12.730476379394531,12.527051587827273,12.730476379394531,19193000
2013-11-14,12.769846070610868,12.887964071530599,12.740317822002188,12.842029571533203,37658600
2013-11-15,12.812499371791088,12.917492866516113,12.796094372919274,12.917492866516113,15583400
2013-11-18,12.940466704309737,12.95031070994216,12.851878163348857,12.901094436645508,24412600
2013-11-19,12.845312224856569,12.891246728080914,12.779690969555505,12.805938720703125,20159200
2013-11-20,12.792815103398596,12.864997355696742,12.651729846622196,12.6648530960083,30488000
2013-11-21,12.674699071933883,12.766568090053738,12.632045062826164,12.694384574890137,15936200
2013-11-22,12.677984216711963,12.723918742600898,12.625487436892902,12.68454647064209,13729800
2013-11-25,12.694381568927687,12.72391106799114,12.632042071625376,12.635322570800781,13934800
2013-11-26,12.622202595275336,12.641888098674402,12.504084568394827,12.51064682006836,23437800
2013-11-27,12.523769190157246,12.540175443996887,12.431900176438173,12.484396934509277,16938600
2013-11-29,12.474556108585405,12.556582383956203,12.445026599387054,12.477836608886719,5887000
2013-12-02,12.49424272053731,12.517209977245374,12.35971842893063,12.425339698791504,14358800
2013-12-03,12.408930870590446,12.50736211924071,12.362996371328403,12.487676620483398,19736400
2013-12-04,12.42205566903162,12.550016420510758,12.389244417613082,12.54345417022705,14787800
2013-12-05,12.48439594705011,12.507363198663272,12.425336942438737,12.441741943359375,19452600
2013-12-06,12.48439448774528,12.638604231940612,12.467989488742226,12.61235523223877,14830600
2013-12-09,12.632046532718642,12.632046532718642,12.48439898525864,12.536895751953125,14483800
2013-12-10,12.540173117660057,12.543453616846552,12.39252562184357,12.412212371826172,19196000
2013-12-11,12.395806896980702,12.412213148803803,12.294095144756684,12.310500144958496,17436000
2013-12-12,12.320341093754978,12.40892958384036,12.303936095951263,12.326903343200684,15514800
2013-12-13,12.343310303514942,12.523767811289641,12.277689050245606,12.307218551635742,12392400
2013-12-16,12.336746273651153,12.458146012756949,12.336746273651153,12.372838020324707,19348400
2013-12-17,12.340029839160403,12.395807091044052,12.294095337227677,12.349872589111328,11379200
2013-12-18,12.35643905600372,12.527053872559339,12.221916003745486,12.51392936706543,38494400
2013-12-19,12.487682245692087,12.487682245692087,12.310505167337578,12.4220609664917,32146400
2013-12-20,12.435651565992142,12.598144636396526,12.435651565992142,12.545085906982422,30735800
2013-12-23,12.614727595273058,12.614727595273058,12.492028232883454,12.495345115661621,33831200
2013-12-24,12.485394678264068,12.578247138483777,12.435651565992142,12.545085906982422,9874400
2013-12-26,12.558353585178311,12.568302969769757,12.465501095793426,12.488714218139648,20616400
2013-12-27,12.47876472225077,12.568301583576764,12.47876472225077,12.538455963134766,25595200
2013-12-30,12.51192273132758,12.594827070600903,12.51192273132758,12.56829833984375,11328800
2013-12-31,12.558351133265061,12.611409868985762,12.54508739809992,12.591513633728027,14043600
2014-01-02,12.574933446171983,12.598147832135536,12.382595977638577,12.399176597595215,40830400
2014-01-03,12.419070039035986,12.432335036671214,12.30632008917616,12.359378814697266,27533600
2014-01-06,12.36269725331905,12.415755990950545,12.322903516350452,12.379279136657715,22472200
2014-01-07,12.429022970672138,12.498662337710803,12.38922922736723,12.488714218139648,17296400
2014-01-08,12.462184990901875,12.47876561121301,12.389228743508589,12.42238998413086,28752800
2014-01-09,12.465499495758761,12.501977616197827,12.402492638195005,12.495345115661621,18738600
2014-01-10,12.574932209406226,12.763955306385867,12.555035973423173,12.674418449401855,53048200
2014-01-13,12.664467099399236,12.677732098007734,12.531820908373922,12.545085906982422,24834000
2014-01-14,12.564987829336859,12.614730964132615,12.521877196848568,12.56167221069336,15348200
2014-01-15,12.551719699426647,12.598147204018762,12.525190961822732,12.538455963134766,11903800
2014-01-16,12.521871997831575,12.627990725670601,12.521871997831575,12.624673843383789,16715000
2014-01-17,12.627991371352772,12.651204488467611,12.591513254452309,12.621358871459961,8632600
2014-01-21,12.66778671045187,12.76727169140685,12.654521708985827,12.760639190673828,11455400
2014-01-22,12.76727134618704,12.813697585042682,12.737425726205538,12.773903846740723,14949400
2014-01-23,12.750689850659217,12.76727046839338,12.664468614409492,12.737424850463867,18847800
2014-01-24,12.714211071158884,12.787167303417618,12.594828605651855,12.594828605651855,30035200
2014-01-27,12.618041343830102,12.677732574793332,12.578247611527932,12.624673843383789,16843600
2014-01-28,12.65783371142924,12.67773120794505,12.608091867669422,12.671098709106445,15803200
2014-01-29,12.61804062868557,12.724158085490304,12.61140812950779,12.664466857910156,22085200
2014-01-30,12.684366799826952,12.876705517988231,12.684366799826952,12.860123634338379,16803800
2014-01-31,12.78384873034503,12.99276801735239,12.730790004361234,12.966238021850586,28027200
2014-02-03,12.992770146653438,13.135365733295169,12.846858942540512,12.863439559936523,41110800
2014-02-04,12.926443359369125,12.926443359369125,12.730789084253427,12.787164688110352,21823800
2014-02-05,12.760636706898199,12.780534205224342,12.687680478055595,12.730791091918945,15622400
2014-02-06,12.750691564569433,12.830279046399353,12.707580940649766,12.823646545410156,21078200
2014-02-07,12.863442987093242,12.903236732449765,12.813699856632322,12.893288612365723,20122000
2014-02-10,12.846862766367666,12.99608963236868,12.810384638226832,12.989457130432129,14652800
2014-02-11,12.9927686900357,13.1552604933277,12.9695555752797,13.112151145935059,20196400
2014-02-12,13.10883613445283,13.151946753017254,13.049144897985181,13.12873363494873,11637800
2014-02-13,13.075668965513199,13.28458819835209,13.069036468357417,13.271323204040527,16418200
2014-02-14,13.241484072937997,13.367499050465934,13.214954071344703,13.357549667358398,14478800
2014-02-18,13.390706987739721,13.447081321780946,13.36417699641236,13.403970718383789,19472400
2014-02-19,13.394025295227845,13.473614020181016,13.29785595487356,13.327701568603516,20743400
2014-02-20,13.324392062005009,13.47693581768257,13.31775955979897,13.430509567260742,19243400
2014-02-21,13.44045097431258,13.569781540176281,13.433818475419592,13.447083473205566,18419400
2014-02-24,13.463666068709847,13.576416036438825,13.407291717355358,13.413924217224121,14203400
2014-02-25,13.440452987290264,13.520041720906299,13.374130518466906,13.397343635559082,13142200
2014-02-26,13.46366683325913,13.473616216137263,13.340968741269458,13.354233741760254,19662000
2014-02-27,13.337652553496229,13.413924405527705,13.277961318859417,13.321070671081543,13822800
2014-02-28,13.344284866132105,13.440452951679175,13.337652366263342,13.413924217224121,17664000
2014-03-03,13.360862557836548,13.400656283316005,13.261377611628044,13.28127384185791,28474400
2014-03-04,13.367496151343047,13.42718737696211,13.347598654463418,13.37744426727295,19471600
2014-03-05,13.3575469428509,13.39070943807844,13.274642602311816,13.287907600402832,18069200
2014-03-06,13.314439965555254,13.340968701437562,13.181792491083492,13.221586227416992,27529000
2014-03-07,13.171841452606996,13.261378288269043,13.105517730077356,13.261378288269043,27624800
2014-03-10,13.221579859536183,13.28127106779752,13.178470526362574,13.228212356567383,21968800
2014-03-11,13.244796855470943,13.264694352406693,13.132046902874691,13.19173812866211,15842000
2014-03-12,13.171844716285754,13.36086655006761,13.171844716285754,13.357549667358398,15596000
2014-03-13,13.367498443552787,13.5266746508253,13.347600943261208,13.49682903289795,42867400
2014-03-14,13.453718912195825,13.602947007349925,13.443770794192249,13.559836387634277,25632400
2014-03-17,13.589682766778353,13.662639009605494,13.516726523951213,13.649374008178711,19267800
2014-03-18,13.65600272805234,13.685848340489377,13.596311503178264,13.629472732543945,15949000
2014-03-19,13.632791652813316,13.656004769843989,13.357548600849631,13.413924217224121,51130200
2014-03-20,13.377446672128453,13.443770408630371,13.281277317451677,13.443770408630371,25207400
2014-03-21,13.515659183014261,13.679506189082419,13.495597169394747,13.545753479003906,27598000
2014-03-24,13.555786918425,13.639382050469218,13.492253801712682,13.582536697387695,19989000
2014-03-25,13.609289014689312,13.659445333233455,13.508975102040422,13.639383316040039,20895200
2014-03-26,13.659444065801118,13.689538364359457,13.579193453352541,13.582536697387695,15633000
2014-03-27,13.57584764507865,13.702912590881244,13.539066861941393,13.69288158416748,26842600
2014-03-28,13.666134765546298,13.722980130840819,13.636040460522318,13.712947845458984,15402800
2014-03-31,13.78985287283725,13.916916548963435,13.736352041952427,13.863415718078613,17405800
2014-04-01,13.870105500245758,13.870105500245758,13.716290748508463,13.766447067260742,20275600
2014-04-02,13.746392250061035,13.796548595084174,13.689546861694613,13.746392250061035,23314600
2014-04-03,13.749727466424224,13.83332260153841,13.733008694513494,13.789854049682617,10953600
2014-04-04,13.846696947594687,14.017230447427421,13.816602650499448,13.863415718078613,27240200
2014-04-07,13.853389034814397,13.990485036469625,13.833325738635283,13.84001350402832,26768800
2014-04-08,13.843353404709795,14.057356723626672,13.746382752212961,14.037293434143066,23726400
2014-04-09,14.02391996734127,14.067389796492764,13.860074210291199,14.007201194763184,36243400
2014-04-10,14.017232868322694,14.11754805967239,13.906887943622928,13.95370101928711,32002400
2014-04-11,13.950354204205814,14.037292568821377,13.910227627712183,13.940321922302246,35646800
2014-04-14,14.003853280653061,14.070729624224962,13.926945931991433,14.02391529083252,19273400
2014-04-15,14.023921725101657,14.217863082885742,14.023921725101657,14.217863082885742,30050000
2014-04-16,14.21451595350609,14.321518898010252,14.18776617405043,14.321518898010254,24827600
2014-04-17,14.278050335595024,14.351613192281862,14.124235582314535,14.14429759979248,35978600
2014-04-21,14.14429368911698,14.24460757545336,14.060698571243286,14.127574920654297,22112600
2014-04-22,14.150984426116972,14.161015434191022,14.05735828259773,14.1476411819458,21521600
2014-04-23,14.147640582632866,14.308143082821266,14.13092053580368,14.154328346252441,34032200
2014-04-24,14.164358625606924,14.288079057306508,14.08745126127689,14.251296997070312,22518600
2014-04-25,14.244607307754938,14.415142059326172,14.244607307754938,14.415142059326172,32912600
2014-04-28,14.395078224007248,14.508767628871713,14.364983932261943,14.485361099243164,37239600
2014-04-29,14.468647405379883,14.53217925442717,14.381707742935548,14.425177574157715,34932800
2014-04-30,14.415147008801748,14.54555523092029,14.415147008801748,14.44858455657959,43656400
2014-05-01,14.448579496296048,14.552237899000474,14.35160885591709,14.508768081665039,37807800
2014-05-02,14.408456661758144,14.431863196119702,14.147640264266247,14.211172103881836,55864200
2014-05-05,14.197795385161504,14.348266861683916,14.191107622253801,14.338235855102539,29828400
2014-05-06,14.311491424788656,14.361649032022031,14.25799057233483,14.268021583557129,21089400
2014-05-07,14.298116752833291,14.5087769300996,14.28474249558606,14.498745918273926,27319800
2014-05-08,14.495394161082174,14.505426443460676,14.311485141241112,14.34157943725586,30322200
2014-05-09,14.324858826428713,14.371671886310994,14.124231062487445,14.1309175491333,24348200
2014-05-12,14.161015585484504,14.177735633200607,13.983794304626675,14.000513076782227,27231400
2014-05-13,14.030608193050703,14.10082780552504,13.973764109303085,14.033952713012695,17256600
2014-05-14,14.060699071907695,14.194451775492295,14.017229251908653,14.104168891906738,40224000
2014-05-15,14.10751660341938,14.177737496598798,14.033953741154388,14.047327995300293,23125000
2014-05-16,14.060696459658702,14.10416627158176,13.997164638817372,14.090790748596191,20182000
2014-05-19,14.054010951554739,14.077417482752395,13.863414182910805,13.873446464538574,26918000
2014-05-20,13.873446464538574,13.960384826764114,13.786506826752753,13.873446464538574,21571800
2014-05-21,13.91357054845701,13.920258310437648,13.836663199019915,13.883476257324219,13807800
2014-05-22,13.890171610279888,14.037298627578311,13.883483844644386,13.997173309326172,10420000
2014-05-23,13.963732719421387,14.040641376746075,13.960389474805869,13.963732719421387,17818400
2014-05-27,14.090797333640584,14.161016948790392,14.054015266020969,14.074078559875488,18907200
2014-05-28,14.074077742548562,14.171048410539665,14.057358969754379,14.157672882080078,25056000
2014-05-29,14.154327320882352,14.20114038726767,14.094138728226833,14.197795867919922,19632600
2014-05-30,14.154329726289175,14.298112193667075,14.154329726289175,14.291425704956055,16557200
2014-06-02,14.251300054674976,14.321520946355555,14.224550271393413,14.288082122802734,14490200
2014-06-03,14.261328831590122,14.368330489518025,14.247953305459038,14.34157943725586,16007200
2014-06-04,14.31817445492927,14.344925510088508,14.254642612266856,14.334893226623535,14061400
2014-06-05,14.32151648036848,14.478674437596556,14.31148419865073,14.455267906188965,16829000
2014-06-06,14.468646974719736,14.535523341787727,14.395082843388884,14.405115127563477,16174200
2014-06-09,14.378361306293527,14.428518890841952,14.284735175734188,14.308141708374023,16995200
2014-06-10,14.274698257446287,14.351605593365484,14.244603971603128,14.274698257446289,17844400
2014-06-11,14.257985800542256,14.257985800542256,14.087452289031793,14.09414005279541,20601600
2014-06-12,14.060703055581431,14.18108026780074,13.92026382503269,14.13761043548584,33293800
2014-06-13,14.124232876045252,14.251296547594986,14.060699764710005,14.227890014648438,16833000
2014-06-16,14.241268292715018,14.441896121185662,14.214517235286598,14.32486343383789,39471400
2014-06-17,14.294772836911433,14.331554912628327,14.221208685477647,14.304803848266602,22852600
2014-06-18,14.298111190636742,14.629148483276367,14.291424702394787,14.629148483276367,71718800
2014-06-19,14.632494906259918,14.76959090509301,14.62246389615726,14.749528884887695,44431200
2014-06-20,14.767737234178433,14.787970807174103,14.64633065033133,14.659820556640625,19201600
2014-06-23,14.700288792871039,14.713778699000262,14.541785612023316,14.609233856201172,18760400
2014-06-24,14.622721669639121,14.700286689079256,14.605859932624842,14.65307331085205,18392200
2014-06-25,14.622725073532038,14.727268639237163,14.61260828626209,14.707035064697266,24282200
2014-06-26,14.707034871655171,14.764365047390202,14.659821483057298,14.750876426696777,25894200
2014-06-27,14.737385526428756,14.845302203514114,14.690172141012445,14.808205604553223,15382200
2014-06-30,14.821692615780698,14.95996091169353,14.77447923958627,14.926236152648926,25319200
2014-07-01,14.909377335615453,14.932984028334854,14.77448213242862,14.777853965759277,19635000
2014-07-02,14.73739029511934,14.744135250428226,14.440618693871803,14.491205215454102,34737600
2014-07-03,14.366423260580632,14.460851333901433,14.268624639827227,14.3326997756958,24402600
2014-07-07,14.325954230600349,14.460850737513303,14.322582396838321,14.400147438049316,24500800
2014-07-08,14.413641488136387,14.518185088892,14.400151576274759,14.49795150756836,26636400
2014-07-09,14.4979444243699,14.52829606799539,14.390026468670687,14.457474708557129,20881000
2014-07-10,14.430493716113986,14.568762005319401,14.417003813150542,14.555272102355957,20881200
2014-07-11,14.545157654565688,14.575509297874447,14.423751081330652,14.443985939025879,18266000
2014-07-14,14.487827376129117,14.521552141689968,14.271994022412732,14.278738975524902,16613600
2014-07-15,14.27536694629526,14.39002728822382,14.27536694629526,14.35293197631836,17890800
2014-07-16,14.400147438049316,14.417009179796327,14.282112672883375,14.400147438049316,14987400
2014-07-17,14.457477875007694,14.457477875007694,14.26187935161237,14.268624305725098,16122800
2014-07-18,14.285481829196476,14.423750131504946,14.228150379402777,14.413633346557617,10431800
2014-07-21,14.396774317818855,14.443988995766292,14.31920927660786,14.400147438049316,11157000
2014-07-22,14.427125978532535,14.45747762828763,14.369795799255373,14.369795799255371,9367400
2014-07-23,14.369795614639,14.410264051636398,14.346188919184817,14.383285522460938,14994200
2014-07-24,14.356301098783568,14.450727850291544,14.332694410906575,14.42712116241455,12080600
2014-07-25,14.427127323436181,14.460852096568146,14.292232090313984,14.31246566772461,11894800
2014-07-28,14.27874320752109,14.541790024517365,14.255136507865972,14.511438369750977,17213200
2014-07-29,14.545159203020097,14.605862496099991,14.356304370497282,14.37653923034668,16371200
2014-07-30,14.33607150815797,14.410264718141805,14.069652891928557,14.13372802734375,29498200
2014-07-31,14.046044567173741,14.137098222457324,13.901031284361625,13.911148071289062,30104400
2014-08-01,13.867306118058691,14.073022689451609,13.833582638292238,13.965106010437012,31075400
2014-08-04,13.961736293587222,13.9819698699271,13.654847949903694,13.890914916992188,60365000
2014-08-05,13.894289854982373,13.90103481013419,13.661593404885028,13.722296714782715,29531800
2014-08-06,13.668336920115877,13.681826828998384,13.513206827372603,13.546930313110352,99782400
2014-08-07,13.607635471902316,13.756021916904126,13.607635471902316,13.70206356048584,25176400
2014-08-08,13.756015522021452,13.981965632462103,13.752642402674761,13.975220680236816,40020200
2014-08-11,13.998823955897508,14.035920540855788,13.904397220707546,13.92463207244873,17141200
2014-08-12,13.921265217286914,13.981968513353904,13.88754173568008,13.914520263671875,13760200
2014-08-13,13.931380447094822,14.00894546813168,13.887538900780738,13.978593826293945,13586600
2014-08-14,13.958359901620758,14.110118120942785,13.958359901620758,14.100001335144043,12037400
2014-08-15,14.110118676997077,14.238270210193475,14.076395198693506,14.153960227966309,19427800
2014-08-18,14.167447509737283,14.228150794126787,14.093255607180868,14.116862297058105,16381600
2014-08-19,14.133728702458995,14.29897687264306,14.126983747913876,14.29560375213623,15437400
2014-08-20,14.288855930586635,14.339442436290767,14.238270711350783,14.325952529907227,11174000
2014-08-21,14.325951597320541,14.440613221179854,14.315834811425606,14.359676361083984,17098200
2014-08-22,14.417007679178663,14.417007679178663,14.23489779974191,14.315835952758789,13779800
2014-08-25,14.346185111816592,14.45072865352051,14.336067040401188,14.413633346557617,13757200
2014-08-26,14.420382610949007,14.460852339386909,14.241645812988281,14.241645812988281,13068800
2014-08-27,14.292225987721613,14.4001426427278,14.255129396350485,14.396769523620605,10484400
2014-08-28,14.376542391920742,14.501320838928224,14.336072663322168,14.501320838928223,20624400
2014-08-29,14.491200575354563,14.60248908614475,14.477710669056277,14.595744132995605,11713000
2014-09-02,14.575512721784431,14.619352994053628,14.376541077013163,14.46422290802002,25563400
2014-09-03,14.467596744533475,14.58900206582953,14.467596744533475,14.535043716430664,16934000
2014-09-04,14.487825802689933,14.568763944777485,14.450729207835977,14.528295516967773,18473400
2014-09-05,14.578882928341779,14.717151256802417,14.538414494430166,14.710406303405762,18108400
2014-09-08,14.72389722171898,14.72389722171898,14.555277234623496,14.622725486755371,13576800
2014-09-09,14.582256926515221,14.585628760182464,14.430498682121378,14.454105377197266,26829000
2014-09-10,14.42375467846254,14.470968071724428,14.342816513964673,14.390029907226562,21080800
2014-09-11,14.403521660907959,14.535045069406095,14.366425051030301,14.511438369750977,18721000
2014-09-12,14.430495643736673,14.450729214416683,14.218034146319706,14.251757621765137,34885000
2014-09-15,14.312465495264759,14.376541920209117,14.251762190827227,14.29560375213623,21656400
2014-09-16,14.298970199784463,14.514803498631816,14.282107178056814,14.477706909179688,24455600
2014-09-17,14.508061780211792,14.551903330831045,14.376538414822257,14.450730323791504,31086800
2014-09-18,14.464221057900536,14.501317657743646,14.295601085136076,14.346187591552734,24995200
2014-09-19,14.407436307292393,14.489103971054607,14.366603124443026,14.475492477416992,19314800
2014-09-22,14.438063207853865,14.455076927859343,14.335979589757361,14.366604804992676,24621400
2014-09-23,14.366601994791859,14.383615711469345,14.284934337451203,14.325767517089844,19615800
2014-09-24,14.329178242972965,14.34959419402431,14.22709459352415,14.274733543395996,16693600
2014-09-25,14.281538602832127,14.325774026681366,14.186259409629534,14.18966293334961,19290400
2014-09-26,14.176046035212789,14.267921669701638,14.087573923147676,14.210073471069336,13619400
2014-09-29,14.179452433688198,14.312162587947986,14.135217013665455,14.301953315734863,11150000
2014-09-30,14.318962583134173,14.475490848158605,14.27472588282263,14.322364807128906,23220800
2014-10-01,14.383615468707942,14.540143736400381,14.332573021473586,14.404032707214355,35271400
2014-10-02,14.393821555311465,14.492502914750364,14.359794126983727,14.383613586425781,26489400
2014-10-03,14.383616842458306,14.49931194225108,14.295143431877284,14.475492477416992,18352400
2014-10-06,14.492506195432272,14.557158843115728,14.41083853167006,14.475492477416992,11044200
2014-10-07,14.478898549838885,14.61501092626255,14.421051633600312,14.455079078674316,24451600
2014-10-08,14.478897262985434,14.798760929733099,14.455077793937889,14.781745910644531,35153000
2014-10-09,14.795360403654604,14.860013075870668,14.529942667325107,14.54015064239502,31548200
2014-10-10,14.574175494416698,14.747717514545531,14.574175494416698,14.608202934265137,36548800
2014-10-13,14.638828806661556,14.795357113894546,14.587786346533385,14.594592094421387,34227000
2014-10-14,14.642231692252242,14.900844931410576,14.594592752950375,14.727301597595215,44017000
2014-10-15,14.686471342313148,14.832791712597595,14.257719504825141,14.533345222473145,45711400
2014-10-16,14.390426780412392,14.577580329214905,14.271328123491624,14.546955108642578,41751200
2014-10-17,14.611603709595478,14.659243937946592,14.421047988445006,14.632020950317383,31231400
2014-10-20,14.676261579193188,14.846401403164151,14.61841336404986,14.83619213104248,20948600
2014-10-21,14.8702162019955,14.911049383459613,14.78854854100384,14.887229919433594,20176000
2014-10-22,14.87022322441941,15.09480777562665,14.866819700486426,14.97911262512207,27897200
2014-10-23,15.019944849854607,15.101612544106754,14.95188865432181,15.006333351135254,18925000
2014-10-24,15.030146180242303,15.196883720682095,15.013132463396625,15.152647018432617,21233000
2014-10-27,15.149249907078248,15.2241118441408,15.081193718663549,15.118624687194824,16625600
2014-10-28,15.135635279920834,15.230913145160837,15.043759639269307,15.224108695983887,21548200
2014-10-29,15.23431484471069,15.288759518055764,14.982507419200097,15.13563346862793,30615400
2014-10-30,15.152647550780163,15.479316896785447,15.14584180419011,15.469107627868652,67734800
2014-10-31,15.506546372874734,15.526963622898965,15.346614492845152,15.472518920898438,32197800
2014-11-03,15.489523665329054,15.622232468375497,15.472509949206263,15.574593544006348,26257000
2014-11-04,15.58140192062035,15.659666066448914,15.418067881752448,15.492928504943848,30372400
2014-11-05,15.482722221880845,15.860432795863074,15.482722221880845,15.843419075012207,43090200
2014-11-06,15.822997433976441,15.822997433976441,15.482717919267271,15.574593544006348,74182200
2014-11-07,15.615429443518655,15.74133252244367,15.560984763599983,15.737930297851562,23574000
2014-11-10,15.717511250293358,15.833206344086054,15.663066576629937,15.816192626953125,18869800
2014-11-11,15.812788363235446,15.843413569350076,15.700495508127382,15.758343696594238,11126000
2014-11-12,15.778761292538388,15.778761292538388,15.411260078627404,15.482718467712402,36118800
2014-11-13,15.503142377165435,15.567795047765706,15.3125852928843,15.35682201385498,30232600
2014-11-14,15.319382061471215,15.367020980098266,15.258131652361241,15.292159080505371,15695600
2014-11-17,15.30917852250718,15.520151493786942,15.268344039242539,15.492928504943848,17124800
2014-11-18,15.530357034616245,15.615426914339658,15.441884930851769,15.537162780761719,13373400
2014-11-19,15.496325493245413,15.567783861731353,15.421463603557472,15.523547172546387,24266800
2014-11-20,15.475918112332982,15.56439154702591,15.424876944376756,15.489529609680176,16630200
2014-11-21,15.557581274648781,15.629039667847724,15.411260965871826,15.550775527954102,29753400
2014-11-24,15.571192228804511,15.595012992428469,15.404455969881429,15.421469688415527,23462600
2014-11-25,15.42827543544187,15.448692676520897,15.326191826173766,15.421469688415527,26221200
2014-11-26,15.414667672334444,15.537168552331522,15.414667672334444,15.489529609680176,13653000
2014-11-28,15.503141872159809,15.72432287368049,15.503141872159809,15.652864456176758,15589200
2014-12-01,15.622232706353534,15.812789704796282,15.526954856163838,15.683483123779297,38350600
2014-12-02,15.656264620842213,15.836613700694746,15.58820973583312,15.78897476196289,26666200
2014-12-03,15.799182310504401,15.805988058435155,15.652861975152447,15.74473762512207,16355000
2014-12-04,15.737928717145271,15.812790631288205,15.659664578751944,15.731122970581055,27733200
2014-12-05,15.571196349816478,15.676683509547331,15.530363154915188,15.608627319335938,34148800
2014-12-08,15.60862889104516,15.795782459424005,15.605226665320743,15.734533309936523,24212000
2014-12-09,15.642650154762663,15.850220872372821,15.642650154762663,15.812789916992188,21023200
2014-12-10,15.805984981662652,15.921680077837008,15.608622224280275,15.61542797088623,18828800
2014-12-11,15.567786411348326,15.894454404838168,15.448689111033245,15.771953582763672,19433600
2014-12-12,15.734527220892335,15.86043029299696,15.622234344482422,15.622234344482422,21926200
2014-12-15,15.6596694323286,15.717516348958425,15.407861923660846,15.489529609680176,22074200
2014-12-16,15.465706983243177,15.72091666515127,15.356817622807476,15.47591495513916,29683400
2014-12-17,15.526951979722375,15.78896731726781,15.496326776682958,15.75153636932373,37394800
2014-12-18,15.822999423673608,16.06800112045274,15.758346775051779,16.061195373535156,29327400
2014-12-19,16.121961967238256,16.194057310488432,16.001803061821295,16.087631225585938,35964000
2014-12-22,16.132261908581594,16.142560868940574,15.991503775262318,16.128828048706055,22601400
2014-12-23,16.03613504289498,16.255854949573045,16.03613504289498,16.170026779174805,19162200
2014-12-24,16.135699959157215,16.509910925489,16.135699959157215,16.468713760375977,28824800
2014-12-26,16.461838672212302,16.739921027213263,16.461838672212302,16.66782569885254,39708200
2014-12-29,16.678127360617882,16.93561182025138,16.667827091681637,16.860082626342773,49041800
2014-12-30,16.84635109050507,16.849784950289898,16.485873081491548,16.509904861450195,26030800
2014-12-31,16.551096547247287,16.578562177923253,16.19061865724205,16.211217880249023,30313000
2015-01-02,16.365712541674775,16.365712541674775,16.104795517548048,16.28675079345703,33829400
2015-01-05,16.341681856934326,16.341681856934326,16.01553588233576,16.087631225585938,47823600
2015-01-06,16.09449645079554,16.3828791121963,16.087630041043884,16.097929000854492,38787400
2015-01-07,16.197494931364336,16.324520276532812,16.067035725453007,16.255857467651367,28644600
2015-01-08,16.351984788123655,16.43094655448065,16.31078631987596,16.369150161743164,28055400
2015-01-09,16.372583256022253,16.41378172563733,16.180328969688293,16.266157150268555,17845400
2015-01-12,16.283321627499078,16.33825160765929,16.121964237813568,16.228391647338867,21750000
2015-01-13,16.314216941083078,16.527070412896446,16.190624180148284,16.273019790649414,31959000
2015-01-14,16.273018279629074,16.437808175696077,16.166590898787735,16.413776397705078,30926000
2015-01-15,16.44124549298704,16.588870063242986,16.393181923068187,16.544239044189453,29080400
2015-01-16,16.540801218674872,16.69872470080107,16.492737664082867,16.691858291625977,25977400
2015-01-20,16.739918305486846,16.791415708590783,16.571695899996264,16.73305320739746,22477600
2015-01-21,16.715892169646562,16.91844668204953,16.575134037951877,16.8944149017334,27644400
2015-01-22,16.939043457879254,16.98710701154763,16.702158239242152,16.822317123413086,35062200
2015-01-23,16.877256351167063,16.95278558247099,16.81545994548827,16.870389938354492,14190600
2015-01-26,16.856648766819465,16.873815445168646,16.705591688635938,16.860082626342773,16258200
2015-01-27,16.818891990936347,16.973381678820214,16.784559930580006,16.88412094116211,17492000
2015-01-28,16.89441442458023,17.09010252141832,16.695293777636984,16.73992347717285,27390600
2015-01-29,16.698732287224598,16.99398146772041,16.643802298502184,16.963083267211914,24089600
2015-01-30,16.942476850854803,16.942476850854803,16.568266051996666,16.588865280151367,29831800
2015-02-02,16.585435163424897,16.722759442367877,16.413778832520773,16.66096305847168,44798600
2015-02-03,16.63005898173728,16.78111733764441,16.554531113417124,16.722753524780273,32319000
2015-02-04,16.674695500296814,16.753657253562114,16.47900739228415,16.520204544067383,27718000
2015-02-05,16.56826789847064,16.705593482205725,16.472140775636376,16.671262741088867,26330600
2015-02-06,16.56483812525987,16.599168872132182,15.885079122042601,15.984640121459961,64368400
2015-02-09,15.950300025100976,16.063593790014416,15.768344801052173,15.843873977661133,39484400
2015-02-10,15.830147957792786,16.194058562115597,15.809548725428986,16.170026779174805,41782200
2015-02-11,16.104794946760318,16.104794946760318,15.782081555529736,15.819846153259277,39086200
2015-02-12,15.85074765104027,15.864480474150083,15.692824114179707,15.747754096984863,41164000
2015-02-13,15.713422295229378,15.737454079243125,15.383842420497398,15.507433891296387,65308600
2015-02-17,15.459372735008925,15.655060898011502,15.356379171791916,15.493704795837402,52747400
2015-02-18,15.483404833219716,15.88164757937548,15.455940493640474,15.86104965209961,64208000
2015-02-19,15.82671346562997,15.87134447915247,15.627592799266484,15.682522773742676,28572800
2015-02-20,15.737443859488376,15.737443859488376,15.48339205250685,15.685946464538574,27740200
2015-02-23,15.713425230779768,15.802685972415771,15.66879420514464,15.792387008666992,17977000
2015-02-24,15.812981039561715,15.994936323932857,15.74431824802968,15.90910816192627,28665000
2015-02-25,15.895372766993,15.909105585001758,15.631021913675669,15.648188591003418,23783800
2015-02-26,15.723718305573508,15.723718305573508,15.510864840134495,15.545195579528809,28517800
2015-02-27,15.541767987871928,15.582965150215356,15.455939802369853,15.528035163879395,24968800
2015-03-02,15.517731810435848,15.517731810435848,15.122921744972027,15.229349136352539,55060000
2015-03-03,15.219053678343561,15.339212607848856,15.126359085739145,15.322047233581543,37113600
2015-03-04,15.28770883184156,15.28770883184156,15.184715319340306,15.236212730407715,24124000
2015-03-05,15.273983283328318,15.4250404066256,15.273983283328318,15.356377601623535,23115800
2015-03-06,15.109190044379543,15.146954647655756,14.837974030151468,14.896336555480957,53594000
2015-03-09,14.934105154272777,14.99933410761621,14.892907989510304,14.923806190490723,26060200
2015-03-10,14.88260373435617,15.07485930120148,14.8551394017405,14.896336555480957,27244000
2015-03-11,14.844836231897693,14.982160475309607,14.765873187634764,14.80020523071289,19976400
2015-03-12,14.899770773661103,15.143522461131525,14.879171541478867,15.08172607421875,34158000
2015-03-13,15.061122531742603,15.061122531742603,14.789906588614883,14.927230834960938,27968200
2015-03-16,15.037094534293093,15.294579034228365,15.01306275240318,15.18471908569336,25615800
2015-03-17,15.14351921724671,15.24994528663929,15.109187170963898,15.160684585571289,18376800
2015-03-18,15.157249397318974,15.665351807155695,15.11261839973712,15.569223403930664,47453000
2015-03-19,15.48339990558646,15.6722229097501,15.383840232958327,15.425037384033203,26323000
2015-03-20,15.549949372744818,15.608772744344504,15.40116247510183,15.563790321350098,27758400
2015-03-23,15.553408105188153,15.646832515352976,15.518805738490816,15.57416820526123,20520400
2015-03-24,15.567251851320542,15.6468353291179,15.363102470902776,15.401163101196289,21258600
2015-03-25,15.435763729670521,15.504967147743796,15.2073933739905,15.221234321594238,28315800
2015-03-26,15.183174116456238,15.283517698224518,15.048228161711343,15.093209266662598,25400200
2015-03-27,15.120893081343828,15.273139581898743,15.075910650746296,15.183176040649414,13556800
2015-03-30,15.266213550952143,15.42884136550716,15.179709618945475,15.370018005371094,16955000
2015-03-31,15.325040701448886,15.515349134943719,15.259296852098352,15.373482704162598,20419400
2015-04-01,15.328499055850488,15.42884395057766,15.145111111652565,15.387322425842285,34579400
2015-04-02,15.363096495230707,15.48420145348103,15.345794655527762,15.414998054504395,22537200
2015-04-06,15.480747236645216,15.72295723699432,15.463445390952705,15.629532814025879,24990200
2015-04-07,15.626076312056378,15.632996787706228,15.439227429347754,15.44960880279541,13840000
2015-04-08,15.449602584238708,15.470362682886426,15.32503671257146,15.404620170593262,17916000
2015-04-09,15.397696845427063,15.404617317009418,15.245450430450228,15.338874816894531,22818200
2015-04-10,15.394240968503269,15.515345950430847,15.325037555996666,15.453063011169434,18541400
2015-04-13,15.421920556467418,15.453062024108972,15.286974636669097,15.30081558227539,16952800
2015-04-14,15.338879149024715,15.428842665113569,15.293896731007605,15.37693977355957,22051200
2015-04-15,15.418458950423004,15.549943956539055,15.394237958772939,15.414998054504395,19362200
2015-04-16,15.36310244064475,15.380402967097831,15.186633638964878,15.314659118652344,27135800
2015-04-17,15.24891445945534,15.383860394857452,15.207392937780547,15.259294509887695,17001000
2015-04-20,15.321583427027107,15.608777253803712,15.311203372547048,15.4876708984375,18538800
2015-04-21,15.487663926751475,15.605309331036313,15.293895957302537,15.349258422851562,23398200
2015-04-22,15.394241604716209,15.421922178895649,15.283515348162366,15.380400657653809,17496600
2015-04-23,15.328496863936515,15.543026250995489,15.328496863936515,15.466903686523438,18436400
2015-04-24,15.46690747695196,15.729878920378393,15.428845525415564,15.622614860534668,29082400
2015-04-27,15.664133709266851,15.688354707019158,15.387321363565212,15.435763359069824,21013200
2015-04-28,15.370018093083225,15.549946431077322,15.31465562908083,15.546486854553223,19495600
2015-04-29,15.432301050858017,15.53264592948036,15.352717591243996,15.480744361877441,26662000
2015-04-30,15.446141551305823,15.44960244768001,15.183170184512328,15.30081558227539,35176400
2015-05-01,15.266216108774689,15.39424289995576,15.20393316169889,15.387322425842285,25014800
2015-05-04,15.390783754244508,15.619154146193559,15.366562752063972,15.501508712768555,26646200
2015-05-05,15.47728273394319,15.47728273394319,15.113966498112122,15.155488014221191,37242400
2015-05-06,15.152027412564887,15.224690390825181,14.923657109500315,15.072443962097168,33952200
2015-05-07,15.124347674293437,15.231613028843109,15.08628573171306,15.127808570861816,25374000
2015-05-08,15.321575109145328,15.404619459739784,15.172788249291427,15.235071182250977,28766400
2015-05-11,15.231616264982375,15.359641746361673,15.117430412981093,15.131271362304688,25278600
2015-05-12,15.051682106380099,15.131265554526172,14.961718610198256,15.113965034484863,27070400
2015-05-13,15.165870155006946,15.214312146256969,14.913277509297087,14.965180397033691,27959200
2015-05-14,15.041309116840628,15.179714662066294,15.027468166334355,15.138193130493164,24485400
2015-05-15,15.17971228588871,15.366561128637688,15.155491286267045,15.335419654846191,35583400
2015-05-18,15.259295972077918,15.42192381747695,15.259295972077918,15.394243240356445,20487200
2015-05-19,15.325038082204134,15.466904488738473,15.273135191055692,15.428842544555664,25816000
2015-05-20,15.428842014783918,15.563787943201877,15.394240968503269,15.453063011169434,18137400
2015-05-21,15.491128437588982,15.508428964619736,15.373483005856011,15.446146011352539,16125200
2015-05-22,15.39078216352728,15.466906059624373,15.325039638681465,15.421923637390137,17847800
2015-05-26,15.397693281723097,15.414993796702387,15.224685492040814,15.325030326843262,21127800
2015-05-27,15.338880426993436,15.41500300235071,15.307738953455537,15.387322425842285,15275600
2015-05-28,15.380402112221491,15.459985585438684,15.325039638681465,15.421923637390137,19973800
2015-05-29,15.390783649596782,15.466907553044079,15.338882068110948,15.397704124450684,18321000
2015-06-01,15.439225719022868,15.5118900453238,15.370022290136355,15.418465614318848,17678200
2015-06-02,15.335422341099221,15.349263291863354,15.107051933273887,15.214317321777344,24302600
2015-06-03,15.155491143343612,15.217774090339248,14.906360675306543,14.98940372467041,46725000
2015-06-04,15.006703226133556,15.072447065668866,14.940960706543626,14.96864128112793,26601800
2015-06-05,14.77486835467234,14.844071747891695,14.72296547977159,14.78178882598877,31837600
2015-06-08,14.795635098489761,14.795635098489761,14.684910147552078,14.695291519165039,15835400
2015-06-09,14.671065953954239,14.750649405182864,14.660684585571289,14.660684585571289,20536800
2015-06-10,14.792176625582373,14.844079527685476,14.729893671036903,14.733354568481445,22182000
2015-06-11,14.854454052589805,14.882134622117691,14.788711545009074,14.850993156433105,17953800
2015-06-12,14.788711574959121,14.837153561689885,14.716047274917836,14.719508171081543,17258600
2015-06-15,14.67798967312528,14.764493623541942,14.6330085692694,14.695291519165039,20152200
2015-06-16,14.667605201003507,14.764489173889158,14.605322269878407,14.76448917388916,16073600
2015-06-17,14.771414591154368,14.913281021776486,14.726433485796665,14.889060020446777,36583800
2015-06-18,14.906359511905753,15.12434848943156,14.906359511905753,15.086286544799805,41434000
2015-06-19,15.11527063362177,15.125745100199754,14.933705665211574,14.940689086914062,26751000
2015-06-22,14.965129387886874,15.000045162093652,14.884822041650157,14.919737815856934,20547600
2015-06-23,14.863872936205594,14.895297668220994,14.696274809440629,14.717225074768066,32553800
2015-06-24,14.734685469943944,14.766110207305422,14.595019674570324,14.60200309753418,24459800
2015-06-25,14.612477856877112,14.64739497239144,14.500745751134795,14.50423812866211,23374600
2015-06-26,14.472812417976305,14.615969252084252,14.423929791493348,14.591527938842773,17541400
2015-06-29,14.567081597330034,14.755628615545602,14.50423214727444,14.5147066116333,32343000
2015-06-30,14.584539346740513,14.598506187057025,14.444873607477806,14.476298332214355,22217400
2015-07-01,14.493760022796646,14.567085287738454,14.455353199767146,14.563592910766602,22503600
2015-07-02,14.661356948974595,14.790546903589046,14.62993222142499,14.745155334472656,19150800
2015-07-06,14.724205257231443,14.84292074813893,14.671831598624557,14.804513931274414,27996400
2015-07-07,14.853394755759023,15.230490113708067,14.853394755759023,15.171133041381836,52236600
2015-07-08,15.11875838331641,15.2130325578254,15.06289235382418,15.090826034545898,30993600
2015-07-09,15.136216590113177,15.171133691758875,14.874344321551003,14.92322826385498,31152000
2015-07-10,14.930209075805045,15.111773992986445,14.881326469631423,15.003534317016602,24810200
2015-07-13,15.045433841529613,15.108283288579678,14.919734947429484,15.010518074035645,17169400
2015-07-14,14.993061662297603,15.094319271698636,14.944179045883697,14.989570617675781,13642400
2015-07-15,14.97211395578018,15.066388151700302,14.909264491833433,15.062895774841309,19801600
2015-07-16,15.062900319220086,15.310805872939573,15.04195137955202,15.286364555358887,25185400
2015-07-17,15.286359256005522,15.30730952036263,15.129236935157282,15.136219024658203,20984600
2015-07-20,15.073363202508512,15.143196055610966,14.982581425840943,15.05939769744873,19625000
2015-07-21,15.031467949078555,15.066385050724254,14.86037881284396,14.92322826385498,20569600
2015-07-22,14.947671422456919,15.066386918869862,14.909263271859878,14.989570617675781,16504400
2015-07-23,14.975600046718409,14.986074509927382,14.692778884467565,14.76610279083252,27894600
2015-07-24,14.773090697990142,14.83244778347364,14.72769912371063,14.780074119567871,17178200
2015-07-27,14.780073256510033,15.03496213543175,14.738172729490362,14.968620300292969,23905600
2015-07-28,14.968614527250748,15.052414217019127,14.91274851138879,15.038447380065918,17485200
2015-07-29,15.038451405402665,15.108284276909972,14.926719343771468,15.094317436218262,27001600
2015-07-30,15.080349121741289,15.254930617472288,15.017499676722041,15.206048011779785,22630800
2015-07-31,15.345714289629619,15.48188764805471,15.328256405822763,15.359681129455566,24108400
2015-08-03,15.380631634269228,15.527280803575774,15.36317374867236,15.439990043640137,26394600
2015-08-04,15.40158198296172,15.422530913015516,15.160658631732652,15.192083358764648,24067200
2015-08-05,15.251444765328298,15.338735542908266,15.185104253870083,15.230494499206543,22313200
2015-08-06,15.268902306704788,15.324768349805556,15.094320755520943,15.31080150604248,34290200
2015-08-07,15.296830985299117,15.565686645919907,15.216523657885286,15.499344825744629,42326600
2015-08-10,15.502840476156326,15.576164399463423,15.405073913128822,15.436498641967773,24179000
2015-08-11,15.495857313815064,15.6320306970737,15.398090749155187,15.513315200805664,30244600
2015-08-12,15.495853284230037,15.817082583568183,15.460936187377378,15.78915023803711,46919600
2015-08-13,15.726306850121476,15.838038939163596,15.607591339020278,15.792647361755371,21557800
2015-08-14,15.729793901726987,15.921833297766586,15.694878132247506,15.911358833312988,20668600
2015-08-17,15.96373123006658,16.058005390710793,15.88342390772914,15.98817253112793,18319400
2015-08-18,15.935802177720879,15.977701372848545,15.883428516799146,15.949769020080566,23482600
2015-08-19,15.911358918255234,16.064990169516822,15.827560538276636,16.0161075592041,18491200
2015-08-20,15.949767674366951,16.110382352097787,15.86596795923057,15.921833992004395,25552000
2015-08-21,15.869457362984695,15.939290223859366,15.719317178287014,15.729791641235352,37494800
2015-08-24,15.419040606678639,15.562197407353986,15.066386503730078,15.139710426330566,70201000
2015-08-25,15.328256401496786,15.42602161634851,14.661355117434328,14.675320625305176,57265400
2015-08-26,14.776581084613905,14.972112884226414,14.654374542325721,14.937195777893066,43739800
2015-08-27,15.02099644103308,15.11876168098098,14.905771980850345,15.111778259277344,34091000
2015-08-28,15.090833261245614,15.136223516228085,14.86038561273947,15.066391944885254,19361400
2015-08-31,15.045436397020918,15.045436397020918,14.703256756045894,14.82546329498291,24156800
2015-09-01,14.664847413499595,14.692781095528584,14.343618061873832,14.423925399780273,38812400
2015-09-02,14.525184284871978,14.570575860373564,14.312195914798552,14.434402465820312,18243400
2015-09-03,14.402973882917358,14.574064340554763,14.402973882917358,14.500739097595215,17170400
2015-09-04,14.385518432861955,14.41694316174638,14.245852675164203,14.301718711853027,26859200
2015-09-08,14.43439926538761,14.605489730834961,14.420432424952883,14.605489730834961,22413800
2015-09-09,14.640406107699864,14.682305298792079,14.395991717751283,14.423925399780273,23085000
2015-09-10,14.416944430008195,14.542643356603659,14.357586011581894,14.399486541748047,13532800
2015-09-11,14.382026793655422,14.514709137075243,14.315686287921235,14.507725715637207,14955800
2015-09-14,14.560098571089389,14.640405907899863,14.511215960157037,14.542640686035156,16745200
2015-09-15,14.560102062413973,14.65437626265407,14.46931890724133,14.61945915222168,13158200
2015-09-16,14.661354162889575,14.811493019372119,14.612470226695201,14.76610279083252,17239600
2015-09-17,14.724205887150472,15.160659720636573,14.724205887150472,14.968620300292969,45446200
2015-09-18,14.905535102283922,15.057093023873778,14.849141550845486,14.884387016296387,28717400
2015-09-21,14.873809350151978,15.021841875729363,14.873809350151978,14.94430160522461,17541800
2015-09-22,14.877335186141678,14.940778089050744,14.715203920719892,14.757498741149902,21944400
2015-09-23,14.761026811738713,14.831519088453698,14.708157268070387,14.796272277832031,10533000
2015-09-24,14.792743877478754,14.944301756837723,14.743399701785686,14.916104316711426,22652000
2015-09-25,14.94430065423395,15.2086455855386,14.873808403647143,15.060611724853516,19010000
2015-09-28,15.060614285494582,15.152254630196696,14.958400571991485,14.986598014831543,19014000
2015-09-29,15.01479584184088,15.078238751007303,14.930206192637804,14.990123748779297,17362800
2015-09-30,15.021842921517193,15.275614519634516,15.018318913555799,15.257991790771484,19276000
2015-10-01,15.29323736949795,15.314385451017728,14.96544950084562,15.07823657989502,31292000
2015-10-02,15.191021679655293,15.279136657714844,15.053562529006854,15.279136657714844,26396800
2015-10-05,15.321431993571954,15.50118594758117,15.26503846441928,15.476513862609863,24022400
2015-10-06,15.444797222762006,15.490617399616536,15.27561658267783,15.370780944824219,23043800
2015-10-07,15.388396709940615,15.420118149629529,15.293232390873875,15.317904472351074,19056800
2015-10-08,15.30733859826515,15.532912793319074,15.261518419729741,15.508240699768066,21060800
2015-10-09,15.504711609333238,15.51880898350732,15.384875189422734,15.434219360351562,26190200
2015-10-12,15.490613496381203,15.663318101385597,15.437743971445563,15.57167911529541,14986000
2015-10-13,15.557583773549789,15.624552032277268,15.504715581664486,15.536437034606934,19146800
2015-10-14,15.606925657762098,15.64922181847267,15.51176131295526,15.532909393310547,15691000
2015-10-15,15.592824286389083,15.790200941015417,15.518806696376586,15.762004852294922,16568200
2015-10-16,15.776104174752023,15.881843217977096,15.733809364178665,15.783153533935547,18817400
2015-10-19,15.769051981717597,15.800773417374227,15.63511688177545,15.793724060058594,20432400
2015-10-20,15.74438586712603,15.913567832177737,15.73381249850832,15.846599578857422,19526200
2015-10-21,15.892414337225444,15.977005290938381,15.80429937668295,15.814872741699219,16822000
2015-10-22,15.881841678911824,16.04397289083783,15.825448155436359,15.998152732849121,26220000
2015-10-23,15.984055447811613,15.991104806943532,15.705613157003507,15.7161865234375,25170400
2015-10-26,15.751433797700146,15.762008509885872,15.5364343696667,15.659794807434082,22227000
2015-10-27,15.645696955261164,15.680943756955182,15.554057959912729,15.603402137756348,16992400
2015-10-28,15.606923775808513,15.666842657325882,15.265038590722565,15.437743186950684,34842200
2015-10-29,15.360202205483791,15.409546373526297,15.145201463703376,15.349627494812012,32579600
2015-10-30,15.367251668173786,15.480038732765575,15.310858135877892,15.420121192932129,23263400
2015-11-02,15.409547094404948,15.469464631394516,15.317906768443748,15.437743186950684,34873600
2015-11-03,15.38135067745217,15.501187103906888,15.339055863564589,15.483564376831055,24866400
2015-11-04,15.465944053188167,15.613976597063141,15.465944053188167,15.564632415771484,21437800
2015-11-05,15.532911157636418,15.578731331346765,15.430697441101074,15.430697441101074,27525800
2015-11-06,15.180446894600376,15.215692344720933,14.764544129444662,14.891429901123047,64718000
2015-11-09,14.824460042025713,15.000689946424142,14.792738605452897,14.930197715759277,26666600
2015-11-10,14.937254510358034,15.109959149720677,14.909057066241933,15.064140319824219,17009200
2015-11-11,15.106433619678473,15.222744703620105,15.074712170507482,15.194548606872559,21946800
2015-11-12,15.155777961931467,15.3002864887176,15.039465532199008,15.050040245056152,17679200
2015-11-13,15.067663847027953,15.173401570031302,14.947827402416666,14.993647575378418,19032800
2015-11-16,15.021834832043135,15.250934217473295,14.968966673924308,15.247408866882324,18351200
2015-11-17,15.240363391037544,15.33200235374367,14.930198369252723,14.972493171691895,26988000
2015-11-18,14.983072211302657,15.099384642725406,14.849138395427296,15.067663192749023,30925000
2015-11-19,15.10290775619366,15.261514996681566,15.088810380560924,15.229793548583984,24729600
2015-11-20,15.25446402106241,15.402497878016105,15.226267928255115,15.293234825134277,25040000
2015-11-23,15.310857118269148,15.328481188369155,15.127577814356856,15.152251243591309,23794000
2015-11-24,15.085284303243204,15.15225254852396,15.011268042748794,15.131104469299316,17583400
2015-11-25,15.127578976042708,15.127578976042708,14.983070464008804,15.039463996887207,15356400
2015-11-27,15.081761913744756,15.138155453199655,15.046515111255422,15.067663192749023,7960600
2015-11-30,15.085287293524178,15.201599735523905,15.060615201802083,15.092336654663086,22746000
2015-12-01,15.12757772893456,15.243890137204477,15.067660193421768,15.21216869354248,25103000
2015-12-02,15.15225446271904,15.191023929403485,14.870285415547361,14.873810768127441,25132200
2015-12-03,14.849134674074799,14.85265868117656,14.711675540135221,14.761019706726074,29758400
2015-12-04,14.813888991453075,14.990118939367683,14.768070173055294,14.968972206115723,21923000
2015-12-07,14.93372836493331,15.042991438291581,14.863236102912753,15.035942077636719,27030200
2015-12-08,14.976023930734865,15.03594147711605,14.894956958705714,15.014793395996094,21275800
2015-12-09,14.947824970552015,15.176924453560442,14.898480797480138,15.018317222595215,21351600
2015-12-10,14.997166227248151,15.025363660393257,14.757493423625201,14.771592140197754,19367200
2015-12-11,14.736351767024408,14.849138849382232,14.62708869275923,14.729302406311035,28705400
2015-12-14,14.785695294940005,14.80684203161876,14.63061205514636,14.80331802368164,32809200
2015-12-15,14.824465704590398,15.011269044358015,14.81741634437849,14.91963005065918,20221800
2015-12-16,14.976023029966035,15.321433600314993,14.930202862559439,15.296761512756348,36601000
2015-12-17,15.324955368796507,15.413070338496023,15.212168315143344,15.32848072052002,26323400
2015-12-18,15.308896145666406,15.326701056055741,15.020451707019863,15.137965202331543,36814400
2015-12-21,15.173573125436342,15.234110079454956,15.048936062601724,15.127279281616211,18063000
2015-12-22,15.170012445655376,15.294649517663908,15.031132262399998,15.255477905273438,16251600
2015-12-23,15.280406881124533,15.526117899558999,15.259040174049883,15.490508079528809,17163400
2015-12-24,15.437086851542894,15.526112730406295,15.437086851542894,15.479820251464844,5431600
2015-12-28,15.387237887635644,15.52967988635181,15.387237887635644,15.508313179016113,10073000
2015-12-29,15.58309076529142,15.647189513027296,15.554603187646164,15.593774795532227,18447800
2015-12-30,15.604460722014274,15.647192776608529,15.547484196412759,15.579533576965332,15663000
2015-12-31,15.554604758656316,15.597336808653743,15.273282599449544,15.412162780761719,20863400
2016-01-04,15.323136131337227,15.38367444441768,15.19493862921609,15.380112648010254,29693400
2016-01-05,15.372993228259569,15.529679696618555,15.155771152591301,15.490508079528809,21896000
2016-01-06,15.3979253618946,15.526121559277417,15.337387023460492,15.46202278137207,25437600
2016-01-07,15.294653478963175,15.437094137315398,15.26616453223608,15.358752250671387,24547400
2016-01-08,15.369434168814982,15.476264996919658,15.32314031187947,15.351629257202148,23361600
2016-01-11,15.362311710991598,15.504753718695904,15.355189474763616,15.43353271484375,32779200
2016-01-12,15.444219259305449,15.490513127171779,15.251924266683769,15.372998237609863,28720200
2016-01-13,15.429972103700637,15.497631309469696,15.319579481040718,15.365873336791992,34957800
2016-01-14,15.36230845707304,15.686362665455542,15.312454172464557,15.597336769104004,46166000
2016-01-15,15.440656847931182,15.554609924722511,15.273287672081743,15.45846176147461,37878200
2016-01-19,15.540364752891985,15.732661070755388,15.47982777787634,15.689929008483887,35769200
2016-01-20,15.625827700252769,15.650754845735186,15.116599399521887,15.337383270263672,39800200
2016-01-21,15.383677515841041,15.4406540438897,15.187820785575504,15.323139190673828,28175800
2016-01-22,15.415724538254912,15.608020800396803,15.34094311134219,15.597336769104004,30121000
2016-01-25,15.590221475631047,15.629393104814518,15.408609163922563,15.465585708618164,27042800
2016-01-26,15.501190539666554,15.72553620635406,15.501190539666554,15.57241153717041,22919200
2016-01-27,15.543924877770372,15.721976702906677,15.476264314824899,15.608023643493652,27463800
2016-01-28,15.586659673301174,15.960568300080404,15.501194184515247,15.857297897338867,31127800
2016-01-29,15.960568883429293,16.188475050617782,15.960568883429293,16.174230575561523,35880800
2016-02-01,16.099442633726675,16.402131493812664,16.0887599609518,16.327348709106445,59221800
2016-02-02,16.266814950721304,16.416377832687857,16.18847171249446,16.39857292175293,31940200
2016-02-03,16.455550510711,16.676335767479994,16.451990071665954,16.601552963256836,65904800
2016-02-04,16.587308545625547,16.676334457463142,16.48759860063667,16.530330657958984,55205200
2016-02-05,16.434179303427992,16.647840889115262,16.288176902908667,16.583742141723633,54772600
2016-02-08,16.548138254999724,16.73687276854388,16.373646856087557,16.526771545410156,58024800
2016-02-09,16.469789114900124,16.647840889115262,16.430617507224436,16.583742141723633,45241800
2016-02-10,16.544570340546606,16.65496292830267,16.281054478509475,16.565937042236328,51841200
2016-02-11,16.46267172686898,16.597991495464807,16.266814989265423,16.273937225341797,50780000
2016-02-12,16.263253207593472,16.35584091824739,16.09232361687966,16.224082946777344,42037400
2016-02-16,16.30598336355669,16.362959882401636,16.15641915257162,16.327348709106445,29277200
2016-02-17,16.380770740603992,16.380770740603992,16.188474410235088,16.295305252075195,38160600
2016-02-18,16.263252722600445,16.619356365574948,16.249009609286432,16.562379837036133,37768600
2016-02-19,16.49115792555074,16.53745041469845,16.345155506362207,16.45198631286621,34040200
2016-02-22,16.541014817483152,16.644285202026367,16.448427107745225,16.644285202026367,24873200
2016-02-23,16.590866274009517,16.697697079076598,16.516084846305297,16.658525466918945,23577600
2016-02-24,16.658530379291324,16.768923013522773,16.587310727196495,16.736873626708984,33501800
2016-02-25,16.790283391365428,16.90779685974121,16.740427751904345,16.90779685974121,24323800
2016-02-26,16.811651338811494,16.850822953811488,16.437742814731777,16.441303253173828,65907200
2016-02-29,16.41637741881765,16.64428489169294,16.402134305485365,16.487598419189453,40275600
2016-03-01,16.573062184067492,16.61223379815815,16.302422682219753,16.40569305419922,47283400
2016-03-02,16.362961916145352,16.49828167463117,16.0531521413216,16.491159439086914,60448400
2016-03-03,16.51609035825191,16.590871810913086,16.295305081212472,16.590871810913086,42548200
2016-03-04,16.48403430962235,16.829453843098353,16.44486270021963,16.776039123535156,44256800
2016-03-07,16.74755605435134,16.904242546861873,16.69414131607274,16.86863136291504,36985600
2016-03-08,16.900679525749577,17.050243770643224,16.811653609969067,17.035999298095703,32749600
2016-03-09,17.000390572309442,17.16775838104741,16.986146098842624,17.114343643188477,28513200
2016-03-10,17.107214749924715,17.185556606653368,16.96477278753715,17.12858009338379,38942800
2016-03-11,17.210489679185763,17.25322173588908,17.110779735641234,17.146390914916992,31390800
2016-03-14,17.142824173166513,17.199800685146048,17.07160319358529,17.16775131225586,23449600
2016-03-15,17.149953820996526,17.25678465733838,17.128587110357042,17.19980812072754,27474000
2016-03-16,17.13570752367107,17.46332359313965,17.021754462576162,17.46332359313965,55736400
2016-03-17,17.39566809080552,17.598647124843264,17.33156930548538,17.559476852416992,35069800
2016-03-18,17.55875780492196,17.612575551901607,17.440360677665762,17.44753646850586,33981400
2016-03-21,17.39371509320085,17.515700774751988,17.260966411955806,17.429594039916992,31486400
2016-03-22,17.40806751657232,17.501350045276855,17.350662567682924,17.372188568115234,22914800
2016-03-23,17.37218324321492,17.56951397763845,17.293252318087024,17.501344680786133,30479200
2016-03-24,17.49416926125246,17.57310155668207,17.443940116394177,17.54798698425293,30147000
2016-03-28,17.576691854082974,17.669974365281103,17.447530401161195,17.483407974243164,22489200
2016-03-29,17.537226457296093,17.7560832209839,17.469057149408044,17.741731643676758,35107200
2016-03-30,17.74173615927173,17.781202322590353,17.63410203935681,17.69868278503418,29033800
2016-03-31,17.723795794614503,17.820665535892417,17.659215054667918,17.80272674560547,29406800
2016-04-01,17.73096575725124,17.89600614485982,17.67356082158266,17.870891571044922,35745200
2016-04-04,17.87447978959146,17.896007154922806,17.705852182766844,17.795547485351562,30572200
2016-04-05,17.756083502466574,17.784785288894117,17.447531428680353,17.461881637573242,37316800
2016-04-06,17.4367686292247,17.465471786875163,17.332723104346492,17.440357208251953,40589000
2016-04-07,17.41524678390282,17.54799549809768,17.386543619405437,17.433185577392578,30560400
2016-04-08,17.486999672306514,17.641274358993954,17.469059513923433,17.526464462280273,32873800
2016-04-11,17.52646411318419,17.63768679719105,17.43676879762308,17.451120376586914,22250000
2016-04-12,17.45470586715252,17.594630315686427,17.426002714303685,17.573102951049805,26854400
2016-04-13,17.62333259957109,17.62333259957109,17.372185479589625,17.465469360351562,26641000
2016-04-14,17.42242274079191,17.50494228654369,17.386543784828813,17.44394874572754,24181600
2016-04-15,17.47982129622153,17.58027959882087,17.418827777756416,17.540813446044922,21925800
2016-04-18,17.530053581216965,17.608985900878906,17.411655101724055,17.608985900878906,18248000
2016-04-19,17.62692277647822,17.66280035316816,17.52287588797884,17.637685775756836,20990800
2016-04-20,17.652038713269693,17.67356471348464,17.1856233371728,17.196386337280273,52137400
2016-04-21,17.13180504434169,17.178446991032924,16.765847997482076,16.837604522705078,64131400
2016-04-22,16.88424716530404,17.00982006313854,16.873482796459697,16.988292694091797,24618000
2016-04-25,16.91653288421367,17.02416696257501,16.905768518328443,17.020578384399414,25485800
2016-04-26,17.031346048987814,17.117452780897775,16.99905568236112,17.045696258544922,26043000
2016-04-27,17.095921686427015,17.393709317762763,17.04210396854347,17.293251037597656,49118400
2016-04-28,17.142564649066927,17.311192244648506,17.042106354835315,17.268138885498047,40316000
2016-04-29,17.196386510922316,17.39012872666475,17.067225033760696,17.372188568115234,40354400
2016-05-02,17.38294263381829,17.598210722400104,17.361415277503653,17.512104034423828,32733200
2016-05-03,17.49775505065918,17.591037537865848,17.400883985882256,17.49775505065918,31493400
2016-05-04,17.50493916806853,17.813491291171992,17.451121428032536,17.702268600463867,35207800
2016-05-05,17.652033022224188,17.849362382879484,17.569513521173484,17.63409423828125,31653000
2016-05-06,17.547988894429096,17.608982411711818,17.361422501331514,17.519287109375,40107200
2016-05-09,17.530051850610487,17.64486173952522,17.494172904923488,17.619747161865234,22463600
2016-05-10,17.637685775756836,17.70226650871219,17.573105042801487,17.637685775756836,26515800
2016-05-11,17.641275070513608,17.716620180292395,17.544405328275992,17.702268600463867,24347800
2016-05-12,17.67356062937533,17.835012436887858,17.608981275011928,17.806310653686523,35455400
2016-05-13,17.759661904589777,17.799128038915885,17.63408908504406,17.720195770263672,25253200
2016-05-16,17.65921212712331,17.745318853682672,17.594631397882917,17.741731643676758,22174200
2016-05-17,17.684328573713334,17.727381941547137,17.347073314529837,17.440357208251953,35066000
2016-05-18,17.33990325381339,17.476239181008587,17.056465659634238,17.11387062072754,54513000
2016-05-19,17.04928385467235,17.28966661676033,16.952412760376045,17.28607940673828,39165600
2016-05-20,17.325546264648438,17.347072262939477,17.19279622152527,17.325546264648438,30371400
2016-05-23,17.32195783438009,17.365012568614983,17.14974300336595,17.1712703704834,25380400
2016-05-24,17.199977512410463,17.365017974404932,17.174862927276088,17.343490600585938,26766600
2016-05-25,17.250197684475673,17.347067386839786,17.171265396550847,17.293251037597656,28699800
2016-05-26,17.27172666982067,17.51211078441209,17.27172666982067,17.490583419799805,26309000
2016-05-27,17.486996745788076,17.551576104320223,17.429591807038182,17.519287109375,30211000
2016-05-31,17.49058122945477,17.64844444425071,17.486994020122776,17.63409423828125,31172400
2016-06-01,17.630507394311064,17.70226390578173,17.59462982289654,17.680736541748047,22566200
2016-06-02,17.666393612439027,17.68791961669922,17.512117528244126,17.68791961669922,15407400
2016-06-03,17.921123861993365,18.064635542015573,17.835015759066547,17.96776580810547,37437800
2016-06-06,17.97494020879004,18.035933733429157,17.867306106732507,17.942649841308594,21685600
2016-06-07,17.95700264802276,18.0502865465233,17.892421908642987,17.928300857543945,15808000
2016-06-08,17.92470418046482,18.05027839192441,17.899589611901167,18.035926818847656,13530200
2016-06-09,18.046695397177192,18.222498800149822,18.02158082084421,18.190208435058594,19405000
2016-06-10,18.172271196419963,18.26555372094469,18.07181151388347,18.14356803894043,25822600
2016-06-13,18.17227223071863,18.24044018064957,18.107691491355858,18.122041702270508,26143400
2016-06-14,18.129214910790225,18.229674584740945,18.032343815538688,18.218910217285156,23212800
2016-06-15,18.211733361440558,18.247612303121315,18.039518547297956,18.10409927368164,21782600
2016-06-16,18.082574336834927,18.258376371125607,18.068222759321717,18.218910217285156,20054200
2016-06-17,18.201545947574267,18.288358380098142,18.100265926160418,18.284740447998047,38422600
2016-06-20,18.255807659051964,18.31006423322274,18.078566205151763,18.216018676757812,31875800
2016-06-21,18.226865946439503,18.3281459678173,18.111116956340076,18.241334915161133,17338200
2016-06-22,18.24133628851622,18.270272848301254,18.136438327142045,18.154523849487305,15960600
2016-06-23,18.121966176448286,18.21239515213882,18.08217858620725,18.205162048339844,16850400
2016-06-24,18.16538431125835,18.39688241140459,18.00984626650306,18.23410987854004,48382000
2016-06-27,18.212397530310824,18.509004498919733,18.187077524198124,18.458364486694336,33574600
2016-06-28,18.465595747006063,18.537939200340567,18.31367573685655,18.527088165283203,26414600
2016-06-29,18.613905041620296,18.664545060881142,18.512625003098602,18.577733993530273,28026800
2016-06-30,18.660928051348392,19.000940586519953,18.577733538907594,18.979238510131836,34744800
2016-07-01,19.08413871306027,19.08413871306027,18.787531654331357,18.982858657836914,34961600
2016-07-05,19.040731641213235,19.152864107506588,18.98285713147667,19.123926162719727,25106800
2016-07-06,19.102218595255035,19.17817860873894,18.990086161181114,19.16370964050293,30205400
2016-07-07,19.098605246775218,19.109457665475087,18.773061662357996,18.809232711791992,45437200
2016-07-08,18.64645538097303,19.015405784576313,18.606666409039825,19.004554748535156,32184800
2016-07-11,18.946681981202953,19.004556478418333,18.76944055732262,18.990087509155273,29012000
2016-07-12,18.863486385616262,18.939446400094422,18.718799461035864,18.729650497436523,36004600
2016-07-13,18.809225150104577,18.87795066833496,18.765819632266258,18.87795066833496,29209400
2016-07-14,18.68986537374634,18.841786813830772,18.668163296475036,18.754974365234375,34722600
2016-07-15,18.733272680078347,18.856256179925857,18.718803708369915,18.809232711791992,25903400
2016-07-18,18.83093084907586,18.921359826949153,18.827312917252375,18.86348533630371,22336200
2016-07-19,18.84540402395781,18.88519300679217,18.744123980260962,18.830936431884766,21364000
2016-07-20,18.805619465500637,18.849025008421133,18.69348698479891,18.722423553466797,23199200
2016-07-21,18.639225785898933,18.849021736633684,18.617523708124367,18.834552764892578,26518400
2016-07-22,18.787520542840557,19.102214322315024,18.769435026509445,19.08412742614746,26441400
2016-07-25,19.058814914418896,19.076901817691752,18.935831423283215,19.05158042907715,14310600
2016-07-26,19.05881446837259,19.073283438717453,18.83093439470732,18.885190963745117,25018200
2016-07-27,18.84178296676907,18.863486419446087,18.505387039377613,18.66815948486328,45119600
2016-07-28,18.657316406227274,18.773065443534154,18.61390948235917,18.740510940551758,18231600
2016-07-29,18.744125612874004,18.91413259803312,18.71157111315922,18.85264015197754,30949400
2016-08-01,18.805610845658272,18.906890859328616,18.794758430024523,18.86348533630371,23317000
2016-08-02,18.765830956222803,18.812853053990533,18.653698472652916,18.740510940551758,27411000
2016-08-03,18.740504638243294,18.773059130277826,18.570497693192184,18.628372192382812,22810600
2016-08-04,18.65007577827439,18.75859029254091,18.56688127134216,18.617521286010742,24544000
2016-08-05,18.512624076205825,18.552413055014913,18.33900057036006,18.349851608276367,53904200
2016-08-08,18.342615127563477,18.50900413008462,18.29559304848369,18.342615127563477,27053400
2016-08-09,18.367939173525848,18.43666610086863,18.291979139992673,18.33900260925293,20188400
2016-08-10,18.382404102043928,18.425809628824048,18.29559304848369,18.342615127563477,16981600
2016-08-11,18.339006717349633,18.396881238696984,18.28474874990761,18.386030197143555,18963000
2016-08-12,18.45113595116039,18.545182901190486,18.407730409520425,18.411348342895508,24322800
2016-08-15,18.411347061703722,18.47645605955157,18.129207611083984,18.129207611083984,25268800
2016-08-16,18.08580327221397,18.096654312629365,17.915796279907227,17.915796279907227,40363200
2016-08-17,17.894087763283526,18.21963127719593,17.756635321496447,18.183460235595703,56913200
2016-08-18,18.179846714278014,18.40772819519043,18.147292217004814,18.40772819519043,27889000
2016-08-19,18.28112370372046,18.35708371898301,18.085796767470946,18.183460235595703,29396000
2016-08-22,18.212404729664627,18.310068240350017,18.17623367230147,18.230491638183594,18203600
2016-08-23,18.259423950452028,18.346236399653392,18.140058385116856,18.150909423828125,19157400
2016-08-24,18.121975203443185,18.172616614118397,18.002609613587854,18.143678665161133,16096600
2016-08-25,18.125587289702274,18.216016281265475,18.121969357331075,18.154523849487305,14445600
2016-08-26,18.165377288610223,18.288360779247775,17.76387232271008,17.77834129333496,41822000
2016-08-29,17.832598041023555,17.966432571044177,17.81451251748082,17.92302703857422,26031400
2016-08-30,17.908561208007786,17.99537366800696,17.713235587724817,17.73493766784668,24523000
2016-08-31,17.716844888358086,17.81450834843754,17.677055917973497,17.807273864746094,23004200
2016-09-01,17.760255816284854,17.821748256459966,17.6951468230816,17.71685028076172,31964000
2016-09-02,17.781954593183762,17.970047037388177,17.745783553075377,17.951961517333984,32542000
2016-09-06,18.046007350910042,18.16899082110396,17.995367341977854,18.147287368774414,30518200
2016-09-07,18.158143909581327,18.190698405552205,18.046011450162286,18.150909423828125,22981400
2016-09-08,18.027923991567203,18.23410198398388,18.027923991567203,18.212398529052734,25683200
2016-09-09,18.031542116470376,18.053245573294042,17.521522609729026,17.528757095336914,51518200
2016-09-12,17.499829131042254,17.876012908625928,17.499829131042254,17.839841842651367,51064600
2016-09-13,17.781960765104465,17.803664224604564,17.51429028395208,17.593868255615234,44593800
2016-09-14,17.65897209474392,17.80365902279606,17.58301207844311,17.66259002685547,30459600
2016-09-15,17.644503450490078,17.82897935614129,17.601097923210844,17.796424865722656,50523600
2016-09-16,17.82050364514016,17.995609107557854,17.689176635732068,17.97007179260254,43448400
2016-09-19,18.028441754714983,18.15612277680664,17.984666080205308,18.148826599121094,25061600
2016-09-20,18.221784064489917,18.250967378952126,18.105048023434318,18.115991592407227,25715800
2016-09-21,18.14882594537793,18.499034112047607,18.112346449867836,18.48444175720215,38810200
2016-09-22,18.634009340906182,18.637656733430937,18.462552668571163,18.5975284576416,24070600
2016-09-23,18.542806547501034,18.634006655112344,18.45525383188877,18.58293342590332,22006800
2016-09-26,18.582935984727946,18.612120691151766,18.473496118845414,18.535512924194336,16105600
2016-09-27,18.59753010299077,18.68873023181572,18.27650525987797,18.29474639892578,35879200
2016-09-28,18.305684577528115,18.364052587120906,18.112340806677583,18.26920509338379,33238400
2016-09-29,18.229081380148216,18.236377557120555,17.90440915869824,17.995609283447266,38494600
2016-09-30,18.010199491059026,18.141527887850774,17.78037618827688,17.8715763092041,29672600
2016-10-03,17.87886765505988,17.87886765505988,17.51406724152458,17.61985969543457,38985400
2016-10-04,17.608917613766916,17.623509965524043,17.145620882502648,17.251413345336914,51383600
2016-10-05,17.29154255044518,17.426518332477837,17.149269200536704,17.214933395385742,56343800
2016-10-06,17.15656781811993,17.298839796669807,17.069016473598563,17.211288452148438,40391400
2016-10-07,17.33167169612472,17.49583220468734,17.182103542012886,17.18939971923828,34431600
2016-10-10,17.20034186005059,17.346261205817434,17.20034186005059,17.331668853759766,19549600
2016-10-11,17.32072165135366,17.32072165135366,17.105489374273702,17.134674072265625,28694000
2016-10-12,17.14561832598892,17.33531469573691,17.116433626826286,17.30248260498047,30854600
2016-10-13,17.331672131237873,17.630809838574926,17.295192635798585,17.51772117614746,61084200
2016-10-14,17.42651996235528,17.594327857507288,17.39368786186002,17.41922378540039,35896600
2016-10-17,17.47394743278888,17.55785139484683,17.452058898146227,17.514074325561523,22879800
2016-10-18,17.590683882782567,17.700123775163622,17.437466920166106,17.66364288330078,29522200
2016-10-19,17.652689852269038,17.67822576708762,17.543250018531822,17.623506546020508,17005000
2016-10-20,17.65634687616961,17.751194405249905,17.579737704354546,17.61256980895996,17861600
2016-10-21,17.535961493584786,17.601625700791676,17.433817789753448,17.510425567626953,36307200
2016-10-24,17.587031521191594,17.641752152055677,17.470295474178105,17.576087951660156,21489400
2016-10-25,17.554195614502905,17.685523986816406,17.53230848018609,17.685523986816406,19772600
2016-10-26,17.638103236957434,17.751191890489288,17.550551898148562,17.72930335998535,21702000
2016-10-27,17.627153937450455,17.696465507443328,17.499474363357532,17.623506546020508,31109800
2016-10-28,17.61256799056179,17.762136142410256,17.58338467370534,17.678232192993164,32927800
2016-10-31,17.722005608940126,18.137877877693793,17.674581163253226,18.032085418701172,45431600
2016-11-01,17.98100724901775,18.01748672263642,17.656335202362367,17.703758239746094,48308800
2016-11-02,17.619865821183012,17.66729028107914,17.335321845013503,17.48124122619629,52983400
2016-11-03,17.437454260558678,17.616207021902596,17.375438876820674,17.546894073486328,23641000
2016-11-04,17.616215906939214,17.78402379750521,17.481238724367785,17.492183685302734,29114400
2016-11-07,17.565144316151734,17.80226380193072,17.39733503154714,17.798616409301758,35456200
2016-11-08,17.820500757594505,18.006549759415552,17.791317446322577,17.937236785888672,37695800
2016-11-09,17.62351156810977,17.63810252959046,17.247766130013495,17.27695083618164,85620400
2016-11-10,17.18575629200322,17.203996043473737,16.63855539826474,16.861083984375,106246800
2016-11-11,16.824599222102172,17.02159183254724,16.726102916879636,16.791767120361328,61903000
2016-11-14,16.66408670694648,16.817302246729884,16.536407090460315,16.78082275390625,56381600
2016-11-15,16.875670068009075,17.090902412937925,16.86837528281451,17.0507755279541,50383600
2016-11-16,17.090906335075328,17.134683405909563,16.82460208305063,16.93404197692871,33634800
2016-11-17,16.853786769970892,17.028890878216366,16.853786769970892,16.93769073486328,38399600
2016-11-18,16.98510630134407,17.02158578293389,16.813649676345268,16.88661003112793,21397000
2016-11-21,16.93403834387531,17.069015529250365,16.9085024205024,17.065366744995117,24596600
2016-11-22,17.072663012414644,17.156566959885247,16.985111672272915,17.131031036376953,21286000
2016-11-23,16.89025886917785,17.116434735931758,16.89025886917785,16.959571838378906,28306800
2016-11-25,16.985113083484475,17.262360872439757,16.985113083484475,17.20399284362793,15732400
2016-11-28,17.255070209857283,17.576095166728326,17.251422815717348,17.535966873168945,46863400
2016-11-29,17.492181207979826,17.692821169728262,17.462996505091137,17.608917236328125,28895400
2016-11-30,17.34991320764819,17.39004009584448,17.054424285888672,17.054424285888672,46934800
2016-12-01,16.912150768471612,16.988758536614082,16.79541472417735,16.91944694519043,36732200
2016-12-02,17.017939313468876,17.1930433394728,16.9595713048009,17.07265853881836,32798800
2016-12-05,16.999698386738096,17.09819466348825,16.842834100610425,17.094547271728516,29776600
2016-12-06,17.087253908390068,17.156565496055432,17.02158971308463,17.061717987060547,16844000
2016-12-07,17.12373334925914,17.28424644470215,17.105493604305163,17.28424644470215,25804800
2016-12-08,17.174805710893352,17.3462609746748,17.05077350326248,17.31342887878418,28791000
2016-12-09,17.2988379444032,17.50312671241814,17.2988379444032,17.495830535888672,32037800
2016-12-12,17.422871560382646,17.69647193997888,17.4192241676269,17.678232192993164,43960200
2016-12-13,17.76578442613398,17.875224296567783,17.700120225553004,17.860631942749023,40434000
2016-12-14,17.940888118739686,18.035735633354207,17.470295155036265,17.492183685302734,56707800
2016-12-15,17.455703547274464,17.634456406412156,17.36450342133969,17.6162166595459,35643200
2016-12-16,17.661521200662037,17.893570774049255,17.621004452363852,17.83095359802246,40238000
2016-12-19,17.937765960468763,17.94513276796048,17.742549074625448,17.897249221801758,23300400
2016-12-20,17.845684899967925,17.970917830689892,17.82358447510816,17.91935157775879,17326200
2016-12-21,17.92303534284857,18.007751535558548,17.842001851962902,17.845685958862305,16888400
2016-12-22,17.834631823568657,17.94144842316624,17.801483297908895,17.90829849243164,14930400
2016-12-23,17.93040425528805,17.974603707740968,17.8456880526386,17.904621124267578,15557000
2016-12-27,17.834633985000536,17.963551022403305,17.816217666821572,17.91935157775879,26268800
2016-12-28,17.93040705646931,17.941456570039936,17.72414057100624,17.749923706054688,17658600
2016-12-29,17.819903620862682,18.01880184491996,17.775702766560926,17.989336013793945,29355600
2016-12-30,18.022490456674422,18.029857267566037,17.834640291627007,17.889890670776367,28055400
2017-01-03,17.86410227813402,17.911985832300562,17.731502531257505,17.845685958862305,37761400
2017-01-04,17.871468652879912,18.00406839653647,17.838318716965773,17.911985397338867,29101000
2017-01-05,17.952501272953526,17.95986667606682,17.73886805071823,17.930400848388672,32612800
2017-01-06,17.84200036570201,18.01879954511807,17.80885043174431,17.98565101623535,21934400
2017-01-09,18.05195592097264,18.059322731711553,17.746241003222973,17.749923706054688,27694400
2017-01-10,17.746239804822643,17.753606615064076,17.6246895434521,17.694673538208008,22448400
2017-01-11,17.690981796002017,17.897248178521643,17.687299095008264,17.87883186340332,26795400
2017-01-12,17.889885839300458,17.923035776822253,17.7867533248216,17.893569946289062,18820800
2017-01-13,17.856736896039912,17.919354072656546,17.753604375818647,17.867786407470703,24346600
2017-01-17,17.92672156683533,18.121938523681155,17.911989351568494,18.063005447387695,30652000
2017-01-18,18.011427737799405,18.129293815500734,18.011427737799405,18.0408935546875,26461800
2017-01-19,17.937763392003923,18.040895871970935,17.838313612718025,17.88251304626465,27601000
2017-01-20,17.908299772279932,17.967232830567106,17.80148457012345,17.915666580200195,23748400
2017-01-23,17.94144779961104,17.981964536331265,17.805165380249665,17.82358169555664,21251000
2017-01-24,17.819902420043945,17.897251802246988,17.78675248408906,17.819902420043945,22098800
2017-01-25,17.738868931026435,17.83831873889109,17.72045261217929,17.819902420043945,38460000
2017-01-26,17.81253498387526,17.911984788235852,17.746235114301527,17.827268600463867,22976400
2017-01-27,17.860415731245386,17.915664677166315,17.786749064942686,17.82358169555664,14457600
2017-01-30,17.83095106289826,17.89725093158268,17.731501259871635,17.83831787109375,18639800
2017-01-31,17.85305519526104,18.129304237126682,17.834637468409767,18.11457061767578,31833000
2017-02-01,18.018797647823508,18.026164455157858,17.749915502956416,17.801483154296875,48759000
2017-02-02,17.85673626103899,17.989336013793945,17.74991963742248,17.989336013793945,31322200
2017-02-03,18.040904204032422,18.085103657992246,17.970921618173094,18.011438369750977,22673200
2017-02-06,18.08141836535874,18.09246787599697,17.956185426183378,17.97460174560547,14084000
2017-02-07,18.00406661756611,18.048266059392624,17.956183069293683,18.018798828125,12218200
2017-02-08,18.063000771043278,18.228750444293624,18.02985083639321,18.195600509643555,31764000
2017-02-09,18.177175943578195,18.22137677652205,17.99669412681812,18.0408935546875,28992000
2017-02-10,17.993021411446062,18.180871557683822,17.98933870890676,18.155088424682617,18959200
2017-02-13,18.169823016440123,18.261906040674887,18.107205829321252,18.243488311767578,26085600
2017-02-14,18.217696492479128,18.225063299514993,18.01511421675463,18.11087989807129,37568600
2017-02-15,17.981968529615408,18.0740515316741,17.919352762651545,18.06668472290039,37850800
2017-02-16,18.070364618443186,18.254530579639848,18.070364618443186,18.247163772583008,28002200
2017-02-17,18.295049495336087,18.313467219124107,18.155084349057503,18.258216857910156,19947000
2017-02-21,18.232436837592367,18.490269558734994,18.16982106228324,18.449752807617188,22717000
2017-02-22,18.449748325995078,18.56393174185671,18.376081651409347,18.527097702026367,32037200
2017-02-23,18.608130531572705,18.78492970132917,18.56761379171864,18.718629837036133,30007200
2017-02-24,18.781242575776613,19.002241134643555,18.781242575776613,19.002241134643555,37259400
2017-02-27,18.965419327367847,18.9801515426406,18.869652200180425,18.895435333251953,27965800
2017-02-28,18.891750897135587,19.116433669063042,18.858600956931944,19.06855010986328,28820800
2017-03-01,18.795982594712456,19.03908167253379,18.777566274665038,18.89911651611328,58243200
2017-03-02,18.83281427074039,19.153262695494007,18.807031144902453,19.035396575927734,34745600
2017-03-03,19.035398290310546,19.046447800929105,18.818082349336574,18.976465225219727,35150000
2017-03-06,18.943312707495227,18.98014534125583,18.873330141320118,18.93962860107422,15233600
2017-03-07,18.917529821191923,18.998563302576095,18.902796205472086,18.928579330444336,35903400
2017-03-08,18.766512790736236,18.784929106884878,18.619179451397393,18.65601348876953,36787800
2017-03-09,18.700217603330078,18.7665174820991,18.600767785176544,18.615501403808594,25685600
2017-03-10,18.714947962039187,18.807030954836925,18.652330796297747,18.77019691467285,22983600
2017-03-13,18.755459308935038,18.836492774983547,18.73336029461247,18.825443267822266,28116000
2017-03-14,18.803347524783295,18.8585978844797,18.744414463475465,18.807031631469727,23341000
2017-03-15,18.873333736370824,19.204831718585748,18.836499690519048,19.109066009521484,45238400
2017-03-16,19.072231610649208,19.072231610649208,18.86228247094329,18.89911651611328,37456800
2017-03-17,18.96480453230264,19.120680378893802,18.942537565470495,19.013051986694336,30257000
2017-03-20,19.05759139346504,19.094705372342215,18.834913183216113,18.886871337890625,14296000
2017-03-21,18.897999912045467,19.224595762513975,18.886866429152697,19.154081344604492,50834200
2017-03-22,19.232014919265467,19.384178624953677,19.168923307133895,19.24686050415039,50505600
2017-03-23,19.243145924343498,19.361907756637887,19.1355189871567,19.187477111816406,45130600
2017-03-24,19.19861847962001,19.32851526039479,19.150371023003473,19.257999420166016,24814200
2017-03-27,19.33593294564173,19.376757599922556,19.109544126385114,19.18376922607422,23642800
2017-03-28,19.18005781304734,19.20232619156491,19.083562921890834,19.16892433166504,16955600
2017-03-29,19.161506831592895,19.180063110939976,19.035322149978025,19.11697006225586,13911000
2017-03-30,19.087275344672268,19.087275344672268,18.91655535378121,18.96851348876953,39422400
2017-03-31,18.990784122078267,19.135526489201176,18.975939949036377,19.042743682861328,19982000
2017-04-03,19.04274599529671,19.04274599529671,18.86460315538201,19.039033889770508,30951600
2017-04-04,19.020474346419885,19.16892739542493,18.983361792045226,19.098411560058594,20268600
2017-04-05,19.076142181721934,19.224593796203354,19.03531752761981,19.206037521362305,25299000
2017-04-06,19.183770207065585,19.191193000564677,19.083564618457494,19.157791137695312,18777600
2017-04-07,19.23201768118873,19.25799675059177,19.0612976777536,19.076143264770508,39836000
2017-04-10,19.087278279064375,19.131813627936314,18.979649888183406,19.109546661376953,16969600
2017-04-11,19.12067571888953,19.139231991978274,18.975934806743265,19.10211944580078,19688400
2017-04-12,19.07614470697761,19.254287517389262,19.016763770173725,19.243152618408203,21042000
2017-04-13,19.26541943421409,19.2691301230706,19.094699431752712,19.1800594329834,21712200
2017-04-17,19.22460006098776,19.272847523899472,19.172641908199836,19.265424728393555,14545200
2017-04-18,19.29510951923373,19.3507783434585,19.235728590608833,19.309953689575195,29414800
2017-04-19,19.287692057975168,19.295114853074327,19.109549222855602,19.17635154724121,25034000
2017-04-20,19.154077576750428,19.154077576750428,18.96479991028771,19.10211944580078,26964600
2017-04-21,19.0761396826261,19.280261510642433,19.0761396826261,19.198612213134766,26517400
2017-04-24,19.217171186621552,19.32108887507918,19.087275845740805,19.29882049560547,36213400
2017-04-25,19.24314932867527,19.30253025532762,19.165212127897735,19.27284049987793,21783200
2017-04-26,19.26912974852537,19.358201852634313,19.194904646813157,19.21346092224121,19194800
2017-04-27,19.20603738616213,19.37304669006197,19.191191800092586,19.280263900756836,18933000
2017-04-28,19.25428081945109,19.280259881780943,19.12809619566921,19.187477111816406,18811400
2017-05-01,19.232016165453913,19.232016165453913,19.024182210856555,19.072429656982422,21385000
2017-05-02,19.094701766967773,19.165216189889897,19.016764549671752,19.094701766967773,18877200
2017-05-03,19.120679681528777,19.142948063301986,19.016763398093502,19.027896881103516,21014400
2017-05-04,18.97222778342837,19.116968734336197,18.968517094118052,19.094701766967773,28078200
2017-05-05,19.15036477226634,19.26912661459413,19.13180849985628,19.198612213134766,21570600
2017-05-08,19.213461007016882,19.23572938708064,19.094699144849653,19.191192626953125,17579400
2017-05-09,19.176342665326835,19.191188248649116,19.016757599746946,19.050159454345703,15517800
2017-05-10,19.065007471541414,19.120677712364582,18.975936785127985,19.079853057861328,16879600
2017-05-11,19.03161033401589,19.105836868286133,18.953673110121155,19.105836868286133,15398400
2017-05-12,19.15036477226634,19.2394368618886,19.124385707741688,19.198612213134766,15046200
2017-05-15,19.20232669752125,19.313665761536804,19.180058318416933,19.280263900756836,12702200
2017-05-16,19.250575530415556,19.30624577840229,19.116968067849978,19.139236450195312,15306200
2017-05-17,19.187477111816406,19.27654777816084,19.10211713333936,19.187477111816406,30065600
2017-05-18,19.228301028985953,19.35448564798948,19.090981515296484,19.25428009033203,33752000
2017-05-19,19.250579268352734,19.32851791381836,19.14295227216843,19.32851791381836,19802600
2017-05-22,19.298828126134676,19.525218451827218,19.28769463987229,19.495527267456055,15558600
2017-05-23,19.528925258200417,19.662532729792403,19.49552339030242,19.547481536865234,30580400
2017-05-24,19.5660401996363,19.69222488285677,19.547482504299722,19.658823013305664,15204600
2017-05-25,19.69964518550468,19.851808924041027,19.651397732089777,19.81840705871582,33554600
2017-05-26,19.82954054190649,19.862942407231696,19.781293088491587,19.81840705871582,15299200
2017-05-30,19.833247078780868,19.929741965408585,19.777578258729097,19.881494522094727,12584600
2017-05-31,19.903767496390053,20.052219133232942,19.881499113774666,19.981704711914062,25241400
2017-06-01,19.929747565442756,20.12644666658447,19.90747918171314,20.12273597717285,22237200
2017-06-02,20.27489722318426,20.27489722318426,20.085619524236673,20.145000457763672,19913200
2017-06-05,20.14500462993192,20.163562325801948,20.05222181359545,20.081912994384766,14700000
2017-06-06,20.126445193351945,20.126445193351945,20.011394009467164,20.03737449645996,15002400
2017-06-07,20.037375157977774,20.15242492990763,20.003973291602243,20.104177474975586,15762600
2017-06-08,20.06335470288403,20.07819887603711,19.814696043838968,19.937170028686523,26585200
2017-06-09,19.874074274246396,19.933455206023062,19.777580791016725,19.918609619140625,27876400
2017-06-12,19.94458755039022,20.026235436283397,19.77015546623828,19.881494522094727,25642200
2017-06-13,19.859232691124724,19.944594125031664,19.81098664765969,19.92974853515625,17829800
2017-06-14,20.055930773666358,20.14500147055834,19.97428145505437,20.03737449645996,31664200
2017-06-15,19.981698173005636,20.174686511924858,19.981698173005636,20.15241813659668,31099000
2017-06-16,20.211163948607155,20.285992681953356,20.173748868314362,20.244836807250977,35391600
2017-06-19,20.26355043647267,20.274774250708774,20.10641132820777,20.17749786376953,35644600
2017-06-20,20.199942127240618,20.21490673359193,20.151303231690175,20.188716888427734,15177000
2017-06-21,20.18496764894861,20.214898276368803,19.964223741173875,20.06898307800293,20153200
2017-06-22,20.03905734114975,20.113884641581425,19.960486392113662,19.975452423095703,15862400
2017-06-23,19.979201437329017,20.054028763201757,19.8669575940404,19.908113479614258,17286200
2017-06-26,19.953003761898415,20.15503946064843,19.881915832065623,20.042797088623047,20710000
2017-06-27,19.953010785416645,20.009131277564315,19.762197401291342,19.81831932067871,20957600
2017-06-28,19.878182358944677,19.923079038841706,19.608799425083063,19.627506256103516,18577600
2017-06-29,19.511519494036968,19.537709338143905,19.39553487924948,19.47036361694336,41191400
2017-06-30,19.492807458205267,19.597568241552256,19.440427780151367,19.440427780151367,30225800
2017-07-03,19.4703647597031,19.522744450991258,19.32444949761764,19.35063934326172,25409400
2017-07-05,19.414240110682087,19.414240110682087,19.204721375052586,19.25710105895996,28005200
2017-07-06,19.17853059125196,19.272066151236533,19.17853059125196,19.249618530273438,28073600
2017-07-07,19.245877240301045,19.358121059507692,19.22717041284642,19.264585494995117,26526000
2017-07-10,19.32070504205554,19.36560171122111,19.234652498138455,19.249618530273438,32627600
2017-07-11,19.279551570800205,19.279551570800205,19.144860119272728,19.23839569091797,18111800
2017-07-12,19.406754023097402,19.45913369871411,19.369340376868074,19.403013229370117,24286000
2017-07-13,19.391794289212417,19.44417397797892,19.320706345395475,19.33567237854004,13842000
2017-07-14,19.462879710883538,19.51525939670336,19.4030170089124,19.425464630126953,25215000
2017-07-17,19.436689262779165,19.5152587890625,19.39553338884808,19.5152587890625,15338000
2017-07-18,19.560153471528206,19.593826326122404,19.507773792657055,19.571378707885742,15780800
2017-07-19,19.60506048771477,19.661180986094575,19.54893856209511,19.653697967529297,21338800
2017-07-20,19.706071246301782,19.7996068070165,19.65743378234249,19.795866012573242,16925000
2017-07-21,19.799606126947804,19.938039779663086,19.73226183860656,19.938039779663086,18504000
2017-07-24,19.949265787486198,19.949265787486198,19.72103877368122,19.7509708404541,21069600
2017-07-25,19.70981561554149,19.76593752898105,19.61628004463525,19.638729095458984,21136200
2017-07-26,19.634986580955413,19.8257999420166,19.60505594087572,19.8257999420166,17262400
2017-07-27,19.769679848723236,19.874439239501953,19.74723079616794,19.874439239501953,19173800
2017-07-28,19.844501495361328,19.900621965807503,19.750965950711894,19.844501495361328,19278000
2017-07-31,19.822059009722498,19.956750466943745,19.792128367695344,19.911853790283203,23722600
2017-08-01,19.941785674256682,20.061511104300873,19.923078843419724,20.024097442626953,21646200
2017-08-02,19.98293714909002,20.113886363293737,19.86321174546394,20.110145568847656,16031800
2017-08-03,20.136341440055013,20.211170196533203,20.046548074073037,20.211170196533203,20929400
2017-08-04,20.106409521692036,20.166272237639163,20.01287393882217,20.121374130249023,34930800
2017-08-07,20.143814987637683,20.192453870566485,20.09143531090165,20.18497085571289,10322800
2017-08-08,20.166271040476165,20.267288208007812,20.14008119300653,20.267288208007812,15137400
2017-08-09,20.300957406804937,20.353338519524403,20.147559144796393,20.162525177001953,17704400
2017-08-10,20.132595872591324,20.263545094960254,20.08769777300242,20.226131439208984,19229600
2017-08-11,20.18123065236892,20.222386524558857,20.03531541623317,20.106403350830078,18672600
2017-08-14,20.110141136390215,20.233608734488392,20.10640034276864,20.222383499145508,23655600
2017-08-15,20.083961992192254,20.349602725164925,20.072738178112793,20.334636688232422,19164600
2017-08-16,20.30095798440156,20.42816640728936,20.30095798440156,20.416942596435547,14263600
2017-08-17,20.3720471039214,20.43939282741783,20.256062485179882,20.271028518676758,17912600
2017-08-18,20.203687335373065,20.48803489951501,20.203687335373065,20.390758514404297,29697600
2017-08-21,20.45061586099332,20.49925475438822,20.372046328982723,20.4655818939209,11312000
2017-08-22,20.47680420803438,20.514219287618086,20.40571769768437,20.51047706604004,16300600
2017-08-23,20.502989202633696,20.58530093101766,20.435643502544817,20.577817916870117,14092600
2017-08-24,20.566598895758545,20.61149556385365,20.525443021988306,20.562856674194336,14034800
2017-08-25,20.611498325809205,20.705033896097458,20.56285942963224,20.630205154418945,15723600
2017-08-28,20.701294477180245,20.701294477180245,20.570343813729348,20.667621612548828,15745400
2017-08-29,20.70129550595211,20.73496694501723,20.618983737820386,20.622724533081055,15860600
2017-08-30,20.61149556385365,20.630202389956665,20.53292603787738,20.562856674194336,11502200
2017-08-31,20.581559679275234,20.622715545404777,20.551629048514982,20.56659507751465,20939000
2017-09-01,20.596530097676514,20.630202956482368,20.443131835836372,20.502994537353516,22537400
2017-09-05,20.54040954061432,20.570340177640688,20.439390964576486,20.555374145507812,18080800
2017-09-06,20.577826208414724,20.61149907202717,20.424427924677943,20.461841583251953,22857400
2017-09-07,20.480546278558755,20.637685329933284,20.461838025285207,20.615236282348633,24703400
2017-09-08,20.585306457140042,20.727480909632053,20.547891376358255,20.712514877319336,18039800
2017-09-11,20.675100485061687,20.914552728321215,20.67135969047863,20.888362884521484,20183200
2017-09-12,20.87339738420856,20.87339738420856,20.428167173776036,20.5404109954834,37790600
2017-09-13,20.521710076745737,20.53667611528891,20.42443368069511,20.43939971923828,21458200
2017-09-14,20.42816753725187,20.622721690502967,20.36830483065457,20.61149787902832,20390800
2017-09-15,20.67068618059915,20.700845105201964,20.546276841533782,20.640525817871094,17030200
2017-09-18,20.625447084216244,20.64052726663876,20.293691699673033,20.42940902709961,31607000
2017-09-19,20.463337484439972,20.47841766595307,20.357779090098802,20.387939453125,31560000
2017-09-20,20.421865922145027,20.46710646273623,20.157969959322052,20.237138748168945,39494000
2017-09-21,20.255984371183796,20.365313499465906,20.206974514001324,20.23336410522461,21424600
2017-09-22,20.289919169309044,20.31630876718926,20.06749153137207,20.06749153137207,22483800
2017-09-25,20.097653785540164,20.274840896826568,20.06372409391079,20.252222061157227,23446600
2017-09-26,20.244681772847102,20.286151555337742,20.176822390248844,20.214521408081055,20022200
2017-09-27,20.07502695346747,20.15419572869737,19.845059278454528,19.943078994750977,24701600
2017-09-28,19.871456329941374,20.067494398002058,19.818677126641465,20.01471519470215,28365000
2017-09-29,20.022254062576526,20.082573353821918,19.928005080122766,19.9996337890625,24254200
2017-10-02,19.98832069860411,20.12780876433027,19.965700429246453,20.033559799194336,33228600
2017-10-03,20.044870570690204,20.04864133490075,19.852603301582548,19.977012634277344,19115000
2017-10-04,19.988322804870073,20.184360845585303,19.928003518351943,20.176820755004883,24281000
2017-10-05,20.169279844815236,20.199440205911305,20.067490783303764,20.157970428466797,25278400
2017-10-06,20.063724036656915,20.1504329287678,19.988324562348428,20.142892837524414,20836400
2017-10-09,20.1805942396951,20.21829470036585,20.142895217149878,20.16928482055664,14681400
2017-10-10,20.218293917428554,20.369091439895456,20.154203855832883,20.36532211303711,16653600
2017-10-11,20.342697217493974,20.553815426751285,20.338927891491675,20.4520263671875,30938200
2017-10-12,20.474652346317477,20.610369692118077,20.44072265033594,20.55759048461914,27336400
2017-10-13,20.614136905088387,20.64806659522319,20.35401023947175,20.414329528808594,25425400
2017-10-16,20.40678575975836,20.452024859075774,20.203207655642434,20.36908531188965,22492800
2017-10-17,20.35778092280723,20.531198711444013,20.30123095610483,20.489728927612305,19199200
2017-10-18,20.403016500406757,20.493496143838502,20.372857578012937,20.4520263671875,17382000
2017-10-19,20.489727353747806,20.666915893554688,20.467108519304567,20.666915893554688,20571800
2017-10-20,20.583973753770724,20.723463259948595,20.576435101984178,20.68199348449707,22462800
2017-10-23,20.678227693137163,20.73477766201101,20.606598978939015,20.693307876586914,21222000
2017-10-24,20.659373289631386,20.734772750896028,20.6103634240906,20.7121524810791,22671400
2017-10-25,20.62544481746171,20.663145269374684,20.37662758733686,20.621675491333008,36662600
2017-10-26,20.719691466910014,20.829020608011575,20.617902415345633,20.625442504882812,34659200
2017-10-27,20.60282457211457,20.80263192011835,20.565124122785967,20.75362205505371,20732200
2017-10-30,20.602826529033504,20.798863131662028,20.602826529033504,20.757394790649414,20114800
2017-10-31,20.742318830327573,20.82148764035971,20.689539623639483,20.780017852783203,19064000
2017-11-01,20.813942557094673,20.813942557094673,20.62544461376697,20.663145065307617,21758400
2017-11-02,20.663148332706566,20.825256704652094,20.610367692203624,20.73854637145996,29453800
2017-11-03,20.712150998515273,20.915729097920273,20.666911900244717,20.813940048217773,23264400
2017-11-06,20.840332023264967,20.851642877718735,20.723464219535657,20.734773635864258,23993000
2017-11-07,20.768703538487674,21.013751441068038,20.69330407322255,20.983591079711914,22649000
2017-11-08,20.972282886688102,21.055221009005287,20.851644310476498,20.998672485351562,19169800
2017-11-09,20.938353672298632,21.06276157765963,20.889343800186577,21.025062561035156,21525200
2017-11-10,20.91196326425486,20.97605187766286,20.85541330337995,20.92704200744629,22073000
2017-11-13,20.949668142783015,21.194716124324284,20.949668142783015,21.175865173339844,19645600
2017-11-14,21.115541568395763,21.454838483246935,21.108002915288274,21.43975830078125,24747600
2017-11-15,21.522692564919783,21.575471752424182,21.232405595520575,21.25502586364746,24130400
2017-11-16,21.20224066642018,21.251249076282953,21.123070469479174,21.18716049194336,22882200
2017-11-17,21.14192729350321,21.194706480743587,21.021287302221634,21.040138244628906,33300800
2017-11-20,21.051450797057967,21.077840394611236,20.942121642551463,20.976051330566406,18583800
2017-11-21,21.036373544222194,21.09292351149345,20.97605425025804,21.032604217529297,15512000
2017-11-22,21.01752403450691,21.074074001778165,20.953435413849864,21.032604217529297,11157800
2017-11-24,21.0439175782842,21.14947600296635,21.032608157961306,21.066537857055664,10004400
2017-11-27,21.092918611637874,21.19470766620544,21.04013942144545,21.157007217407227,14393600
2017-11-28,21.20978532739369,21.29649563615092,21.164546229264918,21.25502586364746,18371000
2017-11-29,21.18339689149975,21.35681608036809,21.1079988698723,21.26633644104004,31138800
2017-11-30,21.292725911260717,21.383205550057713,21.25125613673397,21.33796501159668,31783000
2017-12-01,21.409595270757336,21.451065045527482,21.149467206517365,21.26633644104004,48151800
2017-12-04,21.27764844674681,21.36058800638317,21.11177076559933,21.145700454711914,26111600
2017-12-05,21.179632976964953,21.179632976964953,20.776247418069655,20.878036499023438,39752000
2017-12-06,20.91195999792101,20.99866886976057,20.84410063072048,20.957199096679688,18889600
2017-12-07,20.919503625795294,20.99867242154511,20.82902397484889,20.994901657104492,22950400
2017-12-08,20.96851232828839,21.066532071251824,20.885574205156193,21.062761306762695,19950600
2017-12-11,21.04390888626481,21.202247896013038,20.983589605914315,21.190937042236328,30870800
2017-12-12,21.11177028466134,21.13815988246715,20.817713944467915,20.829023361206055,43101000
2017-12-13,20.885574340820312,21.002442154487397,20.825255051729958,20.885574340820312,34770200
2017-12-14,20.866719101665215,20.95342941013645,20.69707212471062,20.859180450439453,26287200
2017-12-15,20.92805856801313,21.01177126677512,20.867177001149244,20.9356689453125,27275200
2017-12-18,20.954686896414316,21.01556844216653,20.673110291634284,20.703550338745117,38807000
2017-12-19,20.70355656670136,20.7301921602597,20.315436051454274,20.32685089111328,29775000
2017-12-20,20.311626464323297,20.383922849808993,20.15561740504213,20.16703224182129,31512000
2017-12-21,20.026246286435303,20.030050748631982,19.847406081044763,19.92731285095215,39869800
2017-12-22,19.95014185267008,20.03385452738381,19.93872701576571,19.957752227783203,22943400
2017-12-26,19.980586315500556,20.04146787832425,19.835993511001124,19.839797973632812,16487400
2017-12-27,19.9120947589648,19.9615600281773,19.870238414607396,19.92350959777832,21232800
2017-12-28,19.961561398066856,20.041468178306957,19.927315427745246,20.033859252929688,9821600
2017-12-29,20.094741460219392,20.132791894448243,20.003418385926725,20.04527473449707,14060200
2018-01-02,20.041468470109344,20.06810551544152,19.79794221162371,19.858823776245117,24540000
2018-01-03,19.786522964507547,19.931117192599846,19.634318361091374,19.702810287475586,41615800
2018-01-04,19.641930096396784,19.771303582798982,19.501141771983765,19.53919219970703,29943600
2018-01-05,19.607676984325902,19.638118476633974,19.432642758145224,19.53157615661621,46832600
2018-01-08,19.565827526590468,19.729446976358002,19.52777709937833,19.7142276763916,28601000
2018-01-09,19.71042335897308,19.718033735337976,19.489728250514656,19.52016830444336,30877400
2018-01-10,19.406015117297425,19.436456622059364,19.26522678660057,19.307083129882812,31124000
2018-01-11,19.288056261199486,19.37557340917524,19.170099060312126,19.234785079956055,33091000
2018-01-12,19.17771187906147,19.280448340813017,19.06736358869898,19.124439239501953,37270600
2018-01-16,19.200539678112598,19.25381086092329,18.97223419420081,19.082582473754883,54585600
2018-01-17,19.113027185421252,19.25381555309273,19.08639158752479,19.200544357299805,46903200
2018-01-18,19.200538516809615,19.20434443051211,18.979843422580597,19.07877540588379,42659400
2018-01-19,19.154879776059044,19.196736122109712,18.998870682662613,19.02170181274414,37263800
2018-01-22,19.113020135154272,19.23478323820339,19.01789262017648,19.0483341217041,41073000
2018-01-23,19.120635439940862,19.367967623258988,19.06355833562712,19.23098373413086,53347800
2018-01-24,19.20054283020115,19.215763585368908,19.082585606478794,19.113025665283203,39062800
2018-01-25,19.12063162556887,19.42503940094341,19.109216787595688,19.409818649291992,52570000
2018-01-26,19.46308855893482,19.520164192351736,19.22717129591375,19.421232223510742,47900000
2018-01-29,19.32991350767884,19.364159476012095,19.15107474107707,19.173904418945312,36121800
2018-01-30,19.158686043591295,19.2880595565131,19.151077117711548,19.208152770996094,26178200
2018-01-31,19.230977209059883,19.440257434649713,19.12443341392662,19.421232223510742,54822800
2018-02-01,19.398405592204814,19.474507905917775,19.059751820289584,19.11682891845703,57039200
2018-02-02,19.021699480567257,19.162487803314495,18.957012012366146,18.979843139648438,43612800
2018-02-05,18.94940429114043,19.151075648224992,18.63358163624575,18.667827606201172,66944600
2018-02-06,18.447122696476583,18.546056098986433,18.024756408405974,18.390047073364258,83343200
2018-02-07,18.37863449373839,18.59552509866988,18.29492327265311,18.302532196044922,55760400
2018-02-08,18.249264328651826,18.496596478072814,18.0780344907089,18.097061157226562,52083800
2018-02-09,18.146528519384024,18.618361743756978,18.09325733066294,18.47757339477539,72845000
2018-02-12,18.5156245083707,18.721100345144926,18.348200558886745,18.618362426757812,53008800
2018-02-13,18.610747182123745,18.774366625853634,18.416687688053553,18.702070236206055,50134400
2018-02-14,18.542256941443547,18.667825970789817,18.439519040577732,18.49279022216797,40682200
2018-02-15,18.53845623081795,18.91135602894541,18.511820634632496,18.903745651245117,33008200
2018-02-16,18.915156007795954,19.116827340215416,18.842859614079263,19.071165084838867,40133000
2018-02-20,19.006480049277766,19.074971984351482,18.732512308982894,18.823835372924805,33546600
2018-02-21,18.83525074875741,18.960819783817293,18.57269929117434,18.57650375366211,44922800
2018-02-22,18.63738679548823,18.812421114455393,18.568894853017426,18.671632766723633,40257800
2018-02-23,18.724900612315096,19.1815129967651,18.70207093658759,19.158681869506836,41284800
2018-02-26,19.234784316843484,19.269030282217148,19.063554489975168,19.101606369018555,27209800
2018-02-27,19.11682778671485,19.230980524760845,18.789588873193736,18.797199249267578,36402400
2018-02-28,18.86569304910682,18.91515832118501,18.667827606201172,18.667827606201172,23892200
2018-03-01,18.705878737959036,18.97223613073095,18.58411560724005,18.671632766723633,43182600
2018-03-02,18.66021565350383,18.846664789657915,18.46615468963474,18.622163772583008,33714200
2018-03-05,18.57650505659646,19.04453235808755,18.538454622926356,19.002676010131836,31000800
2018-03-06,18.97984161684974,19.021697954410328,18.705873917566365,18.747730255126953,41416000
2018-03-07,18.6906581912824,18.770566426073007,18.534649087595646,18.60694694519043,33357600
2018-03-08,18.64879568103413,18.785779522238307,18.618355633839066,18.74392318725586,24517600
2018-03-09,18.705876187912292,18.80100371153909,18.652605006926215,18.797199249267578,26197000
2018-03-12,18.804811667220875,18.89993920851972,18.781981986289047,18.87710952758789,32463600
2018-03-13,18.945601889360887,19.03311905509337,18.774372020957713,18.91896629333496,37745000
2018-03-14,18.976041771835597,19.177713148980622,18.964626931225332,19.113025665283203,38264600
2018-03-15,19.101606369018555,19.276640658025826,18.987453634949933,19.101606369018555,42135600
2018-03-16,19.100457554292866,19.319033235416775,19.088952570207258,19.269182205200195,39512600
2018-03-19,19.257680179568727,19.322868755615822,19.039104481469153,19.15030860900879,43379200
2018-03-20,19.154139630540033,19.234667192598835,19.016091545406276,19.06210708618164,29936400
2018-03-21,19.077451029575528,19.257680683280146,18.93173340609503,18.996923446655273,38471800
2018-03-22,19.016094996640394,19.38805779766864,18.962409945524552,19.081283569335938,50664800
2018-03-23,19.081285775506036,19.25384593319253,18.774512974512323,18.8128604888916,34668600
2018-03-26,18.874215924079223,19.035271103514233,18.835868407922195,19.0084285736084,27519200
2018-03-27,19.03526533959688,19.480086152668566,18.973910795132085,19.280683517456055,42912000
2018-03-28,19.303690161937965,19.38038370083808,19.146469065456138,19.273012161254883,46346200
2018-03-29,19.33053322757203,19.4685813089331,19.296021207231764,19.376548767089844,30929000
2018-04-02,19.411068700799504,19.50310128016196,19.088956867243237,19.227005004882812,35585200
2018-04-03,19.192488492145362,19.384221646837737,19.142637462339138,19.292190551757812,27597600
2018-04-04,19.28835411416296,19.384220686760994,19.131132993614496,19.334369659423828,32714600
2018-04-05,19.330537500793014,19.545279170693124,19.115795830892903,19.48775863647461,28572600
2018-04-06,19.514599284006632,19.556780809999015,19.292189596239254,19.334369659423828,28624000
2018-04-09,19.349706494880582,19.506927597819747,19.284517934963006,19.37271499633789,23512200
2018-04-10,19.376554995414512,19.399563503973,19.180987792495717,19.223169326782227,28182400
2018-04-11,19.215494507850455,19.28451855162191,19.131131462616963,19.196321487426758,16048200
2018-04-12,19.200157110660438,19.25000813817351,18.904887890479653,18.943235397338867,24157600
2018-04-13,18.977749091209265,19.17715029318334,18.977749091209265,19.092788696289062,20874600
2018-04-16,19.134972337317127,19.36505157286155,19.123467351574234,19.353548049926758,30795200
2018-04-17,19.399558800248847,19.618134458729067,19.31903123403145,19.549110412597656,26389000
2018-04-18,19.57212008344572,19.74468020907091,19.47241802739213,19.476253509521484,28240000
2018-04-19,19.407231218034532,19.510767302792512,19.307529152945534,19.464750289916992,30335400
2018-04-20,19.44174005846047,19.487755600982947,19.226998422009387,19.288352966308594,28160000
2018-04-23,19.315195632345336,19.411062199954685,19.226998565681665,19.29985809326172,23874000
2018-04-24,19.315195322334343,19.549109977596036,19.284518781851737,19.430234909057617,33808800
2018-04-25,19.36121822341342,19.503100374819763,19.288358674814578,19.4340763092041,26815000
2018-04-26,19.45325020185276,19.65648692476569,19.365053105818692,19.6296443939209,23534200
2018-04-27,19.606632736722727,19.901901969406065,19.56828522823977,19.829042434692383,34314600
2018-04-30,19.85971384593492,19.92490239449458,19.752342320649312,19.771516799926758,25492000
2018-05-01,19.7715233893377,19.806035415608847,19.67565681222983,19.710168838500977,21942600
2018-05-02,19.714002767706713,19.783026819933042,19.614302171606386,19.690994262695312,25960600
2018-05-03,19.652644811580135,19.756180871978057,19.441738672017387,19.664148330688477,32960200
2018-05-04,19.698659095308976,19.840542648370985,19.698659095308976,19.752344131469727,23486800
2018-05-07,19.740848170225274,19.783029704158675,19.621973071213695,19.64881706237793,17044000
2018-05-08,19.568281081380327,19.602793100297355,19.123460316898402,19.15797233581543,46295800
2018-05-09,19.161807918315127,19.19631993741417,18.950900322261198,19.023759841918945,44301000
2018-05-10,19.18481899042072,19.29602457121619,19.08128291134989,19.292190551757812,27922800
2018-05-11,19.311366980687307,19.372721542497896,19.242342915799373,19.31903648376465,12957800
2018-05-14,19.349704186591953,19.384216203257044,19.161806566932267,19.24616813659668,17025600
2018-05-15,19.13113097314034,19.21932803507894,18.993082889129436,19.085115432739258,22141400
2018-05-16,19.092787070025636,19.11962959349763,18.862706416655648,18.935565948486328,27082600
2018-05-17,18.939403847225094,18.99308890516564,18.74383664146909,18.782182693481445,22552000
2018-05-18,18.835860297514994,18.89721483413983,18.640293169150688,18.7860107421875,23620800
2018-05-21,18.809016478935753,18.93556102480593,18.724654911163068,18.88187599182129,21484000
2018-05-22,18.874208953121702,19.062106593064858,18.874208953121702,18.95090103149414,22051400
2018-05-23,19.016092588368036,19.165644201196063,18.97007704506889,19.123462677001953,27165800
2018-05-24,19.1503049276174,19.296022519274185,19.08511636410194,19.280683517456055,25795200
2018-05-25,19.3075288284589,19.41490039388931,19.269182781181712,19.365049362182617,27743200
2018-05-29,19.330537334509973,19.495427970856163,19.227001251492045,19.365049362182617,34561400
2018-05-30,19.31136779365686,19.556786051230837,19.261516752959583,19.522274017333984,27771800
2018-05-31,19.49925958320686,19.667985681135686,19.380385973638194,19.552946090698242,30216400
2018-06-01,19.503096997140684,19.51076649897063,19.16181221115158,19.253843307495117,34360000
2018-06-04,19.292191307343277,19.372718884394075,19.085119141091564,19.1004581451416,28729000
2018-06-05,19.1349713166559,19.161813843944028,18.92789913802631,19.000757217407227,29829200
2018-06-06,18.996919857962915,19.019926898560723,18.548263549804688,18.548263549804688,52255800
2018-06-07,18.578943580284058,18.86270783919035,18.5405960704265,18.67864418029785,43051600
2018-06-08,18.74767211893735,18.755341622497646,18.613459463652678,18.670978546142578,22482400
2018-06-11,18.713153143135063,18.782177186766756,18.578940537633265,18.632625579833984,34670400
2018-06-12,18.617289478818922,18.87037719062815,18.605785957357384,18.847370147705078,33322600
2018-06-13,18.870375845230974,18.981581420790288,18.739997247666768,18.797517776489258,33451400
2018-06-14,18.82819308235661,19.073612721444764,18.805186042585138,19.031431198120117,32277200
2018-06-15,19.008217878941863,19.174583425676957,18.857328540250133,19.166845321655273,43422400
2018-06-18,19.155242772806552,19.29065741713381,19.116553717794677,19.2287540435791,34453400
2018-06-19,19.26357156877693,19.487970707005616,19.22875083471992,19.4183292388916,33294800
2018-06-20,19.449283584358607,19.484104321863636,19.348689686725084,19.433807373046875,24635400
2018-06-21,19.453146041300766,19.600167052704204,19.391242690587575,19.499574661254883,25407400
2018-06-22,19.51117449573825,19.685278072097457,19.472485468054785,19.634981155395508,25953400
2018-06-25,19.638859129538226,20.002542662608164,19.638859129538226,19.959983825683594,42932400
2018-06-26,19.905816696500274,20.099264863665695,19.8632578635811,19.983196258544922,39817400
2018-06-27,19.95998142324784,20.118608857124084,19.90581617400605,20.079919815063477,43529400
2018-06-28,20.09927196595639,20.261767775366614,20.041236904942505,20.072189331054688,30075600
2018-06-29,20.03736248366693,20.184382035219993,19.92516218704028,20.103134155273438,28741400
2018-07-02,20.114743471157656,20.257894718689677,20.021887690446913,20.246288299560547,31405600
2018-07-03,20.254018639918947,20.424253939051905,20.161164363930155,20.3043155670166,21211200
2018-07-05,20.315932668091683,20.42813299682646,20.230816449648824,20.412656784057617,22062000
2018-07-06,20.455210908573946,20.617708153344026,20.420390175829827,20.571279525756836,24793400
2018-07-09,20.567416885238462,20.571285200658256,19.867133722819627,19.93677520751953,55873600
2018-07-10,19.74718837456889,20.234677084612922,19.689153336659977,20.126346588134766,54218200
2018-07-11,20.118611426983797,20.343012032097803,20.103135217825752,20.308191299438477,43544600
2018-07-12,20.30819279184241,20.36622636661102,20.215337005962926,20.323667526245117,34273400
2018-07-13,20.350750376422543,20.397179007810763,20.192122908911106,20.327537536621094,21918600
2018-07-16,20.312059613781717,20.36235655559909,20.207597415803736,20.308191299438477,20986400
2018-07-17,20.33914795931026,20.373968701757892,20.273376265738595,20.292720794677734,22107000
2018-07-18,20.26950128900502,20.3043220225447,20.103135726081284,20.18825340270996,20722600
2018-07-19,20.207593064750316,20.493896968957646,20.207593064750316,20.373958587646484,22238800
2018-07-20,20.312056128355916,20.3662213752221,20.0953936649989,20.23080825805664,27657000
2018-07-23,20.234678955777166,20.273369476591714,20.018017942785526,20.087657928466797,29527400
2018-07-24,20.03349422469927,20.219204311295382,19.801356985427276,20.15730094909668,31397600
2018-07-25,20.15343248421069,20.31592825530949,20.091529122474114,20.215335845947266,26937400
2018-07-26,20.312058896294918,20.490030867648258,20.27723816486557,20.431997299194336,38142000
2018-07-27,20.443600027439793,20.532585997053637,20.284972607538204,20.366220474243164,31495800
2018-07-30,20.339140466793445,20.339140466793445,20.17664471249319,20.242416381835938,18952800
2018-07-31,20.331405308733785,20.478426352421145,20.257895524836417,20.42426109313965,30439600
2018-08-01,20.308197008186227,20.350754381495154,20.11861708243957,20.292720794677734,39970800
2018-08-02,20.28497242949137,20.455206264315983,20.165034049294718,20.39330291748047,34583800
2018-08-03,20.40104360853269,20.67573965272178,20.33140215002103,20.62157440185547,30833200
2018-08-06,20.640926573455467,20.75699669792134,20.598369200496645,20.63705825805664,24398200
2018-08-07,20.59836726702328,20.64092463598744,20.44360809952393,20.606103897094727,26216400
2018-08-08,20.53645318970588,20.567404121535585,20.424252925552636,20.49776268005371,34012000
2018-08-09,20.493897871410372,20.602228365176472,20.424256418020082,20.590621948242188,17362200
2018-08-10,20.61770702329681,20.7608582607799,20.493900308301843,20.501638412475586,26601000
2018-08-13,20.536460867885083,20.567411811286735,20.431998666605907,20.528722763061523,34546800
2018-08-14,20.53646026890526,20.65252888608815,20.513245955111664,20.571279525756836,19887600
2018-08-15,20.63705371510598,20.884667171124487,20.594494875622935,20.760860443115234,38545400
2018-08-16,20.714436017806655,21.000738560583077,20.671877172717313,20.98526382446289,26545800
2018-08-17,20.97365137946144,21.186444082872164,20.934962333711308,21.093589782714844,28230200
2018-08-20,21.136143429004854,21.147749844701664,20.96977791652062,21.02007484436035,19149200
2018-08-21,20.989128625244316,21.00073504436436,20.807286854269943,20.869190216064453,23701600
2018-08-22,20.88853734572534,20.89240566034375,20.637054094641922,20.714433670043945,25305200
2018-08-23,20.70669364029891,20.845976567898155,20.660266489729995,20.698955535888672,22336200
2018-08-24,20.67573878477517,20.807283592453693,20.594490911886407,20.787939071655273,15692600
2018-08-27,20.80341427962813,20.8614478392365,20.55580088315766,20.660263061523438,24768200
2018-08-28,20.6099758214574,20.687355413216995,20.55581054999357,20.617713928222656,20132200
2018-08-29,20.668002769427105,20.768596649169922,20.637051828201034,20.768596649169922,23822400
2018-08-30,20.803419299452553,20.888536978487604,20.702825410430652,20.776336669921875,26951400
2018-08-31,20.807284330851235,20.892401996455693,20.60996785027736,20.687347412109375,24265000
2018-09-04,20.710561403653436,20.89240316272571,20.691216881088664,20.780202865600586,25930200
2018-09-05,20.75699033501323,21.081983336928918,20.75699033501323,21.070375442504883,29669600
2018-09-06,21.081986628343216,21.256088837067978,21.020083260022858,21.190317153930664,24705600
2018-09-07,20.98526186026657,21.085854277150105,20.88466796749036,20.931095123291016,32367000
2018-09-10,20.973651526693995,21.12067255818306,20.958175317928305,21.035554885864258,19864800
2018-09-11,21.027813327470874,21.112930985808323,20.93882735552366,20.981386184692383,18093400
2018-09-12,20.977521878735903,21.0935904958026,20.915618517907493,20.962045669555664,19619800
2018-09-13,20.95430667406917,21.12841033021327,20.857582584643833,21.12067222595215,17548400
2018-09-14,21.035555070258063,21.054899593438495,20.830500467938936,21.008472442626953,26135000
2018-09-17,20.969781149641257,21.109064063046148,20.946566838776324,21.07811164855957,28518200
2018-09-18,21.047159184603807,21.109062533198255,20.938827217644334,21.03942108154297,19535000
2018-09-19,21.03168933889378,21.03168933889378,20.48616545321133,20.582889556884766,51020000
2018-09-20,20.555802952975213,20.64478893404875,20.385567618841126,20.625444412231445,35629000
2018-09-21,20.59226494121477,20.787452286629126,20.49857436018492,20.713281631469727,40685200
2018-09-24,20.64301132508428,20.717181970388392,20.51028388827199,20.529802322387695,27053600
2018-09-25,20.471248889435866,20.48296114315568,20.213601645019626,20.248735427856445,40048000
2018-09-26,20.346324710510874,20.354132381584513,20.041832984443943,20.049640655517578,48164400
2018-09-27,20.100389439711968,20.365842806010296,20.053543414046704,20.25653839111328,32913600
2018-09-28,20.299478578356197,20.56883650800955,20.272152476325896,20.55322265625,30854800
2018-10-01,20.490761695314806,20.529798556385263,20.404878813966842,20.482954025268555,25157400
2018-10-02,20.52199542947839,20.814776419804783,20.52199542947839,20.76012420654297,31666400
2018-10-03,20.72499018302933,20.834294608260247,20.33461553387765,20.510284423828125,49352600
2018-10-04,20.459533412777294,20.662528390286358,20.30728755193574,20.619586944580078,48151800
2018-10-05,20.588357846603653,21.002153985365716,20.572742504607845,20.935791015625,60780000
2018-10-08,21.01776727105951,21.251991421437072,20.92407671741198,21.11145782470703,42978600
2018-10-09,21.091942488966357,21.291034400305524,21.060713290403267,21.197343826293945,36227600
2018-10-10,21.162205200954407,21.42766002917563,21.072419228050286,21.08022689819336,61168000
2018-10-11,21.138784381480566,21.18953200535411,20.588356275986964,20.693756103515625,85789600
2018-10-12,20.66643691061232,20.732801386637366,20.49857566374829,20.67034149169922,43738200
2018-10-15,20.66643654100921,20.900662259709343,20.643015011552134,20.767934799194336,36706000
2018-10-16,20.74450863099408,21.099749502384096,20.68204874665609,20.982637405395508,35875000
2018-10-17,20.9553123718264,21.045098367086062,20.83039259675546,20.943601608276367,28517000
2018-10-18,20.998253643501616,21.10365498203081,20.86552619748276,20.974830627441406,33038000
2018-10-19,20.97873561436956,21.415954831833808,20.91237114549413,21.302745819091797,59579200
2018-10-22,21.32616451662616,21.349586039235522,21.115361878176532,21.16611099243164,24500000
2018-10-23,21.20514639439502,21.34177689740034,20.963114579430968,21.048995971679688,37849200
2018-10-24,21.142689740618156,21.661888709371233,21.05290375509956,21.56039047241211,58326800
2018-10-25,21.41985582044393,21.41985582044393,21.11926717258468,21.224668502807617,59822400
2018-10-26,21.33788089714563,21.400340789153894,20.689858959124415,20.83429718017578,73786000
2018-10-29,20.881144013488377,21.22076959618078,20.881144013488377,21.127079010009766,49946400
2018-10-30,21.209054946899414,21.337877803984096,20.959213925922292,21.209054946899414,50131000
2018-10-31,21.03338538927425,21.162208242246486,20.83429349491576,20.959213256835938,50286000
2018-11-01,20.990449810886197,21.002160576477756,20.728897962436974,20.865530014038086,54054800
2018-11-02,20.92408240927473,20.978736115780084,20.6117829607646,20.748414993286133,48273200
2018-11-05,20.842101114557487,21.115363651516425,20.791351996040294,21.04119300842285,42506600
2018-11-06,21.02167291931911,21.228572482792448,20.994346814755634,21.181726455688477,26136200
2018-11-07,21.337876567927058,21.45498865553665,21.170015362994285,21.42375946044922,41450800
2018-11-08,21.443278307962828,21.513545859718857,21.20905412821675,21.388626098632812,41168200
2018-11-09,21.31445189306936,21.51354376672938,21.271511939316863,21.41985321044922,40030200
2018-11-12,21.263709595223148,21.630661263486584,21.107559125362275,21.40814781188965,55327800
2018-11-13,21.404243349494543,21.544776976375775,21.24028521772471,21.49793243408203,47516000
2018-11-14,21.31445992774829,21.45499507056409,21.201252386401276,21.275423049926758,55155600
2018-11-15,21.166114986757965,21.18563342233612,20.91237085675843,21.099750518798828,68562400
2018-11-16,21.42375946044922,21.5252562059346,21.26370592657855,21.42375946044922,42812800
2018-11-19,21.39253625235945,21.536974494583475,21.302750237508754,21.5174560546875,29144000
2018-11-20,21.57991351660372,21.732159415409594,21.298844737716475,21.42766761779785,48856800
2018-11-21,21.35348964531863,21.380815746557317,21.052901042532223,21.11145782470703,37819400
2018-11-23,21.1387900123225,21.173923793911097,20.982639541004012,21.1231746673584,16235800
2018-11-26,21.146592508609977,21.25980150611916,21.033385000261795,21.248090744018555,32202000
2018-11-27,21.232478905586476,21.431570829117152,21.14659599824687,21.40814781188965,26366800
2018-11-28,21.43156306714542,21.49402293463613,21.318354091955783,21.39252471923828,24124400
2018-11-29,21.423760112480096,21.423760112480096,21.16611291623313,21.384721755981445,34979200
2018-11-30,21.435472842461575,21.72044616983545,21.38082062750784,21.700927734375,36333600
2018-12-03,21.63066058449846,21.919538497924805,21.5057408081955,21.919538497924805,35813000
2018-12-04,21.974190414120834,22.177185420134006,21.880499838591223,21.935152053833008,44536000
2018-12-06,22.024939184562406,22.03274685702261,21.509644715479162,21.958576202392578,49395800
2018-12-07,21.927341237076472,22.169374568666377,21.778999956740552,22.040550231933594,39458800
2018-12-10,22.040552735945223,22.153761743663942,21.657985751494063,22.083494186401367,42296200
2018-12-11,22.11081512306368,22.24744711430848,21.99370305139727,22.173274993896484,52186800
2018-12-12,22.14986086860664,22.294299088915874,22.02103650434828,22.032747268676758,36594800
2018-12-13,22.04835875368934,22.321621290414463,22.04445566265029,22.224027633666992,36144000
2018-12-14,22.243551203769222,22.29430033396222,22.052268426302437,22.18109130859375,50311200
2018-12-17,22.224031701134777,22.239647046470957,21.380822412077936,21.466705322265625,60421600
2018-12-18,21.587720539236095,21.73996643345594,21.259805732777465,21.322265625,47270800
2018-12-19,21.36520558795059,21.53696990727602,21.162210580114433,21.28713035583496,55856800
2018-12-20,21.306653743513127,21.57991486658671,21.033391131278112,21.275423049926758,78047600
2018-12-21,21.436438419217804,21.818317011858674,21.12148646071679,21.184476852416992,71291600
2018-12-24,21.14510692459413,21.3025836547912,20.215997520412113,20.298673629760742,45330600
2018-12-26,20.302607333552057,20.60181278315179,20.003403385761537,20.57425308227539,61678200
2018-12-27,20.582129675297338,20.775038595014273,20.235683271191323,20.747480392456055,59461200
2018-12-28,20.794726348091213,21.00731951982518,20.719925714396517,20.798664093017578,42175200
2018-12-31,20.806532984039364,20.893145335737536,20.617561809087405,20.834091186523438,32604400
2019-01-02,20.751415497763755,20.771099712539627,20.353788952777656,20.475831985473633,50347800
2019-01-03,20.47583146002594,20.645118406010976,20.377408886862984,20.471895217895508,43175000
2019-01-04,20.377413454479914,20.786851811048052,20.349855247961827,20.775041580200195,38007000
2019-01-07,20.645118638978385,20.73566722709298,20.519137864052926,20.63330841064453,32535400
2019-01-08,20.65299087331119,20.912826387281367,20.53882033640375,20.889205932617188,33287000
2019-01-09,20.877396510482804,20.96400885864681,20.704173315964123,20.763227462768555,36149400
2019-01-10,20.78684863976915,21.07424239376217,20.759290437455395,21.034873962402344,50916200
2019-01-11,21.007314956399835,21.050621130324487,20.82621777617795,20.956134796142578,49685000
2019-01-14,20.70810693986918,20.960069966141322,20.29079622815577,20.48370361328125,46979600
2019-01-15,20.39709764899926,20.849840652074914,20.37741192997942,20.73567008972168,54186200
2019-01-16,20.696298130795657,20.81834265961118,20.578191345837322,20.810468673706055,36696400
2019-01-17,20.794722956415672,20.944325701214108,20.763228511189872,20.897083282470703,41571800
2019-01-18,20.92464163225123,20.991568267457204,20.82621904978873,20.920703887939453,28309400
2019-01-22,20.91676539181361,21.07424060570119,20.755352434038514,20.960071563720703,33828800
2019-01-23,20.964009256138272,21.184476373004433,20.928577067745664,21.172664642333984,28422200
2019-01-24,21.156917174603198,21.302582163663185,20.99944045542911,21.28289794921875,43848200
2019-01-25,21.215972900292375,21.31439548862315,20.96007507171807,20.99156951904297,36308200
2019-01-28,20.99550492903954,21.074241789501574,20.798659774265765,20.893144607543945,28367600
2019-01-29,20.99157027929603,21.050624435157072,20.8813374569523,20.95220184326172,25237000
2019-01-30,20.89708940770599,21.204167472261222,20.865593451438862,21.113618850708008,37157800
2019-01-31,21.10573638318877,21.621469694502366,21.011250054153642,21.55847930908203,46163200
2019-02-01,21.467933203128382,21.558481798764042,21.290773756168285,21.475807189941406,31124800
2019-02-04,21.38132676548072,21.523054051943205,21.231723988770067,21.51124382019043,36131400
2019-02-05,21.51124017802705,21.593914789917932,21.38919713241941,21.554546356201172,24592200
2019-02-06,21.523048429259926,21.62934499269517,21.43643758268292,21.542734146118164,18408400
2019-02-07,21.511238990707692,21.826190948486328,21.444312356721344,21.826190948486328,32150800
2019-02-08,21.775015976199054,21.932491230857593,21.727772048172802,21.92068099975586,29267400
2019-02-11,21.920673820630682,22.02697037116264,21.837999226375548,21.912799835205078,29458200
2019-02-12,21.916739615585183,22.074216345904443,21.790758832053534,21.9639835357666,29506600
2019-02-13,21.89705369587259,21.956107840599483,21.810442852564908,21.900991439819336,26763600
2019-02-14,21.91673727962856,21.979729166489907,21.786820267500136,21.865558624267578,38188000
2019-02-15,21.93642713971903,22.01516400955332,21.853751023497786,21.9324893951416,18689000
2019-02-19,21.948234085857916,22.086025089260655,21.88130745615067,22.06240463256836,28978600
2019-02-20,22.054532972313904,22.20019797724595,21.936426170968744,22.160829544067383,28716800
2019-02-21,22.09390161712698,22.357674927740298,22.019100992647417,22.322242736816406,38200000
2019-02-22,22.361612731526748,22.46397306881284,22.259253896050232,22.46003532409668,30495000
2019-02-25,22.479714585149914,22.49546255692275,22.22381680198296,22.31436538696289,26160200
2019-02-26,22.361612457398007,22.39310840750288,22.172641262197466,22.28681182861328,27405400
2019-02-27,22.235627029907963,22.3852297581314,22.21200507224871,22.31436538696289,23912600
2019-02-28,22.326175746364996,22.49940043326779,22.208068960991707,22.44428253173828,25616200
2019-03-01,22.452157625766063,22.507274028206506,22.302556391087524,22.491527557373047,26836000
2019-03-04,22.519086911320947,22.578139559040267,22.31043001764635,22.53089714050293,24675200
2019-03-05,22.530899880787306,22.586016292752547,22.463973238203685,22.503341674804688,24091000
2019-03-06,22.526963637851043,22.586016292752547,22.424603299793095,22.503341674804688,22608600
2019-03-07,22.542708068335582,22.71986902060298,22.515149864850596,22.578140258789062,30257000
2019-03-08,22.60569925885488,22.676563642258962,22.444286274836585,22.656879425048828,36031800
2019-03-11,22.664751725106484,22.826164697109025,22.64900375178687,22.81829071044922,28917600
2019-03-12,22.85766223845053,22.999389502786695,22.814356059704966,22.97576904296875,34204200
2019-03-13,22.93245730405502,23.05450182349184,22.916709333454953,22.9993839263916,31775200
2019-03-14,22.98757698708455,23.125369496828853,22.908838624632,22.995450973510742,30310800
2019-03-15,23.031148285441414,23.15409796056587,22.900267739745342,23.0787410736084,35429800
2019-03-18,23.090638110415735,23.12236612839117,22.892333080990515,22.991485595703125,30017600
2019-03-19,22.95579251510772,22.991487483853565,22.64643561499462,22.729724884033203,45271600
2019-03-20,22.773348415385463,22.97165344100023,22.674195902578077,22.789213180541992,37761000
2019-03-21,22.80507938078273,23.078739788691067,22.769384413407955,23.031147003173828,30743600
2019-03-22,23.118401073010176,23.360333454952066,23.03114637448757,23.197723388671875,40905000
2019-03-25,23.21755027770996,23.288940200328042,23.122363209903483,23.21755027770996,27526000
2019-03-26,23.229452785309377,23.399995244568295,23.197724764930754,23.384130477905273,31399400
2019-03-27,23.40792861131678,23.427758814004953,23.11443646751035,23.221521377563477,34647000
2019-03-28,23.21755184833392,23.29687415804747,22.868534593362618,22.947856903076172,49497600
2019-03-29,22.916130716264767,23.098572509098723,22.860605545251257,23.07080841064453,43670200
2019-04-01,23.07080973417761,23.07080973417761,22.777319095427014,22.912166595458984,53363800
2019-04-02,22.959754382218673,22.987516963267893,22.80111127807274,22.943889617919922,49956200
2019-04-03,22.896301491134302,23.003386402492712,22.737658354747683,22.908199310302734,30901000
2019-04-04,22.947861132737117,22.967691335583726,22.69403090522652,22.82887840270996,32529200
2019-04-05,22.828876750574878,23.054944375150118,22.757486815135604,23.043045043945312,30838600
2019-04-08,22.991483966318402,23.023211982045304,22.82094153206311,22.88043212890625,29363400
2019-04-09,22.900269612070066,22.959760223905878,22.832845103119045,22.935964584350586,25987800
2019-04-10,22.983553333364704,23.138231015055037,22.8130108861299,22.86457061767578,33782400
2019-04-11,22.8606086281334,22.987523754121625,22.8328460388827,22.979591369628906,34840000
2019-04-12,22.89629539379065,23.110465159473492,22.781278129300183,23.086668014526367,31853200
2019-04-15,23.10650017809196,23.185822488384076,23.023212433111485,23.082704544067383,30506200
2019-04-16,23.082707499286705,23.134267234519726,22.7217923785504,22.797147750854492,39377400
2019-04-17,22.773344086519845,22.832836188074648,22.69005635470072,22.70988655090332,30389600
2019-04-18,22.765419572660488,22.880435347917487,22.70989288966885,22.721792221069336,32078800
2019-04-22,22.713857427175714,22.789212790960107,22.65436531532939,22.70195960998535,21371000
2019-04-23,22.70989042204085,22.836807027855148,22.598840094018993,22.765417098999023,34136400
2019-04-24,22.820946450282584,22.99148892129206,22.785251479305074,22.912166595458984,32856800
2019-04-25,22.809045874334466,23.098572574780952,22.785250236945263,23.00735092163086,30506600
2019-04-26,23.134266693743463,23.27307961657128,23.01924940743048,23.043045043945312,29034800
2019-04-29,23.0232166054226,23.031148989184057,22.813013731060266,22.908199310302734,41551800
2019-04-30,22.91216591309647,23.30084363386079,22.872503994887367,23.28497886657715,44033400
2019-05-01,23.21755670850274,23.281014266967812,23.027184033107524,23.047014236450195,52825400
2019-05-02,23.003383356221736,23.126333018821192,22.824908527592623,22.995450973510742,46927600
2019-05-03,22.995452751591937,23.162029775508472,22.959757783106067,23.12236785888672,32142600
2019-05-06,23.122366070992044,23.18582361973269,22.94785819019208,22.995450973510742,26779000
2019-05-07,22.959761517871318,23.015286697226397,22.81698162070245,22.9240665435791,25084400
2019-05-08,22.896296548907422,22.920093695055115,22.590906648274338,22.610736846923828,57384800
2019-05-09,22.61073987934395,22.70989239883632,22.471926957233578,22.582977294921875,32347600
2019-05-10,22.579008566615062,22.99941573260599,22.53538122233003,22.987516403198242,50316000
2019-05-13,22.916133903769126,23.28498146303198,22.884405878611407,23.233423233032227,40192600
2019-05-14,23.237385718094956,23.25721592041891,23.03511523367468,23.0787410736084,35218800
2019-05-15,23.090643223527977,23.17789642699195,23.011320891603564,23.03908348083496,29155000
2019-05-16,23.015279381437093,23.265144122058953,22.95182183763837,23.193754196166992,27816600
2019-05-17,23.09063964648288,23.40396046397793,23.058910113449382,23.312740325927734,20954200
2019-05-20,23.36430118040583,23.49121629272762,23.28497885696784,23.344470977783203,18237400
2019-05-21,23.380161566212248,23.57846658117088,23.324636404095383,23.388093948364258,23008800
2019-05-22,23.423791980694574,23.58640205374887,23.35240204491977,23.562604904174805,18515800
2019-05-23,23.58640208525926,23.768842360061978,23.5626049356534,23.764875411987305,30329000
2019-05-24,23.780735686628745,23.90368533361489,23.701413382539204,23.729177474975586,17424800
2019-05-28,23.76091094171751,23.780741144053934,23.3008432879541,23.340503692626953,32795800
2019-05-29,23.396029059998984,23.419824696283918,22.975621834579155,23.031147003173828,40238200
2019-05-30,23.03511288706571,23.162027984547013,22.924061042059098,22.995450973510742,33645200
2019-05-31,23.003390332659936,23.166000445183244,22.900272352038133,23.102542877197266,36514000
2019-06-03,23.177891832247376,23.36429904837456,23.058909114421503,23.332571029663086,40670800
2019-06-04,23.356363353122486,23.384125932913065,22.920092945315883,23.352397918701172,37057800
2019-06-05,23.439654153297575,23.931451297852448,23.35636640304994,23.852128982543945,63510600
2019-06-06,23.8838607920815,24.042503924883846,23.81643628810621,23.998876571655273,51022400
2019-06-07,24.121823211483925,24.26856850691545,23.808500907687815,23.82040023803711,37986200
2019-06-10,23.749013186393334,23.79660597471748,23.538808804812387,23.657793045043945,27400600
2019-06-11,23.649860233020387,23.713317787285373,23.380165249157347,23.515012741088867,36072200
2019-06-12,23.63399302968674,23.856095203190428,23.606230447117188,23.82040023803711,24700400
2019-06-13,23.87592096753588,23.939378503469687,23.70934399011777,23.86798858642578,32424000
2019-06-14,23.895752923424958,24.16148090191897,23.88782054173075,24.117855072021484,28485400
2019-06-17,24.117858610367943,24.189248543142376,23.899721864141984,24.050434112548828,22924200
2019-06-18,24.157523772023012,24.197184181180752,23.78867621765502,23.95128631591797,46290600
2019-06-19,23.844193365006845,24.23683794039662,23.83626098325737,24.133718490600586,43191800
2019-06-20,24.260642269520872,24.343931551273872,24.010778963104862,24.288406372070312,38275600
2019-06-21,24.266411661957,24.426321200694613,24.094507802170998,24.382347106933594,30116400
2019-06-24,24.426322627599497,24.46230254279665,24.298394379126293,24.390342712402344,19774400
2019-06-25,24.410332697546675,24.410332697546675,24.186457500598248,24.2424259185791,24290800
2019-06-26,24.182464469649634,24.23443428077052,23.706729786898798,23.714725494384766,33777000
2019-06-27,23.790672464735742,23.85863518739192,23.654748544448015,23.7466983795166,28271000
2019-06-28,23.75469940931025,23.9705789082061,23.70672669567508,23.838653564453125,32266400
2019-07-01,23.854649187419305,23.878636312516377,23.56281269468606,23.7786922454834,35846800
2019-07-02,23.866640515342986,24.14248555670464,23.862641899149565,24.102508544921875,42719000
2019-07-03,24.17446701223254,24.418330735313415,24.154476982452017,24.27041244506836,31573200
2019-07-05,24.118497982073006,24.29439895452968,23.886627062674318,24.258419036865234,31892800
2019-07-08,24.27440694541094,24.37035236197962,24.14248009134789,24.294395446777344,18836400
2019-07-09,24.25441613867992,24.334371666598003,24.122490813886216,24.32637596130371,34965400
2019-07-10,24.354361374503963,24.514272438266502,24.270408752289846,24.382347106933594,22972000
2019-07-11,24.35436279720519,24.48229257070341,24.18246045240215,24.390342712402344,39996000
2019-07-12,24.38235363114319,24.410337846035887,24.142486971316064,24.230438232421875,22490600
2019-07-15,24.234427637956617,24.362355872615602,24.14247931460952,24.32637596130371,18690600
2019-07-16,24.266416041305927,24.350368678670936,24.058532230907904,24.186460494995117,28749200
2019-07-17,24.27041043694286,24.418328714949208,24.18645780890144,24.278406143188477,26709400
2019-07-18,24.28240172971088,24.49428258120097,24.146477790541333,24.490283966064453,29466400
2019-07-19,24.434319282037162,24.502282024502712,24.12249435491013,24.13448715209961,30616600
2019-07-22,24.19445638190174,24.218443503480778,23.94259694291011,24.08251953125,26353000
2019-07-23,24.110502618224203,24.126492506838467,23.88662740234796,23.93060302734375,33581200
2019-07-24,23.998562846759462,24.05852988189384,23.76669346262498,23.950590133666992,27121400
2019-07-25,23.874627486758357,24.046531319568484,23.77068485411635,23.89061737060547,28296600
2019-07-26,23.910615437127714,24.070525004561137,23.85864410332488,23.97857666015625,27758000
2019-07-29,24.04654011841591,24.13848846553646,23.910616143319174,24.102508544921875,33243400
2019-07-30,24.046532122290248,24.158468938080148,23.79866985157728,23.918603897094727,37991200
2019-07-31,23.926603691213323,24.04253914907156,23.66275147420585,23.806671142578125,48762000
2019-08-01,23.7666963618344,24.186461083905396,23.686740813576773,24.050537109375,58986200
2019-08-02,24.086518227593395,24.246429332060572,23.994569876283627,24.046541213989258,29878600
2019-08-05,24.098509683895863,24.162473817113575,23.574803819746215,23.70273208618164,53153600
2019-08-06,23.726713954419306,24.090510190867857,23.462861755731623,23.99856185913086,54071800
2019-08-07,24.006553767029057,24.202444721059045,23.666744702413997,24.05852508544922,49909400
2019-08-08,24.04653905453587,24.370356800715363,23.91461217644409,24.306392669677734,34115000
2019-08-09,24.32637776823289,24.442313216074385,24.24642375940079,24.334373474121094,23627000
2019-08-12,24.338374987955792,24.40233911765373,24.162472487517597,24.28640365600586,27249600
2019-08-13,24.282400645182157,24.390338848649755,24.138481007192322,24.30238914489746,35494400
2019-08-14,24.334377958307343,24.4583091348743,24.038544411054307,24.102508544921875,40581000
2019-08-15,24.186462912359907,24.498287896610318,24.042543219621145,24.414335250854492,44171600
2019-08-16,24.42632305045359,24.614218335849788,24.390343134633575,24.53826141357422,32243000
2019-08-19,24.48629569863089,24.77813218272989,24.446318683010627,24.69417953491211,28468000
2019-08-20,24.75014273777572,24.754139828483115,24.55025465185441,24.65419578552246,31048800
2019-08-21,24.61421899419018,24.818105697631836,24.594230490427783,24.818105697631836,28795800
2019-08-22,24.802115504546954,24.874075341651118,24.630211618689806,24.842092514038086,29834200
2019-08-23,24.89006244274622,24.970017977798623,24.454306377986864,24.578237533569336,42595800
2019-08-26,24.638205939763008,24.87007532681485,24.57823890387413,24.862079620361328,25701400
2019-08-27,24.982011986701313,25.081956023009884,24.87806933492642,24.90605354309082,38448800
2019-08-28,24.934036311910134,25.021987546792584,24.750139661723995,24.838090896606445,31791600
2019-08-29,24.978013590273378,25.01799212016237,24.77812551590337,25.00999641418457,35467000
2019-08-30,25.085953232654102,25.105941735005803,24.94203357568189,25.01799201965332,24166000
2019-09-03,25.00999832391865,25.4657429242784,24.98201411337201,25.46174430847168,42728200
2019-09-04,25.53370766068966,25.597671797184056,25.32582383582656,25.485734939575195,31633200
2019-09-05,25.317826302896368,25.373794724294587,25.121935302977484,25.20988655090332,58664800
2019-09-06,25.273847729458385,25.329816144325058,25.033981133569178,25.109939575195312,25326400
2019-09-09,25.05796942742192,25.10194504831801,24.938036886357587,24.98600959777832,33649800
2019-09-10,24.946032191167216,25.01799201965332,24.802112534195004,25.01799201965332,38336000
2019-09-11,24.98201317126679,25.28584238504045,24.870074808276463,25.265853881835938,45377000
2019-09-12,25.417771988214067,25.493728918580242,25.205889561360706,25.32182502746582,47199400
2019-09-13,25.17790433174039,25.345811125010563,25.08595599079309,25.16191291809082,49998200
2019-09-16,25.20188661778046,25.221875118495486,25.041975562010528,25.18189811706543,23926000
2019-09-17,25.225880465573574,25.461748511274976,25.21388766622404,25.401782989501953,34658200
2019-09-18,25.497725525626212,25.589675393567713,25.337815960781587,25.509719848632812,41925400
2019-09-19,25.589673109580055,25.653635709788826,25.493726159216813,25.629650115966797,30041400
2019-09-20,25.662680048919945,25.75936746362285,25.533762471436905,25.73116683959961,36989200
2019-09-23,25.723117613296484,25.831893679429363,25.670745887078958,25.735204696655273,17616600
2019-09-24,25.827865433964586,26.125986866890837,25.807720806296626,26.037355422973633,53815800
2019-09-25,26.01720995366099,26.049440123624013,25.88023326813724,26.021236419677734,32467600
2019-09-26,26.085700121496902,26.230732831383957,26.037354860321695,26.15821647644043,26746800
2019-09-27,26.194471278943222,26.210586364870778,25.920520965451487,26.065553665161133,33229600
2019-09-30,26.08569839366711,26.214616007956685,26.00915250361948,26.081668853759766,21670400
2019-10-01,25.993035789369635,26.06555213496734,25.88023326813724,26.021236419677734,47566800
2019-10-02,25.964839976661636,26.00915570017373,25.610317262203658,25.674776077270508,29720600
2019-10-03,25.682831433618503,25.747290243194815,25.549884274406537,25.735204696655273,59569200
2019-10-04,25.76743178320286,26.150158151220076,25.7311736089458,26.093753814697266,37167000
2019-10-07,26.069585982741057,26.101816158030264,25.928582807899144,25.993040084838867,25731800
2019-10-08,25.976926114298635,25.997067667108347,25.739232431491754,25.751317977905273,43191800
2019-10-09,25.819799209850185,25.976920500184356,25.759369954023292,25.876203536987305,17954000
2019-10-10,25.815778935871016,25.904410376523398,25.622400967753226,25.84800910949707,31210600
2019-10-11,25.823834330024845,25.91246576857526,25.66268807617409,25.751317977905273,32154600
2019-10-14,25.823829876603153,25.835915420932473,25.509593429489154,25.586137771606445,19892000
2019-10-15,25.60225307240308,25.662683868200144,25.44110684497587,25.505565643310547,31726600
2019-10-16,25.48944960486987,25.574051486362,25.372617557008027,25.561965942382812,32355000
2019-10-17,25.56196789593063,25.678799952721246,25.501537097778506,25.626426696777344,25999600
2019-10-18,25.565996363984585,25.7674303123995,25.50153756196457,25.711029052734375,29105800
2019-10-21,25.71506296094101,25.819806418891726,25.634489060522885,25.811750411987305,22924800
2019-10-22,25.872178598667656,26.03735284939196,25.795632709461714,25.920520782470703,31182600
2019-10-23,25.980949026776916,26.089725076896165,25.912462224042894,26.025264739990234,25821800
2019-10-24,26.037355242065622,26.158216859956358,25.99706906064825,26.113901138305664,22922400
2019-10-25,26.1340449847416,26.17030162484201,25.74326258203166,25.84800910949707,33850200
2019-10-28,25.71506118477167,25.78354799646405,25.461253953872095,25.49348258972168,50137200
2019-10-29,25.477364432517184,25.574051859398832,25.40484809394648,25.517650604248047,39544800
2019-10-30,25.537795940271423,25.807716695652832,25.533767937471,25.74325942993164,39360600
2019-10-31,25.767430027336214,25.916492254023915,25.682828138774468,25.884262084960938,34491800
2019-11-01,25.900378665225674,25.980951018898033,25.775489058122897,25.81980323791504,31381800
2019-11-04,25.795637082376626,25.811752170922276,25.39679863019811,25.489458084106445,48685600
2019-11-05,25.36456380747601,25.445137698627363,25.15910184501825,25.227588653564453,43993800
2019-11-06,25.27190271412048,25.42902094631695,25.23161653959489,25.324275970458984,35543800
2019-11-07,25.191327798944986,25.320245396342226,24.816660551253328,24.981836318969727,45689400
2019-11-08,24.905294900489988,25.014069424221255,24.76831974506756,24.877094268798828,31943000
2019-11-11,24.885150614462166,24.913351244796598,24.69983174745902,24.724002838134766,18546400
2019-11-12,24.72803210482191,24.832777082505082,24.711917020003245,24.784433364868164,25337000
2019-11-13,24.873062756227714,25.207442286308012,24.840832589231614,25.15104103088379,33593800
2019-11-14,25.231619885861683,25.368595048961275,25.159103532643122,25.23967742919922,33672000
2019-11-15,25.251764647170546,25.332338549059703,25.17522028562649,25.32025146484375,19931600
2019-11-18,25.37261962890625,25.58211111695948,25.32830391493858,25.37261962890625,32981600
2019-11-19,25.300103239624555,25.4491639289392,25.1752151770173,25.30816078186035,36104800
2019-11-20,25.34442014981921,25.497510385887438,25.283989348607797,25.461252212524414,39359000
2019-11-21,25.45722151730687,25.481394144058065,25.288017740505634,25.37261962890625,28418000
2019-11-22,25.42901998449723,25.441107065852968,25.199385417385084,25.38067626953125,22970400
2019-11-25,25.404850338388812,25.477366683366117,25.239674560789183,25.29607582092285,40797400
2019-11-26,25.336360557137855,25.41693443996048,25.27995930020771,25.38067626953125,32300200
2019-11-27,25.32024699998347,25.453194145180174,25.300103912267964,25.42499351501465,25056400
2019-11-29,25.473338033300667,25.570027008919915,25.376650594500553,25.400821685791016,10243000
2019-12-02,25.279955277485126,25.3444140661223,25.183266326119995,25.235639572143555,37401200
2019-12-03,25.30010292207101,25.352476177536808,25.243701663947387,25.30413246154785,25801800
2019-12-04,25.296075058667146,25.537795176761612,25.275931971629113,25.497509002685547,39195400
2019-12-05,25.457228521717028,25.5458599740388,25.39276970279741,25.541831970214844,24899400
2019-12-06,25.44513935029499,25.614344686378026,25.44513935029499,25.465282440185547,19164400
2019-12-09,25.521682928799567,25.52571246874642,25.332336045415822,25.376651763916016,23166400
2019-12-10,25.37261962890625,25.42499288512432,25.30816082772211,25.37261962890625,25197600
2019-12-11,25.404848626219625,25.485420971369475,25.312189199842123,25.44110679626465,23980200
2019-12-12,25.40887504157392,25.509592003538877,25.22355620039493,25.33233070373535,48234200
2019-12-13,25.34441861405012,25.57405318582798,25.24772964533464,25.52973747253418,38669200
2019-12-16,25.529741523807218,25.864121122671566,25.529741523807218,25.84800910949707,41547800
2019-12-17,25.864117772263942,26.09375235073555,25.83994668199476,25.932607650756836,33694600
2019-12-18,25.95275351931775,26.073615138048236,25.815779886819268,26.037355422973633,25615800
2019-12-19,26.037358704106314,26.08167443164942,25.884269964909507,26.04541778564453,33803200
2019-12-20,26.03770008784519,26.3665738295841,26.03770008784519,26.22446632385254,45942200
2019-12-23,26.26912610500067,26.28130913701075,25.91183460712651,25.980857849121094,32956000
2019-12-24,26.009272999496567,26.029574951940248,25.87935010655041,26.01739501953125,9025600
2019-12-26,26.041753636297845,26.0864154514191,25.952430006055337,26.062055587768555,13317000
2019-12-27,26.06205389276804,26.13919448852539,26.013331070992862,26.13919448852539,20603400
2019-12-30,26.029576788283578,26.139199285341252,25.997094901139356,26.135141372680664,23868600
2019-12-31,26.13108206096263,26.26912544383385,26.09860017170701,26.23664665222168,21616800
2020-01-02,26.281306011519142,26.28942493425013,25.810327954399764,25.907772064208984,38215400
2020-01-03,25.928073783888546,26.053937227283836,25.867171018565777,25.960554122924805,35978600
2020-01-06,25.92807302639403,26.062058486661044,25.88747066775784,25.984914779663086,20889000
2020-01-07,25.919951012263727,25.960551819662296,25.802206502457743,25.94837188720703,26140600
2020-01-08,25.96054760509646,26.049872774279162,25.895585394512125,25.936187744140625,25482800
2020-01-09,25.903710755589174,26.106719444421344,25.899651294270452,26.078298568725586,23286200
2020-01-10,26.11484171839397,26.240705170106885,26.102661784053172,26.147323608398438,21165800
2020-01-13,26.13919483511095,26.382805849574265,26.13919483511095,26.305662155151367,25342200
2020-01-14,26.305668786131164,26.390931423628743,26.187924258831597,26.3828125,22990000
2020-01-15,26.439655320280874,26.796946829522806,26.43559430948164,26.75228500366211,31771800
2020-01-16,26.77258535934219,26.947171641547616,26.76446333822932,26.918750762939453,21797600
2020-01-17,26.910626306658642,27.142054325138258,26.837543611473336,27.105514526367188,26517600
2020-01-21,27.166417545243053,27.36536367937663,27.056791952607984,27.35318374633789,47753000
2020-01-22,27.405964158780815,27.51558665245295,27.365363349926067,27.438446044921875,21683200
2020-01-23,27.434383663731683,27.690171534612638,27.405962789189356,27.682052612304688,25938600
2020-01-24,27.608969203630053,27.85663814576817,27.56430738798922,27.75513458251953,28803000
2020-01-27,27.73889027417884,27.933778454926696,27.60896585289445,27.68610954284668,22544400
2020-01-28,27.714540139165944,27.917547312267512,27.645515346102254,27.799802780151367,35056800
2020-01-29,27.816039184292343,27.913481744131783,27.70641359403524,27.872880935668945,21599600
2020-01-30,27.856640643313362,28.148971427301838,27.787618957550304,28.13273048400879,28808600
2020-01-31,28.079941500231353,28.193624972274023,27.86069347658808,28.006858825683594,40949000
2020-02-03,28.051527676217415,28.128671387697587,27.986566996268383,28.096189498901367,27095800
2020-02-04,28.079951874090398,28.165214509621833,27.787621067900652,27.816041946411133,41384200
2020-02-05,27.75514125962735,27.998749250500744,27.694238487498083,27.92972755432129,32610200
2020-02-06,27.95814527705175,28.096188653818476,27.868821634370544,27.937843322753906,29908200
2020-02-07,28.002805782652334,28.043406591697035,27.840399448830357,27.84851837158203,21392800
2020-02-10,27.893175921250076,27.954078674316406,27.791672365353765,27.954078674316406,16279600
2020-02-11,28.002805120460383,28.148970507679422,27.986564177697925,28.055585861206055,20539400
2020-02-12,28.01092390931397,28.161150305917314,27.921600273368362,28.07588768005371,16094800
2020-02-13,28.100249504054172,28.404760230926424,28.055587682968113,28.388519287109375,27175200
2020-02-14,28.441296636610385,28.603699842422383,28.40069273751479,28.5793399810791,21108200
2020-02-18,28.68897469004609,28.867618892867224,28.60776996363323,28.818899154663086,30069600
2020-02-19,28.705209873279298,28.74581378153868,28.506263732910156,28.506263732910156,22391000
2020-02-20,28.51438364999039,28.624006140330835,28.376337186908017,28.607765197753906,28810200
2020-02-21,28.55498695373535,28.741753163231554,28.52656607615209,28.55498695373535,23457200
2020-02-24,28.433179590900643,28.591524912612886,28.209873595030032,28.22205352783203,40884200
2020-02-25,28.25047380175071,28.299193531920803,27.58054963312434,27.6292724609375,56276600
2020-02-26,27.629277708050022,27.876946708926695,27.345065804962804,27.3491268157959,52384600
2020-02-27,27.239501499541387,27.389727925543788,26.110782092016056,26.11890411376953,87206200
2020-02-28,25.522057697225605,25.55047857270676,24.645066920954882,25.245967864990234,180526200
2020-03-02,25.375893128214162,26.768522266996282,25.314990365177806,26.731979370117188,84351600
2020-03-03,26.748218189059003,27.300397827485593,26.29754211508373,26.403106689453125,126558000
2020-03-04,26.752281160380242,27.937842136659334,26.736040217160134,27.901302337646484,62856400
2020-03-05,27.442504218262744,27.844460593381346,27.146115522927452,27.470928192138672,67070200
2020-03-06,26.744160897533558,27.357240210746546,26.23258205348482,27.247617721557617,70997800
2020-03-09,25.802210220471366,26.49243488745681,25.35965454124144,25.765668869018555,74339400
2020-03-10,26.187919869801203,26.488369556006173,24.844012106503882,26.00521469116211,81616800
2020-03-11,25.424611690708065,25.44085263229067,24.348674866414182,24.697847366333008,64307800
2020-03-12,23.34581846323288,23.768073638458922,21.92882810459177,22.204917907714844,77766400
2020-03-13,23.455443051918042,23.455443051918042,21.782664801008416,23.414840698242188,54277200
2020-03-16,21.299506527907745,22.943863880047406,20.674244230429604,20.755447387695312,56293400
2020-03-17,21.360411924503225,23.6097314501621,21.128983904411342,23.410783767700195,77946000
2020-03-18,22.010032991838624,22.740858360997038,21.20612493088222,22.391687393188477,85692800
2020-03-19,22.184619662103234,22.282063769250517,21.02341859177429,21.088380813598633,65459000
2020-03-20,21.283266701147678,21.283266701147678,19.277556820412936,19.41560173034668,56358400
2020-03-23,19.35163036254933,19.35163036254933,17.813833880849774,18.42485237121582,64018000
2020-03-24,19.130191881901894,20.491654457087662,18.998966686534185,20.405536651611328,54902800
2020-03-25,20.434244474978808,21.803907312748496,19.819125759623557,20.92633819580078,61255000
2020-03-26,21.151878287938388,22.956225181119148,20.93863699282724,22.71017837524414,61794400
2020-03-27,22.025346107044697,23.65746059071403,21.914624572271396,22.833202362060547,50186200
2020-03-30,23.030043221092306,23.82149604455537,22.931623544396388,23.677968978881836,59519000
2020-03-31,23.49342787681047,23.49342787681047,22.648664516431012,22.72247886657715,67456400
2020-04-01,21.82440821611738,22.123765744150408,20.946839272286518,21.356918334960938,53420600
2020-04-02,21.127274144352352,22.177077140137992,21.008350837092635,22.025346755981445,53121600
2020-04-03,21.783403403260877,22.05405557214936,21.073966681239966,21.237998962402344,31872000
2020-04-06,22.01714602726584,23.107956356395608,22.01714602726584,22.878313064575195,41379600
2020-04-07,23.49343140479129,23.530338585406668,22.562551684228023,22.591257095336914,49163200
2020-04-08,22.72657758323169,24.01832706772193,22.537941617391088,23.821489334106445,64925600
2020-04-09,24.18236115941174,25.334682244918564,24.092143271258017,24.94510841369629,87722800
2020-04-13,24.817989489987255,24.817989489987255,23.91171497517456,24.153661727905273,27830400
2020-04-14,24.674456769672805,24.900001508525573,24.43661172369284,24.863094329833984,34175600
2020-04-15,24.178261604795892,24.47351903593987,23.907609481023087,24.042936325073242,25671600
2020-04-16,24.14546253810937,24.24798233303166,23.809197735910498,24.047042846679688,20800000
2020-04-17,24.559635972026616,24.953311515329467,24.22747291675814,24.822086334228516,21555000
2020-04-20,24.666256084222674,24.666256084222674,23.846097964239576,23.883005142211914,28761000
2020-04-21,23.45242311026241,23.772285871247153,23.226879918662444,23.489330291748047,40783200
2020-04-22,23.932215192917614,24.370999680324683,23.772284603120507,24.174161911010742,31190800
2020-04-23,24.247976084565387,24.31358867383481,23.6328574735417,23.7681827545166,24830400
2020-04-24,23.809189768611102,24.018329391963626,23.501630486763187,23.915809631347656,23973800
2020-04-27,24.05524067116931,24.34229636271912,24.030635361266985,24.16596221923828,25481000
2020-04-28,24.506319042780216,24.768770902797186,24.145450668370298,24.25617218017578,28643400
2020-04-29,24.64985333563462,24.66215520724346,23.936315060098845,24.03473472595215,23575600
2020-04-30,23.862498505985368,23.89940568174325,23.263783489759575,23.481124877929688,38733800
2020-05-01,23.206374110972376,23.22277764884136,22.783993178974534,22.915218353271484,26918600
2020-05-04,22.79629427960715,23.14486084373909,22.65686734108889,23.08745002746582,24027600
2020-05-05,23.169468838337952,23.55494262399484,23.14076342687029,23.27608871459961,23653600
2020-05-06,23.358105586731927,23.37450912646984,22.451831134635505,22.484638214111328,48150400
2020-05-07,22.742986263696622,22.94392570881967,22.537946715922235,22.574853897094727,42266200
2020-05-08,22.849608403909443,23.12026055268225,22.74298695977999,23.03004264831543,26553200
2020-05-11,22.84960698644356,23.017739347761378,22.52564413570293,22.931621551513672,31326400
2020-05-12,22.989034547341156,23.091554320727628,22.685575329813044,22.730684280395508,43734400
2020-05-13,22.68556966611575,22.68556966611575,22.279592340885383,22.537940979003906,39645000
2020-05-14,22.312402079453268,22.84550455623368,22.00484277773447,22.779891967773438,46233200
2020-05-15,22.61996175843986,22.628163527675124,22.131968221398253,22.4764347076416,69347600
2020-05-18,23.005433723270507,23.546737935747878,23.005433723270507,23.399110794067383,45994600
2020-05-19,23.3006970740081,23.366309675142567,23.009541254244386,23.013641357421875,32655800
2020-05-20,23.251483867079024,23.39911258438231,23.050544432010103,23.140762329101562,23583200
2020-05-21,23.07925113175866,23.243283396667696,22.861909710432656,22.907018661499023,33868200
2020-05-22,22.907013961657157,23.181766150032015,22.833199614025375,23.16126251220703,23838000
2020-05-26,23.57954794796122,23.76408385346296,23.288392166129366,23.31299591064453,35071800
2020-05-27,23.723073550538384,23.764082396094732,23.267887097319228,23.591848373413086,32984600
2020-05-28,23.895304995107335,24.391500240347334,23.874801356705095,24.28898048400879,42582000
2020-05-29,24.23157613076346,24.60474808074837,24.088049059356866,24.477622985839844,29511800
2020-06-01,24.469416848442936,24.920504754682327,24.329991469289507,24.768775939941406,29112800
2020-06-02,24.863090729302893,24.94510684388793,24.596538747983345,24.92870330810547,27998600
2020-06-03,25.064031336084824,25.40439770169531,25.043527696255534,25.228063583374023,25682800
2020-06-04,25.092736690247378,25.146047405149776,24.457114470954377,24.776975631713867,43679200
2020-06-05,25.00252276862346,25.5725324568676,24.977917459917187,25.09273910522461,44260000
2020-06-08,25.137842572733465,25.84727906025214,24.95740837455908,25.7652645111084,31919000
2020-06-09,25.531521569218526,25.54382500475249,24.969713695428,25.248567581176758,37283600
2020-06-10,25.24856558979266,25.416697928439717,25.018920771309723,25.100936889648438,25052000
2020-06-11,24.67035364845548,24.740067894932192,23.94451359922489,24.120847702026367,69420400
2020-06-12,24.58014210535386,24.60884751885956,23.764085525415773,24.059341430664062,46404800
2020-06-15,23.63286004539823,24.399707559248572,23.42782048607681,24.223373413085938,33434000
2020-06-16,24.80978866165776,24.945115532507792,24.202871705257206,24.334096908569336,34226600
2020-06-17,24.436616676598547,24.440716779805303,24.02653752549894,24.260282516479492,24374400
2020-06-18,24.108543497768473,24.321784754098235,23.981418451400586,24.25617218017578,26507600
2020-06-19,24.44891242173785,24.551432183813287,23.538537998250646,23.5754451751709,58531600
2020-06-22,23.56138270374758,23.95421056833675,23.34222678637562,23.805349349975586,25906400
2020-06-23,24.04932062294487,24.078265690151756,23.499362768626142,23.565523147583008,25244400
2020-06-24,23.387719237083626,23.495229272417593,23.069321887696244,23.35050392150879,28538400
2020-06-25,23.30087735475346,23.31328350882466,22.792269204689113,23.061046600341797,43502400
2020-06-26,23.027969080962833,23.288476272115346,22.664087772958595,22.81708335876465,57463400
2020-06-29,22.9990211366797,23.25952829525512,22.755054465687294,23.24712371826172,29730600
2020-06-30,23.2512606171633,23.462147913648113,23.11480552301538,23.333961486816406,33743800
2020-07-01,23.354636817993278,23.983161232688207,23.313287170961054,23.879785537719727,39777400
2020-07-02,24.04932063223615,24.19818187929358,23.87978456250694,23.941810607910156,24295200
2020-07-06,24.02864338607687,24.18577486183257,23.453874855876972,23.64822006225586,30775400
2020-07-07,23.387719481994313,23.639954870878427,23.27607353410067,23.553119659423828,22681000
2020-07-08,23.515903042509972,23.84257062263928,23.4704174835821,23.764005661010742,24359400
2020-07-09,23.648221695776332,23.660627850895395,23.11893868073882,23.445606231689453,35750400
2020-07-10,23.445602336705768,23.954210445234267,23.437332093796254,23.888050079345703,27166400
2020-07-13,23.88805204693783,24.148559199188348,23.80121685531688,23.91286277770996,35531600
2020-07-14,23.91700012028003,24.27674708611057,23.888055052764233,24.13615608215332,67894200
2020-07-15,24.36358353480423,24.54138986000305,23.995566305519027,24.041051864624023,26940400
2020-07-16,24.061727949962645,24.413206284952764,23.999703474885358,24.3470458984375,30126400
2020-07-17,24.479364165122366,24.963161646220854,24.458689342213418,24.897001266479492,45901600
2020-07-20,24.810167767078248,24.88046248527207,24.528985739526988,24.570335388183594,24255200
2020-07-21,24.632360241602285,24.967298058041965,24.553795282017234,24.68198013305664,30216000
2020-07-22,24.570333427576056,25.15337383787073,24.33050264520686,25.062402725219727,29694200
2020-07-23,25.054129525986383,25.269151126738546,24.942483603823472,25.091344833374023,38277400
2020-07-24,25.140964977611205,25.397336221497174,24.785352387201932,24.92594337463379,35397000
2020-07-27,24.934213416471916,24.950753903656533,24.446280086239437,24.624086380004883,22638600
2020-07-28,24.56206493431855,25.207128239828137,24.541388534105756,24.99624252319336,37792000
2020-07-29,25.041729589929698,25.178184690713106,24.925947735829997,25.112024307250977,18205600
2020-07-30,24.93008364707711,25.11616021849809,24.806033125259113,25.112024307250977,25475800
2020-07-31,25.045854520239324,25.21952644748919,24.801887902060557,25.153366088867188,24228000
2020-08-03,25.136831663453417,25.140965996756794,24.74813808265058,24.88045883178711,19303800
2020-08-04,24.86391392837566,25.265010412414576,24.801887902060557,25.153366088867188,41663600
2020-08-05,25.20712658643279,25.223667074562943,24.7315993830991,24.830839157104492,23658600
2020-08-06,24.80602890430457,25.01691459777239,24.677842493051454,24.97556495666504,27576000
2020-08-07,24.87632537542561,25.52552456669599,24.872191041976492,25.426284790039062,30942200
2020-08-10,25.50898980119344,25.616501423644994,25.335319364386084,25.418020248413086,21208600
2020-08-11,25.446957877745284,25.49657776269195,24.801893063887846,24.868053436279297,50996000
2020-08-12,24.94248783056364,25.397340262480316,24.93421758558851,25.22780418395996,34570600
2020-08-13,25.124424918444426,25.240206754259297,24.992104172416905,25.186450958251953,31627200
2020-08-14,25.13269675466216,25.165777731958922,24.90113622313609,24.967296600341797,17336600
2020-08-17,24.98796752197939,25.153369227869305,24.839106302155976,24.93421173095703,19020400
2020-08-18,24.91767816333717,25.016919529903213,24.694387848992587,24.822572708129883,24294600
2020-08-19,24.88459125373396,24.89699582929275,24.698514733414406,24.74813461303711,18042800
2020-08-20,24.648898334435586,24.772948839703147,24.46282178784037,24.528982162475586,25932000
2020-08-21,24.54966056385529,24.615820948138648,24.322234341468004,24.570335388183594,18933400
2020-08-24,24.64062548826338,24.79362104269004,24.413199323058866,24.785350799560547,14985800
2020-08-25,24.830837888603824,24.83497379911896,24.466955055268468,24.54965591430664,23573200
2020-08-26,24.462821386068434,24.47936187380252,24.185775314767284,24.276744842529297,23329800
2020-08-27,24.347045916615286,24.528986585321093,24.206454897991883,24.355316162109375,38907200
2020-08-28,24.404934764677233,24.4504203237908,24.1733726352754,24.425609588623047,16995800
2020-08-31,24.388388416917753,24.64889555275224,24.384254084076762,24.50003433227539,19975600
2020-09-01,24.421473860354364,24.43801277213389,24.123751364892716,24.218856811523438,26620400
2020-09-02,24.272612627013586,25.083077668042044,24.173371269338247,24.971431732177734,37298400
2020-09-03,24.97970265564457,25.240209846407808,24.458689851506,24.690250396728516,38871400
2020-09-04,24.73986836331075,24.880457773071655,24.231258632311665,24.54965591430664,35792200
2020-09-08,24.57446618294549,24.603411246456186,24.181638292944704,24.41320037841797,28990800
2020-09-09,24.595142041784648,25.05413032167995,24.5703313102757,24.735733032226562,30869400
2020-09-10,24.640631632644542,24.66957670212171,24.280884642436895,24.309829711914062,36280400
2020-09-11,24.363583739012732,24.446284612861536,24.17750874458788,24.367719650268555,25332600
2020-09-14,24.487630384378864,24.830836804935686,24.462819654533895,24.702651977539062,20927200
2020-09-15,24.954888629282884,25.236070606293485,24.735732691496395,24.868053436279297,23342600
2020-09-16,24.781218492897235,25.00864467669699,24.673706900810846,24.83497428894043,23082200
2020-09-17,24.677842194777696,24.768813296979573,24.43800986256827,24.632356643676758,22775400
2020-09-18,24.628224391504308,24.644763302712168,24.144425353101727,24.19818115234375,31969600
2020-09-21,24.022598567083723,24.160228805344772,23.734828420202277,24.047622680664062,30371200
2020-09-22,24.060131312425206,24.360414278755584,24.043450162815287,24.19776153564453,21247400
2020-09-23,24.226962106032254,24.268667377797257,23.80573313377082,23.82658576965332,21576400
2020-09-24,23.801556616526664,24.264492353567817,23.65558660527666,24.09349822998047,31328200
2020-09-25,23.989234899773557,24.514728562291435,23.901652887846225,24.48970603942871,22576000
2020-09-28,24.598138094229093,24.798326210823443,24.510556091522886,24.552261352539062,20359600
2020-09-29,24.627332631771438,24.794156861378767,24.431315991579655,24.543920516967773,18435800
2020-09-30,24.698229971171795,24.885905214078168,24.55642987347248,24.76495933532715,24208200
2020-10-01,24.8275265713977,25.07776297445501,24.777479927167892,25.01520347595215,26142000
2020-10-02,24.815008313576293,25.44059675845637,24.760790202886323,25.311307907104492,33890000
2020-10-05,25.378036683586714,25.699172268689736,25.207042576293276,25.628273010253906,22076800
2020-10-06,25.64495994702546,26.13708812900515,25.532353820240253,25.84514808654785,32776800
2020-10-07,25.9786071610509,26.112065922349814,25.811782913950292,26.003629684448242,24403600
2020-10-08,26.116235794300167,26.520783559115646,26.099554642364936,26.47907829284668,27235600
2020-10-09,26.625044589772884,26.637555849711934,26.29556762311244,26.474903106689453,17091200
2020-10-12,26.491585963765946,26.821061340921865,26.424856592207995,26.641727447509766,14970200
2020-10-13,26.458227157592773,26.52912802767197,26.162115596033697,26.458227157592773,20210400
2020-10-14,26.491587468610206,26.604193587814617,26.28722786169395,26.42485809326172,22338800
2020-10-15,26.174626584415762,26.5541502752205,26.107897196723307,26.408180236816406,19124000
2020-10-16,26.441537730497657,26.79186571673199,26.412343731644796,26.6917724609375,16081000
2020-10-19,26.679261317424253,26.821059831922568,26.39148962612123,26.46656036376953,26603000
2020-10-20,26.57499914342686,26.771017376294328,26.474904286592427,26.625045776367188,24979400
2020-10-21,26.566658664858863,26.729309829638144,26.47907665653393,26.55414581298828,14200000
2020-10-22,26.591684087000555,26.975379236819514,26.516614922358542,26.929502487182617,15212000
2020-10-23,27.06296183519213,27.108838585813075,26.854432307608953,27.004573822021484,14485000
2020-10-26,26.796041354545714,27.046276123809733,26.620877334251674,26.996231079101562,20763200
2020-10-27,27.046275395182082,27.25063341335305,26.84608885792699,26.97537612915039,19601800
2020-10-28,26.60002085684437,26.94200908830245,26.137085141078163,26.191303253173828,34026600
2020-10-29,26.095378996195098,26.58333880662129,25.757560665900044,26.262203216552734,29847800
2020-10-30,26.11623707917966,26.2788898529664,25.765907416041284,26.016143798828125,34824600
2020-11-02,26.370643976817302,26.625050256078417,26.10789632550372,26.587514877319336,29911800
2020-11-03,26.921161617936928,27.263149894735633,26.81272537936918,26.971206665039062,30157400
2020-11-04,26.81272288811732,27.22978187872688,26.537464017953166,26.56665802001953,36662200
2020-11-05,26.84608886222027,27.292341863061175,26.783529376102685,26.804380416870117,31525200
2020-11-06,26.821061495478332,27.05878498245802,26.675091491527198,26.745990753173828,18955400
2020-11-09,27.5217230835973,28.33081857840409,27.217271789220618,27.242294311523438,46072200
2020-11-10,27.388264280302128,27.71356979730149,27.275659748228392,27.63433074951172,31172000
2020-11-11,27.776133566395984,27.98466310245287,27.6301635275378,27.73859977722168,19459000
2020-11-12,27.575941471825203,27.638497774589393,27.079640257178866,27.292341232299805,53020200
2020-11-13,27.4258037193861,27.6385015415892,27.37575548844584,27.563430786132812,26324800
2020-11-16,27.905414930261855,27.922094487620672,27.513378512279186,27.84285545349121,27375000
2020-11-17,27.66352272547422,27.796981470921896,27.254803527717755,27.2965087890625,16811200
2020-11-18,27.43831298905599,27.471678473926474,26.754336458749936,26.762676239013672,25581400
2020-11-19,26.73348156201779,26.754335785013627,26.308082777308854,26.495758056640625,26996200
2020-11-20,26.449883106008414,26.683436737203635,26.36647257218165,26.49993133544922,18632200
2020-11-23,26.604197580430515,26.654244221714162,26.383155198765827,26.50410270690918,16930600
2020-11-24,26.71680010796551,26.854430349794455,26.583342938272295,26.787702560424805,21807000
2020-11-25,26.754333965035308,26.866938488592847,26.520780365572616,26.858598709106445,22985200
2020-11-27,26.85025665530315,26.87528235842322,26.483245889253762,26.5916805267334,12073200
2020-11-30,26.51661311216798,26.533294263753,26.10372398457631,26.207988739013672,26889400
2020-12-01,26.404005695397228,26.7626750967228,26.374811692858565,26.39149284362793,30174800
2020-12-02,26.266375037675438,26.579169280632605,26.09955239600389,26.56665802001953,24397600
2020-12-03,26.52494909300135,26.549973203225218,26.220496244569098,26.291397094726562,18753600
2020-12-04,26.316420400699073,26.378979882652065,25.882680280528113,26.028650283813477,21005000
2020-12-07,25.941071455549853,26.303912358788583,25.936899974400653,26.174623489379883,17391400
2020-12-08,26.003627296506153,26.26637490472733,25.89519265951618,26.095380783081055,21005400
2020-12-09,26.116232699110224,26.157939551390193,25.874339319701367,26.049503326416016,22969800
2020-12-10,26.036991718796987,26.120403831290215,25.795096751661994,25.916044235229492,21602800
2020-12-11,25.807612633203885,25.991118029474766,25.782588519231258,25.957754135131836,13351400
2020-12-14,26.141260805903098,26.358131698044218,25.799272519706633,25.824295043945312,27208800
2020-12-15,25.945240088798638,26.39983446384949,25.815952816607314,26.333105087280273,22357200
2020-12-16,26.383149772337198,26.51661010656716,25.99528639347127,26.028650283813477,24312800
2020-12-17,26.12040525052833,26.395664123044423,26.116233769652467,26.20381736755371,25389800
2020-12-18,26.20798740023971,26.303910778507593,25.853487889643016,25.978605270385742,20877400
2020-12-21,25.773360114203175,25.773360114203175,25.36960028054962,25.66400909423828,27915400
2020-12-22,25.655600276111414,25.722893589708853,25.53783737841568,25.613542556762695,24177000
2020-12-23,25.73550566595503,25.93738556816321,25.558861353172436,25.563066482543945,11543400
2020-12-24,25.617740829192385,25.75653415380733,25.478949108976167,25.743915557861328,7272400
2020-12-28,25.878504136421707,26.02570933483934,25.76074126120668,25.85747528076172,11739000
2020-12-29,25.920568613222418,26.042536642095136,25.781775250313203,25.853275299072266,15165000
2020-12-30,25.870088662827904,26.06776340812164,25.82803095737753,25.983646392822266,11847200
2020-12-31,25.987859224710043,26.408442795508787,25.920565917558203,26.370590209960938,18184000
2021-01-04,26.416855318128373,26.416855318128373,25.558864427250104,25.70606803894043,25260600
2021-01-05,25.760743778566535,25.836448949859548,25.4915705492576,25.701862335205078,16666600
2021-01-06,25.849064785114287,26.513587569037497,25.79018334439176,26.341148376464844,35961800
2021-01-07,26.48414801221362,26.534617591564665,25.971035541547828,25.99627113342285,24758800
2021-01-08,26.029915660834575,26.269648156056693,25.98365121361646,26.21497344970703,26930600
2021-01-11,26.11823860888684,26.223384499589926,25.777566949824184,25.97103500366211,16657200
2021-01-12,25.928978601913858,26.017300769520414,25.521012011923037,25.832242965698242,24619000
2021-01-13,25.912153973472126,26.421059707508878,25.865889524123514,26.336942672729492,26687400
2021-01-14,26.345354899371884,26.366383757256507,26.084593531924696,26.236003875732422,26067000
2021-01-15,26.181330659209827,26.572473558855982,26.084596617976796,26.492563247680664,27564800
2021-01-19,26.635556041700877,26.660790026985644,26.353764238963052,26.391616821289062,18993200
2021-01-20,26.383208147118452,26.664999983917728,26.22759266958996,26.5472354888916,44796200
2021-01-21,26.484145712396835,26.538820416779735,26.345352375735175,26.391616821289062,13975600
2021-01-22,26.315912312447892,26.517792221751314,26.21497315999563,26.42947006225586,18760000
2021-01-25,26.336940551504476,26.997258178480138,26.307499832362748,26.95940399169922,37848600
2021-01-26,26.92155740377277,26.95099812771535,26.58088410678117,26.690235137939453,19473600
2021-01-27,26.47573559991671,26.673408783447215,25.853272119482323,25.97103500366211,39287400
2021-01-28,26.059354354249205,26.681817767502036,25.992061055638054,26.282264709472656,25465800
2021-01-29,26.147681042406667,26.404237289228522,25.975241834536106,26.139270782470703,27760600
2021-02-01,26.307505337180473,26.500973418994494,26.046743939761612,26.26544761657715,16109400
2021-02-02,26.35376566796661,26.887906978908482,26.24441464887251,26.47994041442871,28698600
2021-02-03,26.45050074629534,26.572470367968524,26.33694298864089,26.395824432373047,16266800
2021-02-04,26.383202214766268,26.63975840114405,26.307497057985984,26.601905822753906,22702200
2021-02-05,26.7196736947097,26.892112894272575,26.610322672420633,26.744909286499023,11920000
2021-02-08,26.80378834150752,26.812200204687834,26.437881117357577,26.538820266723633,21531400
2021-02-09,26.585089186983943,26.673411358645897,26.35797365608254,26.576677322387695,12386800
2021-02-10,26.732293008049158,26.791174452734,26.500970754788643,26.681821823120117,19621200
2021-02-11,26.669198667394916,26.7575208140161,26.488347640847543,26.530406951904297,17422600
2021-02-12,26.450500429021815,26.572470049231978,26.198150929082647,26.336942672729492,20216000
2021-02-16,26.307501972743964,26.34114942844285,26.004682893448965,26.04253387451172,31723200
2021-02-17,26.071974256485998,26.109826839125407,25.886916472738275,26.063562393188477,20358200
2021-02-18,26.021500581207793,26.33273307577302,26.021500581207793,26.219175338745117,15419600
2021-02-19,26.223383308111305,26.236001905413637,25.807006498308894,25.828035354614258,17935400
2021-02-22,25.756537803407674,25.785978524122104,25.083603147823247,25.323335647583008,35602800
2021-02-23,25.424275540955332,25.621948715529598,25.293894064807237,25.533626556396484,26213200
2021-02-24,25.470539411201752,25.51680225227319,25.209776464805326,25.23501205444336,23673600
2021-02-25,25.184546182679483,25.30651420620023,24.885930610117267,25.00790023803711,31360400
2021-02-26,25.09201394235165,25.24762940298277,24.53684379767948,24.545255661010742,38014800
2021-03-01,24.85649204956192,25.369604594837902,24.85228691917079,25.087814331054688,31427400
2021-03-02,25.12566561657152,25.19295893012742,24.873314487437526,25.012107849121094,29306200
2021-03-03,24.974251456439635,24.974251456439635,24.50740346282101,24.717695236206055,45849800
2021-03-04,24.73452121170431,25.159309926623372,24.562082006028383,24.69666862487793,44172600
2021-03-05,24.80181179276684,25.218188597653747,24.5831081600954,25.100425720214844,33606600
2021-03-08,25.171926355512053,25.67662696706397,25.104633047598398,25.453718185424805,38423800
2021-03-09,25.592505447012467,25.874297227552518,25.558859601150232,25.790180206298828,22224400
2021-03-10,25.781777190831615,26.04674533716583,25.71027874109024,25.966835021972656,27421200
2021-03-11,25.92056880751447,26.227594655900837,25.886921347987602,25.899539947509766,17168800
2021-03-12,26.013093606140213,26.32853128901693,25.891125588104472,26.248620986938477,20043800
2021-03-15,26.286469103848482,26.652376304542404,26.286469103848482,26.5850830078125,24417200
2021-03-16,26.52200223220633,26.68602957850442,26.450502186353848,26.618736267089844,29243400
2021-03-17,26.5977049149388,26.601910044583434,26.160297629545237,26.185531616210938,34407000
2021-03-18,26.16029856465538,26.265444457918143,25.907947458185344,26.08879852294922,29627600
2021-03-19,26.097209218905206,26.38741289813715,25.819624137291346,26.160297393798828,38712600
2021-03-22,26.101399709288835,26.24122941562843,25.936147595526705,26.122587203979492,25641000
2021-03-23,26.11411113093399,26.614105590934717,26.059026557170164,26.51241111755371,26117200
2021-03-24,26.427671371367538,26.71156735573669,26.33445316953903,26.520891189575195,22058400
2021-03-25,26.605629875408884,26.893762319601887,26.48698605837845,26.804779052734375,28309600
2021-03-26,26.800544692720642,26.919186902972864,26.542072777774965,26.89376449584961,20770200
2021-03-29,26.838681058924017,27.309013390834757,26.825969854822873,27.18189811706543,32775600
2021-03-30,27.097155665946293,27.097155665946293,26.736989222447676,26.936140060424805,22111200
2021-03-31,26.948846729938705,27.186134376811957,26.8937637717355,27.135286331176758,22259200
2021-04-01,27.09291393209667,27.156471566853302,26.927661818798978,27.10986328125,21046600
2021-04-05,27.207320434831068,27.580196429176063,27.181898026713288,27.406471252441406,29288200
2021-04-06,27.376808134216645,27.554771439886323,27.177657335261607,27.550533294677734,17258600
2021-04-07,27.529354729667904,27.66494630957685,27.376813798175558,27.516643524169922,15798400
2021-04-08,27.588670773708806,27.673414283293766,27.436129870249736,27.495450973510742,19909800
2021-04-09,27.520876573966646,27.63528388121814,27.410710645271635,27.46579360961914,15751200
2021-04-12,27.47002477206068,27.68612166147473,27.39799247558933,27.491209030151367,14201400
2021-04-13,27.38105241240468,27.868332539536055,27.33020435678511,27.817487716674805,18250800
2021-04-14,27.749687075859114,27.940364837646484,27.67765476335982,27.940364837646484,15125400
2021-04-15,27.944605301568235,28.262398401583454,27.927659181061646,28.24968719482422,23863400
2021-04-16,28.355618072931424,28.588667638103537,28.296296953207353,28.478498458862305,22376000
2021-04-19,28.495442764711285,28.542052669489816,28.266631386550674,28.334428787231445,21503400
2021-04-20,28.33442486370876,28.766621918548537,28.31747551588558,28.694589614868164,29548800
2021-04-21,28.72424896047291,28.834418100323568,28.347134877309134,28.453065872192383,19230200
2021-04-22,28.431888701476623,28.529346674561733,28.22426478130575,28.24968719482422,17983600
2021-04-23,28.262390757498892,28.35561055886505,28.139513636888278,28.211545944213867,16881600
2021-04-26,28.22426172224746,28.241211073675597,27.965789770295284,28.050533294677734,12578400
2021-04-27,28.008153934917775,28.020865136851246,27.787818891637155,27.834428787231445,20942000
2021-04-28,27.84713939071684,27.923409833435922,27.664937957152222,27.79629135131836,15158200
2021-04-29,27.79629948877215,28.06748264610587,27.79629948877215,28.050533294677734,19223600
2021-04-30,28.109851098164327,28.27934135972879,27.940364069357717,28.2708683013916,20484600
2021-05-03,28.33442565857552,28.529338314873705,28.220018365748942,28.26662826538086,21544000
2021-05-04,28.236970302316657,28.287818351873504,27.97426022874317,28.16069984436035,23445600
2021-05-05,28.1606929686573,28.1606929686573,27.529345196409555,27.686120986938477,23562800
2021-05-06,27.762399607508403,27.923416822862023,27.575963215228878,27.897991180419922,23305400
2021-05-07,27.88103992008927,28.19459476847294,27.872563629919235,27.98273277282715,18110800
2021-05-10,28.04205505774942,28.550522575678805,28.04205505774942,28.26662826538086,26442000
2021-05-11,28.236974911630963,28.27511176321342,27.724269117749184,27.91918182373047,28210000
2021-05-12,27.88951843039274,27.88951843039274,27.25393231918711,27.266643524169922,29553800
2021-05-13,27.296300707723372,27.957312379987965,27.27511644628861,27.792057037353516,28222800
2021-05-14,27.85985496250936,28.105615675683097,27.85985496250936,27.92765235900879,18910600
2021-05-17,27.914932256700496,28.075949424326076,27.65646039233462,27.698835372924805,25124000
2021-05-18,27.639521909543834,27.787824684278377,27.567486362308742,27.694604873657227,19532400
2021-05-19,27.56325147597483,27.673417404308285,27.32596380341177,27.647994995117188,26238000
2021-05-20,27.698842301124397,28.059007096927587,27.690366009783364,27.889516830444336,25679600
2021-05-21,27.957317941020598,28.13951943594174,27.834437562328816,28.033588409423828,20487800
2021-05-24,28.169172363477845,28.215779028383018,27.965783425244584,27.98273277282715,19343000
2021-05-25,28.012397963744533,28.012397963744533,27.580197610679924,27.643756866455078,20427400
2021-05-26,27.660706199712738,27.7666372150197,27.567486389001324,27.647994995117188,16841600
2021-05-27,27.74545691411829,27.74545691411829,27.453086235633183,27.461559295654297,16996200
2021-05-28,27.626811308557464,27.71155807214403,27.52511842501207,27.609865188598633,19565000
2021-06-01,27.67341684903677,27.736976103497227,27.376811305231925,27.440370559692383,22052200
2021-06-02,27.482737843655826,27.73697158734518,27.37256870271271,27.584430694580078,20491400
2021-06-03,27.457319797909562,27.838668857603285,27.36409998944827,27.74968719482422,23707200
2021-06-04,27.821722749096576,27.86409450765825,27.673416744993766,27.70731544494629,14469600
2021-06-07,27.732733999641084,27.800531390124643,27.686124101873013,27.758159637451172,13822400
2021-06-08,27.817486635247214,27.838670899696407,27.402235612393067,27.520877838134766,18363600
2021-06-09,27.588666888011524,27.81747821097343,27.529345793105534,27.766630172729492,18760800
2021-06-10,27.787819516204316,27.97849401500671,27.72002212735884,27.948833465576172,16654400
2021-06-11,27.948836607765628,28.033583353350252,27.817483193056706,28.01239585876465,18198400
2021-06-14,28.01663906063669,28.143754352818522,27.902231741638825,28.07172203063965,13733000
2021-06-15,28.105614994964295,28.309000714020986,28.02510639676059,28.15645980834961,32781000
2021-06-16,28.228498103059177,28.330190972510522,27.72002729028638,27.732738494873047,46277600
2021-06-17,27.711553522280447,28.037819618434398,27.63104491828126,27.885278701782227,25708800
2021-06-18,27.724263110737315,27.745450605110044,27.118337625115824,27.160709381103516,36079800
2021-06-21,27.24781687443279,27.580886291467557,27.0940912750842,27.51256561279297,27886600
2021-06-22,27.512568637606424,27.59370250670067,27.33322317127017,27.346033096313477,16608600
2021-06-23,27.328955261837784,27.328955261837784,26.974532091398142,27.055665969848633,25666400
2021-06-24,27.089824473252957,27.098364966662967,26.910478998440382,27.03004264831543,15215800
2021-06-25,27.042852988959474,27.341762100229246,27.01296044890001,27.320411682128906,18273600
2021-06-28,27.431438136885312,27.632135674847866,27.393008357036496,27.49549102783203,16735200
2021-06-29,27.4100857896165,27.572350268816557,26.970259361962473,27.0513916015625,24688000
2021-06-30,27.030039682382274,27.132523963124534,26.89766612138348,27.00014877319336,19077400
2021-07-01,27.05139191737026,27.388734062528187,26.94463819768224,27.294790267944336,22993200
2021-07-02,27.367382901301326,27.367382901301326,27.20084898275916,27.337491989135742,18629400
2021-07-06,27.33322755060856,27.469872202738713,27.021505207195602,27.452791213989258,18156400
2021-07-07,27.465597935349123,27.636404545041945,27.311872312412095,27.63213348388672,24199200
2021-07-08,27.478412646833526,27.717543245198623,27.435711801439442,27.55100440979004,20513000
2021-07-09,27.589434177847455,27.662025932191437,27.358845730638368,27.585163116455078,21484200
2021-07-12,27.55527345094515,27.6961891624908,27.422899862571292,27.674837112426758,17323000
2021-07-13,27.627863554085653,27.717539552692052,27.367384196657188,27.465599060058594,22493200
2021-07-14,27.474133047889588,27.824288341767996,27.346030551512655,27.704721450805664,20720000
2021-07-15,27.610786106466332,28.037801023612808,27.60224398371885,28.016448974609375,28574600
2021-07-16,28.046335885168215,28.443459831743677,28.016444975549195,28.29827308654785,33106600
2021-07-19,28.182987608609494,28.409305018147403,27.53392629714482,27.849916458129883,45585000
2021-07-20,27.87553099710992,28.251306178592117,27.87553099710992,27.96947479248047,33779200
2021-07-21,27.98655962639795,28.050612519126336,27.640678566676296,27.66202735900879,22456800
2021-07-22,27.69191152695444,27.8285561444753,27.615048725982412,27.704721450805664,22875400
2021-07-23,27.773049586316116,28.084768640026972,27.72180662530132,28.05914878845215,16216800
2021-07-26,28.003637011144576,28.153091569700265,27.871260181110934,28.067689895629883,17936800
2021-07-27,28.04633708527105,28.597186664276563,27.884072605805176,28.550214767456055,34285800
2021-07-28,28.5374080186244,28.588647724229663,28.123203023033543,28.332439422607422,24948200
2021-07-29,28.3836819054437,28.49043563413403,28.247037263034688,28.4093017578125,30247800
2021-07-30,28.39221996090486,28.63135052170271,28.10612075805823,28.17017364501953,25265200
2021-08-02,28.234225278480615,28.490433557085915,28.200063305902567,28.387950897216797,23564200
2021-08-03,28.430651123863843,28.682588336023873,28.298274297431078,28.550214767456055,25994400
2021-08-04,28.434921848865528,28.541675578451958,28.153093696847307,28.507516860961914,32378000
2021-08-05,28.54594934966472,28.857671703109183,28.473357588542584,28.819238662719727,31790800
2021-08-06,28.789346521401153,29.011396114979796,28.721025824976117,28.802156448364258,20000800
2021-08-09,28.823511982381,28.900374811315316,28.63562434323804,28.793621063232422,16865200
2021-08-10,28.819238154592714,28.921724088580554,28.69113562390622,28.823509216308594,15834200
2021-08-11,28.88755824997659,29.224900407405826,28.88755824997659,29.0925235748291,18488800
2021-08-12,29.04128872916626,29.224905294730036,29.028478801453897,29.122419357299805,18920200
2021-08-13,29.18219628337581,29.361545014779146,29.122414458863062,29.327383041381836,23580800
2021-08-16,29.32738744023532,29.715969357852085,29.297496523495568,29.506732940673828,25796600
2021-08-17,29.42559212901443,29.528074771240732,29.229162449439375,29.5238037109375,23037200
2021-08-18,29.519538818160562,29.58359170463376,29.27614045585452,29.37435531616211,31411200
2021-08-19,29.387169447145936,29.733050522585103,29.35727853022978,29.49392318725586,27723000
2021-08-20,29.44268412807039,29.882512332323305,29.28895846127377,29.861160278320312,23581600
2021-08-23,29.83979723011299,29.84833935171333,29.42132449191161,29.476835250854492,21830800
2021-08-24,29.464028707348316,29.489648559359576,29.0882567604339,29.284683227539062,25331000
2021-08-25,29.280409067175466,29.434134678702954,29.113873530998163,29.340190887451172,16329800
2021-08-26,29.34018893859009,29.35299886238903,29.203544321626975,29.267597198486328,16631800
2021-08-27,29.297496761317976,29.39144057408138,29.203552948554574,29.259063720703125,21005000
2021-08-30,29.250522477860915,29.387167124085213,29.15230761126282,29.30176544189453,23691400
2021-08-31,29.28894598552968,29.434132723601852,29.14376250532215,29.267597198486328,22580200
2021-09-01,29.34873630761525,29.750128109169342,29.310303271481477,29.65191650390625,26667400
2021-09-02,29.71595661501347,29.92092514038086,29.68606571109158,29.92092514038086,20598800
2021-09-03,29.831267900654026,29.873968748708716,29.600679411719664,29.67327117919922,18942000
2021-09-07,29.64764383124634,29.651914892332456,29.229167807163318,29.280410766601562,26290200
2021-09-08,29.263336047553693,29.886777527184236,29.195015344868605,29.805646896362305,29176200
2021-09-09,29.711697436955244,29.818451161642898,29.61775363797169,29.643373489379883,16355000
2021-09-10,29.622026046274943,29.656184763750918,29.22063098067838,29.229169845581055,24654400
2021-09-13,29.476839978565685,29.51100195471653,29.092525891532063,29.17793083190918,26236400
2021-09-14,29.271872479696178,29.365813020388398,29.007122070840502,29.079713821411133,28103200
2021-09-15,29.037015406978995,29.23344188496471,28.87901870913889,29.04128646850586,19812800
2021-09-16,29.037013196227477,29.15657684695352,28.755181798488827,28.79788589477539,31464000
2021-09-17,28.738102415256602,28.891828031017443,28.32816526798438,28.353788375854492,25108000
2021-09-20,28.2931256816332,28.551273973689646,27.991949938789322,28.301729202270508,45678600
2021-09-21,28.38348008133515,28.577090497899544,28.20707670765894,28.224287033081055,26417600
2021-09-22,28.327544107654525,28.43510617358432,28.09951305308876,28.207075119018555,24787600
2021-09-23,28.207076185948882,28.417900206569982,28.03067609806925,28.056489944458008,19333200
2021-09-24,28.0521867561312,28.237193649238264,27.957534891140472,28.0263729095459,23660200
2021-09-27,27.979043855835254,28.263009283388808,27.656357660451885,27.69508171081543,21783400
2021-09-28,27.669265065109336,27.712292517937048,27.26483228403898,27.346580505371094,40471600
2021-09-29,27.428323354336385,27.89729232705335,27.35518194653282,27.70368194580078,30867600
2021-09-30,27.806947057241835,27.824157383523435,27.445540052930593,27.484262466430664,27142600
2021-10-01,27.65205740324156,27.70368838208635,27.38960731314893,27.484262466430664,29001200
2021-10-04,27.454142615930117,27.94032361910393,27.441234051807943,27.862878799438477,40402600
2021-10-05,27.89729552824905,27.996254072099493,27.759616216718243,27.794036865234375,26130400
2021-10-06,27.707990400553385,28.24580076049218,27.544493950310276,28.224287033081055,33152400
2021-10-07,28.27591716568075,28.49964482442501,28.043582703215264,28.073699951171875,27540200
2021-10-08,28.06939901019162,28.125333391681902,27.845671331832868,27.8671817779541,17795800
2021-10-11,27.75101141125291,27.80694250060227,27.449837315745647,27.48855972290039,25420200
2021-10-12,27.527288041977997,27.755320773648165,27.45414661345896,27.673572540283203,20996000
2021-10-13,27.68217318113594,28.017769601974955,27.535890339324563,27.99625587463379,26205400
2021-10-14,28.09090932265811,28.39638519371677,28.02206802536018,28.3404541015625,21398000
2021-10-15,28.38347369379344,28.48242893953385,28.211373760836366,28.25870132446289,29602400
2021-10-18,28.06939867864956,28.142543385693354,27.837064198559233,27.987653732299805,20702000
2021-10-19,28.202774789500374,28.37917486939229,28.12532997130707,28.3404541015625,21413600
2021-10-20,28.45661560281989,28.89977072232859,28.426498360208615,28.78790855407715,27799600
2021-10-21,28.805115593397943,28.904074123425413,28.749184509272222,28.78790855407715,17372800
2021-10-22,28.86534756136068,28.985819803833003,28.80081296320243,28.934188842773438,21399800
2021-10-25,28.891169754701096,28.98582489199288,28.740583528343056,28.80942153930664,15160200
2021-10-26,28.835235813763315,29.188039241871465,28.78791152694417,28.964311599731445,19391400
2021-10-27,29.033157913070397,29.10629933924691,28.740588925830178,28.770706176757812,22263600
2021-10-28,28.744880710121816,28.96430820755579,28.710463349423577,28.960004806518555,15443600
2021-10-29,28.951401687890737,29.07187065833583,28.64592586068118,28.78790855407715,26666800
2021-11-01,28.779305038150536,28.964311916040668,28.688953299999582,28.891170501708984,16182800
2021-11-02,28.99873468895344,29.054665783564957,28.710469129554756,28.9169864654541,19864800
2021-11-03,28.869656029849857,28.981521490515924,28.57708709755414,28.80942153930664,20992200
2021-11-04,28.766403107717426,28.826637610270478,28.353365111981834,28.65023422241211,32183000
2021-11-05,28.744887972091394,29.04606375265435,28.714770722288502,28.92129135131836,21584400
2021-11-08,28.955706229537043,28.960006348269992,28.35335807105216,28.491037368774414,19670200
2021-11-09,28.54267013734789,28.71907351281821,28.452318389863326,28.637325286865234,16489400
2021-11-10,28.65883678872212,28.89547464413713,28.6416264644616,28.869657516479492,25833200
2021-11-11,28.852446127273943,28.86535304935951,28.54266686708597,28.693256378173828,15747400
2021-11-12,28.68464989210089,28.75349118736283,28.551273985697915,28.67604637145996,18179000
2021-11-15,28.800817822131737,29.067569626276924,28.740583332000014,29.054662704467773,19003800
2021-11-16,29.067572706741934,29.123507083887322,28.89977614037351,28.9169864654541,13213400
2021-11-17,28.848142953688193,28.98582224557875,28.701856859629526,28.942794799804688,19001800
2021-11-18,28.89547155978491,28.95140264576113,28.693254374475945,28.79220962524414,15305000
2021-11-19,28.830935167902005,29.02024215932,28.753490354243066,28.955707550048828,20606000
2021-11-22,28.93419678114139,29.287000238844286,28.856751959570808,29.132110595703125,23154000
2021-11-23,29.127801265424957,29.334321841758033,28.985821856887494,29.162221908569336,19036400
2021-11-24,29.1493203896301,29.239672132727108,28.99873415113508,29.1794376373291,15931600
2021-11-26,28.972916821406443,29.162227109932637,28.6502306200734,28.72337532043457,21854600
2021-11-29,28.94709581169437,29.23106117420606,28.714761410330162,29.14931297302246,22821800
2021-11-30,29.011637945584674,29.01594134694442,28.271610473314702,28.29742431640625,48623000
2021-12-01,28.486743215710778,29.03316046526085,28.33185354517174,28.349063873291016,46024600
2021-12-02,28.417899339466572,28.977220116871198,28.417899339466572,28.710468292236328,35050200
2021-12-03,28.852451199937793,29.007340857263546,28.430809685855383,28.998737335205078,42771400
2021-12-06,29.188044408571585,29.747368536730367,29.17513748419678,29.441892623901367,47222000
2021-12-07,29.446195576281802,29.734461158028456,29.36875074868212,29.661319732666016,21789000
2021-12-08,29.68713379710863,29.829116529163866,29.472009639158568,29.631202697753906,25994400
2021-12-09,29.70004370293224,29.760278210602397,29.390264359180307,29.59248161315918,23783400
2021-12-10,29.71293535398117,29.89364206663028,29.59676980105862,29.751659393310547,23403600
2021-12-13,29.721550623013172,30.26366106781643,29.721550623013172,30.11737823486328,27500000
2021-12-14,30.113076112773225,30.17331060919986,29.79469330558476,29.936676025390625,35005000
2021-12-15,29.902258686958785,30.452976019585066,29.902258686958785,30.427162170410156,45364600
2021-12-16,30.397039629316335,30.767053388261793,30.37122250209977,30.582046508789062,30209200
2021-12-17,30.465879776564933,30.61646930118605,30.057145221966188,30.12168312072754,43674000
2021-12-20,29.83375096507175,30.180653045672365,29.590915869482846,30.150299072265625,30091200
2021-12-21,30.245698905501108,30.445168350745067,29.946493083467644,30.106937408447266,32355800
2021-12-22,30.059238194162873,30.28039046998477,30.015875846126345,30.237028121948242,18967800
2021-12-23,30.25437414838082,30.388801744720237,30.202340647649237,30.232694625854492,14505400
2021-12-27,30.24570456551653,30.380128860473633,30.154642626190522,30.380128860473633,15707400
2021-12-28,30.423487367474664,30.661981921508943,30.401804540592053,30.653310775756836,16104000
2021-12-29,30.68800388678723,30.86579383412704,30.635970386754465,30.81809425354004,13755400
2021-12-30,30.900489371218985,30.961197335323988,30.705353793736403,30.930843353271484,18672400
2021-12-31,30.865790994518914,31.14765122432897,30.80508304450877,31.039243698120117,18618800
2022-01-03,31.026229941625452,31.034901086550352,30.380118815511985,30.731361389160156,43299600
2022-01-04,30.731362579483314,31.030565061832835,30.62728898634594,30.635963439941406,29321800
2022-01-05,30.61428459880964,30.965527231777617,30.588267851306504,30.618621826171875,44486400
2022-01-06,30.618623978011644,30.744377113673124,30.267384628694124,30.302072525024414,36259600
2022-01-07,30.23702799411564,30.67932923555443,30.050566920845295,30.531896591186523,39272000
2022-01-10,30.505878783696108,30.549241134744555,30.184993415935203,30.332426071166992,31169800
2022-01-11,30.306409381817712,30.419154141433705,29.859770879303046,30.059240341186523,33653800
2022-01-12,29.96383808777937,30.23268993036689,29.877113394472417,30.15463638305664,28113600
2022-01-13,30.141631493032644,30.419154513687165,30.124285890699813,30.302072525024414,33949000
2022-01-14,30.302075645575208,30.35844968604622,29.94216511219486,30.093935012817383,32547200
2022-01-18,29.872777920894706,29.924814724934524,29.499855762780612,29.73401641845703,35534800
2022-01-19,29.742685600497442,30.13295333418147,29.734014454564445,29.868438720703125,32051200
2022-01-20,29.959502290910674,30.341098899683033,29.872777593463397,29.907468795776367,29529600
2022-01-21,30.054898039980376,30.211005124377543,29.79472066876335,29.851091384887695,48542600
2022-01-24,29.816409536023922,29.911808696744036,28.806050509612458,29.564903259277344,57602000
2022-01-25,29.105255043725535,29.452157157088187,28.96649353671342,29.10091781616211,52218600
2022-01-26,29.157287736220397,29.473839172906093,28.701978104688468,28.86241912841797,49234200
2022-01-27,29.131265894304235,29.482505164115818,28.975158816980283,29.118257522583008,44982000
2022-01-28,29.04020485925076,29.49551442489071,28.81905260832009,29.469497680664062,50050400
2022-01-31,29.296050809537284,30.054903544430093,29.23534285541269,30.028886795043945,52580000
2022-02-01,29.946495805498653,30.1069401450621,29.352424643019965,29.629947662353516,41020200
2022-02-02,29.60825864167449,30.111271076751418,29.55622515413871,30.06790542602539,45723800
2022-02-03,29.981182696020223,30.11994418572067,29.851092352029546,29.933483123779297,34289800
2022-02-04,29.673309236101304,29.959503394891428,29.395786224041377,29.694992065429688,37029200
2022-02-07,29.64295544013119,29.77304580022129,29.469502729456146,29.651626586914062,27543600
2022-02-08,29.773045709715806,29.86844155737857,29.599592999568035,29.673309326171875,38853200
2022-02-09,29.885785601390015,29.95516800516658,29.712332900283698,29.80339813232422,35231800
2022-02-10,29.508523968878535,29.651619360099506,28.988165963677204,29.048873901367188,45060000
2022-02-11,29.17463449126105,29.39144955532611,28.94047382507054,29.066226959228516,36059800
2022-02-14,29.161621797384814,29.209321369080783,28.54153067367209,28.819053649902344,37112200
2022-02-15,28.996845544320358,29.109586986632902,28.554540996267853,28.68463134765625,34174400
2022-02-16,28.723655696152967,28.871091644319964,28.46781553585564,28.749675750732422,32184600
2022-02-17,28.61958472814559,28.905782163427794,28.41577806514188,28.767017364501953,29159800
2022-02-18,28.671624451229167,28.953481379865703,28.58489644305734,28.71498680114746,33686800
2022-02-22,28.81905561797855,28.888438020941713,28.48949582057365,28.68463134765625,34421400
2022-02-23,28.736665474091897,28.823393479704897,28.16861109775107,28.198965072631836,34583600
2022-02-24,28.016840391904847,28.480824456075773,27.87374166814142,28.424453735351562,57320000
2022-02-25,28.675950627026275,29.339407304130567,28.610908773879686,29.304716110229492,42528000
2022-02-28,29.12693734119035,29.499859547144442,29.092246134046807,29.456497192382812,36705200
2022-03-01,29.395786711005467,29.651626897975206,28.9795021860195,29.200651168823242,33464600
2022-03-02,29.213666123983963,29.664641903651642,29.19632051995801,29.55623435974121,29259800
2022-03-03,29.673303975277857,30.224012674229034,29.647287231364555,30.076580047607422,41471200
2022-03-04,29.99852525057339,30.766048938868103,29.93781731176294,30.740032196044922,48683600
2022-03-07,30.809411114319484,31.208349898189894,30.54923048208436,31.138967514038086,61944000
2022-03-08,31.22137244935949,31.381816804336204,30.644643525391594,30.657651901245117,53129800
2022-03-09,30.87880527611774,30.922167633230412,30.38446712669452,30.440837860107422,50953800
2022-03-10,30.211009846290032,30.70534792136673,30.189330325162103,30.64463996887207,34039800
2022-03-11,30.69234301851997,30.896149728518996,30.51021914043663,30.540573120117188,24988400
2022-03-14,30.735698040583298,30.891805129789734,30.349767544582626,30.505874633789062,41004600
2022-03-15,30.80074951778117,30.96119386684803,30.62296287377218,30.896148681640625,29004400
2022-03-16,30.857111145007458,30.99153538092556,30.40179834001473,30.839765548706055,40011800
2022-03-17,30.857114835266284,31.19100850608015,30.796403586783697,30.96985626220703,31830000
2022-03-18,30.96985592184962,31.108617398996383,30.635962254705237,30.705341339111328,37038000
2022-03-21,30.748997974333033,31.054565890254707,30.7402655593407,30.910511016845703,36294400
2022-03-22,31.028381023305137,31.028381023305137,30.70971442617892,30.954172134399414,29286400
2022-03-23,30.923607691521752,31.17679445057168,30.770823726729777,30.997819900512695,27990000
2022-03-24,31.063301011943665,31.355773661301907,31.002184092993414,31.316484451293945,26591400
2022-03-25,31.429984422533025,31.783570681545406,31.35577553639677,31.770475387573242,28922000
2022-03-28,31.801033368146044,31.975645065307617,31.613326376524547,31.975645065307617,30959800
2022-03-29,31.962545868326004,32.27248001098633,31.905795158673925,32.27248001098633,38114600
2022-03-30,32.30302830869713,32.5474825923195,32.20699174571982,32.538753509521484,35229200
2022-03-31,32.516929061479594,32.80067257219243,32.486372272968374,32.50383377075195,35701200
2022-04-01,32.47765266383761,32.97966004763298,32.28557946262588,32.95783233642578,38013800
2022-04-04,32.8224960677336,32.8224960677336,32.36850717490259,32.70463180541992,28391000
2022-04-05,32.71773594007281,33.285223042147976,32.713373062837,32.90980911254883,38140600
2022-04-06,33.01457251940933,33.58642578994065,32.86615477299567,33.564598083496094,56489200
2022-04-07,33.55150493628139,33.564600228808956,33.17609100843491,33.481658935546875,42033800
2022-04-08,33.60388622307074,33.71301809095096,33.31141028601712,33.59515380859375,34388600
2022-04-11,33.61698997618685,33.66064206823869,33.08879200234501,33.136810302734375,46335800
2022-04-12,33.04512965712405,33.43800506416815,32.92726870023104,33.26339340209961,45313800
2022-04-13,33.26775678416672,33.355064273006384,32.979650397096236,33.197914123535156,35313000
2022-04-14,33.2633922816323,33.4380039378191,33.16735903464788,33.21537399291992,28427000
2022-04-18,33.2546635814519,33.44237053119276,32.87924968197019,33.036399841308594,29878000
2022-04-19,33.13243659149249,33.31577733485702,33.036400012461435,33.25029754638672,33030400
2022-04-20,33.60389161602359,33.68682958422353,33.42054751742604,33.52095031738281,36652400
2022-04-21,33.411812614301894,33.50784918959751,32.94036215218174,32.966552734375,36817000
2022-04-22,32.922902966748374,32.9578259657529,32.39033888847103,32.412166595458984,54683400
2022-04-25,32.52566894428394,32.54313044607711,31.656976714888774,32.18954086303711,59671800
2022-04-26,32.076056594981324,32.473295066852124,31.853426537306643,31.86652183532715,41106200
2022-04-27,31.88833772356834,32.18517658021029,31.608960367957184,31.713726043701172,49067800
2022-04-28,31.86651187006474,32.180812246037306,31.700632596275213,32.06731414794922,39902600
2022-04-29,31.927619307939647,31.984366680825104,31.058930563774314,31.106948852539062,54338200
2022-05-02,31.2553627886248,31.399417637372494,30.399769440075957,30.788278579711914,65832200
2022-05-03,30.901780795838235,31.412517149570217,30.76209213506264,30.906147003173828,42152800
2022-05-04,31.098224071590007,31.652615966890057,30.967267794991784,31.59586524963379,56580200
2022-05-05,31.38633479257049,31.64825068386596,30.993459290406662,31.272836685180664,54849200
2022-05-06,31.08949654748659,31.622060758226223,31.080764130343237,31.521657943725586,55359800
2022-05-09,31.329576995112063,31.604591449711144,31.024009079380303,31.285924911499023,51419400
2022-05-10,31.329575862395828,31.7573742593938,30.539462187112658,30.906147003173828,65578400
2022-05-11,30.884320311169322,31.648243428406726,30.858129727176426,31.128774642944336,72101800
2022-05-12,31.09385668976231,31.172431776516174,30.487080373449267,30.814476013183594,49892000
2022-05-13,31.085123388688096,31.22917826537275,30.68351888136171,31.18115997314453,30208800
2022-05-16,31.19425559117865,31.41251934706188,31.06329933591308,31.277196884155273,23213600
2022-05-17,31.425611885766013,31.604589748518197,30.941066123729993,31.600223541259766,29901800
2022-05-18,31.652603373822895,31.718083151291292,31.21170975800485,31.29465103149414,37456600
2022-05-19,31.150602392449077,31.368866140529327,30.788283771330136,31.229177474975586,36552200
2022-05-20,31.312121573858118,31.40379195662231,30.88432312385111,31.316484451293945,31358000
2022-05-23,31.674433032314877,31.8359493996345,31.3775942112985,31.69189453125,27082200
2022-05-24,31.752998889646655,32.385965553048415,31.51291084251309,32.324851989746094,32311400
2022-05-25,32.35977929201987,32.40779757887877,32.09349727596241,32.30303192138672,27723800
2022-05-26,32.50383860562457,32.630431985555866,32.368516140723145,32.39470672607422,23290000
2022-05-27,32.36851696654153,32.90108108520508,32.22882829037082,32.90108108520508,23241200
2022-05-31,32.595507901570485,32.71773506973449,32.307401480961126,32.44709014892578,31041000
2022-06-01,32.56495219173752,32.56495219173752,32.097867880479626,32.39470672607422,22422200
2022-06-02,32.5518548625347,32.64352523596898,31.89269741876575,32.61296844482422,25038200
2022-06-03,32.47764588291938,32.656620421774505,32.39470459417847,32.45581817626953,17691200
2022-06-06,32.74829033483582,32.85305932875471,32.56058338378165,32.59987258911133,20345800
2022-06-07,32.51692930436372,32.82686339884688,32.31612707401295,32.79630661010742,19820000
2022-06-08,32.65225452034306,32.65225452034306,32.10659520904347,32.15461349487305,19971400
2022-06-09,32.13715586564564,32.28993982511228,31.360134115254304,31.381961822509766,25767600
2022-06-10,31.072024023789794,31.421247315961043,30.879950880051595,31.14186668395996,32800600
2022-06-13,30.744629503641207,30.81447216623607,29.561640472741036,29.710058212280273,52721400
2022-06-14,29.744985110174404,29.85411699077541,28.631838595867887,28.9592342376709,51342600
2022-06-15,29.2167862311849,29.592200154339885,28.793354015735176,29.146940231323242,51664800
2022-06-16,28.78463218430155,28.78463218430155,28.356833653451012,28.583829879760742,48754400
2022-06-17,28.627475258711954,28.828277516139387,28.081815864471974,28.317541122436523,43129400
2022-06-21,28.41655405754853,29.01498282445157,28.346149093398306,28.85657501220703,37266400
2022-06-22,28.702560425910516,29.375791763551863,28.693758129274954,29.160179138183594,28582200
2022-06-23,29.331791252704832,29.899415190711697,29.292187630813284,29.846614837646484,41140200
2022-06-24,30.005025820604285,30.42744547577455,29.88621829931368,30.365842819213867,30075200
2022-06-27,30.29983875997612,30.682658142905503,30.181031239680493,30.612253189086914,23276800
2022-06-28,30.713455413462025,30.951063708477584,30.458242525224538,30.49784278869629,26371800
2022-06-29,30.546242320858042,30.638646283558373,30.326231926688063,30.51984214782715,30329400
2022-06-30,30.3306417127558,31.087478221383115,30.291038084838107,30.858665466308594,37737800
2022-07-01,31.01706334724771,31.668295568375964,30.893858067948546,31.61549186706543,34255800
2022-07-05,31.54509904300398,31.567098073502486,30.057826269072883,30.537450790405273,44053600
2022-07-06,30.68705513062136,31.13587830672213,30.445045661670406,30.854265213012695,28518200
2022-07-07,31.012670630211165,31.113873544581104,30.788259059293388,30.823461532592773,16799400
2022-07-08,30.792660654407168,30.858661096435124,30.621049433856445,30.72225570678711,12564600
2022-07-11,30.603454329219495,30.973070266464195,30.53304937521499,30.915868759155273,13232800
2022-07-12,30.73545691331497,31.157876543124452,30.63865178536206,30.766258239746094,19140800
2022-07-13,30.480239322983003,30.968662679295658,30.453839149266305,30.638647079467773,38159200
2022-07-14,30.145825932263858,30.682651845118652,30.075420992896277,30.638647079467773,18925000
2022-07-15,30.669458277095014,30.739863239133822,30.167834672395298,30.69586181640625,17484200
2022-07-18,30.62544730180113,30.669448710803962,30.255831437666586,30.269031524658203,15422000
2022-07-19,30.467044275993747,30.62985320739397,30.3614402065656,30.462646484375,22715400
2022-07-20,30.51544914065546,30.528649230692334,30.018226725738984,30.05782699584961,34085200
2022-07-21,30.14142698143425,30.15022592095045,29.855412769316004,30.137025833129883,26029400
2022-07-22,30.379037976108062,30.669449973153903,30.308633033131827,30.55064582824707,19543000
2022-07-25,30.502240301896272,30.94226108141416,30.41863527951839,30.933462142944336,17292000
2022-07-26,30.907070783657147,31.215087464862965,30.87187165882534,31.118282318115234,17934400
2022-07-27,30.97307023698829,31.228283159372268,30.885067401659388,31.144678115844727,20684200
2022-07-28,31.694701793170708,32.328332901532285,31.668301616019882,32.2623291015625,29715600
2022-07-29,32.20072477203962,32.675948078545005,32.196323623712935,32.5395393371582,24547600
2022-08-01,32.43833977982237,32.60114535672777,32.23152942928459,32.574745178222656,23148800
2022-08-02,32.719950958388424,32.909160059813374,32.4823392944762,32.50873947143555,22916600
2022-08-03,32.4603431372281,32.79035884091201,31.954321743920783,32.71115493774414,21960400
2022-08-04,32.72874765369405,33.019163008699984,32.62314359600665,32.781551361083984,17328200
2022-08-05,32.69354775207281,32.843153217103726,32.3547298460565,32.66274642944336,22050200
2022-08-08,32.94436885497251,33.098375511939665,32.557148280776985,32.71115493774414,16899000
2022-08-09,32.81235080224303,33.1379652530716,32.79034841948623,33.07636260986328,16213600
2022-08-10,33.22597783949305,33.296379435135954,32.97956386201056,33.22157669067383,15778600
2022-08-11,33.26997060145012,33.55158362494789,33.12036179435265,33.217166900634766,16048200
2022-08-12,33.44158819488449,33.762804927035226,33.37558438887071,33.75840377807617,15798800
2022-08-15,33.692399269842426,34.07521865106913,33.63079661407164,34.040016174316406,15571000
2022-08-16,33.96521007129046,34.2600232314906,33.930007598017795,34.136817932128906,15577600
2022-08-17,33.99600724977609,34.229217731851655,33.969603719495616,34.07960891723633,21286000
2022-08-18,34.11041685493878,34.31282941228612,34.08841782537867,34.20722198486328,16559000
2022-08-19,34.16321698144522,34.34362713319616,34.035610537861196,34.18961715698242,17286600
2022-08-22,34.02681340013641,34.08841605104683,33.635195109166176,33.72319793701172,26453000
2022-08-23,33.661600475309875,33.7364032262193,33.384388503478526,33.52079391479492,15747000
2022-08-24,33.47679448318848,33.67040141721687,33.39318942891435,33.626399993896484,15002200
2022-08-25,33.7055921143832,33.83319854736328,33.45037924842303,33.83319854736328,14601800
2022-08-26,33.84640883504695,33.960815215836426,33.28318258668838,33.31398391723633,17732400
2022-08-29,33.14237745583233,33.661602305415286,32.94876716568816,33.415191650390625,22477400
2022-08-30,33.406382751265554,33.43278628558252,32.80355632402716,32.926761627197266,20560600
2022-08-31,32.94436885497251,33.1467780837141,32.69795484673172,32.71115493774414,22012800
2022-09-01,32.58354390445593,33.230371706585714,32.58354390445593,33.18197250366211,28160000
2022-09-02,33.265570866889455,33.57798522319446,32.728744968951325,32.8255500793457,25536800
2022-09-06,33.01037118498053,33.36679044802676,32.825563186123084,32.9091682434082,32900400
2022-09-07,33.06756528313392,33.987207185215716,33.032362811843754,33.938804626464844,31509800
2022-09-08,33.81119684501682,34.13681465589933,33.731996323393425,33.91240310668945,25150600
2022-09-09,34.114816666489844,34.242423118471,33.81560234803917,34.04881286621094,21181400
2022-09-12,34.14121393998099,34.418429206156105,34.035609882772235,34.374427795410156,22680600
2022-09-13,34.0268138654717,34.167620406205785,33.29637762741236,33.45918655395508,35156200
2022-09-14,33.472384408181554,33.921204177719375,33.43718193607476,33.731998443603516,22297400
2022-09-15,33.4635841861199,33.4635841861199,32.80795075735669,32.89155578613281,36110000
2022-09-16,32.77276128735232,33.023573090391785,32.711155266852295,32.76836013793945,32222400
2022-09-19,32.66689372311714,33.21178645574589,32.578294872528005,33.20735549926758,21462800
2022-09-20,32.99029878378138,32.99029878378138,32.48527770332818,32.7244987487793,23408400
2022-09-21,32.93714385456626,33.15864449027932,32.26378340912439,32.27707290649414,30461200
2022-09-22,32.250482744668666,32.3789500946473,31.993541285050775,32.16188049316406,34700800
2022-09-23,31.84735333874977,31.89165277908512,31.382200765651934,31.789764404296875,32420600
2022-09-26,31.71002584337434,31.749894327969468,30.713273170526005,31.023372650146484,35939000
2022-09-27,31.227154968223342,31.27588537267996,30.35001444766643,30.500633239746094,38286000
2022-09-28,30.855025890299487,31.01893412676755,30.451893285281244,30.82844352722168,45882600
2022-09-29,30.66896873783659,30.7398471588618,29.530456005279866,29.59247589111328,40662000
2022-09-30,29.73423969057137,29.849417561074144,28.95898764454624,29.021007537841797,45553000
2022-10-03,29.495024015584402,30.035486080980398,29.291243846306315,29.87157440185547,50894000
2022-10-04,30.07977948723423,30.531639184018818,29.893719810901203,30.50506019592285,33993000
2022-10-05,30.115214250117184,30.115214250117184,29.49501207564886,29.82726287841797,34411400
2022-10-06,29.698799636617352,29.74753003700701,28.81279727292291,28.843807220458984,51342000
2022-10-07,28.759635538574898,28.865958254307138,28.050834332847042,28.24575424194336,42166800
2022-10-10,28.303347226561073,28.63116717780959,28.254616822747384,28.29448699951172,33035600
2022-10-11,28.188167167056587,28.56028824711367,28.04197595814483,28.192596435546875,34320000
2022-10-12,28.14829385810948,28.201453523653743,27.235710868370575,27.25343132019043,41833000
2022-10-13,26.84143845070944,28.046402061329918,26.735117436277847,27.935651779174805,61429800
2022-10-14,28.22360291532444,28.427383039137585,27.395191236403864,27.532522201538086,39305800
2022-10-17,27.90906859042038,28.374221085526084,27.90906859042038,28.10841941833496,28247400
2022-10-18,28.666600535347545,28.77735080942005,28.33878067044537,28.62230110168457,32083800
2022-10-19,28.250185012817383,28.440673962537964,28.006534705583032,28.250185012817383,25686800
2022-10-20,28.259041446162282,28.259041446162282,27.40404916159888,27.536949157714844,31037000
2022-10-21,27.638840061669978,28.2546113582263,27.448349441739076,28.046401977539062,31087200
2022-10-24,28.1970231715059,28.502691659111562,27.97552260202012,28.281192779541016,20061000
2022-10-25,28.37422311301001,28.923543555943024,28.307772268985214,28.848234176635742,28403600
2022-10-26,29.003288293091526,29.149479496159664,28.710905886955246,28.834945678710938,27068800
2022-10-27,29.04315430041583,29.39312561435043,28.98113440982798,29.065305709838867,24514600
2022-10-28,29.184912585028577,29.924727024509455,29.145044106525045,29.862707138061523,27185800
2022-10-31,29.78739830062453,29.91143808985092,29.406417016668758,29.5836181640625,21789600
2022-11-01,29.7608209386536,29.8715712393512,29.464010943943446,29.698801040649414,21479000
2022-11-02,29.601337343992284,30.217108685339863,29.39755721619235,29.410846710205078,42680400
2022-11-03,29.13175029625769,29.800679455212652,28.972269646218535,29.539310455322266,28656400
2022-11-04,29.60133463592494,29.840555645760848,29.2026329528651,29.720943450927734,24298400
2022-11-07,29.663355948485474,29.71208634430422,28.69318236969655,29.15390396118164,28592800
2022-11-08,29.193774927961293,29.539315266043612,29.100745096926083,29.357683181762695,24827800
2022-11-09,29.238075343374973,29.464006871926316,29.06973612631876,29.1273250579834,25781800
2022-11-10,30.00447403776031,30.553794602743604,29.56147281894096,30.500633239746094,35830400
2022-11-11,30.500622808212995,30.580363135521694,29.87156210379434,30.159513473510742,30624000
2022-11-14,30.177235701150185,30.34114394262779,29.78739257584103,29.800682067871094,20490600
2022-11-15,30.11521621458224,30.33671676421049,29.765244940589984,30.12850570678711,27241600
2022-11-16,30.141801176101822,30.55379241530131,30.141801176101822,30.39874267578125,26462200
2022-11-17,30.066486622098296,30.150654534908735,29.72094291644032,29.86713409423828,23247200
2022-11-18,30.14623429258926,30.531643189870206,30.132941416966574,30.500633239746094,23483000
2022-11-21,30.45189928244098,30.726561222803127,30.42975125198269,30.637962341308594,22876400
2022-11-22,30.784152694558475,31.08982460661566,30.70441234271012,30.899333953857422,14904800
2022-11-23,30.81072625476079,31.258154909016582,30.81072625476079,31.24486541748047,14333400
2022-11-25,31.360057090183115,31.523968759999068,31.33790567702408,31.4265079498291,8983000
2022-11-28,31.20943251378879,31.329044727909892,30.9702148452083,31.103113174438477,18262600
2022-11-29,30.91261589753385,30.939194881713323,30.691115349824575,30.87274742126465,19004400
2022-11-30,30.815158497552627,31.7100227012091,30.78414855266337,31.643571853637695,32946400
2022-12-01,31.953675242640408,32.12201786122318,31.537256414184597,31.61699676513672,30706200
2022-12-02,31.28030996602267,31.550540924899938,31.151839233127706,31.46636962890625,20708200
2022-12-05,31.227145615153976,31.408777682786884,31.169556690695522,31.289165496826172,22903000
2022-12-06,31.24487357019111,31.501815073032915,31.125264735326617,31.484094619750977,25649600
2022-12-07,31.510672256381664,31.723314306801125,31.222724197452372,31.337902069091797,28297800
2022-12-08,31.34232643341006,31.656856794865387,31.227145206171627,31.541675567626953,19920000
2022-12-09,31.430929350967375,31.652429919698168,31.346761433134382,31.377771377563477,23837200
2022-12-12,31.546111796439547,32.10429419728648,31.426502971887636,32.09543228149414,22763800
2022-12-13,32.54729626732499,32.68905650551541,31.842922654563033,32.192893981933594,27388400
2022-12-14,32.303641527711534,32.64475428987529,31.91823270842754,32.15302276611328,26637400
2022-12-15,32.028987008457186,32.082144987533965,31.612564813258025,31.76318359375,26308000
2022-12-16,31.52396392891144,31.52396392891144,30.832879826266247,31.22272300720215,39263400
2022-12-19,31.062825230146956,31.39779457450878,30.89757246023408,31.098552703857422,19664600
2022-12-20,31.080686860562423,31.277203297103526,30.879706619543086,31.107486724853516,15964000
2022-12-21,31.295076288364648,31.55412012494666,31.192350833345866,31.540721893310547,16484800
2022-12-22,31.491591101818432,31.491591101818432,30.83058331379111,31.348670959472656,14103800
2022-12-23,31.290609475783032,31.692573467436517,31.28614567017064,31.670244216918945,11349400
2022-12-27,31.74170173571988,31.933751003931036,31.540721449038834,31.866756439208984,12211400
2022-12-28,31.93821681792529,32.07220253401534,31.51392019826108,31.56304931640625,14431200
2022-12-29,31.719365028908864,31.969477811441884,31.69703578184222,31.79082679748535,11555200
2022-12-30,31.759561691984306,31.81315801599734,31.1923450038377,31.487119674682617,14700200
2023-01-03,31.576443473886492,31.683636121912564,31.05835930503189,31.487119674682617,25774200
2023-01-04,31.630038637519423,32.05879899144064,31.58090952751429,31.772958755493164,20872600
2023-01-05,31.53178903309232,31.65237993877616,30.991372082859495,31.085163116455078,19572800
2023-01-06,31.43799571272783,31.862288939676407,31.39333380580983,31.710437774658203,19620400
2023-01-09,31.705965125146083,32.16598916174345,31.612174114454973,31.924814224243164,23438800
2023-01-10,31.839961029218152,31.951617504952196,31.55858793706304,31.933752059936523,17215000
2023-01-11,31.933747183167913,32.23745288708344,31.9292799707249,32.19279098510742,21371800
2023-01-12,32.232989449956015,32.2776513571631,31.94714915484855,31.97394561767578,25797800
2023-01-13,31.839964600587848,31.96501932223926,31.62111883769787,31.857830047607422,23793600
2023-01-17,31.88015491507477,32.10793507388205,31.759567423638643,31.81316375732422,19530400
2023-01-18,31.95161510415314,31.95161510415314,31.00923424716816,31.049428939819336,29020400
2023-01-19,31.03603397155853,31.0672976494021,30.6608698374357,30.73679542541504,28394000
2023-01-20,30.71892674523238,30.9333086617896,30.29909733769552,30.919910430908203,26621000
2023-01-23,30.81271886032866,31.228081069789603,30.678733139283725,30.928842544555664,19652600
2023-01-24,30.9601084049943,31.17895415005066,30.562611611785982,31.085163116455078,20658800
2023-01-25,30.62960381317255,30.73679307078409,30.352694539567267,30.665334701538086,25983000
2023-01-26,30.504547342583184,30.817184078940812,30.44648380048472,30.768054962158203,20360000
2023-01-27,30.70106040222875,30.90204408201711,30.580472920343627,30.768054962158203,15425800
2023-01-30,30.656395075539915,30.977966201312316,30.607265964242217,30.62959861755371,15561000
2023-01-31,30.71446356737556,30.866318154778625,30.352697656113165,30.857383728027344,19442400
2023-02-01,30.70999991898516,31.12982597634236,30.491150759766743,30.910980224609375,30944600
2023-02-02,30.928835292802212,31.321864752861167,30.6876569624873,30.977964401245117,24997000
2023-02-03,30.701063037433293,30.821653937154117,29.92393493500803,30.330366134643555,25362200
2023-02-06,30.218706291016186,30.61620302024015,30.165109962952307,30.58940315246582,31414200
2023-02-07,30.45094744109815,30.674260343010726,30.151708970331573,30.57600212097168,21124400
2023-02-08,30.39735109702308,30.410749325931096,29.910530606781272,30.062381744384766,22471400
2023-02-09,30.133847921393745,30.299097312104667,29.60236204698087,29.651491165161133,20715200
2023-02-10,29.68275502905959,30.267833830685532,29.647024141521445,30.241037368774414,30963400
2023-02-13,30.254434276972862,30.500079858701483,30.254434276972862,30.42415428161621,16183800
2023-02-14,30.39289210287991,30.602803401470485,30.1338482780426,30.294633865356445,14150400
2023-02-15,30.120443559538494,30.513473017494903,30.120443559538494,30.491140365600586,11020000
2023-02-16,30.191903230248535,30.401817900276225,29.937326661966626,30.25889778137207,18399600
2023-02-17,30.267834489565967,30.727862009792403,30.107052307114323,30.584941864013672,21873200
2023-02-21,30.361634819903824,30.44649143677817,29.990934448472267,30.013263702392578,16969000
2023-02-22,30.00879124073772,30.241035177940613,29.816741993489572,29.89713478088379,26750200
2023-02-23,30.031125549727864,30.031125549727864,29.611299507008322,29.74081802368164,21406600
2023-02-24,29.481771510508885,29.856935565984095,29.36118063018856,29.749746322631836,23150400
2023-02-27,29.897140487936113,30.182980807127336,29.48624204754902,29.54877281188965,21720600
2023-02-28,29.414780131701487,29.557700274098,29.030681610107422,29.030681610107422,41151800
2023-03-01,28.8788280460431,28.90562450567316,28.418802278733008,28.55278968811035,47276000
2023-03-02,28.5125969037195,29.11107566484639,28.472400505444465,29.093210220336914,30688600
2023-03-03,29.209331264025707,29.60682799782525,28.923490992697605,29.58896255493164,30175200
2023-03-06,29.60683120372252,29.8212097266896,29.56663310098795,29.73188591003418,24243200
2023-03-07,29.758684693472738,29.83461369178285,29.10214743415394,29.245067596435547,24055200
2023-03-08,29.236126908669064,29.526434384489544,29.124470449313858,29.468374252319336,27407400
2023-03-09,29.5487681984903,29.821206835118254,29.133406017095762,29.231660842895508,34067200
2023-03-10,29.374583137187567,29.374583137187567,28.62425150948953,28.771638870239258,41666400
2023-03-13,28.73590559162816,29.856937430714964,28.69571090066741,29.21379852294922,67671200
2023-03-14,29.432643382093218,29.83907112245522,29.30758869275106,29.59789276123047,35118400
2023-03-15,29.513040170116827,30.191910036070425,29.370120018995795,29.999860763549805,48336800
2023-03-16,29.8881998693456,30.37502379827566,29.772079606376874,30.20083999633789,31646800
2023-03-17,30.12937961878956,30.19190696557821,29.687220978645605,29.910533905029297,35814600
2023-03-20,29.955526552305976,30.243473656283545,29.94652627446904,30.14449119567871,38838000
2023-03-21,30.19398516538568,30.22997941479858,29.141175681961933,29.537105560302734,51865000
2023-03-22,29.496610819782052,29.654084800935298,28.943213830210954,28.956710815429688,35793200
2023-03-23,28.96570392421986,29.244654168952042,28.515787884074477,28.659761428833008,33769000
2023-03-24,28.691256474161335,29.564096332384228,28.664260790022446,29.555099487304688,36112000
2023-03-27,29.645080615016333,29.856542509172748,29.5101039154186,29.591089248657227,28273800
2023-03-28,29.51910298141781,29.987017839528278,29.51910298141781,29.672073364257812,22038800
2023-03-29,29.829549973112975,30.153487889005593,29.829549973112975,30.104000091552734,19807800
2023-03-30,30.175989912352886,30.382951710413096,30.063510450411417,30.234477996826172,20585600
2023-03-31,30.333455353201344,30.468432057791517,30.157987696794233,30.45493507385254,23444000
2023-04-03,30.342456719314193,30.472933289738325,30.07700343945811,30.247974395751953,24071400
2023-04-04,30.22998192812469,30.454940856757617,30.148996576512804,30.400949478149414,21613800
2023-04-05,30.531423391673574,31.27378847759183,30.526923252367254,31.188302993774414,37674400
2023-04-06,31.440242723479795,31.476236957674747,31.08930752157676,31.408748626708984,33350400
2023-04-10,31.2287937347053,31.35477015976353,30.91834937824027,31.34576988220215,20463000
2023-04-11,31.30077800646757,31.46274867250518,31.21979267344876,31.372766494750977,17274000
2023-04-12,31.431267921552266,31.566244678132566,31.228806219283324,31.341285705566406,25109200
2023-04-13,31.201796334621292,31.43125535603458,30.751878569356098,31.34576988220215,32892400
2023-04-14,31.116314620055345,31.179302833245725,30.850861350810018,30.994834899902344,18129400
2023-04-17,31.04882585478515,31.2197933693692,30.85536107896104,31.165802001953125,15613800
2023-04-18,31.179305254764305,31.242293472846622,30.886857995039012,31.00383758544922,15566200
2023-04-19,31.080319827871648,31.336772814949622,31.035328738184308,31.242290496826172,20634600
2023-04-20,31.26928014374738,31.35476560516217,31.048821431919364,31.233285903930664,14737400
2023-04-21,31.43575404856828,31.543733346136147,31.138806689506673,31.323274612426758,14075600
2023-04-24,31.314276410642044,31.5347351589624,31.1253117692246,31.48074722290039,13579000
2023-04-25,31.363769508966,31.620222518339656,31.354772663286404,31.449254989624023,20503200
2023-04-26,31.206296489809237,31.305278947435642,30.67539338921317,30.711387634277344,29513800
2023-04-27,30.801371995524118,31.107316235034627,30.77437802611449,31.080322265625,24933400
2023-04-28,30.990341008621744,31.219800078702114,30.841870723370555,31.035335540771484,24246800
2023-05-01,30.96334279460281,31.390763330677903,30.936348825090814,31.089319229125977,21016200
2023-05-02,31.062322942152683,31.143308277247005,30.53591998033967,30.711387634277344,22931000
2023-05-03,30.882355165065132,31.066823096662294,30.589907930820925,30.62590217590332,23714400
2023-05-04,30.679896993452854,30.981341106564695,30.391949865614595,30.859861373901367,29262200
2023-05-05,30.756380987259586,31.134310290439767,30.756380987259586,31.057825088500977,22833200
2023-05-08,31.0263385285421,31.251297482576717,30.859867666820044,30.963350296020508,16573400
2023-05-09,30.891357454152175,31.00383690290874,30.70238937146486,30.9228515625,20562200
2023-05-10,31.116314739473395,31.287282256989116,30.89135585361578,31.206296920776367,21416600
2023-05-11,31.224296340054675,31.233293185806602,30.7428844262163,30.886857986450195,29748200
2023-05-12,31.057825088500977,31.25579001831939,30.873360576025046,31.057825088500977,23748200
2023-05-15,31.174806821073258,31.219797917507616,30.540421033766748,30.666400909423828,26370200
2023-05-16,30.630401102030753,30.688889173523997,29.969021463376386,29.987018585205078,28008000
2023-05-17,30.08149754061729,30.090494384226794,29.753056110976615,29.87903594970703,34176600
2023-05-18,29.739559833385105,29.820545158186565,29.528097961259085,29.789051055908203,32335600
2023-05-19,29.928528833549912,30.094999645762847,29.726067208172193,29.744064331054688,24945000
2023-05-22,29.82054391245833,29.973517711848384,29.6450762881518,29.753055572509766,18989400
2023-05-23,29.640577817929756,29.942025295648435,29.568592768507212,29.649578094482422,24128000
2023-05-24,29.609091862189985,29.71707461493508,29.406630207844152,29.45612144470215,23127600
2023-05-25,29.40212484384046,29.415621827385134,28.853224629023227,29.0601863861084,32252200
2023-05-26,29.015195296759465,29.08268364708291,28.763242450325357,29.0601863861084,33187800
2023-05-30,29.109680722261565,29.258154422305914,28.90271894307874,28.947710037231445,31165800
2023-05-31,28.961210502107548,29.343639951930715,28.776742553399636,29.213163375854492,34266200
2023-06-01,29.267151505503847,29.307642456040615,28.81723374789487,28.9971981048584,37306400
2023-06-02,28.848731027126362,29.411128286004054,28.781242669540948,29.298648834228516,46091600
2023-06-05,29.361636593467093,29.757563021789455,29.298648376065817,29.438121795654297,24089000
2023-06-06,29.573096677534373,29.622584474485006,29.334637374880305,29.41562271118164,25723200
2023-06-07,29.438121574400178,29.987021835571877,29.258153769206125,29.9150333404541,38529600
2023-06-08,29.906037821002588,30.09050234087102,29.68107891268465,30.04551124572754,29318200
2023-06-09,30.054506910355546,30.077000738173773,29.85204186439147,29.870038986206055,26632600
2023-06-12,29.892534382199717,29.97351970901422,29.69456948718654,29.8160457611084,22967400
2023-06-13,29.63608629024093,29.915033125315265,29.586595058353478,29.811553955078125,23737200
2023-06-14,29.919532643715346,30.148991674742597,29.735064704579642,29.793556213378906,28047200
2023-06-15,29.906038378200954,30.189485372226443,29.8430501573064,30.11750030517578,27402400
2023-06-16,30.189479115764215,30.522417276151753,30.16698528873526,30.279464721679688,27370800
2023-06-20,30.191931861696606,30.25542671001149,29.892599499670684,29.924346923828125,25850800
2023-06-21,29.820039289201073,30.196475596610345,29.49349229772366,30.16472816467285,21445400
2023-06-22,30.27810516026313,30.337063674097546,29.84724330310322,29.93341636657715,20000800
2023-06-23,30.019590554499157,30.123902041360314,29.452669768745416,29.493486404418945,25439200
2023-06-26,29.54337855870542,29.87446185199821,29.42999439062313,29.78375244140625,20535200
2023-06-27,29.806429337436853,29.89713528379654,29.697581509763214,29.792823791503906,17020800
2023-06-28,29.7837484109719,29.7837484109719,29.275789621236406,29.352890014648438,29447600
2023-06-29,29.121585374202606,29.516163471409058,29.058090525485667,29.352890014648438,29307800
2023-06-30,29.3937092400521,29.711186971835023,29.380103694157555,29.679439544677734,27858600
2023-07-03,29.615945510948862,29.91527790955277,29.516166891344177,29.90167236328125,16329200
2023-07-05,29.797357647463386,30.468593437333183,29.75654100832105,30.241825103759766,38338000
2023-07-06,30.001449928019618,30.08761953811287,29.711186750399147,29.874460220336914,30845600
2023-07-07,29.679441294750404,29.86538953329053,29.579662672026817,29.656763076782227,25787600
2023-07-10,29.606870293174136,29.706648904195852,29.293928915007825,29.529769897460938,24820200
2023-07-11,29.588724061134677,29.906201727710847,29.479876256124523,29.89712905883789,22871800
2023-07-12,29.98783994352207,30.368809010180353,29.93341430819538,30.3325252532959,26655000
2023-07-13,30.33252892345802,30.445913082284026,30.22368109984383,30.436843872070312,19835400
2023-07-14,30.35974786728538,30.450453823386503,30.14658506421627,30.318927764892578,20285600
2023-07-17,30.21915061055998,30.28718181105828,29.95610194095613,29.969707489013672,21260800
2023-07-18,29.94248578347272,30.201001515473294,29.47534362391113,29.73839569091797,36264600
2023-07-19,29.76108200461635,30.219151618819804,29.76108200461635,30.042272567749023,27154000
2023-07-20,30.123908822696453,30.636407542923173,29.969707995159293,30.59105110168457,33329000
2023-07-21,30.713490575965473,31.171563383609428,30.659064953404936,31.04910659790039,36746000
2023-07-24,31.094471320315005,31.14889696347179,30.822350024951092,30.96748161315918,26484600
2023-07-25,30.93120030129818,31.11715200165669,30.835958013386605,31.021909713745117,16701600
2023-07-26,30.940272972648014,31.36659856062292,30.876778114040295,31.021909713745117,23158200
2023-07-27,30.89944944560274,31.030975483908374,30.409632513545432,30.473127365112305,32130200
2023-07-28,30.672682928691078,30.795139764044087,30.25543003386548,30.40509796142578,26432200
2023-07-31,30.52754899255655,30.650005818506894,30.278105925985923,30.418701171875,25047000
2023-08-01,30.38241673818864,30.541153860708064,30.028658733656847,30.04680061340332,26919600
2023-08-02,29.924347250376837,30.187395856176273,29.87445794612648,30.04680061340332,30335000
2023-08-03,29.95609672135003,29.978771477424843,29.33475027337232,29.361961364746094,41266400
2023-08-04,29.439067077383385,29.6295516494121,28.89482099417393,29.021812438964844,36497800
2023-08-07,29.130660749942887,29.266719669741423,29.00820391589314,29.017274856567383,25131800
2023-08-08,29.012742213938527,29.16694302551693,28.745155501314283,29.153337478637695,30350200
2023-08-09,29.13973080446887,29.47534696861091,29.08984149436814,29.21683120727539,26387400
2023-08-10,29.334755629505246,29.511634676150482,29.03995606502631,29.126129150390625,27384400
2023-08-11,29.153336469347547,29.325682617745358,29.062630519819354,29.284862518310547,24336200
2023-08-14,29.26672114090664,29.28486302316707,28.926568633996595,29.053558349609375,21549600
2023-08-15,28.885747374098116,28.89935464948466,28.563736781663945,28.581878662109375,30379000
2023-08-16,28.704335328775308,28.835861374035744,28.59548577025856,28.70886993408203,25028400
2023-08-17,28.740620405265933,29.021814407003095,28.631772565326894,28.64537811279297,23752800
2023-08-18,28.64083951114297,28.863071495908244,28.613626689902233,28.795042037963867,25675600
2023-08-21,28.708870672286686,28.785972805323834,28.386860053973226,28.613628387451172,24162000
2023-08-22,28.595484296280453,28.776899641088818,28.486636473479393,28.695262908935547,27057800
2023-08-23,28.849467432015352,28.881214860040902,28.6090935540776,28.80864906311035,26772000
2023-08-24,28.758759299758506,29.153335706213774,28.613627708186335,28.640840530395508,25933800
2023-08-25,28.681658656347494,29.00366926429626,28.66351677502798,28.858537673950195,24981000
2023-08-28,28.908425733159106,29.067161132477022,28.79504157496993,28.854000091552734,17326400
2023-08-29,28.890286678891528,29.049025553948393,28.772366173980124,28.962852478027344,23746200
2023-08-30,28.867607384750446,29.058091940174968,28.722475800587485,28.831323623657227,22480800
2023-08-31,28.94470830747446,28.971921128788484,28.54559557872703,28.55466651916504,27542200
2023-09-01,28.704332031112425,28.804108907342908,28.187300580292742,28.40953254699707,28775400
2023-09-05,28.39139498248215,28.409536864592056,27.81993953686098,27.97414207458496,37650600
2023-09-06,28.01495931655066,28.06938323058446,27.856220449636606,28.037635803222656,38940200
2023-09-07,28.278009249011394,28.631769010150347,28.205443454694045,28.405000686645508,33748600
2023-09-08,28.45489014529034,28.70433495644537,28.364182469387142,28.65444564819336,32521400
2023-09-11,28.622695574558897,28.922029666288147,28.613624634796814,28.772361755371094,27023600
2023-09-12,28.767830694205347,28.890285800920356,28.57734439594698,28.80864906311035,22094800
2023-09-13,28.822255907103486,29.284863532154134,28.822255907103486,29.153337478637695,30120800
2023-09-14,29.334748321601825,29.597800388079566,29.293928227047118,29.57965850830078,26201000
2023-09-15,29.529773363135885,29.75654170199565,29.420925529342064,29.452672958374023,34802000
2023-09-18,29.471866755636402,29.526733417253034,29.22497201073441,29.43071937561035,19135000
2023-09-19,29.40785965311782,29.51301989056405,29.261552032485348,29.270694732666016,24889000
2023-09-20,29.389576730811477,29.604466855294156,29.211264390974687,29.29813575744629,18736000
2023-09-21,29.27526921124348,29.330135879668493,28.978082605834903,28.991798400878906,25628600
2023-09-22,28.863783508630743,29.128965464853316,28.744907455328597,28.93693733215332,24595400
2023-09-25,28.76776389571508,28.918644617857577,28.59402467789127,28.895784378051758,24729800
2023-09-26,28.776906332142534,28.808911014461998,27.953925547696848,28.031652450561523,46833400
2023-09-27,27.976788921557734,28.045371388000117,27.418991721383,27.492145538330078,52042200
2023-09-28,27.597303395167557,27.652168320562403,26.856620797901247,26.897769927978516,77189800
2023-09-29,27.130947746592998,27.350409196969057,26.797183348471627,26.943490982055664,45737800
2023-10-02,26.788036115701836,26.788036115701836,25.384396202986927,25.69072723388672,111645400
2023-10-03,25.489557920614164,26.074788468115564,25.114644383105503,25.987918853759766,115236400
2023-10-04,26.120506796714043,26.17080036640792,25.553563480334418,25.960481643676758,58997200
2023-10-05,25.891902902520957,25.96962806587817,25.558138521274817,25.80960464477539,56290000
2023-10-06,25.489557299551485,26.239384356298988,25.04148995452248,26.17537498474121,68207400
2023-10-09,26.12965638823214,26.43598747253418,26.019924783271524,26.43598747253418,40487600
2023-10-10,26.43598624835985,26.810899786416694,26.43598624835985,26.797183990478516,61414400
2023-10-11,26.948064278585537,27.25439710760936,26.75603614968603,27.231536865234375,53347400
2023-10-12,27.094370562793024,27.254395739635196,26.568578038060583,26.81089973449707,55086600
2023-10-13,26.989210160098896,27.28639850753426,26.920629441238454,27.11265754699707,39568800
2023-10-16,27.167523153674885,27.49214484328739,26.957206153284744,27.391557693481445,39554800
2023-10-17,27.158377926071392,27.492142285408587,27.117228799899717,27.318401336669922,36960400
2023-10-18,27.29097307150653,27.455569606753127,26.906915070639368,27.080656051635742,46727000
2023-10-19,26.99378515256681,27.24525129431925,26.792610843865177,26.81089973449707,39363800
2023-10-20,26.746887764412495,27.007498326176815,26.52742633051225,26.531997680664062,40044800
2023-10-23,26.289677342515123,26.687451102647007,26.07936034236489,26.307966232299805,41041200
2023-10-24,26.705738762178864,27.09436805951543,26.623440506063567,26.984638214111328,47194400
2023-10-25,26.938917818560707,27.190385698257124,26.829187965715512,27.13551902770996,41309400
2023-10-26,27.20866915421385,27.61101596303637,27.199526454487177,27.368694305419922,47174600
2023-10-27,27.24982265257152,27.405274734737098,26.76975061015932,26.852048873901367,40502400
2023-10-30,26.966351861734992,27.23610689457064,26.760606202093463,27.05779457092285,28539200
2023-10-31,27.167524360497115,27.31840509190839,26.97549624138234,27.290971755981445,21364600
2023-11-01,27.327548928515217,27.76647182882195,27.062365252835377,27.60187530517578,46523000
2023-11-02,27.66131277006816,28.26483218188514,27.61559228958563,28.1185245513916,51100200
2023-11-03,28.607742984826693,28.644320767027278,28.273978570807277,28.283123016357422,45147200
2023-11-06,28.33341213149074,28.424853084338313,28.182531419868365,28.209964752197266,38240000
2023-11-07,28.2236804809255,28.260258257279304,27.958498578857895,28.00421905517578,37684600
2023-11-08,27.885346618037378,27.894489318607278,27.487571122391675,27.79847526550293,43295600
2023-11-09,27.848767547142778,27.935637151522194,27.418989131194152,27.43270492553711,32195600
2023-11-10,27.556155490557416,27.656742645025023,27.396130313529444,27.579015731811523,28030200
2023-11-13,27.519581501141175,27.583592627247146,27.208677293697285,27.249826431274414,31159600
2023-11-14,27.86248719668829,28.360848141556403,27.807622267600642,28.337987899780273,57318200
2023-11-15,28.260262151647417,28.662607282237687,28.18710833298331,28.251117706298828,49662800
2023-11-16,28.484292963449406,28.63060059053145,28.37913446549197,28.401994705200195,34650400
2023-11-17,28.5574481442387,28.589452830187405,28.32427089745174,28.47972297668457,23879000
2023-11-20,28.34713039544713,28.502582470606498,28.017937355315638,28.392850875854492,28316600
2023-11-21,28.369993221114438,28.511729513893464,28.18710953869359,28.45229148864746,20288400
2023-11-22,28.55287861209018,28.598599096607263,28.319699606328868,28.589454650878906,17919600
2023-11-24,28.58488202395908,28.667180287715528,28.475150424242276,28.662607192993164,9798600
2023-11-27,28.685468006765998,28.767764523036632,28.479722355778065,28.708328247070312,24833200
2023-11-28,28.712899002095202,29.010087352262488,28.598596058819247,28.79977035522461,29415200
2023-11-29,28.808913677150585,28.9232166228916,28.470577934466924,28.571165084838867,35806400
2023-11-30,28.653461465665984,28.73118837534704,28.456862004515802,28.694610595703125,30483600
2023-12-01,28.70832566498099,29.051234471077397,28.520868920746594,29.046661376953125,29342800
2023-12-04,28.90950136203724,29.174685038239215,28.786053969059548,28.932361602783203,30515800
2023-12-05,28.95979313747121,28.964364487686332,28.612312965014535,28.72661590576172,22536600
2023-12-06,28.854634527049875,29.119816441588824,28.81348539877881,29.110671997070312,26817800
2023-12-07,29.15181986819443,29.256980103560114,28.914071297463707,29.046661376953125,21876600
2023-12-08,29.000942845616407,29.12439023338594,28.776908309858854,28.991798400878906,24002800
2023-12-11,28.840918804451768,29.215832310025853,28.840918804451768,29.17925453186035,22448800
2023-12-12,29.220402440805113,29.234118234982557,28.836344506717204,29.060379028320312,21768200
2023-12-13,29.09238377631393,30.157686233520508,28.93693171349684,30.157686233520508,43452000
2023-12-14,30.340572190675655,30.496022512246732,29.705048133431376,29.764484405517578,64968200
2023-12-15,29.467298681352077,29.618179410313026,29.03294887303934,29.247838973999023,53129000
2023-12-18,29.329526809131007,29.49567390085988,29.12184294446992,29.181840896606445,32507000
2023-12-19,29.283375761693037,29.38490872669231,29.158765442300563,29.34798812866211,25377800
2023-12-20,29.31106579635502,29.394139342691147,28.748013911866213,28.752628326416016,36651800
2023-12-21,28.849547413551853,29.00184950485253,28.600328530463013,28.803396224975586,31753600
2023-12-22,28.909541104822747,29.18645347711834,28.844928746120196,28.900310516357422,26447400
2023-12-26,28.854164251241727,29.1864584503964,28.844933661203537,29.075693130493164,19075000
2023-12-27,29.020307493688353,29.112611621246934,28.909542188507093,29.057228088378906,18984400
2023-12-28,28.96492556788895,29.30645033063818,28.96492556788895,29.26491355895996,17346400
2023-12-29,29.2003012434575,29.287989201345997,29.034154156464645,29.22799301147461,22478000
2024-01-02,29.103386676057077,29.72182216190308,29.043388717426197,29.6525936126709,30758600
2024-01-03,29.643360967071686,29.818736884257415,29.440291521091495,29.76335334777832,32866400
2024-01-04,29.795659581293954,29.95257784103093,29.634128667674887,29.671051025390625,26622400
2024-01-05,29.62951249046168,29.924884309945785,29.49567334513945,29.781814575195312,27190400
2024-01-08,29.717200994356805,30.007956626957792,29.624898624959258,29.998727798461914,23434400
2024-01-09,29.841813404442323,29.887964589664097,29.68951132421171,29.75412368774414,28805400
2024-01-10,29.754124078968527,29.8879649826483,29.64336052875794,29.749507904052734,21853800
2024-01-11,29.652587862549233,29.6572040372323,28.96492396082032,29.057228088378906,44353600
2024-01-12,29.25107090532708,29.34337504542285,29.10799940015088,29.223379135131836,19537400
2024-01-16,29.080306034696918,29.158765165668555,28.835701573333175,28.904930114746094,30454000
2024-01-17,28.738784173011346,29.001849824012048,28.26803465002193,28.484949111938477,39178000
2024-01-18,28.34187836931042,28.369570139836902,28.018814755388423,28.180347442626953,39464000
2024-01-19,28.208035446522675,28.25418839411787,27.96343098621041,28.143423080444336,28257600
2024-01-22,28.134193772788862,28.341877645042498,27.8803587113922,28.00035285949707,41676200
2024-01-23,28.0095801737663,28.138806657252985,27.88496986498707,28.051116943359375,41100200
2024-01-24,28.24495507302306,28.29110625560003,27.62651971949593,27.66805648803711,50878200
2024-01-25,28.037275352892323,28.17111626682205,27.774209700302176,28.166500091552734,50516800
2024-01-26,28.240340257487052,28.35571998003684,28.157266716406813,28.249570846557617,36653200
2024-01-29,28.268028818614237,28.54032500337083,28.10188175529772,28.4295597076416,26054400
2024-01-30,28.360337817454734,28.59109727608243,28.175729546330597,28.42033576965332,36109000
2024-01-31,28.655711967727203,28.780322296762737,28.198807427930248,28.360340118408203,59642400
2024-02-01,28.24033840580181,28.900310516357422,28.11111368839671,28.900310516357422,51507200
2024-02-02,28.572638462051575,28.655712014878624,28.18034805413337,28.378801345825195,51839600
2024-02-05,28.10188844521852,28.120349625660694,27.774210414867778,27.788055419921875,39895000
2024-02-06,27.77420957624522,27.981893448561117,27.68652161262518,27.889589309692383,27557000
2024-02-07,28.0003529155803,28.060350870030415,27.760364618889874,27.908050537109375,23748600
2024-02-08,27.78344150379886,27.843439461035338,27.469608472868938,27.709598541259766,41755400
2024-02-09,27.631136135233298,27.843436167909548,27.57575436001792,27.815744400024414,29647800
2024-02-12,27.81574749242675,28.161886706975782,27.74651894529491,28.138811111450195,25219000
2024-02-13,27.98188891541257,28.124958634954123,27.294225040826852,27.672670364379883,45402200
2024-02-14,27.774206700908753,27.88958642241118,27.617290209243258,27.824974060058594,34871800
2024-02-15,27.912661834492738,28.314182769774998,27.912661834492738,28.291107177734375,34680800
2024-02-16,28.15265137660233,28.392641402882564,27.98188988579795,28.258800506591797,29914200
2024-02-20,28.20803500399109,28.563404772401803,28.18034499642331,28.240341186523438,22764000
2024-02-21,28.424951196766944,28.651096248922254,28.28649586876911,28.614173889160156,31565000
2024-02-22,28.388028706975525,28.512639029769314,28.175730420980926,28.39264488220215,31841600
2024-02-23,28.452641021484595,28.729551658549866,28.383412481940834,28.59571075439453,24572800
2024-02-26,28.457254148997755,28.475715326781913,27.98189026466199,28.032657623291016,25587000
2024-02-27,28.198803734263734,28.572634672403474,28.083424010702007,28.563404083251953,27487600
2024-02-28,28.53109473684321,28.69262562769075,28.466482380504196,28.651090621948242,22983600
2024-02-29,28.76185882199283,28.900314145248515,28.526484948513666,28.660324096679688,30675400
2024-03-01,28.572637075420374,28.577251490106786,28.13419373690087,28.484949111938477,42511000
2024-03-04,28.35110840342663,29.006464448037356,28.35110840342663,28.964927673339844,33020800
2024-03-05,29.052614600705848,29.523364081766978,28.76185720581856,28.881853103637695,49602800
2024-03-06,29.08953344430428,29.306447873834593,29.024921085011357,29.158761978149414,32652200
2024-03-07,29.398755491439225,29.472598448054583,29.292606351339327,29.34798812866211,21384200
2024-03-08,29.431061720642074,29.50951909192498,29.17722666691715,29.421831130981445,27511600
2024-03-11,29.38029634352419,29.63413141440517,29.269531020665266,29.56951904296875,20968200
2024-03-12,29.509518063236744,29.523364827522474,29.09876652070966,29.283374786376953,29489000
2024-03-13,29.514134872678255,29.744892568890847,29.417216323369075,29.481828689575195,25877800
2024-03-14,29.417215592910278,29.53259531842905,29.0387684734982,29.24645233154297,31869800
2024-03-15,29.154151557862253,29.44490899262305,29.126461547302718,29.287992477416992,35445000
2024-03-18,29.325218115000936,29.60907087315558,29.153045799846637,29.422937393188477,26843800
2024-03-19,29.492739059723903,29.71144386597944,29.408979167932255,29.68352508544922,19985400
2024-03-20,29.632336476590968,29.874307510199603,29.55322912802245,29.720748901367188,32620800
2024-03-21,29.79985322668599,29.999946071759037,29.660254021428102,29.674213409423828,40327800
2024-03-22,29.860344804859977,29.91618590650744,29.678865662256182,29.716093063354492,21059400
2024-03-25,29.79985652347486,29.874307784422165,29.674216692313035,29.855697631835938,23194200
2024-03-26,29.888271527725447,29.97668218058979,29.492738320818823,29.51600456237793,29830400
2024-03-27,29.734708430496276,30.339637756347656,29.70213534025967,30.339637756347656,34600400
2024-03-28,30.334987593453427,30.600226633539464,30.255878472571133,30.549039840698242,27492200
2024-04-01,30.553693279303733,30.586266369252222,30.1674669626284,30.362905502319336,22702600
2024-04-02,30.293101930995785,30.590914023174285,30.2791425438937,30.41408920288086,30212400
2024-04-03,30.409440969155614,30.49320085871155,30.181429317109245,30.293107986450195,26574200
2024-04-04,30.530422800922345,30.61883698801847,30.027863553534264,30.23261070251465,29356800
2024-04-05,30.037176907385042,30.40013523757286,29.8929215978021,30.321029663085938,32322400
2024-04-08,30.325677719471845,30.572303047448752,30.28379955443448,30.521116256713867,20142600
2024-04-09,30.58627054794463,30.749136019937737,30.497856341633646,30.688640594482422,24024200
2024-04-10,30.074397089082062,30.279144245284627,29.89757225885281,30.162811279296875,38280600
2024-04-11,30.33498372962881,30.372207578607902,29.897570664772743,30.102317810058594,25621200
2024-04-12,30.15815846018159,30.24657265477511,29.730053976192906,29.874305725097656,39844800
2024-04-15,30.079055182317326,30.2046967894878,29.488083427810174,29.599763870239258,29407800
2024-04-16,29.506695414544595,29.539268505212622,29.10650970050849,29.20888328552246,32907600
2024-04-17,29.399672447735302,29.892923173717055,29.343833111324262,29.818471908569336,28152800
2024-04-18,29.920840532091606,30.088360288585463,29.70213398610238,29.985986709594727,22288600
2024-04-19,30.065090930154486,30.51180907742086,30.032517842860074,30.44666290283203,37004600
2024-04-22,30.46527590333023,30.80962046828015,30.255874446787583,30.725860595703125,23458600
2024-04-23,30.711907939860954,31.0655612071641,30.637453125607262,30.870119094848633,22338000
2024-04-24,30.59091584565515,31.15862128962953,30.437359028183707,31.05624771118164,26127000
2024-04-25,30.98180348238815,31.26565626872487,30.711910087149757,31.1400146484375,31562400
2024-04-26,31.140009971340874,31.18189168854661,30.78636028262917,30.80031967163086,24547400
2024-04-29,31.014370689354653,31.2749554075803,30.986448362258677,31.219114303588867,29368200
2024-04-30,31.04694263595928,31.29822226936763,30.842195479063502,31.05624771118164,29724800
2024-05-01,31.05159820157229,31.698409236736268,30.930610917597576,31.4145565032959,42371800
2024-05-02,31.544849622678203,31.66118259655582,31.29356997307848,31.582077026367188,28609400
2024-05-03,31.828702544262015,31.935726892726716,31.54950411540546,31.833356857299805,29817000
2024-05-06,31.931071555267824,32.02879081385778,31.73562948788777,31.996217727661133,21221400
2024-05-07,32.13116881562068,32.38709922811505,32.061368321231086,32.35918045043945,28808200
2024-05-08,32.289380811587634,32.71748531489261,32.21027523927707,32.69887161254883,27708200
2024-05-09,32.67561162224902,33.22935780466086,32.605811116450695,33.196781158447266,48549200
2024-05-10,33.382910209400286,33.43409700348577,33.07113868193472,33.16420364379883,39129200
2024-05-13,33.27588585827663,33.43875131663919,33.09905746045381,33.16420364379883,21219200
2024-05-14,33.308454166847056,33.35498664109704,33.06647962042681,33.25261306762695,23566400
2024-05-15,33.59696602965896,33.843594950170846,33.54112846669115,33.750526428222656,29176600
2024-05-16,33.769140114511885,33.92735482663846,33.583006620916365,33.634193420410156,25322400
2024-05-17,33.59230481361375,33.74121085219608,33.475971860027556,33.66210174560547,21715600
2024-05-20,33.73656219826284,33.73656219826284,33.53181502954712,33.60626983642578,13830400
2024-05-21,33.5876608108003,33.92270038799749,33.57835573374531,33.90874099731445,16263400
2024-05-22,33.722600969367235,33.8389339361167,33.47597564789043,33.508548736572266,21128800
2024-05-23,33.45736418036163,33.45736418036163,32.92223178755558,32.94084548950195,28718600
2024-05-24,33.0246034665831,33.40152114618511,32.964108051199766,33.2712287902832,16366800
2024-05-28,33.30379744491161,33.438744095613636,33.16885079420958,33.238651275634766,17765200
2024-05-29,32.95014811862813,32.992029832447656,32.689563411130216,32.810550689697266,28118600
2024-05-30,32.91757357270675,33.27588107985205,32.85708171120179,33.25261306762695,18129600
2024-05-31,33.36429909391752,33.87151276094614,33.220047326783245,33.83893966674805,24777600
2024-06-03,33.78309441298427,33.81566750318853,33.33172191286769,33.45270919799805,36915800
2024-06-04,33.36895453113935,33.55508802576841,33.0711423598133,33.43875503540039,29419600
2024-06-05,33.40152716356348,33.42944594480055,33.192129203883276,33.24796676635742,17920400
2024-06-06,33.17350736396093,33.36894588509192,32.85708157013924,32.90361404418945,18184800
2024-06-07,32.61976604801054,32.880354330684945,32.53600616254389,32.54531478881836,16286800
2024-06-10,32.5406611293491,33.01995243629139,32.4569012421999,32.964111328125,19591400
2024-06-11,32.68491370106055,32.81055531001133,32.484820829569315,32.76402282714844,22694800
2024-06-12,33.17816192007976,33.182812682378795,32.44293675400647,32.54996109008789,24912200
2024-06-13,32.601152150669336,32.74540745545507,32.28472631304357,32.624420166015625,22974000
2024-06-14,32.433632574729025,32.587192956451325,32.29868944555565,32.54531478881836,20280600
2024-06-17,32.37314521798092,32.44760003775377,32.15443862264968,32.18701171875,21026400
2024-06-18,31.92642554813978,32.210278323208414,31.89850676705141,32.20096969604492,24573600
2024-06-20,32.30333520440336,32.545309747245426,32.19631087023104,32.48016357421875,27948000
2024-06-21,32.60115448137571,32.638381888510935,32.26611491756056,32.28938293457031,18990800
2024-06-24,32.28234154061527,32.821788535606224,32.258885923032054,32.713897705078125,17956800
2024-06-25,32.648222622715835,32.737349664984336,32.30110170998097,32.404300689697266,25099400
2024-06-26,32.282340523781855,32.338631856913636,32.07594254779,32.26826858520508,13882000
2024-06-27,32.29642223765071,32.366785530656415,32.104099720849234,32.32456970214844,10899600
2024-06-28,32.324563965365684,32.36677978638143,31.813260800504803,31.963367462158203,23063000
2024-07-01,32.296416011088226,32.352707350405296,31.710061313796047,31.742897033691406,16757800
2024-07-02,31.817948596833734,31.968055239411736,31.766349102932733,31.907072067260742,16724200
2024-07-03,31.953988553988943,32.324565171642824,31.89300537181252,32.099403381347656,13241200
2024-07-05,32.15100121454648,32.29172419470296,32.00558639473728,32.15569305419922,13830600
2024-07-08,32.18384194257616,32.2917292196019,32.06657098478476,32.188533782958984,13634400
2024-07-09,32.188525692295805,32.554410416026855,32.15568997552057,32.28234100341797,21601200
2024-07-10,32.404303580372435,32.59662604068927,32.16037804676974,32.58724594116211,13800000
2024-07-11,32.75142720832429,33.272110455961425,32.73735526846788,33.1829833984375,29766400
2024-07-12,33.300255778545115,33.64268850479671,33.15484095529486,33.426910400390625,16524200
2024-07-15,33.05164265005566,33.15484165408259,32.5637950902717,32.615394592285156,29827600
2024-07-16,32.8124105900743,32.924993279554606,32.71390342089808,32.86870193481445,15009200
2024-07-17,32.83586692490461,33.304950738117526,32.751431695373256,32.88746643066406,27516000
2024-07-18,32.84524226097344,33.17829486939847,32.803026441745594,32.859317779541016,13542600
2024-07-19,32.920298576184315,33.00004195684473,32.69982863532601,32.89684295654297,12985400
2024-07-22,33.07040786405869,33.24865841948783,32.95782875425215,33.173606872558594,12965400
2024-07-23,33.10793160272969,33.16891120124269,32.943753007637014,32.96720504760742,12686400
2024-07-24,33.201745289861194,33.46912286840374,33.000039146130874,33.3377799987793,25284800
2024-07-25,33.492579895897386,33.6708304294875,32.92029715802263,33.0610237121582,26666000
2024-07-26,33.3237059247457,33.450356946962216,33.20174316269771,33.38468551635742,16706400
2024-07-29,33.511345627284825,33.64268851008962,33.239276182146256,33.53479766845703,15151200
2024-07-30,33.497276298214196,33.736506462476456,33.426913011561886,33.7083625793457,16696400
2024-07-31,34.18213892279953,34.219662908130985,33.81625054050749,34.14461135864258,21765400
2024-08-01,34.21028229999628,34.80601716215925,34.168062896238425,34.75910949707031,32567400
2024-08-02,35.20004387445025,35.443965841763514,34.34161978119947,34.81539535522461,48257200
2024-08-05,34.998342298348135,34.998342298348135,33.85846853115998,33.89599609375,41099800
2024-08-06,34.027341825848666,34.57616905396905,34.00388620256463,34.1821403503418,29286400
2024-08-07,34.46358155049463,34.777866784610325,34.243111629038175,34.374454498291016,24758800
2024-08-08,34.24312064905597,34.623077417882904,34.144613471168455,34.411991119384766,23360400
2024-08-09,34.49641919418323,34.576162572279145,33.93820838986185,34.52925491333008,16708400
2024-08-12,34.53863716211706,34.60430860449595,34.33224273413708,34.59023666381836,15027000
2024-08-13,34.73565483410433,34.82477831740381,34.580856330043154,34.79194259643555,17075000
2024-08-14,34.71219468913049,34.974880422635145,34.51048854981094,34.76848602294922,16166000
2024-08-15,34.56678343961385,34.86699675988146,34.44951249954603,34.763797760009766,18807600
2024-08-16,34.801323426662925,35.03586529404019,34.65121677469447,34.91859436035156,13522800
2024-08-19,34.95143460887677,35.171904565399686,34.92328714754223,35.1484489440918,11505400
2024-08-20,35.14844990256229,35.26572085464893,35.035870790630234,35.073394775390625,15989800
2024-08-21,35.12499213291685,35.42989730546396,35.078084470715424,35.3220100402832,13451800
2024-08-22,35.35953235080161,35.43458746983515,35.13906599099696,35.279788970947266,14648000
2024-08-23,35.40175151768785,35.54716633632992,35.27509689985601,35.3782958984375,15050400
2024-08-26,35.50025964105022,35.753565304770135,35.495567801307686,35.608150482177734,13336400
2024-08-27,35.53310398547994,35.65975505866554,35.312633988799455,35.32670593261719,16666800
2024-08-28,35.43459679992981,35.63161117103007,35.29856204498172,35.32670593261719,10482800
2024-08-29,35.443964967045446,35.55185579802563,35.096844014072985,35.519020080566406,12758200
2024-08-30,35.58469747815085,35.838003160491475,35.4533545863058,35.78640365600586,17007400
2024-09-03,35.79578184867733,35.99279975476504,35.62222314177591,35.73480224609375,23627000
2024-09-04,35.90836429984472,36.311776631438136,35.86145305942558,36.03970718383789,27303200
2024-09-05,36.311773258481864,36.35868091571863,35.842689528464476,35.95057678222656,15545400
2024-09-06,36.030323009552454,36.105378130132486,35.6034586424352,35.608150482177734,19605800
2024-09-09,35.76294328752922,35.97403311754085,35.55654887580718,35.96934127807617,14366200
2024-09-10,36.035015109198824,36.288320774745706,35.91305232678918,36.138214111328125,23255400
2024-09-11,36.14290999657219,36.28832483648965,35.7207338400733,36.250797271728516,20766600
2024-09-12,36.330535888671875,36.391519068101545,36.105377687343335,36.330535888671875,19335000
2024-09-13,36.452506006810346,36.85122656849762,36.31178299735791,36.84184646606445,16238800
2024-09-16,36.95911240417657,37.226490022485535,36.86060523730752,37.123291015625,19910600
2024-09-17,37.14205002191046,37.235865336727464,36.97317959217996,37.09514236450195,27963000
2024-09-18,37.029475931233115,37.13267493876944,36.65420746361472,36.813697814941406,47034800
2024-09-19,36.68235469809982,36.766789932088315,36.2977060941135,36.59791946411133,41536400
2024-09-20,37.057616742214314,37.643971437502515,37.00601724272295,37.56422805786133,44279200
2024-09-23,37.79516749480098,37.96990591781619,37.658210936720444,37.93684768676758,23340600
2024-09-24,37.72431749487714,38.144630723467145,37.58736097275244,37.66764831542969,28105200
2024-09-25,37.87545242353136,37.97935075376742,37.53542643786386,37.86600875854492,16359200
2024-09-26,37.79516793080696,37.960459087956835,37.502367481877755,37.60626220703125,19794600
2024-09-27,37.76210692370684,38.08324554959744,37.724325061113426,37.979347229003906,14804000
2024-09-30,38.05491341192871,38.172979037850745,37.714883832780934,38.14936447143555,19014200
2024-10-01,38.10685994069691,38.51300595403206,37.87544873567514,38.45633316040039,24362400
2024-10-02,38.210761502724665,38.54606745323771,38.144641436339555,38.47522735595703,16491600
2024-10-03,38.68773971786854,38.75385617378214,38.36660110211251,38.461055755615234,24205400
2024-10-04,38.13047632983734,38.44217133456263,38.007690664106676,38.39966583251953,25082800
2024-10-07,38.27215215205621,38.29576311442019,37.41735820863613,37.51653289794922,35284000
2024-10-08,37.68181966420206,37.79988527152075,37.53069583095719,37.53541946411133,26022200
2024-10-09,37.43152328698307,37.54486526760875,37.00176272236764,37.21428298950195,34288000
2024-10-10,37.252060729405756,37.544864745281544,37.082045959294206,37.10093688964844,26326600
2024-10-11,36.97815564953743,37.42680358886719,36.86009002307412,37.42680358886719,19332600
2024-10-14,37.483473435034135,37.93212133903503,37.41263334411907,37.89906311035156,18041800
2024-10-15,38.06435671892916,38.34771349786374,38.026574854250704,38.0690803527832,26427600
2024-10-16,38.25798960634578,38.9002669528882,38.08797480266824,38.824703216552734,19099600
2024-10-17,38.952208588010215,38.961652251687234,38.45160793929041,38.47994613647461,23527200
2024-10-18,38.44688954758163,38.720799042808004,38.27687476953672,38.701908111572266,14035200
2024-10-21,38.79163993910477,38.90498192579433,38.39966121475225,38.550785064697266,14811600
2024-10-22,38.291047950879985,38.49412098902183,38.106865846876595,38.41383361816406,17119200
2024-10-23,38.44217026504341,38.79636715888028,38.37133016566061,38.78219985961914,19645000
2024-10-24,38.786916859842236,38.867204221176884,38.404385397374135,38.53189468383789,13092000
2024-10-25,38.725523362909655,38.75858159238907,37.93212225232697,37.96045684814453,17518200
2024-10-28,38.16353330967984,38.45161373679775,38.073805880451566,38.25798797607422,14622800
2024-10-29,37.83295397884075,37.83767761330354,37.43153152336079,37.440975189208984,27733000
2024-10-30,37.58736565468171,37.65820574089097,37.28511798306024,37.351234436035156,20910600
2024-10-31,37.445694636111014,38.01713183757362,37.417360038657705,37.73849868774414,27516000
2024-11-01,37.733771880760855,37.8471138641201,36.864807066802186,36.897865295410156,30861000
2024-11-04,36.529500214677334,36.72312955092165,36.26031075914795,36.45866012573242,27956200
2024-11-05,36.43977525641275,37.00648880004883,36.33115329895947,37.00648880004883,19016200
2024-11-06,36.52950392510033,36.784526109359504,36.27920537473771,36.623958587646484,32958800
2024-11-07,36.8081405461134,37.05843909559437,36.49644556542444,36.6900749206543,37703200
2024-11-08,36.874249862236056,37.47402153798422,36.84591166752522,37.39373779296875,28857200
2024-11-11,37.39847163092784,37.719610301695724,37.313464229751716,37.49764633178711,26011000
2024-11-12,37.38429730325165,37.46930108537041,36.88842028909956,37.06787872314453,18703200
2024-11-13,37.30872985817895,37.3228971537848,36.8459111176227,37.00175857543945,16411800
2024-11-14,37.0489909496014,37.237896666473404,36.81758333804854,36.8742561340332,17707400
2024-11-15,36.902591919123964,37.474029118837116,36.831751822630586,37.42680358886719,23931400
2024-11-18,37.39374217592029,37.856560977631204,37.346516649968564,37.752662658691406,14660200
2024-11-19,37.610983559438324,37.99823864830246,37.43152511442994,37.99351501464844,11750400
2024-11-20,38.06435455571917,38.191867440993136,37.82349968592803,38.01240539550781,12196800
2024-11-21,38.06907716830169,38.72079806564239,37.88489509724722,38.6735725402832,21764000
2024-11-22,38.79636425551772,38.85303344832137,38.45161105262917,38.46577835083008,15761400
2024-11-25,38.77274467872416,38.84358476365005,38.25325672772831,38.53661346435547,14253800
2024-11-26,38.64523778596392,39.17416943272338,38.54606310219652,39.15055847167969,17374800
2024-11-27,39.26862408612801,39.391413334015716,39.11277661031784,39.15055847167969,17156600
2024-11-29,39.27806823974659,39.306406437659675,39.07971886973828,39.16472625732422,9234800
2024-12-02,39.1600034882001,39.174170785931025,38.30993319665384,38.324100494384766,22084200
2024-12-03,38.55550851794371,38.678297771410904,37.98407135041716,37.99351501464844,18853600
2024-12-04,38.11157806153471,38.20603271285464,37.842388610656826,37.988792419433594,24169400
2024-12-05,38.03130119446508,38.3193816277539,37.932126494934415,38.10686492919922,14226000
2024-12-06,38.12574732011148,38.21547473115672,37.56375387895211,37.63459396362305,14228600
2024-12-09,37.63460076927527,37.68654993388976,37.13872368998316,37.16233825683594,21053800
2024-12-10,37.10093955757845,37.10093955757845,36.59561884426387,36.89314651489258,20319000
2024-12-11,36.99232143710717,37.020656033316286,36.59561907479549,36.66173553466797,14759600
2024-12-12,36.83647450568719,36.95454012910285,36.60978692337528,36.642845153808594,15425000
2024-12-13,36.69479272528939,36.86008747336573,36.60506530547631,36.66645812988281,13808400
2024-12-16,36.69951566518839,36.793970319886164,36.359486114429735,36.373653411865234,16121000
2024-12-17,36.146970242644954,36.37365421275752,36.076130150831005,36.222530364990234,15876800
2024-12-18,36.198919789537854,36.25086895055088,35.34412225119059,35.36773681640625,29811800
2024-12-19,35.40079217680351,35.92972740830638,35.39134851332868,35.52830505371094,27076400
2024-12-20,35.325233774410904,36.175304048390096,35.27800464551484,36.09502029418945,25188600
2024-12-23,36.00359530338127,36.24644559260859,35.65122678866819,36.217872619628906,20114400
2024-12-24,36.21787328504792,36.427391470421085,36.10835505755002,36.417869567871094,9010200
2024-12-26,36.26549291980571,36.43215345781585,36.184540401691706,36.332157135009766,10114000
2024-12-27,36.14168626617557,36.33215700877994,35.99406953337038,36.22739791870117,13805400
2024-12-30,36.065494301770386,36.16549061808991,35.74645791642804,36.07501983642578,16870000
2024-12-31,36.146446093275344,36.25596430913764,35.87026372061286,36.04168701171875,12605400
2025-01-02,36.30358642287775,36.503582713871694,36.05597698426129,36.31787109375,24103400
2025-01-03,36.52738525477717,36.89880118815841,36.37024662667678,36.70357131958008,17767000
2025-01-06,36.70357440937509,36.732143750370355,36.17501980339847,36.294063568115234,25623800
2025-01-07,36.41787135670363,36.57500637052458,36.108356831179314,36.203590393066406,22856400
2025-01-08,36.1416893591694,36.23216015413032,35.598850057693646,36.194068908691406,26845800
2025-01-10,36.308351478969904,36.58929304496909,35.817891705833894,35.989315032958984,31217000
2025-01-13,35.951219697156944,35.98931457668571,35.19410303939296,35.57027816772461,24891600
2025-01-14,35.70836811754465,36.14645195076565,35.617897323025325,36.036930084228516,19675000
2025-01-15,36.665475594233854,36.927373301649176,36.52738440604459,36.56547927856445,21360400
2025-01-16,36.54643347140149,37.50354629679722,36.53214880180154,37.489261627197266,30415000
2025-01-17,37.46544749842799,37.71305688905584,37.346403753660866,37.54163360595703,14668800
2025-01-21,37.96544104349521,38.30352491716331,37.87020384694446,38.11781692504883,21633400
2025-01-22,38.222573026527385,38.222573026527385,37.27498561091069,37.29403305053711,23644800
2025-01-23,37.43212377968643,37.74163831199493,37.36545955831876,37.470218658447266,21585000
2025-01-24,37.413074146118106,37.96067618917488,37.33212525819448,37.85115432739258,16769600
2025-01-27,37.08927183173562,37.17974624761996,36.10835245797646,36.97499084472656,42448200
2025-01-28,36.9559443180976,36.9559443180976,36.14168545386896,36.465484619140625,28540200
2025-01-29,36.45596009994219,36.9607081155029,36.41786885755784,36.54167175292969,19130800
2025-01-30,36.96546687930302,37.360693032608886,36.93213477197164,37.303550720214844,18712600
2025-01-31,37.33688662605348,37.37021873353268,36.998799150715094,37.084510803222656,19669600
2025-02-03,36.59405175136968,37.42259531855657,36.53691307062202,37.284507751464844,28118800
2025-02-04,37.07022505030831,37.13213012876635,36.58452812223965,36.9559440612793,20498200
2025-02-05,37.32259929280404,37.57973425700686,37.01784754995493,37.327362060546875,15992600
2025-02-06,37.48926316764102,37.48926316764102,37.017847253908954,37.284507751464844,12820800
2025-02-07,37.27497719545934,37.536874890035286,37.16545898349255,37.20831298828125,14330400
2025-02-10,37.31307864178475,37.62735229773341,37.10832321710324,37.613067626953125,10664200
2025-02-11,37.46545162500064,37.822582898637684,37.151174360395,37.80353546142578,10835600
2025-02-12,37.31784088041138,37.82734805093755,37.15117670253194,37.736873626708984,14888800
2025-02-13,37.80829757544283,37.894009224951276,37.58925750068281,37.82258224487305,17020800
2025-02-14,37.80353844108262,38.10829019463911,37.6416406614115,37.66544723510742,13972000
2025-02-18,37.82258475286003,38.079719718435804,37.694019086535825,38.01781463623047,15509000
2025-02-19,37.97496128505389,38.33209258240549,37.936866408100464,38.217811584472656,12513200
2025-02-20,38.09400326737733,38.30352144788463,37.75591942433063,38.21304702758789,17390800
2025-02-21,38.21781319153642,38.34637886550114,38.03686433486247,38.222572326660156,15547400
2025-02-24,38.33208963635577,38.33685240384075,37.860677377302174,38.032100677490234,14974000
2025-02-25,37.80830073392015,37.91781896398567,37.29403079390773,37.84163284301758,21837800
2025-02-26,37.91306001040177,38.33209276004905,37.78925347619311,37.99877166748047,15421800
2025-02-27,37.89401383864694,37.97972549859101,37.117846131118,37.155941009521484,25074600
2025-02-28,37.39878462810025,37.736868439366056,37.198792001648975,37.72258377075195,21770000
2025-03-03,37.68449277251235,37.89401095485935,37.52259500100951,37.774967193603516,19276400
2025-03-04,37.77496800899968,37.974960660323895,37.103559437218905,37.160701751708984,22561800
2025-03-05,36.913088381209256,37.16070144234416,36.5988147364486,36.8988037109375,20666800
2025-03-06,36.61309798719183,36.64643009417605,36.02740473119373,36.13216018676758,25405800
2025-03-07,36.21311375303998,36.96546756576662,36.10835466150243,36.80356979370117,23234400
2025-03-10,36.6749956979297,37.31783483317487,36.6749956979297,37.20831298828125,37366000
2025-03-11,37.18926843836206,37.33212239792835,36.66547664149752,36.86071014404297,32640000
2025-03-12,36.85594748236748,37.07022478940467,36.52262278673205,36.74642562866211,17432000
2025-03-13,36.87023090885812,36.9892746605162,36.603574067680654,36.83689880371094,16801200
2025-03-14,36.946416411812464,37.59877746799966,36.81308799342138,37.55592346191406,18269400
2025-03-17,37.546397948597175,37.93210216821892,37.36068998960138,37.71305847167969,19290400
2025-03-18,37.48925911727299,37.55592332622768,37.208313979883705,37.45116424560547,19285200
2025-03-19,37.4702163372609,37.641639648137826,37.33688790278494,37.58926010131836,16163400
2025-03-20,37.59402143712961,37.79877686861302,37.51307254473393,37.74163818359375,16415200
2025-03-21,37.59401666312922,37.7749654971854,37.265458367208744,37.498783111572266,15627600
2025-03-24,37.64505129272222,37.94237658185227,37.45322864356453,37.48679733276367,13996800
2025-03-25,37.4484301919381,37.45802333620657,36.714711980038935,36.887351989746094,22396000
2025-03-26,36.89215009553022,37.21824749867638,36.89215009553022,37.131927490234375,15164000
2025-03-27,37.09835432654819,37.429248262115806,37.01203432851804,37.12233352661133,13971800
2025-03-28,37.34772107388326,37.630660267254676,37.28058370434676,37.39567947387695,19078600
2025-03-31,37.45322683602292,37.966350293995916,37.44363735044856,37.81289291381836,21470000
2025-04-01,37.78891715525246,38.01910139485122,37.544343199305324,37.90880584716797,18084800
2025-04-02,37.88003016414564,38.17255886581893,37.6882075248777,38.086238861083984,12951200
2025-04-03,38.038281058910265,38.465084476156306,37.79850369377374,37.846458435058594,38650200
2025-04-04,38.02389637514651,38.02389637514651,35.50623395031954,35.741214752197266,66165400
2025-04-07,35.19452667236328,36.27352497828215,34.42244314743098,35.19452667236328,73162600
2025-04-08,35.822742713686345,36.07690983538399,34.643038324407364,35.0506591796875,39600400
2025-04-09,34.74853597958804,36.527683623804094,34.05797598403013,36.4317741394043,70054800
2025-04-10,36.15843200683594,36.5804389061726,35.40553113061287,36.15843200683594,44167800
2025-04-11,36.13924866737706,36.724306086862235,35.693262573729555,36.5996208190918,28840000
2025-04-14,36.887347875476806,37.37649573466032,36.671549716768396,37.25660705566406,19415600
2025-04-15,37.33813580343282,37.58270976789902,37.20386104920437,37.25181579589844,15257200
2025-04-16,37.342925827065685,37.486790041919114,36.79143719001419,36.91612243652344,17500800
2025-04-17,37.059986871280536,37.76493287025251,37.059986871280536,37.29496765136719,18928800
2025-04-21,37.12712553503763,37.17028736235717,35.980990047220814,36.41259002685547,20780000
2025-04-22,36.80103338060852,37.4867968733112,36.772261264136965,37.4052734375,21700800
2025-04-23,37.77453160135921,37.98553689316962,37.22304648474859,37.56352996826172,27903600
2025-04-24,37.534747049503494,37.79370704235044,37.266197571904684,37.62106704711914,16828000
2025-04-25,37.65463460675953,37.67861380599106,37.3381303974336,37.50597381591797,14074600
2025-04-28,37.52516262758317,37.812894772218264,37.26620259979778,37.736167907714844,11084800
2025-04-29,37.68341413822833,38.0910349548584,37.525160188416216,38.02869415283203,13168000
2025-04-30,37.88002645491795,37.96634645120041,37.1846735717125,37.83686828613281,18077200
2025-05-01,38.071851703600245,38.426721197831384,37.822484840854365,37.947166442871094,17967000
2025-05-02,38.08624142937459,38.35958751968253,37.880032718530856,38.2444953918457,16074000
2025-05-05,38.11980287327476,38.26367074975889,37.774522896682505,38.14857864379883,14895800
2025-05-06,38.15337829391683,38.882303630708876,38.11980960463777,38.61375045776367,20635000
2025-05-07,38.54660823095399,38.94943611034922,38.41233349072635,38.72404479980469,19575000
2025-05-08,38.743224540274646,38.83913401651316,38.359579317896625,38.412330627441406,22437800
2025-05-09,38.5130418010362,38.52263494516406,38.230106247376625,38.47947311401367,17420400
2025-05-12,38.65690744423066,38.75761349943928,38.076646654478765,38.24928665161133,27460200
2025-05-13,38.1917442600447,38.49386246912893,37.98553554818038,38.19654083251953,24064000
2025-05-14,38.11501415648296,38.1294002139727,37.45802281432243,38.02869415283203,22912600
2025-05-15,38.18215036756931,38.944640661000385,38.158171166675146,38.83913803100586,26629200
2025-05-16,38.89668568145957,39.42419516951292,38.80077619589073,39.40980911254883,20076800
2025-05-19,39.078914610522546,39.59683460612189,39.069325125587284,39.57765197753906,16306400
2025-05-20,39.5153160897411,39.827027440205725,39.5153160897411,39.6927490234375,18075200
2025-05-21,39.563267170291816,39.63999768704647,38.891889783538325,38.96862030029297,22704000
2025-05-22,38.63772192118509,38.63772192118509,37.966344611379554,38.412330627441406,30637600
2025-05-23,38.671291452497435,38.906272235537536,38.220508855116286,38.872703552246094,21730200
2025-05-27,39.17483057109536,39.26594349002672,38.867915809119864,39.16523742675781,18494200
2025-05-28,39.14126214068293,39.16044477077159,38.45070209234152,38.61854553222656,20954600
2025-05-29,38.63772194205277,38.949433228064265,38.46508195776062,38.887088775634766,20867400
2025-05-30,38.81036753634859,39.35226310727214,38.738433589376875,39.285125732421875,20680400
2025-06-02,39.117280425237794,39.4625604272254,38.959026481208085,39.40980911254883,26799200
2025-06-03,39.884571593424404,39.884571593424404,39.19880808727949,39.515316009521484,28547800
2025-06-04,39.44817545712813,39.44817545712813,38.82475280761719,38.82475280761719,33001800
2025-06-05,38.935053035189995,38.935053035189995,38.6856825053467,38.762413024902344,21175000
2025-06-06,38.959026506407014,39.00218833603956,38.604157019117935,38.93505096435547,21267200
2025-06-09,38.8679135340253,39.01657433414256,38.62333958970952,38.6856803894043,24866400
2025-06-10,38.78638773367286,38.86791482362467,38.489066123573494,38.776798248291016,28052800
2025-06-11,38.89189417554488,38.94464549709272,38.67609597554937,38.80078125,21394800
2025-06-12,38.82475441878912,39.29471971143736,38.80557178860831,39.2707405090332,19568600
2025-06-13,39.21318489935044,39.28032592112281,38.93024939198294,39.04534149169922,25325400
2025-06-16,39.237168508195204,39.448173763656804,38.66649719931259,38.85352325439453,27266600
2025-06-17,38.79597547830359,38.89188495362365,38.25887290386013,38.53221893310547,28335800
2025-06-18,38.62334127013434,38.824753393645736,38.43151863210384,38.632930755615234,22324000
2025-06-20,38.714458294554596,39.05494174311162,38.685682520353794,38.738433837890625,31688200
2025-06-23,38.93979662475707,39.292303847841616,38.85770716325639,39.22952651977539,25573000
2025-06-24,39.27298938988113,39.50960171585722,39.20538586817368,39.398536682128906,20389600
2025-06-25,39.3067890593192,39.3067890593192,38.799758989375476,38.8721923828125,26771800
2025-06-26,38.944626229133824,39.21504030472021,38.87219283485448,39.19572448730469,18746200
2025-06-27,39.297125557122705,39.591685293961476,39.1522624681936,39.27298355102539,25307800
2025-06-30,39.084665166046264,39.47580035764537,38.95911418840229,39.432342529296875,22018000
2025-07-01,39.41784638285188,39.596514910558994,38.95910774472923,39.567543029785156,39690200
2025-07-02,39.422681613443956,39.60135016542404,39.03637262477399,39.224700927734375,21891000
2025-07-03,39.244012637679354,39.678609324211095,39.176409118009474,39.519256591796875,14900200
2025-07-07,39.432340081452224,39.630320760720295,39.35024693725284,39.601348876953125,20215600
2025-07-08,39.326103047225295,39.326103047225295,38.79975718457406,39.181236267089844,44289800
2025-07-09,39.33576271765661,39.625492620360255,39.06051875747081,39.54823303222656,40230400
2025-07-10,39.41301888442236,39.949020765644285,39.29229780638346,39.87175750732422,29074000
2025-07-11,39.55306174467203,39.96833892639572,39.44199671510855,39.81381607055664,22199800
2025-07-14,39.78483901379585,40.10354443484282,39.56754254243838,39.97316360473633,23883400
2025-07-15,39.968339297827356,39.968339297827356,39.393709379522015,39.59169006347656,26253000
2025-07-16,39.61583375093523,39.77035660038716,39.30195817682856,39.61100387573242,22625000
2025-07-17,39.58686003243871,39.89590571701315,39.52408271005894,39.775184631347656,19757000
2025-07-18,39.90556075135871,40.58159955043394,39.85244318030969,40.44156265258789,28627400
2025-07-21,40.54296949371374,40.81821342523682,40.41259234051448,40.57194137573242,19895600
2025-07-22,40.72646193876227,41.09345505494127,40.61540060783488,41.069313049316406,23518200
2025-07-23,41.436308175980294,41.537713455416885,40.59609037199457,40.76027297973633,40333000
2025-07-24,40.81338861028736,40.90030795123497,40.6009219756165,40.707157135009766,22137600
2025-07-25,40.76992718518347,40.85684651846313,40.615404335365774,40.813385009765625,16320400
2025-07-28,40.80855859794157,40.818214664202486,40.277386534823464,40.37879180908203,22413600
2025-07-29,40.53331574395215,40.866503458552025,40.44639640881405,40.84236145019531,18395400
2025-07-30,40.96308119697405,41.51356907337033,40.92444956393546,41.146575927734375,27424400
2025-07-31,41.02102460869578,41.431479258989654,40.98722285110732,41.36870193481445,30179600
2025-08-01,41.320411577164826,41.65360294060805,41.00170983814024,41.43147659301758,35852000
2025-08-04,41.63429419725433,42.28135753482229,41.547374856554015,42.16546630859375,25730800
2025-08-05,42.179945776166555,42.33446861545515,41.59082630009283,41.71637725830078,21454400
2025-08-06,41.77915553141266,41.79364515767593,41.310760770800954,41.34456253051758,23020600
2025-08-07,41.20935061813969,41.90953516936879,41.13209103420964,41.793643951416016,25702800
2025-08-08,41.90953473475256,41.986794317881404,41.51356970041444,41.61497497558594,18445200
2025-08-11,41.721208552249784,41.750180434315844,41.28178202563329,41.484596252441406,19548800
2025-08-12,41.61980740087047,41.672924979326545,41.29144586319458,41.663265228271484,20756800
2025-08-13,41.72121456491746,41.783988213145655,41.36870731781268,41.7550163269043,22425400
2025-08-14,41.60048947518141,41.72604044372703,41.421820930870936,41.46528244018555,18747800
2025-08-15,41.40250629910866,41.5715150976918,41.088630710816815,41.34456253051758,29576600
2025-08-18,41.407331908553225,41.561854749068935,41.10794229325367,41.165889739990234,16080000
2025-08-19,41.18037577863433,41.586000538525205,41.107942391070054,41.56668472290039,16436800
2025-08-20,41.63429126116217,41.875733447845676,41.460452592020815,41.610145568847656,20169000
2025-08-21,41.614970944738836,41.82744122496504,41.20934619922653,41.32524108886719,16230000
2025-08-22,41.610144551365714,41.78881309142411,41.42664982025474,41.54737091064453,19234800
2025-08-25,41.40733721619024,41.5280583159459,41.035517849953685,41.078975677490234,16982200
2025-08-26,41.117605385295114,41.26246848773886,40.92928077323745,41.17072296142578,17263000
2025-08-27,41.17071426633312,41.27694939615801,41.05481938791616,41.18037033081055,16821400
2025-08-28,41.20934829788045,41.223837922909695,40.80372721582623,40.86650085449219,16078800
2025-08-29,40.84235928187365,40.9292786123972,40.65403467975849,40.7168083190918,19469400
2025-09-02,40.562288186485496,40.6298917054004,40.32567587028333,40.58160400390625,20655000
2025-09-03,40.4415624613775,40.55745366852057,40.26289393377417,40.480194091796875,17268000
2025-09-04,40.76509534522596,40.871330490127065,40.21943736400638,40.431907653808594,22362200
2025-09-05,40.53814076835567,40.63471985134898,39.98765288969738,40.306358337402344,27006800
2025-09-08,40.330501345560336,40.349817162638175,39.741385503205585,39.89590835571289,28469400
2025-09-09,39.88625031326181,40.30636106343656,39.81381691714678,40.1711540222168,25741400
2025-09-10,40.316013585923585,40.929278777117645,40.316013585923585,40.86167526245117,32168800
2025-09-11,40.808561592954554,41.1079475625146,40.750614138790226,41.078975677490234,24265200
2025-09-12,40.96308182198037,41.40733455635651,40.89064842995667,41.28661346435547,18727000
2025-09-15,41.29144462744546,41.576344645078414,41.29144462744546,41.3831901550293,22818400
2025-09-16,41.3107591693695,41.32524511095571,40.61057462507446,40.62989044189453,21652800
2025-09-17,40.89547531345991,41.07897003359632,40.64920327224165,40.731292724609375,20168200
2025-09-18,40.658864016184225,41.02102730736442,40.47536927493451,40.76027297973633,25303000
2025-09-19,40.86167376596162,41.18520538631885,40.64437360467885,41.02102279663086,20974000
2025-09-22,41.039501340204865,41.511052717372394,40.942275858050785,41.41868591308594,19477000
2025-09-23,41.35548314359002,41.700638371933806,41.27770351201935,41.6325798034668,17900600
2025-09-24,41.71036376702343,42.00204388036973,41.58883007738631,41.92912292480469,17317600
2025-09-25,41.89023587475428,41.977740289301885,41.525634765625,41.525634765625,18689600
2025-09-26,41.66661128236731,42.21594224504654,41.62771961007657,42.201358795166016,16233800
2025-09-29,42.18191170916038,42.39094980538677,41.8853729162435,42.32289123535156,17130800
2025-09-30,42.37637096529417,42.56110456883831,42.094411882242596,42.395816802978516,21960000
2025-10-01,42.478451795355525,42.89652796403343,42.424976677809724,42.80416488647461,29195400
2025-10-02,42.69235773648254,42.740970474413714,42.41039866400192,42.72638702392578,22648600
2025-10-03,42.85764318450599,43.62087462649241,42.82361018998425,43.22224426269531,25133200
2025-10-06,43.475035770754815,43.6889362718627,43.178493242914946,43.64031982421875,20024200
2025-10-07,43.820188105676614,44.02922620625225,43.70351679874792,43.83963394165039,32901800
2025-10-08,44.150761865964846,44.20423699004613,43.81532767107575,44.14104080200195,19790400
2025-10-09,44.2868790582305,44.41813752979985,43.941723799041036,44.02922821044922,21557400
2025-10-10,44.17507074071009,44.41813814142265,43.800744866620796,43.84935760498047,23183800
2025-10-13,43.878524188659384,44.38896345796731,43.85907835331711,44.18478775024414,18760600
2025-10-14,44.10701223287062,44.72440179970518,44.034091270762175,44.57855987548828,17571800
2025-10-15,44.77787931028583,45.29804342796468,44.77787931028583,45.16192626953125,19087600
2025-10-16,45.298039458710434,45.58485720186062,44.66120407659359,44.67092514038086,29119000
2025-10-17,44.753566790286484,44.81676668557553,44.325769517849636,44.51536178588867,21825800
2025-10-20,44.85565066546833,44.96260090130729,44.33062796694372,44.50077438354492,25420000
2025-10-21,44.544527554944366,44.59800267625551,43.83477123716755,44.04867172241211,22107800
2025-10-22,44.14589994801144,44.170208171547856,43.73754849678176,43.94658660888672,19108600
2025-10-23,44.233402721673,44.25771094430894,43.669488303876875,43.91255569458008,16134000
2025-10-24,44.16534701593983,44.64661944227757,44.12159666305198,44.427860260009766,21737600
2025-10-27,44.42785900040017,44.59314676075694,44.00492038990396,44.54939270019531,16042800
2025-10-28,44.70981662072514,44.70981662072514,43.761851567789094,43.81532669067383,20661400
2025-10-29,43.81046787565624,44.097285616669815,43.62087560744732,43.800743103027344,24271800
2025-10-30,43.752125890110186,44.16533967062294,43.60142531000774,43.61600875854492,18870800
2025-10-31,43.42155977600026,43.54795586129797,43.08612558032768,43.31460952758789,18434000
2025-11-03,43.28057926921726,43.460450474685544,42.83333615763102,43.33891677856445,22339600
2025-11-04,43.31947439585113,43.35350368512153,42.998623632232196,43.18335723876953,17156200
2025-11-05,43.17362743697047,43.39724898454756,42.993759947024735,43.19307327270508,16858200
2025-11-06,43.115299276166205,43.441008722252256,42.98404079502356,43.00348663330078,23668200
2025-11-07,42.82847276774199,43.61115004913542,42.82847276774199,43.6014289855957,24337600
2025-11-10,43.72782121785604,43.92713825447252,43.212519546859625,43.58684539794922,17947200
2025-11-11,43.60629026240907,43.7812990878686,43.368085247889134,43.61115264892578,14435400
2025-11-12,43.64032061327824,43.75213325240111,43.47017417019065,43.71324157714844,15018400
2025-11-13,43.601432686839885,43.601432686839885,43.07640619719118,43.110435485839844,20675400
2025-11-14,42.98890094869516,43.47989814017477,42.88681308472867,43.14932632446289,20168200
2025-11-17,43.231971099325364,43.68407664501019,43.18821703546453,43.53823471069336,24201400
2025-11-18,43.57711958722295,43.78615768236769,43.35836042880087,43.37294387817383,25158800
2025-11-19,43.40697694719027,43.52851064777858,42.915979758317526,43.00834655761719,25095600
2025-11-20,43.34863703232148,43.61601264235734,42.76041439915657,42.789581298828125,25543200
2025-11-21,42.96945451619706,43.02292964071221,42.54651590655384,42.852783203125,28589400
2025-11-24,42.91597818085398,43.45072570200398,42.64860627473602,43.33891677856445,23572800
2025-11-25,43.450726444275375,43.51878501855271,42.998620938625,43.17362976074219,22195600
2025-11-26,43.40697580761007,43.8007438003259,43.32433378351906,43.74726867675781,16759200
2025-11-28,43.820190373335954,44.09242467322879,43.77644002181639,44.05839538574219,7882600
2025-12-01,43.81046735578642,43.81046735578642,43.00348184721034,43.02779006958008,26339000
2025-12-02,43.227107762842635,43.227107762842635,42.66805197212893,42.721527099609375,17384200
2025-12-03,42.75555752331346,42.87709123282705,42.42012700711781,42.585411071777344,21728000
2025-12-04,42.56110181211309,42.83819849056717,42.352063706688845,42.497901916503906,15535200
2025-12-05,42.50762499778795,42.565958795827235,42.07982403129229,42.09926986694336,13474700
2025-12-08,42.17705621551863,42.20622311661701,41.47702091784414,41.53535842895508,21607900
2025-12-09,41.75897643444256,41.972873205801044,41.545075954170215,41.56452178955078,24347200
2025-12-10,41.61313685076912,41.642307459928276,41.2436733757038,41.54507827758789,25940200
2025-12-11,41.46729680121976,41.95343156461547,41.46729680121976,41.84648132324219,18703300
2025-12-12,41.97287537329279,42.177054800875666,41.583969772339884,41.64230728149414,17179800
2025-12-15,41.91454175826283,42.08955057758487,41.64230746550145,42.02149200439453,19176400
2025-12-16,42.00204429917226,42.10899454054554,41.59368916928463,41.84648132324219,19067900
2025-12-17,41.86592929291768,41.94370893039049,41.36034866814505,41.57424545288086,19444600
2025-12-18,41.83675924380012,42.21594379022871,41.77842544214288,41.982601165771484,21935800
2025-12-19,41.924263103914406,42.167330498061034,41.41868247901973,41.447853088378906,22612000
2025-12-22,41.42532266161797,41.66041343318382,41.170636632937786,41.60164260864258,17894900
2025-12-23,41.53307405260481,41.87591631724713,41.51348253223947,41.748573303222656,15097300
2025-12-24,41.73878090883095,41.983669317132744,41.68000634562631,41.9346923828125,5761000
2025-12-26,41.91509776854222,41.993460110331604,41.758369348263145,41.90530014038086,8436700
2025-12-29,41.93469234672776,42.22855768909694,41.89550930462505,41.98366928100586,12838700
2025-12-30,42.00326073002211,42.15998916146359,41.93469227481025,42.08162307739258,9255300
2025-12-31,42.09142387949513,42.130603187783784,41.80735240837258,41.81714630126953,10129000
2026-01-02,42.01305531562421,42.50283213905037,41.78775842525225,42.29712677001953,20495400
2026-01-05,42.30692164945191,42.404879258443074,41.20002869310701,41.826942443847656,27884400
2026-01-06,41.87592154809679,42.08162693257747,41.650624640803535,42.032649993896484,21861800
2026-01-07,42.07183198611279,42.09142350843483,40.88657291088572,41.013912200927734,27613300
2026-01-08,40.96493222344181,41.4253236220917,40.955138331358,41.1314582824707,22853300
2026-01-09,41.6506209931565,42.01305479169592,41.62123557986158,41.64082336425781,21518300
2026-01-12,41.51348488425207,41.83673564684334,41.435118798350764,41.70939636230469,16810600
2026-01-13,41.748576243410234,42.08162463967539,41.55266476266002,41.973873138427734,22207400
2026-01-14,41.934690658121255,42.43426134636232,41.89550761759635,42.28732681274414,21403100
2026-01-15,42.43426274984765,42.924039562506735,42.43426274984765,42.71833419799805,21762700
2026-01-16,42.28732751560266,42.63017352084339,42.06203063389042,42.502830505371094,27803600
2026-01-20,42.23835150883406,42.47344602434655,41.95428379582801,42.08162307739258,25300900
2026-01-21,42.42446755760886,42.42446755760886,41.817141638099216,42.14039611816406,33736500
2026-01-22,42.31671769608241,42.38528615146145,41.72898327421842,41.836734771728516,26170700
2026-01-23,41.836734880470914,41.8759179227038,41.43511803933522,41.68980407714844,26527200
2026-01-26,41.82693929120416,42.29712456882013,41.78775625056106,41.99346160888672,19254000
2026-01-27,41.9444867547211,42.659560466736686,41.7289837572066,42.542015075683594,31070500
2026-01-28,42.61058360551824,42.7771059317396,42.24814980273598,42.444061279296875,25183600
2026-01-29,42.62037749783101,42.875063538370355,42.199172867770905,42.444061279296875,27417900
2026-01-30,42.34610061875862,42.49303514975785,41.89550687085482,42.365692138671875,27998400
2026-02-02,42.41467004884239,42.590989995429986,41.68000485029419,41.748573303222656,32847600
2026-02-03,41.78775692243258,42.53221602311898,41.78775692243258,42.355899810791016,35525500
2026-02-04,42.5811944494682,42.7575143892064,42.11100918906645,42.19916915893555,30994300
2026-02-05,42.33630674893454,42.483237543309016,41.993460755326716,42.21875762939453,31475400
2026-02-06,42.60079040125388,42.96322420988984,42.101215941119904,42.46364974975586,30530100
2026-02-09,42.48324047521252,42.65956042999058,42.17958123719522,42.59099197387695,21173900
2026-02-10,42.85547238595069,43.619523040744575,42.669358536801084,43.29627227783203,34683600
2026-02-11,43.45299825609795,43.71747817627209,43.237495268541146,43.67829513549805,25614800
2026-02-12,43.8742086191717,44.80478532847309,43.82523168430333,44.32480239868164,45623300
2026-02-13,44.27582124360181,45.64719397270481,44.27582124360181,45.54924011230469,42451800
2026-02-17,45.84310857136962,46.11738612534389,45.2945609368221,45.431697845458984,32424000
2026-02-18,45.65699425097199,45.65699425097199,44.579483040524124,44.67744064331055,32841500
2026-02-19,44.84396655926797,45.23578952843506,44.74601268532658,45.16722106933594,24172500
2026-02-20,45.353331797748744,45.53944937678711,44.941921071517534,45.382720947265625,22623200
2026-02-23,45.51985768696472,45.999836865785326,45.421900083439745,45.725563049316406,33130900
2026-02-24,45.686384338858446,46.26432117599095,45.343542035771726,46.23493576049805,29503300
2026-02-25,46.24472424926355,46.46022723556341,45.647195959396065,46.391658782958984,22356600
2026-02-26,46.30349963509249,46.421045022122954,45.95085973730064,46.21533966064453,30578600
2026-02-27,46.234930954683634,46.822661623656124,46.16636250119353,46.754093170166016,39759600
2026-03-02,46.44063796798326,46.76389246311313,46.39166103327587,46.40145492553711,33087300
2026-03-03,45.74515591969523,46.479821152655965,45.020284579025706,46.10758972167969,60946600
2026-03-04,46.12718117456521,46.450431933504305,45.80392667892552,46.30350112915039,24020800
2026-03-05,45.990043676103525,46.05861213126788,45.5198583821049,45.94106674194336,29794500
2026-03-06,45.67658840386063,45.99983916993353,45.39251694445972,45.784339904785156,25001700
2026-03-09,45.60801831650369,45.990043633983916,45.0986499809632,45.892086029052734,27759000
2026-03-10,45.68638313395205,46.07820610146103,45.51986080161622,45.6080207824707,24935900
2026-03-11,45.54924479401625,45.608019358317534,45.05946796827414,45.225990295410156,20026100
2026-03-12,45.05946333690356,46.07819992654596,45.02028029806341,45.54924011230469,27419900
2026-03-13,46.009633596529106,46.352475860424086,45.901882103104846,45.99983596801758,31521000
2026-03-16,46.47981874607686,46.52879567839825,45.99004194946214,46.293701171875,19775400
2026-03-17,46.548388073115234,46.66593346023483,46.11738582920971,46.16636276245117,18502300
2026-03-18,45.990042938398396,46.1859544085971,45.774539947509766,45.774539947509766,31063500
2026-03-19,45.69617999841079,45.941068414829495,45.09865166447704,45.58842849731445,29544000
2026-03-20,45.51006170694264,45.705973184389315,43.521568992105394,43.7370719909668,47128300
2026-03-23,44.31904717955067,44.575510072948575,43.963941817287854,44.171085357666016,31574300
2026-03-24,43.954075804072644,44.92074934177211,43.885027963010195,44.47686767578125,24183800
2026-03-25,44.90102215307779,45.02925547426991,44.59523616033511,44.63469314575195,22297400
2026-03-26,44.62483145097743,44.86156584138325,44.40782179075103,44.71360778808594,19988000
2026-03-27,44.75306402511051,45.45341240405295,44.684016176356764,44.97007369995117,26172900
2026-03-30,45.542182338226816,45.7098726489039,45.13775763495605,45.29558181762695,28363600
2026-03-31,45.226534224344064,45.325176690827654,44.64455684197958,45.2659912109375,42852800
2026-04-01,45.157487207853386,45.65068826084549,45.078576996043864,45.483001708984375,31185100
2026-04-02,45.41395332374387,45.95647372303297,45.28571999789632,45.70987319946289,17331800
2026-04-06,45.52245819174858,45.8676974198864,45.463272711428374,45.54218292236328,12939500
2026-04-07,45.433683633951134,45.79865136983792,45.41395513973759,45.64082717895508,13657000
2026-04-08,45.660555444932804,46.143890380859375,45.35476943038962,46.143890380859375,18879700
2026-04-09,46.02552284648781,47.061244321673485,45.986065858543,46.50886154174805,23274600
2026-04-10,46.4200841179527,46.81464269972483,46.23266531099745,46.321441650390625,15052100
2026-04-13,46.20307512382905,46.242532111427494,45.49286439835882,45.759193420410156,17795700
2026-04-14,45.76906021485465,45.92688440471999,45.27585915117228,45.83810806274414,25118600
2026-04-15,45.68028359247672,45.690145958046614,45.25613037928745,45.39422607421875,24843900
2026-04-16,45.37449497439338,45.739462684726774,45.21667079456068,45.71973419189453,26945000
2026-04-17,45.60136977764111,45.650689131315666,45.019392373500224,45.53232192993164,17601500
2026-04-20,45.49286691836066,45.70987659934755,45.02926045828728,45.127899169921875,14376100
2026-04-21,45.285720758092694,45.32517774560435,44.29931864725397,44.338775634765625,19596900
2026-04-22,44.72347118164008,44.99966256440661,44.10203680759,44.25986099243164,21731700
2026-04-23,44.75306139181938,45.51259144624505,44.585374844091476,45.46327209472656,23864300
2026-04-24,45.40408971670161,45.67041874848438,45.118035953224336,45.55205154418945,24158700
2026-04-27,45.73946521912414,45.86769854822644,45.54218404269571,45.561912536621094,14543100
2026-04-28,45.80851261088644,45.8874265858032,45.41395402477891,45.621097564697266,13016000
2026-04-29,45.44354171383895,45.64082287454318,44.94047832872706,45.05884552001953,12655100
2026-04-30,45.22653431158069,46.25239338803673,45.22653431158069,46.21293640136719,22378500
2026-05-01,46.20307641422063,46.6568204957989,45.88742803026832,45.91701889038086,15507000
2026-05-04,45.630958974327335,46.21293635725891,45.463272425379856,45.739463806152344,18054200
2026-05-05,45.89728798985453,46.183345498697676,45.72960144090705,45.739463806152344,17499600
2026-05-06,45.650688848023094,45.74933131758554,45.019392094125266,45.08843994140625,26315500
2026-05-07,44.99966315158684,45.05884863273426,44.38809489769856,44.50646209716797,23499400
2026-05-08,44.743197031659264,44.89115507961763,44.082305709738044,44.111900329589844,18158100
2026-05-11,44.4867347230012,44.6938820308175,44.220409458199065,44.52619171142578,22669300
2026-05-12,44.44727855801425,44.762926918885405,44.19081191304063,44.57550811767578,28240500
2026-05-13,44.19081343554741,44.21054192913472,43.75679786510273,44.06258010864258,27268600
2026-05-14,44.023126397572284,44.309180144362195,43.94421242409551,44.28945541381836,18472900
2026-05-15,44.10203832787124,44.161223810286614,43.23400716273219,43.273460388183594,21857600
2026-05-18,43.47073973377158,43.608835424092376,42.93808170296963,43.342506408691406,31554300
2026-05-19,43.224138645492935,43.80611602052549,43.02685747783651,43.73706817626953,22307100
2026-05-20,44.05271645483653,44.24999762211431,43.806115936445636,43.904754638671875,17584800
2026-05-21,43.94421414459066,44.397958221370935,43.835709308224615,44.38809585571289,18781100
2026-05-22,44.44727983930325,44.822109926877246,44.30918038496899,44.733333587646484,15187100
2026-05-26,44.97007067149646,45.01939002259556,44.71360778808594,44.71360778808594,13738200
2026-05-27,44.63469654818062,44.753063750628854,44.33877666064729,44.52619171142578,16869400
2026-05-28,44.417687107357686,44.65442527631984,43.97380915514515,44.023128509521484,19383000
2026-05-29,44.06257952625014,44.111902640979196,43.648292454868574,43.81597900390625,23048500
2026-06-01,43.303052121296666,43.36223383693748,42.484336601896395,42.5139274597168,31206300
2026-06-02,42.62243118010634,43.36223270897439,42.59284032305567,43.30305099487305,27366300
2026-06-03,43.36223544338614,43.875164987285544,43.08604405929623,43.11563491821289,21948600
2026-06-04,43.27345856353101,43.51019672038476,42.75066666079503,43.342506408691406,18216500
2026-06-05,43.44114694311249,44.01325817225675,43.3720991010231,43.74692916870117,21351600
2026-06-08,43.71734363538912,43.77652911988417,42.878903300583616,42.92822265625,20843500
2026-06-09,43.04658497410734,43.480604285466484,42.87889843131873,43.381961822509766,20424800
2026-06-10,43.61870109805551,43.67788281453382,43.194547903442896,43.40169143676758,17778000
2026-06-11,43.618701971018496,43.914621847808334,43.411554670722765,43.451011657714844,19146300
2026-06-12,43.58910738884399,44.00339822698533,43.58910738884399,43.92448425292969,17942600
2026-06-15,43.875163300346046,44.38809282452402,43.5891057990655,44.131629943847656,18437600
2026-06-16,44.23027121327529,44.88129646199115,44.151357237515555,44.44728088378906,16396600
2026-06-17,44.2105436048019,44.555782848601616,43.63843232038728,43.855438232421875,22210400
2026-06-18,43.99353156005508,44.723470759829105,43.924483715014674,44.1513557434082,36828300
2026-06-22,44.15532773578025,44.641752756608746,44.10569345696577,44.393577575683594,21868600
2026-06-23,44.42336006950586,44.870076179530706,44.13547593339508,44.741024017333984,22295600
2026-06-24,44.95941682878058,45.26715163052448,44.760875926036064,45.20759201049805,18884500
2026-06-25,45.32671567611721,45.85284585697922,45.16788370905399,45.51532745361328,19262800
2026-06-26,45.66423299443905,45.89255370498892,45.55503530964287,45.86277389526367,19479300
2026-06-29,45.86277610129637,45.971973791345036,45.43591446938952,45.68408966064453,17917800
2026-06-30,45.52525712241151,45.6146003416241,44.989197807135994,45.00905227661133,18906800
2026-07-01,44.90978499533233,45.028908028724686,44.31416225466462,44.443214416503906,29493100
2026-07-02,44.70131235541687,45.46569236672908,44.67153254551273,45.42598342895508,24327900
2026-07-06,45.37635226577082,45.495479087272244,44.780733305675675,44.96934509277344,19176600
2026-07-07,45.2969358117178,45.981897958826984,45.19766346563856,45.366424560546875,18962700
2026-07-08,45.406135130831615,45.48554922369628,44.97927349448187,45.028907775878906,14863200
2026-07-09,45.227448333439796,45.32671689545494,44.71124347988466,44.80058670043945,19667800
2026-07-10,44.790656676321596,45.14802955139337,44.76087686568322,45.07854080200195,14050300
2026-07-13,45.118250399596704,45.54511203029317,45.098395929930255,45.38628005981445,15732100
2026-07-14,45.59474474452336,45.94218848461682,45.2274465354456,45.35649490356445,17386900
2026-07-15,45.39620645940834,45.61460184397721,44.84029265634802,44.889930725097656,15909500
2026-07-16,44.90978277122401,45.28700632276038,44.79065595687832,45.13810348510742,15615700
2026-07-17,45.56496493350722,45.81314011552664,44.73109617044784,44.84029006958008,20924600
2026-07-20,44.99912545590219,45.32671472434323,44.48292062707283,44.611968994140625,17830900
2026-07-21,44.5424830278411,44.71124412994396,44.314162302404384,44.59211730957031,15891700
2026-07-22,44.93956329410523,45.654309044103826,44.879999885987736,45.59474563598633,18366900
2026-07-23,45.3167925052502,45.99182934431117,45.26715443634776,45.852848052978516,13696700
2026-07-24,46.06131560663963,46.28963632120731,45.76350235673565,45.952117919921875,16109000
2026-07-27,45.79328514135669,45.94218797681401,45.2274460355429,45.3465690612793,16609100
2026-07-28,45.52525874533489,46.09109789156851,45.16788585574461,45.187740325927734,16412000
2026-07-29,45.42598560776433,45.46569454744293,44.40350502558438,44.582191467285156,23653200
2026-07-30,44.87007420097023,44.909783139411005,44.03620542797789,44.334014892578125,23428600
2026-07-31,44.284379943878285,44.41343209843461,43.986570483777534,44.026275634765625,20778500
2026-08-03,43.91708226364703,44.334014755426985,43.61926901311531,44.03620529174805,25872600
2026-08-04,43.92701003669236,43.966718977208664,43.2718276655853,43.78803253173828,26772300
2026-08-05,43.77810320630055,43.807886804980335,42.97401799215304,43.34131622314453,26062300
2026-08-06,43.82773831593724,43.94686134205435,42.84496293662614,43.063358306884766,27020100
2026-08-07,42.884672235051816,43.54977990555802,42.63649705288931,43.29167938232422,18693800
2026-08-10,43.11299502242736,43.202338243778364,42.74569679547455,42.815185546875,25438200
2026-08-11,42.81518450545986,43.39094897260943,42.76555022521723,43.3115348815918,19690800
2026-08-12,43.44058258112125,43.639123485874514,43.321459553010406,43.52000045776367,15979000
2026-08-13,43.56963737206454,43.8773759823849,43.55971203031041,43.718544006347656,17855900
2026-08-14,43.68875900660743,44.08584082739559,43.658979195446825,43.986572265625,17154200
2026-08-17,43.87737552728426,43.927009809246144,43.500148168038564,43.857521057128906,16377500
2026-08-18,44.20496423538672,44.324091054749516,43.62919975587824,43.69868850708008,19424700
2026-08-19,43.936934572099815,44.05606139146261,43.480293125101205,43.69868850708008,15856400
2026-08-20,43.510075340160896,43.93693317532232,43.430657463110435,43.45051193237305,17077400
2026-08-21,43.57956621649243,43.639125840334884,42.43795879270764,42.45781326293945,22073000
2026-08-24,42.55708202117269,42.94423472532477,42.38832470371276,42.9045295715332,20055700
2026-08-25,42.9243810336625,43.16262708712735,42.75561994117654,42.99386978149414,13430200
2026-08-26,42.99387238774259,43.3909504298721,42.96408878911448,43.19240951538086,12240200
2026-08-27,42.90452751173624,43.01372519983986,42.60671425805261,42.86481857299805,16033500
2026-08-28,43.023650323108704,43.06335926164571,42.24934495590126,42.4181022644043,20360500
2026-08-31,41.69343220773416,42.09051402921565,41.55445470627151,41.9217529296875,31622300
2026-09-01,41.991239565053824,42.29897815054188,41.78277332336162,42.24934387207031,30615800
2026-09-02,42.09051370872053,42.398248520515196,41.71328635987077,42.35853958129883,29769100
2026-09-03,42.50744561753302,42.8151842118918,42.457811337630716,42.715911865234375,22875900
2026-09-04,42.45781012051768,42.91445154149308,42.437955651755345,42.76554870605469,18858100
2026-09-08,42.73576503145924,43.390947352009,42.72583969052255,43.13284683227539,19711400
2026-09-09,43.08321305285925,43.212261420794285,42.51737394159716,42.62656784057617,16901700
2026-09-10,42.67620725632569,42.934307787212745,42.199707560013955,42.20963668823242,20625300
2026-09-11,42.576935869989136,42.64642462167629,42.00117138645942,42.08058547973633,15174000
2026-09-14,42.070657571364876,42.13021719097552,41.445255057484076,41.51474380493164,23581300
2026-09-15,41.61401340232507,41.643796999727556,40.98861465966518,41.018394470214844,24210500
2026-09-16,41.326133064355055,41.355912874904725,40.849637161296315,41.018394470214844,23577400
2026-09-17,41.19708081860533,41.455181345470514,41.01839438198605,41.38569259643555,20994900
2026-09-18,41.0779580216218,41.197081051089285,40.78014855452666,40.79999923706055,22574400
2026-09-21,40.77000045776367,40.93000030517578,40.58000183105469,40.65999984741211,20935300
2026-09-23,40.380001068115234,40.40999984741211,39.709999084472656,39.75,27874300
2026-09-24,39.880001068115234,39.88999938964844,39.36000061035156,39.36000061035156,25586500
