Date,Open,High,Low,Close,Volume
2005-01-03,21.076722271363174,21.076722271363174,20.640651427007466,20.654495239257812,606200
2005-01-04,20.751390898711886,20.79984290178952,20.398381750294465,20.488365173339844,454300
2005-01-05,20.474523952352406,20.58527177914961,20.446837655762224,20.453758239746094,448300
2005-01-06,20.557588937251012,20.68217927317153,20.45376167698956,20.606040954589844,1247500
2005-01-07,20.66140558377034,20.696013774811714,20.564500272462336,20.592187881469727,173600
2005-01-10,20.661406056243763,20.79984014379276,20.585266449950183,20.772153854370117,456100
2005-01-11,20.626802444458008,20.723707785701613,20.585272338335475,20.626802444458008,570800
2005-01-12,20.730633414974,20.792929245460257,20.59911984836763,20.765241622924805,318000
2005-01-13,20.76523732774963,20.79292494455805,20.426071943155907,20.453758239746094,247500
2005-01-14,20.522971837688093,20.578345739959932,20.41914593595564,20.536815643310547,275800
2005-01-18,20.55758775820007,20.702943801879883,20.474526218798477,20.702943801879883,255500
2005-01-19,20.765241509683165,20.765241509683165,20.564510208051345,20.57143211364746,549300
2005-01-20,20.522969951259135,20.633717745623105,20.44683166777006,20.46759605407715,509700
2005-01-21,20.557583953156673,20.557583953156673,20.329166412353516,20.329166412353516,350300
2005-01-24,20.419149871420995,20.419149871420995,20.156124114990234,20.156124114990234,341200
2005-01-25,20.34993530764439,20.42607494483829,20.266875085449616,20.2945613861084,174900
2005-01-26,20.3568554846856,20.516055330559137,20.34993358005393,20.419151306152344,498200
2005-01-27,20.48836085710717,20.48836085710717,20.315317271017104,20.377613067626953,741800
2005-01-28,20.419142398595355,20.44683000504373,20.13535103358823,20.211490631103516,506200
2005-01-31,20.30839526834654,20.34992535914104,20.14919548678614,20.2460994720459,690500
2005-02-01,20.315319283112224,20.439910888671875,20.246101577777093,20.439910888671875,806900
2005-02-02,20.349936060102394,20.543745452753864,20.349936060102394,20.522979736328125,327600
2005-02-03,20.55758342951945,20.55758342951945,20.398382289206573,20.460678100585938,407700
2005-02-04,20.488364126571017,20.661407740274797,20.412224514071593,20.647563934326172,369100
2005-02-07,20.48836953337963,20.72370901573947,20.48836953337963,20.661413192749023,671100
2005-02-08,20.647571647594475,20.751397590559172,20.647571647594475,20.709867477416992,434800
2005-02-09,20.730626508946084,20.806764805117478,20.481443270011887,20.488365173339844,485000
2005-02-10,20.557589263704358,20.592197470862114,20.426075700111628,20.522979736328125,314000
2005-02-11,20.536817722256746,20.855217362496987,20.536817722256746,20.730627059936523,281600
2005-02-14,20.765234398641983,20.77907820509341,20.668330393918097,20.744468688964844,415000
2005-02-15,20.79984272999539,20.834452246349326,20.689094918098917,20.737546920776367,214100
2005-02-16,20.765241401679397,20.765241401679397,20.599119628892183,20.709867477416992,211300
2005-02-17,20.682178497314453,20.758318133258342,20.619883991800293,20.682178497314453,198500
2005-02-18,20.75830348040898,21.02825098788756,20.633711916890412,20.993642807006836,947900
2005-02-22,21.042103926580268,21.04902582980598,20.702938589828616,20.744468688964844,3282500
2005-02-23,20.834461074143004,20.91752130814988,20.744477613713837,20.84138298034668,482400
2005-02-24,20.917514492127417,21.02826231486155,20.709862654555465,21.00057601928711,410100
2005-02-25,20.972892743317914,21.201310339999726,20.972892743317914,21.17362403869629,448200
2005-02-28,21.249749777887487,21.249749777887487,20.779071081640808,20.855209350585938,779800
2005-03-01,20.972886094201932,21.06979141858784,20.965965511233975,21.021339416503906,390800
2005-03-02,21.042116165161133,21.194395484259896,20.945212104075605,21.042116165161133,758500
2005-03-03,21.1805392291277,21.19438303549969,20.95904360804798,21.021339416503906,312900
2005-03-04,21.125174415468425,21.229000367505716,21.111330603138494,21.21515655517578,333800
2005-03-07,21.180546797670317,21.374354875260384,21.180546797670317,21.263607025146484,438600
2005-03-08,21.318970103618973,21.318970103618973,21.097474516082855,21.12516212463379,731200
2005-03-09,21.201294532726134,21.201294532726134,20.959034626126112,20.993642807006836,386000
2005-03-10,21.111321893460797,21.14593008978908,21.00057408094861,21.069791793823242,577600
2005-03-11,21.145931293169173,21.145931293169173,20.83445354783474,20.903671264648438,428700
2005-03-14,20.938283920288086,20.952127730641525,20.765240251525377,20.938283920288086,1195700
2005-03-15,20.986729640768257,21.000573446968872,20.682172505444896,20.696016311645508,688100
2005-03-16,20.647568696125187,20.702942612472164,20.460681233372288,20.495290756225586,1745900
2005-03-17,20.571430343110713,20.5921960581118,20.43299620375864,20.56450843811035,196200
2005-03-18,20.544357299804688,20.65548285902128,20.41934071450573,20.544357299804688,1285200
2005-03-21,20.599925254922955,20.61381628449529,20.37072856586538,20.461017608642578,667400
2005-03-22,20.592982714476683,20.634654484491048,20.426294309697553,20.467966079711914,233000
2005-03-23,20.467965447572023,20.731889740529116,20.467965447572023,20.690217971801758,274800
2005-03-24,20.801338288569486,20.849955560524183,20.676321689416664,20.69715690612793,612300
2005-03-28,20.801344435663353,20.801344435663353,20.683273315429688,20.683273315429688,243500
2005-03-29,20.697155001538178,20.766608808534183,20.599920466576485,20.613811492919922,525700
2005-03-30,20.641605484099184,20.940256118774414,20.641605484099184,20.940256118774414,304700
2005-03-31,20.94025287713458,20.94025287713458,20.711056129563385,20.73883819580078,898600
2005-04-01,20.863856087194492,20.90552786431096,20.516588186872788,20.558259963989258,344700
2005-04-04,20.662431716918945,20.766611779959135,20.558251653878756,20.662431716918945,215800
2005-04-05,20.856901908957134,21.086098575001877,20.84995639486834,21.079153060913086,456500
2005-04-06,21.12083265233531,21.238903786182888,21.079160877072002,21.09305191040039,1220800
2005-04-07,21.079149170929345,21.31529130748479,20.94718707703751,21.308345794677734,1007500
2005-04-08,21.28751979164742,21.32919156439239,21.11388585970132,21.15555763244629,552900
2005-04-11,21.252790961044454,21.252790961044454,21.11388330242313,21.134719848632812,417200
2005-04-12,21.072215456915274,21.287521175603917,20.94025328913494,21.273630142211914,373100
2005-04-13,21.308356546082297,21.461153930770063,21.183339901918764,21.370864868164062,420600
2005-04-14,21.426427128204626,21.426427128204626,21.24584768287018,21.287519454956055,1148000
2005-04-15,21.356970678229658,21.600058414308297,21.356970678229658,21.39169692993164,4044300
2005-04-18,21.808407557242788,21.808407557242788,21.093037065673965,21.245834350585938,1153800
2005-04-19,21.280566122903405,21.343074420435062,21.09304255502969,21.231948852539062,926900
2005-04-20,21.287520554627978,21.287520554627978,20.919417453530745,20.968034744262695,433100
2005-04-21,21.218068587562946,21.273631399693418,21.06527118538463,21.252796173095703,429400
2005-04-22,21.343072307510134,21.343072307510134,21.079149441065322,21.17638397216797,795200
2005-04-25,21.252786251623654,21.322240065543994,21.13471516537547,21.225004196166992,344500
2005-04-26,21.252794819511276,21.308357628102968,21.09305191040039,21.09305191040039,345200
2005-04-27,21.06527118538463,21.301413468119623,20.968036595336788,21.252796173095703,339100
2005-04-28,21.134720037794803,21.287517403868556,21.113883491398628,21.148611068725586,347100
2005-04-29,21.238896153850206,21.46114730834961,21.12082506243223,21.46114730834961,429800
2005-05-02,21.565332807091746,21.565332807091746,21.440317494716066,21.551443099975586,502700
2005-05-03,21.56532306954965,21.63477687265631,21.447252001684653,21.53754234313965,2936300
2005-05-04,21.63478229609148,21.759798908078576,21.530602227676045,21.752853393554688,532500
2005-05-05,21.808420871305472,21.808420871305472,21.65562349311055,21.745912551879883,637000
2005-05-06,21.912606600902603,21.912606600902603,21.648683547973633,21.648683547973633,1699700
2005-05-09,21.711181811876134,21.822307395740566,21.593110713429997,21.80841636657715,1036100
2005-05-10,21.843149544675924,21.843149544675924,21.627842511557187,21.66951560974121,550000
2005-05-11,21.63478523565068,21.787583926494374,21.544496184015276,21.759801864624023,573500
2005-05-12,21.808411696990234,21.87786550321451,21.683395110730764,21.732013702392578,716500
2005-05-13,21.725077870884725,21.77369515949123,21.426427298334183,21.586170196533203,1828500
2005-05-16,21.66951903747738,21.84315299987793,21.63479145016407,21.84315299987793,653500
2005-05-17,21.84314518034316,21.850089370597896,21.62783819024347,21.829254150390625,1428900
2005-05-18,21.91955187807801,21.968169177447894,21.822317279338243,21.877880096435547,628700
2005-05-19,21.91259002450193,21.94731758724961,21.752847210025802,21.87091827392578,490300
2005-05-20,21.23195661868923,21.91260130219637,21.23195661868923,21.857038497924805,311400
2005-05-23,21.850091640968824,21.968162758390683,21.78063913343263,21.898710250854492,508600
2005-05-24,21.947319693945555,21.9820459353055,21.87786588650448,21.926483154296875,540200
2005-05-25,21.94733103183896,21.94733103183896,21.704243242577714,21.787588119506836,748700
2005-05-26,21.808409985701022,21.91259002450193,21.808409985701022,21.87091827392578,821000
2005-05-27,21.982053045420617,21.982053045420617,21.76674736496153,21.80147361755371,791100
2005-05-31,21.87786550321451,21.87786550321451,21.683395110730764,21.732013702392578,1182500
2005-06-01,21.766751569094087,21.857040638105584,21.66951698327834,21.787588119506836,591900
2005-06-02,21.773697085898338,21.84315092921896,21.704243242577714,21.787588119506836,408900
2005-06-03,21.808408530995923,21.808408530995923,21.662556751347743,21.71117401123047,1874900
2005-06-06,21.69728975423962,21.78063460054804,21.655617993446103,21.71812629699707,537100
2005-06-07,21.780645213834106,21.912606074769105,21.704245844550236,21.725082397460938,453800
2005-06-08,21.78758985505467,21.78758985505467,21.537556529072113,21.572282791137695,494900
2005-06-09,21.57922607841414,21.732024795044662,21.544499819937304,21.66257095336914,373200
2005-06-10,21.6347802241791,21.725070579621306,21.53754567959948,21.61394500732422,966000
2005-06-13,21.669510734966725,21.78758183714992,21.55838514758507,21.70423698425293,363300
2005-06-14,21.77369447242587,21.947328397525403,21.704240637441714,21.891765594482422,1039800
2005-06-15,21.982050256955503,21.982050256955503,21.711181811876134,21.80841636657715,685800
2005-06-16,21.91258956139934,21.954262635815834,21.84313708681393,21.947317123413086,979500
2005-06-17,21.874883338387708,22.132645290351547,21.874883338387708,22.056013107299805,536300
2005-06-20,22.118697553569078,22.118697553569078,21.94453458070633,22.028133392333984,484500
2005-06-21,22.083866887323037,22.083866887323037,21.951502647522947,21.993301391601562,400800
2005-06-22,21.94455183974876,22.056016123745167,21.89578638159521,21.916685104370117,507300
2005-06-23,21.944541137695314,21.965441179036628,21.763411432345865,21.77037811279297,561800
2005-06-24,21.840047070614695,21.840047070614695,21.665884017944336,21.665884017944336,358200
2005-06-27,21.665875248253222,21.672841926991172,21.52654433101042,21.57530975341797,869400
2005-06-28,21.735546722541056,21.79824551977742,21.65891456397251,21.791278839111328,529200
2005-06-29,21.87487095921373,21.87487095921373,21.735541366500687,21.76340675354004,403100
2005-06-30,21.78431136436816,21.805210076846173,21.575314938279085,21.617115020751953,625900
2005-07-01,21.665873157797446,21.665873157797446,21.50564354855883,21.58924102783203,483900
2005-07-05,21.51261968118889,21.728582823206356,21.491720965273977,21.665884017944336,443900
2005-07-06,21.589245264409104,21.7007094778186,21.49171440986536,21.526546478271484,1084000
2005-07-07,21.3175467744329,21.547441830689927,21.3175467744329,21.519575119018555,387400
2005-07-08,21.568341665742444,21.83307012545894,21.491710862147055,21.7773380279541,667900
2005-07-11,21.84004107182053,21.909706539505418,21.728576855028017,21.847007751464844,545800
2005-07-12,21.874875230149833,21.888808590768985,21.75644432240385,21.83307647705078,583600
2005-07-13,21.81217625173497,21.84004297273771,21.65891327249511,21.714645385742188,728300
2005-07-14,21.84004107182053,21.909706539505418,21.770375604135637,21.847007751464844,1118500
2005-07-15,21.87488491652227,21.97938250992146,21.847019511703348,21.95151710510254,454500
2005-07-18,21.97937103609124,21.97937103609124,21.805208028424087,21.819141387939453,626500
2005-07-19,21.90970967879557,21.92364171132215,21.749478681534455,21.82611083984375,322600
2005-07-20,21.944535827394674,22.16049755396121,21.944535827394674,22.139598846435547,1247900
2005-07-21,22.118700312401135,22.139600350104384,21.85397314528427,21.902738571166992,709000
2005-07-22,21.94453575893008,21.94453575893008,21.798239491674437,21.87487030029297,838100
2005-07-25,21.944539574215728,21.944539574215728,21.73554449072653,21.742509841918945,506400
2005-07-26,21.874873141283835,21.923638570035774,21.74947556520269,21.847007751464844,431400
2005-07-27,21.944544184349315,22.07690847370415,21.867912017550417,22.049041748046875,424100
2005-07-28,22.08386695334476,22.292862003120767,22.076900274517808,22.25802993774414,1833600
2005-07-29,22.29286896857341,22.29286896857341,22.104772567749023,22.104772567749023,958000
2005-08-01,22.258032377347906,22.320731164904466,22.1674668714292,22.216232299804688,1020700
2005-08-02,22.271971713682145,22.341637203681728,22.188374188689608,22.299837112426758,725300
2005-08-03,22.258027559744672,22.355558395385742,22.223194169331446,22.355558395385742,723600
2005-08-04,22.299824348820028,22.33465906701975,22.13262939453125,22.13262939453125,694700
2005-08-05,22.111728613027804,22.111728613027804,21.958465690941285,21.9793643951416,597400
2005-08-08,22.049037818835806,22.062971179181474,21.847009408857133,21.895774841308594,416500
2005-08-09,21.944540465189057,22.146570205688477,21.944540465189057,22.146570205688477,394400
2005-08-10,22.160505552476565,22.320736564302333,22.076908034684376,22.111740112304688,1930400
2005-08-11,22.11870109021729,22.285897411448257,22.097801051779076,22.244098663330078,432600
2005-08-12,22.22319564075983,22.230162319303748,22.04903266343607,22.118698120117188,204700
2005-08-15,22.090829327201114,22.188361488880158,22.03509723285221,22.13262939453125,521500
2005-08-16,22.17442738314454,22.18836073845001,21.97239904624676,21.9793643951416,431800
2005-08-17,21.979375297870398,22.118706262523574,21.951509902194896,22.021175384521484,403500
2005-08-18,22.028133392333984,22.132630910300026,21.965434615802753,22.028133392333984,375700
2005-08-19,22.188364199780924,22.188364199780924,21.867903621553445,21.87487030029297,1864600
2005-08-22,21.88183697903249,21.986334502609107,21.777339455455873,21.87487030029297,1283000
2005-08-23,21.867910973687064,21.867910973687064,21.707681295082118,21.73554801940918,2321400
2005-08-24,21.805213662825437,21.902745875876715,21.658917336386484,21.665884017944336,1617800
2005-08-25,21.7007094314932,21.770374896914973,21.672844042579428,21.693742752075195,966900
2005-08-26,21.735545930241567,21.735545930241567,21.589248299103375,21.617115020751953,718300
2005-08-29,21.589247981249244,21.853976517979508,21.422051640094637,21.83307647705078,1147400
2005-08-30,21.770372327259107,21.826104427266568,21.672841484435573,21.805204391479492,394700
2005-08-31,21.791271642940004,22.049032098672374,21.728572866408772,22.028133392333984,691500
2005-09-01,22.083871513445416,22.29286660637684,21.98633931848681,22.035104751586914,485300
2005-09-02,22.104772900306546,22.139606305849117,22.00027534119594,22.021175384521484,817000
2005-09-06,22.021171281224984,22.383430658815104,22.021171281224984,22.369497299194336,641900
2005-09-07,22.43219914976149,22.57153010746525,22.418265788239417,22.515796661376953,1813800
2005-09-08,22.529726383459565,22.606358530693363,22.397363456657168,22.501859664916992,1928900
2005-09-09,22.53668732660165,22.63422082242501,22.487921907447983,22.578487396240234,665000
2005-09-12,22.641190600113305,22.655123959384593,22.480960954768335,22.501859664916992,566500
2005-09-13,22.50185541545006,22.50185541545006,22.23016160476062,22.26499366760254,776400
2005-09-14,22.292863290506066,22.36252742528234,22.18139908035419,22.202299118041992,1536900
2005-09-15,22.188364028930664,22.320728266446164,22.167463992873028,22.188364028930664,650600
2005-09-16,22.29038202929189,22.37423358359706,22.192556326581894,22.360258102416992,509400
2005-09-19,22.32532541275273,22.353275048197272,22.13666037559385,22.199548721313477,688400
2005-09-20,22.199560343001288,22.269436467356766,21.989931969934847,22.031858444213867,613200
2005-09-21,21.899079024966895,22.073768550480175,21.899079024966895,21.92702865600586,1017400
2005-09-22,21.982929019799162,22.045817354944955,21.843178200522626,21.975942611694336,1725700
2005-09-23,21.836191447138226,22.0947325402935,21.8292037059421,21.989917755126953,1253300
2005-09-26,22.12268264417777,22.12268264417777,21.822216430212173,21.954980850219727,463300
2005-09-27,21.954985076899813,21.968960562280664,21.80125873603738,21.829208374023438,472200
2005-09-28,21.906069955069693,21.95498281609024,21.773305523174283,21.843181610107422,470500
2005-09-29,21.745349397140775,21.92003889594154,21.6684855911804,21.892087936401367,700100
2005-09-30,21.906064987182617,21.92702687556594,21.82221343532372,21.906064987182617,957000
2005-10-03,21.975942842680837,22.0038924737198,21.836190689160087,21.92702865600586,1464100
2005-10-04,21.263213026074837,22.213524639728632,21.263213026074837,22.017871856689453,618700
2005-10-05,22.017870799965777,22.024858541822045,21.654516220092773,21.654516220092773,1116100
2005-10-06,21.661498731067876,21.73836254015004,21.340070679951847,21.50777244567871,2054400
2005-10-07,21.62657435004561,21.62657435004561,21.472846639565738,21.4868221282959,450900
2005-10-10,21.52175064527234,21.577651244372706,21.36103658945571,21.4588623046875,1276300
2005-10-11,21.48681619674066,21.591629667730615,21.24923828501644,21.277189254760742,712400
2005-10-12,21.242253529549778,21.521756602417053,21.242253529549778,21.32610511779785,1276500
2005-10-13,21.298145703685186,21.507773924841985,21.270196073862763,21.430910110473633,1285300
2005-10-14,21.486803388258497,21.612580011580075,20.864909342696023,21.528728485107422,1362300
2005-10-17,21.48681783643494,21.55669393335247,21.416941739517412,21.52175521850586,895500
2005-10-18,21.55669137076424,21.612591975097846,21.472839797876066,21.493803024291992,1029900
2005-10-19,21.3959812758978,21.73837270766436,21.382005789023463,21.703433990478516,1051800
2005-10-20,21.766318778195537,21.766318778195537,21.207312722676534,21.2562255859375,1750100
2005-10-21,21.451885735580234,21.451885735580234,21.067567774306855,21.12346839904785,1361700
2005-10-24,21.1024995603499,21.29815101623535,21.088524075565058,21.29815101623535,937700
2005-10-25,21.312126700587957,21.312126700587957,21.00467269632034,21.165388107299805,1216500
2005-10-26,21.109493115757267,21.17936923055971,20.899866104125977,20.899866104125977,1346900
2005-10-27,20.948770923869866,20.976721892146127,20.809020080815127,20.822994232177734,2871100
2005-10-28,20.857942305477497,21.144433195034907,20.857942305477497,21.1374454498291,1076600
2005-10-31,21.277184547758356,21.32609740121465,21.17935750807047,21.235258102416992,1238900
2005-11-01,21.277187613674464,21.277187613674464,21.102498064572952,21.172372817993164,1293600
2005-11-02,21.088522580778715,21.214299269375882,21.060571613190238,21.172372817993164,1188900
2005-11-03,20.613365321824265,21.451875630737444,20.613365321824265,21.30513572692871,1788800
2005-11-04,21.298155523525097,21.43790773539785,21.298155523525097,21.41694450378418,507900
2005-11-07,21.52175064527234,21.52175064527234,21.333086956293236,21.4588623046875,508900
2005-11-08,21.41694372200971,21.45886885093081,21.38899408032091,21.409955978393555,576000
2005-11-09,21.430910110473633,21.493798443543145,21.340072147581697,21.430910110473633,328100
2005-11-10,21.44489491957203,21.724398003246836,21.43790717588318,21.71042251586914,1473800
2005-11-11,21.724396877237794,21.752346517768686,21.56368277905182,21.717409133911133,1651500
2005-11-14,21.752339387990606,21.752339387990606,21.528737005930715,21.570663452148438,296900
2005-11-15,21.570661511290307,21.801251613638733,21.570661511290307,21.682462692260742,451600
2005-11-16,21.745355873376813,21.76631776649974,21.58464047370651,21.640541076660156,328200
2005-11-17,21.696439718870643,21.78029128211106,21.61258948840561,21.75234031677246,397200
2005-11-18,21.871131245215373,21.8851067291571,21.752342297261688,21.843181610107422,1958400
2005-11-21,21.90606644826473,21.90606644826473,21.75932655591826,21.885103225708008,514500
2005-11-22,21.8711357934415,21.906074510561524,21.70343394959273,21.759334564208984,684600
2005-11-23,21.80125907776657,21.84318420179065,21.724395239742712,21.81523323059082,718500
2005-11-25,21.822218384194827,21.871131245215373,21.80125649105774,21.843181610107422,115200
2005-11-28,21.864142232339276,21.864142232339276,21.584637917891357,21.61258888244629,861200
2005-11-29,21.710414463212683,21.773302800310447,21.619576494502212,21.6335506439209,490500
2005-11-30,21.647529353015525,21.70342995734913,21.493803024291992,21.493803024291992,542000
2005-12-01,21.661509642823027,21.745361234313386,21.612596769776914,21.71042251586914,488200
2005-12-02,21.661504346283486,21.801256520337454,21.605603743217,21.787281036376953,585700
2005-12-05,21.787283250656525,21.836196116713865,21.731382641908766,21.829208374023438,2846000
2005-12-06,21.857157123403937,21.941007361615913,21.766317810436206,21.787281036376953,719200
2005-12-07,21.766321564165416,21.773309307350743,21.633557109195692,21.69644546508789,887300
2005-12-08,21.675480169241897,21.871131616646775,21.675480169241897,21.773305892944336,338800
2005-12-09,21.773307117228416,21.857158694242173,21.745357480074233,21.801258087158203,492600
2005-12-12,21.871131142518543,21.899082110270754,21.626566838564177,21.808242797851562,753200
2005-12-13,21.77330497014164,22.080758945172946,21.77330497014164,22.045820236206055,1674000
2005-12-14,22.101731127023857,22.227507872307875,22.05281824447476,22.108718872070312,3037800
2005-12-15,22.262443496669224,22.262443496669224,22.115703536684823,22.17160415649414,569300
2005-12-16,22.307604298227698,22.328636462048614,22.223478317260742,22.223478317260742,501300
2005-12-19,22.405753565454205,22.644112759738483,22.39874418076214,22.419775009155273,985000
2005-12-20,22.475862408031148,22.489883852745383,22.363692187475824,22.391735076904297,408200
2005-12-21,22.700196946160453,22.700196946160453,22.419773440394817,22.461837768554688,469200
2005-12-22,22.58101549533885,22.651122707309103,22.468846630503137,22.609058380126953,625600
2005-12-23,22.68617966313199,22.693189048618823,22.59504160589976,22.63710594177246,741800
2005-12-27,22.784319711898046,22.784319711898046,22.440801099542533,22.454822540283203,432600
2005-12-28,22.545960567939378,22.581012832632872,22.447813157071053,22.454822540283203,323300
2005-12-29,22.566996393070323,22.566996393070323,22.36369080590783,22.37771224975586,462300
2005-12-30,22.32863153430018,22.32863153430018,22.20244125354056,22.23749351501465,417500
2006-01-03,22.279561592802256,22.566993127138403,22.202444999957017,22.510910034179688,1230000
2006-01-04,22.524934169226476,22.75628130110699,22.524934169226476,22.73525047302246,2160600
2006-01-05,22.97359439678112,22.97359439678112,22.637087999468406,22.679149627685547,1261100
2006-01-06,22.770294023500742,22.87545347228075,22.707198889095913,22.826379776000977,774900
2006-01-09,22.89649298610431,22.9525787599003,22.826388443176207,22.93154525756836,622700
2006-01-10,23.09979459212913,23.09979459212913,22.770297432647922,22.847414016723633,823300
2006-01-11,22.77731728886223,22.88247411507599,22.742262339140453,22.791336059570312,1015600
2006-01-12,22.7212338154816,22.826393326688624,22.7212338154816,22.770307540893555,547900
2006-01-13,23.211956771229225,23.211956771229225,22.637091258761366,22.756269454956055,878500
2006-01-17,22.59503837757841,22.71421930836417,22.59503837757841,22.693185806274414,1063700
2006-01-18,22.714226008388323,22.77732118463509,22.658140218694466,22.72824478149414,1213900
2006-01-19,22.861435456947966,22.93153998375337,22.65111920221548,22.847414016723633,2798500
2006-01-20,22.85442641633112,22.85442641633112,22.40575096719488,22.412761688232422,3070600
2006-01-23,22.447816388279232,22.461837831038196,22.3005939136269,22.39874267578125,1085000
2006-01-24,22.349673085883893,22.40575753346212,22.24451491381955,22.293588638305664,1173700
2006-01-25,22.363698077937286,22.412771810204266,22.18142326011784,22.26555061340332,1425200
2006-01-26,22.321627811522223,22.461839575685552,22.314617089598208,22.37771224975586,1221300
2006-01-27,22.405756105948466,22.67215821784109,22.405756105948466,22.63710594177246,1228700
2006-01-30,22.70720254617277,22.777309748089085,22.5109077294397,22.531938552856445,977700
2006-01-31,22.160381498088313,22.581014045638472,22.160381498088313,22.524930953979492,2370400
2006-02-01,22.637110607056805,22.735258070003084,22.581024814334477,22.66515350341797,1472700
2006-02-02,22.74225240641972,22.74225240641972,22.426778054086657,22.48286247253418,900500
2006-02-03,22.4478136781747,22.552970474696284,22.335644823961815,22.4408016204834,823400
2006-02-06,22.356673076047837,22.363683795774268,22.167388992066474,22.23749351501465,924800
2006-02-07,22.25853232865586,22.34265965336586,22.15337417563721,22.20244789123535,1328600
2006-02-08,22.17439686847949,22.4898738861084,22.090270911792555,22.4898738861084,1537800
2006-02-09,22.489879208609743,22.679161987372414,22.489879208609743,22.510910034179688,1491900
2006-02-10,22.377710449393323,22.468847152756293,22.2725523033104,22.461837768554688,812200
2006-02-13,22.447815463787947,22.454824847720374,22.32162515847108,22.433794021606445,644600
2006-02-14,22.89648775063749,22.89648775063749,22.46884318333653,22.651119232177734,900300
2006-02-15,22.651121149192868,22.812363714157925,22.616066208460744,22.784320831298828,974500
2006-02-16,22.791333497395264,22.94556670101736,22.728238339033215,22.93154525756836,1161200
2006-02-17,22.80535166590409,22.93855402238274,22.79834228234461,22.91752052307129,756200
2006-02-21,22.952573008726244,23.001646711343007,22.749266141133237,22.79833984375,692800
2006-02-22,22.763293219885426,23.022683237159804,22.763293219885426,22.994640350341797,641800
2006-02-23,22.938551989883223,22.994635076339257,22.84040458284796,22.91050910949707,790800
2006-02-24,22.896487669303994,22.966592195953105,22.826383142654883,22.91050910949707,665900
2006-02-27,22.92453091470424,23.155877995782923,22.92453091470424,23.085773468017578,1548200
2006-02-28,22.994637104109056,22.994637104109056,22.72122568202411,22.784320831298828,912700
2006-03-01,22.756273743848947,22.833390320304673,22.651116964031505,22.805347442626953,1319700
2006-03-02,22.784328867071373,22.805359699474778,22.68618141676555,22.76329803466797,757400
2006-03-03,22.69318186862066,22.89648874953767,22.665141661227867,22.686172485351562,795500
2006-03-06,22.686184221885334,22.70020566999382,22.50390807079276,22.56700325012207,954100
2006-03-07,22.503896016614867,22.686172070071546,22.503896016614867,22.574003219604492,1244300
2006-03-08,22.524940479648027,22.80536140516437,22.524940479648027,22.72824478149414,490900
2006-03-09,22.784318903010707,22.791328285974007,22.63008573465527,22.651119232177734,381500
2006-03-10,22.707207586031824,22.777314803508418,22.651124486367447,22.73525047302246,626700
2006-03-13,22.87544739854241,22.87544739854241,22.679149991227053,22.721214294433594,761900
2006-03-14,22.721230393542722,22.88948505127042,22.686178119858596,22.88247299194336,868500
2006-03-15,22.93154802158713,22.980621742415206,22.82639119452006,22.959590911865234,729000
2006-03-16,22.959590911865234,23.00866463269331,22.910517191037158,22.959590911865234,815000
2006-03-17,23.034846025323432,23.062980832347687,22.9715440510603,23.01374626159668,395200
2006-03-20,23.048915896478768,23.105182833468405,22.964514149452732,23.05594825744629,745800
2006-03-21,23.02077323606762,23.084075195521166,22.83086735770697,22.915271759033203,1330400
2006-03-22,22.943405627360512,23.154411280614873,22.93637326825443,23.14737892150879,559600
2006-03-23,23.07000558111847,23.07000558111847,22.90120216083169,23.020771026611328,1707700
2006-03-24,22.92933754371285,23.062976510493534,22.92933754371285,22.985607147216797,465500
2006-03-27,22.922310951038366,22.936378355453076,22.781639589974287,22.80977439880371,778800
2006-03-28,22.67613570152342,22.77460483900857,22.577663880955505,22.598766326904297,1013700
2006-03-29,22.73943487106649,22.73943487106649,22.598763542101178,22.662065505981445,503300
2006-03-30,22.605792296472966,22.78866579989183,22.556557741648348,22.61985969543457,690200
2006-03-31,22.591732386921752,22.66910176531839,22.472163480732693,22.493263244628906,895800
2006-04-03,22.57766377815006,22.64096574954267,22.472162281217546,22.47919464111328,2382100
2006-04-04,22.54249519688301,22.563597641410524,22.394791500603333,22.507328033447266,2518900
2006-04-05,22.41588526133537,22.53545545600986,22.40181786395229,22.43698501586914,1908800
2006-04-06,22.415893520424774,22.415893520424774,22.16268564039879,22.2681884765625,2216300
2006-04-07,22.32445775170371,22.359626259704623,21.979814422543203,22.00091552734375,1833100
2006-04-10,22.014983715538058,22.014983715538058,21.818045417875336,21.958715438842773,1887700
2006-04-11,21.965738532594415,21.965738532594415,21.614061637708662,21.71956443786621,2293300
2006-04-12,21.7336357111702,21.867273330688477,21.705502252163846,21.867273330688477,4217500
2006-04-13,21.747703280056793,21.853206099845565,21.726602179482583,21.818038940429688,1763700
2006-04-17,21.825076317998178,21.825076317998178,21.614069301326246,21.691438674926758,1521400
2006-04-18,21.78991529332147,21.909485574697783,21.719579596945668,21.895418167114258,7651600
2006-04-19,21.88133723660972,21.88133723660972,21.684397688851114,21.768800735473633,1405900
2006-04-20,21.811010416938583,21.99388264069518,21.768809547315204,21.965747833251953,3495900
2006-04-21,22.092342353085474,22.092342353085474,21.825068504173544,21.91650390625,1167900
2006-04-24,21.578901574492747,21.874310316913704,21.578901574492747,21.832109451293945,1619700
2006-04-25,21.811013353221934,21.832114461645066,21.628141104846367,21.698476791381836,2743900
2006-04-26,21.677375682958704,21.803979650414224,21.621107402038657,21.698476791381836,2192300
2006-04-27,21.628133945359313,21.69846960861181,21.508563720292425,21.578899383544922,4469800
2006-04-28,21.578904266516183,21.80397736662177,21.578904266516183,21.79694366455078,2495700
2006-05-01,21.754747404334186,21.825083098409397,21.60000860906037,21.60704231262207,1018600
2006-05-02,21.635177126868868,21.684411710258978,21.55077402567026,21.60704231262207,791300
2006-05-03,21.494493312130516,21.557795266047336,21.353823346847253,21.367889404296875,2203100
2006-05-04,22.01498452185975,22.01498452185975,21.367898645393026,21.438234329223633,1475800
2006-05-05,21.543732505473145,21.684403842584285,21.480431879468558,21.64923667907715,1190000
2006-05-08,21.600003979691294,21.677373360746195,21.592971619178574,21.6422061920166,3090900
2006-05-09,21.585937296520278,21.635171867942795,21.45933334626726,21.48746681213379,3177400
2006-05-10,21.459330206037624,21.564833035296004,21.4522965052149,21.46636390686035,2280700
2006-05-11,21.487465790476083,21.557801464110362,21.381962950795362,21.424163818359375,1620600
2006-05-12,21.367895726524175,21.494499671816765,21.353829664912755,21.374929428100586,1406100
2006-05-15,21.424160316977787,21.6773681640625,21.381959456310724,21.6773681640625,2248900
2006-05-16,21.663301192546307,21.803972519611893,21.649235133072708,21.7336368560791,1808200
2006-05-17,21.656265183340857,21.811002543798523,21.494492782020373,21.508560180664062,3359700
2006-05-18,21.54373594506218,21.55076964719484,21.403065927033506,21.417133331298828,1288500
2006-05-19,21.44526535573359,21.44526535573359,21.192057462156352,21.297561645507812,1091100
2006-05-22,21.213158961189595,21.396031183110026,21.19909155760923,21.206125259399414,873300
2006-05-23,21.27645553230566,21.297556632317292,21.107650756835938,21.107650756835938,2276200
2006-05-24,21.142822758846812,21.23425953830302,20.952918181402012,21.170957565307617,1705700
2006-05-25,21.31865484937068,21.39602420227813,21.227219439013613,21.367889404296875,531000
2006-05-26,21.445265942563267,21.529669023245766,21.374930265584762,21.48746681213379,1935800
2006-05-30,21.339762910330005,21.396031183110026,21.163924390199757,21.206125259399414,1443900
2006-05-31,21.234251304379466,21.3538215023898,21.19908280994061,21.339754104614258,1171000
2006-06-01,21.431199155014554,21.64923989407082,21.381964582176522,21.6422061920166,876200
2006-06-02,21.740668046363204,21.754735445753752,21.599996735539822,21.726600646972656,969700
2006-06-05,21.62812888910019,21.656263684440265,21.374921097203007,21.388988494873047,878200
2006-06-06,21.43119751987694,21.522634298063917,21.311627277161087,21.424163818359375,3027300
2006-06-07,21.487469806761567,21.712544272768856,21.438235228477414,21.52263832092285,1461000
2006-06-08,21.543736702905846,21.62110608754522,21.311629890529286,21.557804107666016,2199300
2006-06-09,21.459323438335076,21.57185993292515,21.40305519104004,21.40305519104004,791500
2006-06-12,21.410091556645636,21.480427209911177,21.18501853942871,21.18501853942871,763800
2006-06-13,21.206123600013058,21.36086234420584,21.114688166978418,21.128755569458008,1069400
2006-06-14,21.058418527555894,21.213155920132888,21.058418527555894,21.163921356201172,1023000
2006-06-15,21.192057034445234,21.515600596546353,21.15688986839879,21.424163818359375,975500
2006-06-16,21.40369257519939,21.516640714399806,21.36133735961124,21.39663314819336,803100
2006-06-19,21.42486673427693,21.46722194171634,21.17073279674493,21.23426628112793,957800
2006-06-20,21.262506260546573,21.262506260546573,21.128379851770216,21.1566162109375,474100
2006-06-21,21.142497031166457,21.354274420726775,21.142497031166457,21.26250457763672,465900
2006-06-22,21.290743847390207,21.290743847390207,21.07896642885628,21.142499923706055,372300
2006-06-23,21.086024311889112,21.26250592989591,21.036608327830983,21.16367530822754,1943300
2006-06-26,21.156620638650132,21.17779892229378,21.02249554825164,21.086029052734375,754100
2006-06-27,21.015428927170195,21.086021835371472,20.81776905349616,20.867183685302734,673500
2006-06-28,20.92365774257421,20.98719122531059,20.775413847154486,20.867183685302734,481600
2006-06-29,21.043668044354355,21.255446796752047,20.98719397967122,21.227209091186523,632400
2006-06-30,21.248386380486355,21.460163776570308,21.241326954423844,21.34721565246582,1312400
2006-07-03,21.340159407547425,21.431930613592414,21.326040553317725,21.38957405090332,313800
2006-07-05,21.35427981112775,21.382517521635922,21.29074630893251,21.368398666381836,1093000
2006-07-06,21.311914179787074,21.53781036769732,21.311914179787074,21.4460391998291,937700
2006-07-07,21.389566076183847,21.551930146394724,21.389566076183847,21.46721839904785,699600
2006-07-10,21.55193170893023,21.62958269097646,21.50251573396745,21.544872283935547,1642100
2006-07-11,21.580169021697504,21.636643077717594,21.495458610891227,21.594287872314453,1552700
2006-07-12,21.629584008675966,21.671940561224474,21.474280688674607,21.51663589477539,677400
2006-07-13,21.396625828067798,21.460159302938226,21.248381951001846,21.29073715209961,788700
2006-07-14,21.290742619713857,21.368394963707736,21.071905786987735,21.1566162109375,1319700
2006-07-17,21.128379159900238,21.333097133115068,21.128379159900238,21.2413272857666,432600
2006-07-18,21.22720843342134,21.326037706942437,21.07896452313969,21.2413272857666,689000
2006-07-19,21.311914799595748,21.820181237175568,21.311914799595748,21.742528915405273,1708900
2006-07-20,21.820184077944994,21.911955260429853,21.763710021972656,21.763710021972656,1092700
2006-07-21,21.791949632416166,21.904897754256435,21.742533650969204,21.86254119873047,644200
2006-07-24,21.98960930846439,22.328453691490957,21.98960930846439,22.28609848022461,1857600
2006-07-25,22.180212527941883,22.540235234448268,22.180212527941883,22.476701736450195,2366200
2006-07-26,22.519050900182293,22.61788150741958,22.39904336360306,22.582584381103516,1877800
2006-07-27,22.469636917114258,22.48375576804743,22.321393021659116,22.469636917114258,1919500
2006-07-28,22.519048671845894,22.660233123796388,22.462574621776184,22.589641571044922,1817000
2006-07-31,22.603760767810265,22.603760767810265,22.469634391914063,22.51198959350586,462400
2006-08-01,22.50493016883263,22.561404219770886,22.391982066956118,22.51198959350586,3115000
2006-08-02,22.660235340159975,22.780244223049504,22.610820709821756,22.65317726135254,633700
2006-08-03,22.48376597396146,22.617892425814333,22.40611360502848,22.455528259277344,2033400
2006-08-04,22.55434517550063,22.58258152653655,22.42021880534931,22.462574005126953,899700
2006-08-07,22.420222641890668,22.47669670007386,22.363748583707476,22.391984939575195,630800
2006-08-08,22.42022106034096,22.497873389783067,22.33550930581797,22.384923934936523,1020700
2006-08-09,22.540237198393147,22.624947638806077,22.391991907998257,22.406110763549805,739700
2006-08-10,22.264917747904413,22.448457414216854,22.264917747904413,22.384923934936523,680000
2006-08-11,22.335513447606285,22.3637511531661,22.201388385540902,22.27903938293457,456200
2006-08-14,22.363740642582393,22.504925064683412,22.30726660445253,22.32844352722168,408700
2006-08-15,22.497879385751506,22.547294028039683,22.427286462576383,22.51905632019043,651400
2006-08-16,22.589642184244898,22.71670913696289,22.58258275948861,22.71670913696289,1290600
2006-08-17,22.695537984592814,22.843781902856474,22.695537984592814,22.7731876373291,998300
2006-08-18,22.730834590046083,22.815545018835707,22.674359175589014,22.808486938476562,484900
2006-08-21,22.78730577133277,22.80142462399269,22.695537268386957,22.730833053588867,468900
2006-08-22,22.674360842214337,22.829665550490603,22.646125825806433,22.801427841186523,376200
2006-08-23,22.822608130707113,22.822608130707113,22.73789500034102,22.787309646606445,422000
2006-08-24,22.914377797496183,22.98497207633873,22.879082004523102,22.942615509033203,701200
2006-08-25,22.90731144332274,22.999082626227654,22.85789681242673,22.95672607421875,394300
2006-08-28,22.977900169849786,23.1967382888961,22.94966247199315,23.10496711730957,335000
2006-08-29,23.133206968818577,23.224978148948807,23.10496926833307,23.210859298706055,845800
2006-08-30,23.253214409746636,23.274394032699888,23.196741698627417,23.224979400634766,685700
2006-08-31,23.224984605923286,23.23204268655927,23.119094546110908,23.154390335083008,375900
2006-09-01,23.15438230197149,23.30262617996067,23.15438230197149,23.274391174316406,2468600
2006-09-05,23.260277817791057,23.295573602852585,23.168506622314453,23.168506622314453,805700
2006-09-06,23.18262290450947,23.18262290450947,23.02731823598344,23.08379364013672,1378000
2006-09-07,22.984965749890502,23.034380385031064,22.893194559102746,22.914371490478516,1418700
2006-09-08,22.97084487187874,23.11908876422467,22.928488319967585,23.097911834716797,468700
2006-09-11,23.09792226992825,23.253224311307576,23.01320912783412,23.246166229248047,1016900
2006-09-12,23.316743116211367,23.528523144986327,23.30262426810004,23.514404296875,1090100
2006-09-13,23.52853938854937,23.535597471030304,23.408530443199144,23.46500587463379,905700
2006-09-14,23.40146416289676,23.457936881651527,23.34498875124615,23.43675994873047,557400
2006-09-15,23.552214101441944,23.58054824059243,23.47429656982422,23.47429656982422,1960100
2006-09-18,23.474302491924686,23.530970784521944,23.424719086948542,23.467220306396484,1559700
2006-09-19,23.474307525482168,23.509723864903265,23.38222288131252,23.502641677856445,693900
2006-09-20,23.516795686373793,23.679712918856783,23.502628618058925,23.59471321105957,716900
2006-09-21,23.608888620062007,23.608888620062007,23.410552295676425,23.445968627929688,572800
2006-09-22,23.375137788398774,23.424721197843073,23.2547217089178,23.29722023010254,1020700
2006-09-25,23.375139946360875,23.438890436116505,23.240556780029394,23.389307022094727,795700
2006-09-26,23.389296096492966,23.42471241823723,23.325545636516434,23.410545349121094,774200
2006-09-27,23.43888024693223,23.47429656982422,23.297212253272026,23.47429656982422,1074300
2006-09-28,23.47430508638316,23.47430508638316,23.360971190755517,23.431806564331055,463800
2006-09-29,23.56639005564661,23.56639005564661,23.41763982216543,23.509721755981445,575800
2006-10-02,23.431797977801498,23.516797692850975,23.35388044646772,23.37512969970703,423200
2006-10-03,23.360968890103265,23.523886180142636,23.332634743463476,23.445968627929688,1416100
2006-10-04,23.417636315107373,23.651386260986328,23.38930216951815,23.651386260986328,1627800
2006-10-05,23.573468711662393,23.651386260986328,23.523885307927678,23.651386260986328,1045000
2006-10-06,23.715132633324227,23.715132633324227,23.48846491202375,23.559297561645508,1331700
2006-10-09,23.55222298073032,23.55930516714184,23.438889083493244,23.509721755981445,806800
2006-10-10,23.545131154678298,23.545131154678298,23.297211498284167,23.410545349121094,1355100
2006-10-11,23.339711000978415,23.45304484353782,23.290127613739422,23.403461456298828,736700
2006-10-12,23.403476962206017,23.566394299944836,23.39639207242526,23.54514503479004,890600
2006-10-13,23.474302491924686,23.488469565074002,23.382217867500596,23.467220306396484,3143600
2006-10-16,23.403474846639973,23.51680875404358,23.375140694265696,23.502641677856445,969700
2006-10-17,23.516801868075348,23.594719413242778,23.417635065895965,23.56638526916504,1388400
2006-10-18,23.651387968263442,23.8355572257948,23.63013870858407,23.82139015197754,755700
2006-10-19,23.807225269466645,23.927641354857357,23.800140380859375,23.800140380859375,1428000
2006-10-20,23.814294690472913,23.984296798706055,23.764711305174046,23.984296798706055,1987400
2006-10-23,23.906381937818974,24.048049926757812,23.842631477901104,24.048049926757812,772700
2006-10-24,23.970136642456055,23.970136642456055,23.835553515282367,23.970136642456055,689200
2006-10-25,23.97722811590793,23.97722811590793,23.74347809898996,23.82847785949707,1141500
2006-10-26,23.885142593040584,23.92764111588661,23.73638965679971,23.92055892944336,2016300
2006-10-27,23.84263941165691,23.878055745153546,23.764721856708494,23.82139015197754,829900
2006-10-30,23.72930312756136,23.807220674643418,23.67971972525328,23.68680191040039,1657400
2006-10-31,23.69388098402305,23.736379488663662,23.53096374468579,23.587629318237305,1331500
2006-11-01,23.552210421392488,23.778878094994937,23.389293199871467,23.417627334594727,1867200
2006-11-02,23.346808652334914,23.573476487631854,23.346808652334914,23.54514503479004,1797800
2006-11-03,23.587639984516905,23.637223397080536,23.403473409579615,23.42472267150879,735000
2006-11-06,23.51680216705008,23.75055210343139,23.417635363609968,23.708053588867188,896900
2006-11-07,23.67971319836382,23.963049163821587,23.67971319836382,23.892213821411133,957800
2006-11-08,23.60179845371823,23.60179845371823,23.42471412996459,23.53096580505371,2985100
2006-11-09,23.424719386520774,23.509719124410786,22.865132149384547,22.978466033935547,4776400
2006-11-10,22.928875455261515,23.049294189852468,22.850957927365975,23.013877868652344,1914500
2006-11-13,22.893462058233688,23.162630997501267,22.893462058233688,23.056379318237305,1603300
2006-11-14,22.957214757821895,23.268882237428855,22.935965500739723,23.24763298034668,2427800
2006-11-15,23.21221363696639,23.46013061104096,23.1767973123975,23.360963821411133,1415900
2006-11-16,23.35388551487796,23.50971790927304,23.35388551487796,23.460134506225586,801400
2006-11-17,23.396379989661845,23.53804798908323,23.396379989661845,23.53096580505371,1078200
2006-11-20,23.530964848125194,23.58054824059243,23.424713177356985,23.47429656982422,1454500
2006-11-21,23.53097126877519,23.53097126877519,23.389303236459515,23.438886642456055,1509900
2006-11-22,23.41764121550918,23.50972315480405,23.389307063990724,23.488473892211914,1215000
2006-11-24,23.382222133181095,23.43180824929628,23.360972870627023,23.389307022094727,118700
2006-11-27,23.33263582514301,23.36096997309635,23.15555145357428,23.233469009399414,1512900
2006-11-28,23.19097051664176,23.33972074043085,23.19097051664176,23.283052444458008,1389200
2006-11-29,23.32555255785,23.460135701249584,23.311385484530106,23.445968627929688,1137700
2006-11-30,23.481382727898527,23.630132913359642,23.467215657555702,23.559297561645508,1195400
2006-12-01,23.58764074142523,23.63014196874074,23.396389271645557,23.538057327270508,833400
2006-12-04,23.297221695747076,23.47430608407242,23.297221695747076,23.42472267150879,1611400
2006-12-05,23.467220336415505,23.55222007332721,23.39638497057832,23.516803741455078,1009100
2006-12-06,23.495551099841432,23.57346864895811,23.38930210730374,23.55221939086914,1639600
2006-12-07,23.5593072805115,23.679726077055427,23.488474601669306,23.502641677856445,605000
2006-12-08,23.481394537231917,23.601810642567408,23.389309884738243,23.54514503479004,827600
2006-12-11,23.58762832585614,23.630129530800744,23.509710801170364,23.59471321105957,348900
2006-12-12,23.601808547973633,23.601808547973633,23.48139245332473,23.601808547973633,1067500
2006-12-13,23.58763572171504,23.686802528920683,23.53097013278017,23.55221939086914,720200
2006-12-14,23.67263412475586,23.793052885370667,23.59471928211415,23.67263412475586,1075700
2006-12-15,23.67049838035353,23.79844724010559,23.64917447425659,23.748689651489258,709400
2006-12-18,23.79845428466797,23.86242873348103,23.741589614381923,23.79845428466797,1903800
2006-12-19,23.74158597621182,23.954833202381923,23.74158597621182,23.919292449951172,1605100
2006-12-20,24.018816640401912,24.018816640401912,23.883757934343446,23.933515548706055,1349000
2006-12-21,23.897966421865288,23.98326748371717,23.82688491524105,23.869535446166992,498800
2006-12-22,23.912187186745815,23.912187186745815,23.706046987511705,23.770021438598633,275000
2006-12-26,23.741585276236446,23.791342870489608,23.698934747625657,23.78423309326172,432700
2006-12-27,23.862429440654665,23.919296824212015,23.855322373503043,23.89797019958496,817800
2006-12-28,23.897966421865288,23.947724018819386,23.819775137627225,23.869535446166992,281600
2006-12-29,23.770015696185485,23.91218140998796,23.691827129600306,23.805559158325195,315900
2007-01-03,23.95483165143519,24.054346836432458,23.69893391196483,23.812665939331055,1806100
2007-01-04,23.954833863809295,24.160974029819315,23.841101825939226,24.082782745361328,1701900
2007-01-05,24.10410595303303,24.10410595303303,23.890858727185922,23.947723388671875,1529200
2007-01-08,23.990367352071907,24.025908094720968,23.82687776661834,23.976150512695312,1609900
2007-01-09,24.111213018874178,24.111213018874178,23.919292413721696,23.947723388671875,934800
2007-01-10,23.947726890107795,24.033027962187123,23.833994838921353,23.99037742614746,526300
2007-01-11,23.976160030199413,24.253381729125977,23.95483611846227,24.253381729125977,2622600
2007-01-12,24.27470959078646,24.40265849090829,24.224951986470867,24.367115020751953,1281100
2007-01-16,24.423980712890625,24.43819755765173,24.324465511148755,24.423980712890625,651000
2007-01-17,24.431088178940076,24.651445208961377,24.38844035554532,24.566146850585938,2826700
2007-01-18,24.608794322503947,24.701202457849302,24.537712810137297,24.63722801208496,2561300
2007-01-19,24.63012066005092,24.72963586084533,24.608794037319367,24.64433479309082,1521400
2007-01-22,24.686977519365566,24.822033433218106,24.452406436191684,24.495054244995117,5078500
2007-01-23,24.452416095223885,24.509280766619106,24.30314057069104,24.367115020751953,2029300
2007-01-24,24.416870805156027,24.58036316324829,24.352896359863447,24.551929473876953,3488200
2007-01-25,24.55902950712554,24.55902950712554,24.431080653182825,24.46662139892578,3214300
2007-01-26,24.34578651469394,24.416868018423788,24.210730572973006,24.33156967163086,2505600
2007-01-29,24.345781908022715,24.381322653162677,24.260483577369804,24.296024322509766,1967500
2007-01-30,24.409764957631303,24.43819864842262,24.331573663748177,24.416872024536133,1187600
2007-01-31,24.438199883798134,24.573255854505117,24.374225432076695,24.53060531616211,1685900
2007-02-01,24.630112159741742,24.758061005630132,24.601678480303228,24.73673439025879,2628200
2007-02-02,24.786496385334875,24.80782300450223,24.637223609090377,24.686981201171875,1197600
2007-02-05,24.68698148558008,24.72252223582126,24.580359234856545,24.679874420166016,3132600
2007-02-06,24.686980719023655,24.694090495802385,24.544815010887906,24.608789443969727,2216100
2007-02-07,24.615903815425167,24.679878260448127,24.573253281547913,24.64433479309082,1572700
2007-02-08,24.658551390791533,24.679878013309526,24.5945769464092,24.623010635375977,1345800
2007-02-09,24.686985431012012,24.686985431012012,24.487955028584373,24.551929473876953,2625700
2007-02-12,24.52349616178665,24.53771300669104,24.416871180796694,24.44530487060547,1421000
2007-02-13,24.452421058845392,24.551936287677275,24.452421058845392,24.54482650756836,1295000
2007-02-14,24.530603805705343,24.69409617016019,24.530603805705343,24.67276954650879,2023400
2007-02-15,24.7011873669519,24.80070250810197,24.651429796376863,24.78648567199707,1134100
2007-02-16,24.630116543758188,24.715414885671418,24.630116543758188,24.686981201171875,1294300
2007-02-20,24.637227946982833,24.736743148667536,24.637227946982833,24.701202392578125,739000
2007-02-21,24.637228610483145,24.651445455618955,24.55903731802916,24.58747100830078,975800
2007-02-22,24.623010985719432,24.6301207638552,24.480845250448606,24.551929473876953,1374700
2007-02-23,24.53060322844589,24.53060322844589,24.381330424328677,24.44530487060547,898000
2007-02-26,24.502178673261334,24.56615313630849,24.452421058845392,24.54482650756836,1881500
2007-02-27,24.360007478517492,24.409765081862535,23.57099018035176,23.79845428466797,3057900
2007-02-28,23.848208728291457,24.153864086391533,23.848208728291457,23.96194076538086,2330100
2007-03-01,23.762909943642903,23.969050104466753,23.535445873625413,23.855318069458008,2406700
2007-03-02,23.812662513165353,23.93350158853702,23.64206314086914,23.64206314086914,2559100
2007-03-05,23.528335856080027,23.777126544338017,23.44303750859028,23.521228790283203,1744400
2007-03-06,23.663399161177825,23.84110566846528,23.457258961943715,23.770021438598633,2897500
2007-03-07,23.70604590034642,23.88375239948421,23.66339807596838,23.777130126953125,1175800
2007-03-08,23.8695349127823,24.139646801187066,23.812667539485126,23.855318069458008,1161000
2007-03-09,23.99037533364421,24.025916088117643,23.841102537904337,23.90507698059082,1147300
2007-03-12,23.933507957218115,23.976158489537685,23.798452005584767,23.90507698059082,2392700
2007-03-13,23.84820059969357,23.919284793386613,23.514114379882812,23.514114379882812,3381500
2007-03-14,23.592306672797235,23.649174036784068,23.379059481016938,23.606523513793945,3423800
2007-03-15,23.57809006645208,23.670498178057755,23.53544225462268,23.66339111328125,1382000
2007-03-16,23.73045985570481,23.73759621482287,23.573495337513563,23.687652587890625,859200
2007-03-19,23.709054726909546,23.87315559387207,23.65197746618158,23.87315559387207,782500
2007-03-20,23.77326309289525,24.00871388589207,23.77326309289525,23.994443893432617,2089000
2007-03-21,23.973046779077823,24.27984493083775,23.88742951306132,24.237037658691406,1889100
2007-03-22,24.265563315529956,24.329776914730463,24.187082446927125,24.322643280029297,1667000
2007-03-23,24.258434957383802,24.493885779573734,23.83034601741333,24.20135498046875,1487400
2007-03-26,24.272711292721297,24.272711292721297,24.065800404934592,24.237037658691406,961500
2007-03-27,24.187091414456418,24.187091414456418,24.02298781653953,24.065797805786133,2922100
2007-03-28,24.044382890198797,24.080056503637515,23.90168571472168,23.90168571472168,2763600
2007-03-29,23.965904545715446,24.044388145467764,23.873150953124266,24.01584815979004,2708200
2007-03-30,24.008724212646484,24.16568875376932,23.801813315571003,24.008724212646484,3073900
2007-04-02,24.11574154785482,24.179955171170448,24.058664283642894,24.137147903442383,1188800
2007-04-03,24.258436474130484,24.451077325678902,24.208492852068666,24.386863708496094,982500
2007-04-04,24.401130961827576,24.543828175280257,24.329780994239755,24.529558181762695,922600
2007-04-05,24.515287842952453,24.7221986634584,24.515287842952453,24.70079231262207,1102400
2007-04-09,24.700798973807704,24.71506897097254,24.62945170970719,24.707935333251953,1307700
2007-04-10,24.65085295566203,24.750740204412075,24.61517932706893,24.743606567382812,1422400
2007-04-11,24.722209046150617,24.736476323736152,24.565241775469,24.63658905029297,2447600
2007-04-12,24.600905194304826,24.950513227861954,24.522421591564065,24.914836883544922,1072500
2007-04-13,25.10034997906898,25.292990852451233,25.086079982330634,25.27872085571289,2666700
2007-04-16,25.350067846920947,25.521305084228516,25.321530575472643,25.521305084228516,3204800
2007-04-17,25.642592112664705,25.685402095978333,25.592648492993707,25.59978485107422,2849000
2007-04-18,25.571253451248953,25.59979344971092,25.392882543447755,25.5926570892334,2173900
2007-04-19,25.52842601018867,25.749606764551796,25.471348773989213,25.699663162231445,3099400
2007-04-20,25.792425003359853,25.84950225786119,25.713941396912826,25.799558639526367,2496700
2007-04-23,25.87804764792542,25.88518128558106,25.75675403399047,25.82810401916504,1399900
2007-04-24,25.849507653855593,25.892317644960336,25.72821676164428,25.82810401916504,1031200
2007-04-25,25.849501903220805,25.956525496311734,25.50703021574208,25.90658187866211,1995200
2007-04-26,25.920856169101313,26.04928069168552,25.89231617664994,25.935123443603516,1129400
2007-04-27,25.91372000080016,25.927989997130844,25.799562751878184,25.849506378173828,842800
2007-04-30,25.920845038005556,25.920845038005556,25.7567415127423,25.763877868652344,1364500
2007-05-01,25.728219626807846,25.85664689270044,25.706813268009785,25.82097053527832,2680900
2007-05-02,25.91371820521886,26.01360545088889,25.82810095489074,25.985065460205078,1347900
2007-05-03,25.98507431132339,26.077827951778165,25.94226703243984,26.04215431213379,1301300
2007-05-04,26.427435244409743,26.434568883403816,26.006479778931556,26.184850692749023,942300
2007-05-07,26.213394633292253,26.241931915283207,26.184854629576744,26.241931915283203,2263000
2007-05-08,26.199120250571983,26.199120250571983,26.070692977051603,26.142040252685547,1927400
2007-05-09,26.18484052058889,26.26332412765551,26.12062690769103,26.22764778137207,1841100
2007-05-10,26.156293070313065,26.156293070313065,25.70679790826124,25.763877868652344,1367400
2007-05-11,25.692534237033247,25.899445061755554,25.65686061387633,25.863771438598633,1189300
2007-05-14,25.878051314920064,26.02788222243268,25.835241317749023,25.835241317749023,1162600
2007-05-15,25.792436288929153,25.99221084968049,25.792436288929153,25.806703567504883,2288300
2007-05-16,25.99933982842803,26.12776708638231,25.927992561441776,26.09922981262207,3063800
2007-05-17,26.03501832287001,26.03501832287001,25.935128330468284,25.99934196472168,1415400
2007-05-18,26.0564082433702,26.142025470061476,25.977924651518798,26.106351852416992,693700
2007-05-21,26.127759451881836,26.191973062095833,26.099222186460153,26.163433074951172,1768700
2007-05-22,26.256200383714198,26.263336745088573,26.05642581282208,26.149179458618164,1101400
2007-05-23,26.25620191714096,26.356089208420684,26.17771826778559,26.241931915283203,1724500
2007-05-24,26.170580251628763,26.306141164022897,26.113500253742327,26.142040252685547,1955900
2007-05-25,26.09922647805477,26.213383723681744,26.077820123314858,26.127763748168945,997900
2007-05-29,26.1491766132834,26.18485025110037,26.063556616453745,26.142040252685547,1565600
2007-05-30,26.12063945656946,26.149179458618164,25.94226852635167,26.149179458618164,3190000
2007-05-31,26.191977333812254,26.256190954499015,26.127763713125493,26.206247329711914,1386600
2007-06-01,26.21338335458957,26.27046061573768,26.1420333760002,26.234786987304688,3572300
2007-06-04,26.113500694187547,26.234794330879982,26.113500694187547,26.184850692749023,1749200
2007-06-05,26.106369799812857,26.14917980345045,25.99221251183704,26.12063980102539,1685300
2007-06-06,26.070690744245844,26.070690744245844,25.828106217452675,25.878049850463867,3136400
2007-06-07,25.642592473057256,25.828099681633706,25.435684355107927,25.492761611938477,3280800
2007-06-08,25.25018449967218,25.621196303144753,25.25018449967218,25.578386306762695,1995600
2007-06-11,25.521311871842244,25.71395279440145,25.521311871842244,25.585525512695312,1267400
2007-06-12,25.507036589806226,25.614060209641753,25.37860933469308,25.400012969970703,2087200
2007-06-13,25.635467871039022,25.635467871039022,25.350073321138108,25.6069278717041,2145000
2007-06-14,25.699685425959192,25.728225429644326,25.335807183285123,25.678281784057617,1747400
2007-06-15,25.895613034690836,25.93148172537242,25.788015171836808,25.874094009399414,1221500
2007-06-18,25.831074360816995,25.845421301550807,25.680435587710665,25.72347640991211,984400
2007-06-19,25.75934239354707,25.816730156482325,25.701957367010962,25.72347640991211,1632000
2007-06-20,25.866927178305602,25.866927178305602,25.36479550692068,25.40066146850586,1913600
2007-06-21,25.364785656176984,25.472383499145508,25.221319129155887,25.472383499145508,1597900
2007-06-22,25.314588444185027,25.379148284467544,25.020483113208694,25.08504295349121,3168700
2007-06-25,25.085034886661976,25.293058539433446,24.955915247619153,25.041994094848633,2120600
2007-06-26,25.16394949794588,25.343282081928738,25.11373385694445,25.17112159729004,1172800
2007-06-27,25.106554637342306,25.379140853881836,25.056341746979406,25.379140853881836,5263600
2007-06-28,25.33610164309355,25.493915157745302,25.328929545335498,25.40066146850586,1713800
2007-06-29,25.364792043113116,25.43652395648779,25.077858916820237,25.32892608642578,1731500
2007-07-02,25.40782369880583,25.608677931193935,24.96307992779719,25.472383499145508,1264200
2007-07-03,25.57283919771249,25.57283919771249,25.493932387059797,25.515451431274414,671800
2007-07-05,25.450869196225206,25.551294962839215,25.37913728761432,25.508256912231445,3255600
2007-07-06,25.458058736908,25.565656661987305,25.415017925037187,25.565656661987305,977800
2007-07-09,25.572825530653887,25.587169728198024,25.42218409246193,25.486743927001953,1264800
2007-07-10,25.38632006139383,25.47239893521102,25.214162313759445,25.271547317504883,1916700
2007-07-11,25.24286081331852,25.429368286809858,25.235688711906786,25.357633590698242,1717900
2007-07-12,25.38632767965318,25.845418792978986,25.38632767965318,25.831071853637695,863600
2007-07-13,25.780853131180326,25.852587811740165,25.69477425090679,25.76650619506836,1806700
2007-07-16,25.73780772680465,25.823886582555204,25.73780772680465,25.79519271850586,1388300
2007-07-17,25.680427362813088,25.773681079516113,25.65890832680403,25.716293334960938,1450300
2007-07-18,25.651735775435867,25.651735775435867,25.458058961306275,25.644563674926758,2247200
2007-07-19,25.58716091714466,25.608682678845454,25.407828409220528,25.508256912231445,1332600
2007-07-20,25.422186030784488,25.465226835892114,25.185468443687693,25.271547317504883,2122400
2007-07-23,25.493917178479435,25.623036839538518,25.407835580174922,25.46522331237793,1916100
2007-07-24,25.38632188456054,25.493922536858122,25.142429444231183,25.206989288330078,2853300
2007-07-25,25.364798866585428,25.816717704329985,25.06351872928978,25.192638397216797,2130400
2007-07-26,25.027658827997865,25.063524803025164,24.57573988073814,24.67616844177246,3470400
2007-07-27,24.582906612348392,24.826798993078103,24.087949752807617,24.087949752807617,3411600
2007-07-30,24.159681467296167,24.396399011470585,24.10229373755839,24.38922691345215,2987900
2007-07-31,24.72637106256958,24.74789009134969,24.11663879529212,24.12381362915039,2694200
2007-08-01,24.080765321867233,24.389217407997748,24.016205519272557,24.28879165649414,4001600
2007-08-02,24.303146699411403,24.60442405453428,24.303146699411403,24.496826171875,2384900
2007-08-03,24.51116965020471,24.611598168705733,24.152504579035917,24.159679412841797,4094700
2007-08-06,24.27445447722316,24.740720209460942,24.27445447722316,24.633119583129883,3419300
2007-08-07,24.597265066008298,24.955930338817755,24.582918126728053,24.74790382385254,1435200
2007-08-08,24.81961934635895,25.034820556640625,24.71202147761517,25.034820556640625,2436400
2007-08-09,24.747896459853674,24.934401142202642,24.425097263097708,24.446619033813477,2228400
2007-08-10,24.3031522258701,24.475309971832033,24.116644808613636,24.3174991607666,2373300
2007-08-13,24.475305771661247,24.647466224477014,24.38922691345215,24.38922691345215,2071000
2007-08-14,24.525516875870018,24.53269170976204,24.16685180039513,24.188373565673828,1358700
2007-08-15,24.174033696137652,24.489658069654414,24.073607883491324,24.130992889404297,2001100
2007-08-16,23.872748465538148,24.188375508603084,23.628856085168692,24.13816261291504,3455600
2007-08-17,24.676161701798293,24.676161701798293,23.95165661670301,24.19554901123047,1859200
2007-08-20,24.331842748815813,24.410749520567894,24.15968500717306,24.31032371520996,1554900
2007-08-21,24.23858808431033,24.4250927320613,24.19554728726124,24.374879837036133,1559200
2007-08-22,24.453785376972842,24.53269213276143,24.367706523565936,24.496826171875,2742800
2007-08-23,24.55420490157474,24.704843540728746,24.489645093880636,24.654630661010742,6065200
2007-08-24,24.60442257631541,24.80527687072754,24.547037589624267,24.80527687072754,4721600
2007-08-27,24.71919844235617,24.783758270875285,24.633119583129883,24.633119583129883,741500
2007-08-28,24.63311398304564,24.647460912387995,24.303142817362414,24.382049560546875,1447900
2007-08-29,24.38923513429594,24.63312759509484,24.288809309802012,24.5613956451416,1300100
2007-08-30,24.489660958789873,24.70485954504808,24.489660958789873,24.5613956451416,1152300
2007-08-31,24.740728291380993,24.862673153753505,24.63312762990061,24.67616844177246,1085200
2007-09-04,24.755066732223874,24.977440103888505,24.740722534669377,24.891361236572266,896400
2007-09-05,24.84115219116211,24.884190263300596,24.70485766566148,24.84115219116211,868200
2007-09-06,24.82680358605784,25.00613617164173,24.776590681006198,24.92005729675293,2101200
2007-09-07,24.69767144493905,24.891350868021362,24.547032805785044,24.654630661010742,2286100
2007-09-10,24.67616844177246,24.769419429563737,24.525526968420227,24.67616844177246,1057700
2007-09-11,24.740726047126724,24.905711706405082,24.654644431191564,24.8626708984375,864300
2007-09-12,24.86982831279779,25.063507729688386,24.848309289719932,24.970256805419922,1213100
2007-09-13,25.15677624266717,25.20698915042513,25.02765655517578,25.02765655517578,889500
2007-09-14,25.106563713337405,25.106563713337405,24.89853724297702,24.95592498779297,1140200
2007-09-17,24.898533192762613,24.963093026979543,24.72637545911603,24.87701416015625,2763000
2007-09-18,24.869843175474475,25.328936921205788,24.8554989757813,25.321762084960938,2328700
2007-09-19,25.422170639038086,25.58715618746376,25.35761083866314,25.422170639038086,1623600
2007-09-20,25.450880564935147,25.55848121231276,25.343282653955665,25.393495559692383,1046300
2007-09-21,25.510813151775483,25.568400957726976,25.48202199473746,25.51801300048828,1371400
2007-09-24,25.42443761871355,25.525213546786286,25.3884466081073,25.467628479003906,1385100
2007-09-25,25.424441247925362,25.503623130124787,25.34525936572594,25.381250381469727,1824300
2007-09-26,25.460437837423495,25.618801636491067,25.431646666088646,25.525222778320312,751700
2007-09-27,25.669190327787526,25.669190327787526,25.53242333586716,25.625999450683594,822600
2007-09-28,25.575622492498827,25.63321035346311,25.395664545895958,25.44605255126953,1069200
2007-10-01,25.55401918062555,25.834753036499023,25.53962222058853,25.834753036499023,8322000
2007-10-02,25.84195115159866,25.899536241934744,25.59720833930717,25.690784454345703,2193700
2007-10-03,25.712388738531168,25.79157066345215,25.58281881519501,25.79157066345215,1216700
2007-10-04,25.784365674054357,25.942729492359117,25.762771606445316,25.762771606445312,1037800
2007-10-05,25.921126590985484,26.093887329101562,25.885135571443445,26.093887329101562,1831200
2007-10-08,26.029099977646183,26.065090993844933,25.89953012257987,25.91392707824707,783600
2007-10-09,26.043501900611524,26.129880905151367,25.949923043895588,26.129880905151367,473500
2007-10-10,26.129880033793622,26.173070907592773,26.050698138131327,26.173070907592773,1435100
2007-10-11,26.187464402522338,26.19466150756765,25.892333668769986,25.949918746948242,4141900
2007-10-12,26.00030848154124,26.093887329101562,25.913929485452588,26.093887329101562,1450300
2007-10-15,26.057906631470544,26.19467365828119,25.69799080160476,25.81316375732422,2198300
2007-10-16,25.76996122345139,25.79155803072259,25.575606433642314,25.618797302246094,3103000
2007-10-17,25.877932195529407,25.877932195529407,25.460428781376798,25.6403865814209,2439900
2007-10-18,25.35965135373461,25.813145751903104,25.35965135373461,25.647584915161133,1320500
2007-10-19,25.633200727533325,25.661994647202604,25.323672955936843,25.338069915771484,1611200
2007-10-22,25.158112036747454,25.338069915771484,25.064533170791947,25.338069915771484,1972000
2007-10-23,25.359666731835635,25.633203506469727,25.33087280904476,25.633203506469727,2164500
2007-10-24,25.539631452366322,25.54683130795703,25.17251844951022,25.44605255126953,3290700
2007-10-25,25.258880707564963,25.640390422104748,25.258880707564963,25.59720230102539,2067400
2007-10-26,25.021349055618447,25.72678654852888,25.021349055618447,25.683595657348633,920400
2007-10-29,25.741179919097004,25.813164735361518,25.683594812025362,25.79157066345215,839400
2007-10-30,25.705183764901975,25.82755655521186,25.69078680451614,25.762771606445312,1220700
2007-10-31,25.12212971755839,25.985925639517312,25.12212971755839,25.921140670776367,1654600
2007-11-01,25.921114710570425,25.971505409960262,25.510811234780103,25.561199188232422,2415500
2007-11-02,25.48203018983219,25.64039121525271,25.352460330709015,25.489227294921875,2411100
2007-11-05,25.489242851134986,25.71958879772667,25.309284908738963,25.47484588623047,2653000
2007-11-06,25.438842037282402,25.611602783203125,25.215693312538743,25.611602783203125,1337400
2007-11-07,25.8203433098046,25.8203433098046,25.02853012084961,25.02853012084961,2126000
2007-11-08,24.611029404245244,25.27327558092989,24.611029404245244,25.194093704223633,3631800
2007-11-09,24.57503831135236,25.446033460421777,24.57503831135236,25.129308700561523,3258800
2007-11-12,24.495856514292036,25.496421510623936,24.495856514292036,25.194093704223633,2366000
2007-11-13,25.16530705021335,25.611604530142127,25.16530705021335,25.525222778320312,3230200
2007-11-14,25.546820294901803,25.741172377021577,25.431647368563823,25.625999450683594,2512500
2007-11-15,25.352455597501052,25.733965252615867,25.352455597501052,25.467628479003906,2426000
2007-11-16,25.554009816673428,25.64758864965356,25.410043014997456,25.58280372619629,2116400
2007-11-19,25.62599773649022,25.62599773649022,25.345263918941647,25.4388427734375,1725100
2007-11-20,25.676382232578344,25.676382232578344,25.23728742770382,25.489227294921875,3843100
2007-11-21,25.172503459571256,25.35965840437585,24.920560836791992,24.920560836791992,2262600
2007-11-23,24.96374808488678,25.39564573850474,24.96374808488678,25.32366371154785,1331200
2007-11-26,25.554009245750972,25.554009245750972,25.114911746121745,25.129308700561523,2070800
2007-11-27,25.489232372762196,25.697984159151442,24.978152685482993,25.4532413482666,2117100
2007-11-28,25.820351884612013,26.180267589288274,25.633196926393477,26.057897567749023,1808900
2007-11-29,25.74836835386387,26.223456946740097,25.59720442566206,26.216257095336914,5502200
2007-11-30,26.273844733563227,26.33143256061889,26.158671825390638,26.25225067138672,2469400
2007-12-03,26.51139153461576,26.51139153461576,26.0363001789127,26.08669090270996,1649900
2007-12-04,25.719569327249943,26.18746072164805,25.669181361199463,26.079484939575195,1344500
2007-12-05,26.331433211447173,26.345827422628137,26.129878557709308,26.28824234008789,1904000
2007-12-06,26.108281223813755,26.489790928901144,26.108281223813755,26.468196868896484,2719100
2007-12-07,26.417816804718388,26.504195816527425,26.36742881900151,26.453807830810547,3442900
2007-12-10,26.381822330388108,26.504192352294922,26.324234499416256,26.504192352294922,1115800
2007-12-11,26.30983619229258,26.489794035941557,25.921126590985484,26.093887329101562,2243700
2007-12-12,27.274412034173277,27.274412034173277,25.885137175440352,26.108285903930664,2767900
2007-12-13,25.791559469821895,26.093887329101562,25.76996266134565,26.093887329101562,2107400
2007-12-14,25.676380260552474,25.978710823932822,25.676380260552474,25.69797706604004,1130600
2007-12-17,25.6188047670948,25.791565545910615,25.424449920654297,25.424449920654297,1637800
2007-12-18,25.906730934394048,25.906730934394048,25.489227442373377,25.618797302246094,2168500
2007-12-19,25.4532518805596,25.755579906549773,25.4532518805596,25.604415893554688,1663100
2007-12-20,25.546809064527615,25.755558013916016,25.546809064527615,25.755558013916016,2094600
2007-12-21,26.00120556692538,26.00120556692538,25.81336537029619,25.914508819580078,2064100
2007-12-24,25.835041847668826,26.01565596302319,25.835041847668826,26.001209259033203,510300
2007-12-26,26.058995457296867,26.058995457296867,25.84225914396457,25.972301483154297,1037000
2007-12-27,25.99397697130212,26.001203077531873,25.668871089764092,25.70499610900879,989100
2007-12-28,25.88560003175791,25.88560003175791,25.59661652682211,25.603839874267578,1060400
2007-12-31,25.907274208400416,25.907274208400416,25.430453329053524,25.509923934936523,1497300
2008-01-02,25.741117046133027,25.741117046133027,25.076455860792485,25.24262046813965,6611300
2008-01-03,25.488250193970398,25.502699646609653,25.307636169906658,25.394332885742188,2544400
2008-01-04,25.20650471914096,25.401568288411454,25.112584610391625,25.134260177612305,3270600
2008-01-07,25.15593037482625,25.7049987548175,25.15593037482625,25.63275146484375,5457900
2008-01-08,25.762791633848522,26.290184403896564,25.697770456393172,25.842262268066406,6231200
2008-01-09,26.022878461665574,26.319085459525482,25.928958363041023,26.304636001586914,8322400
2008-01-10,26.246839917730757,26.413004543714013,26.109571450562527,26.268512725830078,5622300
2008-01-11,26.210713944432992,26.449125848676204,26.138469416090743,26.34798240661621,3496000
2008-01-14,26.304637933057187,26.362435769055384,26.109574370492027,26.14569664001465,4276500
2008-01-15,26.06621872094734,26.07344206969181,25.777235164042477,25.84947967529297,5242500
2008-01-16,25.668873547339647,26.210715816462454,25.668873547339647,25.914508819580078,4217300
2008-01-17,26.02287518760887,26.27573377983978,25.394339004097787,25.416011810302734,6972100
2008-01-18,25.517155513805243,25.517155513805243,24.90306877999863,25.047557830810547,7714900
2008-01-22,24.70800342300317,24.924739739109416,21.93377141136857,24.13726234436035,9251300
2008-01-23,23.674896993234114,24.310659408569336,23.45093451298071,24.310659408569336,10737900
2008-01-24,24.404575189951768,24.404575189951768,24.02167419743129,24.216737747192383,5734500
2008-01-25,24.54184051234039,24.54184051234039,23.508727819932435,23.833833694458008,6073700
2008-01-28,23.992770548305593,24.13726234436035,23.747135321798037,24.13726234436035,5296800
2008-01-29,24.28174683156531,24.28174683156531,24.122805628151486,24.2022762298584,2397000
2008-01-30,24.231184839755855,24.288979910365796,23.920528411865234,23.920528411865234,3951900
2008-01-31,23.703789462995797,24.346775054931637,23.703789462995797,24.34677505493164,3974400
2008-02-01,24.108359492122304,24.484036998058823,24.108359492122304,24.462364196777344,3571200
2008-02-04,24.382896229792514,24.635754792017117,24.382896229792514,24.549060821533203,2793100
2008-02-05,24.368458659689896,24.469602133906605,24.05057877558696,24.101150512695312,4460100
2008-02-06,24.29620675596282,24.346778477767373,24.08669376222845,24.16616439819336,3089400
2008-02-07,24.08669028446166,24.216732623454902,23.92774903548064,24.072240829467773,2785800
2008-02-08,23.97832348247518,24.050570765677683,23.78325995175651,23.920528411865234,2769100
2008-02-11,23.761591674630726,23.884410701512905,23.667671566538772,23.848285675048828,2631300
2008-02-12,24.130031949144044,24.238398697579882,23.949417945800004,24.195053100585938,2420200
2008-02-13,24.223964368300617,24.354006752362785,24.09392198423845,24.15894317626953,2114100
2008-02-14,24.202288302912173,24.325104562487745,23.956653027808702,24.057796478271484,2708800
2008-02-15,23.848284908544745,24.101146305903196,23.841061557055642,24.0794734954834,2760000
2008-02-19,24.07947368071311,24.397353511776224,24.07947368071311,24.382904052734375,2804400
2008-02-20,24.028899092397957,24.310659408569336,23.942205094473493,24.310659408569336,3062100
2008-02-21,24.66465993700051,24.671886044006325,23.85550957734592,24.057796478271484,2438900
2008-02-22,24.05779429193773,24.108366012573242,23.617095507012177,24.108366012573242,2672900
2008-02-25,24.036115029296074,24.419015884399414,24.028888924887706,24.419015884399414,2575300
2008-02-26,24.368440780722416,24.505706429883748,24.195052882408202,24.2022762298584,3024600
2008-02-27,24.245638221137863,24.3829039475143,24.18061703370639,24.310659408569336,3035900
2008-02-28,24.130038702268486,24.130038702268486,23.96387134745088,24.028892517089844,4668900
2008-02-29,23.877181621426235,23.89163107902257,23.57375127975989,23.69656753540039,4110900
2008-03-03,23.588202857164955,23.711019123842622,23.552077831951536,23.689346313476562,2418900
2008-03-04,23.4870559728619,23.732691255141322,23.47983262159739,23.718244552612305,3206800
2008-03-05,23.66766822623174,23.841058958549247,23.443708527097197,23.674894332885742,3494300
2008-03-06,23.703792399011633,23.703792399011633,23.147500712512894,23.19807243347168,2623500
2008-03-07,23.19085043865031,23.19085043865031,22.84407305887689,22.930767059326172,3988500
2008-03-10,22.872965905485366,22.9741093445773,22.244429708305454,22.39614486694336,2871400
2008-03-11,22.323892825372358,22.844062090211924,22.150503529751045,22.61287498474121,3730100
2008-03-12,22.533405752149545,22.721244500233208,22.48283404650695,22.61287498474121,3182700
2008-03-13,22.345573848251412,22.771823180616472,22.121612778390872,22.583984375,4518600
2008-03-14,22.627334427692585,22.959665091180128,22.006021477243856,22.164962768554688,5051900
2008-03-17,21.731485570294613,22.295001983514346,21.673689121090746,22.13606071472168,4885600
2008-03-18,22.461161837042845,22.959656966893274,22.229976089279095,22.829614639282227,6180700
2008-03-19,22.69235474796347,23.05358293736496,22.042144282636027,22.533414840698242,7359700
2008-03-20,22.8665080555514,22.8665080555514,22.460121758945196,22.561717987060547,2022000
2008-03-24,22.80845100508674,23.004387758267093,22.66331236180988,22.859249114990234,2458700
2008-03-25,22.851988153628213,23.004383841536466,22.772161775002726,22.902786254882812,3434700
2008-03-26,22.793936285752803,22.808450426541267,22.677825927734375,22.677825927734375,2507200
2008-03-27,22.81571653230443,22.902798643231762,22.583495724304623,22.7939453125,5658200
2008-03-28,22.98261474177983,22.98261474177983,22.597998336200146,22.73587989807129,2423900
2008-03-31,22.344002652021523,22.61976432800293,22.220635258627254,22.61976432800293,3496900
2008-04-01,22.714114121296888,23.018904213834603,22.547205623611806,22.982620239257812,3015200
2008-04-02,23.04793505643366,23.055192128982682,22.793943053798046,22.82297134399414,1405800
2008-04-03,22.837476895976483,22.88101931752585,22.721366540134078,22.750394821166992,1900000
2008-04-04,22.699593514764423,23.14226366497998,22.699593514764423,22.931814193725586,2810500
2008-04-07,23.214840672935516,23.25838171864603,23.069703392518836,23.193069458007812,3393600
2008-04-08,23.149515612942114,23.164029748202392,23.040662366778285,23.113231658935547,1641700
2008-04-09,23.105981202107998,23.135008096789253,22.89553033305471,23.004384994506836,1668500
2008-04-10,22.989865773386477,23.272884508656357,22.946324748916698,23.185802459716797,1917500
2008-04-11,23.13501013364999,23.17129548537685,22.822964413666817,22.881019592285156,3177600
2008-04-14,22.85199016834187,22.902788274075014,22.721365676945457,22.779420852661133,1089700
2008-04-15,22.8374772886386,22.881019710936627,22.677825892646442,22.757652282714844,2110500
2008-04-16,22.822964413666817,22.90278941917663,22.70685405643014,22.881019592285156,2732400
2008-04-17,22.808449214011077,22.844733179908687,22.648796442114627,22.73587989807129,1482000
2008-04-18,23.040670034768258,23.07695400085022,22.88101864620522,22.95358657836914,2283000
2008-04-21,22.87376252193978,22.968101668140342,22.83022009986755,22.881019592285156,3293800
2008-04-22,22.76490603020953,22.76490603020953,22.510914140456986,22.641538619995117,2659900
2008-04-23,22.685082523950822,22.859248057337947,22.627027346155113,22.714109420776367,901700
2008-04-24,22.844735403130393,22.975359907705315,22.64154295969803,22.786680221557617,1694100
2008-04-25,22.975358065783148,23.12775377028465,22.924559958997516,23.084211349487305,3163700
2008-04-28,23.164042208724254,23.25838137037522,23.091472877530123,23.222097396850586,3835300
2008-04-29,23.076952871178044,23.076952871178044,22.881017526124552,22.96809959411621,1089900
2008-04-30,23.07695490587321,23.12049732785269,22.822964365049426,22.84473419189453,1833000
2008-05-01,22.75765368504981,23.2656375700051,22.75765368504981,23.251123428344727,1809000
2008-05-02,23.323689322794174,23.35997328961816,23.222093108371325,23.258377075195312,2250300
2008-05-05,23.25838171864603,23.265640174433486,23.127758581514485,23.193069458007812,886200
2008-05-06,23.06970158255365,23.222095922656592,22.98261811381999,23.149526596069336,1703400
2008-05-07,23.13500930985254,23.2366069069254,22.837476357010104,22.946331024169922,2283900
2008-05-08,22.931818436628664,23.04067172701397,22.859249114990234,22.859249114990234,2157500
2008-05-09,22.859251759297326,22.859251759297326,22.685086197704823,22.837480545043945,1469200
2008-05-12,22.924558481014888,23.011640548706055,22.82296227399369,23.011640548706055,1082200
2008-05-13,23.018909047231666,23.033423193767952,22.7939453125,22.7939453125,1293100
2008-05-14,22.84473864440518,23.047932500811957,22.84473864440518,22.982620239257812,1528800
2008-05-15,22.895531874741838,22.953587052158053,22.78667859010452,22.91730308532715,1213200
2008-05-16,22.93907275129337,23.004384994506836,22.837475159547687,23.004384994506836,1381600
2008-05-19,22.917305858305934,23.149526596069336,22.888278958157898,23.149526596069336,2174900
2008-05-20,22.98261513591604,23.200321703324352,22.96810099565026,23.084211349487305,1653400
2008-05-21,23.156781344686106,23.236607734340563,22.85924838124904,22.881019592285156,2029200
2008-05-22,22.859251918375534,23.142270784914786,22.830223632502353,23.127758026123047,995300
2008-05-23,22.9245603549306,22.9826155328518,22.750394821166992,22.750394821166992,1328900
2008-05-27,22.735880905235103,22.98261575987361,22.735880905235103,22.84473419189453,1597700
2008-05-28,22.86651239514323,23.011649693688536,22.786685981249022,22.82297134399414,1394000
2008-05-29,22.801190192195033,23.40351310988999,22.801190192195033,23.316431045532227,2288500
2008-05-30,23.309173062335894,23.36722961860515,23.21483392668732,23.280147552490234,1456800
2008-06-02,23.251119827947818,23.309173617310325,22.92455861188048,23.004384994506836,1672100
2008-06-03,23.091471801001827,23.251124599014847,23.011645401995313,23.156784057617188,2668600
2008-06-04,23.13501323389357,23.287408963279137,23.055188217686677,23.16404151916504,2460900
2008-06-05,23.18581823222054,23.410780575705807,23.12776303205317,23.36724090576172,1914400
2008-06-06,23.171297458921813,23.20032435863094,22.71411167723642,22.80119514465332,2634700
2008-06-09,22.793936285752803,22.895532502982764,22.561715569715947,22.677825927734375,3173100
2008-06-10,22.532691009772574,22.670572601747047,22.445608918948082,22.46012306213379,1943000
2008-06-11,22.51091246069118,22.51091246069118,22.18435128621386,22.235149383544922,2322200
2008-06-12,22.314980522504296,22.445605020196734,21.777969775214558,22.04647445678711,3137100
2008-06-13,22.38754693146554,22.714106749101603,22.314977621720484,22.394804000854492,1882700
2008-06-16,22.510917223541632,22.583486542573482,22.29320926644608,22.467374801635742,1597400
2008-06-17,22.677826910948127,22.677826910948127,22.35126564977259,22.409320831298828,1496300
2008-06-18,22.365776324621592,22.438345636317734,22.126298564925463,22.15532684326172,2382300
2008-06-19,21.952135968440214,22.409320339916302,21.952135968440214,22.184356689453125,1779800
2008-06-20,22.207689273916188,22.22956208898686,21.813988336874175,21.872314453125,2037900
2008-06-23,22.03270721435547,22.14206988068538,22.025416277226537,22.03270721435547,1359200
2008-06-24,22.047286558943178,22.22226485814861,21.916052486888127,22.112903594970703,1782800
2008-06-25,22.142071499935938,22.50661003941684,22.120198686949582,22.360794067382812,2678900
2008-06-26,22.142067772246907,22.244138101124356,21.799400712837304,21.908761978149414,2324700
2008-06-27,21.952514143855012,22.19310955553819,21.92335038941858,22.054584503173828,2161800
2008-06-30,21.930637036867964,22.579515149465017,21.930637036867964,22.295175552368164,2441700
2008-07-01,22.01083595527131,22.375374470771515,22.01083595527131,22.295175552368164,10508300
2008-07-02,22.462859803236064,22.521185901958177,22.142066955566406,22.142066955566406,2258900
2008-07-03,22.258714005220934,22.375366175686917,22.178515116549235,22.236841201782227,2497700
2008-07-07,22.229562802261288,22.368087854278436,21.974385513999493,22.09103775024414,3817000
2008-07-08,22.08374900614961,22.805535265664435,22.08374900614961,22.674301147460938,4317200
2008-07-09,22.81282082251925,23.133613712885882,22.674295798140346,22.78365707397461,6234200
2008-07-10,22.871149011784283,22.922184185780896,22.57951706219645,22.907602310180664,5928500
2008-07-11,22.666999167970943,22.739907130416945,22.411821994711797,22.47014808654785,4324100
2008-07-14,22.550348715307052,22.96592232536466,22.411823715086573,22.62325668334961,3422000
2008-07-15,22.455570210796395,22.922180419098794,22.41182598178816,22.732620239257812,5179000
2008-07-16,22.96592670447874,23.075287982093535,22.79094838217425,22.89301872253418,8097800
2008-07-17,23.07528196256825,23.19193414700748,22.790942436823098,23.11902618408203,3847500
2008-07-18,23.17735714973741,23.323171706895952,22.914889000006525,23.111740112304688,2858800
2008-07-21,23.111742933339542,23.11903248007389,22.667005489922577,22.703458786010742,4387800
2008-07-22,22.645128839090564,23.038831045001807,22.594093676977003,23.016958236694336,3187400
2008-07-23,23.060700091862415,23.323168202152548,23.060700091862415,23.11902618408203,3801600
2008-07-24,23.075281811394113,23.374204596490486,23.075281811394113,23.09715461730957,5173600
2008-07-25,23.12632268251332,23.359628498117637,23.12632268251332,23.235685348510742,5849800
2008-07-28,23.578353262663697,23.578353262663697,23.046127319335938,23.046127319335938,2641000
2008-07-29,23.21381144179512,23.33775319494948,23.16277627506003,23.279428482055664,3637900
2008-07-30,23.2867204697646,23.39608174493306,23.002379485601733,23.272138595581055,5642900
2008-07-31,23.27942066433043,23.563760149569536,23.206512711791206,23.294002532958984,4035000
2008-08-01,23.38149429437216,23.410658035783833,23.01695587034864,23.11902618408203,4288200
2008-08-04,23.242973752246982,23.512732849518066,23.053414959207192,23.315881729125977,3127000
2008-08-05,23.622096411752704,24.110576677097217,23.381499661687666,24.07412338256836,3273800
2008-08-06,23.891857086633422,24.168907165527344,23.651260306781438,24.168907165527344,9167000
2008-08-07,23.884557382598427,24.103282671725022,23.694998617390638,23.877267837524414,3833600
2008-08-08,23.811654076366555,24.31471619177144,23.797072203008852,24.292844772338867,6504700
2008-08-11,24.402205665575895,24.424077083425317,24.161608944401234,24.314714431762695,2849600
2008-08-12,24.26369285583496,24.409508879299313,24.219949995642178,24.26369285583496,3521100
2008-08-13,24.190772731931695,24.329296347236763,24.066828207746937,24.278261184692383,5973800
2008-08-14,24.11787961357993,24.475125950797803,23.9793531397446,24.26369285583496,3494100
2008-08-15,24.212644388612624,24.569893311154356,24.212644388612624,24.504276275634766,3045500
2008-08-18,24.59905607960153,24.59905607960153,24.168900592983828,24.300134658813477,2169700
2008-08-19,24.17619304395697,24.285555705694726,23.97205237533505,24.19077491760254,7032300
2008-08-20,24.11786522492017,24.139736641968128,23.84081522374619,24.03766632080078,4168500
2008-08-21,23.862682496052678,24.125150579870365,23.72415891012987,23.884553909301758,2710300
2008-08-22,24.08870566199466,24.3292996349004,23.979342995359595,24.28555679321289,3494500
2008-08-25,24.103297872799498,24.190786374901407,23.789794393957543,23.891864776611328,2075000
2008-08-26,23.884559482928122,24.030375428099234,23.760617737317766,23.862688064575195,1344500
2008-08-27,23.884565157589048,23.921021238449185,23.709588206777738,23.899147033691406,2616300
2008-08-28,23.93559599963344,24.066827283128838,23.913721801377818,24.03766632080078,1667100
2008-08-29,24.037668038296232,24.10328507533611,23.77519989013672,23.77519989013672,2408300
2008-09-02,23.98662960209606,24.28555100090069,23.7314510345459,23.7314510345459,5185200
2008-09-03,23.804362823597288,23.906433148575132,23.665836427234986,23.869979858398438,3009000
2008-09-04,23.702285440637755,23.7533233751253,23.235678126274657,23.34503936767578,11658100
2008-09-05,23.082578643235667,23.37421056752542,22.965926429761396,23.22110366821289,5803200
2008-09-08,23.61480297381417,23.673130467284413,23.330463396166664,23.607513427734375,7640400
2008-09-09,23.702291353580293,23.79707213954862,23.213811112835756,23.403369903564453,3408600
2008-09-10,23.345052259030684,23.40337698875535,23.213818140639184,23.308597564697266,5239000
2008-09-11,22.965924828831792,23.600221021556536,22.965924828831792,23.403369903564453,3970400
2008-09-12,23.48356680661318,23.622093200683594,23.33046132167951,23.622093200683594,3869100
2008-09-15,23.184649683248683,23.447117866802266,22.965927124023438,22.965927124023438,6297700
2008-09-16,22.769079823291907,23.352341006583615,22.615974284154465,22.92947769165039,7324900
2008-09-17,22.60867991866944,22.99509126315834,22.171233402203622,22.5649356842041,6844100
2008-09-18,22.360787267980314,22.885722104594674,22.12748289615171,22.85655975341797,14902300
2008-09-19,23.978587481903897,24.22760162316008,22.748163598043693,23.107036590576172,4821000
2008-09-22,22.894645164835747,23.378025273751586,22.308728907682674,22.557743072509766,4334300
2008-09-23,22.50648010283673,22.638311321427384,22.023099899291992,22.023099899291992,3316600
2008-09-24,22.2208405630803,22.462530597807458,22.140276752527548,22.228164672851562,4029600
2008-09-25,22.250134234900358,22.909290104406825,22.250134234900358,22.630979537963867,9256200
2008-09-26,22.52112815341812,22.865353023924623,22.36000188578493,22.58704376220703,5521100
2008-09-29,22.308727842779227,22.748164665434782,21.23943292468415,22.08168601989746,8689400
2008-09-30,22.16957720471595,22.301408410600303,21.810704142548186,22.00844955444336,3309800
2008-10-01,22.045073134429327,22.323382409643774,22.045073134429327,22.154932022094727,6053600
2008-10-02,22.15492633227676,22.403940492063455,21.92056039293191,22.191545486450195,6353400
2008-10-03,22.411269409884262,22.411269409884262,21.71549415588379,21.71549415588379,6814400
2008-10-06,21.532392647785638,21.883941584802482,20.07492812408841,20.90253448486328,8545000
2008-10-07,21.034366719308597,21.078311389212487,20.060282220675713,20.397184371948242,5060200
2008-10-08,19.796617035235034,20.375207765010938,19.445066734369302,20.030982971191406,9958100
2008-10-09,20.243376011782704,20.243376011782704,18.309855697178605,18.49295425415039,10773200
2008-10-10,17.650705255685864,18.705353579020503,16.764507308479747,17.68000030517578,15960800
2008-10-13,18.807888312557186,20.382535984551485,18.470986163996983,19.811267852783203,7756200
2008-10-14,20.83662011093401,20.917182540659958,19.657464743740928,20.21408462524414,12535900
2008-10-15,20.0456391716189,20.0456391716189,18.236623764038086,18.236623764038086,8958600
2008-10-16,18.771260605037202,19.554923483689954,17.863092067541654,19.1887264251709,11304400
2008-10-17,18.763944804021925,20.14816974802312,18.763944804021925,19.115493774414062,7743000
2008-10-20,19.371829163087142,20.12619437349139,19.349856831907235,19.884504318237305,8094200
2008-10-21,19.847884806370818,20.294644356880504,19.78196921094737,19.825912475585938,4888900
2008-10-22,19.591547172597643,19.591547172597643,18.5808436714274,19.335208892822266,10562300
2008-10-23,18.9030974476314,19.47436553341092,18.273239267697978,18.888450622558594,7834800
2008-10-24,17.7459176144599,19.056904381974473,17.7459176144599,18.822538375854492,10636200
2008-10-27,18.463672340916236,18.859166205659477,17.665363289621308,18.01691246032715,5929000
2008-10-28,18.624798778679768,20.14085569277201,18.00226295969857,19.152122497558594,7073300
2008-10-29,19.26196898695757,19.664786678734234,18.778588874370552,19.020278930664062,7502500
2008-10-30,19.24732516370049,19.672113856044962,19.034930119062533,19.467042922973633,4827900
2008-10-31,19.503658479484457,19.92844709332549,19.349856355803084,19.481687545776367,6100100
2008-11-03,19.532953658624052,19.869854325077387,19.532953658624052,19.628164291381836,3951600
2008-11-04,20.067602887276195,20.192109970099892,19.82591283202211,19.884504318237305,3884000
2008-11-05,19.85521326648293,20.082255146608585,19.364508946900713,19.591550827026367,5999500
2008-11-06,19.408451249740846,19.503661905372763,18.720000135024332,19.115493774414062,8637100
2008-11-07,19.086187521162067,19.47435684959513,18.895764910813625,19.357173919677734,5676300
2008-11-10,19.862542794931255,19.862542794931255,19.078879374720092,19.218034744262695,4835800
2008-11-11,19.203384616765717,19.28394846436216,18.74930077760623,18.873807907104492,10628000
2008-11-12,18.61746514269416,18.84450700870967,18.287887113855994,18.45633888244629,4237700
2008-11-13,18.324507757256573,19.445070266723633,17.96563467801478,19.445070266723633,7599700
2008-11-14,18.954367515273272,19.562254845324766,18.705354690551758,18.705354690551758,5996900
2008-11-17,18.368450379921505,18.91774614654228,18.317182998545917,18.383098602294922,6151400
2008-11-18,18.24393843931574,18.639431956794766,17.877741358804496,18.507600784301758,5928200
2008-11-19,18.61014822097891,18.756627711925905,17.650711606378778,17.760570526123047,6997800
2008-11-20,17.562814624794306,17.86309616998825,16.376336664986823,17.25520896911621,12781400
2008-11-21,17.04281943614316,17.33577694104356,16.105354023530307,17.277185440063477,9508400
2008-11-24,17.35775119219716,18.068173394551604,17.2918355717081,17.62141227722168,6284000
2008-11-25,18.082816470987964,18.192675341540017,17.59211221205289,17.738590240478516,6164700
2008-11-26,17.401700713125816,18.104799054537494,17.401700713125816,18.01691246032715,6608700
2008-11-28,18.119429597890704,18.412386954163747,17.972951618219618,18.25126075744629,1595100
2008-12-01,18.16337808834604,18.16337808834604,17.16732278986893,17.313800811767578,5771700
2008-12-02,17.51155622967233,17.789866983085226,17.269866047462163,17.760570526123047,7442500
2008-12-03,17.548164921748597,18.331827914191393,17.409011025096085,18.185348510742188,10260400
2008-12-04,17.97295476355919,18.280558993779717,17.658025026602623,17.841123580932617,8388100
2008-12-05,17.489575220250636,18.55887162165299,17.387040465556492,18.449012756347656,8018200
2008-12-08,18.99831497100734,18.99831497100734,18.405074381188275,18.595497131347656,9152900
2008-12-09,18.50028476328418,18.646762821369492,18.11943929778547,18.30253791809082,8474900
2008-12-10,18.46365431689517,18.522247185080644,18.134077814937072,18.25126075744629,7121300
2008-12-11,18.104787646740668,18.771266386772922,18.104787646740668,18.361125946044922,9030800
2008-12-12,18.112110410162796,18.44901250910631,17.907040903522713,18.39774513244629,6547800
2008-12-15,18.698028070055717,18.698028070055717,18.18535147144721,18.361125946044922,4292500
2008-12-16,19.08619499206543,19.17408292237078,18.412392182828636,19.08619499206543,7632100
2008-12-17,18.851830230925312,19.188732355283626,18.778590517201213,18.969013214111328,8981200
2008-12-18,18.99831636679762,19.41578106642362,18.881133342233547,19.10817527770996,6011900
2008-12-19,19.349859829026652,19.51196781984112,19.114065876771853,19.224594116210938,8949500
2008-12-22,19.30564428240642,19.313011611922462,18.78984407884925,19.091955184936523,5075900
2008-12-23,19.180383695389246,19.394071444195326,18.97406327805677,19.099328994750977,3210200
2008-12-24,19.04037540303285,19.121430081952685,18.951951989170986,19.03300666809082,876900
2008-12-26,19.091957668384776,19.15090615027844,18.966691968680408,19.047746658325195,1040500
2008-12-29,19.09933283890051,19.128806387055697,18.73090435158024,19.018278121948242,1559400
2008-12-30,19.099324129835995,19.445646244038755,19.08458665975694,19.38669776916504,2865700
2008-12-31,19.51196738417571,19.681444107894396,19.43091409329965,19.563547134399414,2383000
2009-01-02,19.570910361570736,20.064604326143606,19.44564468681516,19.961444854736328,3589100
2009-01-05,19.983556182377164,19.983556182377164,19.64460133799856,19.865657806396484,3880700
2009-01-06,19.902498652915106,19.9540783944974,19.379329690917782,19.541439056396484,5726300
2009-01-07,19.2098585529498,19.52670723483881,19.2098585529498,19.364599227905273,3947300
2009-01-08,19.268798299289934,19.47511863708496,19.15090136496201,19.47511863708496,5521700
2009-01-09,19.482493691363363,19.526704704717993,19.158276314062935,19.2688045501709,3906400
2009-01-12,19.335126845914576,19.34249558431416,18.922487333639957,19.018278121948242,4811700
2009-01-13,19.018274281085482,19.29091192503654,18.96669452814841,19.180383682250977,5286200
2009-01-14,18.863532443996622,19.062484097083534,18.730898008605347,18.907743453979492,3907600
2009-01-15,18.951957040475726,19.10669770461672,18.524580138025772,19.040380477905273,7710700
2009-01-16,19.254061959622017,19.364591571794634,18.951950872019644,19.202482223510742,4456600
2009-01-20,19.165636965825474,19.38669334479246,18.723522802449324,18.73826026916504,8967000
2009-01-21,18.988793247785843,19.202480912145564,18.627733714221804,19.13616371154785,6294300
2009-01-22,19.025639307738086,19.32038169950176,18.86353134362871,19.217222213745117,4778900
2009-01-23,19.069850315141988,19.290908163046684,18.870900079103127,19.217222213745117,4563300
2009-01-26,19.283536118745786,19.386695586801483,19.010898574744147,19.114059448242188,6881000
2009-01-27,19.30564771160562,19.674076092319904,19.268804030268548,19.511966705322266,5819200
2009-01-28,19.725661051683257,19.946717576331306,19.607764051145217,19.814083099365234,8140600
2009-01-29,19.55617335621424,19.76249228909169,19.44564375023867,19.534067153930664,3911100
2009-01-30,19.578284485493572,19.60775943140511,19.239331040167542,19.3277530670166,5236200
2009-02-02,19.158279522379665,19.666711180151477,19.136173309278977,19.453022003173828,5822100
2009-02-03,19.56354974122014,20.10882507309523,19.48249643954382,19.954084396362305,6915500
2009-02-04,20.13829542916716,20.248823663366124,19.76986704487545,19.865657806396484,4998200
2009-02-05,19.666706897049536,20.079346280294942,19.666706897049536,20.03513526916504,4569900
2009-02-06,20.035129087019936,20.300396477389757,19.93196821895842,20.197237014770508,4571800
2009-02-09,20.204613351226342,20.219350824415187,19.924608387852274,20.138296127319336,3548500
2009-02-10,20.020398858847486,20.05724113583605,19.42354525788747,19.467756271362305,6174100
2009-02-11,19.526696677519897,19.740385730867274,19.519327944082864,19.71091079711914,4152600
2009-02-12,19.497233779773186,19.939348220825195,19.37196945034223,19.939348220825195,6363500
2009-02-13,19.94672140063385,19.94672140063385,19.63724136352539,19.63724136352539,4067600
2009-02-17,19.482492997359213,19.570915020918708,19.195117907184038,19.29827880859375,5869300
2009-02-18,19.320386171450927,19.40144087498805,19.14354069545959,19.290912628173828,5876100
2009-02-19,19.51932954901479,19.526698283057698,19.24669341663866,19.254060745239258,3896800
2009-02-20,18.929850945460206,19.25406691457886,18.907744736248258,19.055116653442383,6713200
2009-02-23,19.00353093234665,19.209849865053002,18.583521521960886,18.67931365966797,8094100
2009-02-24,18.797210871430238,19.010898541376598,18.657207732570136,18.951950073242188,4738900
2009-02-25,18.870899648791454,18.885635713961673,18.4803651102083,18.568788528442383,7642000
2009-02-26,18.78985659431516,18.78985659431516,17.632991138673372,17.64035987854004,7675700
2009-02-27,17.330873419935333,17.5592986495242,16.896127766736672,16.93297004699707,9912200
2009-03-02,17.434032647990737,17.434032647990737,16.188744200150577,16.203481674194336,11638500
2009-03-03,16.35084967829862,16.564537378860326,16.048738560145576,16.166635513305664,7500900
2009-03-04,16.77085103376284,16.82243075443508,16.218208760088306,16.630847930908203,5910800
2009-03-05,16.542433978821975,16.719279423531653,15.989791437063237,16.18874168395996,6274200
2009-03-06,16.21821537900909,16.424535751342773,15.938209059024631,16.424535751342773,8982500
2009-03-09,16.218217243939616,16.446642443025322,15.989792044853907,16.122425079345703,7060200
2009-03-10,16.25505910405838,16.734015698465242,16.24769036808994,16.70454216003418,7928700
2009-03-11,16.888758796411384,16.969813498396622,16.38032718426898,16.402433395385742,10766500
2009-03-12,16.321375934233565,17.257184298332536,16.321375934233565,17.205604553222656,8992100
2009-03-13,17.352971083934555,17.890877430272905,17.301391350621557,17.78034782409668,11528600
2009-03-16,17.942462734408654,18.023516023876578,17.58877182006836,17.58877182006836,6934800
2009-03-17,17.551922705968718,17.89824618217282,17.4561319733554,17.86140251159668,4510800
2009-03-18,17.699293906611285,18.229830093820244,17.699293906611285,17.89087677001953,6840200
2009-03-19,18.10457595607295,18.10457595607295,17.294032988820774,17.45614242553711,9299700
2009-03-20,17.542138134092486,17.720080195134635,17.393852376145134,17.460580825805664,4831700
2009-03-23,17.7793940863933,18.164935922930926,17.601452026643116,18.098207473754883,5069900
2009-03-24,17.979576583649628,18.1723474713588,17.77939126785654,17.86094856262207,6040800
2009-03-25,17.86094998769593,18.18717777862927,17.660764655930627,17.979578018188477,4271700
2009-03-26,18.13527722080589,18.25390666835331,17.898021154026456,18.179763793945312,6769600
2009-03-27,18.098207399792493,18.253907585286218,17.98699378967285,17.98699378967285,4769800
2009-03-30,17.801638563929707,17.957337346307956,17.653352797148433,17.883195877075195,5020300
2009-03-31,18.120468943540203,18.298411181836933,17.942526705243473,17.949939727783203,8359200
2009-04-01,17.734901379651433,18.046300205268544,17.52730169118763,17.942501068115234,6837200
2009-04-02,18.313222683561154,18.313222683561154,17.94992270073098,18.016651153564453,10706500
2009-04-03,18.16494503843148,18.194602770351526,17.608875292357045,17.720088958740234,6395700
2009-04-06,17.5717996049381,18.001826697856142,17.5717996049381,17.89061164855957,4378400
2009-04-07,17.690425872802734,17.89060983004074,17.53472566810878,17.690425872802734,8460600
2009-04-08,17.81647739166686,17.92027663799417,17.690434843629983,17.809062957763672,3328800
2009-04-09,18.157525504218388,18.157525504218388,17.8461264773358,17.89061164855957,3903800
2009-04-13,17.868367571990344,18.12045253484555,17.868367571990344,18.03148078918457,4172700
2009-04-14,18.127883380239133,18.150125276176723,17.927697831845613,17.949939727783203,2812000
2009-04-15,17.94252014418565,18.127876751401786,17.794234292749266,18.053733825683594,3259800
2009-04-16,18.07596277913325,18.26131925371654,17.912849590596714,18.135276794433594,3834100
2009-04-17,18.16494005613341,18.424439482624077,18.135282332347913,18.34288215637207,4678600
2009-04-20,18.04630780934718,18.335463478489807,17.905436482311483,17.98699378967285,7361300
2009-04-21,17.883199567258668,18.06855610690449,17.69042859632803,17.816471099853516,6848900
2009-04-22,17.527318691584092,17.801647066915486,17.527318691584092,17.62370491027832,5203200
2009-04-23,17.645936116458,17.65335054526706,17.267810146299894,17.63852310180664,3337300
2009-04-24,17.586625695448763,17.779396641420146,17.534726097333007,17.616283416748047,3625500
2009-04-27,17.801648523860482,17.93510550580055,17.697849277533173,17.809062957763672,4275900
2009-04-28,17.8312916277989,18.061134665949695,17.757150172041996,17.875778198242188,3778100
2009-04-29,17.883187073433746,18.09078534774037,17.757144657965934,17.942501068115234,6880800
2009-04-30,17.942511737614552,18.179767857424658,17.801640386168042,17.927682876586914,6006000
2009-05-01,17.89801788330078,17.97216074415974,17.73490472073703,17.89801788330078,4935300
2009-05-04,17.920265206774285,18.261320463812055,17.920265206774285,18.19459342956543,3309000
2009-05-05,18.19459658062441,18.409609407264295,18.150109997878495,18.40219497680664,5663300
2009-05-06,18.53565570617708,18.53565570617708,18.127871846304508,18.290985107421875,6639300
2009-05-07,18.409614249806292,18.81739813313629,18.29098615959544,18.661699295043945,8924300
2009-05-08,18.921193434781,19.0324070612091,18.743251349664444,18.973093032836914,5632400
2009-05-11,18.824806010734658,18.832220440560928,18.632035077725394,18.64686393737793,4615500
2009-05-12,18.80256895571191,19.032410682617712,18.60238354155608,18.95085334777832,5275500
2009-05-13,18.72842613584961,19.14362441530273,18.72842613584961,18.906368255615234,6741300
2009-05-14,19.06947403168459,19.091717318239503,18.869290109321156,18.928604125976562,4525000
2009-05-15,18.980508414665323,18.980508414665323,18.66169496587314,18.780323028564453,5882700
2009-05-18,18.83963288853232,18.965675354003906,18.6394475467555,18.965675354003906,4691900
2009-05-19,18.906369275024204,18.965683318144222,18.765497892304786,18.824811935424805,6561300
2009-05-20,18.84705668386959,19.12138503828271,18.84705668386959,18.898956298828125,8416100
2009-05-21,18.795150622450645,18.89894981676612,18.52823679231604,18.728422164916992,4996800
2009-05-22,18.743247421213326,18.832217738045067,18.587547245521247,18.750661849975586,3655700
2009-05-26,18.676521641749844,19.024991358358413,18.454092989613358,18.921192169189453,4412900
2009-05-27,18.943434983735898,18.980507134675683,18.698764444165164,18.728422164916992,4591100
2009-05-28,18.691354984865182,18.973097750304017,18.63945537390496,18.824811935424805,5720000
2009-05-29,18.802567438090506,19.15845164731514,18.75066783434835,19.151037216186523,6549200
2009-06-01,19.291911307591644,19.351225350850655,19.128796628010605,19.277082443237305,7529000
2009-06-02,19.232598621867645,19.52175442639563,19.143626843619874,19.39571189880371,6533300
2009-06-03,19.26966566209465,19.3808793028786,19.18810833224594,19.35122299194336,5920700
2009-06-04,19.366047477649534,19.39570378188228,19.010161927751682,19.084304809570312,20046600
2009-06-05,18.9508526643872,19.269666146362653,18.854467883727697,19.121381759643555,9662400
2009-06-08,19.024990008805347,19.054647725982907,18.71359104922992,18.913776397705078,6260100
2009-06-09,19.01016329012348,19.01016329012348,18.765492752498073,18.817392349243164,5337700
2009-06-10,18.99533928869178,19.024995600427815,18.60979733701589,18.73583984375,6176800
2009-06-11,18.71359691344677,19.121382167477773,18.69876805021112,18.936025619506836,6493300
2009-06-12,18.93601954718503,19.18810307056286,18.832218951980035,19.00274658203125,17595700
2009-06-15,18.802558738386054,18.950843049874653,18.417016983032227,18.417016983032227,15870500
2009-06-16,18.446684290436483,18.758083368840428,18.431856840347404,18.49117088317871,6354500
2009-06-17,18.52082013004915,19.017575579510957,18.52082013004915,18.913776397705078,7463300
2009-06-18,18.950854498233568,19.39571052975533,18.898954887151728,19.277082443237305,10436700
2009-06-19,19.55278743337882,19.664559944117883,19.351596061289754,19.433563232421875,10601600
2009-06-22,19.299431063710095,19.299431063710095,19.031177385950993,19.083337783813477,6224400
2009-06-23,19.210013455178107,19.217465143551195,18.971563691031925,19.023725509643555,6001600
2009-06-24,19.157849133042085,19.232364585771165,18.99391627404935,19.12059211730957,4161500
2009-06-25,19.172756250623067,19.761426878708836,19.053532071487982,19.649654388427734,8134500
2009-06-26,19.672008033725362,19.731620123292902,19.448463053163156,19.649654388427734,4967700
2009-06-29,19.612394418189282,19.791230672977317,19.441009851675442,19.768877029418945,4266200
2009-06-30,19.72417032704972,19.783782422337275,19.455916608887954,19.60494613647461,5414000
2009-07-01,19.716718494391067,19.716718494391067,19.55278558885611,19.657106399536133,5535800
2009-07-02,19.448463650122488,19.560236143834384,19.187660217285156,19.187660217285156,4989900
2009-07-06,19.068441426974253,19.359050277061147,19.031184392288928,19.33669662475586,5551600
2009-07-07,19.381398782429887,19.515526335865932,19.25472291765854,19.262174606323242,7325600
2009-07-08,19.433557833336742,19.567685377465764,19.359042373124595,19.441009521484375,5312000
2009-07-09,19.52298332706656,19.52298332706656,19.11314886678072,19.19511604309082,5232600
2009-07-10,19.15040204159781,19.299431550497548,19.060983199246547,19.10569190979004,3640100
2009-07-13,19.210012873964494,19.47826654095835,19.060981953540207,19.441009521484375,4616500
2009-07-14,19.34413998334069,19.590041440960494,19.34413998334069,19.530427932739258,4204700
2009-07-15,19.64965425114013,19.701814651489258,19.396302516932103,19.701814651489258,5320700
2009-07-16,19.7092670284725,19.89555499123211,19.642203248177893,19.8284912109375,5610000
2009-07-17,19.888101199277635,19.888101199277635,19.672006503118627,19.768877029418945,5462300
2009-07-20,19.82103506140864,19.858292077070608,19.619843765800304,19.813583374023438,3615000
2009-07-21,19.984974262339495,20.14145690456056,19.895556827868457,20.104198455810547,5665700
2009-07-22,20.11164932205307,20.20106817412719,19.947716418059024,20.029682159423828,7369700
2009-07-23,20.081835695259013,20.54382888000384,19.984965193730552,20.432056427001953,6627500
2009-07-24,20.506571198251443,20.819534909171843,20.379895376658332,20.78972816467285,4141500
2009-07-27,20.78974278397464,20.90151531191645,20.625809837744303,20.774839401245117,4662000
2009-07-28,20.782284792142352,20.96112106688526,20.73757607877272,20.916412353515625,5460100
2009-07-29,20.759930506446477,20.983475487671274,20.759930506446477,20.901508331298828,4113100
2009-07-30,21.229369104771287,21.259175851246578,20.908953686481425,20.93130874633789,5080500
2009-07-31,20.864246946000957,21.102695255124438,20.767377853393555,20.767377853393555,5961600
2009-08-03,20.87916056763451,21.01328816265912,20.692872557048045,20.89406394958496,8179700
2009-08-04,20.81208903805813,20.946216583251953,20.78973397343776,20.946216583251953,4449900
2009-08-05,20.983477959704576,20.983477959704576,20.618353689348332,20.64815902709961,4502100
2009-08-06,20.64815786456954,20.75993178332111,20.402257801592032,20.499128341674805,7178800
2009-08-07,20.588544845581055,20.789736184771836,20.5512878218484,20.588544845581055,5144100
2009-08-10,20.62580178466167,20.789734666886496,20.51402930036001,20.752477645874023,4903700
2009-08-11,20.804646322545153,20.864258432644974,20.67051871950435,20.722679138183594,4956200
2009-08-12,20.782279841273876,20.953665807346983,20.6108952964648,20.834440231323242,5316800
2009-08-13,20.894051327946254,20.908953279630037,20.58108760236494,20.812084197998047,7561800
2009-08-14,20.85679289557713,20.908953279630037,20.55873254294346,20.812084197998047,5772400
2009-08-17,20.55128347086962,20.856795548842364,20.55128347086962,20.730119705200195,7543000
2009-08-18,20.85679873781363,20.85679873781363,20.59599532323109,20.715219497680664,4171500
2009-08-19,20.69285941943648,21.013274821620232,20.59598891952502,21.005823135375977,5693200
2009-08-20,21.020733884191383,21.177216518284105,20.938768143727977,21.154861450195312,4320800
2009-08-21,21.244272958645773,21.49762462436204,21.19211257239782,21.370948791503906,4980200
2009-08-24,21.497635363406907,21.527440704181746,21.333701014719068,21.519989013671875,6183900
2009-08-25,21.497635363406907,21.661568290830107,21.467828601367433,21.519989013671875,4663200
2009-08-26,21.46782511694428,21.669016464261638,21.423116402406336,21.527437210083008,6038200
2009-08-27,21.527440704181746,21.594504497505927,21.303895673944233,21.519989013671875,4339700
2009-08-28,21.587047477489136,21.631757609510114,21.214471571566726,21.363502502441406,5794400
2009-08-31,21.23682171748942,21.43801300117951,21.14740289542806,21.32624053955078,5478100
2009-09-01,21.326249178081106,21.408214925136235,20.938769827633912,20.983478546142578,7560600
2009-09-02,20.98348188716571,21.12506117646092,20.90896639694377,21.02819061279297,5343700
2009-09-03,21.11014496139793,21.11014496139793,20.8344382415571,20.93130874633789,4183200
2009-09-04,21.035638079419034,21.26663619484288,20.99092936277049,21.22937774658203,6434900
2009-09-08,21.311341677591177,21.318793366112587,21.035634887356046,21.132505416870117,6484500
2009-09-09,21.16231936277386,21.43057457366768,21.13251401782168,21.378414154052734,4642600
2009-09-10,21.408213663414266,21.542341232299805,21.296441163097796,21.542341232299805,4851400
2009-09-11,21.534893676198852,21.601957473513895,21.452927918241922,21.54979705810547,5386300
2009-09-14,21.37840600499381,21.654111381083176,21.37840600499381,21.631757736206055,3940200
2009-09-15,21.63176229714039,21.676471017585513,21.43802261352539,21.43802261352539,5793600
2009-09-16,21.482726804458512,21.631757736206055,21.393307961157124,21.631757736206055,5151700
2009-09-17,21.505081229144707,21.66156242367423,21.505081229144707,21.616853713989258,5022300
2009-09-18,21.704412361873906,21.711896813300267,21.524789810180664,21.524789810180664,6988100
2009-09-21,21.45744062650978,21.771780587312872,21.45744062650978,21.734359741210938,4603100
2009-09-22,21.779261858957902,21.82416715321999,21.547249506504617,21.6669979095459,3830700
2009-09-23,21.637061323942405,21.70441998291807,21.360143661499023,21.360143661499023,4194000
2009-09-24,21.472409591077025,21.487377073047956,21.25536468609006,21.337692260742188,5084000
2009-09-25,21.28530627042661,21.464928933477015,21.255368446161192,21.352664947509766,3526200
2009-09-28,21.4349942688871,21.75681878960947,21.390088953383632,21.584680557250977,4043700
2009-09-29,21.60712764451807,21.74184355184754,21.517315612117926,21.61461067199707,6430200
2009-09-30,21.68196541434222,21.68196541434222,21.29278381776518,21.45743751525879,7156000
2009-10-01,21.472409590910427,21.472409590910427,21.135616265075953,21.150585174560547,7927000
2009-10-02,21.00838026929319,21.17303539414138,21.000895815662492,21.068254470825195,5993000
2009-10-05,21.045799377307976,21.247873884939953,20.94850292223207,21.20296859741211,4785600
2009-10-06,21.255360322604936,21.427498463799754,21.09819108782188,21.37510871887207,7127800
2009-10-07,21.352664368533837,21.42750607213999,21.27033678155028,21.390085220336914,4128500
2009-10-08,21.509831683353173,21.569705897246788,21.375114345214076,21.41253662109375,4539400
2009-10-09,21.40505164225312,21.637064036975563,21.39008273226746,21.61461067199707,5196500
2009-10-12,21.584679225473955,21.76430190391933,21.584679225473955,21.719396591186523,3940100
2009-10-13,21.652034180137278,21.652034180137278,21.46492707720144,21.50983238220215,4488800
2009-10-14,21.681965452014886,21.861588057096437,21.524796207886116,21.839136123657227,10170200
2009-10-15,21.801720832896795,21.943922642748014,21.74933106808688,21.899017333984375,6474200
2009-10-16,21.831649183095852,21.928944214447593,21.741837177029055,21.8840389251709,5617300
2009-10-19,21.89900977162315,22.116053211957713,21.83165111798157,22.071147918701172,5105500
2009-10-20,22.11604937319119,22.11604937319119,21.80919397209206,21.861583709716797,4748900
2009-10-21,21.85409987208739,21.899005155879056,21.56221195865846,21.577180862426758,9425100
2009-10-22,21.532283801827564,21.809201489729997,21.397566471490695,21.71190643310547,5381800
2009-10-23,21.78675544946081,21.78675544946081,21.412541176141396,21.487382888793945,6078400
2009-10-26,21.55473643348594,21.68196931318245,21.210460069315282,21.2553653717041,7268000
2009-10-27,21.315235068487226,21.479890188220878,21.232908936133924,21.345172882080078,8489700
2009-10-28,21.31523702872839,21.39756459616641,21.10567802436055,21.128129959106445,9471600
2009-10-29,21.165556033891246,21.337694226280725,21.09071290708724,21.31524085998535,5806700
2009-10-30,21.247877703095472,21.397563925104084,20.97844450199902,21.008380889892578,6955000
2009-11-02,21.015864652816365,21.26284591175117,20.98592826590701,21.09819221496582,6993400
2009-11-03,21.030831641934597,21.158064486600736,20.978441898986205,21.105674743652344,4974100
2009-11-04,21.143096379543685,21.63705887102398,21.143096379543685,21.37510871887207,8205300
2009-11-05,21.539766328554652,21.77926314882126,21.5098285122645,21.72687339782715,6651700
2009-11-06,21.681965487016868,21.846620612575947,21.592154898087895,21.824167251586914,5297600
2009-11-09,21.951407727030542,22.213357986091005,21.846628194411984,22.19090461730957,4541800
2009-11-10,22.153482410770934,22.36304146321182,22.123544587557106,22.34058952331543,3583400
2009-11-11,22.42291321009326,22.467819939963228,22.213354180755378,22.37052345275879,5100100
2009-11-12,22.28819094251855,22.452844622512142,22.19089448308015,22.243284225463867,3450400
2009-11-13,22.22083219391096,22.42290670968908,22.205863288293795,22.288190841674805,3706900
2009-11-16,22.422909996028267,22.662408238463975,22.280709654364287,22.51272201538086,3769100
2009-11-17,22.542663018669106,22.61002025831624,22.445366531652695,22.572599411010742,8409100
2009-11-18,22.647448866421804,22.72229200947627,22.460341722542754,22.699838638305664,4641000
2009-11-19,22.639950393136274,22.639950393136274,22.34806388619432,22.587560653686523,8943200
2009-11-20,22.550147969355553,22.767192899277276,22.482790723963717,22.744739532470703,4254800
2009-11-23,22.87945109512178,23.103980423892185,22.849514707793873,22.954294204711914,4316900
2009-11-24,23.01416655281813,23.20127359796299,22.901902611233904,23.133914947509766,6797100
2009-11-25,23.18631481259377,23.276126861572266,23.089019734754984,23.276126861572266,6534300
2009-11-27,22.931842053070604,23.15637139368332,22.71479859407667,23.04410743713379,3394300
2009-11-30,23.074046424637018,23.074046424637018,22.87945487852992,22.961782455444336,5203100
2009-12-01,23.0216504726682,23.36592674255371,23.0216504726682,23.36592674255371,5944900
2009-12-02,23.328508412481664,23.418320429828764,23.2012755539562,23.313539505004883,4983300
2009-12-03,23.38089747372578,23.440771674358984,23.148885124711313,23.201274871826172,7722800
2009-12-04,23.350968805954516,23.50065364325988,23.096503012269977,23.18631362915039,6784300
2009-12-07,23.186310369908515,23.418324190516355,23.133920612840235,23.156373977661133,4296700
2009-12-08,23.059073648414316,23.163854572604127,22.93932524435189,22.976747512817383,5625400
2009-12-09,23.006683432325687,23.171337127685547,22.93932477797085,23.171337127685547,6328300
2009-12-10,23.253670281031194,23.463230748030544,23.231218342522833,23.41084098815918,6752500
2009-12-11,23.41084098815918,23.515620507901907,23.37341871145542,23.41084098815918,5955100
2009-12-14,23.582970992794316,23.687750476168034,23.50064344013588,23.62787628173828,4646500
2009-12-15,23.627874358291187,23.635358810424805,23.49315707491267,23.635358810424805,4171700
2009-12-16,23.710205054698363,23.770079252209683,23.515613555908203,23.515613555908203,6069700
2009-12-17,23.31354144900817,23.508132979891606,23.171339671148406,23.298572540283203,16428000
2009-12-18,23.344478583534258,23.442311032909153,23.23911890490159,23.42725944519043,10356100
2009-12-21,23.28426697931759,23.79600933156162,23.276741187620118,23.645496368408203,9174900
2009-12-22,23.622928389979766,23.81106895106058,23.622928389979766,23.750864028930664,3957200
2009-12-23,23.818596829464965,23.818596829464965,23.660559433322867,23.675609588623047,3457400
2009-12-24,23.705712770020796,23.72076436071967,23.600354505926063,23.675609588623047,2198500
2009-12-28,23.773439311038267,23.811066845768107,23.66055527145031,23.796016693115234,6543900
2009-12-29,23.811064426462647,23.901372510196396,23.735809364649203,23.765911102294922,10151100
2009-12-30,23.690661079072058,23.78096918748446,23.630456151930016,23.69818687438965,3637000
2009-12-31,23.71323841194245,23.728290002543936,23.382110595703125,23.382110595703125,3511000
2010-01-04,23.68313251602407,23.796017997196877,23.532620933457856,23.78849220275879,5580900
2010-01-05,23.75086118709637,23.833643483394415,23.555194854736328,23.555194854736328,5428600
2010-01-06,23.555195590489564,23.796016693115234,23.555195590489564,23.796016693115234,4883600
2010-01-07,23.705702894348992,23.87879180908203,23.653023784247466,23.87879180908203,6114600
2010-01-08,23.92395531462076,23.93900546915702,23.750864901166857,23.91642951965332,4284800
2010-01-11,24.044365060019164,24.081992599296118,23.946531161261298,24.051889419555664,4177700
2010-01-12,23.946522503612016,24.014253198142004,23.788485173307443,23.87879180908203,5791400
2010-01-13,23.938999246282055,24.27012696178065,23.931473453270925,24.19487190246582,8056100
2010-01-14,24.240025601729418,24.420641776701547,24.14971894964171,24.413114547729492,7801400
2010-01-15,24.322815589844897,24.458277046226268,24.104571813364064,24.247560501098633,9691800
2010-01-19,24.330333728279747,24.84207330793883,24.330333728279747,24.834548950195312,17749900
2010-01-20,24.91733532094915,24.954962857423425,24.435695964165593,24.623836517333984,16706200
2010-01-21,24.616309820470427,24.736719662273025,24.066939737821254,24.089515686035156,15057200
2010-01-22,24.01425901396404,24.247554322910858,23.780965140415663,23.82611846923828,13221000
2010-01-25,24.066938136823502,24.066938136823502,23.803541087127748,23.82611846923828,7485600
2010-01-26,23.735815247441955,23.81107032790696,23.56272483033595,23.69066047668457,9292600
2010-01-27,23.607874798313645,23.8938477779389,23.577771623932904,23.856220245361328,13238800
2010-01-28,23.93148139576471,23.961584577800025,23.637982547913985,23.705713272094727,12890200
2010-01-29,23.78096554571293,23.84869625780041,23.540145874023438,23.540145874023438,11902000
2010-02-01,23.57777711987775,23.743340311369288,23.479944651132456,23.675609588623047,6463000
2010-02-02,23.74334180210102,24.172302116160466,23.615406143925505,24.164777755737305,9894100
2010-02-03,24.08198709119944,24.10456303544254,23.765910953211517,23.841167449951172,5967400
2010-02-04,23.645506707719438,23.72828901719128,23.224072236169246,23.23912239074707,10027700
2010-02-05,23.171384853691485,23.3143706013446,22.78005226607661,23.201486587524414,14325900
2010-02-08,23.216541497497516,23.29179799595617,23.02087517566435,23.088605880737305,6971500
2010-02-09,23.382106297484356,23.47994018301102,23.088607511701206,23.269222259521484,8632900
2010-02-10,23.291800563856107,23.291800563856107,22.945621206939677,23.126235961914062,7047300
2010-02-11,22.975724665311738,23.359531562609337,22.94562148808126,23.28427505493164,4335600
2010-02-12,23.111175231879308,23.276739768332455,22.95313792206266,23.231586456298828,6966800
2010-02-16,23.464896658303505,23.464896658303505,23.193973725777962,23.43479347229004,5786100
2010-02-17,23.517571662487782,23.735815416507023,23.479944121987266,23.61540412902832,10161600
2010-02-18,23.622925159945293,23.74333498774113,23.562720246047377,23.72828483581543,5326600
2010-02-19,23.65302833459344,23.78096395605131,23.59282342069552,23.72828483581543,4369300
2010-02-22,23.811068377211058,23.811068377211058,23.510043773816193,23.66055679321289,6989700
2010-02-23,23.59283232806291,23.683139015305485,23.389640128668752,23.43479347229004,4313800
2010-02-24,23.502514245626628,23.65302724111238,23.419733389967938,23.607873916625977,4352100
2010-02-25,23.44231385124104,23.622928619384766,23.329429800576033,23.622928619384766,5437900
2010-02-26,23.660556287136085,23.758388742872423,23.570248190349965,23.63045310974121,8794500
2010-03-01,23.630450743700845,23.93900110411165,23.630450743700845,23.856220245361328,6249900
2010-03-02,23.893851564742434,24.03683879491549,23.86374838559081,23.93900489807129,5321100
2010-03-03,24.051883918344263,24.051883918344263,23.8035384838822,23.841167449951172,5066800
2010-03-04,23.87126933715238,23.886320923674386,23.675603018561176,23.765911102294922,10135600
2010-03-05,23.81859909299024,24.097047805786133,23.788497344130562,24.097047805786133,5832200
2010-03-08,24.104561613287846,24.104561613287846,23.946524271317134,23.954050064086914,4370700
2010-03-09,23.878799975166622,23.999209820975956,23.848698231413582,23.93900489807129,4838900
2010-03-10,23.954050064086914,24.036832349156256,23.91642253563623,23.954050064086914,4063400
2010-03-11,23.946525092647263,24.142192840576172,23.818589481969457,24.142192840576172,6033900
2010-03-12,24.179824000872504,24.179824000872504,23.90137535862465,23.961580276489258,4899700
2010-03-15,23.961578197401916,24.11961555480957,23.916424871770918,24.11961555480957,5500100
2010-03-16,24.119620506755332,24.20240281690663,24.029313836952678,24.18735122680664,5494000
2010-03-17,24.172293088034174,24.255075375758384,24.08198644269708,24.19487190246582,11159700
2010-03-18,24.19488513473339,24.428177668675765,24.13467875771725,24.36044692993164,7125700
2010-03-19,24.351377487182617,24.50239435775822,24.260768517000148,24.351377487182617,8386700
2010-03-22,24.38913199041073,24.683613315952115,24.38913199041073,24.509944915771484,7909200
2010-03-23,24.479741405995018,24.63075828552246,24.426885930221523,24.63075828552246,5713500
2010-03-24,24.585452271178994,24.615653339114147,24.366477966308594,24.366477966308594,6315000
2010-03-25,24.547697515858175,24.547697515858175,24.245666653721255,24.26831817626953,5120600
2010-03-26,24.328726360206762,24.328726360206762,24.041794589489715,24.087099075317383,6811000
2010-03-29,24.155056390945198,24.343828201293945,24.147505403314955,24.343828201293945,4818700
2010-03-30,24.343828201293945,24.37402927140765,24.245666802304452,24.343828201293945,3440100
2010-03-31,24.30607002505541,24.374027468497232,24.155054604231875,24.260766983032227,4834400
2010-04-01,24.389128404955283,24.44198387200485,24.26076595080831,24.39668083190918,5602900
2010-04-05,24.41933478444345,24.479739804057125,24.290969437102678,24.328725814819336,4655600
2010-04-06,24.260769860126793,24.35892838308905,24.253217431955918,24.31362533569336,3978900
2010-04-07,24.313625303409758,24.313625303409758,24.094650973263377,24.207914352416992,4733200
2010-04-08,24.132406292464452,24.17771222362351,24.034246322027432,24.117305755615234,4561700
2010-04-09,24.155057846125374,24.25321781082472,24.117304345903406,24.2230167388916,4155000
2010-04-12,24.192810937295622,24.298521881999747,24.147505012247905,24.15505599975586,4513500
2010-04-13,24.1097540323526,24.23056696468742,24.041796577888796,24.177711486816406,7279200
2010-04-14,24.19280975380386,24.19280975380386,24.004039395950347,24.094648361206055,6331200
2010-04-15,24.10975468476905,24.124856661770504,23.958737795162094,24.026695251464844,5119600
2010-04-16,23.996489767943356,24.06444721583593,23.769964461566904,23.88322639465332,8928300
2010-04-19,23.88322652489798,24.102200844902345,23.80016854162359,24.079547882080078,11270000
2010-04-20,24.162600640095715,24.200354127514572,24.04933873763591,24.132396697998047,5741100
2010-04-21,24.147497923007126,24.147497923007126,23.61894191445677,23.709550857543945,13931400
2010-04-22,23.588740468324925,23.596291454414736,23.28670822574908,23.437725067138672,4291800
2010-04-23,23.437729575108204,23.69445595052344,23.286712704672308,23.671804428100586,10974900
2010-04-26,23.70955487669902,23.769961329064742,23.399971628299266,23.422624588012695,7321500
2010-04-27,23.36977119967743,23.54343958564173,23.113043394250397,23.15079689025879,10692000
2010-04-28,23.3169136594839,23.399973076704242,23.105491783219055,23.30181312561035,10333300
2010-04-29,23.422624743893454,23.762410500635674,23.422624743893454,23.618946075439453,10236400
2010-04-30,23.686902830123802,23.732207308339152,23.316911697387695,23.316911697387695,12506600
2010-05-03,23.31691621814394,23.528339557812647,23.301815682613352,23.430179595947266,5629700
2010-05-04,23.324472079342844,23.513242494851163,23.196108139189025,23.294269561767578,14483400
2010-05-05,23.022431855003273,23.415074531070946,22.95447441336835,23.369770050048828,9627700
2010-05-06,23.294262537705166,23.362219982012853,21.542473840448217,22.743053436279297,21647700
2010-05-07,22.758153309046122,22.758153309046122,22.15408875520287,22.44101905822754,18182100
2010-05-10,22.83365502579424,23.279153043364488,22.83365502579424,23.04507827758789,13168100
2010-05-11,22.886514927668685,23.226302105495872,22.833659464496314,22.99977684020996,8829300
2010-05-12,23.196101936522346,23.203652923948013,22.969578074566716,23.18855094909668,6115800
2010-05-13,23.10549569360944,23.181004136570355,22.939376831054688,22.939376831054688,6872600
2010-05-14,22.8110087180982,22.916721094898193,22.448569986735784,22.629789352416992,13544100
2010-05-17,22.682646260918737,22.720399755359345,22.290003581841038,22.629789352416992,11950000
2010-05-18,22.78080067250192,22.818554157764535,22.425913014342633,22.448564529418945,11648200
2010-05-19,22.305106745927112,22.584486076184028,22.259800821936608,22.395715713500977,12608800
2010-05-20,22.086133704676566,22.199395640762383,21.685939994289456,21.693490982055664,15946600
2010-05-21,21.459418962639013,21.80675580463864,21.331055034029617,21.746349334716797,16465100
2010-05-24,21.655737483428275,21.927567282197156,21.53492455957625,21.693490982055664,10310900
2010-05-25,21.24799315508375,21.602882385253906,21.11962924123142,21.602882385253906,16411700
2010-05-26,21.73124350328129,21.821852465988215,21.44431176090121,21.466964721679688,12620400
2010-05-27,21.64818325643756,21.904911041259766,21.64818325643756,21.904911041259766,9438500
2010-05-28,21.89736958330677,22.018182541653516,21.72370113570883,21.799209594726562,13301500
2010-06-01,21.716139239454137,21.90490957209174,21.51981792068663,21.557571411132812,11633700
2010-06-02,21.74635495932585,22.048388827258773,21.565135502688626,22.02573585510254,10510200
2010-06-03,22.025721282419784,22.222042590604172,21.995517339528373,22.154085159301758,8442500
2010-06-04,21.814303986404877,21.874710448553795,21.429212250129147,21.50472068786621,11034700
2010-06-07,21.534928108844767,21.746350040329382,21.47452163696289,21.47452163696289,9478700
2010-06-08,21.482071683054887,21.55757868944006,21.263097331967163,21.527376174926758,10571000
2010-06-09,21.55757648419955,21.67838941030182,21.353705571529275,21.42921257019043,8428600
2010-06-10,21.63308746206543,21.889815320214936,21.63308746206543,21.836959838867188,6967900
2010-06-11,21.77654740339952,22.055926711193063,21.768996416674902,22.018173217773438,7042100
2010-06-14,22.086135044205303,22.259803452750155,22.04838154328816,22.055931091308594,6416400
2010-06-15,22.16164142259926,22.448571747380957,22.154090435078214,22.433469772338867,4921200
2010-06-16,22.365515548746743,22.546734943093586,22.312658631883988,22.516530990600586,5576900
2010-06-17,22.554282935973006,22.554282935973006,22.3202066558491,22.54673194885254,5710800
2010-06-18,22.585439255696894,22.585439255696894,22.38053069081343,22.42606544494629,6962900
2010-06-21,22.661334008957116,22.714458135966904,22.274284936783644,22.38812255859375,7458600
2010-06-22,22.410889008662675,22.570261377934777,22.137677578454742,22.168033599853516,7226400
2010-06-23,22.183215500727066,22.221162342296772,21.96312960971876,22.076967239379883,6431100
2010-06-24,21.978300762309292,22.10731709257593,21.887231263017306,21.917587280273438,10192000
2010-06-25,21.917586486218166,22.130084389406836,21.841695722065502,22.016246795654297,8439200
2010-06-28,22.031418008518873,22.16043429008014,21.841688267841896,21.97829246520996,6556200
2010-06-29,21.750625681051194,21.79616043093688,21.454647635508827,21.576074600219727,15076600
2010-06-30,21.46982069859608,21.674727742735133,21.35598168265712,21.401517868041992,9503400
2010-07-01,21.363582154755736,21.363582154755736,20.862695435274816,21.21938705444336,23346200
2010-07-02,21.25732798173605,21.41670032654227,21.15107975186524,21.272506713867188,10103400
2010-07-06,21.416695221170855,21.545711518483106,21.20419881208472,21.37874984741211,11667300
2010-07-07,21.401522845146857,21.818927842250044,21.295273168729448,21.796159744262695,8794500
2010-07-08,21.872044273638227,22.031418008518873,21.826509541182208,21.97829246520996,7165200
2010-07-09,22.023836110171956,22.039014841976478,21.917586435063832,22.03142547607422,4261600
2010-07-12,21.98589322245874,22.06937481482729,21.91000244487692,21.99348258972168,5026200
2010-07-13,22.12249742592277,22.29704851846728,22.12249742592277,22.160444259643555,5439300
2010-07-14,22.09214140646984,22.2059790125848,21.978302352831186,22.160444259643555,5958300
2010-07-15,22.15284659330528,22.281862884572423,22.01624093813735,22.22873878479004,4594500
2010-07-16,22.122495816657718,22.259101513067986,21.735446826003162,21.765804290771484,9790100
2010-07-19,21.856882066480964,21.947953047747795,21.76581253273827,21.864471435546875,5391900
2010-07-20,21.614024949627463,21.811344174497073,21.49259795701908,21.803754806518555,8178400
2010-07-21,21.796157938391012,21.86446077917043,21.401521071971924,21.44705581665039,14343400
2010-07-22,21.659561897329077,21.80375555127433,21.500188059384346,21.583669662475586,10500800
2010-07-23,21.576074600219727,21.629198716340294,21.378755420683614,21.576074600219727,8858800
2010-07-26,21.66714076769253,21.925173389899957,21.598837929606834,21.88722801208496,10261500
2010-07-27,21.932766498978115,21.985890615996958,21.81133953221401,21.90999984741211,6225700
2010-07-28,21.87205204876952,21.94035489549554,21.576074011305803,21.6140193939209,9662900
2010-07-29,21.735448326691593,21.87964339924965,21.49259438187193,21.59884262084961,10540100
2010-07-30,21.401522252017877,21.773392490363783,21.318040675901454,21.682321548461914,7539400
2010-08-02,21.917593344071257,22.107323208865076,21.910005423300618,22.092145919799805,11733200
2010-08-03,22.1224999059416,22.35776451128975,22.1224999059416,22.27428436279297,10266000
2010-08-04,22.289458598533795,22.524723156390397,22.251511768219135,22.494365692138672,9458100
2010-08-05,22.418474900799435,22.501955032348633,22.32740395567246,22.501955032348633,4285100
2010-08-06,22.28187613874039,22.570264900900067,22.22116263894235,22.547496795654297,8894200
2010-08-09,22.691684016454754,22.691684016454754,22.494364848787068,22.608203887939453,4061700
2010-08-10,22.448835137215827,22.752402598828255,22.35776417497018,22.661333084106445,8692600
2010-08-11,22.350178708585776,22.380534734317543,22.046609766124117,22.076967239379883,13216600
2010-08-12,21.902412984400016,22.22874853769865,21.849288861309315,22.168033599853516,9553700
2010-08-13,22.02383737436437,22.1680309922136,21.98589054267487,22.084550857543945,4340300
2010-08-16,21.955533929478964,22.03142614327637,21.803749501884155,21.970712661743164,4641300
2010-08-17,22.099733250680593,22.35776451128975,22.03901975744482,22.27428436279297,7183200
2010-08-18,22.236337634320797,22.410890194816613,22.099733359510488,22.243927001953125,4410100
2010-08-19,22.12249318129034,22.160440007730287,21.765801697895387,21.834104537963867,8736200
2010-08-20,21.803755434265565,21.826523538856623,21.621614940109023,21.758220672607422,5606200
2010-08-23,21.894821298076273,22.06178301689448,21.834107814185685,21.856874465942383,6570800
2010-08-24,21.621615259197572,21.629204627506592,21.31804776445666,21.386350631713867,12112600
2010-08-25,21.29527518982503,21.68991357391883,21.26491917048442,21.59884262084961,10713000
2010-08-26,21.712683552316477,21.712683552316477,21.378758625541515,21.46224021911621,6566000
2010-08-27,21.52294920953803,21.68991091424736,21.24973783135593,21.682321548461914,7200700
2010-08-30,21.682332070458497,21.705100178863745,21.409120559692383,21.409120559692383,5835000
2010-08-31,21.3787600376274,21.492597660687725,21.280101150314835,21.32563591003418,8756200
2010-09-01,21.530542859970083,21.856876968544825,21.530542859970083,21.818931579589844,10345200
2010-09-02,21.856871845698684,21.970710880929477,21.796158369086548,21.932764053344727,6003300
2010-09-03,22.008658002713705,22.152853063900153,22.001068636596145,22.13767433166504,6604700
2010-09-07,22.114905683401016,22.114905683401016,21.963122707394835,22.008657455444336,3954000
2010-09-08,21.978300563973377,22.198387839069486,21.970712645370515,22.130084991455078,6850700
2010-09-09,22.289461853949074,22.433655487633803,22.266693752434957,22.365352630615234,6305700
2010-09-10,22.36534857622295,22.615791857382728,22.36534857622295,22.59302520751953,5453100
2010-09-13,22.714451524350192,22.752396904733963,22.532311092965834,22.646148681640625,5947100
2010-09-14,22.570257659183493,22.813111580455434,22.547489561242916,22.722042083740234,8386700
2010-09-15,22.668911667678145,22.94212152939777,22.638554212196436,22.934532165527344,4894200
2010-09-16,22.805520884714014,22.881413092567207,22.729630124384293,22.843467712402344,4913900
2010-09-17,22.922809074369596,22.991463196393397,22.793129227765526,22.838899612426758,6038900
2010-09-20,22.93805400631584,23.18978517189189,22.861771526299734,23.14401626586914,5467800
2010-09-21,23.144023984892396,23.28133220372314,23.060113083391883,23.15928077697754,7579700
2010-09-22,23.13639821463782,23.29659163977689,23.105886081972432,23.197423934936523,5875600
2010-09-23,23.052481788626924,23.235558905724382,23.029598058344487,23.075366973876953,8156800
2010-09-24,23.25844655308164,23.403383165072764,23.227934424485888,23.388126373291016,5571100
2010-09-27,23.388127659537563,23.388127659537563,23.19742211668095,23.212678909301758,4840600
2010-09-28,23.266075038376997,23.44915217555826,23.11351002990874,23.403383255004883,5634600
2010-09-29,23.319473266601562,23.4110125662551,23.235562363166473,23.319473266601562,7966300
2010-09-30,23.403378508200046,23.555942030756764,23.174531041913784,23.258441925048828,8680300
2010-10-01,23.426262236351455,23.456775813843272,23.13639052501647,23.258441925048828,8791700
2010-10-04,23.24318748019568,23.296586246191204,22.968572529913843,23.029598236083984,6193600
2010-10-05,23.342356456437518,23.494920002838892,23.220305037329343,23.45677947998047,6786200
2010-10-06,23.40339162703443,23.48730255720597,23.288968557234867,23.365249633789062,5800000
2010-10-07,23.45677774988675,23.52543184994236,23.342354734783257,23.411008834838867,6052000
2010-10-08,23.426273602643615,23.533069720714376,23.372876271092313,23.472043991088867,3678600
2010-10-11,23.456775851170562,23.525429945668947,23.403378545442365,23.487289428710938,2452400
2010-10-12,23.441523684141718,23.60171708787757,23.342357447518758,23.540691375732422,3194600
2010-10-13,23.639857245570013,23.78479385527887,23.578831534371712,23.708511352539062,3323600
2010-10-14,23.677997497826443,23.784792120894082,23.555944629362205,23.66274070739746,5111500
2010-10-15,23.716138659958226,23.830561681333112,23.609344034004017,23.76190757751465,5880600
2010-10-18,23.792422066110845,23.990755989705598,23.754280087553557,23.98312759399414,7161000
2010-10-19,23.792421610553873,23.792421610553873,23.418638957655613,23.533061981201172,8833000
2010-10-20,23.586457855689968,23.861074259413392,23.525432149858943,23.7542781829834,5489400
2010-10-21,23.853449598657907,23.929732106630894,23.639858867327103,23.8153076171875,5983600
2010-10-22,23.891587300583776,23.891587300583776,23.761907488851406,23.822933197021484,4671900
2010-10-25,23.952617645263672,24.13569480521216,23.929733909625067,23.952617645263672,6532600
2010-10-26,23.899215607256117,23.899215607256117,23.76953579600515,23.88395881652832,4005800
2010-10-27,23.792420520161077,23.838189436488204,23.59408660945338,23.739023208618164,5489900
2010-10-28,23.876327514648438,23.960238398469013,23.746647719183667,23.876327514648438,5007000
2010-10-29,23.815310712734554,23.85345269916271,23.685630868814858,23.777170181274414,6751200
2010-11-01,23.90685002519411,24.028901471828178,23.655118734640347,23.777170181274414,6943700
2010-11-02,23.967871438289418,24.028897150631998,23.944986250548048,24.006011962890625,5303500
2010-11-03,24.082288820592748,24.082288820592748,23.77716033042199,24.021263122558594,8271300
2010-11-04,24.196716398662357,24.20434479423025,24.06703658394358,24.135690689086914,7898400
2010-11-05,24.18909331164322,24.18909331164322,23.899221491286394,23.990760803222656,10241400
2010-11-08,23.96023776894463,24.06703237829768,23.876326887328705,23.929725646972656,7745100
2010-11-09,23.998379090753453,23.998379090753453,23.77716147038645,23.83055877685547,7484100
2010-11-10,23.861075173982563,23.861075173982563,23.594087155125607,23.822933197021484,6532400
2010-11-11,23.70851107957252,23.90684500242542,23.647485369076836,23.89158821105957,5827800
2010-11-12,23.746649226848703,23.784791201446705,23.563572113680973,23.594085693359375,6763900
2010-11-15,23.67799758534989,23.73139489708109,23.563573111677183,23.601715087890625,4181900
2010-11-16,23.449147419470318,23.525429908232404,23.189787830659693,23.258441925048828,12265400
2010-11-17,23.296585083007812,23.3881229102088,23.250814714439787,23.296585083007812,5810200
2010-11-18,23.433899611327185,23.67800395990777,23.365245490627647,23.624605178833008,5721600
2010-11-19,23.60171871685499,23.662744433212097,23.510179414835406,23.64748764038086,5078100
2010-11-22,23.61696362558552,23.67799076996119,23.426258164313154,23.655105590820312,7405200
2010-11-23,23.411009648233087,23.45677856487117,23.30421356945406,23.31184196472168,9030600
2010-11-24,23.40338216652482,23.548318772331964,23.40338216652482,23.533061981201172,5591000
2010-11-26,23.4110097397397,23.441521865961807,23.296586720213437,23.327098846435547,2863600
2010-11-29,23.189795249968586,23.34998867311776,22.991461297719468,23.304218292236328,7439200
2010-11-30,23.052487592616888,23.235564755808202,23.02197545956898,23.09062957763672,8214800
2010-12-01,23.34998485253474,23.571202504060466,23.34998485253474,23.533061981201172,8571300
2010-12-02,23.571202235565483,23.71613883972168,23.52543331766214,23.71613883972168,5519300
2010-12-03,23.616971153468825,23.731395630678684,23.60171581747949,23.71613883972168,7769400
2010-12-06,23.632227941610942,23.662741523521316,23.54069010581516,23.563573837280273,5092200
2010-12-07,23.731399558577884,23.746654897092206,23.548322401694858,23.578834533691406,6938200
2010-12-08,23.609343483133316,23.639855609136447,23.487292069185543,23.601715087890625,5222000
2010-12-09,23.677996405465155,23.677996405465155,23.56357193749427,23.639854431152344,3670300
2010-12-10,23.67799832008112,23.891587573633615,23.67799832008112,23.868703842163086,5730100
2010-12-13,23.92210188419694,24.021268118514303,23.876331509926427,23.906845092773438,9561500
2010-12-14,23.99075183878274,24.211969456268683,23.98312344439116,24.150943756103516,5587600
2010-12-15,24.059409733354908,24.234858467169737,24.051781337758477,24.074665069580078,5816700
2010-12-16,24.082295450289518,24.250117257309228,23.98312920929699,24.242488861083984,5071800
2010-12-17,24.24555140743668,24.283889770507812,24.10753096035691,24.283889770507812,6012600
2010-12-20,24.337558751992383,24.3528946788796,24.176535907220075,24.276216506958008,3241800
2010-12-21,24.29922614494016,24.31456061294005,24.214879989624023,24.214879989624023,2946300
2010-12-22,24.207211581850743,24.283889770507812,24.18420914901398,24.283889770507812,2646000
2010-12-23,24.23788809835162,24.306898335148183,24.23788809835162,24.268558502197266,2874100
2010-12-27,24.230215496251148,24.245551426497578,24.145869342410577,24.22254753112793,835200
2010-12-28,24.214878719570198,24.27622097589689,24.168872392953865,24.237882614135742,1652600
2010-12-29,24.26855449644698,24.299226357745038,24.222548167014736,24.24555206298828,1990500
2010-12-30,24.214879585138164,24.230215515396715,24.145869361489495,24.161205291748047,3877200
2010-12-31,24.18421152106991,24.20721395616281,24.099865359022736,24.153539657592773,3908500
2011-01-03,24.283886163331196,24.52925516057439,24.276218199353025,24.375900268554688,6877800
2011-01-04,24.421909101738414,24.47558339259152,24.322227022284302,24.452579498291016,4161000
2011-01-05,24.360572938750614,24.552267718320547,24.360572938750614,24.50625991821289,7962800
2011-01-06,24.54458662404651,24.6212662544498,24.513916234399602,24.60593032836914,4966800
2011-01-07,24.628946971619175,24.628946971619175,24.452588107434654,24.590608596801758,6199000
2011-01-10,24.475592472763857,24.575273126683648,24.4449206023176,24.52159881591797,4481000
2011-01-11,24.582946284212206,24.682625490730622,24.54460497782558,24.644287109375,3356200
2011-01-12,24.75162423475754,24.812967956419268,24.67494750771002,24.774629592895508,2886100
2011-01-13,24.7056308595688,24.7056308595688,24.575276852922478,24.644287109375,7414600
2011-01-14,24.598272912303905,24.674949645996094,24.582936980559488,24.674949645996094,3907500
2011-01-18,24.682619691903817,24.774635295576772,24.667283757958327,24.766965866088867,8160100
2011-01-19,24.789967078281048,24.789967078281048,24.506256735344053,24.5982723236084,9936400
2011-01-20,24.59060623228905,24.70562427071223,24.49859355656864,24.659616470336914,8811800
2011-01-21,24.736287665355416,24.789964882937664,24.65194443779375,24.682613372802734,8079700
2011-01-24,24.674945638152604,24.7439558572785,24.628937850392198,24.65194320678711,3711500
2011-01-25,24.567597058407745,24.72095342591301,24.559927631266298,24.65194320678711,8002500
2011-01-26,24.674951157346833,24.70562302271433,24.598274418958166,24.62127685546875,7671800
2011-01-27,24.65194443779375,24.728621162860563,24.575264787697375,24.682613372802734,6871900
2011-01-28,24.697948805328576,24.7286206647493,24.214878719570198,24.237882614135742,11096100
2011-01-31,24.360569447115402,24.360569447115402,24.199545094848656,24.29155921936035,9021600
2011-02-01,24.391244915273745,24.759300027284933,24.391244915273745,24.728628158569336,13051200
2011-02-02,24.651956540664727,24.6749589844719,24.567610346663756,24.644287109375,4627700
2011-02-03,24.559931620427918,24.7286239445866,24.375906289554713,24.674949645996094,6316300
2011-02-04,24.728622858967356,24.797633086272644,24.582935901336093,24.789966583251953,4380100
2011-02-07,24.78229501317774,24.82830280241457,24.728620721582868,24.751623153686523,9145200
2011-02-08,24.728624083314784,24.83597268109803,24.728624083314784,24.820636749267578,5160100
2011-02-09,24.751629932143377,24.820640172382934,24.69028912139172,24.766965866088867,4933400
2011-02-10,24.68261401040291,24.812967956419268,24.67494750771002,24.774629592895508,4383300
2011-02-11,24.66727469134774,24.889641264279685,24.644272261399344,24.82830047607422,4341900
2011-02-14,24.874311676301048,24.91265296936035,24.77463250443082,24.91265296936035,9054900
2011-02-15,24.820636090743104,24.88197981643738,24.759295290078665,24.85897445678711,5502400
2011-02-16,24.920316253501436,25.081339133440032,24.897313820661527,24.98932647705078,4256200
2011-02-17,24.927981665264383,25.11967639728743,24.88197680159772,25.0966739654541,8772000
2011-02-18,25.08133846304978,25.188687046806226,25.035333598599603,25.158018112182617,4583200
2011-02-22,24.904980613882223,25.019998629483144,24.71328587123378,24.774629592895508,12072400
2011-02-23,24.705624335028915,24.7823010774905,24.529264024827967,24.53693199157715,9817600
2011-02-24,24.490924352686964,24.674951157346833,24.43725005080888,24.62127685546875,9063800
2011-02-25,24.697949940818347,24.820634459112163,24.64427564687915,24.774629592895508,6129200
2011-02-28,24.866649073059335,25.081346307722917,24.77463639035072,25.050674438476562,15415100
2011-03-01,25.127345890779672,25.158017749991238,24.843638505646425,24.85130500793457,10264400
2011-03-02,24.812965344509287,24.97398820937697,24.774626985021175,24.927980422973633,11750700
2011-03-03,25.081337749129283,25.457060706611724,25.081337749129283,25.44172477722168,11733900
2011-03-04,25.42638568371275,25.480059967383824,25.227024476510056,25.403383255004883,8793600
2011-03-07,25.46473027018953,25.46473027018953,25.05833833009957,25.211694717407227,8359500
2011-03-08,25.227031656780472,25.426392920726574,25.13501606570081,25.349716186523438,5795000
2011-03-09,25.342042291914083,25.45706029797843,25.257696144137483,25.388050079345703,8000200
2011-03-10,25.188687720065765,25.242362013378628,24.966324044210868,24.98932647705078,12703000
2011-03-11,24.989325191495684,25.142681560941554,24.897312539839945,25.073671340942383,8004000
2011-03-14,24.958655272336113,25.112011653700527,24.843640180085067,24.95098876953125,7608100
2011-03-15,24.529263960970408,24.782301012974205,24.41424738506234,24.659616470336914,12855500
2011-03-16,24.621274450121927,24.62894095319979,24.10753245552608,24.23021697998047,20826500
2011-03-17,24.47558908947381,24.582939158681313,24.391242919921144,24.513927459716797,10301600
2011-03-18,24.771968288371475,24.818185705146227,24.563994320420548,24.6256160736084,16696000
2011-03-21,24.81047747251459,25.033857211297892,24.779665866125896,24.833587646484375,8783300
2011-03-22,24.91831722044811,24.964534633859245,24.8027780944554,24.81818389892578,6413300
2011-03-23,24.77195710999599,24.856687533336512,24.610200631812624,24.80276870727539,7349200
2011-03-24,24.895209357829057,25.13399491358914,24.802777471684408,25.095481872558594,10593600
2011-03-25,25.0954865495551,25.272648921998368,25.087782176899132,25.16480827331543,5281100
2011-03-28,25.172508389188383,25.21872580223693,25.149401151842476,25.157102584838867,3925300
2011-03-29,25.13399168430399,25.311154000967544,25.10318008009564,25.303449630737305,4031500
2011-03-30,25.42669427837379,25.619262405996107,25.42669427837379,25.488317489624023,5202600
2011-03-31,25.472909634040498,25.59615310825277,25.43439659929095,25.503721237182617,3280600
2011-04-01,25.596164834569443,25.688596747985233,25.549947408682772,25.63467788696289,3929600
2011-04-04,25.7194002515107,25.834942310598393,25.7194002515107,25.788724899291992,4286700
2011-04-05,25.688590122157873,25.750213340779027,25.642375646548796,25.673187255859375,4311300
2011-04-06,25.750217150280655,25.811837439661158,25.69629829518875,25.727109909057617,3954000
2011-04-07,25.66548904333233,25.78103113679538,25.596164374925998,25.68089485168457,7031500
2011-04-08,25.727108606698316,25.804134699114034,25.596160723563102,25.665485382080078,6907600
2011-04-11,25.74250397496054,25.873451819946865,25.74250397496054,25.81182861328125,8928500
2011-04-12,25.703995909636358,25.881158255518603,25.703995909636358,25.781024932861328,6200400
2011-04-13,25.773315576445572,25.85804601642661,25.703990938129834,25.757909774780273,4442000
2011-04-14,25.74250558102605,25.94277807682801,25.642372271481477,25.896560668945312,8316200
2011-04-15,26.027515969056395,26.196973969731893,25.99670435498549,26.127649307250977,9761800
2011-04-18,25.95817960433461,25.95817960433461,25.68858251028746,25.834936141967773,7603400
2011-04-19,25.88116579267191,26.06603256389224,25.834951303635062,26.050626754760742,5456100
2011-04-20,26.327924443348607,26.404950547725548,26.243193965519453,26.30481719970703,7116900
2011-04-21,26.466572132093294,26.535896797054132,26.289409752383897,26.3818416595459,4828600
2011-04-25,26.297103286955863,26.435752575225223,26.27399605169646,26.41264533996582,6363700
2011-04-26,26.451156620746612,26.759266782731082,26.451156620746612,26.72075080871582,5800000
2011-04-27,26.689948374737476,27.067380326016696,26.6745425692057,27.02116584777832,8745300
2011-04-28,27.021162755344108,27.175214916317493,26.9980525805128,27.159809112548828,5219400
2011-04-29,27.213733834957672,27.229136702033763,27.105893196926452,27.1444091796875,11660100
2011-05-02,27.329258143082143,27.475608807770836,27.290745119569888,27.421689987182617,14846400
2011-05-03,27.360081308840336,27.4217015848504,27.213730582254417,27.35237693786621,11291300
2011-05-04,27.313865512026336,27.37548873003427,27.18292058129462,27.32927131652832,9434600
2011-05-05,27.28305407768819,27.38319033841377,27.075083061471886,27.152109146118164,11700000
2011-05-06,27.352378404466023,27.4756219014509,27.236839278868374,27.344676971435547,7405100
2011-05-09,27.206032872015093,27.529548949931876,27.206032872015093,27.498737335205078,9030400
2011-05-10,27.61426163809054,27.675884834416898,27.45250515526744,27.668180465698242,7764600
2011-05-11,27.69898763837364,27.76831225398689,27.475607994913712,27.62196159362793,13491000
2011-05-12,27.521833153405655,27.883862130282566,27.44480708691767,27.876157760620117,7867600
2011-05-13,27.922376333187994,27.991700971273605,27.645077780845547,27.791431427001953,10091200
2011-05-16,27.729818308942775,27.945493733293556,27.67589945285508,27.837656021118164,7557200
2011-05-17,27.706711067292986,27.85306182833712,27.645087838417172,27.837656021118164,7397600
2011-05-18,27.8376597366818,28.07644537291098,27.791445247213854,28.053335189819336,5666800
2011-05-19,28.16886919636836,28.16886919636836,27.860758976109718,27.99170684814453,17052500
2011-05-20,28.007101296054824,28.007101296054824,27.675883972010997,27.7606143951416,11701300
2011-05-23,27.46791693038827,27.529540140121643,27.35237488131638,27.475618362426758,27910000
2011-05-24,27.46792619714209,27.514143620034325,27.367789916720934,27.398601531982422,10177500
2011-05-25,27.275350557786048,27.506431732402117,27.275350557786048,27.43710708618164,7239400
2011-05-26,27.37548505414458,27.506429967293446,27.213728536129025,27.475618362426758,6576400
2011-05-27,27.47562965266191,27.51414564375037,27.36009049446925,27.49103546142578,7043300
2011-05-31,27.69130497430913,27.822249926783,27.583467263246586,27.81454849243164,10185900
2011-06-01,27.722119234509126,27.791443903717415,27.406307505528588,27.429414749145508,12042500
2011-06-02,27.437105327200907,27.437105327200907,27.259943006741167,27.367780685424805,7603400
2011-06-03,27.059675801089085,27.259945373409177,27.059675801089085,27.10589027404785,12026700
2011-06-06,27.028868036856814,27.098192694509052,26.905624527514732,26.944137573242188,6513500
2011-06-07,27.136701892692148,27.229133777004108,26.9826467932678,26.9980525970459,8211900
2011-06-08,26.967238789426723,27.075079407075464,26.913319949780547,27.02886199951172,6631100
2011-06-09,27.090485902654056,27.44481353142676,27.044271427251754,27.313865661621094,6971000
2011-06-10,27.206028196205487,27.206028196205487,26.790080283953195,26.813190460205078,17102600
2011-06-13,26.79778682413504,27.059679648781596,26.79778682413504,26.944137573242188,10150700
2011-06-14,27.152101813927537,27.283046710137025,27.075075750081485,27.175209045410156,8585800
2011-06-15,27.05967998038465,27.144410445037607,26.743868300178136,26.80548858642578,15194100
2011-06-16,26.813188696372933,26.92872781660472,26.674539401409497,26.851701736450195,10648300
2011-06-17,27.07616918937691,27.145833551596155,26.828474335431935,26.913619995117188,16765100
2011-06-20,26.859447006489994,27.215508123515185,26.820745224684067,27.184545516967773,8445200
2011-06-21,27.29290649424401,27.41675394411315,27.215502945359344,27.35483169555664,12641600
2011-06-22,27.316127253448148,27.378049495957395,27.17679851685756,27.192279815673828,7622800
2011-06-23,27.09164965055134,27.19227660459635,26.8052530381599,27.161314010620117,19458700
2011-06-24,27.153577970970442,27.153577970970442,26.797514004678813,26.843957901000977,11042000
2011-06-27,26.898145943355136,27.052956006961693,26.73559670530862,26.983291625976562,6268200
2011-06-28,27.037467603561243,27.43223035694952,27.00650500842141,27.362565994262695,9300200
2011-06-29,27.509645397917726,27.509645397917726,27.33935402445837,27.416757583618164,6541700
2011-06-30,27.53286041051085,27.579304308442644,27.439975567403177,27.50189781188965,11835800
2011-07-01,27.501906654151945,27.850228618741188,27.486425349863882,27.834747314453125,10374800
2011-07-05,27.85796072077,27.85796072077,27.66444891595229,27.757333755493164,6410500
2011-07-06,27.71089983290549,27.873449098794843,27.71089983290549,27.834747314453125,6899800
2011-07-07,27.958588397504133,27.958588397504133,27.710893491095383,27.819259643554688,7400100
2011-07-08,27.633485626872865,27.726370464088895,27.532858664114656,27.69540786743164,6741200
2011-07-11,27.45546035051566,27.509643428600043,27.24646721243748,27.316131591796875,11117200
2011-07-12,27.300650290521865,27.58704698221879,27.223243784146817,27.316131591796875,5988800
2011-07-13,27.455465935264176,27.687679596111572,27.34709975705252,27.424503326416016,8597100
2011-07-14,27.478676817694673,27.571561659039183,27.30838548126652,27.378049850463867,9443600
2011-07-15,27.416756201529594,27.424498328709195,27.099396900562223,27.238725662231445,9994600
2011-07-18,27.145837918178103,27.16905839173449,26.836217824564724,27.037471771240234,8569400
2011-07-19,27.091656919740355,27.331612658307456,27.029731715172222,27.277429580688477,9930600
2011-07-20,27.316135118415932,27.33161642168964,27.083921474823704,27.184545516967773,6808400
2011-07-21,27.455468335160795,27.703163322083416,27.370322629764175,27.594797134399414,14621500
2011-07-22,27.579302440273853,27.60252291128888,27.432231583163418,27.54833984375,7642700
2011-07-25,27.30838667080457,27.447715415268345,27.230983125105134,27.261945724487305,6821100
2011-07-26,27.23872746036491,27.254208762989734,27.01425595419636,27.045215606689453,8696700
2011-07-27,26.92136272764574,26.936844027159047,26.542081224215572,26.573043823242188,13037300
2011-07-28,26.55756016438726,26.843956798050414,26.51111626997336,26.54981803894043,13788400
2011-07-29,26.325346271483646,26.596264586793335,26.15505788048818,26.410491943359375,18230600
2011-08-01,26.665930795468945,26.665930795468945,25.69062951759467,25.9615478515625,27608500
2011-08-02,25.783520371149,25.884144408780625,25.38101536235284,25.40423583984375,23052100
2011-08-03,25.404235871256944,25.450679779052734,24.924327301726642,25.450679779052734,23351200
2011-08-04,25.094613171374814,25.202982278538236,24.436674118041992,24.436674118041992,26524200
2011-08-05,24.62244415283203,24.986245851644714,24.026428855011773,24.62244415283203,34270900
2011-08-08,24.13479757948234,24.413455109125877,23.35300954738769,23.360750198364258,35749300
2011-08-09,23.654883298412095,24.281862627325562,22.94275977682903,24.21219825744629,33607200
2011-08-10,23.91806913425387,24.08836054109395,23.151762232609123,23.19046401977539,31686400
2011-08-11,23.27560055698817,24.560518873088988,23.23689878506312,24.250900268554688,23576700
2011-08-12,24.42893815310769,24.71533637145952,24.243166934330183,24.490861892700195,14175900
2011-08-15,24.715334246958122,24.95529000908386,24.545042870432983,24.901103973388672,22841300
2011-08-16,24.761778990432973,25.04817721090573,24.606970378494484,24.877885818481445,16553800
2011-08-17,24.947547881374593,25.187503643500328,24.684371641634176,24.901103973388672,12656600
2011-08-18,24.405715976666816,24.459899060495825,23.871622837078295,24.080615997314453,14270400
2011-08-19,23.856131818195614,24.37474344365107,23.81743005304518,24.0186824798584,18010300
2011-08-22,24.397976357904643,24.452159444027068,23.972249367954348,24.003211975097656,11770100
2011-08-23,24.09608548296873,24.808208871351457,24.04190242239249,24.784988403320312,12479500
2011-08-24,24.69210905215792,25.079134186019296,24.653407276960827,25.071392059326172,11758600
2011-08-25,25.00947510442097,25.10235997511027,24.560526149368567,24.645671844482422,15550800
2011-08-26,24.506335305694446,25.04042683406131,24.034166020602814,24.955284118652344,12478900
2011-08-29,25.233945619219163,25.613230167884794,25.202985965399737,25.590009689331055,11473900
2011-08-30,25.551304354313654,25.82996190143722,25.319090715962886,25.675151824951172,11804700
2011-08-31,25.806741744336193,26.031216210394476,25.644192490745016,25.853185653686523,10386100
2011-09-01,25.845439164516648,26.124096668083858,25.628706862967107,25.682889938354492,9625000
2011-09-02,25.280383306566186,25.50485771985579,25.063651019393305,25.117834091186523,11320900
2011-09-06,24.537291046044405,25.210711124518397,24.490847162001185,25.17974853515625,44453200
2011-09-07,25.481635011007466,25.791255103754235,25.373268864372907,25.78351593017578,10855700
2011-09-08,25.61323182362723,25.876408091023567,25.458421733495822,25.504865646362305,9130800
2011-09-09,25.22620598755371,25.257168593569634,24.63018910915199,24.746295928955078,16098500
2011-09-12,24.444412949680157,24.854658538004287,24.37474857663685,24.831438064575195,13393200
2011-09-13,24.893356496528963,25.141051351001444,24.761768420543234,25.086868286132812,11253500
2011-09-14,25.172017956033443,25.60548549679172,24.815956915101314,25.326828002929688,14000300
2011-09-15,25.512599980225204,25.574525185628055,25.15653890742774,25.559043884277344,12105200
2011-09-16,25.64231750819617,25.766832433647064,25.447762751637278,25.696792602539062,11861400
2011-09-19,25.315452475381704,25.548920452148977,25.245412676085248,25.45553207397461,11646000
2011-09-20,25.54893012247632,25.953601373059648,25.408850470862948,25.689006805419922,10829700
2011-09-21,25.704570406660135,25.743483728245305,24.980826561486577,24.99639129638672,14044800
2011-09-22,24.373814647135493,24.62284444677736,24.194824664184736,24.49054718017578,26670000
2011-09-23,24.34269007289246,24.65397736603228,24.257085510653422,24.498332977294922,17981500
2011-09-26,24.700666609504196,24.934133159723388,24.412726460535623,24.903003692626953,13336900
2011-09-27,25.299890223244372,25.587833297809958,25.167594460878238,25.28432846069336,14319000
2011-09-28,25.377718907322187,25.408848375929622,24.80961797991453,24.848529815673828,15072000
2011-09-29,25.167603475205695,25.346593495340855,24.646196667260018,25.011959075927734,12782900
2011-09-30,24.747361440277594,25.16760037597737,24.685103985100014,24.692886352539062,10356100
2011-10-03,24.50611799355446,24.848534795180882,23.891325708704247,23.906888961791992,48032100
2011-10-04,23.696768006291688,24.187045299651054,23.432173440245403,24.163698196411133,20949700
2011-10-05,24.18704073056278,24.568367772103784,24.10921855213236,24.55280303955078,16962400
2011-10-06,24.537242551273255,24.848529815673828,24.428290895481982,24.848529815673828,9795500
2011-10-07,24.88744514844673,25.011960079129253,24.747365480345124,24.82518768310547,10780900
2011-10-10,25.08199320881102,25.432192285457486,25.08199320881102,25.393281936645508,6615000
2011-10-11,25.299893972857845,25.401063256446985,25.22985415632219,25.354372024536133,5107500
2011-10-12,25.447752010964056,25.618958105779733,25.35436659845835,25.36992835998535,8411100
2011-10-13,25.307670167660415,25.43218502953567,25.14424496807448,25.346580505371094,5970000
2011-10-14,25.642312302522125,25.642312302522125,25.439973734322656,25.58783721923828,6229400
2011-10-17,25.49444502609785,25.5255744886789,25.105335649841557,25.144248962402344,6750800
2011-10-18,25.058648747027767,25.525578891608937,24.895222008956573,25.331024169921875,9932600
2011-10-19,25.48666402921478,25.587833297809958,25.175375342153743,25.28432846069336,6233500
2011-10-20,25.229851142743875,25.40106022241861,24.973040491900786,25.2609806060791,6920500
2011-10-21,25.52556638018267,25.80572551707839,25.52556638018267,25.766815185546875,6784700
2011-10-24,25.844644684118556,26.163714261626104,25.766823994450966,26.155933380126953,36228400
2011-10-25,26.054768847047452,26.085898316043423,25.55670921779013,25.62674903869629,8333400
2011-10-26,25.860209924809286,26.062548471798213,25.642309614515746,25.969160079956055,8655700
2011-10-27,26.45943630873021,26.669555718010383,26.233752168910527,26.599515914916992,16385700
2011-10-28,26.443875700774306,26.700689341710092,26.443875700774306,26.622865676879883,10215300
2011-10-31,26.428314990760843,26.506138667437472,26.109245338060955,26.117029190063477,12897900
2011-11-01,25.626747092569808,25.922471088234786,25.541142543666577,25.61896324157715,13507200
2011-11-02,25.8913399452245,25.922469409840936,25.6267454333231,25.790170669555664,6063500
2011-11-03,26.008065029115194,26.11701813032425,25.80572949277816,26.070323944091797,7748400
2011-11-04,25.883553748121862,25.961377402607418,25.642307840888815,25.829078674316406,5672500
2011-11-07,25.844650012697972,26.171503507763454,25.735699837232687,26.132593154907227,5520200
2011-11-08,26.257109229370826,26.475009589962113,26.054770635676263,26.451663970947266,4987600
2011-11-09,26.000295579820694,26.078116289086005,25.587840477108973,25.689006805419922,13047000
2011-11-10,25.93803276085376,26.179278677111032,25.797953146208705,26.054763793945312,6093300
2011-11-11,26.28045095406284,26.591736713255948,26.28045095406284,26.513916015625,7084000
2011-11-14,26.342724658897698,26.451677865092428,26.21820967763218,26.334943771362305,4100200
2011-11-15,26.319369372503047,26.475013784155465,26.16372496085063,26.39719009399414,5627500
2011-11-16,26.109248266930475,26.31158688031783,25.8757831480505,25.891347885131836,10464700
2011-11-17,25.852431272647536,25.87577688828684,25.40106291249208,25.61896324157715,10134200
2011-11-18,25.68900235171458,25.720131817491694,25.53336096016753,25.56448745727539,6194700
2011-11-21,25.206506893937476,25.26876582397784,24.980822725544922,25.07421112060547,7436600
2011-11-22,25.066429070337875,25.25320290520427,24.996389253346653,25.1364688873291,5160500
2011-11-23,24.965264297811952,24.965264297811952,24.739580099261218,24.770708084106445,6472400
2011-11-25,24.700665672434653,24.87187328196587,24.653972957896073,24.677318572998047,2497600
2011-11-28,25.097559135713357,25.385499293019674,25.097559135713357,25.338808059692383,7381200
2011-11-29,25.39328263737339,25.603402089159516,25.362153169997057,25.447757720947266,4789900
2011-11-30,25.992509856389468,26.39718103162042,25.96916127302172,26.36605453491211,13397100
2011-12-01,26.303785670343267,26.552815361977174,26.303785670343267,26.40495491027832,5970200
2011-12-02,26.55281978293795,26.583949241742168,26.015849977573822,26.078105926513672,15173400
2011-12-05,26.350487696035167,26.451656966091075,25.992507778814534,26.12480354309082,43739100
2011-12-06,26.171504859688284,26.397186105380115,26.12481065264698,26.233760833740234,5064200
2011-12-07,26.19484345170214,26.55282337030912,26.093674181254435,26.428308486938477,6479800
2011-12-08,26.30379294108148,26.35826801564232,25.883554107038805,25.938032150268555,7784600
2011-12-09,26.062555727688054,26.373841547817534,26.015861518767174,26.319366455078125,5605900
2011-12-12,26.140364893200186,26.20262084225692,25.891335159636064,26.008066177368164,5421500
2011-12-13,26.163719433916835,26.311582929652932,25.883560145858553,25.961383819580078,5022800
2011-12-14,25.930255119530166,26.070334767715945,25.87578003064344,25.945819854736328,5186800
2011-12-15,26.109245916966547,26.303800659967294,26.09368118128611,26.233760833740234,6535300
2011-12-16,26.412189002550857,26.412189002550857,26.13828601442965,26.14611053466797,5777300
2011-12-19,26.263499235473443,26.45131757437979,26.0678533910101,26.14611053466797,4601700
2011-12-20,26.44348801904815,26.733042977830628,26.40435945466967,26.69391441345215,5208900
2011-12-21,26.76435599215443,26.90522125937517,26.654794781053653,26.866092681884766,5196900
2011-12-22,26.97565430491062,27.06956348938543,26.85044106383782,27.061738967895508,3699900
2011-12-23,27.124340778165802,27.265206030308217,27.061735657946276,27.233901977539062,2240300
2011-12-27,27.179123887694626,27.35911772976053,27.179123887694626,27.296512603759766,2224100
2011-12-28,27.29651088103761,27.29651088103761,26.944347740386775,26.999128341674805,5908200
2011-12-29,26.9756484351208,27.241726887667813,26.9756484351208,27.19477081298828,4775400
2011-12-30,27.116512733614535,27.288679030832867,27.100860709264072,27.14781379699707,2711600
2012-01-03,27.468671157675956,27.59388435952501,27.413890568449386,27.499975204467773,18864300
2012-01-04,27.476504561351383,27.492156588107846,27.273031198836225,27.366943359375,6174000
2012-01-05,27.21823871145896,27.476492562181104,27.163458134393814,27.445188522338867,5939700
2012-01-06,27.484319942244063,27.554752546566572,27.359106755150478,27.49214744567871,6762500
2012-01-09,27.54693578200502,27.56258780796198,27.31998588360714,27.539108276367188,10695300
2012-01-10,27.72691885718405,27.805175971322228,27.703442320006108,27.742570877075195,7122300
2012-01-11,27.711271659600616,27.813008313938465,27.61736250922925,27.76605224609375,3501000
2012-01-12,27.8286562594174,27.875609335065025,27.648662503693714,27.85213279724121,3404900
2012-01-13,27.672151921669524,27.75040907438586,27.507810109773807,27.726932525634766,4826800
2012-01-17,27.9460562643977,28.071269505862556,27.86779910797685,27.89910316467285,5792900
2012-01-18,27.891280254072733,28.063449608953565,27.836499638486952,28.055622100830078,6940400
2012-01-19,27.98518945431698,28.086926162684712,27.90693228500005,28.055622100830078,4447600
2012-01-20,28.094753670808196,28.141706778270496,27.953888377782,28.055622100830078,7768900
2012-01-23,28.063441580550677,28.110394674580615,27.852143701459582,27.930400848388672,5658200
2012-01-24,27.852136347698732,28.032130126367168,27.852136347698732,27.938220977783203,4382200
2012-01-25,27.828663490758927,28.1886510957499,27.76605539320307,28.141695022583008,6827200
2012-01-26,28.251257714602744,28.251257714602744,27.922574140861286,28.016483306884766,5074500
2012-01-27,27.906912300589944,28.12603460601747,27.906912300589944,28.03212547302246,3500700
2012-01-30,27.859970730468703,28.008663502468224,27.742584999505944,27.993011474609375,5297700
2012-01-31,28.094743433003135,28.274737245097537,27.946050686037516,28.016483306884766,7538700
2012-02-01,28.102568692341293,28.423427754572078,28.102568692341293,28.290390014648438,13009200
2012-02-02,28.321693351176414,28.321693351176414,28.01648629011239,28.180828094482422,5953400
2012-02-03,28.34517097473145,28.384299546661953,28.243434299457185,28.345170974731445,8292500
2012-02-06,28.219959907332733,28.290392536311092,28.1025711972625,28.188655853271484,4095400
2012-02-07,28.15734928940616,28.32169108060076,28.063440120911906,28.290390014648438,3442200
2012-02-08,28.29821453480686,28.32169108060076,28.133872743612258,28.290390014648438,4758300
2012-02-09,28.274735737230003,28.29038776161897,28.06343788595659,28.141695022583008,6164500
2012-02-10,27.977358797883586,28.055615950043773,27.875622111820142,28.024314880371094,3648100
2012-02-13,28.157352731518326,28.306042515254116,28.149528210403393,28.235612869262695,5493800
2012-02-14,28.243426125603623,28.368639310734842,28.172993522384946,28.35298728942871,4253200
2012-02-15,28.376463449512723,28.423419512803605,28.212121705971313,28.298206329345703,5725300
2012-02-16,28.25125007061918,28.48602740013166,28.204296992970885,28.454723358154297,5059900
2012-02-17,28.43908173319383,28.45473375990418,28.306040998815295,28.360824584960938,4531300
2012-02-21,28.407773142191054,28.439077190611545,28.11039065283313,28.157346725463867,7076000
2012-02-22,28.133870181807684,28.243431365961033,28.055610060756454,28.157346725463867,4212300
2012-02-23,28.1730035736967,28.227784175153378,28.118222972240023,28.180828094482422,3551600
2012-02-24,28.259084491749842,28.36082116042309,28.20430389753774,28.32168960571289,7647200
2012-02-27,28.180820942600022,28.439074842770886,28.110388332127798,28.376466751098633,9274100
2012-02-28,28.34517484889847,28.532993213963046,28.31387079294801,28.486040115356445,4370300
2012-02-29,28.470373338226967,28.548630452242715,28.31385612487793,28.31385612487793,6353900
2012-03-01,28.337343616967292,28.50168541112387,28.313867070750266,28.462556838989258,6010100
2012-03-02,28.517335413614486,28.517335413614486,28.345169111374403,28.41560173034668,3602700
2012-03-05,28.38429133204097,28.50167701386022,28.313858728822296,28.35298728942871,3395800
2012-03-06,28.19648929903108,28.266921950303157,27.922586202595138,27.985191345214844,4316000
2012-03-07,28.047780793849526,28.141689937897254,27.953871649801798,28.11038589477539,4343200
2012-03-08,28.259087687912043,28.493862116134302,28.259087687912043,28.423429489135742,4186400
2012-03-09,28.46255903247175,28.64255286641723,28.446907005347935,28.54081916809082,4698200
2012-03-12,28.486038565816933,28.59559977036471,28.478211059595562,28.54081916809082,2426600
2012-03-13,28.689494346079556,28.96339721804431,28.626889254766503,28.9477481842041,7159400
2012-03-14,28.877319141101992,29.00253232444039,28.877319141101992,28.939924240112305,6217000
2012-03-15,28.947760313867093,29.033841977327725,28.869500185286533,28.986888885498047,3819900
2012-03-16,29.06238921557055,29.093851249455025,28.944408088696132,28.983734130859375,4000200
2012-03-19,28.93654218550968,29.023061272833928,28.881485130009608,28.975868225097656,4130800
2012-03-20,28.802827530372465,28.92080863919825,28.794963523296722,28.826425552368164,2980600
2012-03-21,28.857895245598716,28.881493276315155,28.76351212388899,28.810705184936523,3717900
2012-03-22,28.69271357202093,28.779232652206517,28.629792513948665,28.71630859375,4888200
2012-03-23,28.77922900164963,28.834286045623138,28.676978919820023,28.802824020385742,2760400
2012-03-26,28.991609579026267,29.306221008300785,28.952283525415147,29.30622100830078,9504600
2012-03-27,29.321947578560636,29.479254769510426,29.321947578560636,29.361276626586914,5334600
2012-03-28,29.38486273723167,29.487112830375438,29.15676752959719,29.298343658447266,8930400
2012-03-29,29.172507397370147,29.392735664468784,29.133181349728975,29.361276626586914,8620700
2012-03-30,29.471390688495696,29.620830869322916,29.424197631209942,29.581504821777344,7242900
2012-04-02,29.581494342836464,29.762396497771455,29.479244255130933,29.683744430541992,10149200
2012-04-03,29.715223672140457,29.888261938222133,29.534321394139653,29.668033599853516,8863100
2012-04-04,29.55004153049707,29.597234585781564,29.439927401884884,29.51071548461914,7096900
2012-04-05,29.416335376598973,29.53431352627333,29.353411296464422,29.502851486206055,3536300
2012-04-09,29.251166418538215,29.274764453018385,29.117457224822495,29.133188247680664,3188600
2012-04-10,29.117438271991972,29.188226328584182,28.787093007767044,28.802824020385742,6500200
2012-04-11,29.046668441399543,29.0702634749409,28.881497205838524,28.905092239379883,3793600
2012-04-12,28.93655563247795,29.093862864315856,28.920824609255572,29.062400817871094,4721900
2012-04-13,29.01520471163883,29.01520471163883,28.771381378173828,28.771381378173828,4560700
2012-04-16,28.912950726928013,28.912950726928013,28.69272245491886,28.77924156188965,7243300
2012-04-17,28.928677837547614,29.22756116659268,28.865756768497732,29.20396614074707,4194700
2012-04-18,29.148918468401092,29.211839557716456,29.0938613901055,29.125320434570312,4080300
2012-04-19,29.26689901096555,29.40847522389593,29.06240170361388,29.172515869140625,9542800
2012-04-20,29.266890833662675,29.479255093722703,29.21970077612832,29.329814910888672,5714600
2012-04-23,29.023068710604317,29.14104685960263,29.015201700439935,29.101720809936523,4906800
2012-04-24,29.12531105395375,29.266887209796952,29.06238998490387,29.20396614074707,2971200
2012-04-25,29.35340830072246,29.55790853990364,29.329813273272702,29.51071548461914,6216400
2012-04-26,29.37700632632224,29.54218053648279,29.274759196681515,29.502851486206055,5472700
2012-04-27,29.55790088972145,29.652283975477214,29.432052774868158,29.518571853637695,3979400
2012-04-30,29.502851486206055,29.59723760640788,29.42419938642315,29.502851486206055,4775100
2012-05-01,29.447796132386575,29.683758446256842,29.306219944218597,29.61297035217285,5532400
2012-05-02,29.49500016342901,29.58151931063692,29.47140512342197,29.557924270629883,2863300
2012-05-03,29.589364388742048,29.589364388742048,29.40059818870961,29.44778823852539,3297100
2012-05-04,29.329822211879762,29.353417246520387,29.046669794648714,29.062400817871094,4886400
2012-05-07,28.88936109896266,29.21970656912196,28.88936109896266,29.125320434570312,5690200
2012-05-08,28.960149996626605,29.196109338727528,28.834304814147057,29.133188247680664,3984500
2012-05-09,28.96801218085419,29.117452372524518,28.771378928473865,28.93655014038086,8694500
2012-05-10,29.078127348613968,29.25902958714367,29.078127348613968,29.141048431396484,3400000
2012-05-11,29.08599359024144,29.337683941451587,29.07812957943485,29.109588623046875,3514200
2012-05-14,28.94442299284853,29.13319229297234,28.810713780566605,29.01521110534668,8433800
2012-05-15,28.944409385754454,29.054523508899848,28.771374192405187,28.842159271240234,5206200
2012-05-16,28.9129516429405,29.023068782818953,28.850030563395226,28.88935661315918,6770700
2012-05-17,28.944411366268955,28.95227837582325,28.590470945951303,28.621932983398438,5766800
2012-05-18,28.700588469451535,28.70845247872833,28.283723968539658,28.370243072509766,6830700
2012-05-21,28.40169982408439,28.66912109549738,28.38596880807368,28.645523071289062,7835900
2012-05-22,28.66912557762679,28.834296770985297,28.488223365798188,28.566875457763672,5614400
2012-05-23,28.496091389225597,28.582610502806997,28.165748955971615,28.4410343170166,6769800
2012-05-24,28.51967541164976,28.71630859375,28.441023338963365,28.71630859375,6592400
2012-05-25,28.645523071289066,28.802830231011622,28.559006983806945,28.645523071289062,3065800
2012-05-29,28.802835014537827,28.897221126277557,28.645527828689957,28.739913940429688,9650100
2012-05-30,28.63767008078485,28.6534011028475,28.488229871768183,28.574748992919922,3818200
2012-05-31,28.57473883706907,28.637659902571,28.27585552487726,28.433162689208984,4766300
2012-06-01,28.15787621301887,28.236531300437168,27.898321925500483,27.929780960083008,10556700
2012-06-04,27.937651138929365,28.055629282865862,27.827537004434575,27.992708206176758,5566800
2012-06-05,27.906182911265063,28.220797226089775,27.88258788778777,28.150009155273438,7621900
2012-06-06,28.260138298495765,28.59048080444336,28.21294522605208,28.59048080444336,8536400
2012-06-07,28.779243210425836,28.787107220425842,28.543283905416185,28.606204986572266,7312700
2012-06-08,28.519684240977284,28.81070360085815,28.519684240977284,28.77924156188965,5226300
2012-06-11,28.865757213770138,28.920814275182362,28.511816818702385,28.52754783630371,7851500
2012-06-12,28.582601531984757,28.794965744018555,28.425294374879964,28.794965744018555,8854000
2012-06-13,28.78709905201052,29.023061290450613,28.68485194909661,28.763504028320312,15159000
2012-06-14,28.82643746403218,29.274761062211724,28.771380390598583,29.19610595703125,14048400
2012-06-15,29.258563794324623,29.37718080011311,29.23484159978923,29.306011199951172,7422700
2012-06-18,29.298120604676562,29.50372314453125,29.27439839490783,29.50372314453125,7202300
2012-06-19,29.559066516394395,29.851651394031162,29.559066516394395,29.77257537841797,6074500
2012-06-20,29.725124498589754,29.835832114182562,29.495799856829628,29.693492889404297,5874100
2012-06-21,29.630236944971777,29.764666778490913,29.242757218166137,29.28229522705078,5341100
2012-06-22,29.42463678190333,29.646055078839176,29.36137656603377,29.5906982421875,4764100
2012-06-25,29.16368946294572,29.35347316598352,29.16368946294572,29.22694969177246,8618200
2012-06-26,29.282295083202328,29.40881852094568,29.211125460936902,29.313926696777344,6401600
2012-06-27,29.40090722196575,29.733030059437528,29.353459809517123,29.630231857299805,8066400
2012-06-28,29.53533993163604,29.58278734874218,29.19530765043331,29.49580192565918,12607300
2012-06-29,29.748854066694143,30.073070599770443,29.748854066694143,30.057254791259766,9551200
2012-07-02,30.16006131984672,30.16797073376565,29.93073658111874,30.15215492248535,6582600
2012-07-03,30.144250869750977,30.223329940216754,30.02563678888945,30.144250869750977,3697200
2012-07-05,30.07305696311418,30.09678217340049,29.9228113752273,29.954442977905273,3692500
2012-07-06,29.835828009689084,29.875366007453547,29.630228611380353,29.756752014160156,5904300
2012-07-09,29.622332852177212,29.96236521944266,29.622332852177212,29.914920806884766,6279600
2012-07-10,30.088882457427367,30.088882457427367,29.67768053981418,29.77257537841797,5669500
2012-07-11,29.748853683471676,29.804207504267467,29.590698616959283,29.74885368347168,6572000
2012-07-12,29.71721865404287,29.914911690272888,29.566970015912002,29.820016860961914,3999600
2012-07-13,29.827938332633146,30.199599339768685,29.812122521352848,30.15215492248535,5157800
2012-07-16,30.12051692974597,30.23913398098314,30.049347302315052,30.207502365112305,3850600
2012-07-17,30.27868066958017,30.658251119133872,30.14424777188281,30.594987869262695,6453900
2012-07-18,30.484274274421363,30.713598985802157,30.3972888310316,30.64242935180664,5748700
2012-07-19,30.705692589383634,30.713598985802157,30.46055206860859,30.64242935180664,4801800
2012-07-20,30.531720224470416,30.602889855020393,30.19959427638484,30.247041702270508,4197500
2012-07-23,29.94655103327988,29.970276257402343,29.725135718519727,29.891197204589844,4674000
2012-07-24,29.867467459203304,29.899099072345255,29.400911723307843,29.559066772460938,4431100
2012-07-25,29.606523045502406,29.748862345151377,29.42464572185269,29.701417922973633,5069100
2012-07-26,30.00980347791516,30.12841748962011,29.867464250624153,29.9860782623291,8521200
2012-07-27,30.167964969358263,30.76104420453655,30.152149161100006,30.705690383911133,6373100
2012-07-30,30.634510814800866,30.697771010750373,30.500077996504658,30.54752540588379,5215400
2012-07-31,30.523809490189976,30.65033293718288,30.349841635922807,30.35774803161621,5167100
2012-08-01,30.531720746259516,30.602890378025787,30.318211850960704,30.373565673828125,6243900
2012-08-02,30.144234784916577,30.286574019245275,29.875372121913085,30.080974578857422,5332100
2012-08-03,30.413095768437774,30.618698214028267,30.36565137065252,30.43682098388672,4462600
2012-08-06,30.53962258133087,30.547531992877573,30.41309914559348,30.444730758666992,3532300
2012-08-07,30.389381482726975,30.468457510664116,30.341934056030425,30.373565673828125,4235700
2012-08-08,30.436831403843392,30.53172324845615,30.349845956049464,30.484275817871094,3203500
2012-08-09,30.460561313584176,30.571268996387204,30.40520747218266,30.468467712402344,3110300
2012-08-10,30.452648573610336,30.61871309624328,30.397294738251947,30.594987869262695,3949100
2012-08-13,30.492185080700924,30.54753890783152,30.3735680131026,30.515907287597656,2251000
2012-08-14,30.650341704621084,30.658251119133872,30.531727635949306,30.594987869262695,2448700
2012-08-15,30.602888923372962,30.745228180139666,30.547535103136685,30.666149139404297,2294600
2012-08-16,30.666144570135305,30.666144570135305,30.476360933762184,30.587068557739258,4592800
2012-08-17,30.618692089910844,30.618692089910844,30.334013693913253,30.428905487060547,6007800
2012-08-20,30.428907123990374,30.53170833175432,30.389369126098355,30.492170333862305,4566500
2012-08-21,30.500090968453588,30.64243024057309,30.38147390283491,30.38938331604004,5663500
2012-08-22,30.357751185710615,30.476368249334133,30.32611956653671,30.413105010986328,2509800
2012-08-23,30.389381482726975,30.45264170176527,30.31030545478983,30.373565673828125,2565300
2012-08-24,30.40518921172374,30.713589861903884,30.373557602331854,30.63451385498047,5991200
2012-08-27,30.65824274360924,30.792672588023926,30.56335091128376,30.666149139404297,3611000
2012-08-28,30.563353831335515,30.72150589480233,30.523812798911564,30.61870765686035,3558900
2012-08-29,30.602886370356167,30.832211044522104,30.594976958663985,30.721500396728516,2849200
2012-08-30,30.571260227885958,30.689877292043317,30.48427478304486,30.61870765686035,3808000
2012-08-31,30.72943505199775,30.87968081544911,30.579186271987204,30.713619232177734,4666300
2012-09-04,30.6819598375313,30.855930681617647,30.53962060447091,30.776851654052734,6334400
2012-09-05,30.832216487086015,30.903386122095114,30.697783613598947,30.78476905822754,2779800
2012-09-06,30.919204781728304,31.282962438881082,30.919204781728304,31.275053024291992,5035600
2012-09-07,31.33830870403201,31.354124512831575,31.17224421991511,31.25922966003418,3980900
2012-09-10,31.26714039341699,31.290862599339807,31.148523330688477,31.148523330688477,2781300
2012-09-11,31.15643457598022,31.2513264218092,31.132709352104932,31.16434097290039,2392000
2012-09-12,31.172245387440473,31.26714024379206,31.124800975821877,31.18015480041504,2864200
2012-09-13,31.18805058551496,31.55971443837869,31.069436580268107,31.4964542388916,6849400
2012-09-14,31.496468199594744,31.543912616100595,31.27504986185657,31.36994171142578,11318700
2012-09-17,31.29085873381644,31.551815032958984,31.29085873381644,31.551815032958984,2602500
2012-09-18,31.504367847197933,31.694154522233166,31.48064564402735,31.654613494873047,3210600
2012-09-19,31.654617160368694,31.796956428988302,31.622988557997722,31.686248779296875,4891100
2012-09-20,31.662510362387664,31.820665359497074,31.575524963149707,31.82066535949707,4835600
2012-09-21,31.899340972322413,32.04238758909454,31.851660787763603,31.939075469970703,8167400
2012-09-24,31.89935985930848,32.09008980511472,31.859625338134155,32.026512145996094,6990000
2012-09-25,32.12185852945985,32.3284827802192,31.994706310357188,32.002655029296875,4965300
2012-09-26,32.074181616885326,32.14570493690508,31.819877152714742,31.835771560668945,6669000
2012-09-27,31.8834537272976,32.105972420887106,31.859613629664217,32.0185546875,3146100
2012-09-28,31.962929237145747,31.970874926702102,31.748359240537816,31.88345718383789,4719600
2012-10-01,31.97883240328629,32.27287150215813,31.962937988272987,32.074195861816406,5344500
2012-10-02,32.185461985799236,32.30466861318164,32.05830966464822,32.21725082397461,6266600
2012-10-03,32.25696239243259,32.51126685369721,32.225173576887435,32.4874267578125,5786000
2012-10-04,32.5351122528204,32.79736547649286,32.51127215304974,32.68610763549805,6372200
2012-10-05,32.79738286054212,32.85301181052531,32.63844170421142,32.71791076660156,4033500
2012-10-08,32.701994739688026,32.733780521764494,32.53510498393297,32.69404602050781,3126100
2012-10-09,32.51922286970937,32.5748548303559,32.27286704986413,32.29670715332031,6128200
2012-10-10,32.31258920426196,32.31258920426196,31.95497263148688,32.058284759521484,6180400
2012-10-11,32.20133698763031,32.29670041310225,32.074184743151505,32.082130432128906,3791900
2012-10-12,32.217231694660335,32.28875502231197,32.018556121355644,32.03445053100586,3508400
2012-10-15,32.11392738624147,32.5192243208286,32.10598169525127,32.495384216308594,12298100
2012-10-16,32.598695768760365,32.845054626464844,32.590747046371874,32.845054626464844,5658200
2012-10-17,32.90068355698693,32.90068355698693,32.71789932064368,32.845054626464844,5398000
2012-10-18,32.64637174856223,32.86888742116766,32.5907397988622,32.85299301147461,4289300
2012-10-19,32.77352753681256,32.84505087238742,32.2092865421447,32.264915466308594,6218500
2012-10-22,32.264906568508565,32.32848419661942,32.09801984203981,32.28874969482422,4485800
2012-10-23,32.04239265454601,32.04239265454601,31.66888164819998,31.85961151123047,5915600
2012-10-24,32.050347942406674,32.09008245447931,31.875512451428342,31.915246963500977,5884400
2012-10-25,32.11392673361339,32.24902773009647,32.018563285921964,32.1695556640625,4746300
2012-10-26,32.129814283599636,32.20133761197751,31.899349888654413,32.042396545410156,3641200
2012-10-31,32.20134671848667,32.24902996140626,31.66889444964138,31.811941146850586,8629900
2012-11-01,31.78015676294456,32.16955932034652,31.78015676294456,32.074195861816406,4900600
2012-11-02,32.121851437621885,32.22516354019239,31.85960136992428,31.899335861206055,7033000
2012-11-05,31.8596180402895,31.986770297851297,31.70862568179391,31.915246963500977,4693900
2012-11-06,31.89141162634029,32.145716179450574,31.748364936272075,31.947040557861328,7549200
2012-11-07,31.75630546225486,31.764254183493275,31.120544182882426,31.414583206176758,11973000
2012-11-08,31.3986922422211,31.43048106756675,31.033129845393848,31.041078567504883,8889000
2012-11-09,30.97749619061814,31.335112842322502,30.913921581175575,31.128488540649414,7340700
2012-11-12,31.358962698908034,31.422540359680852,31.22386471709038,31.287439346313477,3573800
2012-11-13,31.1602756142641,31.50994655701598,31.144381204907326,31.168224334716797,5221700
2012-11-14,31.19207478184854,31.295386961170085,30.715254469140763,30.794723510742188,6858800
2012-11-15,30.77087209927357,30.834446702887313,30.580142225335344,30.707294464111328,8624600
2012-11-16,30.723191318334038,31.0251790462946,30.659616709660035,30.937761306762695,9847100
2012-11-19,31.231806754387982,31.27948999438804,31.128494583495872,31.263595581054688,7423800
2012-11-20,31.25564578940702,31.446372661285064,31.184122454565507,31.438426971435547,4895700
2012-11-21,31.358954283703476,31.52584105112332,31.358954283703476,31.414583206176758,5205700
2012-11-23,31.5973707801096,31.811940823744074,31.509956049635868,31.80399513244629,2853400
2012-11-26,31.652996387934813,31.676836488589444,31.50200099965839,31.66094207763672,4703900
2012-11-27,31.525836128141904,31.700671589498373,31.454315837458005,31.47020721435547,5396700
2012-11-28,31.37483633495938,31.740398547646862,31.223844037948734,31.7165584564209,7531100
2012-11-29,31.915235377691296,32.00265309144625,31.796028853198578,31.939075469970703,8403400
2012-11-30,31.97087017350916,32.042393495078244,31.8437179386695,31.978818893432617,4229000
2012-12-03,32.05830097155465,32.185453258226396,31.85962533415819,31.90730857849121,9937000
2012-12-04,31.907295571863532,32.08212800005031,31.899346851940074,31.978818893432617,4080400
2012-12-05,32.04239592414465,32.21723139713374,31.851669073200764,32.082130432128906,6294400
2012-12-06,32.06624984741211,32.137773205239235,31.994726489584984,32.06624984741211,2943900
2012-12-07,32.185450077269294,32.19339576809802,31.915251115852467,32.1695556640625,4619000
2012-12-10,32.09007558123698,32.36027444962663,32.042392358033524,32.30464553833008,5240900
2012-12-11,32.455647644736096,32.725846594548045,32.35233547910379,32.64637756347656,3891200
2012-12-12,32.70200601177288,32.8212095566313,32.54306492041248,32.59869384765625,6757600
2012-12-13,32.56691556354658,32.622544508794974,32.25698200243404,32.320556640625,5929200
2012-12-14,32.22518635011808,32.32849852581595,32.15366300256563,32.193397521972656,5246300
2012-12-17,32.296712697939775,32.45565382188254,32.21724365174328,32.44770812988281,5549100
2012-12-18,32.566902500768926,32.749683680634774,32.376175631147575,32.702003479003906,8472500
2012-12-19,32.71788771941854,32.71788771941854,32.32848534383964,32.352325439453125,6996900
2012-12-20,32.296708427729705,32.4079662903144,32.23313380548819,32.400020599365234,4718700
2012-12-21,32.111571784718755,32.255390966565706,32.007704746211985,32.1275520324707,5572500
2012-12-24,31.999717712402344,32.10358781380671,31.935799760098845,31.999717712402344,3332700
2012-12-26,32.03966523329794,32.055645482565886,31.768007091584632,31.88785743713379,4404200
2012-12-27,31.919823210838413,31.999721422461477,31.552286560698075,31.839921951293945,5483700
2012-12-28,31.73606057664598,31.831939057370768,31.50435145429929,31.5283203125,5801000
2012-12-31,31.472386845089215,31.919824776723907,31.352539521775288,31.863895416259766,11873100
2013-01-02,32.50308594855753,32.519066199118654,32.263388285983034,32.495094299316406,9533500
2013-01-03,32.51905774797664,32.54302659362865,32.36724693105959,32.535037994384766,5279600
2013-01-04,32.63891137763306,32.74278147554503,32.59896227779644,32.678863525390625,4645900
2013-01-07,32.614949647238674,32.82268988841282,32.58298914122394,32.782737731933594,4133100
2013-01-08,32.774737831114706,32.9185570106813,32.76674618340514,32.79071807861328,5787300
2013-01-09,32.88660280709752,33.150272369384766,32.87062255654182,33.150272369384766,5665200
2013-01-10,33.27812143710145,33.42194068787946,33.118321930912316,33.381988525390625,5518800
2013-01-11,33.4139496646345,33.46189043176949,33.27812206296855,33.374000549316406,3854100
2013-01-14,33.35800788960754,33.461877989148746,33.27011803983582,33.405948638916016,4643600
2013-01-15,33.27811051043218,33.39795781478132,33.25413861122549,33.365997314453125,5747600
2013-01-16,33.33403478488717,33.397952727887066,33.246144946331796,33.29408264160156,3812000
2013-01-17,33.47785916144237,33.685596318328244,33.38996930924874,33.589717864990234,4360900
2013-01-18,33.605701584371715,33.70956864957648,33.48585121938604,33.70158004760742,6024400
2013-01-22,33.64564323215357,33.80544266740613,33.53378454185299,33.79745101928711,7608900
2013-01-23,33.837397883217726,33.901318872268945,33.66960985883905,33.75749969482422,5544800
2013-01-24,33.9093036580308,34.08508331023052,33.83739407739638,33.97322463989258,8999800
2013-01-25,34.00518674971591,34.25287294642153,33.9652346101902,34.23689270019531,4046200
2013-01-28,34.29284214540077,34.324802656593036,34.10108517409137,34.1170654296875,5686600
2013-01-29,34.15699735331071,34.54051415082548,34.14101710575752,34.48458480834961,7230200
2013-01-30,34.516537335997384,34.58844690942754,34.340757701408144,34.380706787109375,5346400
2013-01-31,34.31681158311095,34.40470145860355,34.26887081977265,34.28485107421875,6007300
2013-02-01,34.42864912813745,34.620409015555346,34.31679046377701,34.556488037109375,5623600
2013-02-04,34.39671017509179,34.42068208097812,34.149023848334416,34.17299270629883,7593400
2013-02-05,34.34077130054252,34.61242945797681,34.34077130054252,34.54851150512695,8056200
2013-02-06,34.588475744704574,34.61244460652339,34.43666482539231,34.54053497314453,3968900
2013-02-07,34.572484869151744,34.58047347133031,34.228917064965295,34.41268539428711,6529300
2013-02-08,34.500584983567514,34.668373107910156,34.42867535200319,34.668373107910156,4192600
2013-02-11,34.66836805614447,34.66836805614447,34.524548813972714,34.596458435058594,2447900
2013-02-12,34.564476635455115,34.660358103124075,34.532519194152144,34.556488037109375,5133300
2013-02-13,34.604437518553624,34.62041776720474,34.42865783131211,34.532527923583984,4843300
2013-02-14,34.49257323473117,34.6683529090118,34.42865529276038,34.604434967041016,5172500
2013-02-15,34.620415858110505,34.71629429680935,34.54850626710621,34.68433380126953,8230000
2013-02-19,34.596451512384746,34.90805879209766,34.596451512384746,34.90007019042969,7245100
2013-02-20,34.8760981907032,34.948007790911866,34.66036939007721,34.67634963989258,6739600
2013-02-21,34.612445728530304,34.62043738134391,34.388728216509506,34.51656723022461,7447200
2013-02-22,34.62842398991272,34.70033362147704,34.49259333121463,34.668373107910156,6168100
2013-02-25,34.84414778814465,34.94002626689936,34.260882216510545,34.28485107421875,6078700
2013-02-26,34.42865578342141,34.46061627882257,34.12503717295162,34.37272644042969,6548800
2013-02-27,34.412688891331705,34.86012685683738,34.26088105114028,34.748268127441406,6849900
2013-02-28,34.75624624840553,34.987955288229244,34.700316900575096,34.7162971496582,4358800
2013-03-01,34.64439288601592,34.98796067439044,34.53253417313516,34.9799690246582,7491500
2013-03-04,34.916044531117166,35.17971101242505,34.84413493659306,35.171722412109375,4903500
2013-03-05,35.29957729014814,35.53927503081031,35.267616778613956,35.47535705566406,6582600
2013-03-06,35.57921392415706,35.635143279312004,35.475346863395735,35.54725646972656,5068400
2013-03-07,35.627166499349535,35.68309587306274,35.483347238966346,35.52329635620117,4437200
2013-03-08,35.643129511449146,35.69106720976945,35.42740072524536,35.58720016479492,4029300
2013-03-11,35.61116614947621,35.770965576171875,35.499307465165415,35.770965576171875,6748700
2013-03-12,35.818904565791804,35.95473209068817,35.81091291849178,35.930763244628906,4612400
2013-03-13,35.922774787301684,35.9707155315978,35.77895560233404,35.93875503540039,4098300
2013-03-14,36.00269033678072,36.03464779775869,35.858871094653246,35.97072982788086,3777700
2013-03-15,35.87763116384399,35.98195078961567,35.75726519051825,35.893680572509766,5778400
2013-03-18,35.636911446535194,35.853573964817286,35.51654236045191,35.66098403930664,4042100
2013-03-19,35.71714290836726,35.79738995791975,35.484434117444906,35.6850471496582,7023300
2013-03-20,35.81344984961551,36.06220812325427,35.81344984961551,35.981964111328125,4387000
2013-03-21,35.91776077837687,35.9819584266657,35.70912454366288,35.78134536743164,4420000
2013-03-22,35.90169632563326,36.054161071777344,35.86157128512778,36.054161071777344,6881400
2013-03-25,36.14243416245064,36.190579317142124,35.7893533687875,35.94984436035156,6813400
2013-03-26,36.014059999733895,36.39121049832512,36.014059999733895,36.36713790893555,4855800
2013-03-27,36.278866695514196,36.5757762418989,36.16652386655242,36.551700592041016,5264700
2013-03-28,36.65602957098607,36.94491295387704,36.5597361303935,36.8726921081543,7415700
2013-04-01,36.896750434647245,37.00107007393039,36.77638444573171,36.968971252441406,6364600
2013-04-02,37.23378461967391,37.54674049895067,37.22575838316756,37.50661849975586,8849300
2013-04-03,37.570789236530736,37.610911210256354,37.209685350779424,37.28190612792969,8472800
2013-04-04,37.33810425116492,37.65908639313172,37.29798224869721,37.45044708251953,9794600
2013-04-05,37.12946701659662,37.249833020806356,37.025147364058185,37.2418098449707,9969300
2013-04-08,37.24983105929951,37.27390670776367,36.92885200386322,37.27390670776367,7700600
2013-04-09,37.38624486147743,37.57080848405551,37.29797463739401,37.39426803588867,5937500
2013-04-10,37.57081302874356,38.06030937706309,37.53871420499191,38.02018737792969,9062100
2013-04-11,38.124498264743664,38.52572431832852,38.11647509056119,38.38930892944336,7660400
2013-04-12,38.29302596840963,38.509688463718646,38.24487772685895,38.46154022216797,5624200
2013-04-15,38.44548804976516,38.51770887635283,37.731306020794115,37.763404846191406,10745300
2013-04-16,38.0603055053595,38.31708994702653,37.891791289474014,38.30906677246094,8771800
2013-04-17,38.07633975598479,38.24485390477847,37.82757858792449,38.132511138916016,16487600
2013-04-18,38.09239296140949,38.12448871120846,37.530676014927785,37.667091369628906,10353400
2013-04-19,37.71524630363036,38.228815125221075,37.71524630363036,38.19671630859375,12796700
2013-04-22,38.35721490885613,38.48560713962027,38.14857868178149,38.42943572998047,4716400
2013-04-23,38.54981144445963,38.82264536460042,38.26092811006199,38.6701774597168,10824200
2013-04-24,38.614005183899664,38.62203142140644,37.97204393342875,38.00414276123047,12635900
2013-04-25,38.21276471983025,38.260912943514924,37.955980315735104,38.156593322753906,10833800
2013-04-26,38.02820958834069,38.23684887631983,37.931916180641515,38.14857864379883,6174900
2013-04-29,38.180684228973725,38.40536990710362,38.180684228973725,38.268951416015625,3950000
2013-04-30,38.16462419896372,38.16462419896372,37.787470720342036,37.98006057739258,8217900
2013-05-01,37.65908234469769,37.93993939289146,37.554762700606176,37.57883834838867,9250700
2013-05-02,37.867720585895576,38.0763598851758,37.77945340970576,37.99611282348633,9803300
2013-05-03,38.341165588042244,38.44548523238238,38.18870077024685,38.25289535522461,6232600
2013-05-06,38.260927261418836,38.28499985171378,37.996116523723686,38.00414276123047,10919000
2013-05-07,38.02018369922713,38.16462533102156,37.97203546825832,38.1245002746582,9847400
2013-05-08,38.09241288967299,38.34919738906957,38.09241288967299,38.236854553222656,20766200
2013-05-09,38.18868359451463,38.44546794115891,38.15658478590638,38.284976959228516,7140300
2013-05-10,38.333164933436024,38.70229243197793,38.285016670581584,38.66217041015625,6045100
2013-05-13,38.622023507994506,38.99115076874432,38.573875276157196,38.98312759399414,9155900
2013-05-14,38.999177795481806,39.40843015374101,38.999177795481806,39.3763313293457,6580500
2013-05-15,39.36027607588743,39.809650367395186,39.33620349171962,39.584964752197266,11796400
2013-05-16,39.504710141524754,39.568907768500054,39.14360614256704,39.17570495605469,7954100
2013-05-17,39.22386846302763,39.432504709786606,39.07942680715121,39.40040588378906,9246700
2013-05-20,39.424472960806625,39.45656871871226,39.095467718656856,39.1275634765625,8967600
2013-05-21,39.23188958317104,39.609043116097546,39.1516455834946,39.55287170410156,8319100
2013-05-22,39.76953417656281,40.443594181627006,39.36830805595584,39.55287170410156,20132000
2013-05-23,39.22386359614453,39.66521168495459,39.103494544145356,39.53681945800781,6668500
2013-05-24,39.38435092791771,39.48064432376136,39.11151708876748,39.416446685791016,5906800
2013-05-28,39.737436357180954,40.170761313061945,39.657189294362745,39.81768035888672,9923800
2013-05-29,39.60101409893782,39.60101409893782,38.98312861036586,39.19176483154297,15882100
2013-05-30,39.239909318078624,39.60903655320874,39.199784263776415,39.472618103027344,9719600
2013-05-31,39.2960738427305,39.480637427991184,38.597938426744186,38.60596466064453,13329700
2013-06-03,38.82263576328771,38.87078093303858,38.46955485918392,38.81460952758789,12698200
2013-06-04,38.81460662664707,38.98312389151645,38.35720918152687,38.57387161254883,13141400
2013-06-05,38.51769542029356,38.76645663854973,37.939929009433506,38.012149810791016,12852100
2013-06-06,38.004128458818315,38.56584548950195,37.84363744132134,38.56584548950195,16861800
2013-06-07,38.758435209310846,39.1275624348491,38.75041203532601,38.91892623901367,7663500
2013-06-10,39.09547434681133,39.135596346829466,38.84671304891906,38.97510528564453,5663700
2013-06-11,38.67016789611125,39.055344559678275,38.509679915459,38.81460952758789,9941700
2013-06-12,38.991157638445635,39.16769812517435,38.421417236328125,38.421417236328125,8582800
2013-06-13,38.325103844841955,39.06336123177041,38.132517090764104,39.01521301269531,6904900
2013-06-14,38.910916354744586,39.19177345681522,38.87079128778065,38.9510383605957,7314000
2013-06-17,39.11953918066421,39.34422478512046,38.84670534906229,39.0392951965332,8437400
2013-06-18,39.02325808518901,39.40040860279329,39.02325808518901,39.36831283569336,7399700
2013-06-19,39.36830057502208,39.42447197634414,38.734362690259715,38.74238586425781,22305700
2013-06-20,38.52573694704217,38.52573694704217,37.63501738744041,37.74736022949219,28952100
2013-06-21,38.07945497283521,38.361583479658066,37.79732339104225,38.11975860595703,15980600
2013-06-24,37.78926182338545,38.11975651682397,37.442645062587744,37.79732131958008,19003300
2013-06-25,38.119768640420304,38.143950211664816,37.73284812565354,37.99079513549805,5688300
2013-06-26,38.24066772008918,38.68401688864215,38.20842666007893,38.53892135620117,7600000
2013-06-27,38.788804304735095,38.90165569809324,38.61952721469788,38.67595291137695,5338200
2013-06-28,38.64371873478837,38.82105844145714,38.33740860959586,38.37771224975586,8770700
2013-07-01,38.49055385023518,38.901655794915875,38.03108570472211,38.48249435424805,25892000
2013-07-02,38.45831932664231,38.62759645940127,38.289042193883354,38.401893615722656,5127400
2013-07-03,38.2567891521372,38.47443244718364,38.071389991535405,38.345458984375,3926100
2013-07-05,38.60340957592568,38.87747859479196,38.490558169622545,38.86941909790039,4384400
2013-07-08,39.070940766765936,39.19991424321511,38.9822709251502,39.08706283569336,6630200
2013-07-09,39.24020902124443,39.296634712269615,39.03062524746272,39.19990539550781,5581000
2013-07-10,39.15155725162018,39.58684399020439,39.15155725162018,39.45787048339844,5040000
2013-07-11,39.860906324729335,40.014061377190934,39.78029597477288,39.9656982421875,7471900
2013-07-12,39.973761734862876,40.21558665896046,39.86896980693131,40.20752716064453,5578200
2013-07-15,40.30426278855667,40.30426278855667,40.07049732638995,40.24783706665039,4266200
2013-07-16,40.28812232962071,40.34454802577805,39.91732401916681,40.01405334472656,7064100
2013-07-17,40.11885452270508,40.3203757913092,40.06242881349357,40.11885452270508,4668600
2013-07-18,40.207507894793316,40.376784953053665,40.183323261492355,40.231689453125,6544700
2013-07-19,40.15915766768505,40.78790303400908,40.078550391222656,40.76372146606445,6559600
2013-07-22,40.74760474293657,41.045855394950344,40.69117902701426,40.965248107910156,6172800
2013-07-23,41.02972847913034,41.045847473450834,40.73953738183664,40.82014465332031,5310900
2013-07-24,40.94105637017515,40.99748207208564,40.6347432205395,40.75565719604492,3790100
2013-07-25,40.73953290941887,40.965235704771565,40.46546391150348,40.957176208496094,3869100
2013-07-26,40.88463605157651,41.23125288036322,40.67505220976705,41.22319030761719,4832700
2013-07-29,41.174823621997135,41.279612458899145,40.98136186738448,41.10227584838867,6497400
2013-07-30,41.41664563129598,41.49725289638445,40.94911488386667,41.11033248901367,5698800
2013-07-31,41.190950056956076,41.46501913176628,41.09422069966154,41.12646484375,6477200
2013-08-01,41.3843994140625,41.51337287670005,41.27154801862588,41.3843994140625,8762400
2013-08-02,41.223180665420806,41.40052032470703,41.21512116953044,41.40052032470703,3817700
2013-08-05,41.36828633541636,41.481137755373474,41.26349441332592,41.3441047668457,3479800
2013-08-06,41.279612057152065,41.40858553398187,41.00554303451746,41.150638580322266,4280200
2013-08-07,41.07002900010477,41.2554281704327,40.90881139439393,41.18288040161133,3955200
2013-08-08,41.327975939254074,41.376342143458345,41.03778486396858,41.18288040161133,3629500
2013-08-09,41.07809584570624,41.295739191107714,40.892696642209565,41.03779220581055,3902400
2013-08-12,41.00554417760333,41.00554417760333,40.74759721675311,40.86851119995117,3841800
2013-08-13,41.02973386835558,41.11840064864581,40.658932375903404,41.021671295166016,4430100
2013-08-14,40.90075526376926,41.12645808535659,40.67504936721162,40.69923400878906,5878500
2013-08-15,40.32842595902312,40.449339922200174,40.00599384883401,40.01405334472656,6461300
2013-08-16,39.91733272131205,39.99793999768959,39.772237163856076,39.82866287231445,10277800
2013-08-19,39.80448524339002,40.10273588546599,39.71581538561779,39.901214599609375,8096300
2013-08-20,39.925383515059366,40.17527093730603,39.88507988565695,40.01405334472656,5029400
2013-08-21,39.9415091592979,40.143030399329646,39.683562218054874,39.77223205566406,6178400
2013-08-22,39.91734568997386,40.09468544558458,39.82867581216849,40.03019714355469,2768500
2013-08-23,40.03824301323627,40.183338568435836,39.88508796051248,40.13497543334961,2366700
2013-08-26,40.20751305715845,40.44127532597317,40.13496529787949,40.19139099121094,3936700
2013-08-27,39.86090647300818,39.909269608191515,39.457863946637964,39.53847122192383,6653400
2013-08-28,39.546530063028314,39.85284014018912,39.35306831563767,39.70774459838867,6008600
2013-08-29,39.635201104049656,40.08660984668719,39.50622761686329,39.82866287231445,4042600
2013-08-30,39.885095018583534,39.885095018583534,39.554600212138,39.675514221191406,4127300
2013-09-03,40.07853667004356,40.19944754334243,39.74804202974222,39.933441162109375,6062900
2013-09-04,39.901216622731546,40.43323272136913,39.901216622731546,40.39292907714844,4049700
2013-09-05,40.47351474954134,40.497699383134005,40.304237689239166,40.44933319091797,4288000
2013-09-06,40.56218723208408,40.7072827433053,39.981805187199186,40.465457916259766,5636300
2013-09-09,40.53800690343789,40.723406045637645,40.41709294875693,40.7153434753418,4286700
2013-09-10,40.90075697071577,41.013608386219154,40.755661415077,40.973304748535156,6500100
2013-09-11,41.07003125036145,41.279611996789576,40.95717984267168,41.24736785888672,6753900
2013-09-12,41.190939898160345,41.352157503871176,41.15063626547515,41.18288040161133,3098400
2013-09-13,41.263479985714305,41.33602774103079,41.13450654014828,41.27960205078125,3668600
2013-09-16,41.64236164350063,41.78745722666382,41.52951020658949,41.650421142578125,6845800
2013-09-17,41.68265819155287,41.68265819155287,41.505321567303646,41.674598693847656,3654000
2013-09-18,41.674590155551755,42.01314433927674,41.408580661222224,41.93253707885742,6868600
2013-09-19,42.06957838313751,42.06957838313751,41.714902061967166,41.795509338378906,6104100
2013-09-20,41.91935925388857,41.99220630278881,41.70081810718787,41.71700668334961,8986300
2013-09-23,41.66842816651752,41.66842816651752,41.27991172083989,41.42560577392578,4773800
2013-09-24,41.45797435588757,41.474162923738234,41.1989634455842,41.21514892578125,5956800
2013-09-25,41.279908166374256,41.296096736173666,40.89139175415039,40.89139175415039,5207500
2013-09-26,40.875215272693296,41.18279201453614,40.875215272693296,41.0370979309082,4319300
2013-09-27,40.810460974345375,41.10994497272217,40.76999108170537,41.0370979309082,3937100
2013-09-30,40.74570654715022,41.06947183802173,40.6890480843959,40.94805908203125,8585300
2013-10-01,40.98042733921253,41.49035339338869,40.92376888874852,41.46607208251953,11685100
2013-10-02,41.19089387670308,41.38515372709654,41.101858240591724,41.36896514892578,6404800
2013-10-03,41.3203728741635,41.336561441936276,40.83472819159484,41.004703521728516,7228300
2013-10-04,41.069460901924145,41.49035134526465,40.98042531626041,41.457977294921875,4503400
2013-10-07,41.17467679543068,41.2637123699073,40.99660873413086,40.99660873413086,3971800
2013-10-08,41.085654874840166,41.239444768282354,40.381468959969204,40.4057502746582,7360000
2013-10-09,40.48668395720034,40.5757195410797,40.13054470933666,40.3328971862793,11388100
2013-10-10,40.68096305133221,41.29611664972935,40.68096305133221,41.27183532714844,7330100
2013-10-11,41.239438280663464,41.52273053298355,41.23134245193776,41.46607208251953,4694600
2013-10-14,41.26371921226009,41.76555252075195,41.15849505337094,41.76555252075195,8858200
2013-10-15,41.716988469497444,41.84649393459342,41.474166108399224,41.49844741821289,8043100
2013-10-16,41.70081533043147,42.364531470591594,41.70081533043147,42.34834289550781,7239000
2013-10-17,42.121702232001,42.74494837784702,42.121702232001,42.70447540283203,6823400
2013-10-18,42.75304121950973,42.77732253445151,42.31595902463089,42.53450012207031,7646000
2013-10-21,42.574978596951176,42.5830744286677,42.20265061702403,42.31596755981445,4103300
2013-10-22,42.437370640378695,42.80969853525521,42.38880492413873,42.71257019042969,5053300
2013-10-23,42.60735244059071,42.736857949104625,42.4292812085135,42.63163375854492,5140800
2013-10-24,42.79351641610103,42.874459288706525,42.5992596971576,42.63163375854492,3725600
2013-10-25,42.68828582763672,42.70447131090644,42.469744751645166,42.68828582763672,3855900
2013-10-28,42.696382326821244,42.923016164392855,42.623535295079726,42.833980560302734,8983400
2013-10-29,42.96348843472826,43.12536798025151,42.833979858062605,43.11727523803711,7262900
2013-10-30,43.27105808803238,43.30343522924077,42.753036179314726,42.88254165649414,8240300
2013-10-31,42.87445282357516,43.04442819893343,42.65591173197693,42.71257019042969,5904000
2013-11-01,42.809697112216824,43.044426768092386,42.6882874571343,42.9958610534668,10779200
2013-11-04,43.03634439242293,43.157757173115556,42.89065337830916,43.02825164794922,3156100
2013-11-05,42.89873022709833,42.97966999246517,42.688284984552084,42.88254165649414,4248100
2013-11-06,43.044434293452106,43.141562652029705,42.73685755569237,42.785423278808594,4731100
2013-11-07,42.955382491129235,43.07679520933978,42.38070221192718,42.40498352050781,6050900
2013-11-08,42.40500534319393,43.06062880115462,42.40500534319393,43.02825164794922,6663800
2013-11-11,42.97966731650026,43.20630420319416,42.97966731650026,43.13345718383789,5095700
2013-11-12,43.060617820670124,43.14155759538867,42.914923756053156,43.10918045043945,3064100
2013-11-13,42.93110761502015,43.35200119018555,42.82588344931527,43.35200119018555,5214800
2013-11-14,43.465328556845016,43.764809467674944,43.44913998225219,43.716243743896484,6201800
2013-11-15,43.732425791462624,43.96715545654297,43.64339018831805,43.96715545654297,4004400
2013-11-18,44.00762237458049,44.12903511388843,43.675764386480246,43.77289581298828,3796600
2013-11-19,43.64339711870537,43.88622265226095,43.53008018312873,43.821468353271484,4515100
2013-11-20,43.86193028023499,44.15331839745667,43.77289776677669,43.950965881347656,4744000
2013-11-21,44.09666643072135,44.26664182823523,44.01572664742564,44.12904357910156,4590300
2013-11-22,44.34760066401161,44.71992874145508,44.29903492395797,44.71992874145508,5924700
2013-11-25,44.95464201645952,45.09224026461248,44.82513651151653,44.89798355102539,5270100
2013-11-26,44.90607281635368,45.01938973844579,44.73609743321552,44.76847457885742,5035300
2013-11-27,44.83321331350962,44.978907340723325,44.66323797764486,44.75227355957031,4449500
2013-11-29,44.8413244725402,44.89798293719973,44.63087610010076,44.728004455566406,2837700
2013-12-02,44.711812346110776,44.849410571999826,44.59849234592331,44.74418640136719,4724400
2013-12-03,44.66324761809072,44.66324761809072,44.25854258573227,44.35567092895508,4402300
2013-12-04,44.169500455154626,44.50135840912489,43.845735242067285,44.20187759399414,3474900
2013-12-05,44.14521793000314,44.3637589796749,44.0157124658629,44.120933532714844,3612800
2013-12-06,44.49326898910932,44.71181006110655,44.37185625322614,44.695621490478516,4846500
2013-12-09,44.86560775390615,44.91417347759276,44.72800641395483,44.78466796875,3896200
2013-12-10,44.768469076958944,44.768469076958944,44.41232669397585,44.60658645629883,3545500
2013-12-11,44.614691008144035,44.614691008144035,43.780999459385434,43.8376579284668,9989200
2013-12-12,43.82145730915952,43.86192719200105,43.50578790027983,43.521976470947266,5645400
2013-12-13,43.65148396216867,43.740519561119505,43.368191681556276,43.55435562133789,4319500
2013-12-16,43.716235638221626,44.01571958117743,43.55435609761822,43.63529586791992,6211600
2013-12-17,43.65149195927174,43.724339000154224,43.22250554499425,43.42485809326172,5132600
2013-12-18,43.546265256601956,44.517558049764105,43.30344283022509,44.50136947631836,10210000
2013-12-19,44.39614763826036,44.43662061784031,44.153325199054834,44.40424346923828,6691000
2013-12-20,44.53022203404578,44.757789247095744,44.44894581483454,44.627750396728516,6813200
2013-12-23,44.86344473949878,44.8715708108646,44.67651409437899,44.798423767089844,3849400
2013-12-24,44.80654628605392,44.822801526742616,44.65212304969639,44.71714401245117,3291900
2013-12-26,44.73339981620142,45.05036926269531,44.73339981620142,45.05036926269531,2592600
2013-12-27,45.1804028370098,45.1804028370098,44.92845128300963,45.009727478027344,2668100
2013-12-30,45.00973489011354,45.082881927490234,44.782164606958084,45.082881927490234,2374200
2013-12-31,45.12351935054226,45.15602983452921,44.887822992192476,45.05849838256836,6008000
2014-01-02,44.95282783858151,45.042226986928505,44.70087632859648,44.80653381347656,8771800
2014-01-03,44.879697358498476,45.10726454788277,44.8228055611524,44.91220474243164,3642500
2014-01-06,45.050375609951054,45.1966696982323,44.660259074657944,44.725276947021484,9123500
2014-01-07,44.92846366530497,45.34296462320731,44.92846366530497,45.19667053222656,5714000
2014-01-08,45.26981033671342,45.65992681680521,45.14789758027278,45.594905853271484,7793300
2014-01-09,45.659931117778584,45.96877452291515,45.55427359226888,45.93626403808594,6204700
2014-01-10,46.050045561588924,46.123192598976566,45.68431037465073,46.11506652832031,7734300
2014-01-13,46.21259217351206,46.383267550637875,45.64367114938919,45.7411994934082,12815600
2014-01-14,45.81435691702101,46.39140724256735,45.76559428413742,46.318260192871094,6943500
2014-01-15,46.415774950972505,46.415774950972505,46.1556973172726,46.27760696411133,10054100
2014-01-16,46.261365058237935,46.47268013425706,46.20447325324144,46.39140701293945,5489900
2014-01-17,46.39140183596958,46.521440675788796,46.21259726857922,46.34263610839844,6907500
2014-01-21,46.57833245908378,46.69211605634178,46.253233809457655,46.61083984375,5697400
2014-01-22,46.64334864257016,46.73275092300386,46.49705456556417,46.6514778137207,5391300
2014-01-23,46.46454277060918,46.61083684348718,46.02566365234548,46.326377868652344,7052900
2014-01-24,46.050044333040205,46.13944660972557,45.237300872802734,45.237300872802734,13101900
2014-01-27,45.22103518355605,45.31856350814765,44.72526129129697,44.87155532836914,13825900
2014-01-28,45.156018738602405,45.6599187150981,45.13163433141884,45.47298812866211,8806300
2014-01-29,45.16415590534075,45.51363585727445,44.90407823418595,45.05849838256836,12281200
2014-01-30,45.5055065898926,45.98502534371953,45.48112217843009,45.87936782836914,10714100
2014-01-31,45.40797403137882,45.749327880152315,45.261679967671625,45.48112106323242,10821300
2014-02-03,45.59490880920788,45.724947644335614,44.505832402374224,44.58710861206055,15808800
2014-02-04,44.83905200695947,45.08287750789246,44.700887116776144,45.02598571777344,10080000
2014-02-05,45.00161124760734,45.082887465994325,44.41643797707467,44.774044036865234,16384200
2014-02-06,44.87969165736166,45.08287750789246,44.814670697014186,45.02598571777344,7842200
2014-02-07,45.09099844773498,45.81433949727071,44.969088811508215,45.7980842590332,11497100
2014-02-10,45.887492289489785,46.196335654099954,45.70869084713238,46.18008041381836,7902800
2014-02-11,46.212598161814306,46.84653713063996,46.10694063355318,46.80590057373047,10380300
2014-02-12,46.952194658901085,47.065978258395894,46.66773255979352,46.80590057373047,6535800
2014-02-13,46.55394570945746,47.163503321646395,46.47267260131374,47.139122009277344,8256400
2014-02-14,47.09849484022777,47.38295387578351,47.000966470947375,47.30980682373047,8379800
2014-02-18,47.52110533626314,47.846200820622336,47.42357390062249,47.74867248535156,10874200
2014-02-19,47.732429587525864,47.903104993471125,47.39107877563535,47.45609664916992,10732700
2014-02-20,47.52110876159262,47.959987852130496,47.358559457511504,47.8868408203125,9852300
2014-02-21,47.93561593960324,48.1306757628168,47.74055921676039,47.79745101928711,5196300
2014-02-24,47.95998858241978,48.43138126139593,47.886841549487976,48.15504837036133,6464300
2014-02-25,48.0819154556352,48.301356618864745,47.89498478333694,48.03314971923828,6858600
2014-02-26,48.171317755510685,48.333867109796024,47.919366101349866,48.03314971923828,7449000
2014-02-27,48.03313822432715,48.309471130371094,47.90309939209296,48.309471130371094,5980100
2014-02-28,48.350110784495165,48.77273466397854,47.89497332149034,48.309471130371094,10341200
2014-03-03,47.675537030619296,48.14692978285598,47.63490047275732,47.95186996459961,8919900
2014-03-04,48.3907434596952,48.92715398721382,48.3907434596952,48.86213302612305,9658900
2014-03-05,48.935287271591726,48.95967168578075,48.66708351847674,48.740230560302734,10740200
2014-03-06,49.00031690953479,49.17099233719467,48.333867344068615,48.43952178955078,14206800
2014-03-07,48.69958373071444,48.76460469181449,48.00875307106176,48.317596435546875,12630300
2014-03-10,48.317592818334454,48.54515996440808,48.07377043320273,48.52077865600586,7775900
2014-03-11,48.52080337756634,48.764625886926694,48.31761743637081,48.423274993896484,6031700
2014-03-12,48.18755203438111,48.47201095533295,48.041257989214536,48.41511917114258,8822700
2014-03-13,48.569552777825095,48.59393719237327,47.65928087753818,47.75680923461914,12551400
2014-03-14,47.68365378498546,47.87058749529212,47.47234186516971,47.49672317504883,8006100
2014-03-17,47.78931606813767,48.16317732535113,47.708042960176606,47.959991455078125,6430200
2014-03-18,48.0575213973667,48.56954754212423,48.00875567389778,48.47201919555664,6147200
2014-03-19,48.52891908259827,48.79712595585087,48.01689285244999,48.32573318481445,8404800
2014-03-20,48.32573318481445,48.38262498816426,48.06565548368083,48.32573318481445,4895400
2014-03-21,48.53369590348436,48.704964885750066,47.359297358343746,47.44900894165039,19504500
2014-03-24,47.612119597643975,47.66920822013099,46.57636398651344,46.91889572143555,20490000
2014-03-25,47.0738461985033,47.652889632264625,46.845488631522954,47.33482360839844,14646400
2014-03-26,47.55503554392469,47.922032977715126,47.3103664399352,47.35114669799805,13638300
2014-03-27,47.37561355713011,47.49794811220589,46.83734711477122,47.24512481689453,12961000
2014-03-28,47.39189704154443,47.83229744633212,46.9107195128531,47.065673828125,13128800
2014-03-31,47.457143758212204,47.742589871430226,47.30218943007355,47.701812744140625,9508100
2014-04-01,47.84046652851774,48.22377845701926,47.67735487100032,48.003578186035156,10114900
2014-04-02,48.117771424393915,48.24826017160941,47.96281700929338,48.21563720703125,8999300
2014-04-03,48.30533539276847,48.33795834828932,47.791534732152094,48.10960388183594,9609100
2014-04-04,48.37057259664533,48.51737275896743,47.28588285405374,47.31034851074219,20115400
2014-04-07,47.06568813133239,47.59580023646562,46.61713340988677,46.83733367919922,15263300
2014-04-08,46.87811821205327,46.90258387547178,46.16858597304749,46.45402908325195,15165000
2014-04-09,46.56005351512486,47.457163125997965,46.52743055554123,47.44900894165039,14438600
2014-04-10,47.43270140487391,47.50610151449039,45.76081347593955,45.86683654785156,17622500
2014-04-11,45.66293933975375,46.233825519917744,45.31225033702652,45.4345817565918,14710100
2014-04-14,45.744481791732085,45.94837054938625,45.17359264808132,45.68739318847656,11085300
2014-04-15,45.866818607621994,46.27459614352829,45.19806058652763,46.176727294921875,17424500
2014-04-16,46.57635617075298,46.657910443164454,46.11148997359624,46.40509033203125,29585700
2014-04-17,46.42138871943092,46.63343475987549,46.15225718944561,46.39692306518555,8656900
2014-04-21,46.486648957070905,46.967826675982685,46.39693738236079,46.951515197753906,5545000
2014-04-22,47.28589361964113,47.718136912056394,47.22065081658619,47.46531677246094,8980300
2014-04-23,47.546883120549936,47.57135190011462,47.065705270407356,47.228816986083984,8668900
2014-04-24,47.47345381733676,47.47345381733676,46.71498745017874,47.15538787841797,8012600
2014-04-25,47.12278792639256,47.13909940700073,46.68239039435938,46.80472183227539,6368600
2014-04-28,47.19617031331873,47.408216370513294,46.47032680981291,47.081993103027344,9735200
2014-04-29,47.16355956731333,47.40006821518272,47.04122504064937,47.359291076660156,8955800
2014-04-30,47.277723550355454,47.473455004849875,47.114611930879846,47.400054931640625,11115200
2014-05-01,47.43267293249021,47.76705031756056,47.130918490132835,47.506072998046875,6857500
2014-05-02,47.48978618989765,47.57949777340136,47.00045423945503,47.09832000732422,6126300
2014-05-05,46.93521004349813,47.424545123004684,46.65792109844011,47.408233642578125,7218700
2014-05-06,47.359294809344675,47.359294809344675,46.96782864870085,46.99229431152344,6117700
2014-05-07,47.05754847428996,47.130948586718006,46.51112472374849,47.1227912902832,9058100
2014-05-08,47.147242017291994,47.40006211022737,46.739464462394075,46.86995315551758,7710000
2014-05-09,46.918876191649275,47.204322296365206,46.57634459930452,47.15538787841797,7298600
2014-05-12,47.34298861923712,47.66921201176514,47.261434326653536,47.63658905029297,5244500
2014-05-13,47.758914443812756,47.88124585923446,47.644734100551084,47.70998001098633,3230400
2014-05-14,47.68550706524609,47.889395837563924,47.54686108230016,47.74259567260742,3746700
2014-05-15,47.571333029352246,47.620264346876944,47.041220941464225,47.26142120361328,6469400
2014-05-16,47.318510801985404,47.4653109798141,47.065687582147966,47.42453384399414,8913400
2014-05-19,47.42453855998299,47.75075879007871,47.30220402926187,47.718135833740234,4386100
2014-05-20,47.718128730011244,47.75075168149319,47.27773132938853,47.41637420654297,4611800
2014-05-21,47.57949773084012,47.85678666546867,47.48163196305847,47.816009521484375,3921500
2014-05-22,47.83230506548044,48.25639095494462,47.67734761443042,48.101436614990234,3526100
2014-05-23,48.11776515750705,48.21563092739829,47.962810762587864,48.125919342041016,2796300
2014-05-27,48.38688278198242,48.42765991240838,48.12590230284591,48.38688278198242,3246500
2014-05-28,48.36242246884751,48.48475699260571,48.24824523925781,48.24824523925781,4401700
2014-05-29,48.37058763784542,48.63156509399414,48.37058763784542,48.63156509399414,2682200
2014-05-30,48.533696832997165,48.78652010796733,48.52554264849342,48.762054443359375,7778100
2014-06-02,48.721273450337925,48.88438201630325,48.46029290038116,48.827293395996094,4880300
2014-06-03,48.713111019836234,48.94962277108693,48.615245268355174,48.91699981689453,3054500
2014-06-04,48.87622945656847,49.0556526184082,48.7538949169329,49.0556526184082,3599800
2014-06-05,49.11273193359375,49.26768629148409,48.76204297159816,49.11273193359375,3929800
2014-06-06,49.15350473838889,49.25952776923449,48.96592744449019,49.06379318237305,3950900
2014-06-09,49.02301636946586,49.06379350125743,48.71310456787756,48.810970306396484,5533400
2014-06-10,48.81912479573281,48.97407913208008,48.49290153794372,48.97407913208008,6921400
2014-06-11,48.770199634124864,48.990399908279365,48.74573397402864,48.91699981689453,5901200
2014-06-12,48.81096799803116,48.90883684301741,48.5581479262223,48.672325134277344,4305300
2014-06-13,48.71311938237936,48.75389652657197,48.50107636591978,48.63156509399414,2950700
2014-06-16,48.851765696746476,49.09643167445522,48.566319463505685,48.72943115234375,9021700
2014-06-17,48.74574082700716,48.82729511285743,48.55816348067428,48.70496368408203,3728200
2014-06-18,48.65602354416821,49.10457828597405,48.590780745352774,49.0964241027832,5374200
2014-06-19,49.071960104167786,49.25954055786133,49.0393402571353,49.25954055786133,4313800
2014-06-20,49.41179805564862,49.68194045422609,49.362679836461446,49.67375564575195,4426700
2014-06-23,49.70650093413394,49.74743122190885,49.444543345037594,49.4854736328125,3406700
2014-06-24,49.64919778837667,49.91115537684876,49.46091284405538,49.518218994140625,4868300
2014-06-25,49.49367252131426,50.09126363661802,49.46092703266652,50.05852127075195,20099100
2014-06-26,50.181295945138224,50.21404142319919,49.70649900437695,50.123992919921875,11236400
2014-06-27,49.97665017679254,50.115816921625324,49.82111381283233,49.99302291870117,4840900
2014-06-30,50.0257552020132,50.140361242350856,49.739236978388675,49.79654312133789,6434500
2014-07-01,49.99301701787578,50.525120137366436,49.935713989349814,50.426883697509766,8145300
2014-07-02,50.410512873640556,50.8116340637207,50.33683710690205,50.8116340637207,4036600
2014-07-03,50.91807067175159,51.03267676063719,50.697043304851505,51.01630401611328,2468600
2014-07-07,50.81162392372664,51.02446637306549,50.590596667619444,50.631526947021484,3900300
2014-07-08,50.549686182471774,50.574243735173226,49.984840610868936,50.1567497253418,7145400
2014-07-09,50.29589973954618,50.41869371537652,50.02575736461216,50.36957550048828,5879900
2014-07-10,49.968455143239744,50.443252070317634,49.7801733339864,50.33683395385742,4726600
2014-07-11,50.410514021040946,50.49237459804441,50.13218368733602,50.44325637817383,3779600
2014-07-14,50.73797346194705,50.73797346194705,50.48420060671351,50.60699462890625,4078700
2014-07-15,50.63973464344435,50.672480128860016,50.058516329832386,50.17312240600586,5498900
2014-07-16,50.336844191574485,50.36958655257044,49.78836826804117,50.009395599365234,5279000
2014-07-17,49.81292071942807,50.23041778788883,49.40361158246389,49.460914611816406,7321900
2014-07-18,49.641010613168916,50.36139555382849,49.526404556814605,50.27134704589844,8938700
2014-07-21,50.12399538032407,50.14855292868489,49.89478326820749,50.06669235229492,3731900
2014-07-22,50.32045925951938,50.63971984205264,50.295898591245745,50.500553131103516,5640400
2014-07-23,50.877123977292555,50.98354209823338,50.672469420863834,50.90986633300781,7264400
2014-07-24,51.02447501693931,51.0817780423657,50.75432950611719,50.80344772338867,6107400
2014-07-25,50.69703392453513,50.713406666029634,50.361400530850666,50.61517333984375,4129300
2014-07-28,50.63153827248308,50.79526254949388,50.3941413497373,50.664283752441406,7004900
2014-07-29,50.81983993042832,50.893512600386885,50.606997363497335,50.705230712890625,5321800
2014-07-30,50.958984550751765,51.1472663679325,50.64790875060151,50.90986633300781,7752700
2014-07-31,50.451443800062926,50.557861924536596,49.862037658691406,49.862037658691406,8415200
2014-08-01,49.747429209289834,50.15673831604116,49.52640191691044,49.9029655456543,16923800
2014-08-04,50.00939295372917,50.21404753233785,49.665571637820435,50.115814208984375,9208900
2014-08-05,49.902970170434564,50.06669445286445,49.46910347635918,49.63282775878906,10309500
2014-08-06,49.41999450014325,49.812930977815796,49.23990056628178,49.6082763671875,9568000
2014-08-07,49.71469202432568,49.77199505900729,48.87970093253215,48.969749450683594,10947000
2014-08-08,49.0352333034601,49.58370601949051,48.8715090326457,49.550960540771484,5472600
2014-08-11,49.747436473825566,49.894788023596,49.501851598468555,49.52640914916992,4700600
2014-08-12,49.47728570158905,49.608264496137224,49.346306907040876,49.4854736328125,2878500
2014-08-13,49.68194449859273,50.1321870708419,49.66557175753084,50.08306884765625,4751900
2014-08-14,50.17311246882103,50.67247009277344,50.01757300529312,50.67247009277344,4797400
2014-08-15,50.91806555592559,50.97536859461105,50.25498352184632,50.721595764160156,7777600
2014-08-18,50.975353622489635,51.1881929718389,50.90986267020956,51.11451721191406,7448800
2014-08-19,51.188199568210834,51.48290264588713,51.00810567179379,51.450157165527344,3874500
2014-08-20,51.35191851025776,51.53201551073833,51.212754917363185,51.44196701049805,4513800
2014-08-21,51.515647888183594,51.67118423500248,51.4665296678709,51.515647888183594,3125900
2014-08-22,51.59751210460965,51.71211817064048,51.44197574682225,51.56476974487305,3248900
2014-08-25,51.87584274467326,52.06412458600994,51.74486393666596,51.957706451416016,4863000
2014-08-26,52.03137859100622,52.1787301300676,51.92495734106614,52.1459846496582,3601300
2014-08-27,52.268774100044844,52.2933347710765,52.031377180464666,52.10505294799805,4151700
2014-08-28,51.95770527698454,52.20329014609949,51.90040224495042,52.08868408203125,3466000
2014-08-29,52.17053341884834,52.32606974044658,52.03955464203395,52.276954650878906,4139100
2014-09-02,52.38338587577505,52.43250409749307,52.11324034049735,52.25240707397461,5076800
2014-09-03,52.5798594619084,52.72721101499253,52.36701694177301,52.489810943603516,5421900
2014-09-04,52.60441485249378,52.73539053565423,52.12142679728196,52.227848052978516,6231400
2014-09-05,52.24421606497894,52.5389191323664,51.69574334061511,52.530731201171875,6349400
2014-09-08,52.43249561447301,52.63715015434908,52.33425918693057,52.53891372680664,7204800
2014-09-09,52.61259363935537,52.62896950232426,52.26877546374983,52.399757385253906,6667300
2014-09-10,52.4734281886335,52.83362221455498,52.36701006532104,52.768131256103516,7039600
2014-09-11,52.563481726781475,52.694463656222716,52.35882714620116,52.620784759521484,6360300
2014-09-12,52.59622531797961,52.62078286747631,52.088682850768436,52.23603439331055,7340200
2014-09-15,52.236029513605146,52.2933325389317,51.91676578606776,52.09686279296875,6082500
2014-09-16,52.02319085360792,52.84999393895404,51.95770301532569,52.80906677246094,6907900
2014-09-17,52.77631439263564,53.05464157242633,52.46523549103313,52.8499870300293,6704300
2014-09-18,53.021885747016945,53.26747364818232,52.923655582998606,53.242916107177734,5460700
2014-09-19,53.531285789934614,53.65451116882022,53.22731523043231,53.30125045776367,6833500
2014-09-22,53.186243288208566,53.23553971440888,52.80833744906106,53.01372146606445,4005700
2014-09-23,52.52080295635899,52.9315710050501,52.43865060018537,52.701541900634766,7833900
2014-09-24,52.83297690656519,53.62165069580078,52.81654894479496,53.62165069580078,8120900
2014-09-25,53.55596323340458,53.572391204577286,52.742637634277344,52.742637634277344,11661500
2014-09-26,52.98907755646611,52.98907755646611,52.45507784690613,52.906925201416016,6513000
2014-09-29,52.46328880004117,52.97264337003595,52.422212627341224,52.79190444946289,10284100
2014-09-30,52.898704748775906,52.99729132931104,52.463291653435135,52.50436782836914,7580800
2014-10-01,52.660471317682834,52.660471317682834,51.78142779848573,51.95395278930664,11141700
2014-10-02,51.953945653756286,52.07717419151852,51.40351482323454,51.847145080566406,7225200
2014-10-03,52.28255576609595,52.98086018235214,52.249693570671525,52.91514205932617,11383100
2014-10-06,53.145174560804435,53.325913513294786,52.45508094837069,52.66868209838867,8287500
2014-10-07,52.56188957937737,52.58653779825667,51.83072280883789,51.83072280883789,11281800
2014-10-08,51.93749283397445,53.194441570155405,51.80604723498762,53.15336227416992,11412300
2014-10-09,53.071239180491865,53.12874646585296,52.01967380941813,52.05253601074219,15686000
2014-10-10,51.99503477545775,52.62761498803603,51.73214340209961,51.73214340209961,15606800
2014-10-13,51.756768869488894,51.78141394705136,50.4505264821882,50.508033752441406,17937500
2014-10-14,50.812007934716924,50.98453290225432,49.785087781356346,50.13013458251953,19321000
2014-10-15,49.56326963582897,49.94117545323302,48.64314703617839,49.7193603515625,32120100
2014-10-16,49.04569775464014,50.04796950123537,48.84031376331745,49.46467971801758,30185000
2014-10-17,49.94117929282274,50.57376245350022,49.826164742501646,50.253360748291016,15704700
2014-10-20,50.08906610564259,50.90238523718229,50.08906610564259,50.86130905151367,9848900
2014-10-21,51.288498615975556,52.241480359972044,51.23920532211123,52.2086181640625,14961400
2014-10-22,52.22505454234893,52.35650020536574,51.79785535406633,51.94573211669922,13813800
2014-10-23,52.35649183259952,53.12052373996125,52.35649183259952,52.83298110961914,11165000
2014-10-24,52.980850306005294,53.5970022527528,52.8658357773715,53.572357177734375,9703500
2014-10-27,53.58058502319673,53.68738245893999,53.3916289638416,53.62987518310547,9110800
2014-10-28,54.05708552842075,54.05708552842075,53.54773081800413,54.02422332763672,8770600
2014-10-29,54.00777933206671,54.19673538546734,53.68738076711054,54.048858642578125,10162400
2014-10-30,53.96669764433111,55.07576990442406,53.91740122604976,55.04290771484375,11630600
2014-10-31,55.74944963007917,55.85624708463693,55.08400728278834,55.264739990234375,11388000
2014-11-03,55.34689001221769,55.420825253596135,54.936121957031396,55.3304557800293,8680700
2014-11-04,55.314027557594954,55.48654938782952,55.0018398257031,55.33867263793945,5716000
2014-11-05,55.83981474029698,55.85624270593185,55.14972109498407,55.28116989135742,6592100
2014-11-06,55.3551010954011,55.741224071766524,55.3551010954011,55.61799240112305,7962400
2014-11-07,55.61797821075156,55.66727462712534,54.895028871425296,55.06755065917969,13895600
2014-11-10,55.19080369323644,55.65086197225759,54.97720252033778,55.626216888427734,5455300
2014-11-11,55.74944020344387,56.03697658465242,55.609780570831575,55.83159255981445,9777500
2014-11-12,55.61799426302622,55.83981253117482,55.527624786050616,55.74944305419922,3879900
2014-11-13,55.831575135868576,56.02874198319065,55.44545228682292,55.708343505859375,5216600
2014-11-14,55.69192885839706,55.69192885839706,55.02648667224205,55.24829864501953,6331800
2014-11-17,55.13330137615329,55.667301222604095,55.13330137615329,55.51942443847656,8587200
2014-11-18,55.56048436108983,56.45596197217034,55.51119420063838,56.41488265991211,8240100
2014-11-19,56.349141015621285,56.382003201802206,55.95480731709253,56.102684020996094,6253600
2014-11-20,55.85625050297334,56.086279660913156,55.683728634518474,55.86446762084961,9041600
2014-11-21,56.423107205511364,56.53812177359145,55.9712597824654,56.12735366821289,8098700
2014-11-24,56.34915826742815,56.423099775928364,56.23414371449275,56.41488265991211,5020100
2014-11-25,56.529903615493424,56.661352415349384,56.267012283605254,56.48883056640625,5510200
2014-11-26,56.67776465044124,56.858503566167016,56.45595269702816,56.833858489990234,5325900
2014-11-28,56.89139544375763,57.49933062202837,56.89139544375763,57.18714904785156,4395500
2014-12-01,56.98172283718053,57.458215099167084,56.90778135688988,57.047447204589844,8537400
2014-12-02,57.252861447065946,57.762209894456774,57.252861447065946,57.680057525634766,7444800
2014-12-03,57.8115070226726,57.860797190991576,57.54861567859798,57.77042770385742,6577000
2014-12-04,57.67180175931448,58.00863439392553,57.47463495270934,57.69645309448242,4235400
2014-12-05,57.73754718632857,58.20582244028035,57.68003991892474,58.156532287597656,8325100
2014-12-08,58.08259389801294,58.68231794829826,58.08259389801294,58.36191940307617,5942800
2014-12-09,57.688267233137985,58.172970534407256,57.351434416060826,58.11546325683594,9776300
2014-12-10,58.07439580349344,58.10725800353032,57.178918089003815,57.21999740600586,9011200
2014-12-11,57.433569938442886,58.05793262439211,57.25283106226051,57.384273529052734,7383300
2014-12-12,57.06387453110752,57.392490096697244,56.45593980884992,56.50522994995117,10438600
2014-12-15,56.842072829880166,56.85850079058874,55.79050784552328,55.987674713134766,17776200
2014-12-16,55.7494406912093,56.702419315527344,55.305810441539094,55.33867263793945,14735600
2014-12-17,55.40438571197641,56.51345797566396,55.29758202853879,56.37379837036133,17776200
2014-12-18,57.03924589730462,57.9265062997286,56.91601424121978,57.91828918457031,16048100
2014-12-19,58.13268823181396,58.48725665281209,57.7368884375041,58.05847930908203,17822000
2014-12-22,57.72039996669935,57.81935148855388,57.21740740656473,57.50600814819336,9896600
2014-12-23,57.637925473929805,57.67915054353364,55.88982021435005,56.186668395996094,22190400
2014-12-24,56.22793408595176,56.920576071995676,56.17845516478704,56.59899139404297,4519100
2014-12-26,56.82161193026852,57.15968527558576,56.788628090794425,57.003013610839844,4242800
2014-12-29,56.9452741204627,57.28335364195997,56.87931275494542,57.200897216796875,5225900
2014-12-30,57.11020864102007,57.242137698603806,56.88756931300099,56.95353698730469,4965100
2014-12-31,57.118463398907714,57.44005431448563,56.376348905955325,56.38459014892578,7863600
2015-01-02,56.65668880474558,57.18441761769404,56.359840561084106,56.590721130371094,7516800
2015-01-05,56.335100228872385,56.79686133443768,56.19492364911481,56.30211639404297,10784800
2015-01-06,56.491792596123815,56.97004264904292,55.766160545718,56.11248779296875,13344500
2015-01-07,56.491775872262366,57.44828198596144,56.3680880556484,57.431793212890625,14146400
2015-01-08,58.00074781336012,58.479004021573324,57.901802591677225,58.41303634643555,22138400
2015-01-09,58.4625225769894,58.52849026039668,57.695665557697225,57.89356231689453,9724300
2015-01-12,58.33882907635771,58.54497334871233,57.761627630174345,57.91829299926758,11972100
2015-01-13,58.46251083586044,58.78409536410589,57.1761664318554,57.66267013549805,14219800
2015-01-14,57.11020317007245,57.72038837136903,56.953531531365634,57.571964263916016,12548000
2015-01-15,57.78636157507386,57.89355432754962,56.92055315015284,56.95353698730469,16382800
2015-01-16,56.862833136240596,58.132682559846614,56.846344363139295,58.025489807128906,13759300
2015-01-20,58.11619378674531,58.26461790875182,57.34933687154894,58.025489807128906,10387200
2015-01-21,57.967769748361135,58.36356321360034,57.67916274497058,58.14093017578125,8391000
2015-01-22,58.396543763016055,58.841816104608085,57.58845552286237,58.83356857299805,11497400
2015-01-23,58.75111553273261,58.808835675299264,58.4707623519871,58.49549865722656,6815600
2015-01-26,58.55322875903817,58.83358198746862,58.198660311242456,58.80059814453125,7871700
2015-01-27,58.27287447542876,58.792362184587525,58.1326978486186,58.38007354736328,10040100
2015-01-28,58.48724332756618,58.70163509609814,57.44827460885906,57.538978576660156,11005400
2015-01-29,57.53898607182056,58.07496241745651,57.077224932699714,58.025489807128906,12120000
2015-01-30,57.77811818780359,58.157422905724204,57.03599752620929,57.11845397949219,13886500
2015-02-02,57.22564119198238,57.46476926074944,56.434048080386006,57.440032958984375,18042300
2015-02-03,57.72040579720866,57.85234117300856,56.95354872569047,57.827598571777344,17432800
2015-02-04,57.13493543077977,57.41528856334452,56.78861463489768,57.101951599121094,15184800
2015-02-05,57.464773732579815,58.1161903241846,57.464773732579815,58.06671142578125,10801400
2015-02-06,58.06670732149044,58.30583539196399,57.382306942999556,57.538978576660156,11886100
2015-02-09,57.27513884164613,57.440058077236344,56.7309210917624,56.862850189208984,8139000
2015-02-10,57.324599880541605,57.87707134432303,57.19267080976011,57.81935119628906,8629000
2015-02-11,57.86880859112645,58.19039308716637,57.54722409508653,57.87705612182617,8088100
2015-02-12,58.149163736872865,58.248115235625654,57.59669869030459,58.08320236206055,10124100
2015-02-13,58.124446643654565,58.363574793066014,57.86058218413589,58.31410217285156,8592300
2015-02-17,58.37180705924661,58.75935925895955,58.31408692041852,58.734622955322266,8381700
2015-02-18,58.72638921619076,58.83358198746862,58.43778845426978,58.80059814453125,7780900
2015-02-19,58.73462705107909,58.99849145998242,58.635675538606435,58.899539947509766,5383600
2015-02-20,58.817093121877384,59.542718792319285,58.70989405973812,59.517982482910156,8213700
2015-02-23,59.608695893333305,59.97975317512863,59.501503105287625,59.790103912353516,8577500
2015-02-24,59.872549209413734,59.905533051352876,59.49324446365055,59.715877532958984,8052200
2015-02-25,59.66637622150824,59.87252041622295,59.45198449751889,59.69111251831055,9629700
2015-02-26,59.69113568062906,59.88079118140928,59.41078248672023,59.856048583984375,4424900
2015-02-27,59.831319744661805,59.90553496415072,59.534471448755724,59.56745529174805,6745300
2015-03-02,59.757118372380845,60.11993440014901,59.64991929634447,60.10343933105469,6769900
2015-03-03,60.070437854994104,60.07868538712086,59.262355855236656,59.5592041015625,10144000
2015-03-04,59.38605272890749,59.93027675148765,59.03973178237032,59.84782028198242,9153500
2015-03-05,59.922018222677075,60.334306785581454,59.847809301045906,60.06219482421875,6252100
2015-03-06,59.78184657727494,59.9137819480339,58.808845236514166,58.883060455322266,12314900
2015-03-09,59.064449289000024,59.30357737814861,58.72637598435779,59.24585723876953,10306300
2015-03-10,58.72637347605847,58.990237857810385,58.544965534037196,58.58619689941406,12323900
2015-03-11,58.899543534459426,58.96551121345859,58.511991284119496,58.55322265625,7525100
2015-03-12,58.82533458235589,59.32832717895508,58.76761442984573,59.32832717895508,7574200
2015-03-13,59.24586683645444,59.600435261800406,58.817089487466575,59.21288299560547,6480400
2015-03-16,59.72411932372366,60.53220764597332,59.50972751724535,60.52396011352539,13635100
2015-03-17,60.30957581359379,60.4744887369347,59.97974367588719,60.350807189941406,10142500
2015-03-18,60.21885901534684,61.38975687878771,59.98797845534705,61.13414001464844,12886900
2015-03-19,61.13415908724139,61.57118403944422,61.02696630552054,61.48872756958008,9403900
2015-03-20,62.34702794209332,62.85142746899823,61.58629650462483,61.93358612060547,9544300
2015-03-23,61.743388454416575,62.09067800485504,61.52013268874052,61.75992965698242,4667800
2015-03-24,61.83434993720039,61.99973042990581,61.21418728395173,61.22245788574219,8467700
2015-03-25,61.396103149641505,61.70205233206307,60.08962563588991,60.10616683959961,15039100
2015-03-26,59.76714875200207,60.46173429313221,59.46947013560652,59.965599060058594,18253800
2015-03-27,60.13096259406205,60.62709137841633,60.03173431374328,60.395565032958984,8841600
2015-03-30,60.8834277653416,61.098419234450844,60.80901128100776,61.00746154785156,8008200
2015-03-31,60.767679230184775,61.32996037894667,59.949066162109375,59.949066162109375,8442900
2015-04-01,59.97385786403647,60.20538422932365,58.96505900789633,59.34542465209961,21829300
2015-04-02,59.40331376512519,59.8002206620316,59.23793957144317,59.527347564697266,7560100
2015-04-06,59.196573873039746,59.94077012304488,59.122157402348776,59.6182861328125,5746200
2015-04-07,59.76714740320077,60.2053947150536,59.70926580179797,59.75887680053711,5599300
2015-04-08,59.891176254778536,60.52787381754498,59.81675345420429,60.26327133178711,12577100
2015-04-09,60.279816053315436,60.81729165817458,60.19712895455739,60.71806335449219,8181400
2015-04-10,60.77594182231071,61.321688001506246,60.53614483223579,61.23899459838867,5084300
2015-04-13,61.28034399729086,61.55321709889954,60.883437094167235,60.90824890136719,6814800
2015-04-14,60.97438545194089,61.0736137396729,60.51133272643196,61.00746154785156,5878700
2015-04-15,61.34648904930377,61.462252234926524,61.04881048381084,61.164573669433594,6254600
2015-04-16,61.2307056145131,61.37954484803801,61.0405196961019,61.13147735595703,4439500
2015-04-17,60.742871255579686,60.89998116546839,60.21366623225316,60.60230255126953,12115400
2015-04-20,60.908261289255506,61.139787734574696,60.81730357021976,60.97440719604492,6659500
2015-04-21,61.28034932515539,61.56148674498562,61.25554382441999,61.37957763671875,6577200
2015-04-22,61.52014843567243,61.6111061472054,61.16458819294049,61.47880172729492,6078200
2015-04-23,61.38781265783528,61.86740647209322,61.09840477289299,61.710296630859375,10532500
2015-04-24,61.58625976957447,61.79298055701332,61.247234650038216,61.511837005615234,10397200
2015-04-27,61.660695641079336,61.718577227443674,60.3128779536699,60.395565032958984,17847700
2015-04-28,60.56920354423827,60.800729865813295,59.700973529712805,60.6932373046875,15798400
2015-04-29,60.271523053228584,60.70150590077759,59.742318247490495,60.139225006103516,13661300
2015-04-30,59.88289718457202,60.18057572753159,58.981597263503346,59.29581069946289,14554400
2015-05-01,59.70097453871686,60.130957407725425,59.69271024753459,60.09788131713867,11508300
2015-05-04,60.32941314398544,60.71804935804497,60.18884447763789,60.47825241088867,8561700
2015-05-05,60.35423069189488,60.36250129410248,59.65965151336112,59.717533111572266,11373800
2015-05-06,59.8746516677011,59.907721464070995,59.05603226355202,59.48601531982422,10152200
2015-05-07,59.40330866957766,59.97386031349526,59.312357286889025,59.76713943481445,9019700
2015-05-08,60.379017099897816,60.89995762771373,60.32940611957976,60.73457717895508,11222400
2015-05-11,60.9495888922988,61.057081488301584,60.70979189325765,60.76767349243164,7980700
2015-05-12,60.329421142337964,60.62709971561004,60.09789476504204,60.379032135009766,7019800
2015-05-13,60.57749865803586,60.89171217752469,60.33770163975951,60.445194244384766,6005800
2015-05-14,60.7676493189662,61.30512470241393,60.519588124880165,61.28031921386719,6894400
2015-05-15,61.3878090833746,61.47876674314861,61.21416436252012,61.40435028076172,3872300
2015-05-18,61.363024949634394,61.8426189028607,61.32994885196838,61.76819610595703,6792200
2015-05-19,61.850900087877655,62.214724607217455,61.693790174235815,62.057621002197266,5869200
2015-05-20,62.165098615695044,62.404895575514395,61.89222556052611,62.14029312133789,10577000
2015-05-21,62.12375539534146,62.2147130854871,61.91703451930511,62.14856719970703,4537900
2015-05-22,62.04107336459669,62.29740525302087,61.95011566703567,61.999732971191406,4612300
2015-05-26,61.809543185641196,61.875695381380396,61.247262139099234,61.37129592895508,9533800
2015-05-27,61.586295249865366,62.148576367977796,61.42091473946676,62.08242416381836,13043700
2015-05-28,62.074126358137434,62.29738206356049,61.8260588555619,62.12373733520508,5766400
2015-05-29,62.024548782581896,62.52894834979482,61.776481146416764,61.96666717529297,9839200
2015-06-01,62.322209123727475,62.45450719784787,61.80126850246167,62.2147102355957,7466700
2015-06-02,62.016264491256656,62.09068098050825,61.56974662988513,61.80954360961914,5722400
2015-06-03,62.01625828164722,62.074139870365286,61.75165583199032,61.92530059814453,5357600
2015-06-04,61.693781092666974,61.94184867678265,61.28033932488801,61.495330810546875,6479500
2015-06-05,61.41263461232666,61.51186290317654,60.97438736782545,61.470516204833984,7772200
2015-06-08,61.48705773061419,61.61935581048857,61.164573669433594,61.164573669433594,6736600
2015-06-09,61.36302844956827,61.36302844956827,60.90824627511771,61.14803695678711,8297500
2015-06-10,61.28860920849165,61.97491774041097,61.17284601955968,61.9005012512207,7728800
2015-06-11,62.380109085367806,62.421449485684114,61.99147273238666,62.322227478027344,4912000
2015-06-12,62.0162639643333,62.10722165617063,61.47051781330927,61.5532112121582,6330600
2015-06-15,61.164552853331855,61.75163918307887,60.85033319190506,61.62760543823242,7150200
2015-06-16,61.59456079884708,61.96666222335908,61.46226269645417,61.93358612060547,6041400
2015-06-17,62.008016681821495,62.148591727557786,61.6028453712972,61.99148178100586,5132100
2015-06-18,62.1072040721515,63.07465600201762,62.08239858296808,62.86793518066406,9511200
2015-06-19,62.92687839523656,63.06793766099593,62.77753269682094,62.81901550292969,10327400
2015-06-22,63.283646885361364,63.60724813830794,63.23386499891656,63.30854415893555,6635000
2015-06-23,63.39982639138355,63.59896030275694,63.208985242317404,63.43301010131836,4631600
2015-06-24,63.3500474307978,63.408128427207494,62.79412841796875,62.79412841796875,7294400
2015-06-25,62.984956245115555,63.44130502579486,62.819006054580136,63.142601013183594,9232500
2015-06-26,63.23385348377829,63.474476441696076,62.82728671436234,63.05131149291992,6147500
2015-06-29,62.50368498554251,62.82727981366703,61.47481321013898,61.50800323486328,13675900
2015-06-30,62.17179549417017,62.1883873425384,61.52460579185279,61.72373962402344,8722200
2015-07-01,62.36264415445905,62.44561606709543,62.02245108319338,62.387535095214844,7756500
2015-07-02,62.52858241354842,62.5700715313489,61.972663684985285,62.09711837768555,5678800
2015-07-06,61.516323871247366,62.46221775098793,61.516323871247366,62.072242736816406,9352600
2015-07-07,62.155223043639836,62.370948791503906,61.30889291467278,62.370948791503906,10653300
2015-07-08,61.87310755205543,62.063948674479,61.28399866248564,61.30059051513672,13074900
2015-07-09,61.96438229689762,62.12203339315538,61.59929821308066,61.63248825073242,6654600
2015-07-10,62.40415350047449,62.53691368146714,62.047368426999064,62.46223449707031,8059500
2015-07-13,62.910279866765954,63.12601195885316,62.736036906740715,62.99325180053711,7815100
2015-07-14,63.02642859119963,63.70680843366343,62.88537570040442,63.623836517333984,5831800
2015-07-15,63.822960484382925,64.10507255257242,63.52425656764132,63.7067985534668,6994900
2015-07-16,63.93912074028664,64.09677178397875,63.75657875924321,64.00550079345703,5109200
2015-07-17,63.93082860117719,63.947420449455485,63.60723375177232,63.86444854736328,3877900
2015-07-20,63.94743074631368,64.22124376462284,63.88105068181121,64.07189178466797,3874800
2015-07-21,64.04698934015617,64.21293314125728,63.499363401892076,63.78976821899414,8140200
2015-07-22,63.61555257772475,63.988935785662015,63.515988786557166,63.93085479736328,5765400
2015-07-23,64.04698988605988,64.17974366200225,63.58233584438587,63.6984977722168,5677400
2015-07-24,63.05962354110124,63.10111266767695,61.98926864503768,62.105430603027344,13229700
2015-07-27,61.956084628803595,62.1718167133219,61.72376069025429,62.04735565185547,11037000
2015-07-28,62.39584093588745,63.1840900970594,62.080545069630155,63.1674919128418,11445100
2015-07-29,63.44129249072494,63.565753526446706,63.009834741287555,63.27534866333008,9367000
2015-07-30,63.217279698498025,63.33344166580903,62.69454451524605,63.18408966064453,5381100
2015-07-31,63.42470909639558,63.831275958965485,63.3832199688396,63.549163818359375,7910300
2015-08-03,63.6155707316704,63.806411936456776,63.067950732915804,63.49940872192383,8447800
2015-08-04,63.814686377792306,63.847870084595854,63.26706026024924,63.46619415283203,10778700
2015-08-05,63.85616237586993,64.10508446285276,63.7482995143649,63.997215270996094,5391200
2015-08-06,64.05528674680556,64.11336771444033,62.545175257951186,62.60325622558594,13360200
2015-08-07,62.586693401942874,62.70285539108428,61.83993323578126,62.49542236328125,10863600
2015-08-10,62.70284854792194,63.275365667889005,62.70284854792194,63.00155258178711,7951100
2015-08-11,62.57008631286717,62.8024102345925,62.15522035825705,62.470516204833984,7914900
2015-08-12,61.99755993864062,62.57836965553722,61.31718012869697,62.51198959350586,9665900
2015-08-13,62.56178992422467,62.794113855987426,62.22159678817751,62.370948791503906,6329300
2015-08-14,62.19670302196881,62.5783789397484,62.06394920856168,62.545188903808594,5504000
2015-08-17,62.337750326280236,63.192379431654686,62.08883457462342,63.17578125,5796000
2015-08-18,63.10939411316982,63.42469622576676,62.98493941646134,63.084503173828125,5465900
2015-08-19,62.744310052444675,63.25873962730439,62.379226098402185,62.8272819519043,10070300
2015-08-20,62.36266376209319,62.60328048528638,61.366981506347656,61.366981506347656,12992900
2015-08-21,60.752971562966565,61.27570038819945,59.48348275143518,59.49177551269531,24008300
2015-08-24,55.915629978275675,58.96904350027903,46.98771648721047,56.96109390258789,33675700
2015-08-25,58.74503418076981,59.193083936192394,56.305619823884854,56.38859176635742,17883700
2015-08-26,57.94848485489678,58.82800515562918,56.56283381430059,58.76992416381836,26115600
2015-08-27,59.53326775551156,59.99791562447594,58.65375390915685,59.91494369506836,18689700
2015-08-28,59.616235604305345,59.93983053809217,59.1018058789786,59.57475280761719,10045600
2015-08-31,59.30922814256623,59.82365777498991,58.33843718617309,58.487789154052734,15143100
2015-09-01,56.95278930664062,57.88209118624648,56.68727538823197,56.952789306640625,21723600
2015-09-02,57.8987066657883,58.122737884521484,57.17684376851276,58.122737884521484,12491700
2015-09-03,58.45460885800177,58.77820378723232,57.575095084231755,57.707855224609375,14080100
2015-09-04,56.82834133030314,57.47553125948476,56.5711264431547,56.985992431640625,16587900
2015-09-08,58.0314323859264,58.662023868591476,57.682940289311524,58.57905197143555,11697400
2015-09-09,59.259452029053364,59.300941157069566,57.52531536003312,57.67466735839844,12424000
2015-09-10,57.69957041743831,58.670355445458924,57.51702834440466,58.23059844970703,17313700
2015-09-11,57.9899658844835,58.628863035447424,57.824022025464345,58.603965759277344,7633000
2015-09-14,58.620539606457314,58.72840243700414,58.155885599475255,58.42140579223633,6232200
2015-09-15,58.711829259299826,59.40050190462087,58.49609719925795,59.25944900512695,8414600
2015-09-16,59.284355771567924,59.533277932696215,58.83630601010263,59.4254150390625,12003400
2015-09-17,59.367312475278425,60.78615308534649,59.367312475278425,59.96471405029297,19149000
2015-09-18,59.14113694307378,59.68241870979102,58.966262468281336,59.04954147338867,23716000
2015-09-21,59.45757128291923,59.59913540101478,57.875365768236506,58.266754150390625,23860100
2015-09-22,57.46732923902664,58.008610945116345,57.259144456168706,57.9086799621582,29234000
2015-09-23,57.95865283695744,58.391680822044314,57.55061236713431,57.850399017333984,9578700
2015-09-24,57.37574208806311,57.600578915554365,56.61794623523183,57.259159088134766,20064500
2015-09-25,57.71717218020603,57.89204671119916,55.252264045310596,55.6936149597168,30973700
2015-09-28,55.3438428040456,55.460425776060355,53.070465319814744,53.536800384521484,66470200
2015-09-29,53.678372977058004,54.944140234624314,53.361934339314665,54.02812194824219,31776000
2015-09-30,54.82754672377665,55.310536992014654,54.44448744826595,55.152320861816406,26565600
2015-10-01,55.28555589126432,55.75188781789834,54.752603302740866,55.71025466918945,19853100
2015-10-02,54.98579687523885,56.87611939741035,54.72764962241775,56.86779022216797,23741800
2015-10-05,57.35906267687877,57.47564563398931,56.459709343925255,57.017642974853516,18389800
2015-10-06,56.834455633690474,57.001000947708704,54.885848775831974,55.67694854736328,30431600
2015-10-07,56.084976265699105,56.84277188481429,55.40213046816329,56.56796646118164,27466100
2015-10-08,56.2432182203055,56.917735081844796,55.68528436314837,56.73453140258789,23182700
2015-10-09,56.82613172789601,57.23417858565709,56.576313733718834,56.99268341064453,13890000
2015-10-12,56.74284149000616,57.32575631585555,56.667898020951995,57.14255905151367,11074500
2015-10-13,56.88442496576793,57.617239685647235,56.3681306167227,56.426422119140625,17273300
2015-10-14,56.726204031941315,57.19253601205522,56.15994104753298,56.31815719604492,21786200
2015-10-15,56.01005193827539,57.575599670410156,55.9517604363687,57.575599670410156,22133300
2015-10-16,57.733814108435844,58.175164897322134,57.592249959792376,58.09189224243164,17657000
2015-10-19,57.900354114831536,58.458287840119816,57.583915513913354,58.300071716308594,15694700
2015-10-20,58.11688741380141,58.30009111070318,57.13425460129926,57.38407897949219,14802000
2015-10-21,57.70885902927112,57.933695934421884,55.926796725353,56.86779022216797,36068300
2015-10-22,56.951043143046824,57.042644979014106,55.818517128630376,56.526344299316406,35524500
2015-10-23,57.109263569891475,58.033604714930675,56.87609757894406,57.73381805419922,26524200
2015-10-26,57.592236371817876,58.350025611818204,57.40070359279218,57.95863723754883,17831900
2015-10-27,58.11686872575072,59.02455139160156,58.10853955494319,59.02455139160156,25160900
2015-10-28,58.93296302247109,59.54919473695057,58.408339501189964,59.51588439941406,18158000
2015-10-29,59.85731120950798,60.78998170922028,59.532543322338995,59.78236770629883,22780700
2015-10-30,59.96557504603279,60.13212040991302,59.40763473510742,59.40763473510742,12427200
2015-11-02,59.74905200637577,60.71503276086998,59.40762580247086,60.67339324951172,18646600
2015-11-03,60.515151073611754,60.648392384040434,60.03216085325084,60.45685958862305,10428700
2015-11-04,60.673385672152165,60.69003766263738,59.82398803158348,60.19039535522461,11533000
2015-11-05,60.232021525769284,60.24867351256768,59.43259274024629,59.99885559082031,9172000
2015-11-06,59.63245952166763,59.80733400564568,59.05786739338517,59.74904251098633,12661100
2015-11-09,59.64077467876358,59.64077467876358,58.94959972357613,59.291019439697266,15625000
2015-11-10,59.30768324628594,59.82397745288743,59.19110027361493,59.69074249267578,9737400
2015-11-11,59.915591163597774,59.915591163597774,59.0911810207993,59.099510192871094,10580900
2015-11-12,58.94126368310352,59.03286547869342,58.07521438598633,58.07521438598633,10870800
2015-11-13,57.95868173594661,58.52494498497073,57.85875703825393,57.93370056152344,18196800
2015-11-16,57.808770997301714,58.65816879272461,57.800448177190084,58.65816879272461,12959800
2015-11-17,58.774739263537334,59.29936271700533,58.474952617756635,58.90797424316406,7882300
2015-11-18,58.94127799238772,60.123766100157624,58.94127799238772,60.057151794433594,12816300
2015-11-19,59.674095891917155,59.74903937255846,58.99957279966505,59.04954147338867,11128000
2015-11-20,59.357647124357065,59.84896653922572,59.357647124357065,59.55750274658203,9224500
2015-11-23,59.440945078543145,59.77404215960198,59.23276019704367,59.40763473510742,10362700
2015-11-24,59.04122703485707,59.64912326273484,59.007916695161384,59.5908317565918,7174700
2015-11-25,59.7490468690851,59.99887120915961,59.62413469904784,59.915592193603516,4594400
2015-11-27,60.07382411513468,60.14044479670287,59.87396842372795,60.03218460083008,2658000
2015-11-30,60.12377005530426,60.132099226553585,59.21608734130859,59.216087341308594,8846100
2015-12-01,59.52422785953796,60.26536557605074,59.39098647741042,60.215396881103516,10659200
2015-12-02,60.28201649570998,60.46522021621448,59.615822303566105,59.70742416381836,9875100
2015-12-03,59.75736667102179,59.83231014931447,58.14185059266789,58.39999771118164,13191400
2015-12-04,58.65814613869346,59.86561533152036,58.51657565859958,59.77401351928711,14929800
2015-12-07,59.6491180675318,59.95723391790801,59.13282373045997,59.44093322753906,8511000
2015-12-08,58.9912591800836,59.74072595055541,58.9912591800836,59.574180603027344,7483600
2015-12-09,59.29935808351689,59.87395016858226,58.7414243404135,58.97459030151367,17593600
2015-12-10,58.97459236773557,59.82398359197327,58.91630087541824,59.41594314575195,9778500
2015-12-11,58.78305753507915,59.02455266735074,58.466618923807395,58.541568756103516,15178300
2015-12-14,58.766418139328565,58.99958415057723,58.01695142224549,58.92464065551758,21091500
2015-12-15,59.56583034958669,59.97387075393524,59.374303903039525,59.69074249267578,14006300
2015-12-16,60.19041581886956,60.55682326708255,59.349347064243744,60.4652214050293,15273700
2015-12-17,60.6317394316998,60.6317394316998,59.76568989683698,59.81565856933594,11469100
2015-12-18,59.659277584823364,59.734544923534294,58.9400939206007,58.94845199584961,15159800
2015-12-21,59.29968449209455,59.48365783691407,58.998627920266784,59.48365783691406,6707200
2015-12-22,59.692738021591836,59.96870767143446,59.34987185862673,59.88508224487305,7495800
2015-12-23,60.261386565110335,60.66279745637779,60.20284814140567,60.52899169921875,8091000
2015-12-24,60.328295154380946,60.77988005722535,60.3032081675913,60.5875358581543,2568300
2015-12-28,60.411923620472045,60.46210397679509,60.13596037164296,60.3032112121582,6534700
2015-12-29,60.70461168180883,61.18128994352716,60.57917674999891,61.039119720458984,7243100
2015-12-30,60.9722055903825,61.13109191814585,60.721323038870224,60.77986145019531,8496500
2015-12-31,60.56244498990243,60.83841458732209,60.23630142211914,60.23630142211914,6591700
2016-01-04,59.18259208741058,59.3749362374434,58.54703398340789,59.149147033691406,19666300
2016-01-05,59.31641008563016,59.69272762974933,59.174246247203804,59.43348693847656,14540000
2016-01-06,58.58885697363322,59.35822737060999,58.53868300129935,58.94845199584961,14651700
2016-01-07,57.81112478877966,58.547043696869785,57.59370000248912,57.752586364746094,17850400
2016-01-08,58.09546440674835,58.24599270873183,56.78252558730747,56.88287353515625,17022800
2016-01-11,57.13374675833372,57.15883374116544,55.41103921499049,56.20549011230469,28563800
2016-01-12,56.657081284715176,57.250830005616145,55.99642968196931,56.924686431884766,13727000
2016-01-13,57.033400414150464,57.301005568754306,55.176893242954556,55.23543167114258,16202500
2016-01-14,55.37758126081393,57.0835660749071,55.034708855239366,56.715606689453125,23342300
2016-01-15,55.27724020221445,56.18040997546966,55.126711906671915,55.92116928100586,17882300
2016-01-19,56.5316432064999,56.74070993905368,55.30232979825002,55.91280746459961,13495200
2016-01-20,54.92600735297136,56.56508962497736,54.24026878631365,56.021514892578125,24665600
2016-01-21,56.16369584247144,56.4480235653363,55.32742882668868,55.85427474975586,17102800
2016-01-22,56.64037087751716,56.89124716781745,56.37276567307004,56.740718841552734,11343800
2016-01-25,56.57346224264396,56.9497798300271,56.138599841896955,56.2138671875,10131900
2016-01-26,56.2473115210498,56.7490703675287,55.812449175280825,56.640357971191406,12449700
2016-01-27,56.5400041906654,57.13375290903631,55.60338298945794,55.996429443359375,15924700
2016-01-28,56.26402800632892,56.29747944319491,54.39915665756694,54.69184875488281,26127300
2016-01-29,54.57478010130273,55.6117492788403,54.41588734741022,55.58666229248047,17578200
2016-02-01,55.2103349489964,55.95461831959364,54.91764282584567,55.670284271240234,16705700
2016-02-02,55.27723108059105,55.42775935129402,54.700211359737146,54.867462158203125,12968700
2016-02-03,55.02637137507929,55.28561210446239,53.99776015361805,55.227073669433594,19453100
2016-02-04,55.05979422188626,55.54483041937174,54.432594222443825,54.925994873046875,18958100
2016-02-05,54.62494711559452,54.77547539478858,53.57961361569398,53.85558319091797,16744000
2016-02-08,53.25346578813963,53.479258188758244,52.48409873527942,53.11966323852539,24652800
2016-02-09,52.47574214161355,54.04792144196898,52.4172037203293,53.51271438598633,20741700
2016-02-10,53.863952584883634,54.825654388815984,53.822136688969216,53.98938751220703,14728500
2016-02-11,53.01931212384081,53.546157868513156,52.718255589682656,53.11966323852539,22801100
2016-02-12,53.412368709851215,53.85559235852832,52.960786985502885,53.83050537109375,10316000
2016-02-16,54.40752576583458,54.86747514076117,54.22354601586394,54.84238815307617,17303000
2016-02-17,55.26886465890157,55.60337262413323,54.85073129741419,55.536476135253906,12140000
2016-02-18,55.603387794007595,55.829183443729896,55.05981299973263,55.19361877441406,9722100
2016-02-19,54.926007899415,55.293967361353936,54.79220213863363,55.135074615478516,8875100
2016-02-22,55.586661248665784,55.92952735616208,55.49467138026701,55.92116928100586,7515700
2016-02-23,55.77063015278307,56.06332223165045,55.444486639158164,55.50302505493164,8211900
2016-02-24,55.18524905725447,55.76227524018792,54.59986479935814,55.687007904052734,11118600
2016-02-25,55.93789829180664,56.41457021954435,55.661928654639865,56.38111877441406,9496400
2016-02-26,56.64034520327972,56.86613440022418,56.230569935175076,56.2807502746582,10365700
2016-02-29,56.11350388050925,56.25566771254676,55.36086244588466,55.385955810546875,11091700
2016-03-01,55.69539181031657,56.59019742000905,55.327438596938926,56.5734748840332,14549100
2016-03-02,56.439666795962964,56.68218502919696,56.32258990822405,56.665462493896484,10923700
2016-03-03,56.5232685488013,56.57344889410014,55.988058320481045,56.50654602050781,10815000
2016-03-04,56.506567820694784,56.73235713091673,56.113521261964294,56.37276840209961,9855700
2016-03-07,56.00480272281196,57.01668504005052,55.99643826624658,56.8243408203125,11082400
2016-03-08,56.48983644680476,56.67380982105976,56.05497404893853,56.13024139404297,8204200
2016-03-09,56.28075208792602,56.47308985814801,55.84588982617354,56.23057174682617,13032500
2016-03-10,56.506537105805826,56.89121899795895,55.82916316312405,56.26401901245117,11287700
2016-03-11,56.62363404708473,57.367911117280975,56.581824527985546,57.35954666137695,10618300
2016-03-14,57.150464707609956,57.34280886092354,56.974849461649946,57.11701965332031,6140900
2016-03-15,56.74069494991544,56.85777177880065,56.063320957049775,56.23057174682617,15226500
2016-03-16,56.12186585297178,56.42292241350505,55.653558483346416,56.096778869628906,16881300
2016-03-17,56.04659908700702,56.05496354160865,54.90928208935348,55.44449234008789,20920400
2016-03-18,55.54269805537914,56.298039741247386,55.441983696230054,56.09661102294922,19524800
2016-03-21,56.14695245646886,56.541408892812775,56.05463259251187,56.423912048339844,12183600
2016-03-22,56.23928561128193,57.16247806592928,56.23928561128193,56.98623275756836,13200200
2016-03-23,56.944278249109516,57.04499261824294,56.533039113907414,56.58339309692383,9105100
2016-03-24,56.33159397185553,56.76800992187479,56.12177725676786,56.55819320678711,8492800
2016-03-28,56.709277622218494,56.76802606302338,56.314821061200085,56.398746490478516,7156300
2016-03-29,56.298022347549015,57.103717762516155,56.104988152927625,57.05336380004883,10455600
2016-03-30,57.33872342097724,57.489791742995216,56.961055817481956,57.061763763427734,7607700
2016-03-31,56.97784082493346,57.31354893328754,56.86034394747447,56.885520935058594,8602700
2016-04-01,56.650528169993805,57.741577940433565,56.54142575418971,57.531761169433594,9120200
2016-04-04,57.666024802801736,58.4297607138636,57.657630341389535,58.21994400024414,17381200
2016-04-05,57.54013436863635,57.80869951002761,57.33031765182761,57.464603424072266,16555000
2016-04-06,57.48138840472196,59.03403089495265,57.48138840472196,59.008853912353516,24546600
2016-04-07,58.58922821324154,58.98368473441768,58.06049229940284,58.36262893676758,19216700
2016-04-08,58.72349942760335,58.74867640728228,57.85905564210609,58.20315170288086,12883800
2016-04-11,58.17799152581413,58.34584237421642,57.63246666385755,57.758358001708984,8695500
2016-04-12,57.749950664815614,58.35422382931915,57.741562606434954,58.22833251953125,13510500
2016-04-13,58.496905109902734,58.80743619318649,58.18638042971779,58.77386474609375,9706200
2016-04-14,58.75708773761107,59.000475949547855,58.589230486396346,58.80744171142578,6655200
2016-04-15,58.95010452289203,58.95010452289203,58.37101472327055,58.765464782714844,7945300
2016-04-18,58.59760626877371,59.37812462956897,58.505286410812104,59.31098175048828,11505400
2016-04-19,59.41171058544068,59.83973854029037,59.19349937666059,59.52081298828125,6655000
2016-04-20,59.53760791084912,60.12509229778098,59.48724753261239,59.839744567871094,10763400
2016-04-21,59.87330466683731,60.32650961490888,59.79777371037491,60.192230224609375,12463100
2016-04-22,60.22579536186251,60.51953750026664,59.957230206307536,60.318115234375,12052800
2016-04-25,60.09153197731798,60.276171791154134,59.8901096363607,60.08313751220703,8937500
2016-04-26,60.2006088001047,60.2006088001047,59.6802610926573,59.85650634765625,7433500
2016-04-27,59.89851085750314,60.04118476497772,59.53762565423706,59.78940200805664,9121200
2016-04-28,59.44527988965537,60.08311816447601,59.17671472049438,59.5040283203125,19512000
2016-04-29,58.966901431731415,59.08439829991959,58.21995431120694,58.572444915771484,13577900
2016-05-02,58.68155165531901,58.93333433609,58.438163438066944,58.90815734863281,9074800
2016-05-03,58.69832613153405,59.084388118066066,58.496897475266756,58.72350311279297,9436800
2016-05-04,58.35422163271336,58.454935957372136,58.0017311010543,58.16119384765625,11802000
2016-05-05,58.169577861767195,58.48850333279937,58.043692968567456,58.404571533203125,10145200
2016-05-06,58.19476904108668,58.36262627814235,57.582107734355375,58.060489654541016,14164300
2016-05-09,58.06048152621691,58.90814284615567,58.035304544957995,58.72350311279297,13606600
2016-05-10,58.958506799525104,59.227071983626736,58.79904402039946,59.21867752075195,11073000
2016-05-11,59.126354367801675,59.27742267569606,58.49690415209151,58.50529861450195,8452500
2016-05-12,58.631181223201665,58.8074264890312,57.82548583522476,58.16119384765625,11322900
2016-05-13,58.09407467320271,58.4717423393812,57.976577781364945,58.02693176269531,11947300
2016-05-16,58.03531546404275,58.941725378488606,58.0101384780469,58.815834045410156,8338100
2016-05-17,58.70671050575234,58.85777878692354,57.99333500142628,58.20315170288086,14920000
2016-05-18,58.11085558061754,58.740305942115434,58.05210713633508,58.446563720703125,11515200
2016-05-19,58.110849514935154,58.37941471835041,57.5821135715831,57.951393127441406,8765700
2016-05-20,58.1695922115231,58.68994004313588,58.14441522667229,58.48851776123047,7925700
2016-05-23,58.40458286672972,58.5136916661387,58.20316059542643,58.25352096557617,5061400
2016-05-24,58.54726768066656,59.18510599008442,58.471730321096594,59.09279251098633,11936400
2016-05-25,59.25223849321866,59.579552053375885,59.24384403182804,59.46205520629883,8949200
2016-05-26,59.48724150668749,59.587955849859206,59.277424760737276,59.470458984375,5257700
2016-05-27,59.42847884241965,59.873289212818115,59.42847884241965,59.739009857177734,9641300
2016-05-31,59.923653067132946,60.024360988959636,59.62151649545733,59.88168716430664,7669800
2016-06-01,59.69706354547589,60.23419395048336,59.646709570975034,60.09991455078125,9301700
2016-06-02,60.04956164891867,60.872039794921875,59.97402428271859,60.872039794921875,12473100
2016-06-03,60.68739485787934,60.88882354856495,60.183835937363455,60.67061233520508,13896000
2016-06-06,60.679005655091316,61.107027207762755,60.52793734147229,60.9979248046875,9117600
2016-06-07,60.746147081654335,60.80489551932801,60.46919382010673,60.620262145996094,6439100
2016-06-08,60.56990478581122,60.939184357068974,60.43562538005372,60.830081939697266,4621300
2016-06-09,60.69578341321836,61.1238113353913,60.55310957352687,60.72935485839844,9608500
2016-06-10,60.376858552385954,60.410429994376486,59.96561319032532,60.24257278442383,10270900
2016-06-13,60.024372838128485,60.47757778510727,59.747419595335096,59.76420211791992,8538400
2016-06-14,59.621512674324315,59.881683326499335,59.36973007969874,59.85650634765625,8000500
2016-06-15,60.01599149000801,60.14188283431935,59.394929232232016,59.445289611816406,7861100
2016-06-16,59.26902834230182,59.75579825790099,58.97527981692032,59.65509033203125,9341200
2016-06-17,59.74357702172976,59.76885536225034,58.81666810567774,59.03575134277344,10799100
2016-06-20,59.54133576901748,59.827832161112035,59.3306743881685,59.40650939941406,7983700
2016-06-21,59.60874713561649,59.66773206966162,59.06945447323939,59.204280853271484,7014900
2016-06-22,59.20429141692985,60.03850889837973,59.15372830095816,59.37281799316406,11207600
2016-06-23,59.895239552151644,60.1564575818963,59.617165013399536,60.14802932739258,7626900
2016-06-24,58.437477045686755,59.32225758764878,58.18468719718074,58.403770446777344,22576500
2016-06-27,58.00772964164333,58.209969247985484,57.3757453367969,57.620113372802734,18241500
2016-06-28,58.02457062238343,58.79137469729384,58.01614236715637,58.74081802368164,13652400
2016-06-29,59.153731208334044,60.03008359135315,59.153731208334044,59.86155700683594,8968400
2016-06-30,59.97950064511464,60.45980827249377,59.68457603687733,60.42610168457031,9535200
2016-07-01,60.560948900072496,60.9485651514181,60.367137559961435,60.80531692504883,6793100
2016-07-05,60.44297990400907,60.99069447509916,60.44297990400907,60.7463264465332,8359800
2016-07-06,60.65361607534255,61.55524635686365,60.58620290335291,61.42884826660156,18791500
2016-07-07,61.799625234024155,61.808053490111526,61.05809942022882,61.33617401123047,8022400
2016-07-08,61.63953308955086,62.111412615497215,61.310901786998734,62.09456253051758,11013200
2016-07-11,62.27994144026779,62.44003973792369,61.86704045383052,61.926025390625,7375100
2016-07-12,62.06087782471039,62.322096021740364,62.01031469418172,62.22940444946289,10237200
2016-07-13,62.42320271576135,62.50746601040277,62.14512805745507,62.2041130065918,6401900
2016-07-14,62.61699164588517,62.91192274506285,62.24623195845218,62.4737434387207,4813200
2016-07-15,62.70968750466632,62.88664231906514,62.34734961931366,62.42319107055664,7131300
2016-07-18,62.44003518419231,62.56643330492685,62.220945536844134,62.448463439941406,3954300
2016-07-19,62.5242905152383,62.67596695508361,62.12825254957939,62.313629150390625,6634700
2016-07-20,62.60014879981068,62.98776504400091,62.51588551696523,62.87822341918945,6855000
2016-07-21,62.87821057587572,63.18998530160939,62.81922564704434,63.0635871887207,9230800
2016-07-22,63.05516723936439,63.26582862415803,62.86978419212594,63.18998718261719,5446500
2016-07-25,63.20683711190722,63.257393781753194,62.734951287471254,63.12257385253906,5868400
2016-07-26,62.87822248517638,63.10573398836723,62.76025260516982,63.01304244995117,6904200
2016-07-27,62.88665185903627,63.40066629597532,62.76868196487423,63.29955291748047,7983100
2016-07-28,63.198431394515005,63.40066457489193,62.928785011053485,63.24056625366211,5470100
2016-07-29,63.12260460500369,63.48493615392225,62.970928092696454,63.366966247558594,4889200
2016-08-01,63.425931741877605,64.04106586109079,63.425931741877605,63.771419525146484,9255100
2016-08-02,63.821982351539894,63.821982351539894,63.13944140425411,63.52705764770508,12149300
2016-08-03,63.48491761176947,63.527052464111975,63.22369952809834,63.35009765625,9761200
2016-08-04,63.39221159381879,63.49332491987946,63.17312200589778,63.25738525390625,8415500
2016-08-05,63.53548627396569,63.53548627396569,63.05517848810657,63.409088134765625,8244400
2016-08-08,63.35853280622595,63.35853280622595,62.65070706888712,62.86979675292969,6655500
2016-08-09,63.20685601428279,63.24056261388513,62.84451810465333,63.0214729309082,11261100
2016-08-10,62.996181690438355,62.996181690438355,62.642265681513685,62.81079864501953,7031600
2016-08-11,62.979345375318594,63.24056994530107,62.86137547747254,63.17315673828125,6599800
2016-08-12,63.05517730518621,63.08045564677672,62.785530946760325,63.01304244995117,6211900
2016-08-15,63.01302582937332,63.26582203635239,63.01302582937332,63.12257385253906,4122500
2016-08-16,63.02988065435604,63.038302479855595,62.5579948425293,62.5579948425293,6042300
2016-08-17,62.42317300400965,62.7349476886743,62.29677490777095,62.684391021728516,7296300
2016-08-18,62.675983495258386,62.84451648893713,62.51588518735903,62.70969009399414,4180100
2016-08-19,62.58329245615213,62.70126876710835,62.38948754796803,62.65913391113281,4323500
2016-08-22,62.684406487919574,63.02146601809441,62.61699329610944,62.785526275634766,4090200
2016-08-23,63.00459594064878,63.19840721815587,62.81079109201612,62.84449768066406,8557900
2016-08-24,62.819254577579905,62.95407457890892,61.706962243883815,61.858638763427734,8670400
2016-08-25,61.69008362039126,61.94287987200653,61.06652767631619,61.33617401123047,8766500
2016-08-26,61.40359409908183,61.89232371615642,61.201354503523596,61.572120666503906,9974300
2016-08-29,61.59739165552978,61.85861616138966,61.44571519140574,61.706939697265625,7372100
2016-08-30,61.782765599999294,61.782765599999294,61.3445927843272,61.49626922607422,5497900
2016-08-31,61.411999725283174,61.48784116082784,61.0749466793617,61.31088638305664,4756800
2016-09-01,61.3109035394339,61.38673856732441,60.87272417092244,61.15079879760742,9501400
2016-09-02,61.27717416000371,61.403572255042945,61.049656303158244,61.21818923950195,8052300
2016-09-06,61.31932912946694,61.57212542902997,61.22664401042924,61.43730545043945,8735800
2016-09-07,61.38674233320067,61.656388719258665,61.26034418341915,61.43730545043945,7561600
2016-09-08,61.24348599435926,61.53841068557938,61.18450105611524,61.48785400390625,4822200
2016-09-09,61.142349825447404,61.142349825447404,60.24071948014269,60.25757598876953,14135500
2016-09-12,59.920536834885574,61.3109035394339,59.90368032054775,61.15079879760742,13023400
2016-09-13,60.77162213824862,60.77162213824862,60.013239573473236,60.33344268798828,12194200
2016-09-14,60.308164340642065,60.72948727341974,60.0890746155119,60.33344268798828,13108500
2016-09-15,60.22388407687244,61.12551464190335,60.08063586300676,60.95698165893555,9613600
2016-09-16,60.896920866477345,61.08302167666266,60.76157892964851,60.99843215942383,8691000
2016-09-19,61.15069741835719,61.27758492430745,60.70236715726405,60.77849578857422,9919700
2016-09-20,61.040738517666924,61.19299579732152,60.939227210796496,60.964603424072266,5286600
2016-09-21,61.16760784959068,61.692073153822896,60.795412703336126,61.573646545410156,8485900
2016-09-22,61.827417636170296,62.14886683264881,61.79358699274072,62.03889465332031,6501900
2016-09-23,61.94584493081021,62.09810862712017,61.835872761729476,61.84433364868164,5420400
2016-09-26,61.61594991289361,61.66670879322701,60.981518765748824,61.125328063964844,5534100
2016-09-27,61.0492037201903,61.565208327030064,60.91386174092676,61.55674743652344,7839000
2016-09-28,61.61594134054646,61.62440222838613,61.142234881788546,61.46368408203125,6522600
2016-09-29,61.38753764379147,61.46367271273239,60.203265262192076,60.38090515136719,8857900
2016-09-30,60.507803924165536,61.16761119390149,60.47396682651671,60.99843215942383,7453500
2016-10-03,60.72774351307943,60.94768142700195,60.4739685005714,60.94768142700195,9187900
2016-10-04,60.87999893507614,61.13376745924216,60.52471912898425,60.829246520996094,10594600
2016-10-05,60.98996218770958,61.201439176192466,60.89691179647588,61.066097259521484,12842100
2016-10-06,60.86307991302135,60.92229321671389,60.47396299536094,60.837703704833984,9308900
2016-10-07,60.778499823082946,61.08302727607159,60.44013526934366,60.7954216003418,9920400
2016-10-10,60.90537923058927,61.26065906053048,60.90537923058927,61.07455825805664,11039500
2016-10-11,60.77848958811534,60.77848958811534,59.28123524119482,59.54346466064453,12499700
2016-10-12,59.57730869892278,59.8141619381278,59.2051070637339,59.264320373535156,11746400
2016-10-13,58.91751193587667,59.50964513974763,58.72295019530884,59.28970718383789,13623100
2016-10-14,59.42502470895811,59.58574926092009,58.87518333193015,58.89210510253906,8382400
2016-10-17,58.79907064653557,58.91749725780623,58.57067185782338,58.69755935668945,8463000
2016-10-18,59.23894884242816,59.52656097973098,59.095146000660364,59.39967346191406,5495800
2016-10-19,59.47581133884225,59.52657022611385,59.162829393880614,59.179744720458984,5296700
2016-10-20,59.255865240358766,59.644982193573746,59.145893056477,59.45888137817383,6876000
2016-10-21,59.154351081049434,59.154351081049434,58.815986565225955,58.9682502746582,5511600
2016-10-24,59.230471474459776,59.28968477246437,58.8582763671875,58.8582763671875,7384700
2016-10-25,58.79060582651319,58.96824573153709,58.612965921489305,58.68909454345703,7922100
2016-10-26,58.596042118564554,58.6890925113694,58.09695951512547,58.33381271362305,8073700
2016-10-27,58.78214735862361,59.01054614145811,58.45224374232144,58.60450744628906,6974700
2016-10-28,57.902408289761595,58.06313289792593,57.081882833714154,57.33565139770508,18469300
2016-10-31,57.31873025792274,57.327184691561015,56.954989544726736,56.98036575317383,12689000
2016-11-01,57.01421065090455,57.174928810984355,56.23597670112408,56.675846099853516,14908700
2016-11-02,56.565876815068336,57.00574618620346,56.37977600097656,56.37977600097656,17942900
2016-11-03,56.56587455144544,56.80272777671429,55.79609511555532,55.84684753417969,22074200
2016-11-04,55.99912126612224,56.701226633659864,55.93990794920747,56.23598098754883,21382600
2016-11-07,56.84502977963616,57.82628641225002,56.8111991301652,57.67402267456055,17367800
2016-11-08,57.30180966689821,58.22385280004309,57.2256810399842,57.83473587036133,15943900
2016-11-09,57.83472501242924,60.54162769061367,57.83472501242924,59.87335968017578,49750100
2016-11-10,60.85463327309767,60.9730598956496,60.11022998418053,60.53318405151367,28378900
2016-11-11,60.36400947155919,60.36400947155919,59.3658375406618,59.62806701660156,15866100
2016-11-14,59.890292252052774,59.95795999088598,59.32352895624036,59.44195556640625,17406200
2016-11-15,59.670362147045815,59.670362147045815,59.06130724162954,59.611148834228516,10371600
2016-11-16,59.458868298607236,59.74647389276482,59.28122841037486,59.357357025146484,7585000
2016-11-17,59.37428396208596,59.61113716699771,59.23047469873315,59.594215393066406,12856200
2016-11-18,59.64499463027922,59.805712814918124,58.92597388302771,58.95980453491211,12185000
2016-11-21,59.086671326187094,59.230474134404,59.01899713863829,59.171260833740234,6791800
2016-11-22,59.14590389884178,59.14590389884178,57.91933950524549,58.316917419433594,14522100
2016-11-23,57.34410408963938,58.553752787688495,57.34410408963938,58.545291900634766,13676000
2016-11-25,58.714472158736314,58.82443786560586,58.545286701515515,58.773685455322266,4009300
2016-11-28,58.663716304925465,58.67217719166199,58.24076232081819,58.33381271362305,6507200
2016-11-29,58.46915584641859,58.88364890664304,58.46069496044032,58.71446990966797,7093900
2016-11-30,58.75678301461041,58.77370479278267,58.13081275135279,58.15618896484375,8640700
2016-12-01,58.223847319882864,58.367650126362896,57.564040133665614,57.733219146728516,11360700
2016-12-02,57.834723701584615,58.09695307746879,57.64016205079755,57.868560791015625,7964500
2016-12-05,58.10543533526408,58.19002486307237,57.58096993682508,57.76707077026367,5832100
2016-12-06,57.936226953778736,57.944687839349555,57.59786252235806,57.927772521972656,5490800
2016-12-07,57.47100129675941,57.47100129675941,56.65046936550189,57.42870330810547,12758900
2016-12-08,57.25105632141652,57.59787526134965,56.921152702601475,57.53866195678711,7586600
2016-12-09,57.7416971228282,58.3507520761365,57.7416971228282,58.240779876708984,12100200
2016-12-12,58.24076534153083,58.60450604487947,58.13079962331509,58.51991653442383,15018100
2016-12-13,58.73138481717016,59.07820369467337,58.56220582137811,58.993614196777344,11041400
2016-12-14,58.98516750559604,59.2981493342623,58.48607843111056,58.68909454345703,11682200
2016-12-15,58.9259489416721,59.12896503588867,58.71447196118162,59.06975173950195,8210100
2016-12-16,59.20144237051348,59.36287202803221,58.94655411991313,59.11648178100586,8257100
2016-12-19,59.1589884475351,59.422374833551004,58.793651895908546,58.870121002197266,9318300
2016-12-20,58.895588720847265,59.03153087201445,58.691681976175026,58.82761764526367,4885000
2016-12-21,58.86160567017466,58.88709320407582,58.3943190904696,58.49626922607422,5432300
2016-12-22,58.41980696109373,58.58972817613336,58.18191466720669,58.57273864746094,4458400
2016-12-23,58.589732078007756,59.04852716766358,58.589732078007756,59.01454162597656,4188700
2016-12-27,59.09102588375205,59.473351982234036,59.074029867506084,59.13350296020508,5141200
2016-12-28,59.192955694065084,59.26092677150908,58.6746875721924,58.68318557739258,4558800
2016-12-29,58.71717753573012,58.97206586297296,58.691689999421726,58.78514862060547,5539200
2016-12-30,58.7936349305967,58.85310800406846,58.38582142167002,58.57273864746094,6649000
2017-01-03,58.887086272140145,59.35437927891629,58.81062367943753,59.33738327026367,11792900
2017-01-04,59.430864396980894,59.96612867708615,59.430864396980894,59.8046989440918,9174500
2017-01-05,59.753692508498276,60.127520377370494,59.70271097204702,60.110530853271484,5979300
2017-01-06,60.12754010637843,60.45039950889003,59.91513533402259,60.28047180175781,5769300
2017-01-09,60.28045872051693,60.637303587017385,60.17001059640836,60.53534698486328,5751900
2017-01-10,60.637316439882845,61.09611152370714,60.50137427486267,60.747764587402344,10320500
2017-01-11,60.82423299896425,61.0366377905216,59.51582518720122,60.136043548583984,23742000
2017-01-12,59.838676196409224,60.229500222351774,59.69424249853299,60.19551467895508,9358900
2017-01-13,60.24647902867282,60.458883752679576,60.11053689391118,60.25497055053711,5279000
2017-01-17,59.8811321063447,60.05105326281664,59.456322733088236,59.9490966796875,6038200
2017-01-18,60.06807801631548,60.204020206886135,59.7537230442616,59.8726692199707,6174200
2017-01-19,59.85568158693833,59.991623796545504,59.396892834717434,59.4903450012207,6470700
2017-01-20,59.49031493774696,59.78768675046526,59.286408208461935,59.33738327026367,7006900
2017-01-23,59.260924623340486,59.42235430589857,58.87010066532271,59.09100341796875,10003700
2017-01-24,59.031532487734,59.074009549577454,58.411307749695325,58.68318557739258,8703500
2017-01-25,58.73415692404126,59.2609230177472,58.70017138747201,59.235435485839844,6553800
2017-01-26,59.107996568640026,59.20995318735949,58.76814765498738,58.77664566040039,6612500
2017-01-27,58.912601144960995,59.303431740422866,58.89561161050142,59.260948181152344,7264900
2017-01-30,59.11648336738132,59.235429492299374,58.725659459496605,58.972049713134766,7281900
2017-01-31,58.65769435724622,59.91512680053711,58.615210815994125,59.91512680053711,14342500
2017-02-01,59.91513863813866,60.43340682983399,59.79619247762624,60.433406829833984,19490500
2017-02-02,60.13603270880247,60.45039407719108,59.94911548879187,60.41640853881836,14539400
2017-02-03,60.611815607261406,60.73925975211835,60.322948262192234,60.679786682128906,15104800
2017-02-06,60.56934535737276,60.74776458740234,60.45039920401971,60.747764587402344,11561600
2017-02-07,60.79025000236075,61.028142316376446,60.603332760754306,60.8072395324707,11278000
2017-02-08,60.484377546498045,60.781742894488616,60.31444986044741,60.71377182006836,6812900
2017-02-09,60.705261157418626,61.11308103682603,60.65428610327161,60.934661865234375,7869200
2017-02-10,61.02813566603569,61.189558871767545,60.8837019885624,61.05362319946289,4440300
2017-02-13,61.11310972125157,61.46145022488392,61.11310972125157,61.42747116088867,6465200
2017-02-14,61.35949704062636,61.91175079345703,61.31701348960869,61.91175079345703,10403000
2017-02-15,61.77577084380835,62.701858536693905,61.71629779799558,62.58291244506836,10091700
2017-02-16,62.59993483483741,62.65940791187738,62.07316866528395,62.49797821044922,11332600
2017-02-17,62.26005321173402,62.616891486610655,62.26005321173402,62.58291244506836,12118400
2017-02-21,62.574433010136,63.067213525698314,62.574433010136,62.86330032348633,10651800
2017-02-22,62.78685914234704,62.990765932006376,62.71888805176727,62.76986312866211,6634300
2017-02-23,62.8378251481091,63.33910376617142,62.761362543804815,63.2286491394043,8685600
2017-02-24,63.12668289099561,63.56848183908406,63.10118888065431,63.53449630737305,9103000
2017-02-27,63.576971371664854,63.87433663191918,63.44102926293344,63.84035110473633,8178200
2017-02-28,63.66196513975177,63.91685348547497,63.52602296014476,63.71294021606445,10258600
2017-03-01,64.09526921237513,64.5115807709039,63.90835196672724,64.35015106201172,15196600
2017-03-02,64.24819685703773,64.47759115542993,64.13774222863331,64.146240234375,7889300
2017-03-03,64.05276096784918,64.45208284194418,64.02727344092007,64.40110778808594,6635300
2017-03-06,64.30767872313574,64.3586538003952,63.925346197449734,64.15474700927734,5886900
2017-03-07,63.627979603391985,64.02730165344133,63.50053543051328,63.70444869995117,12330600
2017-03-08,63.69595923609716,64.18024197232425,63.6534756787464,63.9593391418457,8130000
2017-03-09,63.95080289014186,64.39260828689079,63.90832584027397,64.30764770507812,8451400
2017-03-10,64.57954179303769,64.64750638643494,64.31615549608868,64.5540542602539,10455800
2017-03-13,64.61351398255648,64.61351398255648,64.24817762994556,64.50305938720703,6898500
2017-03-14,64.32466320400452,64.53706798534732,64.19721903878295,64.26519012451172,7296300
2017-03-15,64.35864969572071,65.20826883361802,64.35864969572071,65.07232666015625,11044900
2017-03-16,64.91091195444409,64.91091195444409,64.19722841422373,64.44361877441406,12129400
2017-03-17,64.28497668374428,64.40435402254452,64.05475081765154,64.08885955810547,10401000
2017-03-20,64.10593141838453,64.19972885858874,63.86717666352985,63.99508285522461,4728300
2017-03-21,64.06330380379332,64.28500747013027,61.675749378800596,63.49199676513672,16650400
2017-03-22,63.58578445902629,63.67105308511879,63.19354357453749,63.5090446472168,9954300
2017-03-23,63.43226259481711,63.75628579365951,63.19350797403055,63.31288528442383,13250500
2017-03-24,63.347049713134766,63.62844212314452,63.082714937079,63.347049713134766,9229500
2017-03-27,62.895099858106846,63.62842174936973,62.775722480978395,63.5175666809082,6946300
2017-03-28,63.38967121046851,63.64548363648247,63.193553988694006,63.56021499633789,7392300
2017-03-29,63.585776432835345,63.73073372945309,63.43229032301115,63.577247619628906,4357800
2017-03-30,63.5005162854093,63.7136911049491,63.32997252642993,63.585784912109375,7137400
2017-03-31,63.43229532912616,63.57725263718403,63.338497893187814,63.406715393066406,5895400
2017-04-03,63.474931925594824,63.77337535104185,63.21059074398852,63.4578742980957,12354800
2017-04-04,63.440839980650225,63.509057497558935,63.244716245932814,63.42378234863281,5228600
2017-04-05,63.509041998109666,63.884225238382726,63.18501212466339,63.2276496887207,6470100
2017-04-06,63.2447301993948,63.457905107581176,63.05713523929768,63.33852767944336,5253300
2017-04-07,63.381150007653815,63.61137599062433,63.21060621880496,63.44936752319336,5638200
2017-04-10,63.43232813379165,63.64550305197366,63.27031311418702,63.33000183105469,4530000
2017-04-11,63.22766551774277,63.38967398944578,62.89511325269381,63.24471664428711,5472600
2017-04-12,63.17649912694873,63.34704292029468,62.988910712638955,63.24471664428711,3782200
2017-04-13,63.167959813557935,63.381134618674764,63.08269119262695,63.08269119262695,6671100
2017-04-17,63.0059131989624,63.3299363978048,62.954753353244,63.31288528442383,6149900
2017-04-18,62.9633203428617,62.9633203428617,62.38349099834094,62.62224578857422,7519500
2017-04-19,62.82687701868146,62.98889194769933,62.69897083817148,62.8098258972168,5023100
2017-04-20,62.93773474518324,63.32997565182444,62.647820098979565,63.20207595825195,7307300
2017-04-21,63.09121992687173,63.15090861816079,62.681927902483736,62.82688522338867,6763000
2017-04-24,63.4323098915183,63.6028471747868,63.36409237597876,63.44936752319336,5450000
2017-04-25,63.70517137278687,63.90129509717889,63.52610527951423,63.72222900390625,9035700
2017-04-26,63.95243812666582,64.32762784546068,63.901278257949585,64.07181549072266,6240400
2017-04-27,64.08887458633191,64.50669537010774,63.96096840603115,64.208251953125,6962800
2017-04-28,64.25942966792677,64.41291582579524,64.15710339415433,64.3788070678711,5781100
2017-05-01,64.4896415547077,64.65165649303636,64.37879299487065,64.52375030517578,7182000
2017-05-02,64.58345005930762,64.71988508455985,64.20826675102413,64.70282745361328,5243800
2017-05-03,64.50669120185268,64.55785106843572,64.24235004482452,64.38731384277344,8094100
2017-05-04,64.60904522882542,64.8136978149414,64.5152542588326,64.8136978149414,4275400
2017-05-05,64.95862996796222,64.97568109072868,64.51522921466453,64.7795639038086,5720100
2017-05-08,64.72841695740831,64.77957684150434,64.28500960997478,64.3788070678711,6558500
2017-05-09,64.41288957903409,64.57490448676135,64.336143278582,64.45552062988281,3830200
2017-05-10,64.35321295918675,64.36174177318536,64.00360314661219,64.2679443359375,4314900
2017-05-11,64.16562796560954,64.3276429286372,63.97803306222594,64.30206298828125,6791600
2017-05-12,64.27649944068236,64.37029692578928,64.14859969333862,64.19123077392578,2638000
2017-05-15,64.22530437536173,64.64312516759996,64.16561569075627,64.60901641845703,7320800
2017-05-16,64.5408291200436,64.60051782656204,64.18269037535187,64.36176300048828,5471700
2017-05-17,63.84159656646756,64.02066263216024,63.5175666809082,63.5175666809082,11434000
2017-05-18,63.4834377800465,64.16559958047507,63.4834377800465,63.7989387512207,10690500
2017-05-19,63.9097945959924,64.18265804628872,63.824525987570645,63.97801208496094,9209800
2017-05-22,63.91835756598181,64.22532992480605,63.7819290207162,64.14859008789062,4999100
2017-05-23,64.23385677063989,64.49819154156711,64.18269037535187,64.36176300048828,4216100
2017-05-24,64.39584411731522,64.57491668366738,64.24235799299832,64.52375030517578,5186400
2017-05-25,64.66870406470775,64.95862517497822,64.51522445439694,64.83071899414062,4479400
2017-05-26,64.77958226765617,64.96717719916235,64.64314722453133,64.71136474609375,4507400
2017-05-30,64.50671275716861,64.77957631275422,64.50671275716861,64.61756134033203,4651200
2017-05-31,64.74544587882681,65.01830934305981,64.68575719932517,64.87335205078125,5884400
2017-06-01,64.98422950842404,65.64081178063486,64.91601198562115,65.58964538574219,9149900
2017-06-02,65.77722879913419,66.1012522173204,65.71754010353199,66.01598358154297,4833000
2017-06-05,66.01598694041165,66.08420445473644,65.67490587436794,65.8283920288086,5558900
2017-06-06,65.7004753254873,65.90512130994193,65.5555115186525,65.66636657714844,4316500
2017-06-07,65.7516462782383,65.91366123376234,65.6322688917194,65.84544372558594,4415700
2017-06-08,65.80280950591997,65.96482446969051,65.48731489930991,65.65785217285156,6304400
2017-06-09,65.7431023587598,66.3058869135452,65.65783374591969,66.10123443603516,13419000
2017-06-12,66.05009233696993,66.2888471193787,65.70048897860846,66.01598358154297,7700600
2017-06-13,66.07568133671161,66.23769632080837,65.92219516903594,66.15242767333984,5592500
2017-06-14,66.26325714122628,66.65549801084727,66.23767720492604,66.46790313720703,6782300
2017-06-15,66.21209385672961,66.45084859066733,66.03302780627632,66.39968872070312,8186000
2017-06-16,66.48359582657237,66.64624761250185,66.15827919188675,66.50927734375,14165200
2017-06-19,66.60344820263926,67.26263110136694,66.56920400211382,67.20270538330078,8294400
2017-06-20,67.19414623589437,67.79340997950096,67.16846471700235,67.42529296875,7697200
2017-06-21,67.56224940222917,68.30704595454749,67.51944905665076,68.28136444091797,9481200
2017-06-22,68.39264060377853,69.41138399987952,68.36695909487031,68.99189758300781,12341100
2017-06-23,68.90634003254443,69.0347542010366,68.63239285442191,68.88922119140625,8779600
2017-06-26,69.08607065315984,69.08607065315984,68.71795376855441,68.82068634033203,7434400
2017-06-27,68.82070128693485,68.90630851630277,68.17863726955599,68.19576263427734,8428000
2017-06-28,68.41835155413861,68.72654285647911,68.3841073503881,68.55532836914062,8674200
2017-06-29,68.47826057969144,68.53818628878867,67.51088655243272,67.93036651611328,8445800
2017-06-30,68.19577302660244,68.19577302660244,67.83621215820312,67.83621215820312,7817400
2017-07-03,68.06734232441778,68.27280096246862,67.9474909079371,67.95604705810547,5904200
2017-07-05,68.05023763865027,68.44403620266046,67.81053473285401,68.35842895507812,8955500
2017-07-06,68.06735509580186,68.19576921795743,67.38248413191452,67.47665405273438,6367700
2017-07-07,67.71635918944105,67.89613635389013,67.5451447084649,67.819091796875,4371400
2017-07-10,67.84474652453433,67.87042803339796,67.51943652657646,67.6906509399414,3580000
2017-07-11,67.64786987275119,67.79340936417454,67.2711967133976,67.61363220214844,4117500
2017-07-12,67.94749726752396,68.29848886823657,67.93037190275966,68.0759048461914,8808200
2017-07-13,68.1358413696289,68.34986274324591,67.67356095026051,68.1358413696289,9437700
2017-07-14,68.28137422105041,68.74366112683377,68.14439742019015,68.5981216430664,5750000
2017-07-17,68.68373282229278,68.73509585497408,68.33273468186894,68.349853515625,5743700
2017-07-18,68.26424543500656,68.46971062600258,67.93893534638241,68.4012222290039,8042700
2017-07-19,68.69228884023259,68.95767974853516,68.69228884023259,68.95767974853516,8177900
2017-07-20,69.12032743395916,69.52268858244686,69.0090386928209,69.4113998413086,8276800
2017-07-21,69.26586872189206,69.43708317912498,69.21449915959188,69.3343505859375,4043600
2017-07-24,69.27444872261013,69.37718135116646,69.00906426310851,69.3086929321289,4476800
2017-07-25,69.47133852999367,69.52270156912695,68.709422969585,68.81214904785156,8486000
2017-07-26,68.65807638380866,68.7265648131903,68.39269188422496,68.5810317993164,4964100
2017-07-27,68.64948349738194,68.64948349738194,67.82764237878162,68.11014556884766,12536800
2017-07-28,68.13582938444353,68.53819054109385,67.84476350260202,68.45258331298828,6426100
2017-07-31,68.53820264435501,68.67517945864313,68.38410699398787,68.39266967773438,5516800
2017-08-01,68.64093237783018,68.64093237783018,68.15296392735753,68.23857116699219,8678800
2017-08-02,68.23002854775022,68.23002854775022,67.84479259040252,68.0844955444336,7718500
2017-08-03,68.11871155585715,68.33273289498344,67.8961275343702,68.19576263427734,8003600
2017-08-04,68.51250713079907,68.51250713079907,67.95605036638476,68.04166412353516,3930100
2017-08-07,67.97318871208275,68.19577276664072,67.91326298948029,68.18721008300781,4583300
2017-08-08,68.10161491883349,68.22146638529422,67.73349783429975,67.87046813964844,4423300
2017-08-09,67.70777752728672,68.01596873178794,67.58792611791536,67.9474868774414,4886500
2017-08-10,67.7420550817389,67.80198081593677,67.09143469085198,67.09999084472656,7054700
2017-08-11,67.13422678956165,67.62219528836052,67.13422678956165,67.28832244873047,8318600
2017-08-14,67.57938312852345,67.8533301934933,67.57938312852345,67.74203491210938,3955800
2017-08-15,67.8276486766857,67.96461894346402,67.72491607804204,67.74203491210938,4653800
2017-08-16,67.85332197502218,68.05878061601088,67.77627090251865,67.93036651611328,3756900
2017-08-17,67.71636431930315,68.00743679670936,67.05718133305335,67.0828628540039,7133400
2017-08-18,66.83459918966177,67.22839776220589,66.73186657148807,66.77467346191406,8434600
2017-08-21,66.71474830378372,67.15990992350828,66.62057836917408,67.07430267333984,10269000
2017-08-22,67.09143619734199,67.96464070546327,67.04862930134723,67.8875961303711,5455500
2017-08-23,67.65643402959935,67.6735593966874,67.34824273615286,67.3739242553711,5662500
2017-08-24,67.4423943180653,67.66497830977517,67.31398022548606,67.57080841064453,5502800
2017-08-25,67.7163581552395,67.97318640419508,67.53658099353608,67.58794403076172,5476500
2017-08-28,67.77626591304521,68.05877560573998,67.75914708231156,67.9474868774414,7432800
2017-08-29,67.66498753162966,68.14439324242268,67.60506181778054,68.0759048461914,4243500
2017-08-30,67.99885251129788,68.59810958115814,67.98173367990711,68.42689514160156,3667900
2017-08-31,68.5981242733631,69.65967492649372,68.5981242733631,69.5911865234375,6987200
2017-09-01,69.6938904997466,69.83942339790008,69.27440410190057,69.539794921875,6471600
2017-09-05,69.24872839088411,69.65965214340994,68.92341837988428,69.24016571044922,8076900
2017-09-06,69.47987990819387,69.64253165937801,69.17168870507074,69.57404327392578,8791000
2017-09-07,69.56550905401933,70.49863910716968,69.54838368655173,70.34454345703125,7251000
2017-09-08,70.24182057691498,70.78115211125532,70.12196912483935,70.66130065917969,4302600
2017-09-11,70.97805776789077,71.22631683563029,70.82396210398184,71.20919799804688,6286200
2017-09-12,71.22630444749835,71.37184393300971,71.08933417641013,71.36328125,6984800
2017-09-13,71.27765460821895,71.4060686927491,70.9609007372328,71.0978775024414,5873800
2017-09-14,70.90096716170741,71.30332820056066,70.8153599586646,71.1920394897461,6373800
2017-09-15,71.36820543694417,71.36820543694417,70.88703493392661,70.96436309814453,7091300
2017-09-18,71.04171355239819,71.23074673629611,70.83549851335403,70.94719696044922,7783100
2017-09-19,70.98157040185039,71.06749279234138,70.31136657837915,70.3886947631836,7329200
2017-09-20,70.4144482605199,70.53474087975124,69.95046618945965,70.45741271972656,5101800
2017-09-21,70.41446345488117,70.4917981870496,70.06217972410228,70.09654998779297,4527900
2017-09-22,70.00203340150796,70.19106657407798,69.73567205222703,70.09654998779297,6473300
2017-09-25,70.00204008953926,70.3199535870011,69.78723083754262,69.89033508300781,12439300
2017-09-26,70.08794362297837,70.28557096604774,69.75284180445514,69.77861785888672,4579400
2017-09-27,69.95905311482566,69.95905311482566,69.4521065897914,69.75283813476562,5384700
2017-09-28,69.69271088914516,70.04499463663221,69.58960009318275,69.81300354003906,4229000
2017-09-29,69.82156062354291,70.25976652362426,69.6497093883062,70.22540283203125,6902700
2017-10-02,70.43164441736177,70.9471852072963,70.35430969337034,70.93859100341797,8764900
2017-10-03,71.04170224017622,71.14481302100855,70.6464540801709,70.9214096069336,5141700
2017-10-04,71.02453614011688,71.29089752202161,70.95579560431621,71.26512145996094,3291100
2017-10-05,71.26509065938978,71.32523696335575,70.99013519048037,71.31664276123047,7709600
2017-10-06,71.18777481841148,71.49710062234861,71.1104466451558,71.2221450805664,4035900
2017-10-09,71.2135432651009,71.23073167206994,70.66363224030911,70.77533721923828,4558800
2017-10-10,70.8011165186486,70.93859100341797,70.55193704983127,70.93859100341797,4037700
2017-10-11,70.89558808236274,71.15335503594184,70.8783996855192,71.0760269165039,4031600
2017-10-12,71.0502845506272,71.16198296123846,70.9128035325311,70.99872589111328,4731600
2017-10-13,70.76673860366925,70.91280727651655,70.64644598421195,70.81829071044922,5909600
2017-10-16,70.76674583913652,71.04170136250232,70.38009188784163,70.50897216796875,10219700
2017-10-17,70.65504163137459,71.64315866062044,70.65504163137459,71.45413208007812,8437800
2017-10-18,71.63456279671567,71.94388851915176,71.47130573335899,71.5572280883789,6938700
2017-10-19,71.47131033004145,72.01262710139169,71.36819956411269,71.99544525146484,6410400
2017-10-20,72.02123993465065,72.1329383767092,71.82361255436193,72.07279205322266,6343800
2017-10-23,72.1672894694791,72.44224495458319,71.85796372930501,71.892333984375,7159600
2017-10-24,71.90094335488529,71.90953755932973,70.99874199647748,71.41117858886719,7145500
2017-10-25,71.34241468465088,71.51426593993652,71.03308898059181,71.30804443359375,6819100
2017-10-26,70.80110939330892,71.00732437743814,70.16527603489439,70.59489440917969,13466900
2017-10-27,70.34569913899193,70.65502482332144,70.31132889012703,70.57769012451172,6122000
2017-10-30,70.34570622604636,70.38866412486433,69.66690849235123,69.82157135009766,5884000
2017-10-31,69.77862562322169,69.99343484132869,69.57241060936695,69.69270324707031,6548600
2017-11-01,69.81298799132702,70.15668401252944,69.67550696066351,69.86454010009766,7427800
2017-11-02,69.99343112491285,70.01061953250473,69.39196796833177,69.546630859375,10200300
2017-11-03,69.46930022022835,70.16528654856839,69.46930022022835,70.12232208251953,6862700
2017-11-06,70.01064255136423,70.08797074458228,69.85597960946922,69.90753173828125,4853200
2017-11-07,70.02778230070277,70.15666910069076,69.80437895108724,70.05355834960938,4439800
2017-11-08,69.97624215441931,70.29415555250515,69.89031323611452,70.21682739257812,6186200
2017-11-09,70.04495739616914,70.2941367706716,69.79578457712098,70.22540283203125,7086400
2017-11-10,70.05355390334678,70.05355390334678,69.33179835795141,69.77000427246094,4826300
2017-11-13,69.53802123498104,69.97623375500265,69.34039392424023,69.83875274658203,4704000
2017-11-14,69.60677259214697,69.68410075484896,69.23730051872829,69.55521392822266,7430100
2017-11-15,69.29745103572617,69.57240655666826,69.11701208968198,69.35759735107422,4952300
2017-11-16,69.46067152162132,70.16525170436665,69.46067152162132,70.0793228149414,4780500
2017-11-17,69.76143205048292,70.02779333844151,69.69269153892716,69.80438995361328,6129800
2017-11-20,69.79579484147202,69.85594114378655,69.4005402200276,69.51224517822266,4898500
2017-11-21,69.89032445458714,70.28557918695661,69.86454839714068,70.12232208251953,7974500
2017-11-22,70.12232604669661,70.38868739597754,69.98484499193387,70.09654998779297,4853100
2017-11-24,70.19103930916958,70.28555585874072,70.03637646036726,70.25977325439453,1650600
2017-11-27,70.25979996696387,70.44024548871722,70.19965364486524,70.3199462890625,4241400
2017-11-28,70.49177613301286,70.89561841071055,70.30274301958369,70.8354721069336,8290400
2017-11-29,70.89561446947349,71.44552537499375,70.89561446947349,71.18775177001953,8144600
2017-11-30,71.41116376075483,71.93529868025995,71.19635458244802,71.72048950195312,10639600
2017-12-01,71.68613080381002,71.87516396006836,70.60349053507574,71.57443237304688,15315400
2017-12-04,71.98686092770018,72.00404933544174,70.69800567626953,70.69800567626953,9770300
2017-12-05,70.74094716775637,71.093230746576,70.5175438278618,70.57769012451172,13240800
2017-12-06,70.62065835954307,70.85264935749699,70.2082219065133,70.51754760742188,8533000
2017-12-07,70.47459032730615,70.67221765012036,70.25978115511732,70.53473663330078,3979200
2017-12-08,70.74095229731128,71.33382110572059,70.68939364254797,71.32523345947266,8444100
2017-12-11,71.38537611196234,71.66892575457524,71.27367116189706,71.62596130371094,6588600
2017-12-12,71.65175697477765,72.02122906484892,71.65175697477765,71.90953063964844,6068600
2017-12-13,71.90095581886204,72.36494460743612,71.87517975651765,72.15872955322266,8459800
2017-12-14,72.21885518892374,72.31337176074088,71.35961839455442,71.42835235595703,6772100
2017-12-15,71.696662092658,72.24014301993387,71.696662092658,72.21426391601562,8012200
2017-12-18,72.44718116511257,72.63696343383859,72.19700555156845,72.2401351928711,5655400
2017-12-19,72.35227939067283,72.60245497880516,72.11935434097663,72.15386199951172,4777100
2017-12-20,72.30912851701055,72.42127344827377,71.9123003967774,71.92092895507812,4686700
2017-12-21,72.14524161575724,72.18837783923053,71.70528372831532,71.75704193115234,4304200
2017-12-22,71.65349672429164,71.73976914448538,71.35156299859834,71.52410125732422,7023600
2017-12-26,71.46369221480307,71.63623043558574,71.386054951696,71.54133605957031,2504100
2017-12-27,71.59313219706438,71.85193637463861,71.58451021769856,71.66214752197266,4053300
2017-12-28,71.79154987788817,71.89506628397213,71.54137426041251,71.76567077636719,5380600
2017-12-29,71.88642910362697,71.99857404705855,71.2480473533363,71.32569122314453,4877200
2018-01-02,71.59310911139765,72.16247548579958,71.4895927390784,72.12796783447266,6708900
2018-01-03,72.11935429677209,72.86988106070902,71.91231492735128,72.81812286376953,7606500
2018-01-04,73.05103291848356,73.18905695498046,72.74047060928788,72.921630859375,7762500
2018-01-05,73.15457071138606,73.61178570881191,73.01654006524662,73.54277038574219,7579300
2018-01-08,73.4565127852149,73.55140721969374,72.9044033018821,73.27535247802734,5167300
2018-01-09,73.49961875620097,74.29328164180589,73.43061002926052,74.13800048828125,6962900
2018-01-10,73.88781721163625,74.02584123275959,73.45648145042607,74.00859069824219,10835800
2018-01-11,74.13803093844226,74.34507036762353,73.9309849275962,74.32781982421875,4247800
2018-01-12,74.46580474638628,74.9834063379061,74.40541800373667,74.89714050292969,5391700
2018-01-16,75.36299896515229,75.87197210035423,75.14733104379634,75.26810455322266,8920000
2018-01-17,75.61318856813277,76.15666946135367,75.4233997090723,75.99275970458984,7214600
2018-01-18,76.001373576578,76.08763942811485,75.57003773723119,76.01000213623047,7954800
2018-01-19,76.30332260227216,76.32057972502712,75.91512290191656,76.2947006225586,4802400
2018-01-22,76.26881260336407,76.8381725360983,76.1307819641175,76.79503631591797,11152500
2018-01-23,76.78639166644604,76.93304424109978,76.35505591864477,76.42406463623047,7637600
2018-01-24,76.80367291821274,76.93307501064,76.38096555916997,76.64839172363281,8291100
2018-01-25,77.01934805852345,77.38166868576613,76.72604276456444,77.30403137207031,6339300
2018-01-26,77.65772153757435,78.98623705329719,77.64047099550763,78.96898651123047,9784400
2018-01-29,78.76193971828359,79.18464706678635,78.74468259616954,78.75331115722656,12643800
2018-01-30,77.2004783531069,77.73533710558152,76.96755992092423,77.09696197509766,14270600
2018-01-31,77.49380596469118,77.71809588402706,75.7339547803064,76.00138092041016,15858400
2018-02-01,75.7080754877781,76.37232984693496,75.51828664754379,76.02725982666016,12848700
2018-02-02,75.40614305783255,76.07039742905488,74.94029950924948,74.95755004882812,10539200
2018-02-05,74.5865967125109,75.04381167466833,71.05827250894657,71.63626098632812,34979800
2018-02-06,70.25597915615685,72.74047106357665,70.2214715014016,72.4299087524414,33313400
2018-02-07,72.22286968719327,73.36159597190873,71.97269412548869,72.34364318847656,17338000
2018-02-08,72.32638774592256,72.55931277640995,69.77288045987332,69.83326721191406,20252500
2018-02-09,70.4716483213435,71.42921436751027,68.63415351734992,70.8253402709961,35535700
2018-02-12,71.28255520297564,72.04171045800472,70.6441800326067,71.4896011352539,13389200
2018-02-13,71.07549273594734,71.70524572389881,70.63552850002672,71.54133605957031,8415200
2018-02-14,71.08415117921362,72.48167515600115,71.01513586188356,72.35227966308594,10110800
2018-02-15,72.8439939635529,73.18043537004213,72.11071781855941,73.15455627441406,9519100
2018-02-16,72.79225144887107,74.19841083681497,72.79225144887107,73.6808090209961,9323000
2018-02-20,73.32707259946392,73.56861955025525,72.66281848478776,72.86985778808594,8872100
2018-02-21,72.8612372925598,73.8360537608726,72.55930357066306,72.56793212890625,9417400
2018-02-22,72.80084995795046,73.31845156010009,72.28324835580082,72.45578002929688,6316100
2018-02-23,72.88713060370675,73.63765735739365,72.5679462847219,73.61177825927734,5498500
2018-02-26,73.74117971740642,74.6297305142014,73.74117971740642,74.54346466064453,6266100
2018-02-27,74.54348059627547,74.7936496505718,73.76707458496094,73.76707458496094,7460700
2018-02-28,74.00862265038181,74.10351708535025,72.56796216555446,72.58521270751953,6279000
2018-03-01,72.45580473245572,72.82675388043936,70.88574227436158,71.42922973632812,12720300
2018-03-02,71.04101469299054,72.30914317208824,71.03238613294104,72.15386199951172,11206000
2018-03-05,71.8260412642355,73.02515429518157,71.6707601086336,72.80948638916016,11028800
2018-03-06,72.97340454594695,73.09418465331431,72.3436578164432,72.70597839355469,9573300
2018-03-07,72.08481567238469,73.15453288180416,72.05893658503197,73.07688903808594,6868200
2018-03-08,73.27533644323897,73.62902841844578,73.15456293154271,73.56864166259766,6403000
2018-03-09,74.01725681090798,74.65563221853019,73.74120204693637,74.62975311279297,8253100
2018-03-12,74.65561690459728,74.76776186700945,74.22428101301652,74.310546875,5760200
2018-03-13,74.59521483179668,74.9230276727131,74.24151631410139,74.40542602539062,6400700
2018-03-14,74.66424607994628,74.83677780533355,73.80157428968307,74.04312133789062,9416400
2018-03-15,74.3019268042865,74.51759477471981,73.82746121833168,73.92235565185547,5883100
2018-03-16,73.91367388970465,74.32055510395092,73.91367388970465,73.92233276367188,7067700
2018-03-19,73.78382686734437,73.8790480657945,72.13899079892323,72.72766876220703,7190200
2018-03-20,72.89213423884168,73.09124868274472,72.4160019156743,72.83153533935547,5534400
2018-03-21,72.95274104759675,73.35096997857737,72.45929092548685,72.51988983154297,5498700
2018-03-22,71.81868605510347,71.87062609695822,70.3123653982364,70.43356323242188,14648500
2018-03-23,70.50281721940753,70.64998506657709,68.91857998047993,68.97052001953125,11049000
2018-03-26,69.74964891782056,70.49415358293585,68.9532042171624,70.39892578125,9183500
2018-03-27,70.64999174546504,70.85775852609777,69.16964104948157,69.56786346435547,10948400
2018-03-28,69.76695717092264,70.61534847676019,69.67173597796766,69.94010162353516,10146800
2018-03-29,70.31235109675436,70.97893904919096,69.83621212731016,70.46817779541016,6914900
2018-04-02,70.1738442347843,70.53744431322129,68.16541465036863,68.86663818359375,11364900
2018-04-03,69.23888431559749,70.0439878519923,68.8146853629695,69.91413116455078,8590700
2018-04-04,69.07440671695589,71.10880637259089,69.07440671695589,70.90969848632812,9085800
2018-04-05,71.16072917596163,71.2213280751188,70.58936907030612,70.85773468017578,8031300
2018-04-06,70.26907800114851,70.61536035986016,68.52902054187939,69.1523208618164,12171800
2018-04-09,69.52456635610099,70.80580897500793,69.32545847779178,69.83621978759766,6952600
2018-04-10,70.52876626765598,71.29058190129467,70.28637068444296,71.01355743408203,8097800
2018-04-11,70.48550327427662,70.90970229871239,70.33833541916377,70.43356323242188,6205800
2018-04-12,70.81447067818985,71.24732194980521,70.76252403434135,70.90969848632812,5096900
2018-04-13,71.24732101746015,71.30791993050185,70.49415743698228,70.87506866455078,7837000
2018-04-16,71.39447824212914,71.69747276226434,71.22999267200495,71.43775939941406,7217200
2018-04-17,71.98317004341358,72.14764904052039,71.61091767398273,71.99182891845703,6500900
2018-04-18,72.17363467520508,72.30348479313395,71.70615443629931,72.05243682861328,4704500
2018-04-19,71.92257308957704,71.99183088224093,71.18672720568645,71.4464340209961,5833600
2018-04-20,71.50700837262195,71.61089502592822,70.83176163809215,71.06549835205078,5250500
2018-04-23,71.25597664396118,71.56763009850977,71.07417989627223,71.3425521850586,9257300
2018-04-24,71.56762485137939,71.61957149318657,70.26907108756191,70.8058090209961,8904800
2018-04-25,70.71925545529207,71.1607590754639,70.22580518202729,71.12613677978516,8068800
2018-04-26,71.33389301839676,72.30347566877437,71.33389301839676,72.02645111083984,9463300
2018-04-27,71.97451839738295,72.43333974897226,71.81869165488213,72.32080078125,6663300
2018-04-30,72.63244388741278,72.67572505121953,71.20403338606636,71.21269226074219,7241000
2018-05-01,71.12614527264098,71.37719327261917,70.58074828115983,71.17808532714844,8498000
2018-05-02,70.80580187150936,70.85774190328598,70.043986118049,70.1998062133789,11594300
2018-05-03,69.87951693769799,69.88817581328718,68.65887306630867,69.56786346435547,13524100
2018-05-04,69.36007909740704,70.35563157977505,69.09170686048283,70.12189483642578,7889500
2018-05-07,70.34699182953376,70.62401638436349,69.83622388497453,70.01802062988281,5886700
2018-05-08,69.84487802421556,69.9054769350762,69.07440332693629,69.48993682861328,9522300
2018-05-09,69.61979605870765,70.19116290029257,69.23889143577054,69.88816833496094,11340200
2018-05-10,70.18251723091248,71.13478887461042,70.14788833053234,70.82313537597656,7845500
2018-05-11,70.88369828757786,72.0177727332954,70.75384823310766,71.87925720214844,10434000
2018-05-14,72.00915580762475,72.65843287732389,71.86198792364203,72.35543823242188,11837600
2018-05-15,71.87928487722,71.96585381512573,71.1867267691876,71.42046356201172,8806800
2018-05-16,71.38582855232498,72.06973433134692,71.37716967783999,71.81867980957031,7013600
2018-05-17,71.7494224629942,71.96584809294329,71.43776902748466,71.84465026855469,6610400
2018-05-18,71.89660100929744,72.17362556723197,71.6541987419166,72.02645111083984,5838900
2018-05-21,72.36406112860679,72.50257668421085,71.99181543368765,72.09569549560547,6406500
2018-05-22,72.24286060220322,72.32943612359156,71.84463830199978,71.95718383789062,5770200
2018-05-23,71.65421042819784,72.21691851087213,71.567641478122,72.19094848632812,8360500
2018-05-24,72.14764620270711,72.26885063418864,71.5849448379585,71.9052505493164,7166500
2018-05-25,71.93122645000248,72.2515387923365,71.68017850616852,71.80137634277344,6853300
2018-05-29,71.33387055522921,71.46372722066594,70.61533606395905,71.06549835205078,18236800
2018-05-30,71.55033655373428,72.29484147776388,71.47241986853727,72.13035583496094,13167700
2018-05-31,71.99182911457044,72.05242803046674,71.31657555985748,71.3425521850586,11543500
2018-06-01,71.62823239979494,72.19094041959129,71.55032233486874,72.16497039794922,8037800
2018-06-04,72.25152237819017,72.53720575876581,72.01778563349161,72.43331909179688,7230800
2018-06-05,72.45928590379734,72.61511259496875,71.93986580148757,72.28614807128906,5444400
2018-06-06,72.53719151478244,73.17780932333092,72.24284931856248,73.09989929199219,7218900
2018-06-07,73.31635010973953,73.38560129319207,72.84021107158094,73.19515228271484,7405600
2018-06-08,73.1691775880157,73.67128665880796,73.047979757795,73.61934661865234,6247100
2018-06-11,73.6280157872189,74.11280717587826,73.45487128784963,73.75786590576172,7074400
2018-06-12,73.83575162936594,73.83575162936594,73.38558272450614,73.71455383300781,6829200
2018-06-13,73.84444866293995,74.20804223991078,73.6366752434241,73.73190307617188,10379200
2018-06-14,73.8790419852737,74.15607310264035,73.67127525203406,74.11278533935547,9379800
2018-06-15,74.02243156129062,74.29179149094851,73.68355725325134,74.25703430175781,9349300
2018-06-18,73.80520073891263,73.80520073891263,73.24040804148854,73.54452514648438,7342600
2018-06-19,73.04055675381043,73.76175348956644,72.92760086466119,73.73568725585938,6431700
2018-06-20,73.83126642320319,74.06586915123928,73.6748623947606,73.89208984375,5900800
2018-06-21,73.82257341174069,73.83126436564964,73.29253792063726,73.46632385253906,7423400
2018-06-22,73.73568536888394,74.08325061101384,73.54452415424971,73.7965087890625,9829800
2018-06-25,73.51846452880139,73.80520637652411,72.56266499898182,73.11876678466797,9925100
2018-06-26,73.17955635128232,73.23168879792696,72.79723406454652,72.89281463623047,5560100
2018-06-27,72.89283451798629,73.26646595577277,72.22377696296418,72.27590942382812,7420500
2018-06-28,72.00656517349907,72.5539760192075,71.50259584485909,72.37150573730469,9026900
2018-06-29,72.5974161443223,73.16220220860423,72.46707834900505,72.51921081542969,6479300
2018-07-02,72.1195238681941,72.78858159443575,71.87623014956077,72.7451400756836,9364700
2018-07-03,73.00579681769882,73.25778144947496,72.72774595319679,72.91890716552734,3023100
2018-07-05,73.25779367108848,73.75307206327436,73.08401433775389,73.67487335205078,7458600
2018-07-06,74.03111807448174,74.86527738119828,73.94422841356516,74.73493957519531,9822500
2018-07-09,75.03035637775046,75.43005407145415,75.00429014565648,75.28234100341797,7874400
2018-07-10,75.43006303684203,75.60384898688324,75.23021748086484,75.569091796875,6122900
2018-07-11,75.16068939379738,75.2388880851127,74.9173957373653,74.96952819824219,6434500
2018-07-12,75.34315933931036,75.85581950984832,75.29971783183574,75.80368041992188,4461600
2018-07-13,75.63858620138313,76.10779156944083,75.59513806803308,75.94270324707031,6048700
2018-07-16,76.0035221574445,76.0035221574445,75.37790619805949,75.482177734375,5388500
2018-07-17,75.45613083816583,76.01223926058385,75.42138027669247,75.89927673339844,5849300
2018-07-18,75.91667200127705,75.97749543844202,75.69075353641112,75.96011352539062,7575700
2018-07-19,75.77762596868254,75.93403000426392,75.20414892438815,75.53433227539062,5204000
2018-07-20,75.32580376748574,75.49958310135494,75.1693997153008,75.38662719726562,4822600
2018-07-23,75.34315476111757,75.6385874885658,75.25626512219321,75.54300689697266,3824600
2018-07-24,75.94271223668487,76.35978519749648,75.89057314464203,76.22945404052734,6467100
2018-07-25,76.1860288711498,77.22003388987883,76.10782352413521,77.20265197753906,9285900
2018-07-26,77.07230989618012,77.2547868193856,76.82033184448208,76.98542022705078,5763000
2018-07-27,77.02015727739,77.02015727739,76.15124755482987,76.4292984008789,5742900
2018-07-30,76.36849148575533,76.62047615525255,76.24684462865412,76.47276306152344,5531200
2018-07-31,76.75079600461947,77.37641205429371,76.6378334999947,77.27214050292969,6719100
2018-08-01,77.22870446921884,77.57626973231466,77.22870446921884,77.2895278930664,5733000
2018-08-02,76.95933071605131,77.74135076023917,76.92457353305909,77.57625579833984,5666200
2018-08-03,77.63709121808688,78.09761236275891,77.53282628224012,78.03678894042969,5884800
2018-08-06,77.99334912600986,78.34959871334026,77.71529824226809,78.17581939697266,4751100
2018-08-07,78.18449401855469,78.44516293865145,78.08022247296321,78.18449401855469,5170300
2018-08-08,78.19318982878455,78.41910822945988,78.01941052319158,78.30615234375,5020400
2018-08-09,78.3148341438105,78.53206158342645,78.14105484381989,78.21925354003906,5680300
2018-08-10,77.9325101816813,78.340898785994,77.61101121824785,77.88037109375,5389500
2018-08-13,77.96727941459423,78.28008084425562,77.70660382241145,77.90645599365234,6563900
2018-08-14,78.01943861552331,78.4104455085245,77.9412332593683,78.27142333984375,5497700
2018-08-15,78.02810398614645,78.23664048541437,77.64578154644211,78.14105987548828,6840600
2018-08-16,78.36697324661048,79.00996461175932,78.27139264282758,78.90569305419922,6916700
2018-08-17,78.84486972641083,79.39228711765796,78.66239947241358,79.14898681640625,5455300
2018-08-20,79.3314540231813,79.55736576004774,79.28800588880067,79.40965270996094,8144900
2018-08-21,79.60950484715539,79.64426202880898,79.24455775442006,79.40965270996094,6395900
2018-08-22,79.22717846932186,79.66163327412637,79.13159788192452,79.48785400390625,3954300
2018-08-23,79.44440908676948,79.65294554532376,79.27062980951666,79.46178436279297,6058300
2018-08-24,79.6442859018837,79.84413146972656,79.4965661782639,79.84413146972656,4028900
2018-08-27,80.13087463378906,80.19169806358862,79.79200029215484,80.13087463378906,4671300
2018-08-28,80.25249119989725,80.27855742722099,80.00050662034418,80.17428588867188,4954100
2018-08-29,80.19170170928832,80.78256075245588,80.10481203837541,80.69567108154297,5338500
2018-08-30,80.63483428955078,80.90419421353086,80.46104834726053,80.63483428955078,5266100
2018-08-31,80.4436447593494,80.6869383636843,80.28724078095503,80.61742401123047,5808100
2018-09-04,80.54795684586112,80.60009595537271,79.78331840868445,79.97447967529297,6875500
2018-09-05,79.91362943826262,80.29595184326172,79.76591637424212,80.29595184326172,10218900
2018-09-06,80.28726088971487,80.46104018512072,79.80935788346599,80.29595184326172,5940300
2018-09-07,80.10480208861863,80.49580887378856,79.98315523859883,80.41761016845703,5591100
2018-09-10,80.61741865835018,80.7651316755665,80.13083148198905,80.20903015136719,4234000
2018-09-11,80.0700196387132,80.29593798715985,79.80065315928506,80.13953399658203,5683900
2018-09-12,80.1917031743937,80.68698159982871,80.03529911219016,80.53926849365234,11056600
2018-09-13,80.88679282579417,81.5384750366211,80.80859414253699,81.5384750366211,10603800
2018-09-14,81.60800882143413,81.60800882143413,81.12142144289209,81.26913452148438,5929000
2018-09-17,81.26915058079709,81.27784153691869,80.87814373566829,80.97372436523438,5543000
2018-09-18,80.97368203550953,81.6514304150375,80.85203523042777,81.4428939819336,5422900
2018-09-19,81.39079474579296,81.56458071616619,81.24308164291841,81.32997131347656,4186600
2018-09-20,81.56454203278288,82.17277606748145,81.5124029517703,82.12064361572266,5083000
2018-09-21,82.33613863934258,82.4146488541577,82.05700377963323,82.23146057128906,8579100
2018-09-24,82.17911199632549,82.5629248639868,82.065715765016,82.39718627929688,5392600
2018-09-25,82.5105739757012,82.63270168422332,82.05698244228384,82.14421081542969,5215900
2018-09-26,82.30120947769402,82.97288180362318,82.15292060499169,82.32737731933594,10880500
2018-09-27,82.4407911317664,82.97289283287265,82.34483792959328,82.74609375,7168800
2018-09-28,82.58034850177432,83.05138964107957,82.54545582607423,82.99905395507812,5995800
2018-10-01,83.3131120168975,83.79287151022027,83.16481642686698,83.40906524658203,7307100
2018-10-02,83.40905594114759,83.47883465532439,83.1560889688467,83.31310272216797,5572700
2018-10-03,83.59223069289912,83.74051959913227,83.02523626042695,83.15608215332031,6367500
2018-10-04,83.09504007869283,83.12993276822034,81.91744009131469,82.34486389160156,10976400
2018-10-05,82.41462467040715,82.84204834311073,81.73422741036518,82.24888610839844,12291000
2018-10-08,82.14421152604734,82.44951416224806,81.52488141972633,82.21399688720703,11924000
2018-10-09,81.99594682875473,82.64144497227642,81.74297981120291,82.35359191894531,7463900
2018-10-10,82.34484092461409,82.4407941302772,80.3560047619574,80.40834045410156,22549300
2018-10-11,80.19027956294207,80.37346117107785,77.66934125963182,78.23633575439453,46581800
2018-10-12,79.17840221078681,79.73667845894818,78.5241794075008,79.44009399414062,20797300
2018-10-15,79.30925524038045,79.65817543122256,78.82949580118428,78.89055633544922,13909700
2018-10-16,79.50116042959208,81.19341900278619,79.49243559480578,81.05384826660156,13505900
2018-10-17,81.00149621711593,81.68188678092481,80.59151558120605,81.48126220703125,14232300
2018-10-18,81.43764718593724,81.44637201922897,79.91112745967678,80.55662536621094,14455600
2018-10-19,80.69621071891103,80.9753455390086,79.71923552102001,79.82391357421875,11318600
2018-10-22,79.81518334377793,79.96347225112741,78.80331552989036,79.16968536376953,8288300
2018-10-23,78.15780356016043,79.12605368441208,77.52974870604072,78.74224090576172,15424500
2018-10-24,78.7073544664237,79.1609459391545,76.04684618328919,76.1427993774414,17431900
2018-10-25,76.13410640213692,77.66062665955177,75.25308427585801,77.12852478027344,15725100
2018-10-26,76.41324700551523,76.95407376172422,75.32287531121536,76.25623321533203,25507900
2018-10-29,77.13722795192231,77.70422236216528,75.37519084934853,76.44811248779297,14024300
2018-10-30,76.4568224169842,77.39017980693528,76.06428483021595,77.26805877685547,15432000
2018-10-31,77.88741575322348,78.20144326943318,77.31169642180589,77.37275695800781,13460700
2018-11-01,77.63444803301009,78.48057735166888,77.60828018275866,78.3497314453125,9668500
2018-11-02,79.10860611713923,79.23944532496286,77.34656269401444,77.86122131347656,12953000
2018-11-05,77.96588718984295,78.89924451881335,77.96588718984295,78.55033111572266,7783500
2018-11-06,78.44566529086352,79.03882748542023,78.33226908274885,78.95159912109375,7980500
2018-11-07,79.68432383317585,81.34168934385568,79.63198814660724,81.27190399169922,13310600
2018-11-08,81.12362246135623,81.61210666052442,81.01022624514879,81.3155288696289,7345600
2018-11-09,81.21958018517725,81.35042607583516,80.68747844357391,81.08000946044922,8486500
2018-11-12,80.95789504653551,81.08001611314347,79.79774491375994,79.98092651367188,8423200
2018-11-13,80.251325067835,80.57407735796484,79.18712164885888,79.42264556884766,14227000
2018-11-14,79.91112972672705,79.91985456026632,78.41077780267952,78.7858657836914,11664000
2018-11-15,78.22760133495548,79.57966445257655,77.48615015807555,79.48371124267578,15563900
2018-11-16,79.3441494576865,80.67004487747934,79.30053859242574,80.2862319946289,11323200
2018-11-19,80.36471434810365,80.41705668974963,78.91670489444913,79.265625,8821000
2018-11-20,78.76843396879764,79.35287145214451,78.34100358088814,78.52418518066406,11604300
2018-11-21,78.77715656918612,78.78588140445525,78.06187314440315,78.0793228149414,9345100
2018-11-23,77.66060911737898,78.66375210525061,77.61699825579245,78.19271087646484,3939500
2018-11-26,78.82075324705522,79.16094852649682,78.48928280057555,78.95159912109375,7141200
2018-11-27,78.68992174196576,79.77156829833984,78.40206209753674,79.77156829833984,9262000
2018-11-28,80.00708684226407,81.71678826916249,79.98963717433234,81.69062042236328,11870400
2018-11-29,81.4987126865027,82.44079508661532,81.3853164671755,81.96102905273438,8796000
2018-11-30,81.90870965554302,83.62713623046875,81.82148126523757,83.62713623046875,15875900
2018-12-03,83.57476641289145,83.57476641289145,82.74608699461106,83.2258529663086,12158200
2018-12-04,83.20839819195876,83.67071446988268,81.21956238612164,81.36785125732422,15011300
2018-12-06,80.35599502702054,81.06255340576172,78.62884418942308,81.06255340576172,18492900
2018-12-07,80.8357714299678,80.94917431331147,78.60269296232295,78.99522399902344,14930800
2018-12-10,79.0388300938725,79.5970996301032,77.32912880727874,79.30052185058594,15372000
2018-12-11,79.96345280076824,80.49555442603925,78.9777597294958,79.54475402832031,13632300
2018-12-12,80.42577563242094,81.27190473352316,80.17281537496541,80.22515106201172,12581000
2018-12-13,80.44323588508823,80.88810924882307,79.76284524355164,80.30366516113281,11567100
2018-12-14,79.51859029505809,79.58836899067302,77.36401584127246,77.59953308105469,19422700
2018-12-17,76.7970312832879,77.4425292217534,75.53219659733051,76.05558013916016,22089500
2018-12-18,76.7097941286623,76.84935817676585,74.66861585248137,75.39262390136719,24712500
2018-12-19,75.54094198767885,76.4481319439288,73.73528691127653,74.4069595336914,23075600
2018-12-20,74.06674888204766,74.37205153160338,72.836806794425,73.36018371582031,25321600
2018-12-21,73.47409375427988,74.71837616924252,72.29991345192776,72.4488754272461,28909200
2018-12-24,71.96696807594496,72.23861222806262,70.6701117647522,70.71392059326172,14235500
2018-12-26,70.97677020611866,73.86841907382366,70.635030736247,73.7983169555664,20575100
2018-12-27,72.93080983757471,74.65702901568554,71.9406360072253,74.61322021484375,14045700
2018-12-28,75.09517178082118,75.74360633865983,74.39417066290372,74.70085906982422,15770600
2018-12-31,75.12149062404553,75.87506524350206,75.06891067548204,75.80496978759766,10163100
2019-01-02,74.63952127036603,75.20908927392075,73.84212472832826,74.65704345703125,14179900
2019-01-03,74.76219387220378,74.91992028758987,72.94834343791645,73.14112091064453,17668000
2019-01-04,73.99985652910985,75.73484728855347,73.96481215323179,75.32300567626953,16262600
2019-01-07,75.34927255227845,76.32191751797643,75.12145074224989,75.61215209960938,12387200
2019-01-08,76.21677050671045,76.45335674938659,75.35803645211743,76.1992416381836,13371000
2019-01-09,76.5322359297341,76.98789303224287,76.31317181495655,76.54100036621094,11259700
2019-01-10,76.19927038482882,76.74255186394025,75.81371535543961,76.68997192382812,10396800
2019-01-11,76.33068456162952,76.97034789786764,76.19048034884567,76.94406127929688,7187900
2019-01-14,76.47967123536642,76.51472229988788,76.08535845878738,76.0941162109375,5449000
2019-01-15,76.19924833762252,77.47858175507535,76.18172615285967,77.4610595703125,10540600
2019-01-16,77.56622784264029,77.8992096144359,77.26830382083054,77.32087707519531,8288900
2019-01-17,77.1105700885728,78.32856605855643,77.04923240250551,78.00434875488281,8731600
2019-01-18,78.58269304047525,78.9770058407934,77.9956027163367,78.93319702148438,13367500
2019-01-22,78.38114339978794,78.53011208970507,77.84662638530901,78.38990783691406,12244500
2019-01-23,78.53886912181277,78.90690193936322,77.62756154294243,78.47753143310547,7722800
2019-01-24,78.39865249831547,78.46875460702802,77.45229408661123,77.82032012939453,11307000
2019-01-25,78.20589140364903,78.20589140364903,77.68890328567004,77.9167251586914,7241900
2019-01-28,77.38220499558722,77.46107155248248,76.6636749736709,77.03170776367188,7113800
2019-01-29,77.03170917928962,77.46983741254148,76.81264506266369,77.40849304199219,11099200
2019-01-30,77.6976402200452,78.68781406288632,77.5048627750565,78.46875,11706500
2019-01-31,78.38112340921921,79.63417018640423,78.302263551117,79.45015716552734,13409900
2019-02-01,79.54655792461271,79.7042843499779,78.97698990605481,79.52027130126953,9386500
2019-02-04,79.52904295333929,79.52904295333929,78.61773537802281,79.29244995117188,9308600
2019-02-05,79.42388620429833,79.87077887756266,79.1610065881884,79.17853546142578,8921400
2019-02-06,79.03830736071359,79.57282418291321,78.94191864291993,79.53777313232422,6135900
2019-02-07,79.02081318168216,79.1522529966448,78.24094541429223,78.66154479980469,9511700
2019-02-08,78.35484403643987,78.81925884902854,78.24093311354447,78.81050109863281,7284200
2019-02-11,78.98576397499599,79.03833722809395,78.49506245193008,78.71412658691406,5017400
2019-02-12,79.05585607294336,79.83572375972088,78.91565183539387,79.79190826416016,9093200
2019-02-13,79.94963421369496,80.20374937876397,79.60789474333119,79.9671630859375,6435600
2019-02-14,79.76562148543331,80.51043811137134,79.65171055662594,80.15117645263672,6938600
2019-02-15,80.75578502880154,81.4042128286467,80.15116603343077,81.36039733886719,8234200
2019-02-19,81.14134643262773,81.48308591540776,81.13258199618804,81.16763305664062,6284100
2019-02-20,80.96606631341348,81.17636590899951,80.66813575813828,81.07121276855469,6959900
2019-02-21,80.78207142478249,80.83464466412819,80.0022038430641,80.36146545410156,8368500
2019-02-22,80.51921688469417,81.16764488428977,80.42282812573045,81.09754943847656,6488100
2019-02-25,81.50935734098061,81.702134794871,81.15009573761621,81.21143341064453,7652600
2019-02-26,81.02742489611205,81.24648898129229,80.8258829962119,80.92227172851562,7288000
2019-02-27,80.65063962460079,80.93104140437626,80.27384910628007,80.54548645019531,9827600
2019-02-28,80.39653850255257,80.83466677777085,80.22128986658805,80.30891418457031,9464100
2019-03-01,80.80835757571269,81.56193853338696,80.73825546678832,81.4480209350586,10795200
2019-03-04,81.73720830110103,81.88617030718731,79.79191772884619,80.34396362304688,15208400
2019-03-05,80.37899166378372,80.58929129951136,79.88828360001276,80.30012512207031,13591700
2019-03-06,80.30890619200898,80.41405268900046,78.90689718790367,79.12596130371094,11662400
2019-03-07,79.01200666531777,79.17849745462321,78.23213931326043,78.50377655029297,14430700
2019-03-08,78.08320327864139,78.38112722638765,77.66259729236423,78.33731842041016,11531200
2019-03-11,78.547623068204,79.30120410613651,78.31979453258805,79.2311019897461,9694300
2019-03-12,79.43265765797442,79.99346131559757,79.31874002778704,79.8094482421875,8981600
2019-03-13,80.04601069228839,80.88721592779866,79.9934374542268,80.66815185546875,10098300
2019-03-14,80.64186675398078,80.74701991738772,80.24755409048862,80.5367202758789,9283800
2019-03-15,80.67832743987644,81.03892694893466,80.39688146565979,80.90699768066406,10219400
2019-03-18,80.9861516766956,81.06530520542955,80.49361622717022,80.78385925292969,7183500
2019-03-19,81.06529716464603,81.65457352077402,80.77505416767546,81.4259033203125,11308700
2019-03-20,81.32918144067975,81.42592913701118,80.54640950505436,80.863037109375,11123700
2019-03-21,80.1857805264535,81.30277390041958,80.07144542235162,81.17964172363281,7398200
2019-03-22,80.82784847127236,81.12688189916705,79.68447036534182,79.70206451416016,12162600
2019-03-25,79.84277169786151,79.91313486175447,79.0863844615138,79.65807342529297,9893300
2019-03-26,80.12423939977859,80.71351595943997,79.64050761461576,80.20339965820312,8107200
2019-03-27,80.10665465337733,80.29135298230996,78.98087052833883,79.53496551513672,10817400
2019-03-28,79.77243379401682,79.9571388352731,79.32388358011661,79.73725891113281,6726800
2019-03-29,80.2121843901699,80.76628602961998,80.0362831552282,80.6959228515625,10120900
2019-04-01,81.18845026296485,81.31158246731901,80.63435534337108,80.81905364990234,9082000
2019-04-02,80.83664608925623,80.95977829100576,80.48483692274256,80.63435363769531,7002200
2019-04-03,80.9949605594763,81.03893922562932,80.29134887244429,80.52881622314453,7398700
2019-04-04,80.59916163428059,80.6959093103243,79.89554339218107,80.3616943359375,9212400
2019-04-05,80.55518815500166,81.05652071410314,80.50241913202309,80.9157943725586,6262000
2019-04-08,80.85423758321299,80.97736979113819,80.32652716207618,80.8982162475586,5961200
2019-04-09,80.61675444599469,80.86301881359132,80.39687458775472,80.6871109008789,7207600
2019-04-10,80.7838641465,80.93338084996626,80.57278134688873,80.7135009765625,5433400
2019-04-11,80.88940512145356,80.93337706795879,79.3678335161139,79.71964263916016,8534200
2019-04-12,80.0274724967074,80.05385700645,78.85771673351357,78.98963928222656,11659000
2019-04-15,79.08638692330854,79.36783287744056,78.93687022803233,79.30626678466797,7921900
2019-04-16,79.96591825723961,80.06266594743725,77.54723942270219,77.67916870117188,14857100
2019-04-17,77.94302170813286,77.96060914591563,75.04940170326759,75.44518280029297,34381800
2019-04-18,75.67387363408345,76.03447321148931,74.45134182278117,75.56832885742188,35300900
2019-04-22,75.44517858320927,76.05204916091449,75.20771128030779,75.61228942871094,18717700
2019-04-23,75.58588704431284,77.21299632665674,75.45395781380942,76.80841827392578,30503400
2019-04-24,76.83480934059293,76.99312308867904,76.3774555304775,76.72047424316406,14612800
2019-04-25,76.55339643821176,77.74074670582804,76.23676880548703,77.51206970214844,16166400
2019-04-26,77.6175969224938,78.31241814209497,77.45048606797414,78.2860336303711,11321700
2019-04-29,78.3124585359309,78.45317824110904,77.81113242398754,78.14534759521484,13264400
2019-04-30,78.37399874631035,78.6554447737954,77.81990376694365,78.50592803955078,11750900
2019-05-01,78.61145299282761,78.91929019577258,77.92542883465597,78.36518859863281,25596400
2019-05-02,78.28603423744678,78.7785630206487,77.83747740405853,78.69940948486328,18927500
2019-05-03,78.91929167902637,79.32386986426476,78.78736240531347,79.2974853515625,13624000
2019-05-06,78.14531114362087,79.90435025415911,78.01338186829017,79.70206451416016,25168300
2019-05-07,79.08639299321415,79.47338372617266,77.71434470029048,78.17169189453125,18011600
2019-05-08,78.13650609339766,78.69940472469735,77.69674636065174,78.33879852294922,13783300
2019-05-09,77.64398152880688,78.42675335850834,77.27458494381995,78.17169189453125,15692300
2019-05-10,77.91662168647149,78.40036004838277,76.5269861117275,78.19807434082031,17771800
2019-05-13,76.86999726061127,78.15409478537707,76.43023755855995,76.7292709350586,17436000
2019-05-14,77.08111326428677,77.65280246541825,76.93159651158876,77.11629486083984,13147000
2019-05-15,76.71170782830984,77.60881495252063,76.36869568874077,77.34496307373047,10587700
2019-05-16,77.51204539721017,78.62024176425692,77.4592763783701,77.9518051147461,15124000
2019-05-17,77.30975720142185,78.40035938702113,77.30975720142185,77.78469848632812,13354100
2019-05-20,77.45049445122508,77.99579902328057,77.17784552029838,77.7495346069336,10757400
2019-05-21,78.18929488133804,78.81375300089333,78.13651914165867,78.47953796386719,11690600
2019-05-22,78.25085820220664,79.10399326948531,78.1804950252719,78.92808532714844,9021800
2019-05-23,78.53230907200552,78.65544128417969,77.99580155744562,78.65544128417969,13545300
2019-05-24,78.9280891913781,79.24471679288433,78.57627999968206,78.769775390625,9986400
2019-05-28,78.8401290142457,79.3150703589341,77.6351848595621,77.64398193359375,20796000
2019-05-29,77.26578941463804,77.27458648879971,76.35988537182885,76.89639282226562,16302700
2019-05-30,77.04589454549864,77.44168228336981,76.96674102404452,77.31855010986328,12457600
2019-05-31,76.81721908854468,77.1250562383434,76.31589331257004,76.76445007324219,10712900
2019-06-03,76.83482259768748,77.60879732731689,76.79084393944215,76.94915771484375,19371000
2019-06-04,77.59121688718615,78.35639461212871,77.49446919848278,78.22447204589844,15837200
2019-06-05,78.79617232652276,78.9984648244515,78.25087436812953,78.81376647949219,24291700
2019-06-06,78.93687677642622,79.53495031734647,78.75217848278632,79.21832275390625,18840900
2019-06-07,79.47340057502606,80.23858512918117,79.44701605767636,80.04508972167969,9302700
2019-06-10,80.29133644158487,80.54639790333817,79.99229632048743,80.28253936767578,8552800
2019-06-11,80.67832896047,80.88061469345637,79.94832614445504,80.1506118774414,8317900
2019-06-12,80.1682086834392,80.56398979863039,80.08904843427996,80.53760528564453,5799200
2019-06-13,80.67832331699097,80.67832331699097,80.12422176061087,80.44084930419922,9031800
2019-06-14,80.47603680336312,80.71350412340898,80.19459082284138,80.25615692138672,5056300
2019-06-17,80.33529997053108,80.66952164203278,80.2209648625019,80.61675262451172,4861500
2019-06-18,81.02134179859948,81.58423376292396,80.86302801424561,81.30278778076172,7979600
2019-06-19,81.32037483715378,82.21748851434774,81.26760581268407,82.03278350830078,6988100
2019-06-20,82.71004503176893,82.96510658588424,81.9184758483427,82.39341735839844,9241200
2019-06-21,82.31213288271466,82.94808990172531,81.84399972672949,82.78910064697266,9026100
2019-06-24,82.68310584349148,82.73610001564417,82.20613807762233,82.35629272460938,6493600
2019-06-25,82.41811487845251,82.7979221389499,81.94114715093271,82.02064514160156,14930600
2019-06-26,82.13546270987536,82.14429731688953,80.81938929564939,80.98721313476562,10498400
2019-06-27,81.26987392822055,81.71151001147969,81.11088466869397,81.55252075195312,7416200
2019-06-28,81.587851574961,81.89699548217075,81.11971167109276,81.82633209228516,9390600
2019-07-01,82.47111509984599,82.50644679109065,81.89698691007472,82.23262786865234,7797200
2019-07-02,82.30331314018723,82.67428588867188,81.83517989964714,82.67428588867188,7952500
2019-07-03,82.85974067155968,83.39853710795926,82.85091280388971,83.38087463378906,4066000
2019-07-05,83.02757307942709,83.23072861694111,82.62126874323003,82.80675506591797,5934300
2019-07-08,82.48877054544823,82.51526762691559,81.80865407874109,82.18846130371094,15202000
2019-07-09,81.88815993139639,82.35629309104579,81.8793253230544,82.2679672241211,5537300
2019-07-10,82.45342244714533,82.77140083912974,82.20610741756394,82.55058288574219,5347300
2019-07-11,83.12474210643451,83.1600738008949,82.01181731684319,82.56828308105469,13691700
2019-07-12,82.29444292909994,82.3121121411932,81.08436471507986,81.649658203125,11508200
2019-07-15,81.69383992095761,82.02065304505466,81.42002770869065,81.82633209228516,5811100
2019-07-16,81.76451195448638,81.87933492106502,81.36704213731744,81.42003631591797,9092300
2019-07-17,81.58786741101322,81.86167967642663,81.42887812232699,81.43770599365234,9566700
2019-07-18,81.42886237904123,82.02948771586188,81.03138586475642,81.8969955444336,6559500
2019-07-19,82.08246838527823,82.11780007443538,80.9783783697326,81.04904174804688,8105900
2019-07-22,81.13739060962914,81.19038478897706,80.81057744637428,80.88124084472656,5192500
2019-07-23,80.99603986446665,81.50833924279799,80.66039892978263,81.38468170166016,6688600
2019-07-24,81.2610244292892,81.4376761346902,80.52790704809692,81.42884826660156,5430400
2019-07-25,81.20802286905963,81.51716669477005,80.8547127516063,81.03136444091797,6618700
2019-07-26,81.31401085290611,81.47300006816515,81.01370163454457,81.32284545898438,3812400
2019-07-29,81.36704121235381,81.72034471745104,81.23454902852615,81.65851593017578,5887500
2019-07-30,81.03137213512693,81.34051599019163,80.69573119803249,81.30519104003906,7959200
2019-07-31,81.21685961842275,81.55250729918417,80.00678126275763,80.50141143798828,8557400
2019-08-01,80.51026139507935,81.47302484668872,80.12161947539674,80.607421875,16422500
2019-08-02,80.49260032532813,80.73992222396323,79.90080951596767,80.42194366455078,15956600
2019-08-05,79.51214882098716,79.8301273054723,77.89576605349065,78.53172302246094,17626200
2019-08-06,78.92920513022997,79.5651621988819,78.49640363472103,79.54749298095703,10135900
2019-08-07,78.90271540805443,79.79481557040852,77.90461340591979,79.5739974975586,12452500
2019-08-08,79.82131751997073,80.71341766131577,79.71532242151915,80.63392639160156,12034800
2019-08-09,80.49258423087768,81.24337090865765,80.03328570291436,80.73107147216797,7253100
2019-08-12,80.43074181952645,80.73105778749833,79.6358024535254,79.9449462890625,7097100
2019-08-13,79.91845480629158,81.4111799278173,79.84779142783941,80.98721313476562,12232500
2019-08-14,80.1569705355075,80.3512915422918,78.69073511255945,78.73490142822266,16426100
2019-08-15,79.07053393107614,79.30902122763271,78.4964123227847,79.00870513916016,12315200
2019-08-16,79.54749267066747,80.1922843457667,79.4944984947639,79.98030090332031,10239300
2019-08-19,80.60740587308527,80.95188141938998,80.47491372323792,80.74872589111328,6427200
2019-08-20,80.77523988958617,80.94306376379454,79.99796278057498,80.0597915649414,4708800
2019-08-21,80.61625674064679,80.84590941664548,80.4131078932435,80.6515884399414,5687100
2019-08-22,80.80172806807734,80.98721438525529,79.93611851574941,80.25409698486328,6486900
2019-08-23,80.11276639727214,80.41308237656379,78.01058149755238,78.39922332763672,9822700
2019-08-26,79.02635167750617,79.28250138159224,78.69953859184514,79.22067260742188,8913900
2019-08-27,79.70646929753171,79.98028822022013,78.69953968204797,78.7525405883789,8252000
2019-08-28,78.47871225438884,79.4944763555874,78.36388932563187,79.32665252685547,5691500
2019-08-29,79.92729187011719,80.15694450709296,79.41499916447631,79.92729187011719,4360300
2019-08-30,80.29826349181674,80.45724598795874,79.67996902744221,80.02444458007812,4784100
2019-09-03,79.55632019042969,79.93612747450268,79.27367337941013,79.55632019042969,6437800
2019-09-04,80.07746919884566,80.12162877013026,79.23835647844479,79.60932922363281,9318700
2019-09-05,80.28942793026415,80.57207470698594,79.86545439576611,80.39541625976562,7897400
2019-09-06,80.56324728560068,80.8458940875326,80.4484243387891,80.61624145507812,13166400
2019-09-09,80.6869145359445,80.71341162386722,79.58282428028342,79.87430572509766,10675900
2019-09-10,79.46799349761183,80.11277836970551,78.62888094260428,80.10395050048828,8770700
2019-09-11,80.23641843174339,80.92537619385527,80.04210426886208,80.89887237548828,8124300
2019-09-12,81.26104795686209,81.59668898983462,80.82824643613887,80.87240600585938,9344700
2019-09-13,80.96954420069119,81.4818435879947,80.66040034243242,80.8282241821289,6351000
2019-09-16,80.38661080348069,80.85474402617729,80.28945031512865,80.6515884399414,6668100
2019-09-17,80.60739806495025,80.99603313100467,80.492568401418,80.77521514892578,3932900
2019-09-18,80.77523869753587,80.87239917708243,80.19228255908853,80.76641082763672,5369800
2019-09-19,80.86357051903774,81.5083554346546,80.71340912739991,81.1462173461914,5058600
2019-09-20,81.33247916682487,81.9799490119223,81.32361462979031,81.59856414794922,8935700
2019-09-23,81.3590837500187,81.65176907551051,81.13734854677925,81.16395568847656,4232900
2019-09-24,81.46551286127422,81.51873391184593,80.13510163294589,80.4189224243164,10542600
2019-09-25,80.42778424999338,80.49874113118015,79.91335701162023,80.0286636352539,7956800
2019-09-26,80.29476139215026,80.32136853738585,78.97322129981185,79.58521270751953,10004500
2019-09-27,79.8512788244406,79.96658545874867,78.93773088675718,79.23042297363281,10017300
2019-09-30,79.33685948056699,80.42779974684929,79.28364519283387,79.93997955322266,8031600
2019-10-01,80.15282260135263,80.33020801051568,78.99979714133401,79.1594467163086,13413900
2019-10-02,78.91111487977732,79.07076447587977,77.66052524917126,78.00643157958984,13385000
2019-10-03,77.90001021290942,78.73372994340251,77.34123319159409,78.70712280273438,11958800
2019-10-04,78.93773878892479,79.98432930421487,78.89338903793258,79.93997955322266,9146600
2019-10-07,79.61178833145873,80.19716559533569,79.496481725329,79.67387390136719,8247200
2019-10-08,79.00867350250675,79.04415193997576,78.13946870156641,78.15721130371094,10649300
2019-10-09,78.63614556292374,78.95543790764386,78.3700607143684,78.72483825683594,7350200
2019-10-10,78.49426405506439,79.39007619492263,78.42330716408479,79.11511993408203,8232300
2019-10-11,79.8690255207723,80.71161661385865,79.73598304112139,79.7714614868164,10773200
2019-10-14,79.71822694020217,80.12621884639776,79.61179838795492,79.73596954345703,4915600
2019-10-15,80.6140465298678,81.47438016464497,80.56083224872978,81.19055938720703,12607900
2019-10-16,81.12846381474226,81.50097727048524,80.95107162142162,81.08411407470703,7851500
2019-10-17,81.35019795835056,81.91783943619839,81.31471952013256,81.6872329711914,7536100
2019-10-18,81.45663126610556,81.81140890219694,81.02203221447444,81.38568115234375,6784700
2019-10-21,81.72271719603872,81.84688835518398,81.13733984104252,81.29698944091797,4948400
2019-10-22,81.91785855354712,82.44115041403914,81.4389096760609,81.4743881225586,8702400
2019-10-23,81.61627054171635,82.21939041674688,81.44775643017145,81.97991943359375,5525000
2019-10-24,82.12184245231485,82.21054194256226,81.27038012714391,81.56307220458984,6892300
2019-10-25,81.35022250917456,81.87351440546998,81.1373585824461,81.65177917480469,5536900
2019-10-28,81.86461960835054,82.6628607302302,81.79366273672844,82.49434661865234,6937900
2019-10-29,82.68947442851909,83.79815016930958,82.48547511481296,83.66510772705078,13768400
2019-10-30,83.69173012330538,84.17067894268143,83.36355960813448,84.13520050048828,10179700
2019-10-31,83.97552735031284,84.09082717999894,83.49657866521677,84.03761291503906,9675200
2019-11-01,84.48997218534808,84.85361435019541,84.12632325368028,84.1440658569336,14670800
2019-11-04,84.53429595937443,84.578645690614,83.8513547592901,83.88683319091797,9878200
2019-11-05,84.01104541035758,84.0199167143085,83.10636187838837,83.2926254272461,13273800
2019-11-06,83.37244714258013,83.73609617074479,83.11523346171732,83.57644653320312,13130200
2019-11-07,83.89571574236443,84.0287581978383,83.51433774579725,83.76268005371094,7827900
2019-11-08,83.7094436592998,84.39239164763165,83.61187966096666,84.37464904785156,7756900
2019-11-11,84.05536995657626,84.23276216256716,83.79816309982577,84.02876281738281,6092500
2019-11-12,84.1618111377199,84.83588803375864,84.04651127091667,84.5343246459961,13801500
2019-11-13,84.30371797887027,84.83588105647178,84.17067551776472,84.63188171386719,6507700
2019-11-14,84.6141628143131,84.76494114256472,84.1263426148849,84.6407699584961,6498800
2019-11-15,84.93344194458494,86.59201669582977,84.85361376413732,86.44123840332031,11337700
2019-11-18,86.36143788786528,86.8581226265904,86.04213862244997,86.14856719970703,11251400
2019-11-19,86.45011934415687,86.85811129299064,86.2283841480415,86.73394012451172,10025800
2019-11-20,86.59203080532279,86.89359420629951,86.10421740886794,86.61864471435547,12305600
2019-11-21,86.67184927403163,86.90245575868975,86.07760060858645,86.84037017822266,9122400
2019-11-22,86.991160617246,87.27498141996043,86.80490384985418,87.15081024169922,6141800
2019-11-25,87.50558599994872,88.18852746526915,87.37254352137884,88.17079162597656,11726500
2019-11-26,88.16192384707412,88.30383086755207,87.80714614564654,88.09983825683594,11073300
2019-11-27,88.22399842019762,88.68520463768434,88.14417023310473,88.55216217041016,6333200
2019-11-29,88.32157319192346,88.52556580198723,88.06435952838159,88.24174499511719,2392000
2019-12-02,88.41912008030954,88.4457272184774,87.56765782483546,87.85147857666016,6682200
2019-12-03,87.1862792920761,87.72731369626065,86.94680149779323,87.65635681152344,7709700
2019-12-04,88.01112962366761,88.58763567166505,87.92243013921822,88.47233581542969,6237600
2019-12-05,88.52555009264285,88.60537827528317,87.72730886716312,88.47233581542969,7390400
2019-12-06,88.93354606848762,89.35928060609652,88.87146048663016,89.05772399902344,5658500
2019-12-09,89.09320874656035,89.11095135359201,88.43687438964844,88.43687438964844,5148900
2019-12-10,88.41913225331596,88.71181758027808,88.07322587587048,88.63199615478516,6027900
2019-12-11,88.70298085910683,88.93358067183283,88.53445988557176,88.71184539794922,6064300
2019-12-12,88.7561538757502,89.82935129014497,88.71180413487274,89.53665924072266,9769100
2019-12-13,89.44797171807906,89.99787740950683,89.1109366750354,89.47457885742188,6433200
2019-12-16,89.99787486017006,90.7695089465371,89.99787486017006,90.44134521484375,7730300
2019-12-17,90.55664439151451,90.68968685028246,90.21960936054685,90.34378051757812,4643600
2019-12-18,90.37924857746111,90.64532669761684,90.28168457002475,90.46794128417969,5202900
2019-12-19,90.65421011600124,90.92029503854407,90.51230311964689,90.8227310180664,6637200
2019-12-20,91.09168144323799,91.67057988515863,91.09168144323799,91.46573638916016,8586500
2019-12-23,91.67950747496351,91.92887749216494,91.44794668978075,91.8309097290039,4770900
2019-12-24,91.83091830237541,91.9466953083641,91.492488503838,91.71514129638672,2071800
2019-12-26,91.83088281397364,91.93775855923111,91.3588601633572,91.65276336669922,2910100
2019-12-27,91.84868530100083,91.8575933111573,91.47463041227954,91.67947387695312,3605000
2019-12-30,91.67590878672623,91.87312021240506,90.99464165683405,91.12910461425781,5665100
2019-12-31,90.93188933338459,91.38905379454503,90.77949434059462,91.30838012695312,4746700
2020-01-02,91.5862722848958,91.69384402239572,90.8960391100481,91.5504150390625,6277400
2020-01-03,90.49262652982328,91.2725060345917,90.04442133286712,90.7525863647461,8247500
2020-01-06,90.34026871084973,91.34425115090406,90.31337748426208,91.3173599243164,6441800
2020-01-07,91.06635465944825,91.21874966765641,90.62711535584603,91.13806915283203,6335300
2020-01-08,91.18287958505506,92.14203857206209,91.14702234341084,91.72969055175781,7494700
2020-01-09,92.00758407349332,92.37511570479,91.81037264587756,92.12411499023438,6660600
2020-01-10,92.47371695574135,92.62610511006456,91.98965443106486,92.15100860595703,9300300
2020-01-13,92.30340465018655,92.32132985378685,91.5145589103649,91.82830810546875,7621700
2020-01-14,91.55043192632417,92.4020262840408,91.38907770984628,92.38409423828125,7294900
2020-01-15,92.49165157110305,93.42391947213113,92.4199370773923,93.181884765625,7521800
2020-01-16,93.5673412417637,93.72869543242452,93.19981643135714,93.66594696044922,5479900
2020-01-17,93.43288511543844,93.80937594729018,93.43288511543844,93.66594696044922,6533400
2020-01-21,93.45079930308471,93.97967824180674,93.41494206060139,93.76454162597656,6644800
2020-01-22,93.97072031531182,94.19482295452278,93.75557685753907,93.8810806274414,9431500
2020-01-23,93.71973215643402,93.85418827688632,92.76057307580972,93.4059829711914,8522600
2020-01-24,93.51355382175637,93.5583770875298,91.61316088152704,91.84622955322266,15962700
2020-01-27,90.73469321464302,91.4966409507839,90.60919626229374,91.14704132080078,11762300
2020-01-28,91.41595072849975,91.95379568968742,91.16495003014708,91.59523010253906,8079900
2020-01-29,91.68488715084342,92.00759555647745,91.32632149579771,91.34425354003906,6435700
2020-01-30,90.6719192954121,90.73466775397917,89.90100575354872,90.6808853149414,10989400
2020-01-31,90.32233536150058,90.39404301291125,88.57433056114702,88.87014770507812,14476700
2020-02-03,89.48868023620481,90.32234244599113,89.48868023620481,89.67692565917969,11850600
2020-02-04,90.7974216192566,91.62211764926587,90.77948957913017,91.25459289550781,9575100
2020-02-05,91.68486793876798,93.33426687072706,91.6759019185261,93.01155853271484,14131000
2020-02-06,93.44183130847719,93.44183130847719,92.68884974944557,93.09223175048828,6166500
2020-02-07,93.10120632760622,93.18187999960165,92.22272092225829,92.36614990234375,6057200
2020-02-10,92.02550616879894,92.85916137695312,91.95379168667725,92.85916137695312,4010100
2020-02-11,93.1818560084854,93.49560511187521,92.99361064989257,93.41492462158203,10277100
2020-02-12,93.76453990476972,93.9796765166507,93.1549804718823,93.5314712524414,4705700
2020-02-13,93.19083745546665,93.47768855020291,92.90398636073037,93.09223175048828,4778500
2020-02-14,93.19082401794233,93.22668125449768,92.70676158304806,93.16393280029297,5114200
2020-02-18,93.16395741649153,93.28048833678528,92.52750668737261,92.83228302001953,8409300
2020-02-19,93.07431258144008,93.39702093881728,92.98467289085086,93.26255798339844,6427900
2020-02-20,93.04741357958257,93.13705326267808,91.81932872005882,92.66195678710938,8080900
2020-02-21,92.30340357922243,92.80539134305151,91.98069520559793,92.71575164794922,6510800
2020-02-24,90.47473106949218,91.0842906112729,89.36318373062291,89.79345703125,16284500
2020-02-25,90.11615679188252,90.31336821872051,86.76358305284683,87.068359375,20301600
2020-02-26,87.55242420671568,88.58329779450831,86.8711570550344,87.05940246582031,13721600
2020-02-27,86.11813466230672,87.25657269994275,84.0832863515795,84.10121154785156,22047900
2020-02-28,81.88711455713191,83.06141720290178,80.65903629793385,83.01659393310547,27750600
2020-03-02,83.04347779585956,87.04146826845388,82.75662667618235,86.9070053100586,22359400
2020-03-03,87.12213992239454,88.64603505843685,83.60820551473304,84.74665069580078,33385500
2020-03-04,87.29245565809755,89.7755166762375,87.11317628626975,89.63208770751953,26418700
2020-03-05,87.71376046430953,88.91495401403412,86.55739017235464,87.55240631103516,17873000
2020-03-06,85.15002341402194,87.40001547082551,84.80042389926413,87.08627319335938,17917700
2020-03-09,81.92294428572409,84.5135697432702,80.68590042029851,82.55939483642578,21968500
2020-03-10,84.94386929066101,85.53549672282048,81.5195811157724,85.39207458496094,26473200
2020-03-11,83.37514522006272,83.96677261290664,81.08032961517742,82.12913513183594,23217900
2020-03-12,77.10027632207319,80.4349247921474,74.31243885591276,75.99768829345703,20652200
2020-03-13,79.52956145061967,81.48373712518435,75.44193069023785,81.26860046386719,29162800
2020-03-16,73.9717858018528,78.03253080156672,72.31342787130944,73.2546615600586,21474800
2020-03-17,74.76960853163651,78.48074772471445,73.81940868188646,77.85325622558594,27899700
2020-03-18,73.86421948072478,76.46381104911427,71.64111864483529,75.2715835571289,28931000
2020-03-19,74.42896597199481,75.53155394434917,72.90507079105495,73.72976684570312,27121100
2020-03-20,74.36621341356894,75.12816096208968,70.49372037117232,70.89710235595703,22004900
2020-03-23,70.43954158138179,70.5386258891723,66.24199686110838,67.2148208618164,33633000
2020-03-24,70.39450416662885,72.53831380579842,69.87206090987074,72.39419555664062,16775800
2020-03-25,71.91677066664295,75.74500575372522,71.04303807829177,73.35799407958984,16851800
2020-03-26,74.01554688656428,78.64545895056644,73.87142866671569,78.23110961914062,18822500
2020-03-27,75.97019083839501,78.57339684140925,75.91614736941092,76.5556869506836,13043200
2020-03-30,77.93385514304376,80.2938519351017,77.92485247917183,80.1407241821289,13766700
2020-03-31,80.21279524419269,80.64515681288124,78.94271853261073,79.78943634033203,13584900
2020-04-01,77.12317586165464,77.81675895685565,76.01523656985168,76.75386047363281,15255200
2020-04-02,76.366536874253,79.05981105926341,75.60089119423822,78.8796615600586,13588000
2020-04-03,78.62743511675184,79.37506845887074,77.28530303829062,78.16804504394531,12934200
2020-04-06,80.6541618327106,82.73491808711084,80.29385596414126,82.26652526855469,13472900
2020-04-07,84.35627869493628,84.50940643314797,81.50987030994277,81.5909423828125,16699200
2020-04-08,82.29356227579922,85.44622718430473,81.26669482680998,84.9508056640625,32624300
2020-04-09,85.72546028743668,85.88759761337926,84.64454936266219,85.41920471191406,12982500
2020-04-13,85.11293330756351,85.41018618588853,83.4645453515844,84.67156219482422,9606600
2020-04-14,86.32895344055846,87.79719865146286,86.0407101203263,87.48193359375,12830800
2020-04-15,86.31993025662605,87.54496579446815,85.83351848081276,87.03153228759766,11019000
2020-04-16,87.6800724234199,89.15732678559857,87.40083871260043,88.93213653564453,11331600
2020-04-17,91.09398210185975,91.09398210185975,89.52665946204688,90.77871704101562,11504400
2020-04-20,89.91397276460968,91.34618648778316,89.81488849378742,90.05809783935547,10558100
2020-04-21,88.51779315080402,89.02222405634046,87.03154278529739,87.31978607177734,9291400
2020-04-22,88.58986294526703,89.20238083822981,88.04039806162706,88.65291595458984,11994100
2020-04-23,89.12130817477625,90.51748379936993,88.94115182587697,89.13932037353516,16013300
2020-04-24,89.67978261072042,90.5174907991621,89.121315066601,90.33734130859375,7853300
2020-04-27,90.96789866215825,91.88667920731045,90.82378040096188,91.49935150146484,8022100
2020-04-28,92.11185236632929,92.11185236632929,89.54468403845483,89.65277099609375,11517500
2020-04-29,91.03094962550301,91.03094962550301,89.66179524999764,90.2472915649414,9939900
2020-04-30,89.85996089089898,90.41842857123179,89.3645393626061,89.83293914794922,12768900
2020-05-01,88.80604882544853,88.96818612622751,87.32880091713461,88.12147521972656,10102000
2020-05-04,87.8512257489161,88.27458454989068,87.27473921592222,88.076416015625,8991300
2020-05-05,88.8510847938163,90.6345950051658,88.62589449235746,89.98604583740234,11498300
2020-05-06,90.45444386778803,90.51749688094968,89.04925850460663,89.09429931640625,9493200
2020-05-07,90.00407016076953,90.01307969827495,88.97720279758495,89.08529663085938,9453900
2020-05-08,90.04007694741347,90.07610821537102,89.27443140203515,89.54466247558594,10374500
2020-05-11,89.17535248412914,91.31916151427869,89.17535248412914,91.08496856689453,15115100
2020-05-12,91.61641851620338,91.69749059573479,89.68879014661094,89.69779968261719,18471000
2020-05-13,89.58069595182077,90.2742859038529,88.01337343423158,88.7249755859375,12667200
2020-05-14,87.90527999180641,89.74283361812361,87.88726779205632,89.69779968261719,12021400
2020-05-15,89.44559666331958,90.53551697295255,89.23841854787915,90.4544448852539,15170200
2020-05-18,92.14788957616246,92.57124164127917,91.14804392004456,91.20208740234375,10557300
2020-05-19,90.91382823955442,91.38222104000961,90.09413224842962,90.10314178466797,10561400
2020-05-20,90.78771398320949,91.13000073431915,90.00404933588506,90.21122741699219,10058000
2020-05-21,89.95901174870524,90.01305521451073,89.02221939859398,89.54466247558594,12259500
2020-05-22,89.55367694944006,89.80588898614499,89.08528414873985,89.73383331298828,10233200
2020-05-26,91.14802547629563,91.22909068334094,89.42756833375755,89.57169342041016,10828800
2020-05-27,89.69782694767733,90.49950408935547,88.33767523231569,90.49950408935547,15551900
2020-05-28,91.2380876276627,92.59823873811878,91.21106589571015,91.67945861816406,11707700
2020-05-29,92.07578965461106,92.98556018029785,90.69762643711914,92.78739166259766,19055300
2020-06-01,92.20192887536196,92.31002270732004,91.29215802177262,91.86864471435547,8436200
2020-06-02,91.90465645234109,92.44511175270141,91.35519161650053,92.40007781982422,13162300
2020-06-03,92.67029783932156,92.76037944552257,91.83258975638869,92.21991729736328,10020900
2020-06-04,91.66145748832452,92.30099708671224,90.90481454098796,91.49031066894531,10848300
2020-06-05,92.06679108623358,93.7151855464262,91.58938880341822,92.9675521850586,14579500
2020-06-08,92.59825330345305,93.64313271278779,92.37306300541184,93.60710144042969,8191300
2020-06-09,93.41795743977903,93.87734764590341,92.52620564034294,92.63429260253906,10371100
2020-06-10,92.9405386702939,93.2467941722906,92.08481829964437,92.49015808105469,10519700
2020-06-11,91.68846181680573,91.85960860369332,87.04053181884339,87.34679412841797,39561900
2020-06-12,89.17537390873666,89.46361726668242,86.40102729334377,87.914306640625,19397200
2020-06-15,86.59917823660244,88.61688133089925,85.95062909537003,88.11245727539062,14521800
2020-06-16,90.1842027786876,90.8597735959919,88.79702987581807,90.28328704833984,13272800
2020-06-17,90.73367662193704,90.8958139091145,89.8779493781762,90.1932144165039,9086200
2020-06-18,89.67978478640883,90.09413412257845,89.31948579653104,89.886962890625,7115200
2020-06-19,90.9138463075751,91.28315489959184,89.8149163250259,90.751708984375,12177000
2020-06-22,90.37629854548724,90.53007499134493,89.47172147379445,90.40343475341797,6889200
2020-06-23,91.02761219452883,91.5703641014739,90.6205551656972,90.79242706298828,5369900
2020-06-24,90.11395512121345,90.29486774439539,87.78014501474578,88.42239379882812,15739700
2020-06-25,88.34100021661459,89.39935373515269,87.59924039181396,89.29080200195312,10506300
2020-06-26,89.12797252910636,89.35411678373268,87.78015470391846,88.20530700683594,16631400
2020-06-29,88.90183873758102,89.16416693198667,88.21435819022054,89.0013427734375,7490200
2020-06-30,89.02847307392123,91.00045135152011,88.76614489692696,90.52102661132812,9183000
2020-07-01,90.94616037360909,91.5974568316455,90.37627942351419,91.217529296875,10932800
2020-07-02,92.02262109416554,92.42967798294131,91.70601362359017,91.90502166748047,6502400
2020-07-06,92.96337881917331,93.37044262561187,92.39349777180942,92.83673858642578,6374400
2020-07-07,92.15829457521875,93.14428701154905,91.90501414060157,92.03165435791016,5913200
2020-07-08,92.34826331889528,92.62868688396048,91.42559780849085,92.04071044921875,5624900
2020-07-09,91.9412151509453,92.28495196167995,90.16824487739855,91.31705474853516,10521700
2020-07-10,91.38940176667795,91.47985807508067,90.43055247513591,91.09993743896484,10502700
2020-07-13,91.6246254021379,93.30713954599042,91.38038569340453,91.6155776977539,10167200
2020-07-14,91.3984558303598,93.58753039241188,91.22658400146851,93.43375396728516,10889900
2020-07-15,94.12124745295094,94.91727279478269,93.92223939214915,94.6458969116211,9606900
2020-07-16,94.555423684564,94.56447138608574,93.82271859290888,94.49210357666016,6412200
2020-07-17,94.98962693348359,96.11130041297727,94.85393901144921,95.78565216064453,7548600
2020-07-20,96.0027479009925,96.32839615063168,95.45095541695807,95.76756286621094,6776300
2020-07-21,96.09323021631533,96.4550555421684,95.50525370974054,95.70426177978516,7458600
2020-07-22,96.13846151310453,96.72643805993285,95.6409482053084,96.56361389160156,5648400
2020-07-23,96.87113201695209,97.26914804129446,95.8127787537221,96.12937927246094,6970100
2020-07-24,95.97561425416225,96.02989356479783,94.46497238448356,95.07103729248047,6241000
2020-07-27,95.03485163991212,96.02989180058128,94.73634649308578,95.78565216064453,5934200
2020-07-28,95.83089974538706,96.31032450198046,95.49620373541829,95.67711639404297,6239400
2020-07-29,95.89421289143091,97.07015888971313,95.83089277538014,96.68119049072266,5449800
2020-07-30,95.74946690540867,96.17461916781723,94.98057789321464,96.01179504394531,5349200
2020-07-31,95.71330246098353,95.9756306528584,94.2117080367394,95.46002197265625,6920400
2020-08-03,96.05705356774558,96.76262266844353,95.88518169400461,96.4460220336914,8811800
2020-08-04,96.22889998309483,96.45504423593276,95.42382699510185,96.0208511352539,6092900
2020-08-05,96.54551159255901,96.63596791729283,96.21986330241711,96.46409606933594,4406600
2020-08-06,96.3465100950893,96.75356703478518,95.25197261814809,95.94849395751953,5369700
2020-08-07,95.84897868711575,96.27413098397618,95.57760972625528,96.25604248046875,4274000
2020-08-10,96.27413382146224,96.35554244170729,95.67710966749836,95.9303970336914,4640200
2020-08-11,96.46411000041142,96.5545663382087,95.09819652513123,95.3243408203125,8115900
2020-08-12,95.8399261753615,97.23297552227399,95.80374917016205,96.92542266845703,8205500
2020-08-13,96.8078307793434,96.89829400350452,96.14749341176768,96.79878997802734,5323300
2020-08-14,96.61785885443203,97.04301111209774,96.23793820342726,96.60881805419922,3826200
2020-08-17,96.78071003080781,97.54959924936156,96.73548531287885,97.17872619628906,4610200
2020-08-18,97.37773273011754,97.5405568950994,96.64502053701116,97.1515884399414,4220500
2020-08-19,97.24202544775386,97.51340130257653,96.62691282468053,96.83496856689453,6308100
2020-08-20,96.40982750722996,96.74451661225652,96.27413956401966,96.52742004394531,4938300
2020-08-21,96.3736573501369,96.75357812424797,95.87613712115113,96.62693786621094,6466700
2020-08-24,97.08823160382292,97.1244155047344,95.59567847274823,96.18365478515625,6363200
2020-08-25,96.67214443427586,96.8711455729212,96.30126455944318,96.83496856689453,5096500
2020-08-26,96.6359604640208,96.82592080172324,95.67710417194577,96.71736907958984,6995300
2020-08-27,96.88019450031936,97.92950712410426,96.19271405374907,97.47721862792969,7775200
2020-08-28,97.74859309287017,97.74859309287017,96.97065628350376,97.69432067871094,5159600
2020-08-31,97.48626430650734,98.39988904687736,97.40485568578258,97.92951202392578,6721100
2020-09-01,97.80286352235274,97.9566399494157,96.46408658326894,97.05206298828125,10999300
2020-09-02,97.14250949284106,99.25922295682489,96.73545266199262,98.99689483642578,8495800
2020-09-03,99.12356019487754,99.26828894204623,95.61379663281042,96.30127716064453,13337300
2020-09-04,96.63596891345077,96.80783386180411,94.4468940860007,95.6137924194336,14715500
2020-09-08,95.46000332913647,95.49618723488439,93.77748966941691,94.0398178100586,9660200
2020-09-09,94.74540534242256,96.49123945502885,94.72731683668019,95.70426177978516,8200800
2020-09-10,95.97560895114685,95.97560895114685,93.98554250595545,94.23882293701172,9186200
2020-09-11,94.68207087872415,95.06199155414853,93.88604562049574,94.60970306396484,8764300
2020-09-14,95.37859848034176,96.48218349438454,95.18863814370116,95.96656799316406,5846900
2020-09-15,96.46409657554476,96.86211268811245,95.84898390220164,96.09322357177734,5580500
2020-09-16,96.60882980790034,96.79879015651382,95.82184530532295,95.9303970336914,7193300
2020-09-17,95.04391135649833,95.9394407129324,94.73635846895793,95.6137924194336,7597300
2020-09-18,95.73139097817057,96.08417547600403,94.58257425845632,95.46906280517578,8649300
2020-09-21,94.1957826997053,94.1957826997053,92.39759562142386,93.70536804199219,8783000
2020-09-22,93.55099618371426,93.79620009014383,92.66098270537965,93.50558471679688,7833300
2020-09-23,93.89610016178705,93.93242794970746,92.45210696824032,92.54292297363281,7681900
2020-09-24,92.21597753016277,92.54292068454232,91.51667975542217,92.07975006103516,8434600
2020-09-25,91.76190834307947,93.81438366969117,91.6620086416414,93.56008911132812,6769000
2020-09-28,94.45918112655166,95.14031163698202,94.2230539428668,94.4046859741211,6511100
2020-09-29,94.56815280664765,95.04949082996144,93.9142733698032,94.28662109375,5402700
2020-09-30,94.57723278053484,96.56613591002157,94.5590723505636,95.794189453125,7565500
2020-10-01,96.23920116313141,96.62971626545581,95.05857217596893,95.46725463867188,9113200
2020-10-02,94.55908541422929,95.54899181162592,94.18673072461303,94.59541320800781,8628700
2020-10-05,95.27651834482926,96.63877906857815,95.24926731014854,96.53887939453125,6661200
2020-10-06,96.81133838654908,96.86583353328862,95.16754581026319,95.25836181640625,7747200
2020-10-07,95.93040842564712,97.3562411991849,95.91224799597391,97.05654907226562,7873100
2020-10-08,97.61961697454939,97.8466604644429,97.3199248337912,97.52880096435547,5942700
2020-10-09,98.07368694398254,98.70032908462252,97.8193993880174,98.40971374511719,5636300
2020-10-12,98.85475120961158,99.47230988607397,98.52780797331862,99.08179473876953,5065000
2020-10-13,98.49147453847509,99.00913347816608,98.07371530019975,98.3280029296875,6773600
2020-10-14,98.29168569591845,98.70036126857711,97.44708350744786,97.755859375,5999900
2020-10-15,96.54797164235671,97.22910211357,96.38450005211283,97.04747009277344,6197700
2020-10-16,97.36532915753472,98.7366737735049,97.32900136777461,98.0101318359375,7462100
2020-10-19,98.2644252928931,98.56412437966574,96.13021775119466,96.45716094970703,8308500
2020-10-20,96.80224933920124,97.38348698968245,96.42081797726208,96.58428955078125,7421100
2020-10-21,96.57522137685211,96.84767635273138,95.8759304343615,96.10297393798828,5474300
2020-10-22,96.239173476963,97.728577873909,96.23008979938693,97.55602264404297,6127100
2020-10-23,98.04645531760256,98.62768607059063,97.36532487936807,97.9193115234375,5697900
2020-10-26,97.12922100736688,97.24728807941031,95.9031873103676,96.82952880859375,8135500
2020-10-27,96.47530950119163,96.95664052493373,96.11203858157721,96.1665267944336,6893100
2020-10-28,94.57721927584039,95.14936627727019,92.99699879892745,93.11505889892578,11431700
2020-10-29,93.05150188988515,93.46018432381624,91.7800569767951,92.35221099853516,15974200
2020-10-30,92.23414349325172,92.77905340245647,91.09892606377072,92.32496643066406,10741700
2020-11-02,93.68723107037799,94.20488996164707,93.00610058561249,93.98692321777344,10287300
2020-11-03,95.14031653270303,96.3935942420115,95.06766094493547,95.3582763671875,9812900
2020-11-04,98.07368418793112,101.18872051859833,97.88296852631673,99.59033966064453,25531500
2020-11-05,100.9616910392568,101.034346614345,99.60851386511996,99.79014587402344,12864800
2020-11-06,99.89914789823088,100.50762286342189,99.18168955004901,99.82649230957031,12311200
2020-11-09,103.45916405881512,103.90417423720187,100.63474281108823,100.76188659667969,20443000
2020-11-10,101.22507603399126,101.41579174785649,99.96271469306096,101.05252075195312,12526500
2020-11-11,101.86078655772279,101.86078655772279,100.43494690254514,100.92536163330078,9935400
2020-11-12,100.7346563166779,101.13425508556759,99.88097748607392,100.55302429199219,7856300
2020-11-13,101.05252465499682,102.21499327255026,100.87089261443876,101.82447814941406,6576100
2020-11-16,102.63272298171775,102.79619454271693,101.14331850542129,101.65189361572266,7586000
2020-11-17,101.13424089094276,101.36128435434219,100.50759871473905,100.98892974853516,8898100
2020-11-18,101.20691844635589,101.24324623984893,99.08178756433085,99.1090316772461,9849900
2020-11-19,99.109010336861,99.1907495868246,98.30073615993021,99.03636169433594,10410900
2020-11-20,98.809326171875,99.27248988656575,98.46421564467342,98.809326171875,7674500
2020-11-23,99.29974853464073,99.35424368991399,97.9374874427191,98.55504608154297,7747700
2020-11-24,99.03638763495954,99.51771879574444,98.50964499798725,98.84566497802734,9615900
2020-11-25,98.96371480496369,99.03637038267938,98.07370129998947,98.48238372802734,11671800
2020-11-27,98.88195904634,99.46318971343494,98.56409960789998,99.39054107666016,4443900
2020-11-30,99.4268893998289,99.75382565489672,98.90014683370053,99.66300964355469,12723400
2020-12-01,100.62567895813706,101.59742483188394,100.32597988419575,100.49853515625,12682400
2020-12-02,100.57118124430457,101.42486697419825,100.50760934498169,101.25231170654297,8552400
2020-12-03,101.21598385582635,101.52476660150586,100.68924823124873,101.12516784667969,9795700
2020-12-04,101.16149306948277,102.22405490005647,101.03434927413979,102.20589447021484,7859600
2020-12-07,102.09692068908181,102.18773670444972,101.2069140381314,101.57926177978516,5803200
2020-12-08,101.33405350380725,102.43294317895855,101.29772571345296,102.35120391845703,7953200
2020-12-09,102.75990970803336,102.76899338988993,101.54295270556143,101.99703979492188,7386400
2020-12-10,101.97886607677022,102.38754163243495,101.61559506683591,101.82447814941406,5411000
2020-12-11,101.40670529256695,101.65190920726742,100.72557483873344,101.42486572265625,5222400
2020-12-14,102.19681109084934,102.705386273714,100.59842303622395,100.66199493408203,8469300
2020-12-15,101.36127029827452,101.96974503288997,100.82544419597183,101.75178527832031,5007500
2020-12-16,101.66097041068407,102.02423436269477,101.01616788840461,101.45208740234375,5355400
2020-12-17,101.6155746578325,102.60548778786372,101.60649097898354,102.54191589355469,4263700
2020-12-18,102.6418023955487,102.86884585122961,101.52475247373579,102.62364196777344,7876700
2020-12-21,101.10437272729865,101.68799981517887,99.73649543556995,101.59680938720703,6129600
2020-12-22,101.41445697563336,101.65155773703422,100.71228278201318,101.28678894042969,13104100
2020-12-23,101.64241841416862,102.10749872054446,101.28677081440618,101.35972595214844,3920700
2020-12-24,101.40533602731722,101.84305997551793,101.268553816054,101.65155792236328,1674700
2020-12-28,102.18046154817607,102.40844115273927,101.6333049313161,101.9068832397461,4390100
2020-12-29,102.38110713661641,102.8553087463268,102.04370167776324,102.39022827148438,5053300
2020-12-30,102.59995075174625,102.94647727157758,102.26253840745208,102.3719711303711,3563700
2020-12-31,102.38109381887645,103.61218944257641,102.043688403913,103.44804382324219,5581200
2021-01-04,103.84925157897601,103.86749384077399,101.3232409959358,103.00116729736328,12911800
2021-01-05,102.81881617504114,104.10462466586648,102.38109221122775,103.74897003173828,11081900
2021-01-06,102.29903237255729,105.44514886866473,102.29903237255729,105.17157745361328,17833700
2021-01-07,105.30837796432407,106.69449137218214,105.14423231468675,106.53946685791016,12407100
2021-01-08,106.73094739324887,107.52431903244124,106.03788735064586,107.05011749267578,9350600
2021-01-11,107.0774799521456,107.72494132090048,106.94069077116656,107.55168151855469,6428200
2021-01-12,107.341932613592,107.46047952145774,105.90109962236316,106.3844223022461,9225500
2021-01-13,106.32968268520484,107.04097791490325,105.9375574999371,106.67621612548828,5259600
2021-01-14,106.84947056861387,107.25071686585599,106.21113051153306,106.33879852294922,5792300
2021-01-15,106.04703211859984,106.91335214688836,105.62755032909472,106.6671371459961,10335200
2021-01-19,107.5152184699276,107.81615331727392,106.90423459735491,107.46961975097656,6194500
2021-01-20,107.65198685046097,108.23561416174981,107.00451856203189,108.06234741210938,6872000
2021-01-21,107.9255645253515,108.03499726161209,107.18691268840618,107.55168151855469,5796200
2021-01-22,107.23249816894531,107.83436774707911,107.09571595335704,107.23249816894531,4796400
2021-01-25,107.29632177123636,107.99849587463417,107.077456346964,107.93466186523438,6962000
2021-01-26,108.24471967128841,108.50917686263409,107.47871149557189,107.5334243774414,5504000
2021-01-27,106.34792519675007,106.34792519675007,104.00429521163719,104.26874542236328,13096900
2021-01-28,105.15332460062181,107.12307198618484,104.95270140867896,105.79167175292969,12626100
2021-01-29,105.63663146535114,106.38441128446229,104.04989528703345,104.89797973632812,10462400
2021-02-01,105.755191742327,106.10171827482479,105.13508687122464,105.29923248291016,10105300
2021-02-02,106.12907376938726,106.64886704218485,105.57280292127577,105.60016632080078,11515700
2021-02-03,105.60015164173986,105.65486451841225,104.5240876704102,104.85237884521484,11280300
2021-02-04,104.85240594456141,105.71872585024072,104.6244262896577,105.29012298583984,8451500
2021-02-05,106.01053523630016,106.17468085947765,105.22628469860628,105.48162078857422,5557000
2021-02-08,105.8554900538033,106.00139338066872,105.29921927052176,105.60926818847656,6956700
2021-02-09,105.60016713265911,105.8646173802924,105.49985553912117,105.76431274414062,4730300
2021-02-10,106.53030134379304,106.55765778110506,105.58190542512864,105.95579528808594,5406400
2021-02-11,106.32967760115199,106.42086804414555,105.65485997413788,106.15641784667969,4684000
2021-02-12,105.94670475973213,107.06836771521688,105.80991557627493,106.94981384277344,6345300
2021-02-16,107.08658637399361,107.18689796243771,105.54544193097571,105.89197540283203,9531900
2021-02-17,105.54541835241953,106.32966861920914,105.42687148228035,106.27495574951172,5022200
2021-02-18,105.75517847272727,106.03787095173139,105.17155125049504,105.60926818847656,7756600
2021-02-19,105.69134467300884,105.7734139900242,104.24139078927,104.33258819580078,9390800
2021-02-22,103.831021098739,104.4055271391495,103.15620348593205,104.08635711669922,7213300
2021-02-23,104.01343568937794,104.6517828985376,103.42980832850374,103.91312408447266,8731500
2021-02-24,104.03165188310493,105.19890631228888,103.70336070522379,104.63351440429688,9842000
2021-02-25,104.48763566811303,104.90711739247985,103.05592373330505,103.58483123779297,14494800
2021-02-26,103.94958420216568,103.94958420216568,102.42668203062858,102.6911392211914,14687000
2021-03-01,103.53009644716433,104.51497000423686,103.50274000792099,104.03165435791016,7361800
2021-03-02,104.25052140997722,104.49673634081833,103.63041655900837,103.73072814941406,8456100
2021-03-03,103.34772515716753,103.45715092431595,102.18047059167758,102.41756439208984,14946600
2021-03-04,102.18959314306217,102.86441789692249,100.24720908572885,101.04058074951172,23441700
2021-03-05,101.63331356954147,103.39331654465447,100.8125924892659,103.06502532958984,15645200
2021-03-08,103.1471047411386,104.44202737462874,102.68202434612395,102.8096923828125,12691800
2021-03-09,103.56659981663464,105.05302469733,103.36597660236187,103.41157531738281,11022300
2021-03-10,104.09550452606689,104.68825297875735,103.61218880472107,103.64866638183594,11641100
2021-03-11,104.00429882601719,104.85238323688647,103.8583885389326,104.27787017822266,6549400
2021-03-12,104.05901365844505,104.65176203542917,103.89486806108616,104.50585174560547,7452400
2021-03-15,104.31435410532691,105.2536290241565,104.1958072078873,105.22627258300781,7119100
2021-03-16,105.3357118161925,105.52721387345666,104.77944095383104,105.16244506835938,8618600
2021-03-17,104.70649430446927,105.29924279121573,104.1502233969335,104.77944946289062,7524900
2021-03-18,104.29614302591227,105.41779911789403,104.25054430848091,104.56060028076172,8553300
2021-03-19,104.67000629608945,105.55456837099796,104.14109188631524,104.93446350097656,12595800
2021-03-22,104.868563004504,105.92091037865464,104.34696571213824,105.84770202636719,6156800
2021-03-23,105.71960405479125,105.89347216772428,104.51169401788515,104.77706909179688,9170500
2021-03-24,104.83197270504651,105.46338260942365,104.6306532003736,104.65811157226562,12647000
2021-03-25,104.81367738958201,105.29867058519987,103.72472566102077,105.09735107421875,11505300
2021-03-26,105.36272938261384,107.22034804827211,105.0790556892968,107.08308410644531,8286500
2021-03-29,106.65299022912836,107.9524071907105,106.6163860494528,107.58637237548828,8958900
2021-03-30,107.29354628605128,107.29354628605128,106.3693099453037,106.61638641357422,6865700
2021-03-31,106.84516410234005,107.47656704487459,106.66214319168708,106.82685852050781,8504100
2021-04-01,107.00073017024472,107.10138992904119,106.16800070775288,106.50658416748047,6676400
2021-04-05,107.04646734736382,107.57721045377521,106.87259925404658,107.2477798461914,7190900
2021-04-06,107.38503956978461,107.69617156770153,106.68042839756954,106.83599090576172,5206700
2021-04-07,106.7719286835913,107.13796343061534,106.3235397837912,106.59806060791016,5753200
2021-04-08,106.9092112115593,107.22948905292786,106.61638475923185,106.7627944946289,4292400
2021-04-09,106.82685463104912,107.99816049044647,106.76279906003624,107.9341049194336,5919100
2021-04-12,107.77853211618255,108.26352524785192,107.6595737760761,108.04390716552734,8279500
2021-04-13,107.70532196631704,108.7942735331444,107.60466222577672,108.49229431152344,6519600
2021-04-14,108.36418897086537,108.92239047765963,108.29098061355685,108.483154296875,6226600
2021-04-15,108.9132168793024,110.66102942306708,108.9132168793024,110.34075164794922,8438300
2021-04-16,110.90812315921606,111.29246355511354,110.52378974485201,111.16435241699219,7447400
2021-04-19,110.95388691618824,111.21926199896771,110.62445626042984,111.19181060791016,7094300
2021-04-20,110.67935291260429,111.90556850368785,110.67935291260429,111.62189483642578,8063900
2021-04-21,111.96962698523247,113.00366891338234,111.9147242047302,112.93961334228516,9635900
2021-04-22,112.84809458825565,113.10431684586904,112.00621946137369,112.43630981445312,10030800
2021-04-23,112.3813956414859,113.43374299949679,112.14347897249971,113.17752075195312,4974500
2021-04-26,113.11347547037393,113.12262826048452,112.58272534849195,112.79319763183594,6907100
2021-04-27,112.50950618442307,112.52781176288605,111.9604575165879,112.14347839355469,7034700
2021-04-28,111.96047128083835,112.0885824196986,111.60358925379433,111.8049087524414,6788100
2021-04-29,111.92386895033432,111.95132034032463,110.75256310052447,111.35652160644531,8148900
2021-04-30,110.91727943748035,111.56698793882211,110.82577247616372,111.02709197998047,7153400
2021-05-03,111.63103287483992,112.40885244422903,111.47547035726869,112.2898941040039,13179100
2021-05-04,112.12516275780797,112.49119749737676,111.64016969503041,112.4088363647461,16186300
2021-05-05,112.56444135179368,112.95792759919337,112.38142043350652,112.61019134521484,16713700
2021-05-06,111.96961183957484,112.76573695683733,111.39311177768091,112.75658416748047,16115000
2021-05-07,113.02196404792383,114.1292142354224,112.97620708071219,113.53440856933594,7576700
2021-05-10,113.94620764078226,114.5593189632713,113.63508256562311,113.68083953857422,8846700
2021-05-11,113.08603793658003,113.56187835763045,112.19840568850057,112.45462799072266,11357800
2021-05-12,111.85064624993402,112.40884069691222,111.28329203266033,111.39310455322266,10946500
2021-05-13,111.594418485242,112.9121408229823,111.42055738567461,112.39969635009766,11228000
2021-05-14,113.04942505549143,113.34225151857804,112.68339023124976,112.9670639038086,6590400
2021-05-17,112.83893832709416,113.36053561591228,112.68337581569094,112.75658416748047,5997700
2021-05-18,112.71998927401773,113.44290609902252,112.34480167634946,112.79319763183594,9202000
2021-05-19,112.06114072793753,112.67424508576012,111.26501545480919,112.60104370117188,10063000
2021-05-20,112.56440803890622,114.26646367682382,112.56440803890622,113.78146362304688,7522700
2021-05-21,114.156679103594,114.98940853075645,113.70829009440935,113.79979705810547,8423300
2021-05-24,114.38545498384607,114.61422589381377,113.8638575883811,113.90961456298828,4958800
2021-05-25,114.07432845124794,114.08347426082614,113.4429185136509,113.57102966308594,6798500
2021-05-26,113.54355734318966,113.58016151935773,112.42715440542796,112.91214752197266,6848800
2021-05-27,113.15007798459416,113.24158493975399,112.60102927210198,112.66508483886719,8102900
2021-05-28,113.09515629302108,114.03769807816113,113.03110073301471,113.10430908203125,10059900
2021-06-01,113.2415864697454,113.27819064861052,111.15519714516633,111.2467041015625,13368300
2021-06-02,111.34736983535548,111.63104350989711,110.76171690508872,111.02709197998047,13245100
2021-06-03,110.61527825777772,111.65847276939981,110.36820881303869,111.36564636230469,13244400
2021-06-04,111.95132797543725,112.28075864085524,111.59444591815677,111.7225570678711,11228900
2021-06-07,111.99708721195559,113.11349038047571,111.80492048350224,112.12519836425781,13978500
2021-06-08,112.3997152906487,112.46377086055332,110.91727741088428,111.77745819091797,10799500
2021-06-09,112.06113641522568,113.04942837523973,112.06113641522568,112.85726165771484,7965600
2021-06-10,113.13175736058336,114.91617416581083,113.08600737985378,114.7880630493164,9350900
2021-06-11,114.61422671938249,114.66912950407928,113.39716379401965,113.97367095947266,6958100
2021-06-14,113.90959499658963,114.09260890051361,113.2690323697899,114.07431030273438,5156000
2021-06-15,114.19327728776976,114.36714539673423,113.62592297219805,114.11091613769531,5409100
2021-06-16,114.22987814472697,114.80637825234408,113.35139879817712,113.67167663574219,11653200
2021-06-17,113.47036190161793,114.84298724720202,113.45206330221824,114.54100799560547,6527000
2021-06-18,113.68996359081473,113.84553308015646,113.0768593671908,113.232421875,11152600
2021-06-21,113.59163409832946,114.804257798241,113.17823535433685,114.59296417236328,6655400
2021-06-22,114.66644158089892,114.99715772460098,114.28060841617211,114.84098815917969,7194000
2021-06-23,114.68482418137636,114.95123482688514,114.3173679891495,114.36329650878906,6506600
2021-06-24,115.03394599770186,115.7596840728416,114.82265232669992,114.95126342773438,7029200
2021-06-25,114.90529987369113,115.82395432037794,114.84099434277415,115.47486114501953,8344200
2021-06-28,115.59426653245696,115.79637158986264,115.20843342765106,115.64938354492188,4631400
2021-06-29,115.65859258558221,116.13628979890532,115.51160451454311,115.77801513671875,6165500
2021-06-30,115.65860028991735,115.9433809355544,115.26357858365752,115.70452880859375,8542700
2021-07-01,115.7872083583635,116.81610387120428,115.74127283209899,116.7334213256836,12021000
2021-07-02,116.88040729966018,117.96441981749174,116.67830220177642,117.85417175292969,12327900
2021-07-06,117.50510475771931,117.75313138915271,116.90797790912002,117.74394989013672,11413100
2021-07-07,117.75312597158076,118.48805236816406,117.32136424802393,118.48805236816406,18435700
2021-07-08,117.3856620827414,117.92766483286903,116.77016529602041,117.83580780029297,8386600
2021-07-09,118.25838374836432,118.5982954277349,117.97360311089093,118.24002075195312,5224200
2021-07-12,118.24004002375308,119.05764205905628,118.14816895650502,118.4697036743164,9097900
2021-07-13,118.32270365188745,118.74527687651492,118.074663009355,118.35944366455078,9698800
2021-07-14,118.62586590008581,118.72691846075391,118.03792755189578,118.24921417236328,7487000
2021-07-15,117.61532569051286,118.12976992911224,117.11006995868192,117.83580780029297,8750600
2021-07-16,118.13897037727403,118.5891020960656,117.75312316466015,118.15733337402344,6511000
2021-07-19,117.38567581128511,117.94605564048743,115.96176548183853,116.91716003417969,19460400
2021-07-20,117.29381469311876,119.01170124629043,117.29381469311876,118.3410873413086,15053700
2021-07-21,118.81876960468142,118.85552363449345,117.25705975899561,118.53398895263672,8295700
2021-07-22,118.63505650949509,119.40672302246094,118.3135217869808,119.40672302246094,9261100
2021-07-23,119.91196430306981,120.90411279172221,119.76497622677586,120.78468322753906,8303800
2021-07-26,120.44480311982876,120.79389634751433,119.608824083822,120.00385284423828,6626500
2021-07-27,119.83847173911201,120.56421661376953,119.51695108801262,120.56421661376953,9551600
2021-07-28,120.38968680374904,121.34508140947128,120.08652910699077,120.99600219726562,7432600
2021-07-29,121.39099242554795,121.47366795772344,120.9316652233902,121.2899398803711,5662700
2021-07-30,121.08784547054348,121.85033037548662,120.92249439160776,121.40018463134766,6634400
2021-08-02,121.87790622182585,122.04327134183444,121.20729227706616,121.56556701660156,8366300
2021-08-03,121.6206782461621,123.29263629590112,121.53800269888217,123.2558822631836,7701700
2021-08-04,122.77819080647635,123.53149436288066,122.57608565805361,122.73226928710938,8322100
2021-08-05,122.6403891421189,122.65876615904111,121.2991472579333,122.22699737548828,8240900
2021-08-06,122.17188921117815,122.28212328560014,121.34509160033991,122.1259536743164,6923700
2021-08-09,122.30047450321118,122.82410026380872,122.20860344886889,122.59443664550781,9852500
2021-08-10,122.65875506740507,122.90678169442113,121.84115310775965,122.30966186523438,5832600
2021-08-11,122.50258619662125,122.69549579653753,120.99599334024855,121.0970458984375,14512500
2021-08-12,121.21645029638574,122.15348174810576,121.13377476117482,122.05242919921875,8220300
2021-08-13,122.35559888325025,122.84248466190913,122.20861079448947,122.81492614746094,7922900
2021-08-16,122.81492960472461,124.2296514505937,122.39234234203037,124.21128845214844,8404200
2021-08-17,123.88056682843914,125.68112182617188,123.8162542840281,125.68112182617188,13874500
2021-08-18,125.51576904123786,125.65356160945797,123.69682303540091,123.77031707763672,12427700
2021-08-19,122.95274454150749,124.97378212496967,122.91600452037922,124.33072662353516,11669200
2021-08-20,124.45012473710175,125.41471475399197,124.01835600589902,125.0380630493164,7252700
2021-08-23,125.74546267176387,125.83731973331093,125.04727611270148,125.08403015136719,8471300
2021-08-24,125.08403076705737,125.10239376892201,124.28479162406818,124.64306640625,6548100
2021-08-25,124.52362850318723,124.58792703330536,123.78870205113493,124.30314636230469,6918500
2021-08-26,124.37664113749977,124.65224031082757,123.57741615064982,123.8162612915039,5972100
2021-08-27,124.0918585416819,124.43175624023662,123.47636167407056,123.678466796875,8679200
2021-08-30,123.56821982139243,124.82678610055213,123.55903832211249,124.37664031982422,6417200
2021-08-31,124.40419805871619,124.98295491353159,123.77032417345288,124.21128845214844,9299100
2021-09-01,124.31232126503701,124.42255530842061,123.07213220675605,124.24800872802734,10571100
2021-09-02,124.70735907860576,125.59845514149276,124.56956649880115,125.580078125,6847800
2021-09-03,125.45147019403224,125.89242047803317,124.8543503098134,125.71788787841797,5632800
2021-09-07,125.24935194214967,125.45145705480684,124.16534635385693,124.98294830322266,8739100
2021-09-08,124.73491755729817,125.12994631521411,124.40420134830948,124.92784118652344,6986200
2021-09-09,124.75326693233562,125.03804754578582,123.41202537707103,123.48551940917969,8905600
2021-09-10,123.92648211056392,124.03673017864726,122.29127827913433,122.3555908203125,10561600
2021-09-13,122.99864600702115,123.07214004647642,120.98679048179164,121.60228729248047,11676700
2021-09-14,122.17187696588395,122.45665764130236,121.37263795375898,121.58393859863281,10436300
2021-09-15,121.42772030547191,122.9435083317238,121.24399224647082,122.37394714355469,10299900
2021-09-16,122.53016071738752,122.75982437804086,121.22567280698345,122.06163787841797,10525700
2021-09-17,121.96057864251596,122.2821133568834,121.38183578123387,122.18106079101562,13541400
2021-09-20,120.79544441385359,121.98469234893125,119.85511112724888,120.90606689453125,17245000
2021-09-21,121.45921272725838,122.33500689368564,121.07201996105732,121.09046173095703,11741800
2021-09-22,121.44997851749723,121.90169630220399,120.71246258157328,121.29325866699219,11964100
2021-09-23,121.56983705047296,122.87892139416496,121.47765633347858,122.16907501220703,10366500
2021-09-24,121.96621556632859,122.4179332773841,121.41307518783691,121.67120361328125,6962600
2021-09-27,121.32092468670635,121.46841663298105,119.6799589737136,119.9380874633789,11631400
2021-09-28,119.17292805643258,119.17292805643258,117.47664389793086,117.88227844238281,17433400
2021-09-29,118.40773527874273,119.36649615833912,118.1680345086337,118.81336975097656,11171400
2021-09-30,119.2097854525506,119.95651530329782,117.25538000941492,117.3567886352539,21653100
2021-10-01,117.51351707422356,117.93758634346057,115.49457232780281,117.38445281982422,23188900
2021-10-04,116.90506206096525,117.50429295904554,115.01518865437252,115.59597778320312,27580700
2021-10-05,116.0661320601069,117.46740393434752,115.90941220555847,116.28738403320312,19151800
2021-10-06,115.64208062593868,116.17677239033249,114.77550030066757,116.07537078857422,21322100
2021-10-07,116.87740554193833,118.37086529986982,116.6561535469622,117.61492156982422,15806400
2021-10-08,117.78086072640771,118.00211271838195,116.7852162123126,117.02490997314453,9552300
2021-10-11,116.92349739249367,117.5411629923413,116.07535892403362,116.11222839355469,7843400
2021-10-12,116.480970323397,116.6008206999673,115.26407402631312,115.54985809326172,13007200
2021-10-13,115.74348144351889,116.25973843639838,115.02440016039871,115.73426055908203,10609000
2021-10-14,116.9327233434938,117.85461491334213,116.9327233434938,117.39366912841797,8857900
2021-10-15,118.00209714448286,118.5091402190398,117.75318956554688,117.97444152832031,8976100
2021-10-18,117.45820785536877,117.57805122695432,116.66538054555794,117.17241668701172,11660700
2021-10-19,117.8085183123496,119.01620098761938,117.8085183123496,118.71197509765625,9487000
2021-10-20,119.42181068124269,120.5834028958927,119.31118821011297,120.40824127197266,13665700
2021-10-21,120.65717147462742,120.97061122792164,119.78136324196886,120.89685821533203,8267500
2021-10-22,120.78622842152902,121.4315496589557,120.6018529346854,121.38545227050781,8009700
2021-10-25,121.44077945416376,121.66203850759462,120.50046012771972,121.53297424316406,10629700
2021-10-26,121.80953329185002,122.48251017515099,121.14577025981808,122.13218688964844,9271600
2021-10-27,122.32578448399107,122.45484873036176,121.1273227294359,121.16419219970703,11851400
2021-10-28,121.38545641068399,122.64844330893577,121.38545641068399,122.17828369140625,9282500
2021-10-29,122.02157055082397,123.52425833330452,121.55141090735576,123.36753845214844,15415100
2021-11-01,123.47816025486321,123.98520343634534,122.74985803047548,123.22003173828125,14356700
2021-11-02,123.69938039703842,124.6120579404779,122.6207691549443,123.99439239501953,20851500
2021-11-03,123.75471200882969,124.76878415298211,123.29376628868395,124.72268676757812,14610000
2021-11-04,124.43688641522722,124.63048978185257,123.00795205606357,123.86531829833984,15818500
2021-11-05,122.74984049902656,123.2568836080915,121.59747619067315,122.48249816894531,14867300
2021-11-08,122.70379386537617,123.36755703079079,122.22440623103198,123.21082305908203,8948800
2021-11-09,123.24768802268213,123.35831051125491,122.51938579438007,122.75908660888672,7287000
2021-11-10,122.72221271020288,123.60723488916794,122.70378500529237,123.10940551757812,8445400
2021-11-11,123.0909262297334,123.17389306791321,122.45481900313267,122.74981689453125,8597300
2021-11-12,123.53345325070029,123.64407572233756,122.67610096161732,123.35829162597656,8317600
2021-11-15,123.6440647187256,123.70860386606844,122.4732728195661,122.59310913085938,6268900
2021-11-16,122.56549281676173,123.77316863506434,122.35346167468845,123.10940551757812,6150900
2021-11-17,123.24767642803151,123.76393341540272,122.71297767198335,123.2845458984375,8229000
2021-11-18,123.41362482747914,123.64409772904203,122.9065956976004,123.33065795898438,9029300
2021-11-19,123.69937346815179,124.11423582544296,122.47327036269226,122.58389282226562,10166100
2021-11-22,122.7590714867302,123.18313368532031,121.87404948632232,122.03076934814453,11146200
2021-11-23,121.45921852104546,122.28891533577566,121.09046750715414,122.15985107421875,12075200
2021-11-24,121.92936471891315,122.33499922960158,121.5053025064283,122.11375427246094,6760800
2021-11-26,122.5562459836469,123.27532015625786,121.23793395589581,121.6620101928711,11896900
2021-11-29,122.32580856752551,122.81441002976393,121.86486273017223,121.99392700195312,17137100
2021-11-30,121.29326050287614,121.84638691298134,119.42180798452755,119.59696960449219,19467000
2021-12-01,120.16856980830984,121.77265211099284,119.36651459001958,119.38495635986328,22241400
2021-12-02,119.34807081856945,120.45433772211918,118.77648856596038,119.96573638916016,17531100
2021-12-03,120.80463910249847,121.26558478813628,119.19132920276617,120.18697357177734,22111900
2021-12-06,120.50045827312454,121.39468019130565,120.31606869796182,120.86920928955078,15230900
2021-12-07,121.68964634884647,122.72216005886905,121.52371267414038,122.42716217041016,11974700
2021-12-08,122.77750825718707,123.43205743850969,122.15984261486913,123.34909057617188,15144700
2021-12-09,123.22924552095941,124.04051461087653,123.13706480334554,123.63488006591797,9095800
2021-12-10,123.3122108038823,124.32629715326043,123.25689956063421,124.06816864013672,8554300
2021-12-13,124.06814661698277,125.5892618040901,124.06814661698277,125.23895263671875,12201800
2021-12-14,124.658172954429,125.3864610686618,124.1142603315382,124.73192596435547,11070800
2021-12-15,124.99927464409369,127.35010096180838,124.88865215707855,127.28557586669922,14996300
2021-12-16,127.27634747647237,128.6868404484842,127.0458745847456,128.04151916503906,19227500
2021-12-17,127.39620012762482,128.1797995331415,126.6494701959769,127.14728546142578,21504200
2021-12-20,126.88628043937308,127.27496109878221,125.28528326873442,126.37728881835938,16185700
2021-12-21,126.73824538831784,126.9603547403806,125.56293968029217,126.90483093261719,10773400
2021-12-22,126.84002444159576,128.45953448629643,126.6179292443384,128.385498046875,7246000
2021-12-23,128.71864697821556,129.3294369747945,128.3392155450978,128.91299438476562,7743800
2021-12-27,129.37571931358957,130.2733917236328,129.23689569453757,130.2733917236328,6968900
2021-12-28,130.39370169844307,130.62506029912947,129.58857828677714,129.9309844970703,6065900
2021-12-29,129.8014303038387,130.93972483947016,129.70889533185021,130.6713409423828,7103600
2021-12-30,130.91195062332764,131.39316632283047,130.77312699688795,130.93971252441406,7931700
2021-12-31,130.7823893044145,131.2821176408755,130.33817064866295,130.3844451904297,7882800
2022-01-03,129.82916741894863,130.069789366396,127.9320384638042,129.0425567626953,15122300
2022-01-04,128.75566540057767,128.90372414134484,126.79373528460515,127.33975219726562,14304500
2022-01-05,127.61737019495261,128.38548227344702,126.38655513868403,126.43281555175781,15370700
2022-01-06,125.64622696893721,126.41433918200049,124.74855451035769,124.97064971923828,15182000
2022-01-07,124.67451372638678,124.90587230825417,124.0729870619344,124.33210754394531,9619400
2022-01-10,123.78609273704868,125.68323596594703,123.48996108997109,125.60919952392578,15589900
2022-01-11,125.79430149719602,126.62720099788785,124.93365421292485,126.60868835449219,12168300
2022-01-12,125.88681529037406,126.44208146845378,125.70173127134932,126.24773406982422,10831800
2022-01-13,126.02564223114612,126.18297849616674,124.06372593991428,124.28583526611328,13804900
2022-01-14,123.95268705492978,124.20255829935122,122.79589404317481,124.072998046875,14341800
2022-01-18,122.85137835551373,123.0457257322557,122.01849330319995,122.33313751220703,16471400
2022-01-19,122.56450545333323,123.52695079039103,121.71310769951151,121.83340454101562,14639600
2022-01-20,122.1295640526762,123.37890598922041,120.9635219339731,121.03754425048828,15127800
2022-01-21,121.40773484775954,121.78716632096358,119.62163920621826,119.81598663330078,25804800
2022-01-24,118.73321747543014,119.62162645048187,115.60524518179663,119.41802978515625,37938000
2022-01-25,117.83556134667153,119.66791746591626,116.85459610233961,118.64994812011719,19326800
2022-01-26,118.84426393139621,119.91777104358094,117.10445009428985,118.0298843383789,29557400
2022-01-27,118.60366580143746,120.1583886804454,117.94660122120932,118.33528900146484,18483600
2022-01-28,118.23351079804898,120.7969611935752,117.40061835636915,120.75068664550781,20906800
2022-01-31,120.52857693969462,121.66685725625963,120.28795496703316,121.44474792480469,19044400
2022-02-01,121.8797091096254,121.99077084123583,120.79695254323087,121.76866149902344,14674800
2022-02-02,121.68534620702057,123.70278595452291,121.43547502290619,123.40665435791016,13595200
2022-02-03,123.24011507003625,123.34191343351075,122.6478375337329,122.87919616699219,13805600
2022-02-04,121.75941150828545,123.295621889431,121.53730216740506,122.43497467041016,12004100
2022-02-07,122.48125032798849,122.90694225061745,121.87970948634877,122.22212982177734,9229200
2022-02-08,121.57427082227245,123.43440236436105,121.29665189450112,123.22154235839844,11071600
2022-02-09,123.81384773143515,124.43390113365113,123.68428749537658,124.17476654052734,10811000
2022-02-10,122.74035306732914,123.81384610009606,121.7501316097089,122.23136138916016,14393300
2022-02-11,122.06477214614083,122.9902063978053,120.3897384099891,120.53781127929688,13072300
2022-02-14,120.28793431880035,120.51929287064041,118.40930400753953,119.30697631835938,14386900
2022-02-15,120.3434545134868,121.12082995638913,120.03807366067385,120.64884948730469,8969900
2022-02-16,120.02882405580714,121.17636765387383,119.69566714804627,120.8339614868164,8779200
2022-02-17,120.34348097410094,120.40826815900667,118.71472154328575,118.89055633544922,11906800
2022-02-18,118.77947403918812,119.41801171544621,117.6041687619233,118.00210571289062,13505600
2022-02-22,117.58567505018789,118.6684314420214,116.91936125198168,117.70598602294922,13682100
2022-02-23,118.30752789328352,118.71472128033741,117.00266908736701,117.11372375488281,12022800
2022-02-24,115.02223569847463,117.82630063685406,114.80938269229728,117.58568572998047,23220000
2022-02-25,118.11318146360489,121.48176893380092,117.98362122173239,121.18562316894531,17012300
2022-02-28,119.24223738590847,120.40827973726363,118.87205512443978,120.26947021484375,17987700
2022-03-01,119.64014531407369,120.62110341385849,118.67769985419243,119.60313415527344,14064200
2022-03-02,120.13061867936334,122.06477288805651,119.9732965501449,121.40772247314453,12395600
2022-03-03,121.94447767146826,122.74035170824541,120.9912815033639,122.02776336669922,11172600
2022-03-04,120.79694560768249,122.74961266770273,120.43602677293978,122.63856506347656,12160400
2022-03-07,121.87044755207593,122.10180613149106,119.95479173643525,120.50080871582031,15704000
2022-03-08,119.70493870532756,120.59334777270558,117.96511761028496,118.03915405273438,21794600
2022-03-09,119.96407514451063,120.8895096166682,119.07565183799521,120.26947021484375,15576500
2022-03-10,118.81651093850806,120.48229552691248,118.68695069946588,120.22317504882812,10708800
2022-03-11,120.5470587096303,121.25039776766997,119.20518188927345,119.32549285888672,9869100
2022-03-14,120.28792989689157,121.89819044206544,119.81596355204977,120.16763305664062,14373200
2022-03-15,121.13934505004053,122.69408202759654,120.93574837296765,122.56452178955078,14374100
2022-03-16,123.18455190315774,124.05446234566057,121.92596077547391,124.03594970703125,13840400
2022-03-17,123.67505890913654,126.05343221556657,123.50848748679199,125.99789428710938,10973100
2022-03-18,125.92386298937089,126.93258307552779,125.54443150415327,126.77526092529297,11364200
2022-03-21,126.71582991941334,127.80196390463018,126.08457837178884,126.67870330810547,11473100
2022-03-22,126.8086817556725,126.98505088526026,126.24240525631262,126.7065658569336,8892100
2022-03-23,126.10314030952232,126.33522059461716,124.39503281083779,124.43215942382812,10013400
2022-03-24,124.89630640066103,125.91746520996094,124.62709953187556,125.91746520996094,7189200
2022-03-25,126.34454454928492,126.7158674325137,125.5368953224193,126.50235748291016,7040100
2022-03-28,126.71584481235057,127.45850461129525,126.26096232129579,127.4213638305664,8467000
2022-03-29,128.47962754838255,128.99020695847395,127.412064007782,128.1732940673828,12327700
2022-03-30,128.19188512871898,128.93454500295508,127.77414337604208,128.42396545410156,10752900
2022-03-31,128.15474882970986,128.86026786616364,126.94792839586013,127.17073059082031,15843000
2022-04-01,127.52345800087284,128.2196987878006,126.66940433538137,128.1732940673828,20785700
2022-04-04,127.88551450347673,128.10831667537596,126.80867275193816,127.10572814941406,16769500
2022-04-05,126.78082164643608,128.88810038149893,126.71583236907118,127.37494659423828,15025100
2022-04-06,127.050003902066,129.62145686169927,126.9664584174161,129.3151092529297,23197800
2022-04-07,128.85097002725848,132.13722045074087,128.85097002725848,131.8030242919922,18160200
2022-04-08,131.81230057123523,133.13979276859146,131.617346933519,132.5920867919922,19102700
2022-04-11,132.21150216884482,132.74993015880628,129.76073479405377,129.9556884765625,16570700
2022-04-12,129.63077560965513,130.39200581524588,128.13617786714494,128.69317626953125,14085400
2022-04-13,128.68388843768898,129.45439678275295,128.01549599775538,129.32443237304688,15496400
2022-04-14,129.44511342367238,130.10421355866447,128.6096158250857,128.70245361328125,10993400
2022-04-18,128.5724856468225,128.86955522877193,126.74369175748623,127.28211975097656,10125000
2022-04-19,127.61631244271005,128.95309719464828,127.56989355117337,128.4982147216797,11733100
2022-04-20,128.8509878559465,130.7262006820065,128.70245306149354,130.2248992919922,13674800
2022-04-21,130.58694086904822,130.73547565993957,128.4982181792073,128.78599548339844,11409700
2022-04-22,127.62554609618701,127.66268686250102,123.95868158306352,124.0886459350586,17525300
2022-04-25,123.72666713300592,125.19341655085488,122.33418512220673,124.92420959472656,16501900
2022-04-26,124.17221570888292,124.84060798280184,122.54765390853505,122.72403717041016,20087700
2022-04-27,122.70544753580462,123.69875768000246,121.8513940231111,122.4548110961914,16726700
2022-04-28,123.31817343689819,124.55284221885307,122.17634243240545,124.14437866210938,15510700
2022-04-29,122.93754946734157,123.57809325624476,120.76528161675641,120.95094299316406,17430200
2022-05-02,120.84885770901353,121.52654244381377,118.2495623685551,120.19903564453125,23615100
2022-05-03,120.57037276549762,121.74005248262391,120.15261685611236,120.57965087890625,13585300
2022-05-04,120.38466629297969,123.69877922221207,119.37279975373951,123.25318908691406,19053500
2022-05-05,122.6497844085626,122.77974880148042,119.61418448146988,120.8581314086914,16119800
2022-05-06,119.68842996145162,120.81170470009033,119.0757488145224,120.47750854492188,21742300
2022-05-09,119.13144937532775,119.15929787533659,116.90347730175638,117.35835266113281,17289800
2022-05-10,118.58373498048704,119.02933222348263,116.68995909217963,117.7761001586914,21850200
2022-05-11,117.19125395459884,119.83696767927246,116.85705779121606,116.99630737304688,19987300
2022-05-12,116.56927320708006,118.2031202275619,116.30005925442761,118.12885284423828,17497100
2022-05-13,118.9086425253054,119.75341809910618,118.38878499221427,119.38209533691406,9841500
2022-05-16,119.2428562040488,121.08092822766051,119.21500770104389,120.2640151977539,8839800
2022-05-17,121.5172193083385,121.97210172049655,120.61674676012164,121.9164047241211,9058700
2022-05-18,121.09019647784875,121.38725183930997,118.38877890194546,118.76939392089844,10005000
2022-05-19,117.8225298382366,119.7534397132652,117.39550291861991,119.02935028076172,9672800
2022-05-20,119.82768662238753,120.73743731393562,118.20312473352391,120.47750854492188,12833700
2022-05-23,121.28512361410581,122.00921280496202,121.03448716230783,121.53577423095703,9196500
2022-05-24,121.18303118795554,122.10207418416114,120.40324485696311,121.89784240722656,9031300
2022-05-25,121.8142988842797,122.65907450576087,120.71887259339127,121.8607177734375,8532400
2022-05-26,122.16708242445603,122.8447529721733,121.81431581589118,122.3805923461914,9090100
2022-05-27,122.59411159953929,124.44147613098575,122.08353203908331,124.41362762451172,13696000
2022-05-31,123.31817617821086,123.54097835003915,121.75860347058196,122.75189971923828,11740800
2022-06-01,123.19750703197569,123.21606325628296,120.02263620839723,120.98809814453125,9259900
2022-06-02,121.14591051445095,121.97211577434571,118.98292052729802,121.94426727294922,9575400
2022-06-03,121.09947341454959,121.63790130234837,120.35681377051493,120.51464080810547,5852600
2022-06-06,121.37800173847253,121.62865243868025,120.20832207926642,120.5332260131836,7729000
2022-06-07,120.53321626871391,122.22276758270054,120.09690418939019,122.10208129882812,7219100
2022-06-08,121.75859297492218,122.20418311511226,120.79313114527933,121.1366195678711,5372000
2022-06-09,120.72814362183892,121.13660711044731,118.37020753469137,118.39805603027344,7772900
2022-06-10,116.99631993365824,117.58116682363065,116.04015022897607,116.49502563476562,11289000
2022-06-13,114.19279090700039,114.88903179548848,112.4939614392826,112.9674072265625,14886200
2022-06-14,112.83742487114364,113.12520212618135,111.09217678890865,111.89053344726562,9299500
2022-06-15,112.50322903219221,114.21133634508865,111.2964088479516,113.02308654785156,10301600
2022-06-16,110.9529332447044,111.4356641763461,110.23812912375105,111.36139678955078,9383300
2022-06-17,111.39853312496157,113.06022876064561,111.25928354204977,111.29641723632812,13724900
2022-06-21,112.85699000507951,114.80537561224355,112.4840996359402,114.29264068603516,7987200
2022-06-22,113.56548294587319,117.15460572661321,113.50955081868273,115.87744140625,10188900
2022-06-23,116.41814374092945,118.57162325672238,116.41814374092945,118.4783935546875,11943300
2022-06-24,119.34538281016087,120.46406809667431,118.54365574693612,120.44541931152344,10448100
2022-06-27,120.4454272604048,121.40563349864337,120.06320537629068,120.89289855957031,8963600
2022-06-28,121.13527492055529,121.7412252658527,118.56229037944479,118.78602600097656,7518700
2022-06-29,118.94452323828243,120.41746445549761,118.75807804398382,119.82083129882812,9157700
2022-06-30,119.19622028269679,120.23100736727217,118.291946243705,119.55047607421875,10697600
2022-07-01,119.59708529074356,121.05139190652973,118.26398867400974,120.89289855957031,9366600
2022-07-05,119.72759027302962,120.22169061726231,117.62073274936041,120.19371032714844,9987000
2022-07-06,120.36149765718694,121.6293445280937,120.14708645673393,121.00474548339844,9033300
2022-07-07,120.82762386901761,121.67596566121723,120.76236024276234,121.51748657226562,6805500
2022-07-08,121.17259177457363,123.09300454137613,121.05141020691349,121.881103515625,6505800
2022-07-11,121.20052074738543,122.25395652948417,121.07000771264474,121.57342529296875,7027300
2022-07-12,121.19122492225424,122.0116008429128,119.48522366444281,120.02592468261719,9280400
2022-07-13,119.00976515066645,119.82080942145275,118.55296241691171,118.86060333251953,9296500
2022-07-14,117.49953257201103,118.69279865553737,116.7444204343729,118.51567077636719,7784800
2022-07-15,120.27761100748693,121.43357952496025,119.74622736972933,121.37764739990234,9684800
2022-07-18,121.49884354211737,121.61070779259043,118.41312423874237,118.8139877319336,7047700
2022-07-19,120.08185519913476,121.04206144566118,119.55980297479299,120.83696746826172,6585700
2022-07-20,120.66918490944411,120.82766405109906,119.15895308547914,119.64371490478516,7599500
2022-07-21,119.99793486121256,121.53612518310547,119.69029395186324,121.53612518310547,9507700
2022-07-22,121.81582370558219,122.04888375267134,120.29626764660678,121.03274536132812,8657100
2022-07-25,121.12597828822989,121.89042218069862,121.0141140014719,121.66667938232422,5489000
2022-07-26,122.01159909201047,123.04638625895294,121.68530933965187,122.291259765625,7482400
2022-07-27,122.21668417061058,123.60571283128141,121.64801713423874,123.05569458007812,7680700
2022-07-28,123.21418404465734,124.74305738526958,121.11664361989234,123.83878326416016,11052600
2022-07-29,123.21417761791038,123.65233162177384,122.5616123647698,123.4285888671875,8309500
2022-08-01,122.738726861007,123.40994082659573,122.23530927438838,122.51498413085938,7665400
2022-08-02,122.81330558602876,123.80147773310503,122.01157859833133,122.07682800292969,7935100
2022-08-03,122.73872236610919,123.68027964939755,122.40311539560531,123.19551086425781,6825700
2022-08-04,123.48452581710646,123.51249188119226,122.39379241834165,122.58956909179688,5493000
2022-08-05,121.8251246594205,122.59888561903925,121.5361325157379,122.54295349121094,8883400
2022-08-08,122.77601519806149,123.64300586590483,122.2073481825506,122.83194732666016,7075100
2022-08-09,122.99043013146776,123.5777459491261,122.17006851259124,122.45906066894531,5802500
2022-08-10,123.76418634072584,123.88538210155258,123.07433779412328,123.79215240478516,6736300
2022-08-11,123.41927711125794,124.63119219268458,122.72941425571199,122.99044036865234,8471400
2022-08-12,123.28876113119681,124.62185773175452,123.08366715805626,124.56592559814453,7515500
2022-08-15,124.50065747080204,125.35831658190843,124.05318624432346,125.19050598144531,7486100
2022-08-16,124.92019834034312,125.274454201024,124.37017998549706,124.85493469238281,7138400
2022-08-17,124.12775421142578,124.8455830169463,123.94130905053646,124.12775421142578,7251800
2022-08-18,124.09046310047056,124.34217187558252,122.91584585803655,123.57772827148438,7053600
2022-08-19,123.57773835100895,124.5099783979838,123.40061046610705,123.91334533691406,5946500
2022-08-22,123.14893324756368,123.54047241548025,121.88108603603828,122.291259765625,6420400
2022-08-23,121.750581678237,121.88109474353337,120.24967431490002,120.58528137207031,7501900
2022-08-24,120.7064470812854,121.20053320823402,120.29625915139853,120.73441314697266,6719500
2022-08-25,121.24715946345492,122.10481874986192,120.39881745820158,122.06753540039062,5636600
2022-08-26,122.10480960933802,122.11414111464985,118.57162573608022,118.66484832763672,9044500
2022-08-29,117.94703120721263,118.57163756907293,117.21988496310658,117.83516693115234,6727700
2022-08-30,118.25465355339162,118.25465355339162,116.76307083743482,117.05206298828125,7910500
2022-08-31,117.43429176116553,118.17076232643197,116.2876332576677,116.30628204345703,8954500
2022-09-01,116.11983627277142,118.27331595706792,115.96135714679589,118.21737670898438,11212400
2022-09-02,118.89789829023074,119.00976965807799,116.01727280190246,116.52068328857422,9730300
2022-09-06,116.97748447919325,118.09616969303393,116.306270505918,116.63255310058594,9663400
2022-09-07,116.60459551808268,118.73010184643026,116.23169804887152,118.53433227539062,9038300
2022-09-08,118.09617781630779,120.63186494959297,117.85379339541322,120.5945816040039,9394800
2022-09-09,120.89288966205699,121.98362309983449,120.66916114136833,121.65733337402344,8880400
2022-09-12,122.12345948597962,123.10231448713611,121.79716974397553,122.4683837890625,7982400
2022-09-13,120.52001051841474,120.79036813919475,118.10551184241984,118.42247009277344,11928500
2022-09-14,118.8139992911394,119.51317937432562,117.70463839560138,118.48771667480469,8080100
2022-09-15,119.00045007996037,120.28693885632403,118.87925431511626,119.14960479736328,8624200
2022-09-16,118.77670439006052,119.07502091203351,117.9003964950781,118.8139877319336,10810100
2022-09-19,118.06150319168,118.20189803639222,116.48909664061567,118.17382049560547,9430100
2022-09-20,117.37824633238303,117.55607311808564,116.06790649368023,116.78858947753906,9010600
2022-09-21,117.25657252875872,118.03341776223864,114.82308823257415,114.85116577148438,11642400
2022-09-22,114.67334208655025,116.2457486730618,114.18664804012508,115.45954895019531,9505600
2022-09-23,114.84181125364827,115.07580027995218,113.4378770958248,114.8698959350586,16611100
2022-09-26,114.1866413792861,114.73885203707142,113.26940128200191,113.77481842041016,10450600
2022-09-27,114.57038006242556,115.30977903580388,112.96988898117493,113.42851257324219,13239900
2022-09-28,115.01962008012453,116.48907055877596,114.28021406158598,115.90877532958984,16360000
2022-09-29,115.56249073504893,115.84327325610393,114.1585567074407,114.9354019165039,10791700
2022-09-30,114.94476012271765,115.74032847719819,113.22260441968045,113.3536376953125,12389800
2022-10-03,114.17725355795768,116.12404346388554,113.83095445926025,115.68414306640625,9326800
2022-10-04,116.64819850413134,118.41715484558189,116.37677039608101,118.370361328125,13717900
2022-10-05,117.61223635156448,119.38119264984184,117.17233588169422,118.76345825195312,9913400
2022-10-06,118.32355849420891,118.68858077123903,116.93834758157605,117.24720764160156,9399300
2022-10-07,116.35805973770505,116.56397121810869,114.1117637145043,114.76693725585938,10068700
2022-10-10,115.03836001589845,115.1974708285133,113.60634128003102,114.0462417602539,8377800
2022-10-11,113.81227814773696,115.87138617453166,113.52213399636759,114.6546401977539,10792900
2022-10-12,115.01963492831635,115.70288596605718,114.06496292818377,114.0930404663086,9292800
2022-10-13,112.45512467920989,117.3033774695473,112.26792917834503,116.75115966796875,14063600
2022-10-14,117.43440120518521,118.30484057632101,115.60928270917651,115.96495056152344,11442300
2022-10-17,116.70436261100937,118.06149603244813,116.56396777481068,117.82750701904297,8420400
2022-10-18,119.57773995710004,119.61517905380477,117.90237786864559,118.482666015625,10016700
2022-10-19,118.11765133163168,118.12701289160324,115.80584587311644,116.82603454589844,7676200
2022-10-20,116.62013067946882,117.47185417299704,115.68417456303523,115.83393096923828,7196600
2022-10-21,115.74967115015032,118.7540889064473,115.13194393353967,118.43586730957031,8433100
2022-10-24,119.42798774423197,121.08462677184401,119.42798774423197,120.7196044921875,7411300
2022-10-25,120.35459411190561,121.77725141395341,120.28908460987788,121.6368637084961,7174200
2022-10-26,122.01123870244373,124.12649436329616,121.97380674204179,122.98462677001953,8277100
2022-10-27,123.26543182070009,123.28415494401288,122.15164162930566,122.3388442993164,6496800
2022-10-28,122.5260010567529,124.44471367656413,122.14225567647968,124.35111236572266,6267100
2022-10-31,123.70531270807352,124.73487010310542,123.42452302928697,124.2481689453125,7852800
2022-11-01,124.39789911905278,125.01563342583991,122.99396530265658,124.3230209350586,8033300
2022-11-02,124.03290571854347,125.44619428075055,122.1422704076505,122.20779418945312,10228700
2022-11-03,121.3186250435231,122.36690558639081,120.45754714579523,121.6930160522461,7916600
2022-11-04,122.61023749166547,122.87230403232934,120.71024793107478,122.43240356445312,8082200
2022-11-07,122.62896212286212,124.07032811428681,122.1703385302674,123.74275207519531,6054400
2022-11-08,123.77086141589687,125.31518353791462,122.91913778861132,124.36050415039062,8930700
2022-11-09,124.16393172055326,124.99693202506936,122.87230781497892,123.02206420898438,8963500
2022-11-10,125.85803395763884,126.40089027864505,124.16395548567654,126.14817810058594,12416800
2022-11-11,125.98906247153566,126.00778559404773,122.98463683767706,124.60385131835938,10487200
2022-11-14,124.97821493784583,126.20431512464047,124.6693477158847,124.71614837646484,10552600
2022-11-15,125.51172424575662,126.03585739977198,123.51813309493065,124.55704498291016,8184100
2022-11-16,124.8659226227561,125.70827750735677,124.28562005543084,124.50090026855469,6122200
2022-11-17,123.51814610606301,124.95015801039906,123.41519034842506,124.44474792480469,6498700
2022-11-18,125.5023527886505,126.1668879181879,125.09052981052106,125.95162200927734,6720700
2022-11-21,125.6895460350697,126.55063826724901,125.54915832414784,126.00778198242188,7995200
2022-11-22,126.307260658588,127.19641601153336,126.28853753955764,127.10282897949219,5931100
2022-11-23,127.12156658120988,127.79544184596753,126.80333064765907,127.6082534790039,5340600
2022-11-25,127.75799781982323,128.4693192597311,127.73927470042798,128.36636352539062,3256000
2022-11-28,127.97329288730326,128.731415157785,127.14966110633439,127.40235900878906,5026800
2022-11-29,127.13089947012196,127.33681092337586,126.40085496551431,127.08409881591797,5439600
2022-11-30,127.27129341637931,130.2008402787966,126.59740395102098,130.11660766601562,9377400
2022-12-01,130.8653730195747,131.18359462773248,129.78901506508103,130.49098205566406,15140200
2022-12-02,129.18063417438412,131.0057452786757,129.18063417438412,130.82791137695312,7779800
2022-12-05,129.9855839433546,130.2850824602017,129.13386048964585,129.57376098632812,6921500
2022-12-06,129.33040242669261,129.74222538104257,127.9545601478324,128.59100341796875,8171500
2022-12-07,128.59103122775784,130.02304317681546,128.5535992608836,129.64866638183594,7427000
2022-12-08,129.87326345447622,130.96833037903713,129.62056558988604,130.81858825683594,6765000
2022-12-09,130.64072359895798,131.03382335523727,129.10575652520163,129.1431884765625,6203000
2022-12-12,129.22747890541166,130.5190887451172,129.22747890541166,130.5190887451172,5669700
2022-12-13,132.29738044940007,132.69048023819187,130.01364562556296,130.92152404785156,9886500
2022-12-14,130.86537486858728,132.23186263189208,130.02300589905272,131.12744140625,10882200
2022-12-15,129.95749944456946,130.28507548353085,128.26340704723586,128.72203063964844,8746700
2022-12-16,127.74864462378392,127.83287723953546,126.14815351672594,126.8501205444336,10843900
2022-12-19,126.80875483077396,127.04370769839821,125.80316401434237,126.37644958496094,6801600
2022-12-20,126.42344561219166,126.83696496212927,125.6622005999816,126.34825897216797,4815500
2022-12-21,127.11891674094085,128.4064684339079,126.72419757461108,128.01174926757812,5937500
2022-12-22,127.2974989652316,127.87078470767935,126.17912068567047,127.83319854736328,5483300
2022-12-23,127.71098898067322,128.03052146103857,126.968544177426,127.90835571289062,3766900
2022-12-27,128.1527152982177,128.25609515182515,127.07193765263837,127.57942962646484,7050500
2022-12-28,128.00234687464882,128.62262601994107,126.70541651858727,126.75239562988281,5054200
2022-12-29,127.54183957151395,128.79177639002592,127.25048592724572,128.1339111328125,6297300
2022-12-30,127.70158644622941,127.83315947770691,126.37644883895857,127.67339324951172,6369500
2023-01-03,127.77679821993186,128.1245239414429,126.33887320254343,127.30689239501953,7239200
2023-01-04,128.0211444497442,128.35008426427163,126.81818668178497,127.64522552490234,8469800
2023-01-05,126.79934940771192,127.10948888331947,125.840737786778,126.33883666992188,6714200
2023-01-06,127.18469421074846,127.85195235664789,125.56821725562112,127.50422668457031,7175700
2023-01-09,127.6358143230235,127.67341481858922,125.20170565928028,125.37086486816406,7719500
2023-01-10,125.32387648711445,126.62080668043113,125.13590270396784,126.42345428466797,7675200
2023-01-11,126.50803093610192,127.15650318784853,125.92535237500134,127.13770294189453,7307200
2023-01-12,126.86519276077173,127.25991197326275,125.50245425669925,126.7336196899414,7580500
2023-01-13,126.03813362609095,127.68280391795459,125.9817472248318,127.29747772216797,6334100
2023-01-17,127.23169072689956,127.44784336554135,126.53622502556533,126.70539855957031,6664100
2023-01-18,126.70537368839987,127.03429905822243,124.79754344574293,124.91972351074219,10629100
2023-01-19,124.55322461549952,125.71859610978073,124.29947147957009,125.22049713134766,9902300
2023-01-20,125.50241869244684,125.94413123514748,124.54382130820662,125.85015869140625,5962200
2023-01-23,125.92535968098969,126.98733702263699,125.64341333686536,126.28247833251953,7211000
2023-01-24,125.65281225742056,126.38586418272426,124.63781397460296,125.44605255126953,5754800
2023-01-25,124.60962552929746,125.51185103970285,124.25250684717675,125.48365783691406,5999000
2023-01-26,125.77496854607024,125.8877413315701,124.74117021103906,125.71858215332031,6861100
2023-01-27,125.53061468415585,125.66218770560008,124.70357606914425,124.86334228515625,5854600
2023-01-30,124.62842151788487,125.40846689594987,123.54764387355644,123.73560333251953,7055400
2023-01-31,124.01754434489908,125.3520750885107,123.89536424866574,125.3332748413086,6290600
2023-02-01,125.33326054845475,126.6959843372727,124.39344906094095,125.92534637451172,11843000
2023-02-02,125.00432807379303,125.23928095935865,124.17730366806458,125.07012176513672,11274600
2023-02-03,125.15471121233685,125.55883766431657,124.29008624625286,124.70360565185547,10046800
2023-02-06,124.52503982376358,124.7881859304998,123.83898135551469,124.00814056396484,7328300
2023-02-07,123.57578771549136,125.17346398909895,123.1434682262089,124.80693817138672,7551000
2023-02-08,124.35588060086287,125.1359116269199,124.25250074891514,124.44046020507812,5614100
2023-02-09,124.7505898700353,125.22988859630767,123.1528987683551,123.35026550292969,8085700
2023-02-10,123.51941281046061,124.64719803025845,123.35025363172178,124.515625,6198600
2023-02-13,124.53441744150916,125.55882288128142,124.53441744150916,125.5494155883789,6300300
2023-02-14,125.71855624063693,125.94410176514798,124.1772663481571,124.80693817138672,6905900
2023-02-15,124.3182490458714,124.48742255242307,123.763763769587,124.18667602539062,6491900
2023-02-16,123.04951723534448,124.0457295070829,122.682991310783,122.94615173339844,8008000
2023-02-17,122.36348247780913,124.27129911285262,122.25070966088478,124.0457534790039,10798800
2023-02-21,123.14350305338684,123.65100930783204,122.26007792485214,122.43864440917969,9066200
2023-02-22,122.5702313223771,122.86157063382984,121.77140003942402,122.02513885498047,7318900
2023-02-23,121.9969395795035,122.9743516587213,121.46125443294433,122.35407257080078,9955500
2023-02-24,121.32026175740262,121.55521462981547,120.41805075795307,120.7751693725586,9008000
2023-02-27,121.43306645931897,121.77139921816655,120.13612182700535,120.40866088867188,6463900
2023-02-28,120.13611771644193,120.21130436476741,119.41245877414771,119.51583862304688,10282800
2023-03-01,118.94255536632818,119.58162754954346,118.80158936062843,119.3184814453125,11101000
2023-03-02,118.78276963724772,120.38985354066033,118.78276963724772,120.051513671875,10203100
2023-03-03,120.60600857826448,121.44244021927622,120.00452980653002,121.39544677734375,10048000
2023-03-06,121.48003918143277,121.89355856943746,121.0571268402049,121.33907318115234,8153400
2023-03-07,121.58342547770155,121.72440582584673,119.17751000938576,119.38426971435547,9604400
2023-03-08,119.13991263012404,119.50644574840393,118.26588756079633,118.74519348144531,10793200
2023-03-09,119.20569196508488,119.40305869771362,117.06292280699051,117.54222869873047,13270300
2023-03-10,117.34487001141665,118.32227487804927,116.22649197908058,116.67760467529297,20483200
2023-03-13,116.30168038163656,119.37486102350269,116.160707213802,117.76778411865234,21294200
2023-03-14,118.56663518681715,119.18690711582907,117.63621653800902,118.82038116455078,14582900
2023-03-15,117.54222324261471,118.88615396555477,117.3260634441562,118.71698760986328,17244600
2023-03-16,117.8241699737757,119.88235227671251,117.49523021363352,119.82596588134766,16011400
2023-03-17,119.72259376361106,119.81657348534385,117.9087571704147,118.28468322753906,15071400
2023-03-20,118.48187091120414,119.96312985737812,118.48187091120414,119.78386688232422,10592100
2023-03-21,120.24617341021734,120.65186891826518,119.51969909021363,120.5103530883789,8816300
2023-03-22,120.5763845668252,121.01981998608278,118.67055666254699,118.6894302368164,10480000
2023-03-23,119.18004213918846,119.89708684185348,117.78369268643657,118.46299743652344,10092300
2023-03-24,118.3497766902936,120.21785742722949,117.90634127549947,120.10464477539062,8163700
2023-03-27,120.95376407609875,121.50098253403223,120.45372235349578,120.59524536132812,9455400
2023-03-28,120.47262988363913,120.90662141984177,119.57632204683797,119.86880493164062,8037400
2023-03-29,120.46316996356275,120.61412257349663,119.68008215493626,120.1989974975586,8183100
2023-03-30,120.8499984741211,120.88774562636556,120.08578419885579,120.8499984741211,6820400
2023-03-31,121.25569200772551,122.20859878316232,121.18964169445478,122.14256286621094,9202500
2023-04-03,122.23690486799804,123.65212068118971,121.89725249697925,123.51060485839844,8937300
2023-04-04,123.64270704963506,124.24653196534295,123.30305463477927,123.52947998046875,9052600
2023-04-05,124.21820142985274,125.87871598313085,124.07667122365665,125.6617202758789,12325800
2023-04-06,126.1523541130515,126.52973926852711,125.54852922649802,125.97309112548828,8276300
2023-04-10,125.63341698925021,125.95419575553366,124.97298588327888,125.88814544677734,8024300
2023-04-11,126.18068076018082,126.77506177084402,126.10520083577588,126.3127670288086,8887500
2023-04-12,126.80332888852897,127.27506748468618,126.12402415835705,126.3504638671875,8988600
2023-04-13,126.8882522525624,128.13363465518367,126.61463580598328,127.99211883544922,9373500
2023-04-14,127.69964857395982,127.97325063571108,126.49199887377216,126.96373748779297,6632100
2023-04-17,127.00147066012792,127.14298648627148,126.19950925512762,126.85995483398438,7187000
2023-04-18,127.11469896481002,127.11469896481002,125.82213960589249,125.99195861816406,7194200
2023-04-19,126.02968696134477,126.5674614829188,125.64285785159522,126.37876892089844,7048100
2023-04-20,125.7749537812427,126.04857025413838,125.26548238487813,125.85986328125,6672000
2023-04-21,126.54859498674088,127.13354621407638,126.15233631051501,126.708984375,6535900
2023-04-24,126.84107380594811,127.45432821163234,126.52029502132311,127.41659545898438,6299800
2023-04-25,127.22790795484106,127.61472267103876,125.87872805391808,126.05799102783203,7752000
2023-04-26,124.94469417113433,125.02961807086248,123.52004860524197,124.2654037475586,10128800
2023-04-27,124.32199336629702,125.0956371760671,123.23698595992659,124.91637420654297,10008900
2023-04-28,124.76542657917007,126.34103173101397,124.56729003839774,125.98250579833984,7917300
2023-05-01,126.16177579137559,127.14298577187108,125.91647689533171,126.63351440429688,6793900
2023-05-02,126.42594845922652,127.22790986096604,125.18055160894681,126.08629608154297,14365800
2023-05-03,126.67125130639704,127.27507617485382,125.73721803587573,125.9164810180664,8961500
2023-05-04,125.38811280157724,125.46359270434104,124.38802928351572,124.91637420654297,9625300
2023-05-05,125.73721068733799,126.47312175287537,125.3220784152257,126.03911590576172,7650300
2023-05-08,125.85044295352212,125.8881757130844,125.18056770163653,125.76553344726562,5305700
2023-05-09,125.28433859444858,125.87873387304734,124.88807987415623,124.92582702636719,6452700
2023-05-10,125.28435482304756,125.58627449456232,124.53901402801927,125.2749252319336,6556600
2023-05-11,125.01073342939482,125.08621333562758,124.10498895092175,124.88807678222656,8764800
2023-05-12,125.07677238291495,125.34094483256987,124.16159839792513,124.71824645996094,6626800
2023-05-15,124.73712050852959,124.8220299970306,123.96346233422574,124.50125122070312,5725600
2023-05-16,124.23706848621131,124.28424522460202,123.43512151884663,123.46342468261719,7106000
2023-05-17,123.67098620824527,123.7747692703116,122.23689691323386,123.6143798828125,15512700
2023-05-18,123.3502242648015,123.51061367418626,122.3595702455937,123.3124771118164,12196900
2023-05-19,123.5955172207831,124.71825742871897,123.53891089035272,123.88799285888672,9277000
2023-05-22,124.06725696571138,124.87864796734753,123.71817499399913,124.01065063476562,12856100
2023-05-23,123.51059861655455,123.68986158057724,122.3784289024815,122.65203094482422,8723100
2023-05-24,122.41616460452602,122.44446776833597,121.52929374829601,121.81233978271484,7952900
2023-05-25,121.22739394345889,121.38778334430997,119.73669819891833,120.56695556640625,13737000
2023-05-26,120.45373387781461,121.58590365247443,120.09521512874298,120.32164764404297,8794900
2023-05-30,119.71783223662412,120.64244314403244,119.27439676052832,119.57630920410156,12114500
2023-05-31,119.24608109895418,120.81225668462055,118.92530231046426,120.60469055175781,15099100
2023-06-01,120.71791960758041,121.63309375508322,119.7838790809632,121.39722442626953,9751900
2023-06-02,121.78402457031066,123.17093704506263,121.50097856389473,122.95394134521484,10293000
2023-06-05,123.22755802789739,123.95403950498948,123.0765982203396,123.39737701416016,7880200
2023-06-06,123.89743086657974,123.93516361960596,121.83121352764931,122.36898803710938,9413500
2023-06-07,122.26521014371325,122.43504353031501,121.70856203602959,121.88782501220703,7519600
2023-06-08,121.90669944202523,122.84073268776099,121.50099674630883,122.67091369628906,6583100
2023-06-09,122.69922732749032,123.4728712373859,122.02935210146542,123.04830932617188,10446100
2023-06-12,122.9822659822608,123.52004053167497,122.50108336843081,123.49173736572266,7321100
2023-06-13,123.21813279354068,124.30312585653073,123.0954761460249,124.11443328857422,8362700
2023-06-14,123.48229307365,123.58607613522517,122.36898255890553,122.8407211303711,12401600
2023-06-15,122.85015257386479,124.91635521304089,122.83127900196371,124.74653625488281,10598600
2023-06-16,125.06734524922146,125.71834687227155,124.6050505981957,124.73713684082031,10535000
2023-06-20,123.54533740094266,125.14637962139172,123.52638613553935,124.59690856933594,8585100
2023-06-21,124.29376832331681,125.04219165670071,123.71587749783129,124.6158676147461,9444800
2023-06-22,124.8053408051922,125.64849149981738,124.64429117313811,125.46849060058594,8036400
2023-06-23,125.29795965499943,125.56321957643377,124.71060046547791,125.05165100097656,8096500
2023-06-26,124.73901535517402,124.93796751641091,123.13797302647005,124.34112548828125,7092800
2023-06-27,124.34110352275867,124.47373345495981,123.19479060792291,124.05689239501953,8578200
2023-06-28,124.02852025877097,124.0569399368782,123.26116003870773,123.65904998779297,10897800
2023-06-29,123.37481303338393,124.54007741521444,123.1663924669873,124.46428680419922,7843300
2023-06-30,124.96639657222427,126.03690470320672,124.89060595537543,125.74322509765625,8260900
2023-07-03,125.38324214950063,125.38324214950063,124.18008955500567,124.71060943603516,5240300
2023-07-05,124.44533494945262,124.90954701888425,124.16112377338386,124.644287109375,7942100
2023-07-06,123.8106010134174,124.11374899107649,123.33692055316594,123.64955139160156,8213100
2023-07-07,122.96745587038887,123.40323381817922,122.14324200290523,122.20956420898438,8749700
2023-07-10,122.2190365770464,123.32744720485886,122.20956817112001,123.1758804321289,7476500
2023-07-11,123.0053401408654,123.60218215477836,122.66428962656953,123.20429229736328,7278300
2023-07-12,123.51691646915909,123.6305951492579,122.67376586207317,122.8727035522461,11900400
2023-07-13,123.18534964517204,123.49798050976982,122.79692816592193,122.92008972167969,7526200
2023-07-14,123.84849189634528,125.16532302746215,123.71586194269253,124.7674331665039,13298600
2023-07-17,124.43588354374214,124.70114348948981,123.7348311410759,124.19904327392578,7905000
2023-07-18,124.24638091661492,125.59164616602278,124.01902354365187,125.11796569824219,8130300
2023-07-19,125.73372619645633,126.48213486600183,125.47793473357785,125.6958236694336,12484000
2023-07-20,126.53902673856432,128.30110447479896,126.4442848480734,127.78006744384766,12650200
2023-07-21,127.90320176346886,129.46635606674397,127.68531278382983,129.06846618652344,11308900
2023-07-24,129.06849775600654,129.6463886781577,128.6706077784642,128.78428649902344,12034000
2023-07-25,127.92215436191657,129.24845397645285,127.75163632101118,128.7274169921875,7802900
2023-07-26,128.11160061100404,129.05896143817677,127.78003299484101,128.64212036132812,8205300
2023-07-27,128.8316308651077,129.29582851532166,127.66636639750229,127.69478607177734,8800800
2023-07-28,128.083214134256,128.29163472669063,127.34427365401777,128.07374572753906,6897600
2023-07-31,127.84636981361008,127.89374075685872,126.61479756705721,127.0884780883789,9735900
2023-08-01,126.79479370081526,127.25900579823008,126.11269261936489,126.42532348632812,10555300
2023-08-02,126.45374262293238,127.3158446049342,126.16953143093839,126.51058197021484,13873000
2023-08-03,126.09377322068616,126.25482287943862,125.62956105916405,125.87586975097656,11863400
2023-08-04,125.91375111915168,126.6905796046032,125.11797136656777,125.43058776855469,12631200
2023-08-07,125.8095576985754,127.00322748746751,125.74323548251198,126.88006591796875,8165600
2023-08-08,127.6852872415494,128.01686930319394,126.98423504678196,127.85581970214844,12601200
2023-08-09,127.74214152150398,128.509501545029,127.65688250901904,127.81793212890625,9833600
2023-08-10,128.13058645332353,129.34320748290466,127.60006655982966,127.73269653320312,9541700
2023-08-11,127.69479054423749,128.680054138888,127.39164252282524,128.52847290039062,7674400
2023-08-14,128.54739995269185,129.3242283563787,128.43372127302544,128.9168701171875,8723300
2023-08-15,128.59478801724256,128.97372663699375,128.30109396301637,128.44320678710938,9118500
2023-08-16,128.23480559063623,128.65164680871183,127.43902569553762,127.46744537353516,9462400
2023-08-17,127.01271228674406,127.45795871397101,126.39691888544408,126.4537582397461,11163800
2023-08-18,126.20741145778028,126.83267307753873,126.09373278348933,126.50109100341797,9463000
2023-08-21,126.45371952737572,126.78530160007206,126.05582971348757,126.63372039794922,6872400
2023-08-22,126.4442680684146,126.74741605770735,126.12216881242199,126.1884765625,6939400
2023-08-23,126.94636718629542,127.23057836215703,126.19795839692135,126.56742858886719,7276800
2023-08-24,126.3211097010091,127.31584162189039,125.46849060058594,125.46849060058594,10241700
2023-08-25,125.87582247810577,126.83266611949249,125.44951301732296,126.38740539550781,8509100
2023-08-28,126.83269542626093,127.24005371796866,126.216902102327,126.68111419677734,6768400
2023-08-29,126.85161995400277,127.81793212890625,126.68110192903289,127.81793212890625,10737000
2023-08-30,128.13057147512032,128.51899294301657,127.60952004935478,127.72321319580078,7892700
2023-08-31,127.74212526736615,127.80844746124677,126.16950288892816,126.19793701171875,7540200
2023-09-01,127.17376986704672,127.17376986704672,126.2074574169481,126.5390396118164,10183900
2023-09-05,126.60530642135802,126.70004829083892,125.23163604736328,125.23163604736328,11042600
2023-09-06,125.08007276923466,125.20323432609968,123.94324245039255,124.54955291748047,12840000
2023-09-07,124.92848908929352,125.64849269305694,124.83376166366989,125.10848999023438,11055700
2023-09-08,124.8432300695578,125.48744305947342,124.81481039631257,125.10848999023438,8716900
2023-09-11,125.05163981776207,126.21688968668329,125.03268855204539,125.9705810546875,7179000
2023-09-12,125.59162797068889,126.14108451279978,124.9095270394591,125.80951690673828,6941700
2023-09-13,125.50636227456201,126.33057604985913,125.46847420074097,125.82847595214844,6430300
2023-09-14,126.53900259741346,126.61477874865008,125.84741873105271,126.22637176513672,6433300
2023-09-15,125.92320543671875,126.52004741217304,125.1463770381783,125.23163604736328,9611900
2023-09-18,125.43141944486983,125.55508618922336,124.56578126414736,125.0414047241211,6559400
2023-09-19,124.83212103598672,125.41238219961221,124.3089323614268,125.14603424072266,6252400
2023-09-20,125.69775122246332,126.04970789272652,125.13651909559115,125.15554809570312,6350700
2023-09-21,124.91772283565965,125.12698375467764,124.00451962278473,124.06159210205078,7979500
2023-09-22,123.89989427880383,124.53722788570836,123.66208258153165,123.80476379394531,7790300
2023-09-25,123.68108938080371,124.5181765348308,123.33864001760625,124.48013305664062,6826300
2023-09-26,123.90938594719836,124.30890780661491,123.32912489819216,123.42425537109375,8200700
2023-09-27,123.65257063839724,123.77622284616379,121.90226558170679,122.80596160888672,9888600
2023-09-28,123.01525138419015,123.74770101854902,123.01525138419015,123.39574432373047,9129000
2023-09-29,123.66208195820722,123.7762269275628,122.27325526659355,122.46351623535156,12692700
2023-10-02,122.07349941213708,122.33034010352058,120.86541195327635,122.29228210449219,16035100
2023-10-03,121.69300840337013,121.94984185662724,120.69419631944677,121.20787048339844,11971100
2023-10-04,121.31249833126697,121.89275943636908,120.74175172586203,121.7215347290039,10064300
2023-10-05,121.99740597035388,122.60620336107294,121.30299259105135,122.38742065429688,9609700
2023-10-06,122.04496126435369,124.0615997351524,121.97836702453085,123.67158508300781,10692400
2023-10-09,123.32914068730688,124.21380775095912,122.8345028065354,124.09966278076172,8047600
2023-10-10,124.0616266485022,125.25068534722831,123.63356841993614,124.689453125,8154900
2023-10-11,124.84165379194137,125.04140752126817,123.5860008623815,124.13772583007812,9591800
2023-10-12,124.23282591735787,124.4706375944471,122.97717329518781,123.07230377197266,10927700
2023-10-13,123.52891364827842,124.55626196416702,123.1484207230788,123.84282684326172,11383800
2023-10-16,124.33749708580362,125.48849778423494,124.23285933913924,124.77506256103516,10545000
2023-10-17,124.17574053516799,125.28871197148902,124.08062457202065,124.60381317138672,9149900
2023-10-18,124.77505517989977,125.12701189109757,123.30061956953256,123.51941680908203,10085700
2023-10-19,123.35767356413275,123.49086204556127,121.54079601617134,122.30180358886719,15492500
2023-10-20,122.05446971052085,122.69180329927957,121.79762902061479,121.81665802001953,12296800
2023-10-23,121.73105605955672,122.14008522280923,120.94151946143323,121.05567169189453,12344200
2023-10-24,120.66567343075879,121.80717411836083,120.66567343075879,121.42667388916016,9375900
2023-10-25,120.8749352862181,121.2459209720498,119.44806503073077,120.34223937988281,11427000
2023-10-26,119.35293630969299,120.24711061772356,119.05805212616679,119.1531753540039,14699100
2023-10-27,118.82025435955035,118.97245009044731,116.613354573322,117.13654327392578,13566100
2023-10-30,117.74532721329373,118.15436362575173,116.89871814569602,117.79289245605469,15224500
2023-10-31,118.21144389102027,118.62048033039838,117.52655224927241,118.4682846069336,13917400
2023-11-01,118.32558440321642,119.29586016674185,118.1163089539291,118.7155990600586,13802600
2023-11-02,119.17218995424231,120.70369778017445,118.8582767895002,120.59906005859375,11894000
2023-11-03,121.42665382524042,121.94983520368508,120.99858841658165,121.19835662841797,11635600
2023-11-06,121.71202042788842,122.19716556655757,121.21737530438027,122.00690460205078,8425100
2023-11-07,121.95935532905757,122.38741347455118,121.63592765190315,122.092529296875,8241900
2023-11-08,122.6062093371061,122.6062093371061,121.17933902229073,121.92131042480469,10021100
2023-11-09,121.80715019983069,121.94983140750504,119.28634484098941,119.4004898071289,13905500
2023-11-10,119.85711153302617,120.28516974266891,118.52536439783827,120.11394500732422,10401300
2023-11-13,120.23760295247176,121.04616132120448,119.54318956065718,120.808349609375,11373800
2023-11-14,121.50275197173967,122.43497699076072,121.19835329852732,121.62641143798828,11216900
2023-11-15,121.71202022930672,122.20667260944467,121.41713605562549,121.7215347290039,9262700
2023-11-16,122.08301024554139,122.50156115792288,121.61690134784922,122.24472045898438,7665900
2023-11-17,122.50156566481057,122.70133388575101,121.6264203225769,121.99740600585938,6766100
2023-11-20,121.52176996869719,123.00571254769648,121.43616124641797,122.73936462402344,6910000
2023-11-21,123.15791808900703,123.72867194590793,123.00571512518364,123.48133850097656,8373000
2023-11-22,123.89040412285723,124.36602758299813,123.72869388819446,124.07112884521484,6737700
2023-11-24,124.31844859068512,124.76553575498245,124.30892683301421,124.73699951171875,3708800
2023-11-27,124.47063630156056,124.88917265639701,123.72866503793894,123.95695495605469,10530200
2023-11-28,123.73817673928659,124.01403190524294,123.23401713211331,123.31962585449219,6261300
2023-11-29,123.18647143189294,124.0235733342598,123.1293989412544,123.3576889038086,6979000
2023-11-30,123.4528043608859,124.98431223760154,123.02474621836109,124.90821075439453,7743100
2023-12-01,124.7370003063701,125.53604415259318,124.64186981830206,125.40287017822266,9370900
2023-12-04,125.06994730710953,125.87851303598075,125.03190381492966,125.64070129394531,6943900
2023-12-05,125.38385052290796,125.67873473707319,124.69895159941909,125.4789810180664,6581000
2023-12-06,125.75482063035338,125.9926323238733,125.32676248499232,125.57408142089844,6210400
2023-12-07,125.5931153470947,125.89752129388035,124.85114399539772,125.4218978881836,6396700
2023-12-08,125.50748258543095,125.92603342467977,124.87965632655772,125.63114929199219,6007600
2023-12-11,126.30656775771081,126.69658248737808,125.6882630515565,126.45877075195312,9016800
2023-12-12,126.63948976432538,127.18169288674896,126.04019964202246,127.0009536743164,6779000
2023-12-13,126.45877209164115,129.37909268586134,126.28754009258543,129.34104919433594,9074300
2023-12-14,129.77860290426247,129.8547043952941,128.2280803834784,128.7132110595703,10098700
2023-12-15,128.11393117198315,128.36126466640587,127.14366974192566,127.61929321289062,8296600
2023-12-18,128.0951314547981,128.22890171100573,127.49315801193151,127.82759094238281,5944300
2023-12-19,127.9900152771999,128.75442293042184,127.78936719839542,128.68753051757812,6358200
2023-12-20,128.611101005613,128.68752864794783,126.81474523361923,126.82429504394531,7299000
2023-12-21,127.58868590204068,128.46774947188334,127.29248144240317,128.37220764160156,5606800
2023-12-22,128.6875223221708,129.41371610742277,128.49642406600114,129.0124053955078,5355100
2023-12-26,128.90729611405771,129.6430251118759,128.74486187116815,129.29905700683594,3688600
2023-12-27,129.15572358861897,129.9296809919063,129.12705957959813,129.84368896484375,5444100
2023-12-28,129.948819667082,130.6176709699837,129.92970546418056,130.1781463623047,5800200
2023-12-29,130.17811941554749,130.54120171632786,129.7768087168774,130.3118896484375,5590000
2024-01-02,129.98699626740876,132.86307791603264,129.92011844620347,132.60508728027344,11785900
2024-01-03,133.04464686325056,133.321737159316,132.22291120544767,132.38534545898438,9585000
2024-01-04,132.79619112054488,133.77081111243953,132.56687906117767,133.0446319580078,11649200
2024-01-05,132.73886391427928,133.48415727148532,132.36621723567623,132.92996215820312,9437700
2024-01-08,132.9681856757276,134.13390387470776,132.4235403916755,134.10523986816406,7999400
2024-01-09,133.96191543988414,135.26140396148065,133.64659676407078,134.0861358642578,9201300
2024-01-10,134.16258140428474,134.86009660025627,133.65616446448675,134.69766235351562,9773300
2024-01-11,134.5256848447479,134.7550115360901,133.77084151135998,134.6021270751953,7182300
2024-01-12,134.2294717925834,134.87922342020426,133.81861123236,134.2677001953125,8026400
2024-01-16,133.93326051370747,134.11480896783837,133.2548594881123,133.46505737304688,7426900
2024-01-17,133.24528797413603,133.8568111354354,132.82486306701855,133.197509765625,8337200
2024-01-18,132.0509013133986,133.30261160392374,131.40116435459785,133.17840576171875,8929300
2024-01-19,133.25482177734375,133.5988043878606,132.51907835876574,133.25482177734375,8842000
2024-01-22,133.36950441788326,134.19124000820437,133.03507154815443,133.83770751953125,7831400
2024-01-23,133.66571476370012,133.82814901103544,132.7866511181936,133.74215698242188,6407400
2024-01-24,134.0956827689575,134.42055124735347,132.49998980521775,132.51910400390625,9104900
2024-01-25,132.05089521827495,132.34709967581276,131.1049538319265,132.3184356689453,10050200
2024-01-26,133.2357527442681,133.3504087933515,132.73888556513361,133.0733184814453,5759100
2024-01-29,133.19751873008124,134.0192544002438,133.1115266968913,134.00970458984375,6229600
2024-01-30,134.2294383515076,134.5543213743106,133.58925127399309,134.31544494628906,5940300
2024-01-31,135.33784321237647,135.4429494353444,134.10524712471775,134.1339111328125,10223100
2024-02-01,134.29636111401481,135.87294006347656,133.6466095013605,135.87294006347656,8503600
2024-02-02,135.82517212546134,136.30292512566325,134.98433675941382,135.67230224609375,10629200
2024-02-05,136.15958955430148,136.93354699372682,135.47162414595388,136.0926971435547,9631700
2024-02-06,137.1533055550407,137.67883669717733,136.46535474517202,137.57373046875,10159000
2024-02-07,137.91770134931713,138.57700267298762,137.65972528516352,137.9463653564453,7884600
2024-02-08,137.81261050360982,137.81261050360982,137.08643127558489,137.70750427246094,6672400
2024-02-09,137.65016468109047,137.86992693506957,137.153297577438,137.60238647460938,7447800
2024-02-12,137.42085325163947,137.82216394418086,136.77110171619503,137.783935546875,6645500
2024-02-13,137.0863990785643,138.04190474464207,135.82512460100915,136.5035400390625,11170000
2024-02-14,136.9717556941281,137.7361486335862,136.70421524934562,137.68838500976562,9701100
2024-02-15,137.78393802520532,138.95920611592058,137.58328996525637,138.69166564941406,9294800
2024-02-16,138.87323707709967,140.07718395552328,138.376384459839,139.14077758789062,8424100
2024-02-20,139.24584105665372,139.68538009214438,138.31899936473934,138.67254638671875,9120400
2024-02-21,138.2234740853718,139.01654565789556,137.8221633944312,138.9783172607422,7213500
2024-02-22,139.1598555843694,140.87020444621467,138.86365113733422,140.6122283935547,9130000
2024-02-23,141.08998391743245,141.6728430138,140.7842150761232,141.2810821533203,9194600
2024-02-26,141.1951035518203,141.5199720416878,140.43069595576688,140.55491638183594,7248300
2024-02-27,139.866939580074,140.64089692266688,139.54205653687833,140.21092224121094,7374000
2024-02-28,139.61850343844904,139.77138786628157,138.85411045900946,139.51339721679688,8038800
2024-02-29,139.50381712044054,139.73314371240124,138.28077112303356,138.37632751464844,9435600
2024-03-01,138.69165068409282,139.92426123879522,138.08012760094024,139.82870483398438,8741400
2024-03-04,139.4274015160399,140.15358065929834,139.28408148114056,139.61849975585938,10657800
2024-03-05,139.66628718515884,139.89561383600497,138.1183723865683,138.57701110839844,9743400
2024-03-06,138.8350143015453,140.03894652248354,138.8350143015453,139.52297973632812,8085300
2024-03-07,139.86694469788935,140.50713183901277,139.6758318725951,140.17269897460938,6438300
2024-03-08,140.03893905754646,140.6982404457238,139.66629234855876,139.9147186279297,7802500
2024-03-11,139.59939565765313,140.0866983405331,138.8254237544523,139.83827209472656,7723800
2024-03-12,139.93384191491657,140.8320198307677,139.465653335704,140.488037109375,7143700
2024-03-13,141.02308618669065,141.12819239943616,139.3987293732369,139.94337463378906,7874200
2024-03-14,140.02939238458532,140.13449861664745,138.67257575787798,139.446533203125,9605700
2024-03-15,138.56745026432043,139.17897337135116,138.40501603368767,138.89231872558594,10570500
2024-03-18,139.46095615974974,139.59522403935418,138.78010563250538,138.87600708007812,6407000
2024-03-19,138.99109600847936,139.88291813563126,138.58833621242607,139.79661560058594,5240200
2024-03-20,139.46099561156527,139.52812957035886,138.703426638457,139.4801788330078,8268200
2024-03-21,139.76785453294684,140.1706143475695,139.37467901182384,139.66236877441406,8865300
2024-03-22,139.86375657743946,140.21856566101553,139.29796134341453,139.4705810546875,5537200
2024-03-25,139.72950388583993,139.87334145207393,139.05822289005638,139.27879333496094,5253000
2024-03-26,139.55689358583794,139.95006913673984,139.18290125589743,139.78704833984375,6942400
2024-03-27,140.97611898352318,141.64739990234375,140.602126721684,141.64739990234375,8797400
2024-03-28,141.84881475676747,142.14608886985792,141.61865997606262,141.66661071777344,8090200
2024-04-01,141.5802899640431,141.66659250852246,139.95006738300052,140.45831298828125,7378300
2024-04-02,138.55958614785612,138.7130080186413,137.5526792146812,138.2718963623047,10776400
2024-04-03,138.51162951525853,139.13494516366103,137.79241239825117,138.1184539794922,8453400
2024-04-04,138.9814947766537,139.06781194277517,136.04709157373864,136.12380981445312,12685700
2024-04-05,135.9128402457778,137.79240058877386,135.7977701993218,137.34169006347656,9073100
2024-04-08,137.23622952977934,137.23622952977934,136.6896174436462,136.9005889892578,9128200
2024-04-09,137.1978601385668,137.46636668357513,136.44027660389318,137.3896484375,10534400
2024-04-10,136.01831871753544,136.4019099060342,135.30870062570108,135.77857971191406,13052700
2024-04-11,136.19095189399238,136.21971940691444,134.82923596314808,135.22239685058594,8153900
2024-04-12,134.52236815425798,134.53195244809746,132.77707556234148,133.20860290527344,13799400
2024-04-15,134.3689138510984,134.85799078978349,132.72910723876342,132.94007873535156,10383600
2024-04-16,134.09084550492472,134.09084550492472,132.9017345642697,132.988037109375,10170500
2024-04-17,133.76481103006805,133.8894653910159,132.54693250957834,132.75790405273438,8480100
2024-04-18,132.84419248232467,133.53464207153587,132.5373341274027,132.748291015625,8105800
2024-04-19,133.43873653723114,133.62094053890073,132.76747018832393,133.2469482421875,9668400
2024-04-22,133.65931640903676,134.8196451870598,133.22777442410074,133.7552032470703,8531300
2024-04-23,135.04017828271859,135.74979629138264,134.42643245305416,135.50047302246094,8615500
2024-04-24,135.20325176300867,135.35667364775585,134.46485132714815,135.07858276367188,7378600
2024-04-25,134.99227319313647,135.212829029912,133.48670488175136,134.17715454101562,9693300
2024-04-26,133.67845698215552,134.5702936472765,133.58257016421697,134.21548461914062,6013800
2024-04-29,134.3785083789346,135.04977464951853,133.99491720109577,134.6661834716797,6388600
2024-04-30,135.11692519386304,135.40461498561757,134.47442628403402,134.57032775878906,9677700
2024-05-01,133.97574108907162,136.01830729533498,133.822304626557,134.81002807617188,10710200
2024-05-02,135.53885998644245,135.63476145533585,133.98535569143536,134.7141571044922,8425500
2024-05-03,135.29912803416968,135.4333813181473,134.34977075193896,135.0498046875,8539300
2024-05-06,135.1648776524254,135.6347714726917,134.86760356241416,135.59640502929688,5605100
2024-05-07,135.90329555337195,136.84306868245466,135.88411232920336,136.71841430664062,7720600
2024-05-08,136.99648933693757,137.01567255888338,136.07588490618156,136.24850463867188,5461100
2024-05-09,136.41153472322122,137.4951600329519,136.3923514999705,137.41844177246094,6821800
2024-05-10,137.6006158551926,138.1759807348447,137.5047143923295,137.69650268554688,6324900
2024-05-13,137.97461460998736,138.0992689585366,137.31293252976698,137.562255859375,5351500
2024-05-14,137.75404127447572,138.21435074911793,137.23621140613977,138.147216796875,6198700
2024-05-15,138.76095236764567,140.3528230929123,138.70341733968587,140.1993865966797,8433700
2024-05-16,139.90210842220228,140.42953721719493,139.6431861714769,140.03636169433594,6740800
2024-05-17,140.00759654305145,140.33363811908916,139.47058344545772,140.30487060546875,7071600
2024-05-20,140.16103537382608,140.35282367866245,139.71032480958033,140.00759887695312,3890000
2024-05-21,140.25692926504863,140.85149206221104,139.89253585728315,140.24734497070312,4048900
2024-05-22,139.873342689322,140.91860136655978,139.78704014881816,140.4966583251953,6831200
2024-05-23,140.26650687561073,140.27609116849973,138.86642459088188,138.9623260498047,5155900
2024-05-24,139.14454469725152,139.36510051699355,138.40614435679888,138.49244689941406,3949500
2024-05-28,138.18555407797436,138.18555407797436,136.23887472881987,136.81423950195312,8375100
2024-05-29,135.6443463900431,135.91285294520148,135.16486830833034,135.7498321533203,6838200
2024-05-30,135.20323944458886,136.3060332178236,134.90595073229406,135.8169708251953,7395500
2024-05-31,136.24846742994274,137.87868966986778,136.08544666920093,137.80197143554688,7945900
2024-06-03,137.70608137298615,139.18286710947967,137.46634238357112,138.77052307128906,10303300
2024-06-04,138.64586532153487,139.55687062844976,138.12802086833582,139.1732940673828,6964200
2024-06-05,139.33633422110861,139.95964987768136,138.55958206576076,139.80621337890625,5373400
2024-06-06,139.7007148014918,140.56378405355724,139.22123676118053,140.26651000976562,5425800
2024-06-07,140.1322772323376,141.12000096919195,139.96925643069773,140.41995239257812,5222300
2024-06-10,140.19938956667636,140.97614172560796,139.69114396558504,140.9377899169922,5396700
2024-06-11,140.83232238686344,140.83232238686344,139.74869708866387,140.35284423828125,5194000
2024-06-12,140.956947714644,141.0048838086405,139.69111877097814,140.05552673339844,6522700
2024-06-13,139.5376851738726,140.1705996587446,138.6458630990592,139.94044494628906,4720600
2024-06-14,139.65279330341374,139.93088415756344,139.07741374188396,139.8925323486328,4109600
2024-06-17,139.2979771440099,139.96925821314818,139.01030198010594,139.74868774414062,4542800
2024-06-18,139.90207966074772,140.39114191601132,139.6239888801091,139.93084716796875,4872600
2024-06-20,139.49935212172159,140.57337832586043,139.30756381848386,140.39117431640625,6653600
2024-06-21,140.57337601433446,141.08162159418634,140.23775014731473,140.7843475341797,8535400
2024-06-24,141.35524478719393,142.10616024729237,140.98940890515058,141.6055450439453,6446100
2024-06-25,141.7691887420914,141.9713650463555,140.82573359849175,141.16268920898438,5171600
2024-06-26,140.912394380652,141.1627093349378,140.33477499582384,140.66209411621094,4572700
2024-06-27,140.76798591451504,140.82574638102113,139.62235436266414,140.4310302734375,4637900
2024-06-28,140.95091580537564,141.53817174773133,139.68976321355734,140.31552124023438,7656800
2024-07-01,140.59470534716925,141.99065199445462,139.25653386261246,139.52609252929688,6562000
2024-07-02,139.02549042043935,139.22765207327504,138.23605812692176,139.01585388183594,7536100
2024-07-03,139.26616990556386,139.2757917543949,137.4081247919831,137.95687866210938,7654000
2024-07-05,138.25530831724114,139.10250103276817,137.5525314635942,139.02548217773438,4846900
2024-07-08,139.17952012280375,139.56459970877827,138.51524535062975,138.87144470214844,4001500
2024-07-09,139.1698913623403,139.62236798056182,138.34195698536539,139.54534912109375,8336700
2024-07-10,139.69936791935393,140.88350150737662,139.39129252320694,140.8642578125,5342300
2024-07-11,140.87387826652522,142.23130792391484,140.7005821854458,141.85585021972656,7690700
2024-07-12,142.337193474443,143.3384090271618,142.23129440436142,142.7415313720703,6614600
2024-07-15,143.2902905915985,143.42506990978546,142.02913810931108,142.24093627929688,5804100
2024-07-16,143.09775079067117,144.30114280643295,142.7800535357288,144.2722625732422,7602500
2024-07-17,143.28066315438403,145.6874470922931,143.09774522472802,144.92689514160156,10395500
2024-07-18,144.00272752897774,144.9461829107457,141.38414489848816,141.6344451904297,11033400
2024-07-19,142.34683872327864,143.03999371598067,141.78846305194398,142.35646057128906,5985700
2024-07-22,143.0784969296789,143.43471096670243,142.36609823532064,143.17477416992188,5190200
2024-07-23,143.76203138390593,143.84867208700393,142.93409705577665,143.088134765625,3553300
2024-07-24,143.1651541928869,144.46480881408624,142.6837973650698,144.28189086914062,6870400
2024-07-25,143.8486466944358,145.87997272872155,143.4058067190988,143.55982971191406,11472800
2024-07-26,143.54062637625697,145.30237961629894,143.4539709742474,144.36856079101562,6028800
2024-07-29,144.38778793045046,144.94616360565539,143.69463293294393,144.45518493652344,8227200
2024-07-30,144.45519473154846,145.47566891100456,143.55024149622844,144.58033752441406,7269400
2024-07-31,144.52254724419276,145.04242076527046,143.4924514284671,144.0508270263672,8417800
2024-08-01,144.7921470931152,145.6874785500616,143.91608871483314,145.52381896972656,10357700
2024-08-02,145.74522242325878,146.11105831988817,143.0785014348789,145.2349853515625,15742100
2024-08-05,142.96296981985526,143.24215030075334,140.7391037508103,141.35523986816406,17575600
2024-08-06,141.92324699086691,143.81017224124673,141.47077039230248,142.0098876953125,13335600
2024-08-07,141.9135882365075,142.5971065358378,140.113304158755,140.56578063964844,11485000
2024-08-08,142.76079483962076,143.80052730175737,142.1157784833575,143.67538452148438,11479100
2024-08-09,143.92568843358728,144.75362274728732,143.6176130192597,144.38778686523438,8550400
2024-08-12,144.73436693834083,144.73436693834083,143.425075783826,143.83905029296875,5044300
2024-08-13,144.40703127254588,145.7259441240854,144.2433717332181,145.58154296875,4815700
2024-08-14,145.3986179154125,146.31319279732136,145.05204046976004,146.1013946533203,4837300
2024-08-15,146.77532805965814,147.24704834189185,146.0917949115323,147.01600646972656,5886800
2024-08-16,146.96788228730827,147.41072237902426,146.55390774260425,147.1700439453125,4562500
2024-08-19,147.1796586516601,148.20013270884638,147.09300326409544,148.0653533935547,4729600
2024-08-20,148.46008505489326,149.42279874785325,148.30604733845684,148.66224670410156,4878300
2024-08-21,148.97029651341464,149.29761558715785,148.39266252105622,148.9125213623047,5530100
2024-08-22,149.41320345632838,149.55761936404684,148.24832779258531,149.0088653564453,4951800
2024-08-23,149.40352360877895,149.75972293448442,148.87402819905228,149.65382385253906,4069400
2024-08-26,149.7982627382197,150.26036121692596,149.43242681891078,149.5768280029297,4433600
2024-08-27,149.72123588112964,150.22183641889177,149.27838112404547,149.80787658691406,3785400
2024-08-28,149.71159674451573,150.60692809161748,149.27837853326733,149.9811553955078,5150100
2024-08-29,150.57803855568523,150.9823765071975,149.66346356846626,150.29884338378906,4339200
2024-08-30,150.40474388919927,151.4155961224537,149.75010568242513,151.3385772705078,7020600
2024-09-03,151.03051521569967,151.9547120511818,150.63579911166232,151.0497589111328,7674900
2024-09-04,150.84760116571715,153.6876034387079,150.04854708934383,150.7898406982422,8235500
2024-09-05,150.62618483313076,150.71282553646532,147.9979659798927,148.72000122070312,7245600
2024-09-06,149.23985785872543,149.85599393993036,147.90168661877212,148.20974731445312,7651800
2024-09-09,148.5852216889688,149.72123143830837,148.0172241592213,149.24949645996094,6169200
2024-09-10,149.45167234969085,150.0389282639235,148.89329666977744,149.9330291748047,7337200
2024-09-11,149.3939113485485,149.66348471081537,147.15080125801242,149.4901885986328,6636500
2024-09-12,149.45167747894592,150.1640762030638,148.05573088633056,150.029296875,4838100
2024-09-13,150.09669340612095,150.79947027951306,149.89451706974637,150.33737182617188,4358500
2024-09-16,151.12680598586303,151.71406198281096,150.8283670626323,151.3771209716797,4711900
2024-09-17,151.19417774651328,151.23267982798245,149.2880088821407,149.81748962402344,6280000
2024-09-18,149.6923571876834,151.1267911865942,148.9895656161623,149.56719970703125,7148900
2024-09-19,150.9149992510279,150.9149992510279,149.71160708673716,150.1063232421875,6717400
2024-09-20,149.6153460857732,150.16408527968522,149.12435267612753,149.4901885986328,8541600
2024-09-23,149.9607763988013,149.98010661455194,148.92682365334124,149.1973876953125,6416400
2024-09-24,149.12973020766347,149.1877061010092,148.19241394622185,148.89781188964844,5341600
2024-09-25,149.35200029522187,149.56458843509256,147.3904036138431,147.44837951660156,5940100
2024-09-26,147.35174642054628,148.12477805647438,147.10049786869968,147.94119262695312,6172900
2024-09-27,148.1344709190824,149.00413900148357,147.85423437955987,147.86390686035156,7312500
2024-09-30,147.66093516571942,148.86881535619173,147.43868933916926,148.83016967773438,7233800
2024-10-01,148.94614125529807,149.1490716419082,147.48702709933283,148.0474853515625,10560200
2024-10-02,147.86389134957548,148.21176149497177,146.75263253348243,147.7479248046875,7158400
2024-10-03,147.38073299144463,147.5160150009303,146.14386469196614,146.4144287109375,5551000
2024-10-04,146.6366743094779,146.897580593254,145.79599430519548,146.53038024902344,6590100
2024-10-07,146.54002962378297,146.98453605431573,145.6123858260407,145.88294982910156,5922800
2024-10-08,146.26949266548624,146.90725710974988,146.14388311953255,146.6753387451172,4726600
2024-10-09,146.81058800242818,148.2890469730852,146.46273265007565,148.17308044433594,7840000
2024-10-10,148.17310024592095,148.28906679016777,147.2647718299284,147.622314453125,4385500
2024-10-11,148.0861252006007,148.87850175707484,147.87353708762626,148.70455932617188,9354000
2024-10-14,148.8688301265967,149.78681621350975,148.35669005459363,149.5259246826172,4819800
2024-10-15,147.52568828127485,149.3809909259962,147.37107604138941,147.6996307373047,9088600
2024-10-16,147.50632072087038,148.4339791806926,147.11014723033614,148.11509704589844,4510200
2024-10-17,147.62232734347532,147.86390344351946,147.15849061525333,147.255126953125,5430000
2024-10-18,147.36140789004824,148.32771220408134,146.93623163273227,147.97018432617188,9823900
2024-10-21,147.58365511520987,147.9798434263303,146.08588046571512,146.2308349609375,4825900
2024-10-22,145.4577760245398,146.28879826047893,145.3321517550946,146.0182342529297,5166900
2024-10-23,145.62206283350105,145.84430870586584,144.55913689354858,145.33216857910156,4910200
2024-10-24,145.33216591155215,145.9216121449794,144.33687362726857,144.3755340576172,5066300
2024-10-25,144.868346960372,144.9456530780364,143.41889042959164,143.58316040039062,5314500
2024-10-28,143.98900376784036,144.45284046515553,143.61214566666803,143.79574584960938,4923500
2024-10-29,143.69911810835865,144.28856431773002,143.3319177582027,143.39955139160156,7342600
2024-10-30,141.21570423401954,143.17730070596338,140.71322188937086,143.1289825439453,9211800
2024-10-31,142.27865468857402,142.945392289991,141.89212411025196,141.92111206054688,6701100
2024-11-01,142.47191604814623,143.46720835134593,142.46224356805826,142.76181030273438,6896900
2024-11-04,142.4139396507828,143.10000748146624,141.54425689004344,141.82449340820312,5985900
2024-11-05,141.54425605092558,142.90674871342932,141.02245819328272,142.86810302734375,5035300
2024-11-06,145.59308206565467,145.8250004295433,142.3849591273546,143.05169677734375,10685600
2024-11-07,143.91168988595322,144.25956001785104,143.21596436679076,144.08563232421875,9381600
2024-11-08,144.27890304672522,145.86364162287396,144.11463307327114,145.1195831298828,8701100
2024-11-11,144.80071167048953,145.52543992760982,144.05665319801514,144.2692413330078,6071900
2024-11-12,144.03730408008437,144.27888013408815,142.23031991441823,142.25930786132812,7022300
2024-11-13,142.20134373488042,142.6265199842522,141.73750705667476,141.88246154785156,5981200
2024-11-14,141.64088353559984,141.65054127035944,139.49568684831283,139.65029907226562,7936700
2024-11-15,138.87724937780925,139.0028736498475,136.79970111739485,137.0605926513672,14246100
2024-11-18,136.70309280540482,137.3021968508735,136.54848055346585,137.15725708007812,7933100
2024-11-19,135.9106852438914,136.83834380046736,135.5338271806708,136.4518280029297,6205800
2024-11-20,136.7417200617182,138.25882493315396,136.51947419491466,138.06556701660156,9328800
2024-11-21,138.06555957014956,139.37006149499638,137.35048909837516,139.1768035888672,7969600
2024-11-22,139.46671443501873,140.13346682353261,139.0898563125502,139.3024444580078,6330300
2024-11-25,139.93052379043928,140.93548852278494,139.91119357587743,140.49098205566406,6834300
2024-11-26,140.9161500363084,141.39930215955792,139.81456378508483,141.24468994140625,6018400
2024-11-27,141.37997892742536,142.78111720511015,141.37997892742536,141.9984130859375,5952800
2024-11-29,141.9887526808066,142.81010246866276,141.76650682581416,142.4429168701172,3521200
2024-12-02,142.35595034853083,142.41392624486247,141.45727972149191,142.19166564941406,6220800
2024-12-03,142.1820124395279,142.46223419559254,141.79549662192844,141.872802734375,4236200
2024-12-04,142.1240263460503,142.60717845570727,141.4282861285737,141.7954864501953,5597400
2024-12-05,141.16738617789528,141.3219983986159,139.94984811514428,140.21075439453125,8948700
2024-12-06,140.39432738922193,140.55861207458838,139.24443780407813,139.41836547851562,6545200
2024-12-09,139.55366997517277,140.2010921087999,139.0705178087674,139.82423400878906,6258600
2024-12-10,140.10445597791897,140.21075003327903,138.78060915304695,139.24444580078125,7200500
2024-12-11,138.68399905425764,138.79995085347133,137.31184869990562,137.35049438476562,6895000
2024-12-12,137.37947667566937,137.73700453827348,136.16193860017722,136.25856018066406,5994200
2024-12-13,136.08466081676593,136.68376487224785,135.40825063402244,136.23927307128906,7599400
2024-12-16,136.13296492998495,136.87700868184214,134.50956591442417,134.61585998535156,9476600
2024-12-17,134.02638624915372,135.51450293704173,133.9297646783421,134.5192108154297,10280100
2024-12-18,134.43223739908458,135.32123550572052,132.60592302623456,132.69290161132812,14448100
2024-12-19,132.44167398926496,133.15674452787343,131.3690755536695,131.68795776367188,11929300
2024-12-20,132.8571809692379,134.5965168802017,132.43200472624383,133.34999084472656,12098400
2024-12-23,133.5655024757961,134.87591088797294,132.97338740008271,134.68177795410156,8050500
2024-12-24,134.56529048706986,135.2350616455078,133.99257838217557,135.2350616455078,3139300
2024-12-26,134.75942390540843,135.62332798553038,134.61381310746444,135.50685119628906,4720300
2024-12-27,134.75942347968132,135.7106851487291,134.30320297473762,134.8759002685547,5948000
2024-12-30,134.0993408516466,134.0993408516466,132.72097800778866,133.21603393554688,6890300
2024-12-31,133.54606315547386,134.0702234733519,132.77921819523715,133.53636169433594,6626900
2025-01-02,134.2061310096858,134.7011869921906,133.09955706554643,133.5751953125,8973000
2025-01-03,133.84700115885693,135.26419980406624,133.70140515243565,134.88563537597656,8288700
2025-01-06,134.8273865535025,135.9339606725297,134.4973590539353,134.94387817382812,8653300
2025-01-07,135.27387325021635,136.7978321102381,135.27387325021635,135.61361694335938,12639700
2025-01-08,135.8659957737618,136.51634918946846,134.62352733608455,136.3125,7827400
2025-01-10,135.84660838235308,136.81728799181812,135.2642095035113,135.5457000732422,10343700
2025-01-13,135.69126923354096,137.6617620772309,135.57479244310525,137.31231689453125,9422200
2025-01-14,137.12787802457876,137.12787802457876,134.80795493495785,135.89511108398438,10277800
2025-01-15,136.27366480143323,137.0987481217071,135.67184838184883,136.44839477539062,11388400
2025-01-16,136.02130973096575,137.19582351636555,135.48743309606027,136.9919891357422,8512100
2025-01-17,136.80756534580289,137.25406960264277,136.06983947753906,136.06983947753906,7668100
2025-01-21,136.78813270556887,138.33150932276132,136.768714971311,138.32180786132812,7257800
2025-01-22,137.64233660626795,138.4480022547528,136.99198321056392,138.0111846923828,8189900
2025-01-23,138.3897786057165,139.87491700409223,137.71029113026134,139.85549926757812,8032900
2025-01-24,139.23424905234975,140.36994212034358,139.06923533936515,140.0787353515625,8127900
2025-01-27,140.84557820255873,143.25285881932123,140.7193851486741,143.22373962402344,12311300
2025-01-28,143.21402022960743,143.40816794254917,142.1851025211365,142.22393798828125,9686400
2025-01-29,141.80654517460468,142.28218339655012,141.03971499166371,141.38916015625,8159100
2025-01-30,141.96186048284218,143.4178795647175,141.95215902106415,143.0198974609375,7705200
2025-01-31,143.25286379934417,144.2332446350314,142.51515280716887,142.5636749267578,9211800
2025-02-03,141.69977542830452,143.8158642336302,141.66095476910795,143.11697387695312,13001500
2025-02-04,141.54448343691533,142.88401099602729,141.3212165009026,142.72869873046875,11762000
2025-02-05,143.0781196115444,144.3594233676037,142.78692767734032,144.0973358154297,10042300
2025-02-06,143.80616468555337,144.10708777774286,142.59281528789802,142.80636596679688,12422100
2025-02-07,143.01020179224764,143.58289909958344,142.02982090283925,142.13658142089844,11199700
2025-02-10,142.30162858149154,142.35015071008974,141.19505448207212,142.0104217529297,7374300
2025-02-11,141.6027102944381,142.02981158422313,141.17560900465307,141.74830627441406,6634900
2025-02-12,141.4085700331137,142.3113095907668,141.10766178436018,141.5444793701172,7572200
2025-02-13,141.82597400240786,142.40838759273717,140.90383149388052,142.09776306152344,6293100
2025-02-14,142.2045343682614,142.3986672890795,140.55438232421875,140.55438232421875,5299200
2025-02-18,139.7001792016639,140.6417394162422,139.6225230713346,140.2825927734375,11366800
2025-02-19,140.29230179274128,142.14630312432004,140.26318259372326,142.1074676513672,6295900
2025-02-20,141.90361334222058,142.9810679888479,141.816255757427,142.90341186523438,6264800
2025-02-21,141.21443892730147,142.82577033124971,141.07854439994395,142.13658142089844,8647000
2025-02-24,142.29188842353767,143.8741005710867,141.98127872022897,143.29168701171875,7559400
2025-02-25,143.56346671308037,144.71857748343567,143.0878433215631,144.52444458007812,11981300
2025-02-26,143.96146328314225,144.58269752325276,143.02961932867277,143.48583984375,6566800
2025-02-27,143.2237378208686,144.54386229951658,142.845173475372,142.90341186523438,7377000
2025-02-28,143.13636286799974,144.78651456323362,142.19480284909662,144.56324768066406,8453700
2025-03-03,144.65065102170377,145.91253722741848,144.59241262644488,145.19422912597656,9459300
2025-03-04,145.39806415077422,145.66986801550212,143.63143530409448,143.84498596191406,10804700
2025-03-05,143.19463396658412,145.51455721678263,142.92284491051512,145.29129028320312,7597700
2025-03-06,144.6312229755016,145.09714491574988,143.59258896278683,144.893310546875,7122200
2025-03-07,144.3012138625126,145.87370986750955,144.09736465637917,144.9030303955078,8532400
2025-03-10,143.77704329273277,145.51456789806358,143.0199144650514,143.34024047851562,13577800
2025-03-11,143.34993124109462,143.55378043858965,141.0300079937762,141.77743530273438,9411600
2025-03-12,141.45711776039894,141.70950390678735,139.89432319092256,140.36026000976562,7141100
2025-03-13,140.41847383966677,140.81645591518605,139.2827808138167,139.61280822753906,8041600
2025-03-14,139.7098930119444,140.8941231841978,139.2051503372808,140.68057250976562,6761200
2025-03-17,140.47673316554213,142.79665649122975,140.47673316554213,142.4666290283203,6017300
2025-03-18,142.51515823320898,142.74811181255905,141.75801466614416,142.53456115722656,5528000
2025-03-19,142.64134759324114,142.99079280087201,141.62213117003492,142.6122283935547,6156200
2025-03-20,142.6316298477672,143.3111024485388,142.2142300142556,142.69956970214844,8033800
2025-03-21,142.28215697610668,142.55394596349495,141.457073742785,142.30157470703125,7635300
2025-03-24,142.67675871507916,143.62196177374813,142.37468626990187,143.38809204101562,6500600
2025-03-25,143.72915335098313,143.81684892691334,140.65968924384777,141.55616760253906,6502000
2025-03-26,141.66335639504533,142.23826944140094,140.6986604513067,141.0397186279297,8758600
2025-03-27,140.82536216745316,141.70234779348434,140.76689844154436,141.26385498046875,6264300
2025-03-28,141.14689793537917,141.52692694280793,140.75711506321105,140.82533264160156,6210500
2025-03-31,140.11397520554036,142.87162751030803,139.81190279253073,142.2772216796875,8085600
2025-04-01,141.76078136955059,141.76078136955059,139.24673760926507,139.6754913330078,9906100
2025-04-02,139.12006257912284,140.70838121547104,138.55488860267366,140.61094665527344,6392700
2025-04-03,140.08473951751097,141.4781889935593,139.39289914574783,139.47085571289062,10990600
2025-04-04,137.53173741382676,138.08717242854564,131.772823744513,131.82154846191406,21341100
2025-04-07,128.34283715934387,133.85812782020625,126.34524248592251,131.0322723388672,29940300
2025-04-08,135.86545510578293,135.87520897104565,127.92381637651732,129.58035278320312,20860400
2025-04-09,126.8032221193099,135.68032492078711,126.36471450612743,135.21258544921875,39444700
2025-04-10,134.17968811977244,134.21867384380087,127.97254231663955,131.4415283203125,21957400
2025-04-11,131.6948662262954,134.2381418219574,130.23321392691943,133.3708953857422,10755600
2025-04-14,134.67664904235042,135.48541689469775,133.45860546283262,134.99819946289062,7437200
2025-04-15,135.4464444107552,135.48541526260405,133.78015427182117,134.16993713378906,6239000
2025-04-16,134.588927273396,135.07614466418434,132.17233317832023,132.8057098388672,8150700
2025-04-17,131.88004041610446,133.07860627230727,131.64618551241563,132.02621459960938,9662800
2025-04-21,131.73387751383132,131.89952968899954,128.19667350487148,129.1808624267578,6456000
2025-04-22,130.2234819341304,131.82155460597457,129.73626447480356,131.607177734375,8012500
2025-04-23,133.04933014617458,134.40379401602962,131.6753882844483,132.26004028320312,9503200
2025-04-24,132.47442062908306,134.0237685392902,131.66563788426322,133.8776092529297,5433000
2025-04-25,134.07249011218587,134.66689597726742,132.40621481198264,134.52073669433594,6438400
2025-04-28,134.7058892340118,135.48542527818202,133.88735259771795,135.0566864013672,5803300
2025-04-29,134.88126949595008,136.39164647983444,134.20890707373283,135.7192840576172,7811900
2025-04-30,135.98239738155132,137.19068717813045,134.72536799606215,136.87887573242188,6827800
2025-05-01,135.26129608433118,135.55362950644573,132.98112215548957,133.1467742919922,10363200
2025-05-02,135.24181207457582,135.456188940242,134.03352232485358,134.98846435546875,9777000
2025-05-05,134.71563265376454,135.13463254782863,134.06276301755238,134.6084442138672,5479700
2025-05-06,133.62426423304566,133.6827279487709,130.5450463428112,130.89584350585938,11625900
2025-05-07,131.30511493522738,132.27954992547023,130.96405674116318,131.89952087402344,6417500
2025-05-08,130.9737949385009,131.87027323803395,130.27220063996265,130.710693359375,10558100
2025-05-09,130.87634321787942,131.32458979416535,129.22954593114693,129.2880096435547,7555200
2025-05-12,129.48290042169648,132.64981350799292,129.24903071797823,132.48416137695312,15211100
2025-05-13,130.51582102630402,130.51582102630402,128.45976266430338,128.4987335205078,17817000
2025-05-14,128.89825042374463,129.16135201618732,125.39027875349849,125.47798919677734,19579500
2025-05-15,125.18565553080582,127.20272808620501,124.09428574256782,127.12478637695312,18792700
2025-05-16,127.35863182262955,129.73625523377956,126.97860282617168,129.68753051757812,12901800
2025-05-19,129.61933624228237,131.00303203398408,129.25878521389265,130.934814453125,11645200
2025-05-20,130.96405995463175,131.63642249338878,130.75943692813075,131.2563934326172,11644500
2025-05-21,130.14551760789985,130.71069161131376,128.15767703442336,128.2161407470703,16635900
2025-05-22,127.29044284768335,127.88484876459857,126.65705120612267,127.21248626708984,12722600
2025-05-23,126.60830592388993,127.26119032174705,126.23803081207404,127.00782775878906,9127100
2025-05-27,128.06996290195127,129.00542688340252,127.80687620263,128.78131103515625,12304000
2025-05-28,128.73259687291696,129.19058247124428,127.7776548219926,128.1186981201172,11087500
2025-05-29,128.31357286474378,129.36596427840595,127.9335438710904,128.9761962890625,10670300
2025-05-30,128.69363375334646,129.93115546101953,127.53405375889724,129.24905395507812,11651300
2025-06-02,128.91775020302538,129.38547482792347,127.75817020345288,129.32701110839844,11845000
2025-06-03,128.9859586746029,130.10656786739008,128.3623208573477,129.62908935546875,14304300
2025-06-04,130.01882078213606,130.89582097313598,129.8824005126953,129.8824005126953,9986100
2025-06-05,130.20400301779722,130.48659750094384,129.1808581385862,129.70704650878906,13705000
2025-06-06,130.38911460293448,131.39278122968122,130.36962174423897,130.94454956054688,9153500
2025-06-09,130.91534261222947,131.36357436663556,129.97987850991206,130.72044372558594,9976600
2025-06-10,130.8373770726301,132.61084084381326,130.81788421156097,132.21131896972656,11488000
2025-06-11,132.24055490657364,133.07856943981778,131.880003915345,132.27952575683594,13644000
2025-06-12,132.28927932557534,133.34167082293456,132.02619260275821,133.31243896484375,9809500
2025-06-13,132.58162372161834,133.8191603348595,132.21133366363324,132.64984130859375,13722800
2025-06-16,132.93241053787725,133.33193242517459,131.62667130830235,132.24057006835938,14171000
2025-06-17,131.64616449849404,131.94823694667363,129.88242479207992,130.05783081054688,13506000
2025-06-18,130.06756457374755,130.69120230677666,129.10288355143325,129.83370971679688,12185300
2025-06-20,130.2819525539119,130.37940199841987,129.02493798446594,129.2100830078125,13744900
2025-06-23,129.29817301136697,129.96395966287864,128.24075769873724,129.39608764648438,14181600
2025-06-24,129.7387791618638,131.2759525220877,129.2394503003511,130.9822235107422,11272900
2025-06-25,130.72765814703322,131.48154413666265,129.9933431345037,131.09970092773438,11996400
2025-06-26,131.37385306608755,132.33336883854787,130.9528529342417,131.41302490234375,13177700
2025-06-27,131.51094755364477,132.30400547977843,130.90390357217032,131.12908935546875,13818500
2025-06-30,131.09971322118952,132.12775732306784,131.00181350747832,131.97109985351562,12407700
2025-07-01,131.7654926528353,134.87898125333876,131.64800702705864,133.8509521484375,21204300
2025-07-02,133.18517642779358,133.4397336179277,132.41170442798068,132.52919006347656,13720400
2025-07-03,132.71520182853772,133.057873201096,132.3431441112167,132.66624450683594,7282700
2025-07-07,132.6172955624908,132.6172955624908,130.85493644763923,131.5500946044922,14052300
2025-07-08,131.4521655278401,133.37118189554766,131.20739387041024,132.14732360839844,19485900
2025-07-09,132.42149266628772,133.07747904422058,131.60884881132276,132.65647888183594,13963900
2025-07-10,132.6760282064973,134.75170208918604,132.1766993870964,133.46910095214844,17668300
2025-07-11,133.03828880297564,133.03828880297564,131.54028753602068,132.3627166748047,14246600
2025-07-14,131.83402745221116,132.4802283051869,131.58925575999413,132.20608520507812,11095400
2025-07-15,132.40189219659888,132.63687838632356,129.69961824331443,129.826904296875,17095600
2025-07-16,130.35559603299953,131.60882575030212,130.21852449953445,131.4423828125,14142100
2025-07-17,130.50246866147648,130.8843119031993,129.51359640462468,129.94439697265625,15740900
2025-07-18,130.28708165463206,130.45352461021523,128.90656574460445,129.08279418945312,13245500
2025-07-21,129.15133854161814,129.55276770012253,128.28973740915572,128.34848022460938,9468700
2025-07-22,128.56386841125635,131.01158508937692,128.56386841125635,130.73744201660156,16681900
2025-07-23,132.43126361388016,133.46910808049236,131.98089209146744,133.42015075683594,16624000
2025-07-24,133.28307912784578,134.06633654712928,132.70540661255936,132.92080688476562,11054800
2025-07-25,133.40056192437842,133.8411479483033,132.90123308922054,133.62574768066406,9539900
2025-07-28,133.29287734506465,133.5376490468838,132.10817573480102,132.4606475830078,9780300
2025-07-29,131.09970705490613,132.27462308160685,130.159792161159,131.61862182617188,14967600
2025-07-30,132.05920863556747,132.36272309868167,130.84513584343435,131.38363647460938,11634600
2025-07-31,130.23812418390543,130.99201022782282,127.26169208589776,127.70227813720703,26441600
2025-08-01,127.96661925878024,128.65197691026884,127.14419007699391,128.38763427734375,20736200
2025-08-04,128.64220157925402,130.28707501237443,128.61283017327665,130.2283172607422,11331000
2025-08-05,129.68003132418676,130.16957467757342,129.2786021888871,129.72898864746094,14319200
2025-08-06,129.18070326931596,129.2884034053045,127.62395898158137,127.78060150146484,14342800
2025-08-07,127.05607369877727,127.51624560114381,125.28392185329096,126.31195831298828,24421900
2025-08-08,126.52736128023564,127.71206267850674,126.52736128023564,127.43791961669922,13747100
2025-08-11,127.56519317626953,128.57366617123043,127.41833615450064,127.56519317626953,14474000
2025-08-12,127.61415098290242,128.48553750796302,127.40855115164273,128.44638061523438,17219500
2025-08-13,129.06319790316957,130.5807701240495,128.89674004054854,130.50244140625,15069900
2025-08-14,130.27724520718462,131.29550351704736,129.640844968276,131.15843200683594,15464000
2025-08-15,132.6466603797464,133.74324762988726,132.35293138525017,133.3614044189453,13929600
2025-08-18,133.67469528472688,134.320896040664,132.97955214943875,133.04808044433594,12572000
2025-08-19,133.0285005496708,134.3502735248497,132.9403863352394,133.89988708496094,13578200
2025-08-20,134.14466230859472,135.31957829087634,134.14466230859472,134.62442016601562,14607000
2025-08-21,134.34048436487032,135.5643426641143,134.0761267891242,134.1740264892578,13218900
2025-08-22,134.91815345967478,136.11264045728385,134.91815345967478,135.28041076660156,11898600
2025-08-25,135.25102342738808,135.36850903964813,133.25369332058673,133.35159301757812,10681000
2025-08-26,133.73345142621287,134.30132351626395,133.48867974634658,134.183837890625,11397500
2025-08-27,134.12508518363236,134.830028764819,133.87051309395704,134.10549926757812,8321700
2025-08-28,133.9684258437367,133.9880117595145,132.92079597493168,133.5767822265625,9165700
2025-08-29,133.68449112223485,134.5950495196718,133.51804817639743,134.55587768554688,9655700
2025-09-02,134.02716501130254,134.85939460297803,133.60616494141036,134.6831512451172,13325300
2025-09-03,134.24256726604438,134.87896759412325,133.3907666860701,134.0467529296875,12586000
2025-09-04,133.93906322501465,134.5950495196718,133.23411960754004,134.55587768554688,11778600
2025-09-05,134.4090232624859,135.48602462663953,134.18383750077297,135.01605224609375,14664000
2025-09-08,134.58525885098555,134.98667302741305,133.51804303747932,134.96710205078125,15753300
2025-09-09,135.17270512599546,136.06367759345247,134.8398192391469,135.69161987304688,12249600
2025-09-10,135.61329242120837,135.61329242120837,133.9488480316322,134.45797729492188,13588300
2025-09-11,135.15313061476127,137.07214724971578,135.00627357572222,136.79800415039062,16470800
2025-09-12,136.31822136700433,136.8860933804008,135.2118636823321,135.22164916992188,11345400
2025-09-15,135.36851701412698,135.6426600853341,133.80198731289727,134.0663299560547,11233800
2025-09-16,133.80198731289727,134.51671639571035,133.68448675403928,134.0663299560547,12443800
2025-09-17,134.26217542912568,135.39790474405888,133.97823189563334,134.33070373535156,12501500
2025-09-18,134.33068941055262,135.05521893151044,134.02717493032128,134.5950469970703,11472900
2025-09-19,134.937737684746,135.01605147471184,134.3111078475984,134.41880798339844,11280900
2025-09-22,133.95161349727698,135.00401940831478,133.65654122973402,134.38438415527344,9732700
2025-09-23,134.02045381156134,135.0925502062192,133.9122611481738,134.6892852783203,9903000
2025-09-24,134.57128643722052,134.80733228463583,133.92213034082548,134.14834594726562,7471600
2025-09-25,133.89262003695842,133.9417862481564,131.5320565874171,131.9254913330078,14099700
2025-09-26,132.92871096461832,133.39098739259742,132.4270985676199,133.27296447753906,10071000
2025-09-29,133.44998125606944,133.73522327385467,132.52544353000278,133.66636657714844,7735700
2025-09-30,133.52868671922303,137.20722267997493,133.44016953231736,136.8826446533203,19313500
2025-10-01,137.50228987363866,141.36769030504271,137.30558001848323,141.11196899414062,23657900
2025-10-02,139.8136479167288,141.21032231663668,139.8136479167288,140.83656311035156,15176200
2025-10-03,141.21033344604788,143.73808588736023,141.2004881979493,142.43978881835938,15829200
2025-10-06,142.5184760309827,142.67584993742673,141.60376833978015,141.7512969970703,12879900
2025-10-07,141.75127388569425,142.2824069813455,140.9250835235693,141.85946655273438,12478700
2025-10-08,142.2233893618374,142.5873033133767,141.6529203247226,142.13485717773438,8925800
2025-10-09,142.40044401227607,142.86272045293597,141.59392905725295,141.8201446533203,7657000
2025-10-10,142.23323324633319,142.36110140719472,139.60711838063904,139.77432250976562,13350100
2025-10-13,139.40055802207132,140.59067737724155,139.3022106011148,139.616943359375,8257500
2025-10-14,139.27270610570412,140.51199167831263,138.73174275766084,140.0005340576172,10044700
2025-10-15,139.6858008467619,140.89558068812687,139.03664483120036,140.2169189453125,7260600
2025-10-16,140.50216862444387,141.27917783100966,139.62679698302145,139.9808807373047,11194100
2025-10-17,139.25302672080787,141.06278131815716,139.06614711416867,140.91525268554688,8160300
2025-10-20,141.35785710408646,142.60698792055805,141.20048322005863,142.41026306152344,8435900
2025-10-21,142.66600299739446,143.23647208548,141.96766574928972,142.74468994140625,9031800
2025-10-22,143.80694148761293,144.3183841128065,143.14794020607496,143.56105041503906,12705300
2025-10-23,143.12828209777672,144.10200115618446,142.9807384469875,143.6397247314453,7924900
2025-10-24,143.8856041085412,144.34788049569195,143.4823541817068,143.6298828125,7007400
2025-10-27,143.68891287390298,144.0429966416629,142.8332166884835,143.9643096923828,6466700
2025-10-28,144.00363065234882,144.13148378627614,142.80368118996782,143.0594024658203,8652700
2025-10-29,142.8332115840354,143.05942717513076,141.2103364611331,141.61358642578125,12425600
2025-10-30,141.59392121246196,143.05942239344455,141.40704159684674,141.92832946777344,10756100
2025-10-31,140.66935537419923,142.11519594152057,140.35460762795307,141.87913513183594,10581100
2025-11-03,141.70210723473753,142.1840441071299,140.4824821744807,142.0758514404297,12279300
2025-11-04,141.40705230181132,143.09878420239758,141.13165548152992,142.71519470214844,14182200
2025-11-05,142.25292110004878,143.85612083421168,142.00703000501753,143.2659912109375,13154600
2025-11-06,142.75451218908367,143.70857069581234,142.55780234406726,143.54136657714844,14395800
2025-11-07,143.44301060094926,143.74791312563536,142.34142341292218,143.7380828857422,14522900
2025-11-10,143.39382831726763,145.0068731197194,143.3249866225287,144.85934448242188,12305900
2025-11-11,145.17409587329982,148.34117410227125,145.17409587329982,148.20346069335938,12659500
2025-11-12,148.50836428335055,150.6426968010252,148.24279774653428,150.30828857421875,17847500
2025-11-13,149.54110725207738,151.98035748405334,149.36407288465975,150.2296142578125,21807600
2025-11-14,149.7181689701344,150.40666102462828,148.7050988739503,149.33457946777344,15468900
2025-11-17,148.85261182197016,150.80007986665748,148.65590197115316,149.20669555664062,17516500
2025-11-18,149.2558714189744,150.61319485453697,148.6657268796866,150.08206176757812,24494200
2025-11-19,149.97388362557766,150.41648456890488,149.0788514985828,149.82635498046875,17352600
2025-11-20,149.98372593949526,150.81974659208987,148.63623263919538,148.93130493164062,25278500
2025-11-21,149.29521962300336,153.15080491521374,149.21654768544832,152.06887817382812,25526100
2025-11-24,152.59015275513465,153.5933924635144,151.940996766889,152.7081756591797,17928400
2025-11-25,153.20981431936374,156.27853011489978,153.20981431936374,156.16050720214844,17298600
2025-11-26,155.81625366210938,156.33754153731476,155.56053234853695,155.81625366210938,12398900
2025-11-28,155.59987758010183,155.64905879933215,154.57697725691577,155.0589141845703,8559700
2025-12-01,154.45892359898912,155.26545348982614,152.62949348913864,152.73768615722656,17321200
2025-12-02,152.6983390497776,152.91472437016594,151.60658220890852,151.82296752929688,16150300
2025-12-03,152.12789346912038,153.2196504782449,152.11806322867807,152.53115844726562,12724800
2025-12-04,152.45247120014992,152.48197692941957,150.84925653916233,151.37054443359375,13674600
2025-12-05,151.91150226116906,152.0885516383126,150.44600106770366,150.74105834960938,8868700
2025-12-08,150.82958821485485,150.89842991023727,148.71491600982634,148.94113159179688,10996000
2025-12-09,149.5017802089363,150.1705967586622,147.387122873655,147.4953155517578,11543300
2025-12-10,147.90839764406752,149.6788012987579,147.40677026830565,149.63946533203125,15534800
2025-12-11,150.2492714916794,151.76396886197236,149.75748935992186,151.05580139160156,14703000
2025-12-12,151.22300580420338,152.0196904578919,150.8885975558896,151.5279083251953,13175500
2025-12-15,151.9311635987232,153.74091812985506,151.90165787328075,153.5343780517578,14681800
2025-12-16,153.47535799704212,153.554044937505,150.5738464794696,151.53775024414062,12491300
2025-12-17,151.69509974336657,152.23606304562165,151.1443062021608,151.2623291015625,9093300
2025-12-18,151.22299721830228,152.62948683411926,151.15414051979437,151.38037109375,8876400
2025-12-19,151.39022329325755,153.20982334807113,151.39022329325755,152.39346313476562,8571500
2025-12-22,152.26207036421954,153.46712984567415,151.91636596761492,153.3979949951172,7063700
2025-12-23,152.79545282044268,153.75357405267846,152.74606217582988,153.09178161621094,7465800
2025-12-24,153.2695871863954,154.0301609981148,153.24982791193364,153.89187622070312,3085700
2025-12-26,153.7832328589154,154.20795932015483,153.44740053069197,154.13882446289062,4439100
2025-12-29,154.1585587258056,154.57341301781307,153.77332073475344,153.9017333984375,6357300
2025-12-30,153.75358648656166,154.06965950820862,153.29921362005123,153.77333068847656,4355000
2025-12-31,153.69431890667877,153.93136989748643,152.8744823956803,152.90411376953125,4199500
2026-01-02,152.9732466277319,153.66468553368387,151.69905235298944,153.60540771484375,10998000
2026-01-05,152.6966886089964,153.486893795453,151.09653403355674,153.14117431640625,17756200
2026-01-06,153.23994136951785,156.39087464921937,153.23994136951785,156.15380859375,17783800
2026-01-07,156.59829663998724,158.62319256282646,156.59829663998724,157.70458984375,14505700
2026-01-08,157.20082516610037,158.5342972464698,155.67969274627887,156.18344116210938,17611000
2026-01-09,156.39088906391729,156.98353164935173,155.3339864250982,155.3833770751953,12352000
2026-01-12,155.40312400226466,155.57104014172504,154.09928328846524,155.4525146484375,12250100
2026-01-13,155.71921709504662,155.73897637044638,153.83262077192242,154.82037353515625,11756500
2026-01-14,154.6919449153527,156.05504841118938,154.56353224635086,155.9266357421875,13516800
2026-01-15,155.3833783599128,155.52166313818188,153.4671356668195,155.0376739501953,15303400
2026-01-16,154.7215671391786,155.04752730681477,153.80296445285643,153.8325958251953,11950300
2026-01-20,152.11391737119922,154.01040076615897,151.35334356420836,153.49676513671875,12775200
2026-01-21,153.29921081953407,156.56866973399673,153.24982017182938,156.3217315673828,16393900
2026-01-22,155.7192182243535,157.2798694102104,155.57106133755838,156.35137939453125,10881400
2026-01-23,155.867372875986,156.4402712278327,154.74133544564168,155.55128479003906,10191300
2026-01-26,155.442641208227,156.39089045402523,154.97839622262615,156.16371154785156,6810400
2026-01-27,153.89187731886548,155.16607170040064,153.2399569041682,153.54615783691406,12697500
2026-01-28,152.41024813791785,153.2498289091268,151.59041156938883,152.4201202392578,11426600
2026-01-29,152.36085313312068,152.77570745619917,151.6200386122141,151.93612670898438,12167300
2026-01-30,152.23243174834303,153.03250897363225,151.4125952501589,152.8448486328125,11863900
2026-02-02,152.68681229739263,154.0992914065098,152.5090089761854,153.78321838378906,11005300
2026-02-03,152.88435684087673,155.19569446815333,151.96575409359102,152.2126922607422,21141900
2026-02-04,152.9139895999027,154.8598635804276,152.34109123829492,154.11904907226562,22951600
2026-02-05,153.55602035469545,155.04752130164925,152.78555948799985,152.943603515625,21421600
2026-02-06,154.12891275569035,155.86736701925693,154.00051516351976,155.77847290039062,13616200
2026-02-09,155.6401931385275,156.2130764153521,154.11904560901422,154.40550231933594,11823000
2026-02-10,154.74134045337755,155.23521679972032,153.33873343839326,153.42762756347656,11103400
2026-02-11,153.27944693149925,154.46476215308905,152.48925687965155,154.3363494873047,11738400
2026-02-12,154.29685119622482,155.4920234865306,153.5757808954252,154.08941650390625,19409100
2026-02-13,154.6030431608704,156.85511791208728,154.6030431608704,155.73895263671875,16647900
2026-02-17,156.09456263061537,156.96378985555046,155.2055912028667,155.44264221191406,14881100
2026-02-18,155.27470770299425,155.86736529938133,154.56352461609328,155.73895263671875,11886300
2026-02-19,155.27472162442973,155.7883572492222,154.27709682204002,155.333984375,11226900
2026-02-20,155.0771717939906,155.3241099656371,153.96100643513734,154.89938354492188,13368500
2026-02-23,155.20559247265058,156.73659715830883,155.20559247265058,156.5983123779297,17053500
2026-02-24,156.07480822105842,156.55881249946842,155.38338430326633,155.9365234375,12887100
2026-02-25,155.9365219109996,157.27986625466437,155.68958372335467,155.8970184326172,11011500
2026-02-26,156.1340679160712,156.2328341374803,154.1783068261142,155.4920196533203,15344400
2026-02-27,154.82034531780104,158.27747935902664,154.7907139460575,158.2379608154297,14250100
2026-03-02,157.2403450417307,157.8823782284306,156.05504488910287,156.5884246826172,18641400
2026-03-03,154.74135150546823,155.4624068024938,153.10167830124144,154.82037353515625,21432600
2026-03-04,154.8203707157529,155.65007940450096,153.76346804382243,155.12657165527344,12745700
2026-03-05,153.23008393553297,153.79309514728635,150.84959626837326,152.0250244140625,20476400
2026-03-06,150.908871275635,151.11630599486017,149.10128184663031,150.82984924316406,18174000
2026-03-09,149.92110503967788,152.6571842650825,149.27907180727757,152.3707275390625,18675700
2026-03-10,152.51890057863218,152.6472981828837,151.13603773232603,151.27432250976562,17247500
2026-03-11,150.96810965376486,151.28419773260686,150.0791383078627,150.97799682617188,12503800
2026-03-12,150.08902412199566,150.62241903580056,148.19254069138935,148.32095336914062,15670500
2026-03-13,149.19015038037952,150.43472833833948,147.83693410231476,147.95545959472656,15129300
2026-03-16,148.90371219746274,149.87170557569306,148.5382485394584,149.1605224609375,10896600
2026-03-17,149.36797849132608,149.99026757362827,147.70854596249075,147.8073272705078,11938600
2026-03-18,146.89857210410796,147.22453228011506,145.20950847787287,145.33792114257812,15565400
2026-03-19,145.33793032781605,146.27629236973524,144.50822168476603,144.81442260742188,16913000
2026-03-20,144.68600412458446,145.2193989964904,142.8883021368313,143.5500946044922,16582200
2026-03-23,145.36016285454426,145.56845031795035,143.416217154151,143.58482360839844,21815400
2026-03-24,142.7715252138956,144.11047925719643,142.2061994878348,143.60464477539062,24230900
2026-03-25,144.49728529070586,145.48909861261737,144.1600723933848,145.04278564453125,17743300
2026-03-26,144.55678768475263,145.70729473859194,144.4377749322416,144.546875,13321000
2026-03-27,144.5270254133483,144.6063722879921,141.89872640144847,142.087158203125,12932200
2026-03-30,143.11865952133945,143.4459597202396,142.25577167555915,142.64259338378906,14799700
2026-03-31,143.62447734817016,145.54859751527675,143.41620503623275,145.4097442626953,17866000
2026-04-01,146.0147495326094,147.54213529603894,145.74695571458722,146.52056884765625,16899200
2026-04-02,145.727121273971,147.1454221661769,145.0725359960536,145.6081085205078,11087900
2026-04-06,145.0824432373047,145.93540325081705,144.5666961018655,145.0824432373047,7272600
2026-04-07,145.70729956912905,145.70729956912905,143.69391972509695,145.37008666992188,10263400
2026-04-08,146.98673531450464,148.47445533820178,146.29246899688675,148.4447021484375,8130700
2026-04-09,147.61157625679093,148.99019614779175,147.08591641493325,148.10748291015625,6406400
2026-04-10,148.55379929991238,148.61330567827036,145.90565952588895,146.10401916503906,6217800
2026-04-13,145.6775483067208,146.8379680991309,145.04278837410664,146.7586212158203,6182800
2026-04-14,146.173446036524,148.37527272864207,146.03459278269088,147.611572265625,7722300
2026-04-15,147.64131446171228,147.988455137386,145.68744123503464,146.56024169921875,6669200
2026-04-16,145.98499777592394,146.9867237314136,145.09235675172664,145.4097442626953,9072300
2026-04-17,146.16351678100864,147.899190003793,146.15360409650003,147.58181762695312,8338100
2026-04-20,147.23467066212393,147.52230497319542,145.94531043901762,146.21310424804688,6325700
2026-04-21,147.07599563869908,147.34378948182288,144.6857369567655,144.72540283203125,8735300
2026-04-22,145.31055079500547,146.3717982147483,144.8146441802925,145.18162536621094,8316900
2026-04-23,145.00310463668742,145.5684454944347,143.9716254408024,145.04278564453125,7612000
2026-04-24,144.05096859553817,144.3385877925479,142.5037271409375,142.9996337890625,7969700
2026-04-27,142.5037379971521,144.02122637918006,142.24587196867552,142.28555297851562,6571900
2026-04-28,143.38644912120438,143.67406830541262,142.10700155102103,142.66241455078125,8612400
2026-04-29,141.09535498889784,142.07725560672915,140.80773579002783,141.6706085205078,11885500
2026-04-30,142.50372886771527,145.09236220765004,142.48390349793635,144.79483032226562,12587800
2026-05-01,145.09237273979784,145.4097602857402,143.96170609165264,143.9716339111328,8865800
2026-05-04,143.37652905214046,144.0212167811745,143.13850354444665,143.54513549804688,10885900
2026-05-05,144.0906331295883,144.46752702149954,143.23767309738426,144.1104736328125,7174900
2026-05-06,144.16997463183034,144.9535004404631,143.71373387790743,144.2096405029297,10613500
2026-05-07,143.99144291324524,144.6460433019323,143.08890434154938,143.53521728515625,7608000
2026-05-08,143.4062778811935,143.8823591498487,142.0078175305242,142.31529235839844,10165400
2026-05-11,142.57316690506747,143.83277407799076,141.5020066872119,141.8689727783203,9255700
2026-05-12,142.63266774205752,145.43950118709512,142.01774834109256,144.65597534179688,11897200
2026-05-13,144.1303066000614,145.77670506871348,143.9418596639589,145.50892639160156,15841800
2026-05-14,145.64778081268292,146.19326598932975,144.745227129272,145.42958068847656,7763800
2026-05-15,145.55852331015336,145.95525773459784,143.70383716922186,143.91212463378906,9039900
2026-05-18,143.3170099789464,144.5964423710673,142.9401161133264,144.5270233154297,7949200
2026-05-19,144.42784272132803,146.8577973262412,143.66415740411415,146.1139373779297,12388200
2026-05-20,146.33213857348497,146.80821988949765,145.09237185571024,145.92550659179688,10527900
2026-05-21,145.69736716872322,147.08591486382514,144.6460474960947,146.9371337890625,7157000
2026-05-22,147.86943394574197,149.0893751407446,147.78017438528886,148.6628875732422,6915200
2026-05-26,148.72240304320556,149.06954375580327,147.22477039092752,147.294189453125,6590400
2026-05-27,147.4727271609128,148.9703598481464,147.06608006154875,147.5718994140625,10062500
2026-05-28,147.92895788401194,150.11095940218905,147.88929200816824,149.64480590820312,10397400
2026-05-29,149.61504511265852,149.80347693067642,147.87937180570827,148.246337890625,13195800
2026-06-01,147.30411007799563,147.66116345807828,146.05441568077165,146.62966918945312,12582900
2026-06-02,145.54860250227475,146.0643496583354,144.12038892171907,145.2014617919922,12024300
2026-06-03,144.96343638492496,146.83796292723562,144.87417681954588,146.34205627441406,9836000
2026-06-04,149.1488814385871,151.2911865577191,149.05960674431014,150.8349609375,14051800
2026-06-05,152.1243359656536,153.4335217137362,151.66809516725058,151.75735473632812,20723000
2026-06-08,151.98546512210552,153.20539116000015,151.16225832346916,151.40028381347656,10639500
2026-06-09,152.22350789985225,153.7112279168317,151.92596086968223,153.30459594726562,13125500
2026-06-10,153.69140539016263,153.860011845809,151.5689253986867,151.5986785888672,11712200
2026-06-11,152.20367438705324,153.88975395599059,151.6085803585484,152.82850646972656,10548800
2026-06-12,153.7013035331487,153.88975047570906,152.11439624893754,152.55079650878906,9111000
2026-06-15,152.45163035913873,152.6202368055754,150.52751011858962,151.63833618164062,9525300
2026-06-16,152.3425276507103,152.46154040286976,150.4779138195734,151.68792724609375,8630000
2026-06-17,150.805207148378,151.3209542740115,148.742233779713,149.47618103027344,10991400
2026-06-18,150.0315962307246,150.0315962307246,147.57188844702966,148.17689514160156,10879300
2026-06-22,148.76067194788075,150.04574705469338,148.4916970834357,149.48788452148438,11706100
2026-06-23,150.91243593734023,151.84883933251362,150.42429863511137,151.59979248046875,9479900
2026-06-24,152.5461878884635,154.08030986118314,151.87874412626238,152.76535034179688,10070100
2026-06-25,153.36304885681835,156.6106295445097,153.0044207808958,155.03665161132812,9419200
2026-06-26,155.72403595929435,160.02755801802581,155.58455511790157,159.72869873046875,16563800
2026-06-29,160.087325995043,160.47583850664324,159.27046016066421,160.12718200683594,12935000
2026-06-30,160.39613080070694,160.63522125339804,157.3577713343894,158.0550994873047,11559400
2026-07-01,159.00147259249835,159.35014426509113,157.89570396302923,158.93173217773438,10123700
2026-07-02,160.05743515887224,163.225319142147,159.76854748774085,163.11573791503906,14719400
2026-07-06,162.5777920310322,162.82683889848187,159.6390420352488,161.342529296875,16123400
2026-07-07,164.12188024857238,164.97860205243168,163.25520204256395,163.8130645751953,12143500
2026-07-08,162.79695373449243,163.36478788593593,161.64137262674433,161.6812286376953,9287900
2026-07-09,161.1831275550232,162.7969463108153,160.74480265823675,161.5517120361328,9576400
2026-07-10,161.8605382486259,162.03985990018128,159.62908801141893,160.22679138183594,9497100
2026-07-13,160.35629179798931,161.62145409006268,159.70877604883646,160.79461669921875,6873000
2026-07-14,159.17083298349772,159.46969226507676,157.1784580404567,157.68650817871094,11523000
2026-07-15,156.7799891320943,158.74247966703885,156.6504798966,157.68650817871094,10885300
2026-07-16,159.7386671922607,162.01992981453918,159.3302266806525,161.18313598632812,11819000
2026-07-17,161.1930862465791,163.37473915890908,160.2666392293507,160.475830078125,9166500
2026-07-20,160.3861808357658,160.8743181627045,158.57311236480575,158.64285278320312,6635300
2026-07-21,156.92940701906934,159.75857571515948,156.63054774540032,159.6390380859375,6594900
2026-07-22,160.35629600805757,160.35629600805757,158.3439930907695,158.82215881347656,5599500
2026-07-23,159.29037144056392,160.9938587139537,158.71259608063153,160.8245086669922,6448200
2026-07-24,161.85057049077938,162.6275954582367,160.96396429967479,161.9501953125,7647900
2026-07-27,162.3885108177975,163.94257600894042,161.73103865299902,162.7770233154297,8056000
2026-07-28,165.3571672826257,167.8874768242391,165.11807681230513,166.622314453125,12774800
2026-07-29,166.51272016612836,167.51887918263856,165.1379918712564,165.606201171875,11656900
2026-07-30,162.6276010603141,163.32492923453873,161.24290111413447,162.89657592773438,12475200
2026-07-31,161.69117688218472,162.60766747982964,160.11719894255094,161.93026733398438,9604900
2026-08-03,163.0061599306947,164.1019570229591,160.73485372419532,161.6214599609375,10986300
2026-08-04,161.3823698018692,161.87050713336765,160.3562979259682,161.48199462890625,15129600
2026-08-05,163.01611218580425,164.7195993976472,161.9999967401328,163.5341339111328,15216000
2026-08-06,165.50658784308072,166.3832376924524,162.40844416244906,163.82302856445312,9435100
2026-08-07,163.2950401965408,165.13799300530104,162.29885277572205,165.04832458496094,7971800
2026-08-10,165.0483338802225,167.8575898614389,164.91883984464047,167.79782104492188,6995900
2026-08-11,167.63842066491523,169.01316419202905,167.00086131332597,167.36944580078125,6680900
2026-08-12,165.78551808536636,168.2361459668661,165.12803070245002,167.79782104492188,7138300
2026-08-13,168.84382107649392,169.06298353764865,167.20010261783355,167.73805236816406,6730100
2026-08-14,167.02079068879738,167.13037191577976,165.8153971919909,166.7318878173828,5023800
2026-08-17,165.81539790521873,167.22998225923087,165.22765095824596,166.41311645507812,7225500
2026-08-18,168.02692951407084,169.65071986520132,167.80776706665642,169.0828857421875,7529600
2026-08-19,171.81245485079918,175.92671398247143,171.63313320116592,175.0102081298828,16538900
2026-08-20,173.5258980568116,174.52208552810566,171.68294515467176,171.73275756835938,9673400
2026-08-21,171.25459457242718,174.93052883228768,171.13504173754535,173.95425415039062,10166900
2026-08-24,173.7450631229255,174.2531132686856,172.66917881371464,174.03395080566406,5930800
2026-08-25,173.7848950452817,175.14968216803913,173.37645454866765,174.62168884277344,5434000
2026-08-26,173.66535350207008,174.17340361039055,172.78870371458666,172.87835693359375,5617400
2026-08-27,171.29442677269427,172.45000784790102,170.77640504921985,170.92584228515625,7110400
2026-08-28,170.77640595406797,171.05535242250446,169.93961215060065,170.5074462890625,4911700
2026-08-31,169.60091335317674,170.32812593546478,168.5549134906114,169.88980102539062,7312600
2026-09-01,171.96187799590857,172.8684122511856,170.37794355028035,171.0155029296875,7821200
2026-09-02,171.4338970692318,173.81478450068968,171.4338970692318,172.29061889648438,7805000
2026-09-03,173.40635084521986,173.49600406453627,170.72660426337382,172.59942626953125,5933900
2026-09-04,170.7365721254934,171.87222524823613,170.58715008326988,170.7963409423828,6083000
2026-09-08,167.64837899799454,168.10663191251518,166.30353506306292,166.49281311035156,11066600
2026-09-09,166.67211306552036,166.77173788672425,165.75562247277605,165.9449005126953,8018100
2026-09-10,165.86520565100204,166.44299617944554,164.94871504745453,165.02841186523438,7932400
2026-09-11,166.1939499536032,166.49280922125615,164.48050636638112,164.72955322265625,6501800
2026-09-14,167.36944637749892,168.12655856054215,166.39318694214816,167.11044311523438,9414400
2026-09-15,167.15029176639266,167.5587322842369,165.54642930419314,167.0207977294922,7428600
2026-09-16,167.11044308877464,168.15644294107756,166.7717430072637,167.13037109375,7160500
2026-09-17,167.79781261098788,168.45529996085727,167.1203972564096,168.16639709472656,5832200
2026-09-18,167.62846347096632,168.41544485412717,167.1403261569717,167.7480010986328,11436300
2026-09-21,167.32000732421875,169.52999877929688,166.85000610351562,169.00999450683594,7617100
2026-09-23,169.92999267578125,171.02000427246094,168.19000244140625,168.8000030517578,7429100
2026-09-24,168.85000610351562,171.5399932861328,168.72000122070312,169.8699951171875,8870900
